# gpu         pid   type     sm    mem    enc    dec    jpg    ofa     fb   ccpm    command 
# Idx           #    C/G      %      %      %      %      %      %     MB     MB    name 
    0       5875     C      -      -      -      -      -      -   1192      0    python         
    0    1219611     C      -      -      -      -      -      -   1684      0    python         
    0    1953199     C      -      -      -      -      -      -   6446      0    python         
    0    1970308     C      -      -      -      -      -      -   1718      0    python         
    0       5875     C      -      -      -      -      -      -   1192      0    python         
    0    1219611     C      -      -      -      -      -      -   1684      0    python         
    0    1953199     C      -      -      -      -      -      -   6446      0    python         
    0    1970308     C      -      -      -      -      -      -   1718      0    python         
    0       5875     C      -      -      -      -      -      -   1192      0    python         
    0    1219611     C      -      -      -      -      -      -   1684      0    python         
    0    1953199     C      -      -      -      -      -      -   6446      0    python         
    0    1970308     C      -      -      -      -      -      -   1718      0    python         
    0    2556366     C      -      -      -      -      -      -    802      0    VLLM::EngineCor
    0       5875     C      -      -      -      -      -      -   1192      0    python         
    0    1219611     C      -      -      -      -      -      -   1684      0    python         
    0    1953199     C      -      -      -      -      -      -   6446      0    python         
    0    1970308     C      -      -      -      -      -      -   1718      0    python         
    0    2556366     C     11      0      -      -      -      -  16466      0    VLLM::EngineCor
    0       5875     C      -      -      -      -      -      -   1192      0    python         
    0    1219611     C      -      -      -      -      -      -   1684      0    python         
    0    1953199     C      -      -      -      -      -      -   6446      0    python         
    0    1970308     C      -      -      -      -      -      -   1718      0    python         
    0    2556366     C     21      0      -      -      -      -  16466      0    VLLM::EngineCor
    0       5875     C      -      -      -      -      -      -   1192      0    python         
    0    1219611     C      -      -      -      -      -      -   1684      0    python         
    0    1953199     C      -      -      -      -      -      -   6446      0    python         
    0    1970308     C      -      -      -      -      -      -   1718      0    python         
    0    2556366     C     17      2      -      -      -      -  16944      0    VLLM::EngineCor
    0       5875     C      -      -      -      -      -      -   1192      0    python         
    0    1219611     C      -      -      -      -      -      -   1684      0    python         
    0    1953199     C      -      -      -      -      -      -   6446      0    python         
    0    1970308     C      -      -      -      -      -      -   1718      0    python         
    0    2556366     C     29     13      -      -      -      -  41580      0    VLLM::EngineCor
    0       5875     C      -      -      -      -      -      -   1192      0    python         
    0    1219611     C      -      -      -      -      -      -   1684      0    python         
    0    1953199     C      -      -      -      -      -      -   6446      0    python         
    0    1970308     C      -      -      -      -      -      -   1718      0    python         
    0    2556366     C     56     49      -      -      -      -  41580      0    VLLM::EngineCor
    0       5875     C      -      -      -      -      -      -   1192      0    python         
    0    1219611     C      -      -      -      -      -      -   1684      0    python         
    0    1953199     C      -      -      -      -      -      -   6446      0    python         
    0    1970308     C      -      -      -      -      -      -   1718      0    python         
    0    2556366     C     91     80      -      -      -      -  41580      0    VLLM::EngineCor
    0       5875     C      -      -      -      -      -      -   1192      0    python         
# gpu         pid   type     sm    mem    enc    dec    jpg    ofa     fb   ccpm    command 
# Idx           #    C/G      %      %      %      %      %      %     MB     MB    name 
    0    1219611     C      -      -      -      -      -      -   1684      0    python         
    0    1953199     C      -      -      -      -      -      -   6446      0    python         
    0    1970308     C      -      -      -      -      -      -   1718      0    python         
    0    2556366     C     75     65      -      -      -      -  41580      0    VLLM::EngineCor
    0       5875     C      -      -      -      -      -      -   1192      0    python         
    0    1219611     C      -      -      -      -      -      -   1684      0    python         
    0    1953199     C      -      -      -      -      -      -   6446      0    python         
    0    1970308     C      -      -      -      -      -      -   1718      0    python         
    0    2556366     C     92     82      -      -      -      -  41580      0    VLLM::EngineCor
    0       5875     C      -      -      -      -      -      -   1192      0    python         
    0    1219611     C      -      -      -      -      -      -   1684      0    python         
    0    1953199     C      -      -      -      -      -      -   6446      0    python         
    0    1970308     C      -      -      -      -      -      -   1718      0    python         
    0    2556366     C     81     73      -      -      -      -  41580      0    VLLM::EngineCor
    0       5875     C      -      -      -      -      -      -   1192      0    python         
    0    1219611     C      -      -      -      -      -      -   1684      0    python         
    0    1953199     C      -      -      -      -      -      -   6446      0    python         
    0    1970308     C      -      -      -      -      -      -   1718      0    python         
    0    2556366     C     79     70      -      -      -      -  41580      0    VLLM::EngineCor
    0       5875     C      -      -      -      -      -      -   1192      0    python         
    0    1219611     C      -      -      -      -      -      -   1684      0    python         
    0    1953199     C      -      -      -      -      -      -   6446      0    python         
    0    1970308     C      -      -      -      -      -      -   1718      0    python         
    0    2556366     C     89     78      -      -      -      -  41580      0    VLLM::EngineCor
    0       5875     C      -      -      -      -      -      -   1192      0    python         
    0    1219611     C      -      -      -      -      -      -   1684      0    python         
    0    1953199     C      -      -      -      -      -      -   6446      0    python         
    0    1970308     C      -      -      -      -      -      -   1718      0    python         
    0    2556366     C     82     72      -      -      -      -  41580      0    VLLM::EngineCor
    0       5875     C      -      -      -      -      -      -   1192      0    python         
    0    1219611     C      -      -      -      -      -      -   1684      0    python         
    0    1953199     C      -      -      -      -      -      -   6446      0    python         
    0    1970308     C      -      -      -      -      -      -   1718      0    python         
    0    2556366     C     80     71      -      -      -      -  41580      0    VLLM::EngineCor
    0       5875     C      -      -      -      -      -      -   1192      0    python         
    0    1219611     C      -      -      -      -      -      -   1684      0    python         
    0    1953199     C      -      -      -      -      -      -   6446      0    python         
    0    1970308     C      -      -      -      -      -      -   1718      0    python         
    0    2556366     C     68     60      -      -      -      -  41580      0    VLLM::EngineCor
    0       5875     C      -      -      -      -      -      -   1192      0    python         
    0    1219611     C      -      -      -      -      -      -   1684      0    python         
    0    1953199     C      -      -      -      -      -      -   6446      0    python         
    0    1970308     C      -      -      -      -      -      -   1718      0    python         
    0    2556366     C     61     54      -      -      -      -  41580      0    VLLM::EngineCor
# gpu         pid   type     sm    mem    enc    dec    jpg    ofa     fb   ccpm    command 
# Idx           #    C/G      %      %      %      %      %      %     MB     MB    name 
    0       5875     C      -      -      -      -      -      -   1192      0    python         
    0    1219611     C      -      -      -      -      -      -   1684      0    python         
    0    1953199     C      -      -      -      -      -      -   6446      0    python         
    0    1970308     C      -      -      -      -      -      -   1718      0    python         
    0    2556366     C     42     37      -      -      -      -  41580      0    VLLM::EngineCor
    0       5875     C      -      -      -      -      -      -   1192      0    python         
    0    1219611     C      -      -      -      -      -      -   1684      0    python         
    0    1953199     C      -      -      -      -      -      -   6446      0    python         
    0    1970308     C      -      -      -      -      -      -   1718      0    python         
    0    2556366     C     37     33      -      -      -      -  41580      0    VLLM::EngineCor
    0       5875     C      -      -      -      -      -      -   1192      0    python         
    0    1219611     C      -      -      -      -      -      -   1684      0    python         
    0    1953199     C      -      -      -      -      -      -   6446      0    python         
    0    1970308     C      -      -      -      -      -      -   1718      0    python         
    0    2556366     C     60     53      -      -      -      -  41580      0    VLLM::EngineCor
    0       5875     C      -      -      -      -      -      -   1192      0    python         
    0    1219611     C      -      -      -      -      -      -   1684      0    python         
    0    1953199     C      -      -      -      -      -      -   6446      0    python         
    0    1970308     C      -      -      -      -      -      -   1718      0    python         
    0    2556366     C     57     51      -      -      -      -  41580      0    VLLM::EngineCor
    0       5875     C      -      -      -      -      -      -   1192      0    python         
    0    1219611     C      -      -      -      -      -      -   1684      0    python         
    0    1953199     C      -      -      -      -      -      -   6446      0    python         
    0    1970308     C      -      -      -      -      -      -   1718      0    python         
    0    2556366     C     55     49      -      -      -      -  41580      0    VLLM::EngineCor
    0       5875     C      -      -      -      -      -      -   1192      0    python         
    0    1219611     C      -      -      -      -      -      -   1684      0    python         
    0    1953199     C      -      -      -      -      -      -   6446      0    python         
    0    1970308     C      -      -      -      -      -      -   1718      0    python         
    0    2556366     C     83     74      -      -      -      -  41580      0    VLLM::EngineCor
    0       5875     C      -      -      -      -      -      -   1192      0    python         
    0    1219611     C      -      -      -      -      -      -   1684      0    python         
    0    1953199     C      -      -      -      -      -      -   6446      0    python         
    0    1970308     C      -      -      -      -      -      -   1718      0    python         
    0    2556366     C     90     81      -      -      -      -  41580      0    VLLM::EngineCor
    0       5875     C      -      -      -      -      -      -   1192      0    python         
    0    1219611     C      -      -      -      -      -      -   1684      0    python         
    0    1953199     C      -      -      -      -      -      -   6446      0    python         
    0    1970308     C      -      -      -      -      -      -   1718      0    python         
    0    2556366     C     78     70      -      -      -      -  41580      0    VLLM::EngineCor
    0       5875     C      -      -      -      -      -      -   1192      0    python         
    0    1219611     C      -      -      -      -      -      -   1684      0    python         
    0    1953199     C      -      -      -      -      -      -   6446      0    python         
    0    1970308     C      -      -      -      -      -      -   1718      0    python         
# gpu         pid   type     sm    mem    enc    dec    jpg    ofa     fb   ccpm    command 
# Idx           #    C/G      %      %      %      %      %      %     MB     MB    name 
    0    2556366     C     81     71      -      -      -      -  41580      0    VLLM::EngineCor
    0       5875     C      -      -      -      -      -      -   1192      0    python         
    0    1219611     C      -      -      -      -      -      -   1684      0    python         
    0    1953199     C      -      -      -      -      -      -   6446      0    python         
    0    1970308     C      -      -      -      -      -      -   1718      0    python         
    0    2556366     C     80     70      -      -      -      -  41580      0    VLLM::EngineCor
    0       5875     C      -      -      -      -      -      -   1192      0    python         
    0    1219611     C      -      -      -      -      -      -   1684      0    python         
    0    1953199     C      -      -      -      -      -      -   6446      0    python         
    0    1970308     C      -      -      -      -      -      -   1718      0    python         
    0    2556366     C     69     61      -      -      -      -  41580      0    VLLM::EngineCor
    0       5875     C      -      -      -      -      -      -   1192      0    python         
    0    1219611     C      -      -      -      -      -      -   1684      0    python         
    0    1953199     C      -      -      -      -      -      -   6446      0    python         
    0    1970308     C      -      -      -      -      -      -   1718      0    python         
    0    2556366     C     52     46      -      -      -      -  41580      0    VLLM::EngineCor
    0       5875     C      -      -      -      -      -      -   1192      0    python         
    0    1219611     C      -      -      -      -      -      -   1684      0    python         
    0    1953199     C      -      -      -      -      -      -   6446      0    python         
    0    1970308     C      -      -      -      -      -      -   1718      0    python         
    0    2556366     C     42     38      -      -      -      -  41580      0    VLLM::EngineCor
    0       5875     C      -      -      -      -      -      -   1192      0    python         
    0    1219611     C      -      -      -      -      -      -   1684      0    python         
    0    1953199     C      -      -      -      -      -      -   6446      0    python         
    0    1970308     C      -      -      -      -      -      -   1718      0    python         
    0    2556366     C     35     31      -      -      -      -  41580      0    VLLM::EngineCor
    0       5875     C      -      -      -      -      -      -   1192      0    python         
    0    1219611     C      -      -      -      -      -      -   1684      0    python         
    0    1953199     C      -      -      -      -      -      -   6446      0    python         
    0    1970308     C      -      -      -      -      -      -   1718      0    python         
    0    2556366     C     72     64      -      -      -      -  41580      0    VLLM::EngineCor
    0       5875     C      -      -      -      -      -      -   1192      0    python         
    0    1219611     C      -      -      -      -      -      -   1684      0    python         
    0    1953199     C      -      -      -      -      -      -   6446      0    python         
    0    1970308     C      -      -      -      -      -      -   1718      0    python         
    0    2556366     C     58     51      -      -      -      -  41580      0    VLLM::EngineCor
    0       5875     C      -      -      -      -      -      -   1192      0    python         
    0    1219611     C      -      -      -      -      -      -   1684      0    python         
    0    1953199     C      -      -      -      -      -      -   6446      0    python         
    0    1970308     C      -      -      -      -      -      -   1718      0    python         
    0    2556366     C     18     16      -      -      -      -  41580      0    VLLM::EngineCor
    0       5875     C      -      -      -      -      -      -   1192      0    python         
    0    1219611     C      -      -      -      -      -      -   1684      0    python         
    0    1953199     C      -      -      -      -      -      -   6446      0    python         
# gpu         pid   type     sm    mem    enc    dec    jpg    ofa     fb   ccpm    command 
# Idx           #    C/G      %      %      %      %      %      %     MB     MB    name 
    0    1970308     C      -      -      -      -      -      -   1718      0    python         
    0    2556366     C     16     14      -      -      -      -  41580      0    VLLM::EngineCor
    0       5875     C      -      -      -      -      -      -   1192      0    python         
    0    1219611     C      -      -      -      -      -      -   1684      0    python         
    0    1953199     C      -      -      -      -      -      -   6446      0    python         
    0    1970308     C      -      -      -      -      -      -   1718      0    python         
    0    2556366     C     88     77      -      -      -      -  41580      0    VLLM::EngineCor
    0       5875     C      -      -      -      -      -      -   1192      0    python         
    0    1219611     C      -      -      -      -      -      -   1684      0    python         
    0    1953199     C      -      -      -      -      -      -   6446      0    python         
    0    1970308     C      -      -      -      -      -      -   1718      0    python         
    0    2556366     C     75     67      -      -      -      -  41580      0    VLLM::EngineCor
    0       5875     C      -      -      -      -      -      -   1192      0    python         
    0    1219611     C      -      -      -      -      -      -   1684      0    python         
    0    1953199     C      -      -      -      -      -      -   6446      0    python         
    0    1970308     C      -      -      -      -      -      -   1718      0    python         
    0    2556366     C     84     74      -      -      -      -  41580      0    VLLM::EngineCor
    0       5875     C      -      -      -      -      -      -   1192      0    python         
    0    1219611     C      -      -      -      -      -      -   1684      0    python         
    0    1953199     C      -      -      -      -      -      -   6446      0    python         
    0    1970308     C      -      -      -      -      -      -   1718      0    python         
    0    2556366     C     57     50      -      -      -      -  41580      0    VLLM::EngineCor
    0       5875     C      -      -      -      -      -      -   1192      0    python         
    0    1219611     C      -      -      -      -      -      -   1684      0    python         
    0    1953199     C      -      -      -      -      -      -   6446      0    python         
    0    1970308     C      -      -      -      -      -      -   1718      0    python         
    0    2556366     C     69     61      -      -      -      -  41580      0    VLLM::EngineCor
    0       5875     C      -      -      -      -      -      -   1192      0    python         
    0    1219611     C      -      -      -      -      -      -   1684      0    python         
    0    1953199     C      -      -      -      -      -      -   6446      0    python         
    0    1970308     C      -      -      -      -      -      -   1718      0    python         
    0    2556366     C     92     81      -      -      -      -  41580      0    VLLM::EngineCor
    0       5875     C      -      -      -      -      -      -   1192      0    python         
    0    1219611     C      -      -      -      -      -      -   1684      0    python         
    0    1953199     C      -      -      -      -      -      -   6446      0    python         
    0    1970308     C      -      -      -      -      -      -   1718      0    python         
    0    2556366     C     73     64      -      -      -      -  41580      0    VLLM::EngineCor
    0       5875     C      -      -      -      -      -      -   1192      0    python         
    0    1219611     C      -      -      -      -      -      -   1684      0    python         
    0    1953199     C      -      -      -      -      -      -   6446      0    python         
    0    1970308     C      -      -      -      -      -      -   1718      0    python         
    0    2556366     C     91     80      -      -      -      -  41580      0    VLLM::EngineCor
    0       5875     C      -      -      -      -      -      -   1192      0    python         
    0    1219611     C      -      -      -      -      -      -   1684      0    python         
# gpu         pid   type     sm    mem    enc    dec    jpg    ofa     fb   ccpm    command 
# Idx           #    C/G      %      %      %      %      %      %     MB     MB    name 
    0    1953199     C      -      -      -      -      -      -   6446      0    python         
    0    1970308     C      -      -      -      -      -      -   1718      0    python         
    0    2556366     C     62     55      -      -      -      -  41580      0    VLLM::EngineCor
    0       5875     C      -      -      -      -      -      -   1192      0    python         
    0    1219611     C      -      -      -      -      -      -   1684      0    python         
    0    1953199     C      -      -      -      -      -      -   6446      0    python         
    0    1970308     C      -      -      -      -      -      -   1718      0    python         
    0    2556366     C     34     30      -      -      -      -  41580      0    VLLM::EngineCor
    0       5875     C      -      -      -      -      -      -   1192      0    python         
    0    1219611     C      -      -      -      -      -      -   1684      0    python         
    0    1953199     C      -      -      -      -      -      -   6446      0    python         
    0    1970308     C      -      -      -      -      -      -   1718      0    python         
    0    2556366     C     53     48      -      -      -      -  41580      0    VLLM::EngineCor
    0       5875     C      -      -      -      -      -      -   1192      0    python         
    0    1219611     C      -      -      -      -      -      -   1684      0    python         
    0    1953199     C      -      -      -      -      -      -   6446      0    python         
    0    1970308     C      -      -      -      -      -      -   1718      0    python         
    0    2556366     C     38     34      -      -      -      -  41580      0    VLLM::EngineCor
    0       5875     C      -      -      -      -      -      -   1192      0    python         
    0    1219611     C      -      -      -      -      -      -   1684      0    python         
    0    1953199     C      -      -      -      -      -      -   6446      0    python         
    0    1970308     C      -      -      -      -      -      -   1718      0    python         
    0    2556366     C     79     70      -      -      -      -  41580      0    VLLM::EngineCor
    0       5875     C      -      -      -      -      -      -   1192      0    python         
    0    1219611     C      -      -      -      -      -      -   1684      0    python         
    0    1953199     C      -      -      -      -      -      -   6446      0    python         
    0    1970308     C      -      -      -      -      -      -   1718      0    python         
    0    2556366     C     39     34      -      -      -      -  41580      0    VLLM::EngineCor
    0       5875     C      -      -      -      -      -      -   1192      0    python         
    0    1219611     C      -      -      -      -      -      -   1684      0    python         
    0    1953199     C      -      -      -      -      -      -   6446      0    python         
    0    1970308     C      -      -      -      -      -      -   1718      0    python         
    0    2556366     C     40     35      -      -      -      -  41580      0    VLLM::EngineCor
    0       5875     C      -      -      -      -      -      -   1192      0    python         
    0    1219611     C      -      -      -      -      -      -   1684      0    python         
    0    1953199     C      -      -      -      -      -      -   6446      0    python         
    0    1970308     C      -      -      -      -      -      -   1718      0    python         
    0    2556366     C     62     54      -      -      -      -  41580      0    VLLM::EngineCor
    0       5875     C      -      -      -      -      -      -   1192      0    python         
    0    1219611     C      -      -      -      -      -      -   1684      0    python         
    0    1953199     C      -      -      -      -      -      -   6446      0    python         
    0    1970308     C      -      -      -      -      -      -   1718      0    python         
    0    2556366     C     81     72      -      -      -      -  41580      0    VLLM::EngineCor
    0       5875     C      -      -      -      -      -      -   1192      0    python         
# gpu         pid   type     sm    mem    enc    dec    jpg    ofa     fb   ccpm    command 
# Idx           #    C/G      %      %      %      %      %      %     MB     MB    name 
    0    1219611     C      -      -      -      -      -      -   1684      0    python         
    0    1953199     C      -      -      -      -      -      -   6446      0    python         
    0    1970308     C      -      -      -      -      -      -   1718      0    python         
    0    2556366     C     62     55      -      -      -      -  41580      0    VLLM::EngineCor
    0       5875     C      -      -      -      -      -      -   1192      0    python         
    0    1219611     C      -      -      -      -      -      -   1684      0    python         
    0    1953199     C      -      -      -      -      -      -   6446      0    python         
    0    1970308     C      -      -      -      -      -      -   1718      0    python         
    0    2556366     C     20     18      -      -      -      -  41580      0    VLLM::EngineCor
    0       5875     C      -      -      -      -      -      -   1192      0    python         
    0    1219611     C      -      -      -      -      -      -   1684      0    python         
    0    1953199     C      -      -      -      -      -      -   6446      0    python         
    0    1970308     C      -      -      -      -      -      -   1718      0    python         
    0    2556366     C     52     46      -      -      -      -  41580      0    VLLM::EngineCor
    0       5875     C      -      -      -      -      -      -   1192      0    python         
    0    1219611     C      -      -      -      -      -      -   1684      0    python         
    0    1953199     C      -      -      -      -      -      -   6446      0    python         
    0    1970308     C      -      -      -      -      -      -   1718      0    python         
    0    2556366     C     83     73      -      -      -      -  41580      0    VLLM::EngineCor
    0       5875     C      -      -      -      -      -      -   1192      0    python         
    0    1219611     C      -      -      -      -      -      -   1684      0    python         
    0    1953199     C      -      -      -      -      -      -   6446      0    python         
    0    1970308     C      -      -      -      -      -      -   1718      0    python         
    0    2556366     C     44     39      -      -      -      -  41580      0    VLLM::EngineCor
    0       5875     C      -      -      -      -      -      -   1192      0    python         
    0    1219611     C      -      -      -      -      -      -   1684      0    python         
    0    1953199     C      -      -      -      -      -      -   6446      0    python         
    0    1970308     C      -      -      -      -      -      -   1718      0    python         
    0    2556366     C     55     49      -      -      -      -  41580      0    VLLM::EngineCor
    0       5875     C      -      -      -      -      -      -   1192      0    python         
    0    1219611     C      -      -      -      -      -      -   1684      0    python         
    0    1953199     C      -      -      -      -      -      -   6446      0    python         
    0    1970308     C      -      -      -      -      -      -   1718      0    python         
    0    2556366     C     88     78      -      -      -      -  41580      0    VLLM::EngineCor
    0       5875     C      -      -      -      -      -      -   1192      0    python         
    0    1219611     C      -      -      -      -      -      -   1684      0    python         
    0    1953199     C      -      -      -      -      -      -   6446      0    python         
    0    1970308     C      -      -      -      -      -      -   1718      0    python         
    0    2556366     C     61     54      -      -      -      -  41580      0    VLLM::EngineCor
    0       5875     C      -      -      -      -      -      -   1192      0    python         
    0    1219611     C      -      -      -      -      -      -   1684      0    python         
    0    1953199     C      -      -      -      -      -      -   6446      0    python         
    0    1970308     C      -      -      -      -      -      -   1718      0    python         
    0    2556366     C     53     47      -      -      -      -  41580      0    VLLM::EngineCor
# gpu         pid   type     sm    mem    enc    dec    jpg    ofa     fb   ccpm    command 
# Idx           #    C/G      %      %      %      %      %      %     MB     MB    name 
    0       5875     C      -      -      -      -      -      -   1192      0    python         
    0    1219611     C      -      -      -      -      -      -   1684      0    python         
    0    1953199     C      -      -      -      -      -      -   6446      0    python         
    0    1970308     C      -      -      -      -      -      -   1718      0    python         
    0    2556366     C     84     74      -      -      -      -  41580      0    VLLM::EngineCor
    0       5875     C      -      -      -      -      -      -   1192      0    python         
    0    1219611     C      -      -      -      -      -      -   1684      0    python         
    0    1953199     C      -      -      -      -      -      -   6446      0    python         
    0    1970308     C      -      -      -      -      -      -   1718      0    python         
    0    2556366     C     91     79      -      -      -      -  41580      0    VLLM::EngineCor
    0       5875     C      -      -      -      -      -      -   1192      0    python         
    0    1219611     C      -      -      -      -      -      -   1684      0    python         
    0    1953199     C      -      -      -      -      -      -   6446      0    python         
    0    1970308     C      -      -      -      -      -      -   1718      0    python         
    0    2556366     C     91     78      -      -      -      -  41580      0    VLLM::EngineCor
    0       5875     C      -      -      -      -      -      -   1192      0    python         
    0    1219611     C      -      -      -      -      -      -   1684      0    python         
    0    1953199     C      -      -      -      -      -      -   6446      0    python         
    0    1970308     C      -      -      -      -      -      -   1718      0    python         
    0    2556366     C     90     80      -      -      -      -  41580      0    VLLM::EngineCor
    0       5875     C      -      -      -      -      -      -   1192      0    python         
    0    1219611     C      -      -      -      -      -      -   1684      0    python         
    0    1953199     C      -      -      -      -      -      -   6446      0    python         
    0    1970308     C      -      -      -      -      -      -   1718      0    python         
    0    2556366     C     90     79      -      -      -      -  41580      0    VLLM::EngineCor
    0       5875     C      -      -      -      -      -      -   1192      0    python         
    0    1219611     C      -      -      -      -      -      -   1684      0    python         
    0    1953199     C      -      -      -      -      -      -   6446      0    python         
    0    1970308     C      -      -      -      -      -      -   1718      0    python         
    0    2556366     C     92     81      -      -      -      -  41580      0    VLLM::EngineCor
    0       5875     C      -      -      -      -      -      -   1192      0    python         
    0    1219611     C      -      -      -      -      -      -   1684      0    python         
    0    1953199     C      -      -      -      -      -      -   6446      0    python         
    0    1970308     C      -      -      -      -      -      -   1718      0    python         
    0    2556366     C     52     46      -      -      -      -  41580      0    VLLM::EngineCor
    0       5875     C      -      -      -      -      -      -   1192      0    python         
    0    1219611     C      -      -      -      -      -      -   1684      0    python         
    0    1953199     C      -      -      -      -      -      -   6446      0    python         
    0    1970308     C      -      -      -      -      -      -   1718      0    python         
    0    2556366     C     46     42      -      -      -      -  41580      0    VLLM::EngineCor
    0       5875     C      -      -      -      -      -      -   1192      0    python         
    0    1219611     C      -      -      -      -      -      -   1684      0    python         
    0    1953199     C      -      -      -      -      -      -   6446      0    python         
    0    1970308     C      -      -      -      -      -      -   1718      0    python         
# gpu         pid   type     sm    mem    enc    dec    jpg    ofa     fb   ccpm    command 
# Idx           #    C/G      %      %      %      %      %      %     MB     MB    name 
    0    2556366     C     74     64      -      -      -      -  41580      0    VLLM::EngineCor
    0       5875     C      -      -      -      -      -      -   1192      0    python         
    0    1219611     C      -      -      -      -      -      -   1684      0    python         
    0    1953199     C      -      -      -      -      -      -   6446      0    python         
    0    1970308     C      -      -      -      -      -      -   1718      0    python         
    0    2556366     C     91     80      -      -      -      -  41580      0    VLLM::EngineCor
    0       5875     C      -      -      -      -      -      -   1192      0    python         
    0    1219611     C      -      -      -      -      -      -   1684      0    python         
    0    1953199     C      -      -      -      -      -      -   6446      0    python         
    0    1970308     C      -      -      -      -      -      -   1718      0    python         
    0    2556366     C     92     80      -      -      -      -  41580      0    VLLM::EngineCor
    0       5875     C      -      -      -      -      -      -   1192      0    python         
    0    1219611     C      -      -      -      -      -      -   1684      0    python         
    0    1953199     C      -      -      -      -      -      -   6446      0    python         
    0    1970308     C      -      -      -      -      -      -   1718      0    python         
    0    2556366     C     32     28      -      -      -      -  41580      0    VLLM::EngineCor
    0       5875     C      -      -      -      -      -      -   1192      0    python         
    0    1219611     C      -      -      -      -      -      -   1684      0    python         
    0    1953199     C      -      -      -      -      -      -   6446      0    python         
    0    1970308     C      -      -      -      -      -      -   1718      0    python         
    0    2556366     C     51     45      -      -      -      -  41580      0    VLLM::EngineCor
    0       5875     C      -      -      -      -      -      -   1192      0    python         
    0    1219611     C      -      -      -      -      -      -   1684      0    python         
    0    1953199     C      -      -      -      -      -      -   6446      0    python         
    0    1970308     C      -      -      -      -      -      -   1718      0    python         
    0    2556366     C     67     59      -      -      -      -  41580      0    VLLM::EngineCor
    0       5875     C      -      -      -      -      -      -   1192      0    python         
    0    1219611     C      -      -      -      -      -      -   1684      0    python         
    0    1953199     C      -      -      -      -      -      -   6446      0    python         
    0    1970308     C      -      -      -      -      -      -   1718      0    python         
    0    2556366     C     57     51      -      -      -      -  41580      0    VLLM::EngineCor
    0       5875     C      -      -      -      -      -      -   1192      0    python         
    0    1219611     C      -      -      -      -      -      -   1684      0    python         
    0    1953199     C      -      -      -      -      -      -   6446      0    python         
    0    1970308     C      -      -      -      -      -      -   1718      0    python         
    0    2556366     C     81     71      -      -      -      -  41580      0    VLLM::EngineCor
    0       5875     C      -      -      -      -      -      -   1192      0    python         
    0    1219611     C      -      -      -      -      -      -   1684      0    python         
    0    1953199     C      -      -      -      -      -      -   6446      0    python         
    0    1970308     C      -      -      -      -      -      -   1718      0    python         
    0    2556366     C     93     81      -      -      -      -  41580      0    VLLM::EngineCor
    0       5875     C      -      -      -      -      -      -   1192      0    python         
    0    1219611     C      -      -      -      -      -      -   1684      0    python         
    0    1953199     C      -      -      -      -      -      -   6446      0    python         
# gpu         pid   type     sm    mem    enc    dec    jpg    ofa     fb   ccpm    command 
# Idx           #    C/G      %      %      %      %      %      %     MB     MB    name 
    0    1970308     C      -      -      -      -      -      -   1718      0    python         
    0    2556366     C     70     61      -      -      -      -  41580      0    VLLM::EngineCor
    0       5875     C      -      -      -      -      -      -   1192      0    python         
    0    1219611     C      -      -      -      -      -      -   1684      0    python         
    0    1953199     C      -      -      -      -      -      -   6446      0    python         
    0    1970308     C      -      -      -      -      -      -   1718      0    python         
    0    2556366     C     63     55      -      -      -      -  41580      0    VLLM::EngineCor
    0       5875     C      -      -      -      -      -      -   1192      0    python         
    0    1219611     C      -      -      -      -      -      -   1684      0    python         
    0    1953199     C      -      -      -      -      -      -   6446      0    python         
    0    1970308     C      -      -      -      -      -      -   1718      0    python         
    0    2556366     C     22     19      -      -      -      -  41580      0    VLLM::EngineCor
    0       5875     C      -      -      -      -      -      -   1192      0    python         
    0    1219611     C      -      -      -      -      -      -   1684      0    python         
    0    1953199     C      -      -      -      -      -      -   6446      0    python         
    0    1970308     C      -      -      -      -      -      -   1718      0    python         
    0    2556366     C     80     70      -      -      -      -  41580      0    VLLM::EngineCor
    0       5875     C      -      -      -      -      -      -   1192      0    python         
    0    1219611     C      -      -      -      -      -      -   1684      0    python         
    0    1953199     C      -      -      -      -      -      -   6446      0    python         
    0    1970308     C      -      -      -      -      -      -   1718      0    python         
    0    2556366     C     79     70      -      -      -      -  41580      0    VLLM::EngineCor
    0       5875     C      -      -      -      -      -      -   1192      0    python         
    0    1219611     C      -      -      -      -      -      -   1684      0    python         
    0    1953199     C      -      -      -      -      -      -   6446      0    python         
    0    1970308     C      -      -      -      -      -      -   1718      0    python         
    0    2556366     C     80     71      -      -      -      -  41580      0    VLLM::EngineCor
    0       5875     C      -      -      -      -      -      -   1192      0    python         
    0    1219611     C      -      -      -      -      -      -   1684      0    python         
    0    1953199     C      -      -      -      -      -      -   6446      0    python         
    0    1970308     C      -      -      -      -      -      -   1718      0    python         
    0    2556366     C     82     73      -      -      -      -  41580      0    VLLM::EngineCor
    0       5875     C      -      -      -      -      -      -   1192      0    python         
    0    1219611     C      -      -      -      -      -      -   1684      0    python         
    0    1953199     C      -      -      -      -      -      -   6446      0    python         
    0    1970308     C      -      -      -      -      -      -   1718      0    python         
    0    2556366     C     83     72      -      -      -      -  41580      0    VLLM::EngineCor
    0       5875     C      -      -      -      -      -      -   1192      0    python         
    0    1219611     C      -      -      -      -      -      -   1684      0    python         
    0    1953199     C      -      -      -      -      -      -   6446      0    python         
    0    1970308     C      -      -      -      -      -      -   1718      0    python         
    0    2556366     C     44     39      -      -      -      -  41580      0    VLLM::EngineCor
    0       5875     C      -      -      -      -      -      -   1192      0    python         
    0    1219611     C      -      -      -      -      -      -   1684      0    python         
# gpu         pid   type     sm    mem    enc    dec    jpg    ofa     fb   ccpm    command 
# Idx           #    C/G      %      %      %      %      %      %     MB     MB    name 
    0    1953199     C      -      -      -      -      -      -   6446      0    python         
    0    1970308     C      -      -      -      -      -      -   1718      0    python         
    0    2556366     C     33     28      -      -      -      -  41580      0    VLLM::EngineCor
    0       5875     C      -      -      -      -      -      -   1192      0    python         
    0    1219611     C      -      -      -      -      -      -   1684      0    python         
    0    1953199     C      -      -      -      -      -      -   6446      0    python         
    0    1970308     C      -      -      -      -      -      -   1718      0    python         
    0    2556366     C     91     80      -      -      -      -  41580      0    VLLM::EngineCor
    0       5875     C      -      -      -      -      -      -   1192      0    python         
    0    1219611     C      -      -      -      -      -      -   1684      0    python         
    0    1953199     C      -      -      -      -      -      -   6446      0    python         
    0    1970308     C      -      -      -      -      -      -   1718      0    python         
    0    2556366     C     90     80      -      -      -      -  41580      0    VLLM::EngineCor
    0       5875     C      -      -      -      -      -      -   1192      0    python         
    0    1219611     C      -      -      -      -      -      -   1684      0    python         
    0    1953199     C      -      -      -      -      -      -   6446      0    python         
    0    1970308     C      -      -      -      -      -      -   1718      0    python         
    0    2556366     C     80     71      -      -      -      -  41580      0    VLLM::EngineCor
    0       5875     C      -      -      -      -      -      -   1192      0    python         
    0    1219611     C      -      -      -      -      -      -   1684      0    python         
    0    1953199     C      -      -      -      -      -      -   6446      0    python         
    0    1970308     C      -      -      -      -      -      -   1718      0    python         
    0    2556366     C     67     59      -      -      -      -  41580      0    VLLM::EngineCor
    0       5875     C      -      -      -      -      -      -   1192      0    python         
    0    1219611     C      -      -      -      -      -      -   1684      0    python         
    0    1953199     C      -      -      -      -      -      -   6446      0    python         
    0    1970308     C      -      -      -      -      -      -   1718      0    python         
    0    2556366     C     50     44      -      -      -      -  41580      0    VLLM::EngineCor
    0       5875     C      -      -      -      -      -      -   1192      0    python         
    0    1219611     C      -      -      -      -      -      -   1684      0    python         
    0    1953199     C      -      -      -      -      -      -   6446      0    python         
    0    1970308     C      -      -      -      -      -      -   1718      0    python         
    0    2556366     C     45     40      -      -      -      -  41580      0    VLLM::EngineCor
    0       5875     C      -      -      -      -      -      -   1192      0    python         
    0    1219611     C      -      -      -      -      -      -   1684      0    python         
    0    1953199     C      -      -      -      -      -      -   6446      0    python         
    0    1970308     C      -      -      -      -      -      -   1718      0    python         
    0    2556366     C     38     33      -      -      -      -  41580      0    VLLM::EngineCor
    0       5875     C      -      -      -      -      -      -   1192      0    python         
    0    1219611     C      -      -      -      -      -      -   1684      0    python         
    0    1953199     C      -      -      -      -      -      -   6446      0    python         
    0    1970308     C      -      -      -      -      -      -   1718      0    python         
    0    2556366     C     41     37      -      -      -      -  41580      0    VLLM::EngineCor
    0       5875     C      -      -      -      -      -      -   1192      0    python         
# gpu         pid   type     sm    mem    enc    dec    jpg    ofa     fb   ccpm    command 
# Idx           #    C/G      %      %      %      %      %      %     MB     MB    name 
    0    1219611     C      -      -      -      -      -      -   1684      0    python         
    0    1953199     C      -      -      -      -      -      -   6446      0    python         
    0    1970308     C      -      -      -      -      -      -   1718      0    python         
    0    2556366     C     28     25      -      -      -      -  41580      0    VLLM::EngineCor
    0       5875     C      -      -      -      -      -      -   1192      0    python         
    0    1219611     C      -      -      -      -      -      -   1684      0    python         
    0    1953199     C      -      -      -      -      -      -   6446      0    python         
    0    1970308     C      -      -      -      -      -      -   1718      0    python         
    0    2556366     C     23     19      -      -      -      -  41580      0    VLLM::EngineCor
    0       5875     C      -      -      -      -      -      -   1192      0    python         
    0    1219611     C      -      -      -      -      -      -   1684      0    python         
    0    1953199     C      -      -      -      -      -      -   6446      0    python         
    0    1970308     C      -      -      -      -      -      -   1718      0    python         
    0    2556366     C     92     80      -      -      -      -  41580      0    VLLM::EngineCor
    0       5875     C      -      -      -      -      -      -   1192      0    python         
    0    1219611     C      -      -      -      -      -      -   1684      0    python         
    0    1953199     C      -      -      -      -      -      -   6446      0    python         
    0    1970308     C      -      -      -      -      -      -   1718      0    python         
    0    2556366     C     76     68      -      -      -      -  41580      0    VLLM::EngineCor
    0       5875     C      -      -      -      -      -      -   1192      0    python         
    0    1219611     C      -      -      -      -      -      -   1684      0    python         
    0    1953199     C      -      -      -      -      -      -   6446      0    python         
    0    1970308     C      -      -      -      -      -      -   1718      0    python         
    0    2556366     C     39     35      -      -      -      -  41580      0    VLLM::EngineCor
    0       5875     C      -      -      -      -      -      -   1192      0    python         
    0    1219611     C      -      -      -      -      -      -   1684      0    python         
    0    1953199     C      -      -      -      -      -      -   6446      0    python         
    0    1970308     C      -      -      -      -      -      -   1718      0    python         
    0    2556366     C     72     64      -      -      -      -  41580      0    VLLM::EngineCor
    0       5875     C      -      -      -      -      -      -   1192      0    python         
    0    1219611     C      -      -      -      -      -      -   1684      0    python         
    0    1953199     C      -      -      -      -      -      -   6446      0    python         
    0    1970308     C      -      -      -      -      -      -   1718      0    python         
    0    2556366     C     57     51      -      -      -      -  41580      0    VLLM::EngineCor
    0       5875     C      -      -      -      -      -      -   1192      0    python         
    0    1219611     C      -      -      -      -      -      -   1684      0    python         
    0    1953199     C      -      -      -      -      -      -   6446      0    python         
    0    1970308     C      -      -      -      -      -      -   1718      0    python         
    0    2556366     C     75     66      -      -      -      -  41580      0    VLLM::EngineCor
    0       5875     C      -      -      -      -      -      -   1192      0    python         
    0    1219611     C      -      -      -      -      -      -   1684      0    python         
    0    1953199     C      -      -      -      -      -      -   6446      0    python         
    0    1970308     C      -      -      -      -      -      -   1718      0    python         
    0    2556366     C     72     65      -      -      -      -  41580      0    VLLM::EngineCor
# gpu         pid   type     sm    mem    enc    dec    jpg    ofa     fb   ccpm    command 
# Idx           #    C/G      %      %      %      %      %      %     MB     MB    name 
    0       5875     C      -      -      -      -      -      -   1192      0    python         
    0    1219611     C      -      -      -      -      -      -   1684      0    python         
    0    1953199     C      -      -      -      -      -      -   6446      0    python         
    0    1970308     C      -      -      -      -      -      -   1718      0    python         
    0    2556366     C     27     25      -      -      -      -  41580      0    VLLM::EngineCor
    0       5875     C      -      -      -      -      -      -   1192      0    python         
    0    1219611     C      -      -      -      -      -      -   1684      0    python         
    0    1953199     C      -      -      -      -      -      -   6446      0    python         
    0    1970308     C      -      -      -      -      -      -   1718      0    python         
    0    2556366     C     65     58      -      -      -      -  41580      0    VLLM::EngineCor
    0       5875     C      -      -      -      -      -      -   1192      0    python         
    0    1219611     C      -      -      -      -      -      -   1684      0    python         
    0    1953199     C      -      -      -      -      -      -   6446      0    python         
    0    1970308     C      -      -      -      -      -      -   1718      0    python         
    0    2556366     C     21     18      -      -      -      -  41580      0    VLLM::EngineCor
    0       5875     C      -      -      -      -      -      -   1192      0    python         
    0    1219611     C      -      -      -      -      -      -   1684      0    python         
    0    1953199     C      -      -      -      -      -      -   6446      0    python         
    0    1970308     C      -      -      -      -      -      -   1718      0    python         
    0    2556366     C     40     34      -      -      -      -  41580      0    VLLM::EngineCor
    0       5875     C      -      -      -      -      -      -   1192      0    python         
    0    1219611     C      -      -      -      -      -      -   1684      0    python         
    0    1953199     C      -      -      -      -      -      -   6446      0    python         
    0    1970308     C      -      -      -      -      -      -   1718      0    python         
    0    2556366     C     92     82      -      -      -      -  41580      0    VLLM::EngineCor
    0       5875     C      -      -      -      -      -      -   1192      0    python         
    0    1219611     C      -      -      -      -      -      -   1684      0    python         
    0    1953199     C      -      -      -      -      -      -   6446      0    python         
    0    1970308     C      -      -      -      -      -      -   1718      0    python         
    0    2556366     C     61     54      -      -      -      -  41580      0    VLLM::EngineCor
    0       5875     C      -      -      -      -      -      -   1192      0    python         
    0    1219611     C      -      -      -      -      -      -   1684      0    python         
    0    1953199     C      -      -      -      -      -      -   6446      0    python         
    0    1970308     C      -      -      -      -      -      -   1718      0    python         
    0    2556366     C     70     62      -      -      -      -  41580      0    VLLM::EngineCor
    0       5875     C      -      -      -      -      -      -   1192      0    python         
    0    1219611     C      -      -      -      -      -      -   1684      0    python         
    0    1953199     C      -      -      -      -      -      -   6446      0    python         
    0    1970308     C      -      -      -      -      -      -   1718      0    python         
    0    2556366     C     59     52      -      -      -      -  41580      0    VLLM::EngineCor
    0       5875     C      -      -      -      -      -      -   1192      0    python         
    0    1219611     C      -      -      -      -      -      -   1684      0    python         
    0    1953199     C      -      -      -      -      -      -   6446      0    python         
    0    1970308     C      -      -      -      -      -      -   1718      0    python         
# gpu         pid   type     sm    mem    enc    dec    jpg    ofa     fb   ccpm    command 
# Idx           #    C/G      %      %      %      %      %      %     MB     MB    name 
    0    2556366     C     44     39      -      -      -      -  41580      0    VLLM::EngineCor
    0       5875     C      -      -      -      -      -      -   1192      0    python         
    0    1219611     C      -      -      -      -      -      -   1684      0    python         
    0    1953199     C      -      -      -      -      -      -   6446      0    python         
    0    1970308     C      -      -      -      -      -      -   1718      0    python         
    0    2556366     C     57     50      -      -      -      -  41580      0    VLLM::EngineCor
    0       5875     C      -      -      -      -      -      -   1192      0    python         
    0    1219611     C      -      -      -      -      -      -   1684      0    python         
    0    1953199     C      -      -      -      -      -      -   6446      0    python         
    0    1970308     C      -      -      -      -      -      -   1718      0    python         
    0    2556366     C     67     58      -      -      -      -  41580      0    VLLM::EngineCor
    0       5875     C      -      -      -      -      -      -   1192      0    python         
    0    1219611     C      -      -      -      -      -      -   1684      0    python         
    0    1953199     C      -      -      -      -      -      -   6446      0    python         
    0    1970308     C      -      -      -      -      -      -   1718      0    python         
    0    2556366     C     88     78      -      -      -      -  41580      0    VLLM::EngineCor
    0       5875     C      -      -      -      -      -      -   1192      0    python         
    0    1219611     C      -      -      -      -      -      -   1684      0    python         
    0    1953199     C      -      -      -      -      -      -   6446      0    python         
    0    1970308     C      -      -      -      -      -      -   1718      0    python         
    0    2556366     C     51     46      -      -      -      -  41580      0    VLLM::EngineCor
    0       5875     C      -      -      -      -      -      -   1192      0    python         
    0    1219611     C      -      -      -      -      -      -   1684      0    python         
    0    1953199     C      -      -      -      -      -      -   6446      0    python         
    0    1970308     C      -      -      -      -      -      -   1718      0    python         
    0    2556366     C     11     10      -      -      -      -  41580      0    VLLM::EngineCor
    0       5875     C      -      -      -      -      -      -   1192      0    python         
    0    1219611     C      -      -      -      -      -      -   1684      0    python         
    0    1953199     C      -      -      -      -      -      -   6446      0    python         
    0    1970308     C      -      -      -      -      -      -   1718      0    python         
    0    2556366     C     46     41      -      -      -      -  41580      0    VLLM::EngineCor
    0       5875     C      -      -      -      -      -      -   1192      0    python         
    0    1219611     C      -      -      -      -      -      -   1684      0    python         
    0    1953199     C      -      -      -      -      -      -   6446      0    python         
    0    1970308     C      -      -      -      -      -      -   1718      0    python         
    0    2556366     C     68     60      -      -      -      -  41580      0    VLLM::EngineCor
    0       5875     C      -      -      -      -      -      -   1192      0    python         
    0    1219611     C      -      -      -      -      -      -   1684      0    python         
    0    1953199     C      -      -      -      -      -      -   6446      0    python         
    0    1970308     C      -      -      -      -      -      -   1718      0    python         
    0    2556366     C     53     46      -      -      -      -  41580      0    VLLM::EngineCor
    0       5875     C      -      -      -      -      -      -   1192      0    python         
    0    1219611     C      -      -      -      -      -      -   1684      0    python         
    0    1953199     C      -      -      -      -      -      -   6446      0    python         
# gpu         pid   type     sm    mem    enc    dec    jpg    ofa     fb   ccpm    command 
# Idx           #    C/G      %      %      %      %      %      %     MB     MB    name 
    0    1970308     C      -      -      -      -      -      -   1718      0    python         
    0    2556366     C     58     51      -      -      -      -  41580      0    VLLM::EngineCor
    0       5875     C      -      -      -      -      -      -   1192      0    python         
    0    1219611     C      -      -      -      -      -      -   1684      0    python         
    0    1953199     C      -      -      -      -      -      -   6446      0    python         
    0    1970308     C      -      -      -      -      -      -   1718      0    python         
    0    2556366     C     90     81      -      -      -      -  41580      0    VLLM::EngineCor
    0       5875     C      -      -      -      -      -      -   1192      0    python         
    0    1219611     C      -      -      -      -      -      -   1684      0    python         
    0    1953199     C      -      -      -      -      -      -   6446      0    python         
    0    1970308     C      -      -      -      -      -      -   1718      0    python         
    0    2556366     C     79     70      -      -      -      -  41580      0    VLLM::EngineCor
    0       5875     C      -      -      -      -      -      -   1192      0    python         
    0    1219611     C      -      -      -      -      -      -   1684      0    python         
    0    1953199     C      -      -      -      -      -      -   6446      0    python         
    0    1970308     C      -      -      -      -      -      -   1718      0    python         
    0    2556366     C     79     68      -      -      -      -  41580      0    VLLM::EngineCor
    0       5875     C      -      -      -      -      -      -   1192      0    python         
    0    1219611     C      -      -      -      -      -      -   1684      0    python         
    0    1953199     C      -      -      -      -      -      -   6446      0    python         
    0    1970308     C      -      -      -      -      -      -   1718      0    python         
    0    2556366     C     92     80      -      -      -      -  41580      0    VLLM::EngineCor
    0       5875     C      -      -      -      -      -      -   1192      0    python         
    0    1219611     C      -      -      -      -      -      -   1684      0    python         
    0    1953199     C      -      -      -      -      -      -   6446      0    python         
    0    1970308     C      -      -      -      -      -      -   1718      0    python         
    0    2556366     C     86     76      -      -      -      -  41580      0    VLLM::EngineCor
    0       5875     C      -      -      -      -      -      -   1192      0    python         
    0    1219611     C      -      -      -      -      -      -   1684      0    python         
    0    1953199     C      -      -      -      -      -      -   6446      0    python         
    0    1970308     C      -      -      -      -      -      -   1718      0    python         
    0    2556366     C     87     77      -      -      -      -  41580      0    VLLM::EngineCor
    0       5875     C      -      -      -      -      -      -   1192      0    python         
    0    1219611     C      -      -      -      -      -      -   1684      0    python         
    0    1953199     C      -      -      -      -      -      -   6446      0    python         
    0    1970308     C      -      -      -      -      -      -   1718      0    python         
    0    2556366     C     86     74      -      -      -      -  41580      0    VLLM::EngineCor
    0       5875     C      -      -      -      -      -      -   1192      0    python         
    0    1219611     C      -      -      -      -      -      -   1684      0    python         
    0    1953199     C      -      -      -      -      -      -   6446      0    python         
    0    1970308     C      -      -      -      -      -      -   1718      0    python         
    0    2556366     C     93     81      -      -      -      -  41580      0    VLLM::EngineCor
    0       5875     C      -      -      -      -      -      -   1192      0    python         
    0    1219611     C      -      -      -      -      -      -   1684      0    python         
# gpu         pid   type     sm    mem    enc    dec    jpg    ofa     fb   ccpm    command 
# Idx           #    C/G      %      %      %      %      %      %     MB     MB    name 
    0    1953199     C      -      -      -      -      -      -   6446      0    python         
    0    1970308     C      -      -      -      -      -      -   1718      0    python         
    0    2556366     C     79     70      -      -      -      -  41580      0    VLLM::EngineCor
    0       5875     C      -      -      -      -      -      -   1192      0    python         
    0    1219611     C      -      -      -      -      -      -   1684      0    python         
    0    1953199     C      -      -      -      -      -      -   6446      0    python         
    0    1970308     C      -      -      -      -      -      -   1718      0    python         
    0    2556366     C     38     34      -      -      -      -  41580      0    VLLM::EngineCor
    0       5875     C      -      -      -      -      -      -   1192      0    python         
    0    1219611     C      -      -      -      -      -      -   1684      0    python         
    0    1953199     C      -      -      -      -      -      -   6446      0    python         
    0    1970308     C      -      -      -      -      -      -   1718      0    python         
    0    2556366     C     71     63      -      -      -      -  41580      0    VLLM::EngineCor
    0       5875     C      -      -      -      -      -      -   1192      0    python         
    0    1219611     C      -      -      -      -      -      -   1684      0    python         
    0    1953199     C      -      -      -      -      -      -   6446      0    python         
    0    1970308     C      -      -      -      -      -      -   1718      0    python         
    0    2556366     C     55     49      -      -      -      -  41580      0    VLLM::EngineCor
    0       5875     C      -      -      -      -      -      -   1192      0    python         
    0    1219611     C      -      -      -      -      -      -   1684      0    python         
    0    1953199     C      -      -      -      -      -      -   6446      0    python         
    0    1970308     C      -      -      -      -      -      -   1718      0    python         
    0    2556366     C     70     62      -      -      -      -  41580      0    VLLM::EngineCor
    0       5875     C      -      -      -      -      -      -   1192      0    python         
    0    1219611     C      -      -      -      -      -      -   1684      0    python         
    0    1953199     C      -      -      -      -      -      -   6446      0    python         
    0    1970308     C      -      -      -      -      -      -   1718      0    python         
    0    2556366     C     67     60      -      -      -      -  41580      0    VLLM::EngineCor
    0       5875     C      -      -      -      -      -      -   1192      0    python         
    0    1219611     C      -      -      -      -      -      -   1684      0    python         
    0    1953199     C      -      -      -      -      -      -   6446      0    python         
    0    1970308     C      -      -      -      -      -      -   1718      0    python         
    0    2556366     C     64     57      -      -      -      -  41580      0    VLLM::EngineCor
    0       5875     C      -      -      -      -      -      -   1192      0    python         
    0    1219611     C      -      -      -      -      -      -   1684      0    python         
    0    1953199     C      -      -      -      -      -      -   6446      0    python         
    0    1970308     C      -      -      -      -      -      -   1718      0    python         
    0    2556366     C     42     38      -      -      -      -  41580      0    VLLM::EngineCor
    0       5875     C      -      -      -      -      -      -   1192      0    python         
    0    1219611     C      -      -      -      -      -      -   1684      0    python         
    0    1953199     C      -      -      -      -      -      -   6446      0    python         
    0    1970308     C      -      -      -      -      -      -   1718      0    python         
    0    2556366     C     72     63      -      -      -      -  41580      0    VLLM::EngineCor
    0       5875     C      -      -      -      -      -      -   1192      0    python         
# gpu         pid   type     sm    mem    enc    dec    jpg    ofa     fb   ccpm    command 
# Idx           #    C/G      %      %      %      %      %      %     MB     MB    name 
    0    1219611     C      -      -      -      -      -      -   1684      0    python         
    0    1953199     C      -      -      -      -      -      -   6446      0    python         
    0    1970308     C      -      -      -      -      -      -   1718      0    python         
    0    2556366     C     65     57      -      -      -      -  41580      0    VLLM::EngineCor
    0       5875     C      -      -      -      -      -      -   1192      0    python         
    0    1219611     C      -      -      -      -      -      -   1684      0    python         
    0    1953199     C      -      -      -      -      -      -   6446      0    python         
    0    1970308     C      -      -      -      -      -      -   1718      0    python         
    0    2556366     C     15     13      -      -      -      -  41580      0    VLLM::EngineCor
    0       5875     C      -      -      -      -      -      -   1192      0    python         
    0    1219611     C      -      -      -      -      -      -   1684      0    python         
    0    1953199     C      -      -      -      -      -      -   6446      0    python         
    0    1970308     C      -      -      -      -      -      -   1718      0    python         
    0    2556366     C     51     45      -      -      -      -  41580      0    VLLM::EngineCor
    0       5875     C      -      -      -      -      -      -   1192      0    python         
    0    1219611     C      -      -      -      -      -      -   1684      0    python         
    0    1953199     C      -      -      -      -      -      -   6446      0    python         
    0    1970308     C      -      -      -      -      -      -   1718      0    python         
    0    2556366     C     70     62      -      -      -      -  41580      0    VLLM::EngineCor
    0       5875     C      -      -      -      -      -      -   1192      0    python         
    0    1219611     C      -      -      -      -      -      -   1684      0    python         
    0    1953199     C      -      -      -      -      -      -   6446      0    python         
    0    1970308     C      -      -      -      -      -      -   1718      0    python         
    0    2556366     C     82     73      -      -      -      -  41580      0    VLLM::EngineCor
    0       5875     C      -      -      -      -      -      -   1192      0    python         
    0    1219611     C      -      -      -      -      -      -   1684      0    python         
    0    1953199     C      -      -      -      -      -      -   6446      0    python         
    0    1970308     C      -      -      -      -      -      -   1718      0    python         
    0    2556366     C     80     71      -      -      -      -  41580      0    VLLM::EngineCor
    0       5875     C      -      -      -      -      -      -   1192      0    python         
    0    1219611     C      -      -      -      -      -      -   1684      0    python         
    0    1953199     C      -      -      -      -      -      -   6446      0    python         
    0    1970308     C      -      -      -      -      -      -   1718      0    python         
    0    2556366     C     64     58      -      -      -      -  41580      0    VLLM::EngineCor
    0       5875     C      -      -      -      -      -      -   1192      0    python         
    0    1219611     C      -      -      -      -      -      -   1684      0    python         
    0    1953199     C      -      -      -      -      -      -   6446      0    python         
    0    1970308     C      -      -      -      -      -      -   1718      0    python         
    0    2556366     C     38     35      -      -      -      -  41580      0    VLLM::EngineCor
    0       5875     C      -      -      -      -      -      -   1192      0    python         
    0    1219611     C      -      -      -      -      -      -   1684      0    python         
    0    1953199     C      -      -      -      -      -      -   6446      0    python         
    0    1970308     C      -      -      -      -      -      -   1718      0    python         
    0    2556366     C     24     21      -      -      -      -  41580      0    VLLM::EngineCor
# gpu         pid   type     sm    mem    enc    dec    jpg    ofa     fb   ccpm    command 
# Idx           #    C/G      %      %      %      %      %      %     MB     MB    name 
    0       5875     C      -      -      -      -      -      -   1192      0    python         
    0    1219611     C      -      -      -      -      -      -   1684      0    python         
    0    1953199     C      -      -      -      -      -      -   6446      0    python         
    0    1970308     C      -      -      -      -      -      -   1718      0    python         
    0    2556366     C     49     43      -      -      -      -  41580      0    VLLM::EngineCor
    0       5875     C      -      -      -      -      -      -   1192      0    python         
    0    1219611     C      -      -      -      -      -      -   1684      0    python         
    0    1953199     C      -      -      -      -      -      -   6446      0    python         
    0    1970308     C      -      -      -      -      -      -   1718      0    python         
    0    2556366     C     14     13      -      -      -      -  41580      0    VLLM::EngineCor
    0       5875     C      -      -      -      -      -      -   1192      0    python         
    0    1219611     C      -      -      -      -      -      -   1684      0    python         
    0    1953199     C      -      -      -      -      -      -   6446      0    python         
    0    1970308     C      -      -      -      -      -      -   1718      0    python         
    0    2556366     C     39     35      -      -      -      -  41580      0    VLLM::EngineCor
    0       5875     C      -      -      -      -      -      -   1192      0    python         
    0    1219611     C      -      -      -      -      -      -   1684      0    python         
    0    1953199     C      -      -      -      -      -      -   6446      0    python         
    0    1970308     C      -      -      -      -      -      -   1718      0    python         
    0    2556366     C     27     24      -      -      -      -  41580      0    VLLM::EngineCor
    0       5875     C      -      -      -      -      -      -   1192      0    python         
    0    1219611     C      -      -      -      -      -      -   1684      0    python         
    0    1953199     C      -      -      -      -      -      -   6446      0    python         
    0    1970308     C      -      -      -      -      -      -   1718      0    python         
    0    2556366     C     61     53      -      -      -      -  41580      0    VLLM::EngineCor
    0       5875     C      -      -      -      -      -      -   1192      0    python         
    0    1219611     C      -      -      -      -      -      -   1684      0    python         
    0    1953199     C      -      -      -      -      -      -   6446      0    python         
    0    1970308     C      -      -      -      -      -      -   1718      0    python         
    0    2556366     C     62     55      -      -      -      -  41580      0    VLLM::EngineCor
    0       5875     C      -      -      -      -      -      -   1192      0    python         
    0    1219611     C      -      -      -      -      -      -   1684      0    python         
    0    1953199     C      -      -      -      -      -      -   6446      0    python         
    0    1970308     C      -      -      -      -      -      -   1718      0    python         
    0    2556366     C     65     57      -      -      -      -  41580      0    VLLM::EngineCor
    0       5875     C      -      -      -      -      -      -   1192      0    python         
    0    1219611     C      -      -      -      -      -      -   1684      0    python         
    0    1953199     C      -      -      -      -      -      -   6446      0    python         
    0    1970308     C      -      -      -      -      -      -   1718      0    python         
    0    2556366     C     48     43      -      -      -      -  41580      0    VLLM::EngineCor
    0       5875     C      -      -      -      -      -      -   1192      0    python         
    0    1219611     C      -      -      -      -      -      -   1684      0    python         
    0    1953199     C      -      -      -      -      -      -   6446      0    python         
    0    1970308     C      -      -      -      -      -      -   1718      0    python         
# gpu         pid   type     sm    mem    enc    dec    jpg    ofa     fb   ccpm    command 
# Idx           #    C/G      %      %      %      %      %      %     MB     MB    name 
    0    2556366     C     47     41      -      -      -      -  41580      0    VLLM::EngineCor
    0       5875     C      -      -      -      -      -      -   1192      0    python         
    0    1219611     C      -      -      -      -      -      -   1684      0    python         
    0    1953199     C      -      -      -      -      -      -   6446      0    python         
    0    1970308     C      -      -      -      -      -      -   1718      0    python         
    0    2556366     C     73     64      -      -      -      -  41580      0    VLLM::EngineCor
    0       5875     C      -      -      -      -      -      -   1192      0    python         
    0    1219611     C      -      -      -      -      -      -   1684      0    python         
    0    1953199     C      -      -      -      -      -      -   6446      0    python         
    0    1970308     C      -      -      -      -      -      -   1718      0    python         
    0    2556366     C     86     75      -      -      -      -  41580      0    VLLM::EngineCor
    0       5875     C      -      -      -      -      -      -   1192      0    python         
    0    1219611     C      -      -      -      -      -      -   1684      0    python         
    0    1953199     C      -      -      -      -      -      -   6446      0    python         
    0    1970308     C      -      -      -      -      -      -   1718      0    python         
    0    2556366     C     91     79      -      -      -      -  41580      0    VLLM::EngineCor
    0       5875     C      -      -      -      -      -      -   1192      0    python         
    0    1219611     C      -      -      -      -      -      -   1684      0    python         
    0    1953199     C      -      -      -      -      -      -   6446      0    python         
    0    1970308     C      -      -      -      -      -      -   1718      0    python         
    0    2556366     C     52     46      -      -      -      -  41580      0    VLLM::EngineCor
    0       5875     C      -      -      -      -      -      -   1192      0    python         
    0    1219611     C      -      -      -      -      -      -   1684      0    python         
    0    1953199     C      -      -      -      -      -      -   6446      0    python         
    0    1970308     C      -      -      -      -      -      -   1718      0    python         
    0    2556366     C     36     32      -      -      -      -  41580      0    VLLM::EngineCor
    0       5875     C      -      -      -      -      -      -   1192      0    python         
    0    1219611     C      -      -      -      -      -      -   1684      0    python         
    0    1953199     C      -      -      -      -      -      -   6446      0    python         
    0    1970308     C      -      -      -      -      -      -   1718      0    python         
    0    2556366     C     32     29      -      -      -      -  41580      0    VLLM::EngineCor
    0       5875     C      -      -      -      -      -      -   1192      0    python         
    0    1219611     C      -      -      -      -      -      -   1684      0    python         
    0    1953199     C      -      -      -      -      -      -   6446      0    python         
    0    1970308     C      -      -      -      -      -      -   1718      0    python         
    0    2556366     C     14     13      -      -      -      -  41580      0    VLLM::EngineCor
    0       5875     C      -      -      -      -      -      -   1192      0    python         
    0    1219611     C      -      -      -      -      -      -   1684      0    python         
    0    1953199     C      -      -      -      -      -      -   6446      0    python         
    0    1970308     C      -      -      -      -      -      -   1718      0    python         
    0    2556366     C     82     72      -      -      -      -  41580      0    VLLM::EngineCor
    0       5875     C      -      -      -      -      -      -   1192      0    python         
    0    1219611     C      -      -      -      -      -      -   1684      0    python         
    0    1953199     C      -      -      -      -      -      -   6446      0    python         
# gpu         pid   type     sm    mem    enc    dec    jpg    ofa     fb   ccpm    command 
# Idx           #    C/G      %      %      %      %      %      %     MB     MB    name 
    0    1970308     C      -      -      -      -      -      -   1718      0    python         
    0    2556366     C     26     23      -      -      -      -  41580      0    VLLM::EngineCor
    0       5875     C      -      -      -      -      -      -   1192      0    python         
    0    1219611     C      -      -      -      -      -      -   1684      0    python         
    0    1953199     C      -      -      -      -      -      -   6446      0    python         
    0    1970308     C      -      -      -      -      -      -   1718      0    python         
    0    2556366     C     45     40      -      -      -      -  41580      0    VLLM::EngineCor
    0       5875     C      -      -      -      -      -      -   1192      0    python         
    0    1219611     C      -      -      -      -      -      -   1684      0    python         
    0    1953199     C      -      -      -      -      -      -   6446      0    python         
    0    1970308     C      -      -      -      -      -      -   1718      0    python         
    0    2556366     C     57     51      -      -      -      -  41580      0    VLLM::EngineCor
    0       5875     C      -      -      -      -      -      -   1192      0    python         
    0    1219611     C      -      -      -      -      -      -   1684      0    python         
    0    1953199     C      -      -      -      -      -      -   6446      0    python         
    0    1970308     C      -      -      -      -      -      -   1718      0    python         
    0    2556366     C     62     55      -      -      -      -  41580      0    VLLM::EngineCor
    0       5875     C      -      -      -      -      -      -   1192      0    python         
    0    1219611     C      -      -      -      -      -      -   1684      0    python         
    0    1953199     C      -      -      -      -      -      -   6446      0    python         
    0    1970308     C      -      -      -      -      -      -   1718      0    python         
    0    2556366     C     57     49      -      -      -      -  41580      0    VLLM::EngineCor
    0       5875     C      -      -      -      -      -      -   1192      0    python         
    0    1219611     C      -      -      -      -      -      -   1684      0    python         
    0    1953199     C      -      -      -      -      -      -   6446      0    python         
    0    1970308     C      -      -      -      -      -      -   1718      0    python         
    0    2556366     C     60     54      -      -      -      -  41580      0    VLLM::EngineCor
    0       5875     C      -      -      -      -      -      -   1192      0    python         
    0    1219611     C      -      -      -      -      -      -   1684      0    python         
    0    1953199     C      -      -      -      -      -      -   6446      0    python         
    0    1970308     C      -      -      -      -      -      -   1718      0    python         
    0    2556366     C     61     54      -      -      -      -  41580      0    VLLM::EngineCor
    0       5875     C      -      -      -      -      -      -   1192      0    python         
    0    1219611     C      -      -      -      -      -      -   1684      0    python         
    0    1953199     C      -      -      -      -      -      -   6446      0    python         
    0    1970308     C      -      -      -      -      -      -   1718      0    python         
    0    2556366     C     93     80      -      -      -      -  41580      0    VLLM::EngineCor
    0       5875     C      -      -      -      -      -      -   1192      0    python         
    0    1219611     C      -      -      -      -      -      -   1684      0    python         
    0    1953199     C      -      -      -      -      -      -   6446      0    python         
    0    1970308     C      -      -      -      -      -      -   1718      0    python         
    0    2556366     C     91     82      -      -      -      -  41580      0    VLLM::EngineCor
    0       5875     C      -      -      -      -      -      -   1192      0    python         
    0    1219611     C      -      -      -      -      -      -   1684      0    python         
# gpu         pid   type     sm    mem    enc    dec    jpg    ofa     fb   ccpm    command 
# Idx           #    C/G      %      %      %      %      %      %     MB     MB    name 
    0    1953199     C      -      -      -      -      -      -   6446      0    python         
    0    1970308     C      -      -      -      -      -      -   1718      0    python         
    0    2556366     C     80     70      -      -      -      -  41580      0    VLLM::EngineCor
    0       5875     C      -      -      -      -      -      -   1192      0    python         
    0    1219611     C      -      -      -      -      -      -   1684      0    python         
    0    1953199     C      -      -      -      -      -      -   6446      0    python         
    0    1970308     C      -      -      -      -      -      -   1718      0    python         
    0    2556366     C     93     81      -      -      -      -  41580      0    VLLM::EngineCor
    0       5875     C      -      -      -      -      -      -   1192      0    python         
    0    1219611     C      -      -      -      -      -      -   1684      0    python         
    0    1953199     C      -      -      -      -      -      -   6446      0    python         
    0    1970308     C      -      -      -      -      -      -   1718      0    python         
    0    2556366     C     57     50      -      -      -      -  41580      0    VLLM::EngineCor
    0       5875     C      -      -      -      -      -      -   1192      0    python         
    0    1219611     C      -      -      -      -      -      -   1684      0    python         
    0    1953199     C      -      -      -      -      -      -   6446      0    python         
    0    1970308     C      -      -      -      -      -      -   1718      0    python         
    0    2556366     C     46     40      -      -      -      -  41580      0    VLLM::EngineCor
    0       5875     C      -      -      -      -      -      -   1192      0    python         
    0    1219611     C      -      -      -      -      -      -   1684      0    python         
    0    1953199     C      -      -      -      -      -      -   6446      0    python         
    0    1970308     C      -      -      -      -      -      -   1718      0    python         
    0    2556366     C     74     64      -      -      -      -  41580      0    VLLM::EngineCor
    0       5875     C      -      -      -      -      -      -   1192      0    python         
    0    1219611     C      -      -      -      -      -      -   1684      0    python         
    0    1953199     C      -      -      -      -      -      -   6446      0    python         
    0    1970308     C      -      -      -      -      -      -   1718      0    python         
    0    2556366     C     86     73      -      -      -      -  41580      0    VLLM::EngineCor
    0       5875     C      -      -      -      -      -      -   1192      0    python         
    0    1219611     C      -      -      -      -      -      -   1684      0    python         
    0    1953199     C      -      -      -      -      -      -   6446      0    python         
    0    1970308     C      -      -      -      -      -      -   1718      0    python         
    0    2556366     C     93     78      -      -      -      -  41580      0    VLLM::EngineCor
    0       5875     C      -      -      -      -      -      -   1192      0    python         
    0    1219611     C      -      -      -      -      -      -   1684      0    python         
    0    1953199     C      -      -      -      -      -      -   6446      0    python         
    0    1970308     C      -      -      -      -      -      -   1718      0    python         
    0    2556366     C     93     80      -      -      -      -  41580      0    VLLM::EngineCor
    0       5875     C      -      -      -      -      -      -   1192      0    python         
    0    1219611     C      -      -      -      -      -      -   1684      0    python         
    0    1953199     C      -      -      -      -      -      -   6446      0    python         
    0    1970308     C      -      -      -      -      -      -   1718      0    python         
    0    2556366     C     93     81      -      -      -      -  41580      0    VLLM::EngineCor
    0       5875     C      -      -      -      -      -      -   1192      0    python         
# gpu         pid   type     sm    mem    enc    dec    jpg    ofa     fb   ccpm    command 
# Idx           #    C/G      %      %      %      %      %      %     MB     MB    name 
    0    1219611     C      -      -      -      -      -      -   1684      0    python         
    0    1953199     C      -      -      -      -      -      -   6446      0    python         
    0    1970308     C      -      -      -      -      -      -   1718      0    python         
    0    2556366     C     91     80      -      -      -      -  41580      0    VLLM::EngineCor
    0       5875     C      -      -      -      -      -      -   1192      0    python         
    0    1219611     C      -      -      -      -      -      -   1684      0    python         
    0    1953199     C      -      -      -      -      -      -   6446      0    python         
    0    1970308     C      -      -      -      -      -      -   1718      0    python         
    0    2556366     C     60     54      -      -      -      -  41580      0    VLLM::EngineCor
    0       5875     C      -      -      -      -      -      -   1192      0    python         
    0    1219611     C      -      -      -      -      -      -   1684      0    python         
    0    1953199     C      -      -      -      -      -      -   6446      0    python         
    0    1970308     C      -      -      -      -      -      -   1718      0    python         
    0    2556366     C     61     54      -      -      -      -  41580      0    VLLM::EngineCor
    0       5875     C      -      -      -      -      -      -   1192      0    python         
    0    1219611     C      -      -      -      -      -      -   1684      0    python         
    0    1953199     C      -      -      -      -      -      -   6446      0    python         
    0    1970308     C      -      -      -      -      -      -   1718      0    python         
    0    2556366     C     75     67      -      -      -      -  41580      0    VLLM::EngineCor
    0       5875     C      -      -      -      -      -      -   1192      0    python         
    0    1219611     C      -      -      -      -      -      -   1684      0    python         
    0    1953199     C      -      -      -      -      -      -   6446      0    python         
    0    1970308     C      -      -      -      -      -      -   1718      0    python         
    0    2556366     C     56     50      -      -      -      -  41580      0    VLLM::EngineCor
    0       5875     C      -      -      -      -      -      -   1192      0    python         
    0    1219611     C      -      -      -      -      -      -   1684      0    python         
    0    1953199     C      -      -      -      -      -      -   6446      0    python         
    0    1970308     C      -      -      -      -      -      -   1718      0    python         
    0    2556366     C     68     61      -      -      -      -  41580      0    VLLM::EngineCor
    0       5875     C      -      -      -      -      -      -   1192      0    python         
    0    1219611     C      -      -      -      -      -      -   1684      0    python         
    0    1953199     C      -      -      -      -      -      -   6446      0    python         
    0    1970308     C      -      -      -      -      -      -   1718      0    python         
    0    2556366     C     50     45      -      -      -      -  41580      0    VLLM::EngineCor
    0       5875     C      -      -      -      -      -      -   1192      0    python         
    0    1219611     C      -      -      -      -      -      -   1684      0    python         
    0    1953199     C      -      -      -      -      -      -   6446      0    python         
    0    1970308     C      -      -      -      -      -      -   1718      0    python         
    0    2556366     C     46     41      -      -      -      -  41580      0    VLLM::EngineCor
    0       5875     C      -      -      -      -      -      -   1192      0    python         
    0    1219611     C      -      -      -      -      -      -   1684      0    python         
    0    1953199     C      -      -      -      -      -      -   6446      0    python         
    0    1970308     C      -      -      -      -      -      -   1718      0    python         
    0    2556366     C     69     61      -      -      -      -  41580      0    VLLM::EngineCor
# gpu         pid   type     sm    mem    enc    dec    jpg    ofa     fb   ccpm    command 
# Idx           #    C/G      %      %      %      %      %      %     MB     MB    name 
    0       5875     C      -      -      -      -      -      -   1192      0    python         
    0    1219611     C      -      -      -      -      -      -   1684      0    python         
    0    1953199     C      -      -      -      -      -      -   6446      0    python         
    0    1970308     C      -      -      -      -      -      -   1718      0    python         
    0    2556366     C     36     32      -      -      -      -  41580      0    VLLM::EngineCor
    0       5875     C      -      -      -      -      -      -   1192      0    python         
    0    1219611     C      -      -      -      -      -      -   1684      0    python         
    0    1953199     C      -      -      -      -      -      -   6446      0    python         
    0    1970308     C      -      -      -      -      -      -   1718      0    python         
    0    2556366     C     77     68      -      -      -      -  41580      0    VLLM::EngineCor
    0       5875     C      -      -      -      -      -      -   1192      0    python         
    0    1219611     C      -      -      -      -      -      -   1684      0    python         
    0    1953199     C      -      -      -      -      -      -   6446      0    python         
    0    1970308     C      -      -      -      -      -      -   1718      0    python         
    0    2556366     C     88     78      -      -      -      -  41580      0    VLLM::EngineCor
    0       5875     C      -      -      -      -      -      -   1192      0    python         
    0    1219611     C      -      -      -      -      -      -   1684      0    python         
    0    1953199     C      -      -      -      -      -      -   6446      0    python         
    0    1970308     C      -      -      -      -      -      -   1718      0    python         
    0    2556366     C     71     63      -      -      -      -  41580      0    VLLM::EngineCor
    0       5875     C      -      -      -      -      -      -   1192      0    python         
    0    1219611     C      -      -      -      -      -      -   1684      0    python         
    0    1953199     C      -      -      -      -      -      -   6446      0    python         
    0    1970308     C      -      -      -      -      -      -   1718      0    python         
    0    2556366     C     56     49      -      -      -      -  41580      0    VLLM::EngineCor
    0       5875     C      -      -      -      -      -      -   1192      0    python         
    0    1219611     C      -      -      -      -      -      -   1684      0    python         
    0    1953199     C      -      -      -      -      -      -   6446      0    python         
    0    1970308     C      -      -      -      -      -      -   1718      0    python         
    0    2556366     C     36     32      -      -      -      -  41580      0    VLLM::EngineCor
    0       5875     C      -      -      -      -      -      -   1192      0    python         
    0    1219611     C      -      -      -      -      -      -   1684      0    python         
    0    1953199     C      -      -      -      -      -      -   6446      0    python         
    0    1970308     C      -      -      -      -      -      -   1718      0    python         
    0    2556366     C     50     44      -      -      -      -  41580      0    VLLM::EngineCor
    0       5875     C      -      -      -      -      -      -   1192      0    python         
    0    1219611     C      -      -      -      -      -      -   1684      0    python         
    0    1953199     C      -      -      -      -      -      -   6446      0    python         
    0    1970308     C      -      -      -      -      -      -   1718      0    python         
    0    2556366     C     60     51      -      -      -      -  41580      0    VLLM::EngineCor
    0       5875     C      -      -      -      -      -      -   1192      0    python         
    0    1219611     C      -      -      -      -      -      -   1684      0    python         
    0    1953199     C      -      -      -      -      -      -   6446      0    python         
    0    1970308     C      -      -      -      -      -      -   1718      0    python         
# gpu         pid   type     sm    mem    enc    dec    jpg    ofa     fb   ccpm    command 
# Idx           #    C/G      %      %      %      %      %      %     MB     MB    name 
    0    2556366     C     91     78      -      -      -      -  41580      0    VLLM::EngineCor
    0       5875     C      -      -      -      -      -      -   1192      0    python         
    0    1219611     C      -      -      -      -      -      -   1684      0    python         
    0    1953199     C      -      -      -      -      -      -   6446      0    python         
    0    1970308     C      -      -      -      -      -      -   1718      0    python         
    0    2556366     C     78     69      -      -      -      -  41580      0    VLLM::EngineCor
    0       5875     C      -      -      -      -      -      -   1192      0    python         
    0    1219611     C      -      -      -      -      -      -   1684      0    python         
    0    1953199     C      -      -      -      -      -      -   6446      0    python         
    0    1970308     C      -      -      -      -      -      -   1718      0    python         
    0    2556366     C     75     67      -      -      -      -  41580      0    VLLM::EngineCor
    0       5875     C      -      -      -      -      -      -   1192      0    python         
    0    1219611     C      -      -      -      -      -      -   1684      0    python         
    0    1953199     C      -      -      -      -      -      -   6446      0    python         
    0    1970308     C      -      -      -      -      -      -   1718      0    python         
    0    2556366     C     18     16      -      -      -      -  41580      0    VLLM::EngineCor
    0       5875     C      -      -      -      -      -      -   1192      0    python         
    0    1219611     C      -      -      -      -      -      -   1684      0    python         
    0    1953199     C      -      -      -      -      -      -   6446      0    python         
    0    1970308     C      -      -      -      -      -      -   1718      0    python         
    0    2556366     C     45     39      -      -      -      -  41580      0    VLLM::EngineCor
    0       5875     C      -      -      -      -      -      -   1192      0    python         
    0    1219611     C      -      -      -      -      -      -   1684      0    python         
    0    1953199     C      -      -      -      -      -      -   6446      0    python         
    0    1970308     C      -      -      -      -      -      -   1718      0    python         
    0    2556366     C     53     47      -      -      -      -  41580      0    VLLM::EngineCor
    0       5875     C      -      -      -      -      -      -   1192      0    python         
    0    1219611     C      -      -      -      -      -      -   1684      0    python         
    0    1953199     C      -      -      -      -      -      -   6446      0    python         
    0    1970308     C      -      -      -      -      -      -   1718      0    python         
    0    2556366     C     84     74      -      -      -      -  41580      0    VLLM::EngineCor
    0       5875     C      -      -      -      -      -      -   1192      0    python         
    0    1219611     C      -      -      -      -      -      -   1684      0    python         
    0    1953199     C      -      -      -      -      -      -   6446      0    python         
    0    1970308     C      -      -      -      -      -      -   1718      0    python         
    0    2556366     C     64     56      -      -      -      -  41580      0    VLLM::EngineCor
    0       5875     C      -      -      -      -      -      -   1192      0    python         
    0    1219611     C      -      -      -      -      -      -   1684      0    python         
    0    1953199     C      -      -      -      -      -      -   6446      0    python         
    0    1970308     C      -      -      -      -      -      -   1718      0    python         
    0    2556366     C     63     56      -      -      -      -  41580      0    VLLM::EngineCor
    0       5875     C      -      -      -      -      -      -   1192      0    python         
    0    1219611     C      -      -      -      -      -      -   1684      0    python         
    0    1953199     C      -      -      -      -      -      -   6446      0    python         
# gpu         pid   type     sm    mem    enc    dec    jpg    ofa     fb   ccpm    command 
# Idx           #    C/G      %      %      %      %      %      %     MB     MB    name 
    0    1970308     C      -      -      -      -      -      -   1718      0    python         
    0    2556366     C     48     43      -      -      -      -  41580      0    VLLM::EngineCor
    0       5875     C      -      -      -      -      -      -   1192      0    python         
    0    1219611     C      -      -      -      -      -      -   1684      0    python         
    0    1953199     C      -      -      -      -      -      -   6446      0    python         
    0    1970308     C      -      -      -      -      -      -   1718      0    python         
    0    2556366     C     33     30      -      -      -      -  41580      0    VLLM::EngineCor
    0       5875     C      -      -      -      -      -      -   1192      0    python         
    0    1219611     C      -      -      -      -      -      -   1684      0    python         
    0    1953199     C      -      -      -      -      -      -   6446      0    python         
    0    1970308     C      -      -      -      -      -      -   1718      0    python         
    0    2556366     C     29     25      -      -      -      -  41580      0    VLLM::EngineCor
    0       5875     C      -      -      -      -      -      -   1192      0    python         
    0    1219611     C      -      -      -      -      -      -   1684      0    python         
    0    1953199     C      -      -      -      -      -      -   6446      0    python         
    0    1970308     C      -      -      -      -      -      -   1718      0    python         
    0    2556366     C     38     33      -      -      -      -  41580      0    VLLM::EngineCor
    0       5875     C      -      -      -      -      -      -   1192      0    python         
    0    1219611     C      -      -      -      -      -      -   1684      0    python         
    0    1953199     C      -      -      -      -      -      -   6446      0    python         
    0    1970308     C      -      -      -      -      -      -   1718      0    python         
    0    2556366     C     34     30      -      -      -      -  41580      0    VLLM::EngineCor
    0       5875     C      -      -      -      -      -      -   1192      0    python         
    0    1219611     C      -      -      -      -      -      -   1684      0    python         
    0    1953199     C      -      -      -      -      -      -   6446      0    python         
    0    1970308     C      -      -      -      -      -      -   1718      0    python         
    0    2556366     C     48     42      -      -      -      -  41580      0    VLLM::EngineCor
    0       5875     C      -      -      -      -      -      -   1192      0    python         
    0    1219611     C      -      -      -      -      -      -   1684      0    python         
    0    1953199     C      -      -      -      -      -      -   6446      0    python         
    0    1970308     C      -      -      -      -      -      -   1718      0    python         
    0    2556366     C     50     45      -      -      -      -  41580      0    VLLM::EngineCor
    0       5875     C      -      -      -      -      -      -   1192      0    python         
    0    1219611     C      -      -      -      -      -      -   1684      0    python         
    0    1953199     C      -      -      -      -      -      -   6446      0    python         
    0    1970308     C      -      -      -      -      -      -   1718      0    python         
    0    2556366     C     52     46      -      -      -      -  41580      0    VLLM::EngineCor
    0       5875     C      -      -      -      -      -      -   1192      0    python         
    0    1219611     C      -      -      -      -      -      -   1684      0    python         
    0    1953199     C      -      -      -      -      -      -   6446      0    python         
    0    1970308     C      -      -      -      -      -      -   1718      0    python         
    0    2556366     C     50     44      -      -      -      -  41580      0    VLLM::EngineCor
    0       5875     C      -      -      -      -      -      -   1192      0    python         
    0    1219611     C      -      -      -      -      -      -   1684      0    python         
# gpu         pid   type     sm    mem    enc    dec    jpg    ofa     fb   ccpm    command 
# Idx           #    C/G      %      %      %      %      %      %     MB     MB    name 
    0    1953199     C      -      -      -      -      -      -   6446      0    python         
    0    1970308     C      -      -      -      -      -      -   1718      0    python         
    0    2556366     C     76     66      -      -      -      -  41580      0    VLLM::EngineCor
    0       5875     C      -      -      -      -      -      -   1192      0    python         
    0    1219611     C      -      -      -      -      -      -   1684      0    python         
    0    1953199     C      -      -      -      -      -      -   6446      0    python         
    0    1970308     C      -      -      -      -      -      -   1718      0    python         
    0    2556366     C     93     82      -      -      -      -  41580      0    VLLM::EngineCor
    0       5875     C      -      -      -      -      -      -   1192      0    python         
    0    1219611     C      -      -      -      -      -      -   1684      0    python         
    0    1953199     C      -      -      -      -      -      -   6446      0    python         
    0    1970308     C      -      -      -      -      -      -   1718      0    python         
    0    2556366     C     74     64      -      -      -      -  41580      0    VLLM::EngineCor
    0       5875     C      -      -      -      -      -      -   1192      0    python         
    0    1219611     C      -      -      -      -      -      -   1684      0    python         
    0    1953199     C      -      -      -      -      -      -   6446      0    python         
    0    1970308     C      -      -      -      -      -      -   1718      0    python         
    0    2556366     C     70     60      -      -      -      -  41580      0    VLLM::EngineCor
    0       5875     C      -      -      -      -      -      -   1192      0    python         
    0    1219611     C      -      -      -      -      -      -   1684      0    python         
    0    1953199     C      -      -      -      -      -      -   6446      0    python         
    0    1970308     C      -      -      -      -      -      -   1718      0    python         
    0    2556366     C     49     43      -      -      -      -  41580      0    VLLM::EngineCor
    0       5875     C      -      -      -      -      -      -   1192      0    python         
    0    1219611     C      -      -      -      -      -      -   1684      0    python         
    0    1953199     C      -      -      -      -      -      -   6446      0    python         
    0    1970308     C      -      -      -      -      -      -   1718      0    python         
    0    2556366     C     48     43      -      -      -      -  41580      0    VLLM::EngineCor
    0       5875     C      -      -      -      -      -      -   1192      0    python         
    0    1219611     C      -      -      -      -      -      -   1684      0    python         
    0    1953199     C      -      -      -      -      -      -   6446      0    python         
    0    1970308     C      -      -      -      -      -      -   1718      0    python         
    0    2556366     C     46     41      -      -      -      -  41580      0    VLLM::EngineCor
    0       5875     C      -      -      -      -      -      -   1192      0    python         
    0    1219611     C      -      -      -      -      -      -   1684      0    python         
    0    1953199     C      -      -      -      -      -      -   6446      0    python         
    0    1970308     C      -      -      -      -      -      -   1718      0    python         
    0    2556366     C     56     49      -      -      -      -  41580      0    VLLM::EngineCor
    0       5875     C      -      -      -      -      -      -   1192      0    python         
    0    1219611     C      -      -      -      -      -      -   1684      0    python         
    0    1953199     C      -      -      -      -      -      -   6446      0    python         
    0    1970308     C      -      -      -      -      -      -   1718      0    python         
    0    2556366     C     83     74      -      -      -      -  41580      0    VLLM::EngineCor
    0       5875     C      -      -      -      -      -      -   1192      0    python         
# gpu         pid   type     sm    mem    enc    dec    jpg    ofa     fb   ccpm    command 
# Idx           #    C/G      %      %      %      %      %      %     MB     MB    name 
    0    1219611     C      -      -      -      -      -      -   1684      0    python         
    0    1953199     C      -      -      -      -      -      -   6446      0    python         
    0    1970308     C      -      -      -      -      -      -   1718      0    python         
    0    2556366     C     51     45      -      -      -      -  41580      0    VLLM::EngineCor
    0       5875     C      -      -      -      -      -      -   1192      0    python         
    0    1219611     C      -      -      -      -      -      -   1684      0    python         
    0    1953199     C      -      -      -      -      -      -   6446      0    python         
    0    1970308     C      -      -      -      -      -      -   1718      0    python         
    0    2556366     C     92     82      -      -      -      -  41580      0    VLLM::EngineCor
    0       5875     C      -      -      -      -      -      -   1192      0    python         
    0    1219611     C      -      -      -      -      -      -   1684      0    python         
    0    1953199     C      -      -      -      -      -      -   6446      0    python         
    0    1970308     C      -      -      -      -      -      -   1718      0    python         
    0    2556366     C     77     69      -      -      -      -  41580      0    VLLM::EngineCor
    0       5875     C      -      -      -      -      -      -   1192      0    python         
    0    1219611     C      -      -      -      -      -      -   1684      0    python         
    0    1953199     C      -      -      -      -      -      -   6446      0    python         
    0    1970308     C      -      -      -      -      -      -   1718      0    python         
    0    2556366     C     62     54      -      -      -      -  41580      0    VLLM::EngineCor
    0       5875     C      -      -      -      -      -      -   1192      0    python         
    0    1219611     C      -      -      -      -      -      -   1684      0    python         
    0    1953199     C      -      -      -      -      -      -   6446      0    python         
    0    1970308     C      -      -      -      -      -      -   1718      0    python         
    0    2556366     C     73     63      -      -      -      -  41580      0    VLLM::EngineCor
    0       5875     C      -      -      -      -      -      -   1192      0    python         
    0    1219611     C      -      -      -      -      -      -   1684      0    python         
    0    1953199     C      -      -      -      -      -      -   6446      0    python         
    0    1970308     C      -      -      -      -      -      -   1718      0    python         
    0    2556366     C     88     76      -      -      -      -  41580      0    VLLM::EngineCor
    0       5875     C      -      -      -      -      -      -   1192      0    python         
    0    1219611     C      -      -      -      -      -      -   1684      0    python         
    0    1953199     C      -      -      -      -      -      -   6446      0    python         
    0    1970308     C      -      -      -      -      -      -   1718      0    python         
    0    2556366     C     91     79      -      -      -      -  41580      0    VLLM::EngineCor
    0       5875     C      -      -      -      -      -      -   1192      0    python         
    0    1219611     C      -      -      -      -      -      -   1684      0    python         
    0    1953199     C      -      -      -      -      -      -   6446      0    python         
    0    1970308     C      -      -      -      -      -      -   1718      0    python         
    0    2556366     C     78     69      -      -      -      -  41580      0    VLLM::EngineCor
    0       5875     C      -      -      -      -      -      -   1192      0    python         
    0    1219611     C      -      -      -      -      -      -   1684      0    python         
    0    1953199     C      -      -      -      -      -      -   6446      0    python         
    0    1970308     C      -      -      -      -      -      -   1718      0    python         
    0    2556366     C     11     10      -      -      -      -  41580      0    VLLM::EngineCor
# gpu         pid   type     sm    mem    enc    dec    jpg    ofa     fb   ccpm    command 
# Idx           #    C/G      %      %      %      %      %      %     MB     MB    name 
    0       5875     C      -      -      -      -      -      -   1192      0    python         
    0    1219611     C      -      -      -      -      -      -   1684      0    python         
    0    1953199     C      -      -      -      -      -      -   6446      0    python         
    0    1970308     C      -      -      -      -      -      -   1718      0    python         
    0    2556366     C     70     60      -      -      -      -  41580      0    VLLM::EngineCor
    0       5875     C      -      -      -      -      -      -   1192      0    python         
    0    1219611     C      -      -      -      -      -      -   1684      0    python         
    0    1953199     C      -      -      -      -      -      -   6446      0    python         
    0    1970308     C      -      -      -      -      -      -   1718      0    python         
    0    2556366     C     93     82      -      -      -      -  41580      0    VLLM::EngineCor
    0       5875     C      -      -      -      -      -      -   1192      0    python         
    0    1219611     C      -      -      -      -      -      -   1684      0    python         
    0    1953199     C      -      -      -      -      -      -   6446      0    python         
    0    1970308     C      -      -      -      -      -      -   1718      0    python         
    0    2556366     C     53     47      -      -      -      -  41580      0    VLLM::EngineCor
    0       5875     C      -      -      -      -      -      -   1192      0    python         
    0    1219611     C      -      -      -      -      -      -   1684      0    python         
    0    1953199     C      -      -      -      -      -      -   6446      0    python         
    0    1970308     C      -      -      -      -      -      -   1718      0    python         
    0    2556366     C     52     46      -      -      -      -  41176      0    VLLM::EngineCor
