layer,name,category,shapes,matrix_flops,scalar_flops,special_ops,weight_read_bytes,activation_read_bytes,activation_write_bytes,notes
global,embedding,embedding,"{""indices"": [1, 8192], ""table"": [128256, 8192], ""output"": [8192, 8192]}",0,0,{},134217728,65536,134217728,每 token 一次行查找，不读取整个词表；重复 token 是否缓存未假定。int64 输入索引。
0,input_layernorm,normalization,"{""input"": [8192, 8192], ""weight"": [8192], ""output"": [8192, 8192]}",0,268443648,"{""rsqrt"": 8192, ""cast_elements"": 134217728}",16384,134217728,134217728,按 FP32 行内归约的代数计数；rsqrt、类型转换与临时 FP32 张量分列／不推断 HBM spill。
0,q_proj,linear,"{""input"": [8192, 8192], ""weight_math"": [8192, 8192], ""weight_storage"": [8192, 8192], ""output"": [8192, 8192]}",1099511627776,0,{},134217728,134217728,134217728,独立 GEMM：权重与输入各读一次、输出写一次的操作数载荷；不预测 tile 重读。
0,k_proj,linear,"{""input"": [8192, 8192], ""weight_math"": [8192, 1024], ""weight_storage"": [1024, 8192], ""output"": [8192, 1024]}",137438953472,0,{},16777216,134217728,16777216,独立 GEMM：权重与输入各读一次、输出写一次的操作数载荷；不预测 tile 重读。
0,v_proj,linear,"{""input"": [8192, 8192], ""weight_math"": [8192, 1024], ""weight_storage"": [1024, 8192], ""output"": [8192, 1024]}",137438953472,0,{},16777216,134217728,16777216,独立 GEMM：权重与输入各读一次、输出写一次的操作数载荷；不预测 tile 重读。
0,apply_rope,position,"{""Q"": [1, 64, 8192, 128], ""K"": [1, 8, 8192, 128]}",0,226492416,"{""negate"": 37748736}",0,155189248,150994944,2 multiply + 1 add/元素，rotate_half 符号翻转分列；表按批／头理想复用。 Llama has no Q/K norm; shared default position table counted once per layer.
0,kv_append,state,"{""new_K_and_V_each"": [1, 8, 8192, 128]}",0,0,{},0,33554432,33554432,原位／分页 append 载荷；不假定动态 torch.cat 对旧缓存整段复制。
0,qk,attention,"{""Q"": [1, 64, 8192, 128], ""K_shared"": [1, 8, 8192, 128], ""scores_rectangular"": [1, 64, 8192, 8192]}",549822922752,0,{},0,150994944,17179869184,FLOPs 仅有效因果位置；载荷是假定 Q/K 各读一次、GQA 头共享，完整分数矩阵物化。
0,score_scale_mask_softmax,softmax,"{""scores"": [1, 64, 8192, 8192]}",0,8590458880,"{""exp"": 2147745792, ""compare_max"": 2147221504, ""mask_decisions"": 4294967296}",0,17179869184,17179869184,选择的融合 scale/mask/softmax 代数工作；屏蔽点不计 exp。物化 FP32 默认概率；非具体 eager trace。
0,pv,attention,"{""P"": [1, 64, 8192, 8192], ""V_shared"": [1, 8, 8192, 128], ""output"": [1, 64, 8192, 128]}",549822922752,0,{},0,17196646400,134217728,PV/AV：各 Q 头仍计算；V 容量不乘 GQA 复制数。载荷假定 V 在头／查询之间理想复用。
0,o_proj,linear,"{""input"": [8192, 8192], ""weight_math"": [8192, 8192], ""weight_storage"": [8192, 8192], ""output"": [8192, 8192]}",1099511627776,0,{},134217728,134217728,134217728,独立 GEMM：权重与输入各读一次、输出写一次的操作数载荷；不预测 tile 重读。
0,attention_residual,residual,"{""inputs_each"": [8192, 8192], ""output"": [8192, 8192]}",0,67108864,{},0,268435456,134217728,
0,post_attention_layernorm,normalization,"{""input"": [8192, 8192], ""weight"": [8192], ""output"": [8192, 8192]}",0,268443648,"{""rsqrt"": 8192, ""cast_elements"": 134217728}",16384,134217728,134217728,按 FP32 行内归约的代数计数；rsqrt、类型转换与临时 FP32 张量分列／不推断 HBM spill。
0,gate_proj,linear,"{""input"": [8192, 8192], ""weight_math"": [8192, 28672], ""weight_storage"": [28672, 8192], ""output"": [8192, 28672]}",3848290697216,0,{},469762048,134217728,469762048,独立 GEMM：权重与输入各读一次、输出写一次的操作数载荷；不预测 tile 重读。
0,up_proj,linear,"{""input"": [8192, 8192], ""weight_math"": [8192, 28672], ""weight_storage"": [28672, 8192], ""output"": [8192, 28672]}",3848290697216,0,{},469762048,134217728,469762048,独立 GEMM：权重与输入各读一次、输出写一次的操作数载荷；不预测 tile 重读。
0,silu_mul,activation,"{""gate"": [8192, 28672], ""up"": [8192, 28672], ""output"": [8192, 28672]}",0,939524096,"{""exp"": 234881024, ""negate"": 234881024}",0,939524096,469762048,"sigmoid: exp(-x), +1, reciprocal；再乘 x 和 up。exp 与取负分列。"
0,down_proj,linear,"{""input"": [8192, 28672], ""weight_math"": [28672, 8192], ""weight_storage"": [8192, 28672], ""output"": [8192, 8192]}",3848290697216,0,{},469762048,469762048,134217728,独立 GEMM：权重与输入各读一次、输出写一次的操作数载荷；不预测 tile 重读。
0,ffn_residual,residual,"{""inputs_each"": [8192, 8192], ""output"": [8192, 8192]}",0,67108864,{},0,268435456,134217728,
1,input_layernorm,normalization,"{""input"": [8192, 8192], ""weight"": [8192], ""output"": [8192, 8192]}",0,268443648,"{""rsqrt"": 8192, ""cast_elements"": 134217728}",16384,134217728,134217728,按 FP32 行内归约的代数计数；rsqrt、类型转换与临时 FP32 张量分列／不推断 HBM spill。
1,q_proj,linear,"{""input"": [8192, 8192], ""weight_math"": [8192, 8192], ""weight_storage"": [8192, 8192], ""output"": [8192, 8192]}",1099511627776,0,{},134217728,134217728,134217728,独立 GEMM：权重与输入各读一次、输出写一次的操作数载荷；不预测 tile 重读。
1,k_proj,linear,"{""input"": [8192, 8192], ""weight_math"": [8192, 1024], ""weight_storage"": [1024, 8192], ""output"": [8192, 1024]}",137438953472,0,{},16777216,134217728,16777216,独立 GEMM：权重与输入各读一次、输出写一次的操作数载荷；不预测 tile 重读。
1,v_proj,linear,"{""input"": [8192, 8192], ""weight_math"": [8192, 1024], ""weight_storage"": [1024, 8192], ""output"": [8192, 1024]}",137438953472,0,{},16777216,134217728,16777216,独立 GEMM：权重与输入各读一次、输出写一次的操作数载荷；不预测 tile 重读。
1,apply_rope,position,"{""Q"": [1, 64, 8192, 128], ""K"": [1, 8, 8192, 128]}",0,226492416,"{""negate"": 37748736}",0,155189248,150994944,2 multiply + 1 add/元素，rotate_half 符号翻转分列；表按批／头理想复用。 Llama has no Q/K norm; shared default position table counted once per layer.
1,kv_append,state,"{""new_K_and_V_each"": [1, 8, 8192, 128]}",0,0,{},0,33554432,33554432,原位／分页 append 载荷；不假定动态 torch.cat 对旧缓存整段复制。
1,qk,attention,"{""Q"": [1, 64, 8192, 128], ""K_shared"": [1, 8, 8192, 128], ""scores_rectangular"": [1, 64, 8192, 8192]}",549822922752,0,{},0,150994944,17179869184,FLOPs 仅有效因果位置；载荷是假定 Q/K 各读一次、GQA 头共享，完整分数矩阵物化。
1,score_scale_mask_softmax,softmax,"{""scores"": [1, 64, 8192, 8192]}",0,8590458880,"{""exp"": 2147745792, ""compare_max"": 2147221504, ""mask_decisions"": 4294967296}",0,17179869184,17179869184,选择的融合 scale/mask/softmax 代数工作；屏蔽点不计 exp。物化 FP32 默认概率；非具体 eager trace。
1,pv,attention,"{""P"": [1, 64, 8192, 8192], ""V_shared"": [1, 8, 8192, 128], ""output"": [1, 64, 8192, 128]}",549822922752,0,{},0,17196646400,134217728,PV/AV：各 Q 头仍计算；V 容量不乘 GQA 复制数。载荷假定 V 在头／查询之间理想复用。
1,o_proj,linear,"{""input"": [8192, 8192], ""weight_math"": [8192, 8192], ""weight_storage"": [8192, 8192], ""output"": [8192, 8192]}",1099511627776,0,{},134217728,134217728,134217728,独立 GEMM：权重与输入各读一次、输出写一次的操作数载荷；不预测 tile 重读。
1,attention_residual,residual,"{""inputs_each"": [8192, 8192], ""output"": [8192, 8192]}",0,67108864,{},0,268435456,134217728,
1,post_attention_layernorm,normalization,"{""input"": [8192, 8192], ""weight"": [8192], ""output"": [8192, 8192]}",0,268443648,"{""rsqrt"": 8192, ""cast_elements"": 134217728}",16384,134217728,134217728,按 FP32 行内归约的代数计数；rsqrt、类型转换与临时 FP32 张量分列／不推断 HBM spill。
1,gate_proj,linear,"{""input"": [8192, 8192], ""weight_math"": [8192, 28672], ""weight_storage"": [28672, 8192], ""output"": [8192, 28672]}",3848290697216,0,{},469762048,134217728,469762048,独立 GEMM：权重与输入各读一次、输出写一次的操作数载荷；不预测 tile 重读。
1,up_proj,linear,"{""input"": [8192, 8192], ""weight_math"": [8192, 28672], ""weight_storage"": [28672, 8192], ""output"": [8192, 28672]}",3848290697216,0,{},469762048,134217728,469762048,独立 GEMM：权重与输入各读一次、输出写一次的操作数载荷；不预测 tile 重读。
1,silu_mul,activation,"{""gate"": [8192, 28672], ""up"": [8192, 28672], ""output"": [8192, 28672]}",0,939524096,"{""exp"": 234881024, ""negate"": 234881024}",0,939524096,469762048,"sigmoid: exp(-x), +1, reciprocal；再乘 x 和 up。exp 与取负分列。"
1,down_proj,linear,"{""input"": [8192, 28672], ""weight_math"": [28672, 8192], ""weight_storage"": [8192, 28672], ""output"": [8192, 8192]}",3848290697216,0,{},469762048,469762048,134217728,独立 GEMM：权重与输入各读一次、输出写一次的操作数载荷；不预测 tile 重读。
1,ffn_residual,residual,"{""inputs_each"": [8192, 8192], ""output"": [8192, 8192]}",0,67108864,{},0,268435456,134217728,
2,input_layernorm,normalization,"{""input"": [8192, 8192], ""weight"": [8192], ""output"": [8192, 8192]}",0,268443648,"{""rsqrt"": 8192, ""cast_elements"": 134217728}",16384,134217728,134217728,按 FP32 行内归约的代数计数；rsqrt、类型转换与临时 FP32 张量分列／不推断 HBM spill。
2,q_proj,linear,"{""input"": [8192, 8192], ""weight_math"": [8192, 8192], ""weight_storage"": [8192, 8192], ""output"": [8192, 8192]}",1099511627776,0,{},134217728,134217728,134217728,独立 GEMM：权重与输入各读一次、输出写一次的操作数载荷；不预测 tile 重读。
2,k_proj,linear,"{""input"": [8192, 8192], ""weight_math"": [8192, 1024], ""weight_storage"": [1024, 8192], ""output"": [8192, 1024]}",137438953472,0,{},16777216,134217728,16777216,独立 GEMM：权重与输入各读一次、输出写一次的操作数载荷；不预测 tile 重读。
2,v_proj,linear,"{""input"": [8192, 8192], ""weight_math"": [8192, 1024], ""weight_storage"": [1024, 8192], ""output"": [8192, 1024]}",137438953472,0,{},16777216,134217728,16777216,独立 GEMM：权重与输入各读一次、输出写一次的操作数载荷；不预测 tile 重读。
2,apply_rope,position,"{""Q"": [1, 64, 8192, 128], ""K"": [1, 8, 8192, 128]}",0,226492416,"{""negate"": 37748736}",0,155189248,150994944,2 multiply + 1 add/元素，rotate_half 符号翻转分列；表按批／头理想复用。 Llama has no Q/K norm; shared default position table counted once per layer.
2,kv_append,state,"{""new_K_and_V_each"": [1, 8, 8192, 128]}",0,0,{},0,33554432,33554432,原位／分页 append 载荷；不假定动态 torch.cat 对旧缓存整段复制。
2,qk,attention,"{""Q"": [1, 64, 8192, 128], ""K_shared"": [1, 8, 8192, 128], ""scores_rectangular"": [1, 64, 8192, 8192]}",549822922752,0,{},0,150994944,17179869184,FLOPs 仅有效因果位置；载荷是假定 Q/K 各读一次、GQA 头共享，完整分数矩阵物化。
2,score_scale_mask_softmax,softmax,"{""scores"": [1, 64, 8192, 8192]}",0,8590458880,"{""exp"": 2147745792, ""compare_max"": 2147221504, ""mask_decisions"": 4294967296}",0,17179869184,17179869184,选择的融合 scale/mask/softmax 代数工作；屏蔽点不计 exp。物化 FP32 默认概率；非具体 eager trace。
2,pv,attention,"{""P"": [1, 64, 8192, 8192], ""V_shared"": [1, 8, 8192, 128], ""output"": [1, 64, 8192, 128]}",549822922752,0,{},0,17196646400,134217728,PV/AV：各 Q 头仍计算；V 容量不乘 GQA 复制数。载荷假定 V 在头／查询之间理想复用。
2,o_proj,linear,"{""input"": [8192, 8192], ""weight_math"": [8192, 8192], ""weight_storage"": [8192, 8192], ""output"": [8192, 8192]}",1099511627776,0,{},134217728,134217728,134217728,独立 GEMM：权重与输入各读一次、输出写一次的操作数载荷；不预测 tile 重读。
2,attention_residual,residual,"{""inputs_each"": [8192, 8192], ""output"": [8192, 8192]}",0,67108864,{},0,268435456,134217728,
2,post_attention_layernorm,normalization,"{""input"": [8192, 8192], ""weight"": [8192], ""output"": [8192, 8192]}",0,268443648,"{""rsqrt"": 8192, ""cast_elements"": 134217728}",16384,134217728,134217728,按 FP32 行内归约的代数计数；rsqrt、类型转换与临时 FP32 张量分列／不推断 HBM spill。
2,gate_proj,linear,"{""input"": [8192, 8192], ""weight_math"": [8192, 28672], ""weight_storage"": [28672, 8192], ""output"": [8192, 28672]}",3848290697216,0,{},469762048,134217728,469762048,独立 GEMM：权重与输入各读一次、输出写一次的操作数载荷；不预测 tile 重读。
2,up_proj,linear,"{""input"": [8192, 8192], ""weight_math"": [8192, 28672], ""weight_storage"": [28672, 8192], ""output"": [8192, 28672]}",3848290697216,0,{},469762048,134217728,469762048,独立 GEMM：权重与输入各读一次、输出写一次的操作数载荷；不预测 tile 重读。
2,silu_mul,activation,"{""gate"": [8192, 28672], ""up"": [8192, 28672], ""output"": [8192, 28672]}",0,939524096,"{""exp"": 234881024, ""negate"": 234881024}",0,939524096,469762048,"sigmoid: exp(-x), +1, reciprocal；再乘 x 和 up。exp 与取负分列。"
2,down_proj,linear,"{""input"": [8192, 28672], ""weight_math"": [28672, 8192], ""weight_storage"": [8192, 28672], ""output"": [8192, 8192]}",3848290697216,0,{},469762048,469762048,134217728,独立 GEMM：权重与输入各读一次、输出写一次的操作数载荷；不预测 tile 重读。
2,ffn_residual,residual,"{""inputs_each"": [8192, 8192], ""output"": [8192, 8192]}",0,67108864,{},0,268435456,134217728,
3,input_layernorm,normalization,"{""input"": [8192, 8192], ""weight"": [8192], ""output"": [8192, 8192]}",0,268443648,"{""rsqrt"": 8192, ""cast_elements"": 134217728}",16384,134217728,134217728,按 FP32 行内归约的代数计数；rsqrt、类型转换与临时 FP32 张量分列／不推断 HBM spill。
3,q_proj,linear,"{""input"": [8192, 8192], ""weight_math"": [8192, 8192], ""weight_storage"": [8192, 8192], ""output"": [8192, 8192]}",1099511627776,0,{},134217728,134217728,134217728,独立 GEMM：权重与输入各读一次、输出写一次的操作数载荷；不预测 tile 重读。
3,k_proj,linear,"{""input"": [8192, 8192], ""weight_math"": [8192, 1024], ""weight_storage"": [1024, 8192], ""output"": [8192, 1024]}",137438953472,0,{},16777216,134217728,16777216,独立 GEMM：权重与输入各读一次、输出写一次的操作数载荷；不预测 tile 重读。
3,v_proj,linear,"{""input"": [8192, 8192], ""weight_math"": [8192, 1024], ""weight_storage"": [1024, 8192], ""output"": [8192, 1024]}",137438953472,0,{},16777216,134217728,16777216,独立 GEMM：权重与输入各读一次、输出写一次的操作数载荷；不预测 tile 重读。
3,apply_rope,position,"{""Q"": [1, 64, 8192, 128], ""K"": [1, 8, 8192, 128]}",0,226492416,"{""negate"": 37748736}",0,155189248,150994944,2 multiply + 1 add/元素，rotate_half 符号翻转分列；表按批／头理想复用。 Llama has no Q/K norm; shared default position table counted once per layer.
3,kv_append,state,"{""new_K_and_V_each"": [1, 8, 8192, 128]}",0,0,{},0,33554432,33554432,原位／分页 append 载荷；不假定动态 torch.cat 对旧缓存整段复制。
3,qk,attention,"{""Q"": [1, 64, 8192, 128], ""K_shared"": [1, 8, 8192, 128], ""scores_rectangular"": [1, 64, 8192, 8192]}",549822922752,0,{},0,150994944,17179869184,FLOPs 仅有效因果位置；载荷是假定 Q/K 各读一次、GQA 头共享，完整分数矩阵物化。
3,score_scale_mask_softmax,softmax,"{""scores"": [1, 64, 8192, 8192]}",0,8590458880,"{""exp"": 2147745792, ""compare_max"": 2147221504, ""mask_decisions"": 4294967296}",0,17179869184,17179869184,选择的融合 scale/mask/softmax 代数工作；屏蔽点不计 exp。物化 FP32 默认概率；非具体 eager trace。
3,pv,attention,"{""P"": [1, 64, 8192, 8192], ""V_shared"": [1, 8, 8192, 128], ""output"": [1, 64, 8192, 128]}",549822922752,0,{},0,17196646400,134217728,PV/AV：各 Q 头仍计算；V 容量不乘 GQA 复制数。载荷假定 V 在头／查询之间理想复用。
3,o_proj,linear,"{""input"": [8192, 8192], ""weight_math"": [8192, 8192], ""weight_storage"": [8192, 8192], ""output"": [8192, 8192]}",1099511627776,0,{},134217728,134217728,134217728,独立 GEMM：权重与输入各读一次、输出写一次的操作数载荷；不预测 tile 重读。
3,attention_residual,residual,"{""inputs_each"": [8192, 8192], ""output"": [8192, 8192]}",0,67108864,{},0,268435456,134217728,
3,post_attention_layernorm,normalization,"{""input"": [8192, 8192], ""weight"": [8192], ""output"": [8192, 8192]}",0,268443648,"{""rsqrt"": 8192, ""cast_elements"": 134217728}",16384,134217728,134217728,按 FP32 行内归约的代数计数；rsqrt、类型转换与临时 FP32 张量分列／不推断 HBM spill。
3,gate_proj,linear,"{""input"": [8192, 8192], ""weight_math"": [8192, 28672], ""weight_storage"": [28672, 8192], ""output"": [8192, 28672]}",3848290697216,0,{},469762048,134217728,469762048,独立 GEMM：权重与输入各读一次、输出写一次的操作数载荷；不预测 tile 重读。
3,up_proj,linear,"{""input"": [8192, 8192], ""weight_math"": [8192, 28672], ""weight_storage"": [28672, 8192], ""output"": [8192, 28672]}",3848290697216,0,{},469762048,134217728,469762048,独立 GEMM：权重与输入各读一次、输出写一次的操作数载荷；不预测 tile 重读。
3,silu_mul,activation,"{""gate"": [8192, 28672], ""up"": [8192, 28672], ""output"": [8192, 28672]}",0,939524096,"{""exp"": 234881024, ""negate"": 234881024}",0,939524096,469762048,"sigmoid: exp(-x), +1, reciprocal；再乘 x 和 up。exp 与取负分列。"
3,down_proj,linear,"{""input"": [8192, 28672], ""weight_math"": [28672, 8192], ""weight_storage"": [8192, 28672], ""output"": [8192, 8192]}",3848290697216,0,{},469762048,469762048,134217728,独立 GEMM：权重与输入各读一次、输出写一次的操作数载荷；不预测 tile 重读。
3,ffn_residual,residual,"{""inputs_each"": [8192, 8192], ""output"": [8192, 8192]}",0,67108864,{},0,268435456,134217728,
4,input_layernorm,normalization,"{""input"": [8192, 8192], ""weight"": [8192], ""output"": [8192, 8192]}",0,268443648,"{""rsqrt"": 8192, ""cast_elements"": 134217728}",16384,134217728,134217728,按 FP32 行内归约的代数计数；rsqrt、类型转换与临时 FP32 张量分列／不推断 HBM spill。
4,q_proj,linear,"{""input"": [8192, 8192], ""weight_math"": [8192, 8192], ""weight_storage"": [8192, 8192], ""output"": [8192, 8192]}",1099511627776,0,{},134217728,134217728,134217728,独立 GEMM：权重与输入各读一次、输出写一次的操作数载荷；不预测 tile 重读。
4,k_proj,linear,"{""input"": [8192, 8192], ""weight_math"": [8192, 1024], ""weight_storage"": [1024, 8192], ""output"": [8192, 1024]}",137438953472,0,{},16777216,134217728,16777216,独立 GEMM：权重与输入各读一次、输出写一次的操作数载荷；不预测 tile 重读。
4,v_proj,linear,"{""input"": [8192, 8192], ""weight_math"": [8192, 1024], ""weight_storage"": [1024, 8192], ""output"": [8192, 1024]}",137438953472,0,{},16777216,134217728,16777216,独立 GEMM：权重与输入各读一次、输出写一次的操作数载荷；不预测 tile 重读。
4,apply_rope,position,"{""Q"": [1, 64, 8192, 128], ""K"": [1, 8, 8192, 128]}",0,226492416,"{""negate"": 37748736}",0,155189248,150994944,2 multiply + 1 add/元素，rotate_half 符号翻转分列；表按批／头理想复用。 Llama has no Q/K norm; shared default position table counted once per layer.
4,kv_append,state,"{""new_K_and_V_each"": [1, 8, 8192, 128]}",0,0,{},0,33554432,33554432,原位／分页 append 载荷；不假定动态 torch.cat 对旧缓存整段复制。
4,qk,attention,"{""Q"": [1, 64, 8192, 128], ""K_shared"": [1, 8, 8192, 128], ""scores_rectangular"": [1, 64, 8192, 8192]}",549822922752,0,{},0,150994944,17179869184,FLOPs 仅有效因果位置；载荷是假定 Q/K 各读一次、GQA 头共享，完整分数矩阵物化。
4,score_scale_mask_softmax,softmax,"{""scores"": [1, 64, 8192, 8192]}",0,8590458880,"{""exp"": 2147745792, ""compare_max"": 2147221504, ""mask_decisions"": 4294967296}",0,17179869184,17179869184,选择的融合 scale/mask/softmax 代数工作；屏蔽点不计 exp。物化 FP32 默认概率；非具体 eager trace。
4,pv,attention,"{""P"": [1, 64, 8192, 8192], ""V_shared"": [1, 8, 8192, 128], ""output"": [1, 64, 8192, 128]}",549822922752,0,{},0,17196646400,134217728,PV/AV：各 Q 头仍计算；V 容量不乘 GQA 复制数。载荷假定 V 在头／查询之间理想复用。
4,o_proj,linear,"{""input"": [8192, 8192], ""weight_math"": [8192, 8192], ""weight_storage"": [8192, 8192], ""output"": [8192, 8192]}",1099511627776,0,{},134217728,134217728,134217728,独立 GEMM：权重与输入各读一次、输出写一次的操作数载荷；不预测 tile 重读。
4,attention_residual,residual,"{""inputs_each"": [8192, 8192], ""output"": [8192, 8192]}",0,67108864,{},0,268435456,134217728,
4,post_attention_layernorm,normalization,"{""input"": [8192, 8192], ""weight"": [8192], ""output"": [8192, 8192]}",0,268443648,"{""rsqrt"": 8192, ""cast_elements"": 134217728}",16384,134217728,134217728,按 FP32 行内归约的代数计数；rsqrt、类型转换与临时 FP32 张量分列／不推断 HBM spill。
4,gate_proj,linear,"{""input"": [8192, 8192], ""weight_math"": [8192, 28672], ""weight_storage"": [28672, 8192], ""output"": [8192, 28672]}",3848290697216,0,{},469762048,134217728,469762048,独立 GEMM：权重与输入各读一次、输出写一次的操作数载荷；不预测 tile 重读。
4,up_proj,linear,"{""input"": [8192, 8192], ""weight_math"": [8192, 28672], ""weight_storage"": [28672, 8192], ""output"": [8192, 28672]}",3848290697216,0,{},469762048,134217728,469762048,独立 GEMM：权重与输入各读一次、输出写一次的操作数载荷；不预测 tile 重读。
4,silu_mul,activation,"{""gate"": [8192, 28672], ""up"": [8192, 28672], ""output"": [8192, 28672]}",0,939524096,"{""exp"": 234881024, ""negate"": 234881024}",0,939524096,469762048,"sigmoid: exp(-x), +1, reciprocal；再乘 x 和 up。exp 与取负分列。"
4,down_proj,linear,"{""input"": [8192, 28672], ""weight_math"": [28672, 8192], ""weight_storage"": [8192, 28672], ""output"": [8192, 8192]}",3848290697216,0,{},469762048,469762048,134217728,独立 GEMM：权重与输入各读一次、输出写一次的操作数载荷；不预测 tile 重读。
4,ffn_residual,residual,"{""inputs_each"": [8192, 8192], ""output"": [8192, 8192]}",0,67108864,{},0,268435456,134217728,
5,input_layernorm,normalization,"{""input"": [8192, 8192], ""weight"": [8192], ""output"": [8192, 8192]}",0,268443648,"{""rsqrt"": 8192, ""cast_elements"": 134217728}",16384,134217728,134217728,按 FP32 行内归约的代数计数；rsqrt、类型转换与临时 FP32 张量分列／不推断 HBM spill。
5,q_proj,linear,"{""input"": [8192, 8192], ""weight_math"": [8192, 8192], ""weight_storage"": [8192, 8192], ""output"": [8192, 8192]}",1099511627776,0,{},134217728,134217728,134217728,独立 GEMM：权重与输入各读一次、输出写一次的操作数载荷；不预测 tile 重读。
5,k_proj,linear,"{""input"": [8192, 8192], ""weight_math"": [8192, 1024], ""weight_storage"": [1024, 8192], ""output"": [8192, 1024]}",137438953472,0,{},16777216,134217728,16777216,独立 GEMM：权重与输入各读一次、输出写一次的操作数载荷；不预测 tile 重读。
5,v_proj,linear,"{""input"": [8192, 8192], ""weight_math"": [8192, 1024], ""weight_storage"": [1024, 8192], ""output"": [8192, 1024]}",137438953472,0,{},16777216,134217728,16777216,独立 GEMM：权重与输入各读一次、输出写一次的操作数载荷；不预测 tile 重读。
5,apply_rope,position,"{""Q"": [1, 64, 8192, 128], ""K"": [1, 8, 8192, 128]}",0,226492416,"{""negate"": 37748736}",0,155189248,150994944,2 multiply + 1 add/元素，rotate_half 符号翻转分列；表按批／头理想复用。 Llama has no Q/K norm; shared default position table counted once per layer.
5,kv_append,state,"{""new_K_and_V_each"": [1, 8, 8192, 128]}",0,0,{},0,33554432,33554432,原位／分页 append 载荷；不假定动态 torch.cat 对旧缓存整段复制。
5,qk,attention,"{""Q"": [1, 64, 8192, 128], ""K_shared"": [1, 8, 8192, 128], ""scores_rectangular"": [1, 64, 8192, 8192]}",549822922752,0,{},0,150994944,17179869184,FLOPs 仅有效因果位置；载荷是假定 Q/K 各读一次、GQA 头共享，完整分数矩阵物化。
5,score_scale_mask_softmax,softmax,"{""scores"": [1, 64, 8192, 8192]}",0,8590458880,"{""exp"": 2147745792, ""compare_max"": 2147221504, ""mask_decisions"": 4294967296}",0,17179869184,17179869184,选择的融合 scale/mask/softmax 代数工作；屏蔽点不计 exp。物化 FP32 默认概率；非具体 eager trace。
5,pv,attention,"{""P"": [1, 64, 8192, 8192], ""V_shared"": [1, 8, 8192, 128], ""output"": [1, 64, 8192, 128]}",549822922752,0,{},0,17196646400,134217728,PV/AV：各 Q 头仍计算；V 容量不乘 GQA 复制数。载荷假定 V 在头／查询之间理想复用。
5,o_proj,linear,"{""input"": [8192, 8192], ""weight_math"": [8192, 8192], ""weight_storage"": [8192, 8192], ""output"": [8192, 8192]}",1099511627776,0,{},134217728,134217728,134217728,独立 GEMM：权重与输入各读一次、输出写一次的操作数载荷；不预测 tile 重读。
5,attention_residual,residual,"{""inputs_each"": [8192, 8192], ""output"": [8192, 8192]}",0,67108864,{},0,268435456,134217728,
5,post_attention_layernorm,normalization,"{""input"": [8192, 8192], ""weight"": [8192], ""output"": [8192, 8192]}",0,268443648,"{""rsqrt"": 8192, ""cast_elements"": 134217728}",16384,134217728,134217728,按 FP32 行内归约的代数计数；rsqrt、类型转换与临时 FP32 张量分列／不推断 HBM spill。
5,gate_proj,linear,"{""input"": [8192, 8192], ""weight_math"": [8192, 28672], ""weight_storage"": [28672, 8192], ""output"": [8192, 28672]}",3848290697216,0,{},469762048,134217728,469762048,独立 GEMM：权重与输入各读一次、输出写一次的操作数载荷；不预测 tile 重读。
5,up_proj,linear,"{""input"": [8192, 8192], ""weight_math"": [8192, 28672], ""weight_storage"": [28672, 8192], ""output"": [8192, 28672]}",3848290697216,0,{},469762048,134217728,469762048,独立 GEMM：权重与输入各读一次、输出写一次的操作数载荷；不预测 tile 重读。
5,silu_mul,activation,"{""gate"": [8192, 28672], ""up"": [8192, 28672], ""output"": [8192, 28672]}",0,939524096,"{""exp"": 234881024, ""negate"": 234881024}",0,939524096,469762048,"sigmoid: exp(-x), +1, reciprocal；再乘 x 和 up。exp 与取负分列。"
5,down_proj,linear,"{""input"": [8192, 28672], ""weight_math"": [28672, 8192], ""weight_storage"": [8192, 28672], ""output"": [8192, 8192]}",3848290697216,0,{},469762048,469762048,134217728,独立 GEMM：权重与输入各读一次、输出写一次的操作数载荷；不预测 tile 重读。
5,ffn_residual,residual,"{""inputs_each"": [8192, 8192], ""output"": [8192, 8192]}",0,67108864,{},0,268435456,134217728,
6,input_layernorm,normalization,"{""input"": [8192, 8192], ""weight"": [8192], ""output"": [8192, 8192]}",0,268443648,"{""rsqrt"": 8192, ""cast_elements"": 134217728}",16384,134217728,134217728,按 FP32 行内归约的代数计数；rsqrt、类型转换与临时 FP32 张量分列／不推断 HBM spill。
6,q_proj,linear,"{""input"": [8192, 8192], ""weight_math"": [8192, 8192], ""weight_storage"": [8192, 8192], ""output"": [8192, 8192]}",1099511627776,0,{},134217728,134217728,134217728,独立 GEMM：权重与输入各读一次、输出写一次的操作数载荷；不预测 tile 重读。
6,k_proj,linear,"{""input"": [8192, 8192], ""weight_math"": [8192, 1024], ""weight_storage"": [1024, 8192], ""output"": [8192, 1024]}",137438953472,0,{},16777216,134217728,16777216,独立 GEMM：权重与输入各读一次、输出写一次的操作数载荷；不预测 tile 重读。
6,v_proj,linear,"{""input"": [8192, 8192], ""weight_math"": [8192, 1024], ""weight_storage"": [1024, 8192], ""output"": [8192, 1024]}",137438953472,0,{},16777216,134217728,16777216,独立 GEMM：权重与输入各读一次、输出写一次的操作数载荷；不预测 tile 重读。
6,apply_rope,position,"{""Q"": [1, 64, 8192, 128], ""K"": [1, 8, 8192, 128]}",0,226492416,"{""negate"": 37748736}",0,155189248,150994944,2 multiply + 1 add/元素，rotate_half 符号翻转分列；表按批／头理想复用。 Llama has no Q/K norm; shared default position table counted once per layer.
6,kv_append,state,"{""new_K_and_V_each"": [1, 8, 8192, 128]}",0,0,{},0,33554432,33554432,原位／分页 append 载荷；不假定动态 torch.cat 对旧缓存整段复制。
6,qk,attention,"{""Q"": [1, 64, 8192, 128], ""K_shared"": [1, 8, 8192, 128], ""scores_rectangular"": [1, 64, 8192, 8192]}",549822922752,0,{},0,150994944,17179869184,FLOPs 仅有效因果位置；载荷是假定 Q/K 各读一次、GQA 头共享，完整分数矩阵物化。
6,score_scale_mask_softmax,softmax,"{""scores"": [1, 64, 8192, 8192]}",0,8590458880,"{""exp"": 2147745792, ""compare_max"": 2147221504, ""mask_decisions"": 4294967296}",0,17179869184,17179869184,选择的融合 scale/mask/softmax 代数工作；屏蔽点不计 exp。物化 FP32 默认概率；非具体 eager trace。
6,pv,attention,"{""P"": [1, 64, 8192, 8192], ""V_shared"": [1, 8, 8192, 128], ""output"": [1, 64, 8192, 128]}",549822922752,0,{},0,17196646400,134217728,PV/AV：各 Q 头仍计算；V 容量不乘 GQA 复制数。载荷假定 V 在头／查询之间理想复用。
6,o_proj,linear,"{""input"": [8192, 8192], ""weight_math"": [8192, 8192], ""weight_storage"": [8192, 8192], ""output"": [8192, 8192]}",1099511627776,0,{},134217728,134217728,134217728,独立 GEMM：权重与输入各读一次、输出写一次的操作数载荷；不预测 tile 重读。
6,attention_residual,residual,"{""inputs_each"": [8192, 8192], ""output"": [8192, 8192]}",0,67108864,{},0,268435456,134217728,
6,post_attention_layernorm,normalization,"{""input"": [8192, 8192], ""weight"": [8192], ""output"": [8192, 8192]}",0,268443648,"{""rsqrt"": 8192, ""cast_elements"": 134217728}",16384,134217728,134217728,按 FP32 行内归约的代数计数；rsqrt、类型转换与临时 FP32 张量分列／不推断 HBM spill。
6,gate_proj,linear,"{""input"": [8192, 8192], ""weight_math"": [8192, 28672], ""weight_storage"": [28672, 8192], ""output"": [8192, 28672]}",3848290697216,0,{},469762048,134217728,469762048,独立 GEMM：权重与输入各读一次、输出写一次的操作数载荷；不预测 tile 重读。
6,up_proj,linear,"{""input"": [8192, 8192], ""weight_math"": [8192, 28672], ""weight_storage"": [28672, 8192], ""output"": [8192, 28672]}",3848290697216,0,{},469762048,134217728,469762048,独立 GEMM：权重与输入各读一次、输出写一次的操作数载荷；不预测 tile 重读。
6,silu_mul,activation,"{""gate"": [8192, 28672], ""up"": [8192, 28672], ""output"": [8192, 28672]}",0,939524096,"{""exp"": 234881024, ""negate"": 234881024}",0,939524096,469762048,"sigmoid: exp(-x), +1, reciprocal；再乘 x 和 up。exp 与取负分列。"
6,down_proj,linear,"{""input"": [8192, 28672], ""weight_math"": [28672, 8192], ""weight_storage"": [8192, 28672], ""output"": [8192, 8192]}",3848290697216,0,{},469762048,469762048,134217728,独立 GEMM：权重与输入各读一次、输出写一次的操作数载荷；不预测 tile 重读。
6,ffn_residual,residual,"{""inputs_each"": [8192, 8192], ""output"": [8192, 8192]}",0,67108864,{},0,268435456,134217728,
7,input_layernorm,normalization,"{""input"": [8192, 8192], ""weight"": [8192], ""output"": [8192, 8192]}",0,268443648,"{""rsqrt"": 8192, ""cast_elements"": 134217728}",16384,134217728,134217728,按 FP32 行内归约的代数计数；rsqrt、类型转换与临时 FP32 张量分列／不推断 HBM spill。
7,q_proj,linear,"{""input"": [8192, 8192], ""weight_math"": [8192, 8192], ""weight_storage"": [8192, 8192], ""output"": [8192, 8192]}",1099511627776,0,{},134217728,134217728,134217728,独立 GEMM：权重与输入各读一次、输出写一次的操作数载荷；不预测 tile 重读。
7,k_proj,linear,"{""input"": [8192, 8192], ""weight_math"": [8192, 1024], ""weight_storage"": [1024, 8192], ""output"": [8192, 1024]}",137438953472,0,{},16777216,134217728,16777216,独立 GEMM：权重与输入各读一次、输出写一次的操作数载荷；不预测 tile 重读。
7,v_proj,linear,"{""input"": [8192, 8192], ""weight_math"": [8192, 1024], ""weight_storage"": [1024, 8192], ""output"": [8192, 1024]}",137438953472,0,{},16777216,134217728,16777216,独立 GEMM：权重与输入各读一次、输出写一次的操作数载荷；不预测 tile 重读。
7,apply_rope,position,"{""Q"": [1, 64, 8192, 128], ""K"": [1, 8, 8192, 128]}",0,226492416,"{""negate"": 37748736}",0,155189248,150994944,2 multiply + 1 add/元素，rotate_half 符号翻转分列；表按批／头理想复用。 Llama has no Q/K norm; shared default position table counted once per layer.
7,kv_append,state,"{""new_K_and_V_each"": [1, 8, 8192, 128]}",0,0,{},0,33554432,33554432,原位／分页 append 载荷；不假定动态 torch.cat 对旧缓存整段复制。
7,qk,attention,"{""Q"": [1, 64, 8192, 128], ""K_shared"": [1, 8, 8192, 128], ""scores_rectangular"": [1, 64, 8192, 8192]}",549822922752,0,{},0,150994944,17179869184,FLOPs 仅有效因果位置；载荷是假定 Q/K 各读一次、GQA 头共享，完整分数矩阵物化。
7,score_scale_mask_softmax,softmax,"{""scores"": [1, 64, 8192, 8192]}",0,8590458880,"{""exp"": 2147745792, ""compare_max"": 2147221504, ""mask_decisions"": 4294967296}",0,17179869184,17179869184,选择的融合 scale/mask/softmax 代数工作；屏蔽点不计 exp。物化 FP32 默认概率；非具体 eager trace。
7,pv,attention,"{""P"": [1, 64, 8192, 8192], ""V_shared"": [1, 8, 8192, 128], ""output"": [1, 64, 8192, 128]}",549822922752,0,{},0,17196646400,134217728,PV/AV：各 Q 头仍计算；V 容量不乘 GQA 复制数。载荷假定 V 在头／查询之间理想复用。
7,o_proj,linear,"{""input"": [8192, 8192], ""weight_math"": [8192, 8192], ""weight_storage"": [8192, 8192], ""output"": [8192, 8192]}",1099511627776,0,{},134217728,134217728,134217728,独立 GEMM：权重与输入各读一次、输出写一次的操作数载荷；不预测 tile 重读。
7,attention_residual,residual,"{""inputs_each"": [8192, 8192], ""output"": [8192, 8192]}",0,67108864,{},0,268435456,134217728,
7,post_attention_layernorm,normalization,"{""input"": [8192, 8192], ""weight"": [8192], ""output"": [8192, 8192]}",0,268443648,"{""rsqrt"": 8192, ""cast_elements"": 134217728}",16384,134217728,134217728,按 FP32 行内归约的代数计数；rsqrt、类型转换与临时 FP32 张量分列／不推断 HBM spill。
7,gate_proj,linear,"{""input"": [8192, 8192], ""weight_math"": [8192, 28672], ""weight_storage"": [28672, 8192], ""output"": [8192, 28672]}",3848290697216,0,{},469762048,134217728,469762048,独立 GEMM：权重与输入各读一次、输出写一次的操作数载荷；不预测 tile 重读。
7,up_proj,linear,"{""input"": [8192, 8192], ""weight_math"": [8192, 28672], ""weight_storage"": [28672, 8192], ""output"": [8192, 28672]}",3848290697216,0,{},469762048,134217728,469762048,独立 GEMM：权重与输入各读一次、输出写一次的操作数载荷；不预测 tile 重读。
7,silu_mul,activation,"{""gate"": [8192, 28672], ""up"": [8192, 28672], ""output"": [8192, 28672]}",0,939524096,"{""exp"": 234881024, ""negate"": 234881024}",0,939524096,469762048,"sigmoid: exp(-x), +1, reciprocal；再乘 x 和 up。exp 与取负分列。"
7,down_proj,linear,"{""input"": [8192, 28672], ""weight_math"": [28672, 8192], ""weight_storage"": [8192, 28672], ""output"": [8192, 8192]}",3848290697216,0,{},469762048,469762048,134217728,独立 GEMM：权重与输入各读一次、输出写一次的操作数载荷；不预测 tile 重读。
7,ffn_residual,residual,"{""inputs_each"": [8192, 8192], ""output"": [8192, 8192]}",0,67108864,{},0,268435456,134217728,
8,input_layernorm,normalization,"{""input"": [8192, 8192], ""weight"": [8192], ""output"": [8192, 8192]}",0,268443648,"{""rsqrt"": 8192, ""cast_elements"": 134217728}",16384,134217728,134217728,按 FP32 行内归约的代数计数；rsqrt、类型转换与临时 FP32 张量分列／不推断 HBM spill。
8,q_proj,linear,"{""input"": [8192, 8192], ""weight_math"": [8192, 8192], ""weight_storage"": [8192, 8192], ""output"": [8192, 8192]}",1099511627776,0,{},134217728,134217728,134217728,独立 GEMM：权重与输入各读一次、输出写一次的操作数载荷；不预测 tile 重读。
8,k_proj,linear,"{""input"": [8192, 8192], ""weight_math"": [8192, 1024], ""weight_storage"": [1024, 8192], ""output"": [8192, 1024]}",137438953472,0,{},16777216,134217728,16777216,独立 GEMM：权重与输入各读一次、输出写一次的操作数载荷；不预测 tile 重读。
8,v_proj,linear,"{""input"": [8192, 8192], ""weight_math"": [8192, 1024], ""weight_storage"": [1024, 8192], ""output"": [8192, 1024]}",137438953472,0,{},16777216,134217728,16777216,独立 GEMM：权重与输入各读一次、输出写一次的操作数载荷；不预测 tile 重读。
8,apply_rope,position,"{""Q"": [1, 64, 8192, 128], ""K"": [1, 8, 8192, 128]}",0,226492416,"{""negate"": 37748736}",0,155189248,150994944,2 multiply + 1 add/元素，rotate_half 符号翻转分列；表按批／头理想复用。 Llama has no Q/K norm; shared default position table counted once per layer.
8,kv_append,state,"{""new_K_and_V_each"": [1, 8, 8192, 128]}",0,0,{},0,33554432,33554432,原位／分页 append 载荷；不假定动态 torch.cat 对旧缓存整段复制。
8,qk,attention,"{""Q"": [1, 64, 8192, 128], ""K_shared"": [1, 8, 8192, 128], ""scores_rectangular"": [1, 64, 8192, 8192]}",549822922752,0,{},0,150994944,17179869184,FLOPs 仅有效因果位置；载荷是假定 Q/K 各读一次、GQA 头共享，完整分数矩阵物化。
8,score_scale_mask_softmax,softmax,"{""scores"": [1, 64, 8192, 8192]}",0,8590458880,"{""exp"": 2147745792, ""compare_max"": 2147221504, ""mask_decisions"": 4294967296}",0,17179869184,17179869184,选择的融合 scale/mask/softmax 代数工作；屏蔽点不计 exp。物化 FP32 默认概率；非具体 eager trace。
8,pv,attention,"{""P"": [1, 64, 8192, 8192], ""V_shared"": [1, 8, 8192, 128], ""output"": [1, 64, 8192, 128]}",549822922752,0,{},0,17196646400,134217728,PV/AV：各 Q 头仍计算；V 容量不乘 GQA 复制数。载荷假定 V 在头／查询之间理想复用。
8,o_proj,linear,"{""input"": [8192, 8192], ""weight_math"": [8192, 8192], ""weight_storage"": [8192, 8192], ""output"": [8192, 8192]}",1099511627776,0,{},134217728,134217728,134217728,独立 GEMM：权重与输入各读一次、输出写一次的操作数载荷；不预测 tile 重读。
8,attention_residual,residual,"{""inputs_each"": [8192, 8192], ""output"": [8192, 8192]}",0,67108864,{},0,268435456,134217728,
8,post_attention_layernorm,normalization,"{""input"": [8192, 8192], ""weight"": [8192], ""output"": [8192, 8192]}",0,268443648,"{""rsqrt"": 8192, ""cast_elements"": 134217728}",16384,134217728,134217728,按 FP32 行内归约的代数计数；rsqrt、类型转换与临时 FP32 张量分列／不推断 HBM spill。
8,gate_proj,linear,"{""input"": [8192, 8192], ""weight_math"": [8192, 28672], ""weight_storage"": [28672, 8192], ""output"": [8192, 28672]}",3848290697216,0,{},469762048,134217728,469762048,独立 GEMM：权重与输入各读一次、输出写一次的操作数载荷；不预测 tile 重读。
8,up_proj,linear,"{""input"": [8192, 8192], ""weight_math"": [8192, 28672], ""weight_storage"": [28672, 8192], ""output"": [8192, 28672]}",3848290697216,0,{},469762048,134217728,469762048,独立 GEMM：权重与输入各读一次、输出写一次的操作数载荷；不预测 tile 重读。
8,silu_mul,activation,"{""gate"": [8192, 28672], ""up"": [8192, 28672], ""output"": [8192, 28672]}",0,939524096,"{""exp"": 234881024, ""negate"": 234881024}",0,939524096,469762048,"sigmoid: exp(-x), +1, reciprocal；再乘 x 和 up。exp 与取负分列。"
8,down_proj,linear,"{""input"": [8192, 28672], ""weight_math"": [28672, 8192], ""weight_storage"": [8192, 28672], ""output"": [8192, 8192]}",3848290697216,0,{},469762048,469762048,134217728,独立 GEMM：权重与输入各读一次、输出写一次的操作数载荷；不预测 tile 重读。
8,ffn_residual,residual,"{""inputs_each"": [8192, 8192], ""output"": [8192, 8192]}",0,67108864,{},0,268435456,134217728,
9,input_layernorm,normalization,"{""input"": [8192, 8192], ""weight"": [8192], ""output"": [8192, 8192]}",0,268443648,"{""rsqrt"": 8192, ""cast_elements"": 134217728}",16384,134217728,134217728,按 FP32 行内归约的代数计数；rsqrt、类型转换与临时 FP32 张量分列／不推断 HBM spill。
9,q_proj,linear,"{""input"": [8192, 8192], ""weight_math"": [8192, 8192], ""weight_storage"": [8192, 8192], ""output"": [8192, 8192]}",1099511627776,0,{},134217728,134217728,134217728,独立 GEMM：权重与输入各读一次、输出写一次的操作数载荷；不预测 tile 重读。
9,k_proj,linear,"{""input"": [8192, 8192], ""weight_math"": [8192, 1024], ""weight_storage"": [1024, 8192], ""output"": [8192, 1024]}",137438953472,0,{},16777216,134217728,16777216,独立 GEMM：权重与输入各读一次、输出写一次的操作数载荷；不预测 tile 重读。
9,v_proj,linear,"{""input"": [8192, 8192], ""weight_math"": [8192, 1024], ""weight_storage"": [1024, 8192], ""output"": [8192, 1024]}",137438953472,0,{},16777216,134217728,16777216,独立 GEMM：权重与输入各读一次、输出写一次的操作数载荷；不预测 tile 重读。
9,apply_rope,position,"{""Q"": [1, 64, 8192, 128], ""K"": [1, 8, 8192, 128]}",0,226492416,"{""negate"": 37748736}",0,155189248,150994944,2 multiply + 1 add/元素，rotate_half 符号翻转分列；表按批／头理想复用。 Llama has no Q/K norm; shared default position table counted once per layer.
9,kv_append,state,"{""new_K_and_V_each"": [1, 8, 8192, 128]}",0,0,{},0,33554432,33554432,原位／分页 append 载荷；不假定动态 torch.cat 对旧缓存整段复制。
9,qk,attention,"{""Q"": [1, 64, 8192, 128], ""K_shared"": [1, 8, 8192, 128], ""scores_rectangular"": [1, 64, 8192, 8192]}",549822922752,0,{},0,150994944,17179869184,FLOPs 仅有效因果位置；载荷是假定 Q/K 各读一次、GQA 头共享，完整分数矩阵物化。
9,score_scale_mask_softmax,softmax,"{""scores"": [1, 64, 8192, 8192]}",0,8590458880,"{""exp"": 2147745792, ""compare_max"": 2147221504, ""mask_decisions"": 4294967296}",0,17179869184,17179869184,选择的融合 scale/mask/softmax 代数工作；屏蔽点不计 exp。物化 FP32 默认概率；非具体 eager trace。
9,pv,attention,"{""P"": [1, 64, 8192, 8192], ""V_shared"": [1, 8, 8192, 128], ""output"": [1, 64, 8192, 128]}",549822922752,0,{},0,17196646400,134217728,PV/AV：各 Q 头仍计算；V 容量不乘 GQA 复制数。载荷假定 V 在头／查询之间理想复用。
9,o_proj,linear,"{""input"": [8192, 8192], ""weight_math"": [8192, 8192], ""weight_storage"": [8192, 8192], ""output"": [8192, 8192]}",1099511627776,0,{},134217728,134217728,134217728,独立 GEMM：权重与输入各读一次、输出写一次的操作数载荷；不预测 tile 重读。
9,attention_residual,residual,"{""inputs_each"": [8192, 8192], ""output"": [8192, 8192]}",0,67108864,{},0,268435456,134217728,
9,post_attention_layernorm,normalization,"{""input"": [8192, 8192], ""weight"": [8192], ""output"": [8192, 8192]}",0,268443648,"{""rsqrt"": 8192, ""cast_elements"": 134217728}",16384,134217728,134217728,按 FP32 行内归约的代数计数；rsqrt、类型转换与临时 FP32 张量分列／不推断 HBM spill。
9,gate_proj,linear,"{""input"": [8192, 8192], ""weight_math"": [8192, 28672], ""weight_storage"": [28672, 8192], ""output"": [8192, 28672]}",3848290697216,0,{},469762048,134217728,469762048,独立 GEMM：权重与输入各读一次、输出写一次的操作数载荷；不预测 tile 重读。
9,up_proj,linear,"{""input"": [8192, 8192], ""weight_math"": [8192, 28672], ""weight_storage"": [28672, 8192], ""output"": [8192, 28672]}",3848290697216,0,{},469762048,134217728,469762048,独立 GEMM：权重与输入各读一次、输出写一次的操作数载荷；不预测 tile 重读。
9,silu_mul,activation,"{""gate"": [8192, 28672], ""up"": [8192, 28672], ""output"": [8192, 28672]}",0,939524096,"{""exp"": 234881024, ""negate"": 234881024}",0,939524096,469762048,"sigmoid: exp(-x), +1, reciprocal；再乘 x 和 up。exp 与取负分列。"
9,down_proj,linear,"{""input"": [8192, 28672], ""weight_math"": [28672, 8192], ""weight_storage"": [8192, 28672], ""output"": [8192, 8192]}",3848290697216,0,{},469762048,469762048,134217728,独立 GEMM：权重与输入各读一次、输出写一次的操作数载荷；不预测 tile 重读。
9,ffn_residual,residual,"{""inputs_each"": [8192, 8192], ""output"": [8192, 8192]}",0,67108864,{},0,268435456,134217728,
10,input_layernorm,normalization,"{""input"": [8192, 8192], ""weight"": [8192], ""output"": [8192, 8192]}",0,268443648,"{""rsqrt"": 8192, ""cast_elements"": 134217728}",16384,134217728,134217728,按 FP32 行内归约的代数计数；rsqrt、类型转换与临时 FP32 张量分列／不推断 HBM spill。
10,q_proj,linear,"{""input"": [8192, 8192], ""weight_math"": [8192, 8192], ""weight_storage"": [8192, 8192], ""output"": [8192, 8192]}",1099511627776,0,{},134217728,134217728,134217728,独立 GEMM：权重与输入各读一次、输出写一次的操作数载荷；不预测 tile 重读。
10,k_proj,linear,"{""input"": [8192, 8192], ""weight_math"": [8192, 1024], ""weight_storage"": [1024, 8192], ""output"": [8192, 1024]}",137438953472,0,{},16777216,134217728,16777216,独立 GEMM：权重与输入各读一次、输出写一次的操作数载荷；不预测 tile 重读。
10,v_proj,linear,"{""input"": [8192, 8192], ""weight_math"": [8192, 1024], ""weight_storage"": [1024, 8192], ""output"": [8192, 1024]}",137438953472,0,{},16777216,134217728,16777216,独立 GEMM：权重与输入各读一次、输出写一次的操作数载荷；不预测 tile 重读。
10,apply_rope,position,"{""Q"": [1, 64, 8192, 128], ""K"": [1, 8, 8192, 128]}",0,226492416,"{""negate"": 37748736}",0,155189248,150994944,2 multiply + 1 add/元素，rotate_half 符号翻转分列；表按批／头理想复用。 Llama has no Q/K norm; shared default position table counted once per layer.
10,kv_append,state,"{""new_K_and_V_each"": [1, 8, 8192, 128]}",0,0,{},0,33554432,33554432,原位／分页 append 载荷；不假定动态 torch.cat 对旧缓存整段复制。
10,qk,attention,"{""Q"": [1, 64, 8192, 128], ""K_shared"": [1, 8, 8192, 128], ""scores_rectangular"": [1, 64, 8192, 8192]}",549822922752,0,{},0,150994944,17179869184,FLOPs 仅有效因果位置；载荷是假定 Q/K 各读一次、GQA 头共享，完整分数矩阵物化。
10,score_scale_mask_softmax,softmax,"{""scores"": [1, 64, 8192, 8192]}",0,8590458880,"{""exp"": 2147745792, ""compare_max"": 2147221504, ""mask_decisions"": 4294967296}",0,17179869184,17179869184,选择的融合 scale/mask/softmax 代数工作；屏蔽点不计 exp。物化 FP32 默认概率；非具体 eager trace。
10,pv,attention,"{""P"": [1, 64, 8192, 8192], ""V_shared"": [1, 8, 8192, 128], ""output"": [1, 64, 8192, 128]}",549822922752,0,{},0,17196646400,134217728,PV/AV：各 Q 头仍计算；V 容量不乘 GQA 复制数。载荷假定 V 在头／查询之间理想复用。
10,o_proj,linear,"{""input"": [8192, 8192], ""weight_math"": [8192, 8192], ""weight_storage"": [8192, 8192], ""output"": [8192, 8192]}",1099511627776,0,{},134217728,134217728,134217728,独立 GEMM：权重与输入各读一次、输出写一次的操作数载荷；不预测 tile 重读。
10,attention_residual,residual,"{""inputs_each"": [8192, 8192], ""output"": [8192, 8192]}",0,67108864,{},0,268435456,134217728,
10,post_attention_layernorm,normalization,"{""input"": [8192, 8192], ""weight"": [8192], ""output"": [8192, 8192]}",0,268443648,"{""rsqrt"": 8192, ""cast_elements"": 134217728}",16384,134217728,134217728,按 FP32 行内归约的代数计数；rsqrt、类型转换与临时 FP32 张量分列／不推断 HBM spill。
10,gate_proj,linear,"{""input"": [8192, 8192], ""weight_math"": [8192, 28672], ""weight_storage"": [28672, 8192], ""output"": [8192, 28672]}",3848290697216,0,{},469762048,134217728,469762048,独立 GEMM：权重与输入各读一次、输出写一次的操作数载荷；不预测 tile 重读。
10,up_proj,linear,"{""input"": [8192, 8192], ""weight_math"": [8192, 28672], ""weight_storage"": [28672, 8192], ""output"": [8192, 28672]}",3848290697216,0,{},469762048,134217728,469762048,独立 GEMM：权重与输入各读一次、输出写一次的操作数载荷；不预测 tile 重读。
10,silu_mul,activation,"{""gate"": [8192, 28672], ""up"": [8192, 28672], ""output"": [8192, 28672]}",0,939524096,"{""exp"": 234881024, ""negate"": 234881024}",0,939524096,469762048,"sigmoid: exp(-x), +1, reciprocal；再乘 x 和 up。exp 与取负分列。"
10,down_proj,linear,"{""input"": [8192, 28672], ""weight_math"": [28672, 8192], ""weight_storage"": [8192, 28672], ""output"": [8192, 8192]}",3848290697216,0,{},469762048,469762048,134217728,独立 GEMM：权重与输入各读一次、输出写一次的操作数载荷；不预测 tile 重读。
10,ffn_residual,residual,"{""inputs_each"": [8192, 8192], ""output"": [8192, 8192]}",0,67108864,{},0,268435456,134217728,
11,input_layernorm,normalization,"{""input"": [8192, 8192], ""weight"": [8192], ""output"": [8192, 8192]}",0,268443648,"{""rsqrt"": 8192, ""cast_elements"": 134217728}",16384,134217728,134217728,按 FP32 行内归约的代数计数；rsqrt、类型转换与临时 FP32 张量分列／不推断 HBM spill。
11,q_proj,linear,"{""input"": [8192, 8192], ""weight_math"": [8192, 8192], ""weight_storage"": [8192, 8192], ""output"": [8192, 8192]}",1099511627776,0,{},134217728,134217728,134217728,独立 GEMM：权重与输入各读一次、输出写一次的操作数载荷；不预测 tile 重读。
11,k_proj,linear,"{""input"": [8192, 8192], ""weight_math"": [8192, 1024], ""weight_storage"": [1024, 8192], ""output"": [8192, 1024]}",137438953472,0,{},16777216,134217728,16777216,独立 GEMM：权重与输入各读一次、输出写一次的操作数载荷；不预测 tile 重读。
11,v_proj,linear,"{""input"": [8192, 8192], ""weight_math"": [8192, 1024], ""weight_storage"": [1024, 8192], ""output"": [8192, 1024]}",137438953472,0,{},16777216,134217728,16777216,独立 GEMM：权重与输入各读一次、输出写一次的操作数载荷；不预测 tile 重读。
11,apply_rope,position,"{""Q"": [1, 64, 8192, 128], ""K"": [1, 8, 8192, 128]}",0,226492416,"{""negate"": 37748736}",0,155189248,150994944,2 multiply + 1 add/元素，rotate_half 符号翻转分列；表按批／头理想复用。 Llama has no Q/K norm; shared default position table counted once per layer.
11,kv_append,state,"{""new_K_and_V_each"": [1, 8, 8192, 128]}",0,0,{},0,33554432,33554432,原位／分页 append 载荷；不假定动态 torch.cat 对旧缓存整段复制。
11,qk,attention,"{""Q"": [1, 64, 8192, 128], ""K_shared"": [1, 8, 8192, 128], ""scores_rectangular"": [1, 64, 8192, 8192]}",549822922752,0,{},0,150994944,17179869184,FLOPs 仅有效因果位置；载荷是假定 Q/K 各读一次、GQA 头共享，完整分数矩阵物化。
11,score_scale_mask_softmax,softmax,"{""scores"": [1, 64, 8192, 8192]}",0,8590458880,"{""exp"": 2147745792, ""compare_max"": 2147221504, ""mask_decisions"": 4294967296}",0,17179869184,17179869184,选择的融合 scale/mask/softmax 代数工作；屏蔽点不计 exp。物化 FP32 默认概率；非具体 eager trace。
11,pv,attention,"{""P"": [1, 64, 8192, 8192], ""V_shared"": [1, 8, 8192, 128], ""output"": [1, 64, 8192, 128]}",549822922752,0,{},0,17196646400,134217728,PV/AV：各 Q 头仍计算；V 容量不乘 GQA 复制数。载荷假定 V 在头／查询之间理想复用。
11,o_proj,linear,"{""input"": [8192, 8192], ""weight_math"": [8192, 8192], ""weight_storage"": [8192, 8192], ""output"": [8192, 8192]}",1099511627776,0,{},134217728,134217728,134217728,独立 GEMM：权重与输入各读一次、输出写一次的操作数载荷；不预测 tile 重读。
11,attention_residual,residual,"{""inputs_each"": [8192, 8192], ""output"": [8192, 8192]}",0,67108864,{},0,268435456,134217728,
11,post_attention_layernorm,normalization,"{""input"": [8192, 8192], ""weight"": [8192], ""output"": [8192, 8192]}",0,268443648,"{""rsqrt"": 8192, ""cast_elements"": 134217728}",16384,134217728,134217728,按 FP32 行内归约的代数计数；rsqrt、类型转换与临时 FP32 张量分列／不推断 HBM spill。
11,gate_proj,linear,"{""input"": [8192, 8192], ""weight_math"": [8192, 28672], ""weight_storage"": [28672, 8192], ""output"": [8192, 28672]}",3848290697216,0,{},469762048,134217728,469762048,独立 GEMM：权重与输入各读一次、输出写一次的操作数载荷；不预测 tile 重读。
11,up_proj,linear,"{""input"": [8192, 8192], ""weight_math"": [8192, 28672], ""weight_storage"": [28672, 8192], ""output"": [8192, 28672]}",3848290697216,0,{},469762048,134217728,469762048,独立 GEMM：权重与输入各读一次、输出写一次的操作数载荷；不预测 tile 重读。
11,silu_mul,activation,"{""gate"": [8192, 28672], ""up"": [8192, 28672], ""output"": [8192, 28672]}",0,939524096,"{""exp"": 234881024, ""negate"": 234881024}",0,939524096,469762048,"sigmoid: exp(-x), +1, reciprocal；再乘 x 和 up。exp 与取负分列。"
11,down_proj,linear,"{""input"": [8192, 28672], ""weight_math"": [28672, 8192], ""weight_storage"": [8192, 28672], ""output"": [8192, 8192]}",3848290697216,0,{},469762048,469762048,134217728,独立 GEMM：权重与输入各读一次、输出写一次的操作数载荷；不预测 tile 重读。
11,ffn_residual,residual,"{""inputs_each"": [8192, 8192], ""output"": [8192, 8192]}",0,67108864,{},0,268435456,134217728,
12,input_layernorm,normalization,"{""input"": [8192, 8192], ""weight"": [8192], ""output"": [8192, 8192]}",0,268443648,"{""rsqrt"": 8192, ""cast_elements"": 134217728}",16384,134217728,134217728,按 FP32 行内归约的代数计数；rsqrt、类型转换与临时 FP32 张量分列／不推断 HBM spill。
12,q_proj,linear,"{""input"": [8192, 8192], ""weight_math"": [8192, 8192], ""weight_storage"": [8192, 8192], ""output"": [8192, 8192]}",1099511627776,0,{},134217728,134217728,134217728,独立 GEMM：权重与输入各读一次、输出写一次的操作数载荷；不预测 tile 重读。
12,k_proj,linear,"{""input"": [8192, 8192], ""weight_math"": [8192, 1024], ""weight_storage"": [1024, 8192], ""output"": [8192, 1024]}",137438953472,0,{},16777216,134217728,16777216,独立 GEMM：权重与输入各读一次、输出写一次的操作数载荷；不预测 tile 重读。
12,v_proj,linear,"{""input"": [8192, 8192], ""weight_math"": [8192, 1024], ""weight_storage"": [1024, 8192], ""output"": [8192, 1024]}",137438953472,0,{},16777216,134217728,16777216,独立 GEMM：权重与输入各读一次、输出写一次的操作数载荷；不预测 tile 重读。
12,apply_rope,position,"{""Q"": [1, 64, 8192, 128], ""K"": [1, 8, 8192, 128]}",0,226492416,"{""negate"": 37748736}",0,155189248,150994944,2 multiply + 1 add/元素，rotate_half 符号翻转分列；表按批／头理想复用。 Llama has no Q/K norm; shared default position table counted once per layer.
12,kv_append,state,"{""new_K_and_V_each"": [1, 8, 8192, 128]}",0,0,{},0,33554432,33554432,原位／分页 append 载荷；不假定动态 torch.cat 对旧缓存整段复制。
12,qk,attention,"{""Q"": [1, 64, 8192, 128], ""K_shared"": [1, 8, 8192, 128], ""scores_rectangular"": [1, 64, 8192, 8192]}",549822922752,0,{},0,150994944,17179869184,FLOPs 仅有效因果位置；载荷是假定 Q/K 各读一次、GQA 头共享，完整分数矩阵物化。
12,score_scale_mask_softmax,softmax,"{""scores"": [1, 64, 8192, 8192]}",0,8590458880,"{""exp"": 2147745792, ""compare_max"": 2147221504, ""mask_decisions"": 4294967296}",0,17179869184,17179869184,选择的融合 scale/mask/softmax 代数工作；屏蔽点不计 exp。物化 FP32 默认概率；非具体 eager trace。
12,pv,attention,"{""P"": [1, 64, 8192, 8192], ""V_shared"": [1, 8, 8192, 128], ""output"": [1, 64, 8192, 128]}",549822922752,0,{},0,17196646400,134217728,PV/AV：各 Q 头仍计算；V 容量不乘 GQA 复制数。载荷假定 V 在头／查询之间理想复用。
12,o_proj,linear,"{""input"": [8192, 8192], ""weight_math"": [8192, 8192], ""weight_storage"": [8192, 8192], ""output"": [8192, 8192]}",1099511627776,0,{},134217728,134217728,134217728,独立 GEMM：权重与输入各读一次、输出写一次的操作数载荷；不预测 tile 重读。
12,attention_residual,residual,"{""inputs_each"": [8192, 8192], ""output"": [8192, 8192]}",0,67108864,{},0,268435456,134217728,
12,post_attention_layernorm,normalization,"{""input"": [8192, 8192], ""weight"": [8192], ""output"": [8192, 8192]}",0,268443648,"{""rsqrt"": 8192, ""cast_elements"": 134217728}",16384,134217728,134217728,按 FP32 行内归约的代数计数；rsqrt、类型转换与临时 FP32 张量分列／不推断 HBM spill。
12,gate_proj,linear,"{""input"": [8192, 8192], ""weight_math"": [8192, 28672], ""weight_storage"": [28672, 8192], ""output"": [8192, 28672]}",3848290697216,0,{},469762048,134217728,469762048,独立 GEMM：权重与输入各读一次、输出写一次的操作数载荷；不预测 tile 重读。
12,up_proj,linear,"{""input"": [8192, 8192], ""weight_math"": [8192, 28672], ""weight_storage"": [28672, 8192], ""output"": [8192, 28672]}",3848290697216,0,{},469762048,134217728,469762048,独立 GEMM：权重与输入各读一次、输出写一次的操作数载荷；不预测 tile 重读。
12,silu_mul,activation,"{""gate"": [8192, 28672], ""up"": [8192, 28672], ""output"": [8192, 28672]}",0,939524096,"{""exp"": 234881024, ""negate"": 234881024}",0,939524096,469762048,"sigmoid: exp(-x), +1, reciprocal；再乘 x 和 up。exp 与取负分列。"
12,down_proj,linear,"{""input"": [8192, 28672], ""weight_math"": [28672, 8192], ""weight_storage"": [8192, 28672], ""output"": [8192, 8192]}",3848290697216,0,{},469762048,469762048,134217728,独立 GEMM：权重与输入各读一次、输出写一次的操作数载荷；不预测 tile 重读。
12,ffn_residual,residual,"{""inputs_each"": [8192, 8192], ""output"": [8192, 8192]}",0,67108864,{},0,268435456,134217728,
13,input_layernorm,normalization,"{""input"": [8192, 8192], ""weight"": [8192], ""output"": [8192, 8192]}",0,268443648,"{""rsqrt"": 8192, ""cast_elements"": 134217728}",16384,134217728,134217728,按 FP32 行内归约的代数计数；rsqrt、类型转换与临时 FP32 张量分列／不推断 HBM spill。
13,q_proj,linear,"{""input"": [8192, 8192], ""weight_math"": [8192, 8192], ""weight_storage"": [8192, 8192], ""output"": [8192, 8192]}",1099511627776,0,{},134217728,134217728,134217728,独立 GEMM：权重与输入各读一次、输出写一次的操作数载荷；不预测 tile 重读。
13,k_proj,linear,"{""input"": [8192, 8192], ""weight_math"": [8192, 1024], ""weight_storage"": [1024, 8192], ""output"": [8192, 1024]}",137438953472,0,{},16777216,134217728,16777216,独立 GEMM：权重与输入各读一次、输出写一次的操作数载荷；不预测 tile 重读。
13,v_proj,linear,"{""input"": [8192, 8192], ""weight_math"": [8192, 1024], ""weight_storage"": [1024, 8192], ""output"": [8192, 1024]}",137438953472,0,{},16777216,134217728,16777216,独立 GEMM：权重与输入各读一次、输出写一次的操作数载荷；不预测 tile 重读。
13,apply_rope,position,"{""Q"": [1, 64, 8192, 128], ""K"": [1, 8, 8192, 128]}",0,226492416,"{""negate"": 37748736}",0,155189248,150994944,2 multiply + 1 add/元素，rotate_half 符号翻转分列；表按批／头理想复用。 Llama has no Q/K norm; shared default position table counted once per layer.
13,kv_append,state,"{""new_K_and_V_each"": [1, 8, 8192, 128]}",0,0,{},0,33554432,33554432,原位／分页 append 载荷；不假定动态 torch.cat 对旧缓存整段复制。
13,qk,attention,"{""Q"": [1, 64, 8192, 128], ""K_shared"": [1, 8, 8192, 128], ""scores_rectangular"": [1, 64, 8192, 8192]}",549822922752,0,{},0,150994944,17179869184,FLOPs 仅有效因果位置；载荷是假定 Q/K 各读一次、GQA 头共享，完整分数矩阵物化。
13,score_scale_mask_softmax,softmax,"{""scores"": [1, 64, 8192, 8192]}",0,8590458880,"{""exp"": 2147745792, ""compare_max"": 2147221504, ""mask_decisions"": 4294967296}",0,17179869184,17179869184,选择的融合 scale/mask/softmax 代数工作；屏蔽点不计 exp。物化 FP32 默认概率；非具体 eager trace。
13,pv,attention,"{""P"": [1, 64, 8192, 8192], ""V_shared"": [1, 8, 8192, 128], ""output"": [1, 64, 8192, 128]}",549822922752,0,{},0,17196646400,134217728,PV/AV：各 Q 头仍计算；V 容量不乘 GQA 复制数。载荷假定 V 在头／查询之间理想复用。
13,o_proj,linear,"{""input"": [8192, 8192], ""weight_math"": [8192, 8192], ""weight_storage"": [8192, 8192], ""output"": [8192, 8192]}",1099511627776,0,{},134217728,134217728,134217728,独立 GEMM：权重与输入各读一次、输出写一次的操作数载荷；不预测 tile 重读。
13,attention_residual,residual,"{""inputs_each"": [8192, 8192], ""output"": [8192, 8192]}",0,67108864,{},0,268435456,134217728,
13,post_attention_layernorm,normalization,"{""input"": [8192, 8192], ""weight"": [8192], ""output"": [8192, 8192]}",0,268443648,"{""rsqrt"": 8192, ""cast_elements"": 134217728}",16384,134217728,134217728,按 FP32 行内归约的代数计数；rsqrt、类型转换与临时 FP32 张量分列／不推断 HBM spill。
13,gate_proj,linear,"{""input"": [8192, 8192], ""weight_math"": [8192, 28672], ""weight_storage"": [28672, 8192], ""output"": [8192, 28672]}",3848290697216,0,{},469762048,134217728,469762048,独立 GEMM：权重与输入各读一次、输出写一次的操作数载荷；不预测 tile 重读。
13,up_proj,linear,"{""input"": [8192, 8192], ""weight_math"": [8192, 28672], ""weight_storage"": [28672, 8192], ""output"": [8192, 28672]}",3848290697216,0,{},469762048,134217728,469762048,独立 GEMM：权重与输入各读一次、输出写一次的操作数载荷；不预测 tile 重读。
13,silu_mul,activation,"{""gate"": [8192, 28672], ""up"": [8192, 28672], ""output"": [8192, 28672]}",0,939524096,"{""exp"": 234881024, ""negate"": 234881024}",0,939524096,469762048,"sigmoid: exp(-x), +1, reciprocal；再乘 x 和 up。exp 与取负分列。"
13,down_proj,linear,"{""input"": [8192, 28672], ""weight_math"": [28672, 8192], ""weight_storage"": [8192, 28672], ""output"": [8192, 8192]}",3848290697216,0,{},469762048,469762048,134217728,独立 GEMM：权重与输入各读一次、输出写一次的操作数载荷；不预测 tile 重读。
13,ffn_residual,residual,"{""inputs_each"": [8192, 8192], ""output"": [8192, 8192]}",0,67108864,{},0,268435456,134217728,
14,input_layernorm,normalization,"{""input"": [8192, 8192], ""weight"": [8192], ""output"": [8192, 8192]}",0,268443648,"{""rsqrt"": 8192, ""cast_elements"": 134217728}",16384,134217728,134217728,按 FP32 行内归约的代数计数；rsqrt、类型转换与临时 FP32 张量分列／不推断 HBM spill。
14,q_proj,linear,"{""input"": [8192, 8192], ""weight_math"": [8192, 8192], ""weight_storage"": [8192, 8192], ""output"": [8192, 8192]}",1099511627776,0,{},134217728,134217728,134217728,独立 GEMM：权重与输入各读一次、输出写一次的操作数载荷；不预测 tile 重读。
14,k_proj,linear,"{""input"": [8192, 8192], ""weight_math"": [8192, 1024], ""weight_storage"": [1024, 8192], ""output"": [8192, 1024]}",137438953472,0,{},16777216,134217728,16777216,独立 GEMM：权重与输入各读一次、输出写一次的操作数载荷；不预测 tile 重读。
14,v_proj,linear,"{""input"": [8192, 8192], ""weight_math"": [8192, 1024], ""weight_storage"": [1024, 8192], ""output"": [8192, 1024]}",137438953472,0,{},16777216,134217728,16777216,独立 GEMM：权重与输入各读一次、输出写一次的操作数载荷；不预测 tile 重读。
14,apply_rope,position,"{""Q"": [1, 64, 8192, 128], ""K"": [1, 8, 8192, 128]}",0,226492416,"{""negate"": 37748736}",0,155189248,150994944,2 multiply + 1 add/元素，rotate_half 符号翻转分列；表按批／头理想复用。 Llama has no Q/K norm; shared default position table counted once per layer.
14,kv_append,state,"{""new_K_and_V_each"": [1, 8, 8192, 128]}",0,0,{},0,33554432,33554432,原位／分页 append 载荷；不假定动态 torch.cat 对旧缓存整段复制。
14,qk,attention,"{""Q"": [1, 64, 8192, 128], ""K_shared"": [1, 8, 8192, 128], ""scores_rectangular"": [1, 64, 8192, 8192]}",549822922752,0,{},0,150994944,17179869184,FLOPs 仅有效因果位置；载荷是假定 Q/K 各读一次、GQA 头共享，完整分数矩阵物化。
14,score_scale_mask_softmax,softmax,"{""scores"": [1, 64, 8192, 8192]}",0,8590458880,"{""exp"": 2147745792, ""compare_max"": 2147221504, ""mask_decisions"": 4294967296}",0,17179869184,17179869184,选择的融合 scale/mask/softmax 代数工作；屏蔽点不计 exp。物化 FP32 默认概率；非具体 eager trace。
14,pv,attention,"{""P"": [1, 64, 8192, 8192], ""V_shared"": [1, 8, 8192, 128], ""output"": [1, 64, 8192, 128]}",549822922752,0,{},0,17196646400,134217728,PV/AV：各 Q 头仍计算；V 容量不乘 GQA 复制数。载荷假定 V 在头／查询之间理想复用。
14,o_proj,linear,"{""input"": [8192, 8192], ""weight_math"": [8192, 8192], ""weight_storage"": [8192, 8192], ""output"": [8192, 8192]}",1099511627776,0,{},134217728,134217728,134217728,独立 GEMM：权重与输入各读一次、输出写一次的操作数载荷；不预测 tile 重读。
14,attention_residual,residual,"{""inputs_each"": [8192, 8192], ""output"": [8192, 8192]}",0,67108864,{},0,268435456,134217728,
14,post_attention_layernorm,normalization,"{""input"": [8192, 8192], ""weight"": [8192], ""output"": [8192, 8192]}",0,268443648,"{""rsqrt"": 8192, ""cast_elements"": 134217728}",16384,134217728,134217728,按 FP32 行内归约的代数计数；rsqrt、类型转换与临时 FP32 张量分列／不推断 HBM spill。
14,gate_proj,linear,"{""input"": [8192, 8192], ""weight_math"": [8192, 28672], ""weight_storage"": [28672, 8192], ""output"": [8192, 28672]}",3848290697216,0,{},469762048,134217728,469762048,独立 GEMM：权重与输入各读一次、输出写一次的操作数载荷；不预测 tile 重读。
14,up_proj,linear,"{""input"": [8192, 8192], ""weight_math"": [8192, 28672], ""weight_storage"": [28672, 8192], ""output"": [8192, 28672]}",3848290697216,0,{},469762048,134217728,469762048,独立 GEMM：权重与输入各读一次、输出写一次的操作数载荷；不预测 tile 重读。
14,silu_mul,activation,"{""gate"": [8192, 28672], ""up"": [8192, 28672], ""output"": [8192, 28672]}",0,939524096,"{""exp"": 234881024, ""negate"": 234881024}",0,939524096,469762048,"sigmoid: exp(-x), +1, reciprocal；再乘 x 和 up。exp 与取负分列。"
14,down_proj,linear,"{""input"": [8192, 28672], ""weight_math"": [28672, 8192], ""weight_storage"": [8192, 28672], ""output"": [8192, 8192]}",3848290697216,0,{},469762048,469762048,134217728,独立 GEMM：权重与输入各读一次、输出写一次的操作数载荷；不预测 tile 重读。
14,ffn_residual,residual,"{""inputs_each"": [8192, 8192], ""output"": [8192, 8192]}",0,67108864,{},0,268435456,134217728,
15,input_layernorm,normalization,"{""input"": [8192, 8192], ""weight"": [8192], ""output"": [8192, 8192]}",0,268443648,"{""rsqrt"": 8192, ""cast_elements"": 134217728}",16384,134217728,134217728,按 FP32 行内归约的代数计数；rsqrt、类型转换与临时 FP32 张量分列／不推断 HBM spill。
15,q_proj,linear,"{""input"": [8192, 8192], ""weight_math"": [8192, 8192], ""weight_storage"": [8192, 8192], ""output"": [8192, 8192]}",1099511627776,0,{},134217728,134217728,134217728,独立 GEMM：权重与输入各读一次、输出写一次的操作数载荷；不预测 tile 重读。
15,k_proj,linear,"{""input"": [8192, 8192], ""weight_math"": [8192, 1024], ""weight_storage"": [1024, 8192], ""output"": [8192, 1024]}",137438953472,0,{},16777216,134217728,16777216,独立 GEMM：权重与输入各读一次、输出写一次的操作数载荷；不预测 tile 重读。
15,v_proj,linear,"{""input"": [8192, 8192], ""weight_math"": [8192, 1024], ""weight_storage"": [1024, 8192], ""output"": [8192, 1024]}",137438953472,0,{},16777216,134217728,16777216,独立 GEMM：权重与输入各读一次、输出写一次的操作数载荷；不预测 tile 重读。
15,apply_rope,position,"{""Q"": [1, 64, 8192, 128], ""K"": [1, 8, 8192, 128]}",0,226492416,"{""negate"": 37748736}",0,155189248,150994944,2 multiply + 1 add/元素，rotate_half 符号翻转分列；表按批／头理想复用。 Llama has no Q/K norm; shared default position table counted once per layer.
15,kv_append,state,"{""new_K_and_V_each"": [1, 8, 8192, 128]}",0,0,{},0,33554432,33554432,原位／分页 append 载荷；不假定动态 torch.cat 对旧缓存整段复制。
15,qk,attention,"{""Q"": [1, 64, 8192, 128], ""K_shared"": [1, 8, 8192, 128], ""scores_rectangular"": [1, 64, 8192, 8192]}",549822922752,0,{},0,150994944,17179869184,FLOPs 仅有效因果位置；载荷是假定 Q/K 各读一次、GQA 头共享，完整分数矩阵物化。
15,score_scale_mask_softmax,softmax,"{""scores"": [1, 64, 8192, 8192]}",0,8590458880,"{""exp"": 2147745792, ""compare_max"": 2147221504, ""mask_decisions"": 4294967296}",0,17179869184,17179869184,选择的融合 scale/mask/softmax 代数工作；屏蔽点不计 exp。物化 FP32 默认概率；非具体 eager trace。
15,pv,attention,"{""P"": [1, 64, 8192, 8192], ""V_shared"": [1, 8, 8192, 128], ""output"": [1, 64, 8192, 128]}",549822922752,0,{},0,17196646400,134217728,PV/AV：各 Q 头仍计算；V 容量不乘 GQA 复制数。载荷假定 V 在头／查询之间理想复用。
15,o_proj,linear,"{""input"": [8192, 8192], ""weight_math"": [8192, 8192], ""weight_storage"": [8192, 8192], ""output"": [8192, 8192]}",1099511627776,0,{},134217728,134217728,134217728,独立 GEMM：权重与输入各读一次、输出写一次的操作数载荷；不预测 tile 重读。
15,attention_residual,residual,"{""inputs_each"": [8192, 8192], ""output"": [8192, 8192]}",0,67108864,{},0,268435456,134217728,
15,post_attention_layernorm,normalization,"{""input"": [8192, 8192], ""weight"": [8192], ""output"": [8192, 8192]}",0,268443648,"{""rsqrt"": 8192, ""cast_elements"": 134217728}",16384,134217728,134217728,按 FP32 行内归约的代数计数；rsqrt、类型转换与临时 FP32 张量分列／不推断 HBM spill。
15,gate_proj,linear,"{""input"": [8192, 8192], ""weight_math"": [8192, 28672], ""weight_storage"": [28672, 8192], ""output"": [8192, 28672]}",3848290697216,0,{},469762048,134217728,469762048,独立 GEMM：权重与输入各读一次、输出写一次的操作数载荷；不预测 tile 重读。
15,up_proj,linear,"{""input"": [8192, 8192], ""weight_math"": [8192, 28672], ""weight_storage"": [28672, 8192], ""output"": [8192, 28672]}",3848290697216,0,{},469762048,134217728,469762048,独立 GEMM：权重与输入各读一次、输出写一次的操作数载荷；不预测 tile 重读。
15,silu_mul,activation,"{""gate"": [8192, 28672], ""up"": [8192, 28672], ""output"": [8192, 28672]}",0,939524096,"{""exp"": 234881024, ""negate"": 234881024}",0,939524096,469762048,"sigmoid: exp(-x), +1, reciprocal；再乘 x 和 up。exp 与取负分列。"
15,down_proj,linear,"{""input"": [8192, 28672], ""weight_math"": [28672, 8192], ""weight_storage"": [8192, 28672], ""output"": [8192, 8192]}",3848290697216,0,{},469762048,469762048,134217728,独立 GEMM：权重与输入各读一次、输出写一次的操作数载荷；不预测 tile 重读。
15,ffn_residual,residual,"{""inputs_each"": [8192, 8192], ""output"": [8192, 8192]}",0,67108864,{},0,268435456,134217728,
16,input_layernorm,normalization,"{""input"": [8192, 8192], ""weight"": [8192], ""output"": [8192, 8192]}",0,268443648,"{""rsqrt"": 8192, ""cast_elements"": 134217728}",16384,134217728,134217728,按 FP32 行内归约的代数计数；rsqrt、类型转换与临时 FP32 张量分列／不推断 HBM spill。
16,q_proj,linear,"{""input"": [8192, 8192], ""weight_math"": [8192, 8192], ""weight_storage"": [8192, 8192], ""output"": [8192, 8192]}",1099511627776,0,{},134217728,134217728,134217728,独立 GEMM：权重与输入各读一次、输出写一次的操作数载荷；不预测 tile 重读。
16,k_proj,linear,"{""input"": [8192, 8192], ""weight_math"": [8192, 1024], ""weight_storage"": [1024, 8192], ""output"": [8192, 1024]}",137438953472,0,{},16777216,134217728,16777216,独立 GEMM：权重与输入各读一次、输出写一次的操作数载荷；不预测 tile 重读。
16,v_proj,linear,"{""input"": [8192, 8192], ""weight_math"": [8192, 1024], ""weight_storage"": [1024, 8192], ""output"": [8192, 1024]}",137438953472,0,{},16777216,134217728,16777216,独立 GEMM：权重与输入各读一次、输出写一次的操作数载荷；不预测 tile 重读。
16,apply_rope,position,"{""Q"": [1, 64, 8192, 128], ""K"": [1, 8, 8192, 128]}",0,226492416,"{""negate"": 37748736}",0,155189248,150994944,2 multiply + 1 add/元素，rotate_half 符号翻转分列；表按批／头理想复用。 Llama has no Q/K norm; shared default position table counted once per layer.
16,kv_append,state,"{""new_K_and_V_each"": [1, 8, 8192, 128]}",0,0,{},0,33554432,33554432,原位／分页 append 载荷；不假定动态 torch.cat 对旧缓存整段复制。
16,qk,attention,"{""Q"": [1, 64, 8192, 128], ""K_shared"": [1, 8, 8192, 128], ""scores_rectangular"": [1, 64, 8192, 8192]}",549822922752,0,{},0,150994944,17179869184,FLOPs 仅有效因果位置；载荷是假定 Q/K 各读一次、GQA 头共享，完整分数矩阵物化。
16,score_scale_mask_softmax,softmax,"{""scores"": [1, 64, 8192, 8192]}",0,8590458880,"{""exp"": 2147745792, ""compare_max"": 2147221504, ""mask_decisions"": 4294967296}",0,17179869184,17179869184,选择的融合 scale/mask/softmax 代数工作；屏蔽点不计 exp。物化 FP32 默认概率；非具体 eager trace。
16,pv,attention,"{""P"": [1, 64, 8192, 8192], ""V_shared"": [1, 8, 8192, 128], ""output"": [1, 64, 8192, 128]}",549822922752,0,{},0,17196646400,134217728,PV/AV：各 Q 头仍计算；V 容量不乘 GQA 复制数。载荷假定 V 在头／查询之间理想复用。
16,o_proj,linear,"{""input"": [8192, 8192], ""weight_math"": [8192, 8192], ""weight_storage"": [8192, 8192], ""output"": [8192, 8192]}",1099511627776,0,{},134217728,134217728,134217728,独立 GEMM：权重与输入各读一次、输出写一次的操作数载荷；不预测 tile 重读。
16,attention_residual,residual,"{""inputs_each"": [8192, 8192], ""output"": [8192, 8192]}",0,67108864,{},0,268435456,134217728,
16,post_attention_layernorm,normalization,"{""input"": [8192, 8192], ""weight"": [8192], ""output"": [8192, 8192]}",0,268443648,"{""rsqrt"": 8192, ""cast_elements"": 134217728}",16384,134217728,134217728,按 FP32 行内归约的代数计数；rsqrt、类型转换与临时 FP32 张量分列／不推断 HBM spill。
16,gate_proj,linear,"{""input"": [8192, 8192], ""weight_math"": [8192, 28672], ""weight_storage"": [28672, 8192], ""output"": [8192, 28672]}",3848290697216,0,{},469762048,134217728,469762048,独立 GEMM：权重与输入各读一次、输出写一次的操作数载荷；不预测 tile 重读。
16,up_proj,linear,"{""input"": [8192, 8192], ""weight_math"": [8192, 28672], ""weight_storage"": [28672, 8192], ""output"": [8192, 28672]}",3848290697216,0,{},469762048,134217728,469762048,独立 GEMM：权重与输入各读一次、输出写一次的操作数载荷；不预测 tile 重读。
16,silu_mul,activation,"{""gate"": [8192, 28672], ""up"": [8192, 28672], ""output"": [8192, 28672]}",0,939524096,"{""exp"": 234881024, ""negate"": 234881024}",0,939524096,469762048,"sigmoid: exp(-x), +1, reciprocal；再乘 x 和 up。exp 与取负分列。"
16,down_proj,linear,"{""input"": [8192, 28672], ""weight_math"": [28672, 8192], ""weight_storage"": [8192, 28672], ""output"": [8192, 8192]}",3848290697216,0,{},469762048,469762048,134217728,独立 GEMM：权重与输入各读一次、输出写一次的操作数载荷；不预测 tile 重读。
16,ffn_residual,residual,"{""inputs_each"": [8192, 8192], ""output"": [8192, 8192]}",0,67108864,{},0,268435456,134217728,
17,input_layernorm,normalization,"{""input"": [8192, 8192], ""weight"": [8192], ""output"": [8192, 8192]}",0,268443648,"{""rsqrt"": 8192, ""cast_elements"": 134217728}",16384,134217728,134217728,按 FP32 行内归约的代数计数；rsqrt、类型转换与临时 FP32 张量分列／不推断 HBM spill。
17,q_proj,linear,"{""input"": [8192, 8192], ""weight_math"": [8192, 8192], ""weight_storage"": [8192, 8192], ""output"": [8192, 8192]}",1099511627776,0,{},134217728,134217728,134217728,独立 GEMM：权重与输入各读一次、输出写一次的操作数载荷；不预测 tile 重读。
17,k_proj,linear,"{""input"": [8192, 8192], ""weight_math"": [8192, 1024], ""weight_storage"": [1024, 8192], ""output"": [8192, 1024]}",137438953472,0,{},16777216,134217728,16777216,独立 GEMM：权重与输入各读一次、输出写一次的操作数载荷；不预测 tile 重读。
17,v_proj,linear,"{""input"": [8192, 8192], ""weight_math"": [8192, 1024], ""weight_storage"": [1024, 8192], ""output"": [8192, 1024]}",137438953472,0,{},16777216,134217728,16777216,独立 GEMM：权重与输入各读一次、输出写一次的操作数载荷；不预测 tile 重读。
17,apply_rope,position,"{""Q"": [1, 64, 8192, 128], ""K"": [1, 8, 8192, 128]}",0,226492416,"{""negate"": 37748736}",0,155189248,150994944,2 multiply + 1 add/元素，rotate_half 符号翻转分列；表按批／头理想复用。 Llama has no Q/K norm; shared default position table counted once per layer.
17,kv_append,state,"{""new_K_and_V_each"": [1, 8, 8192, 128]}",0,0,{},0,33554432,33554432,原位／分页 append 载荷；不假定动态 torch.cat 对旧缓存整段复制。
17,qk,attention,"{""Q"": [1, 64, 8192, 128], ""K_shared"": [1, 8, 8192, 128], ""scores_rectangular"": [1, 64, 8192, 8192]}",549822922752,0,{},0,150994944,17179869184,FLOPs 仅有效因果位置；载荷是假定 Q/K 各读一次、GQA 头共享，完整分数矩阵物化。
17,score_scale_mask_softmax,softmax,"{""scores"": [1, 64, 8192, 8192]}",0,8590458880,"{""exp"": 2147745792, ""compare_max"": 2147221504, ""mask_decisions"": 4294967296}",0,17179869184,17179869184,选择的融合 scale/mask/softmax 代数工作；屏蔽点不计 exp。物化 FP32 默认概率；非具体 eager trace。
17,pv,attention,"{""P"": [1, 64, 8192, 8192], ""V_shared"": [1, 8, 8192, 128], ""output"": [1, 64, 8192, 128]}",549822922752,0,{},0,17196646400,134217728,PV/AV：各 Q 头仍计算；V 容量不乘 GQA 复制数。载荷假定 V 在头／查询之间理想复用。
17,o_proj,linear,"{""input"": [8192, 8192], ""weight_math"": [8192, 8192], ""weight_storage"": [8192, 8192], ""output"": [8192, 8192]}",1099511627776,0,{},134217728,134217728,134217728,独立 GEMM：权重与输入各读一次、输出写一次的操作数载荷；不预测 tile 重读。
17,attention_residual,residual,"{""inputs_each"": [8192, 8192], ""output"": [8192, 8192]}",0,67108864,{},0,268435456,134217728,
17,post_attention_layernorm,normalization,"{""input"": [8192, 8192], ""weight"": [8192], ""output"": [8192, 8192]}",0,268443648,"{""rsqrt"": 8192, ""cast_elements"": 134217728}",16384,134217728,134217728,按 FP32 行内归约的代数计数；rsqrt、类型转换与临时 FP32 张量分列／不推断 HBM spill。
17,gate_proj,linear,"{""input"": [8192, 8192], ""weight_math"": [8192, 28672], ""weight_storage"": [28672, 8192], ""output"": [8192, 28672]}",3848290697216,0,{},469762048,134217728,469762048,独立 GEMM：权重与输入各读一次、输出写一次的操作数载荷；不预测 tile 重读。
17,up_proj,linear,"{""input"": [8192, 8192], ""weight_math"": [8192, 28672], ""weight_storage"": [28672, 8192], ""output"": [8192, 28672]}",3848290697216,0,{},469762048,134217728,469762048,独立 GEMM：权重与输入各读一次、输出写一次的操作数载荷；不预测 tile 重读。
17,silu_mul,activation,"{""gate"": [8192, 28672], ""up"": [8192, 28672], ""output"": [8192, 28672]}",0,939524096,"{""exp"": 234881024, ""negate"": 234881024}",0,939524096,469762048,"sigmoid: exp(-x), +1, reciprocal；再乘 x 和 up。exp 与取负分列。"
17,down_proj,linear,"{""input"": [8192, 28672], ""weight_math"": [28672, 8192], ""weight_storage"": [8192, 28672], ""output"": [8192, 8192]}",3848290697216,0,{},469762048,469762048,134217728,独立 GEMM：权重与输入各读一次、输出写一次的操作数载荷；不预测 tile 重读。
17,ffn_residual,residual,"{""inputs_each"": [8192, 8192], ""output"": [8192, 8192]}",0,67108864,{},0,268435456,134217728,
18,input_layernorm,normalization,"{""input"": [8192, 8192], ""weight"": [8192], ""output"": [8192, 8192]}",0,268443648,"{""rsqrt"": 8192, ""cast_elements"": 134217728}",16384,134217728,134217728,按 FP32 行内归约的代数计数；rsqrt、类型转换与临时 FP32 张量分列／不推断 HBM spill。
18,q_proj,linear,"{""input"": [8192, 8192], ""weight_math"": [8192, 8192], ""weight_storage"": [8192, 8192], ""output"": [8192, 8192]}",1099511627776,0,{},134217728,134217728,134217728,独立 GEMM：权重与输入各读一次、输出写一次的操作数载荷；不预测 tile 重读。
18,k_proj,linear,"{""input"": [8192, 8192], ""weight_math"": [8192, 1024], ""weight_storage"": [1024, 8192], ""output"": [8192, 1024]}",137438953472,0,{},16777216,134217728,16777216,独立 GEMM：权重与输入各读一次、输出写一次的操作数载荷；不预测 tile 重读。
18,v_proj,linear,"{""input"": [8192, 8192], ""weight_math"": [8192, 1024], ""weight_storage"": [1024, 8192], ""output"": [8192, 1024]}",137438953472,0,{},16777216,134217728,16777216,独立 GEMM：权重与输入各读一次、输出写一次的操作数载荷；不预测 tile 重读。
18,apply_rope,position,"{""Q"": [1, 64, 8192, 128], ""K"": [1, 8, 8192, 128]}",0,226492416,"{""negate"": 37748736}",0,155189248,150994944,2 multiply + 1 add/元素，rotate_half 符号翻转分列；表按批／头理想复用。 Llama has no Q/K norm; shared default position table counted once per layer.
18,kv_append,state,"{""new_K_and_V_each"": [1, 8, 8192, 128]}",0,0,{},0,33554432,33554432,原位／分页 append 载荷；不假定动态 torch.cat 对旧缓存整段复制。
18,qk,attention,"{""Q"": [1, 64, 8192, 128], ""K_shared"": [1, 8, 8192, 128], ""scores_rectangular"": [1, 64, 8192, 8192]}",549822922752,0,{},0,150994944,17179869184,FLOPs 仅有效因果位置；载荷是假定 Q/K 各读一次、GQA 头共享，完整分数矩阵物化。
18,score_scale_mask_softmax,softmax,"{""scores"": [1, 64, 8192, 8192]}",0,8590458880,"{""exp"": 2147745792, ""compare_max"": 2147221504, ""mask_decisions"": 4294967296}",0,17179869184,17179869184,选择的融合 scale/mask/softmax 代数工作；屏蔽点不计 exp。物化 FP32 默认概率；非具体 eager trace。
18,pv,attention,"{""P"": [1, 64, 8192, 8192], ""V_shared"": [1, 8, 8192, 128], ""output"": [1, 64, 8192, 128]}",549822922752,0,{},0,17196646400,134217728,PV/AV：各 Q 头仍计算；V 容量不乘 GQA 复制数。载荷假定 V 在头／查询之间理想复用。
18,o_proj,linear,"{""input"": [8192, 8192], ""weight_math"": [8192, 8192], ""weight_storage"": [8192, 8192], ""output"": [8192, 8192]}",1099511627776,0,{},134217728,134217728,134217728,独立 GEMM：权重与输入各读一次、输出写一次的操作数载荷；不预测 tile 重读。
18,attention_residual,residual,"{""inputs_each"": [8192, 8192], ""output"": [8192, 8192]}",0,67108864,{},0,268435456,134217728,
18,post_attention_layernorm,normalization,"{""input"": [8192, 8192], ""weight"": [8192], ""output"": [8192, 8192]}",0,268443648,"{""rsqrt"": 8192, ""cast_elements"": 134217728}",16384,134217728,134217728,按 FP32 行内归约的代数计数；rsqrt、类型转换与临时 FP32 张量分列／不推断 HBM spill。
18,gate_proj,linear,"{""input"": [8192, 8192], ""weight_math"": [8192, 28672], ""weight_storage"": [28672, 8192], ""output"": [8192, 28672]}",3848290697216,0,{},469762048,134217728,469762048,独立 GEMM：权重与输入各读一次、输出写一次的操作数载荷；不预测 tile 重读。
18,up_proj,linear,"{""input"": [8192, 8192], ""weight_math"": [8192, 28672], ""weight_storage"": [28672, 8192], ""output"": [8192, 28672]}",3848290697216,0,{},469762048,134217728,469762048,独立 GEMM：权重与输入各读一次、输出写一次的操作数载荷；不预测 tile 重读。
18,silu_mul,activation,"{""gate"": [8192, 28672], ""up"": [8192, 28672], ""output"": [8192, 28672]}",0,939524096,"{""exp"": 234881024, ""negate"": 234881024}",0,939524096,469762048,"sigmoid: exp(-x), +1, reciprocal；再乘 x 和 up。exp 与取负分列。"
18,down_proj,linear,"{""input"": [8192, 28672], ""weight_math"": [28672, 8192], ""weight_storage"": [8192, 28672], ""output"": [8192, 8192]}",3848290697216,0,{},469762048,469762048,134217728,独立 GEMM：权重与输入各读一次、输出写一次的操作数载荷；不预测 tile 重读。
18,ffn_residual,residual,"{""inputs_each"": [8192, 8192], ""output"": [8192, 8192]}",0,67108864,{},0,268435456,134217728,
19,input_layernorm,normalization,"{""input"": [8192, 8192], ""weight"": [8192], ""output"": [8192, 8192]}",0,268443648,"{""rsqrt"": 8192, ""cast_elements"": 134217728}",16384,134217728,134217728,按 FP32 行内归约的代数计数；rsqrt、类型转换与临时 FP32 张量分列／不推断 HBM spill。
19,q_proj,linear,"{""input"": [8192, 8192], ""weight_math"": [8192, 8192], ""weight_storage"": [8192, 8192], ""output"": [8192, 8192]}",1099511627776,0,{},134217728,134217728,134217728,独立 GEMM：权重与输入各读一次、输出写一次的操作数载荷；不预测 tile 重读。
19,k_proj,linear,"{""input"": [8192, 8192], ""weight_math"": [8192, 1024], ""weight_storage"": [1024, 8192], ""output"": [8192, 1024]}",137438953472,0,{},16777216,134217728,16777216,独立 GEMM：权重与输入各读一次、输出写一次的操作数载荷；不预测 tile 重读。
19,v_proj,linear,"{""input"": [8192, 8192], ""weight_math"": [8192, 1024], ""weight_storage"": [1024, 8192], ""output"": [8192, 1024]}",137438953472,0,{},16777216,134217728,16777216,独立 GEMM：权重与输入各读一次、输出写一次的操作数载荷；不预测 tile 重读。
19,apply_rope,position,"{""Q"": [1, 64, 8192, 128], ""K"": [1, 8, 8192, 128]}",0,226492416,"{""negate"": 37748736}",0,155189248,150994944,2 multiply + 1 add/元素，rotate_half 符号翻转分列；表按批／头理想复用。 Llama has no Q/K norm; shared default position table counted once per layer.
19,kv_append,state,"{""new_K_and_V_each"": [1, 8, 8192, 128]}",0,0,{},0,33554432,33554432,原位／分页 append 载荷；不假定动态 torch.cat 对旧缓存整段复制。
19,qk,attention,"{""Q"": [1, 64, 8192, 128], ""K_shared"": [1, 8, 8192, 128], ""scores_rectangular"": [1, 64, 8192, 8192]}",549822922752,0,{},0,150994944,17179869184,FLOPs 仅有效因果位置；载荷是假定 Q/K 各读一次、GQA 头共享，完整分数矩阵物化。
19,score_scale_mask_softmax,softmax,"{""scores"": [1, 64, 8192, 8192]}",0,8590458880,"{""exp"": 2147745792, ""compare_max"": 2147221504, ""mask_decisions"": 4294967296}",0,17179869184,17179869184,选择的融合 scale/mask/softmax 代数工作；屏蔽点不计 exp。物化 FP32 默认概率；非具体 eager trace。
19,pv,attention,"{""P"": [1, 64, 8192, 8192], ""V_shared"": [1, 8, 8192, 128], ""output"": [1, 64, 8192, 128]}",549822922752,0,{},0,17196646400,134217728,PV/AV：各 Q 头仍计算；V 容量不乘 GQA 复制数。载荷假定 V 在头／查询之间理想复用。
19,o_proj,linear,"{""input"": [8192, 8192], ""weight_math"": [8192, 8192], ""weight_storage"": [8192, 8192], ""output"": [8192, 8192]}",1099511627776,0,{},134217728,134217728,134217728,独立 GEMM：权重与输入各读一次、输出写一次的操作数载荷；不预测 tile 重读。
19,attention_residual,residual,"{""inputs_each"": [8192, 8192], ""output"": [8192, 8192]}",0,67108864,{},0,268435456,134217728,
19,post_attention_layernorm,normalization,"{""input"": [8192, 8192], ""weight"": [8192], ""output"": [8192, 8192]}",0,268443648,"{""rsqrt"": 8192, ""cast_elements"": 134217728}",16384,134217728,134217728,按 FP32 行内归约的代数计数；rsqrt、类型转换与临时 FP32 张量分列／不推断 HBM spill。
19,gate_proj,linear,"{""input"": [8192, 8192], ""weight_math"": [8192, 28672], ""weight_storage"": [28672, 8192], ""output"": [8192, 28672]}",3848290697216,0,{},469762048,134217728,469762048,独立 GEMM：权重与输入各读一次、输出写一次的操作数载荷；不预测 tile 重读。
19,up_proj,linear,"{""input"": [8192, 8192], ""weight_math"": [8192, 28672], ""weight_storage"": [28672, 8192], ""output"": [8192, 28672]}",3848290697216,0,{},469762048,134217728,469762048,独立 GEMM：权重与输入各读一次、输出写一次的操作数载荷；不预测 tile 重读。
19,silu_mul,activation,"{""gate"": [8192, 28672], ""up"": [8192, 28672], ""output"": [8192, 28672]}",0,939524096,"{""exp"": 234881024, ""negate"": 234881024}",0,939524096,469762048,"sigmoid: exp(-x), +1, reciprocal；再乘 x 和 up。exp 与取负分列。"
19,down_proj,linear,"{""input"": [8192, 28672], ""weight_math"": [28672, 8192], ""weight_storage"": [8192, 28672], ""output"": [8192, 8192]}",3848290697216,0,{},469762048,469762048,134217728,独立 GEMM：权重与输入各读一次、输出写一次的操作数载荷；不预测 tile 重读。
19,ffn_residual,residual,"{""inputs_each"": [8192, 8192], ""output"": [8192, 8192]}",0,67108864,{},0,268435456,134217728,
20,input_layernorm,normalization,"{""input"": [8192, 8192], ""weight"": [8192], ""output"": [8192, 8192]}",0,268443648,"{""rsqrt"": 8192, ""cast_elements"": 134217728}",16384,134217728,134217728,按 FP32 行内归约的代数计数；rsqrt、类型转换与临时 FP32 张量分列／不推断 HBM spill。
20,q_proj,linear,"{""input"": [8192, 8192], ""weight_math"": [8192, 8192], ""weight_storage"": [8192, 8192], ""output"": [8192, 8192]}",1099511627776,0,{},134217728,134217728,134217728,独立 GEMM：权重与输入各读一次、输出写一次的操作数载荷；不预测 tile 重读。
20,k_proj,linear,"{""input"": [8192, 8192], ""weight_math"": [8192, 1024], ""weight_storage"": [1024, 8192], ""output"": [8192, 1024]}",137438953472,0,{},16777216,134217728,16777216,独立 GEMM：权重与输入各读一次、输出写一次的操作数载荷；不预测 tile 重读。
20,v_proj,linear,"{""input"": [8192, 8192], ""weight_math"": [8192, 1024], ""weight_storage"": [1024, 8192], ""output"": [8192, 1024]}",137438953472,0,{},16777216,134217728,16777216,独立 GEMM：权重与输入各读一次、输出写一次的操作数载荷；不预测 tile 重读。
20,apply_rope,position,"{""Q"": [1, 64, 8192, 128], ""K"": [1, 8, 8192, 128]}",0,226492416,"{""negate"": 37748736}",0,155189248,150994944,2 multiply + 1 add/元素，rotate_half 符号翻转分列；表按批／头理想复用。 Llama has no Q/K norm; shared default position table counted once per layer.
20,kv_append,state,"{""new_K_and_V_each"": [1, 8, 8192, 128]}",0,0,{},0,33554432,33554432,原位／分页 append 载荷；不假定动态 torch.cat 对旧缓存整段复制。
20,qk,attention,"{""Q"": [1, 64, 8192, 128], ""K_shared"": [1, 8, 8192, 128], ""scores_rectangular"": [1, 64, 8192, 8192]}",549822922752,0,{},0,150994944,17179869184,FLOPs 仅有效因果位置；载荷是假定 Q/K 各读一次、GQA 头共享，完整分数矩阵物化。
20,score_scale_mask_softmax,softmax,"{""scores"": [1, 64, 8192, 8192]}",0,8590458880,"{""exp"": 2147745792, ""compare_max"": 2147221504, ""mask_decisions"": 4294967296}",0,17179869184,17179869184,选择的融合 scale/mask/softmax 代数工作；屏蔽点不计 exp。物化 FP32 默认概率；非具体 eager trace。
20,pv,attention,"{""P"": [1, 64, 8192, 8192], ""V_shared"": [1, 8, 8192, 128], ""output"": [1, 64, 8192, 128]}",549822922752,0,{},0,17196646400,134217728,PV/AV：各 Q 头仍计算；V 容量不乘 GQA 复制数。载荷假定 V 在头／查询之间理想复用。
20,o_proj,linear,"{""input"": [8192, 8192], ""weight_math"": [8192, 8192], ""weight_storage"": [8192, 8192], ""output"": [8192, 8192]}",1099511627776,0,{},134217728,134217728,134217728,独立 GEMM：权重与输入各读一次、输出写一次的操作数载荷；不预测 tile 重读。
20,attention_residual,residual,"{""inputs_each"": [8192, 8192], ""output"": [8192, 8192]}",0,67108864,{},0,268435456,134217728,
20,post_attention_layernorm,normalization,"{""input"": [8192, 8192], ""weight"": [8192], ""output"": [8192, 8192]}",0,268443648,"{""rsqrt"": 8192, ""cast_elements"": 134217728}",16384,134217728,134217728,按 FP32 行内归约的代数计数；rsqrt、类型转换与临时 FP32 张量分列／不推断 HBM spill。
20,gate_proj,linear,"{""input"": [8192, 8192], ""weight_math"": [8192, 28672], ""weight_storage"": [28672, 8192], ""output"": [8192, 28672]}",3848290697216,0,{},469762048,134217728,469762048,独立 GEMM：权重与输入各读一次、输出写一次的操作数载荷；不预测 tile 重读。
20,up_proj,linear,"{""input"": [8192, 8192], ""weight_math"": [8192, 28672], ""weight_storage"": [28672, 8192], ""output"": [8192, 28672]}",3848290697216,0,{},469762048,134217728,469762048,独立 GEMM：权重与输入各读一次、输出写一次的操作数载荷；不预测 tile 重读。
20,silu_mul,activation,"{""gate"": [8192, 28672], ""up"": [8192, 28672], ""output"": [8192, 28672]}",0,939524096,"{""exp"": 234881024, ""negate"": 234881024}",0,939524096,469762048,"sigmoid: exp(-x), +1, reciprocal；再乘 x 和 up。exp 与取负分列。"
20,down_proj,linear,"{""input"": [8192, 28672], ""weight_math"": [28672, 8192], ""weight_storage"": [8192, 28672], ""output"": [8192, 8192]}",3848290697216,0,{},469762048,469762048,134217728,独立 GEMM：权重与输入各读一次、输出写一次的操作数载荷；不预测 tile 重读。
20,ffn_residual,residual,"{""inputs_each"": [8192, 8192], ""output"": [8192, 8192]}",0,67108864,{},0,268435456,134217728,
21,input_layernorm,normalization,"{""input"": [8192, 8192], ""weight"": [8192], ""output"": [8192, 8192]}",0,268443648,"{""rsqrt"": 8192, ""cast_elements"": 134217728}",16384,134217728,134217728,按 FP32 行内归约的代数计数；rsqrt、类型转换与临时 FP32 张量分列／不推断 HBM spill。
21,q_proj,linear,"{""input"": [8192, 8192], ""weight_math"": [8192, 8192], ""weight_storage"": [8192, 8192], ""output"": [8192, 8192]}",1099511627776,0,{},134217728,134217728,134217728,独立 GEMM：权重与输入各读一次、输出写一次的操作数载荷；不预测 tile 重读。
21,k_proj,linear,"{""input"": [8192, 8192], ""weight_math"": [8192, 1024], ""weight_storage"": [1024, 8192], ""output"": [8192, 1024]}",137438953472,0,{},16777216,134217728,16777216,独立 GEMM：权重与输入各读一次、输出写一次的操作数载荷；不预测 tile 重读。
21,v_proj,linear,"{""input"": [8192, 8192], ""weight_math"": [8192, 1024], ""weight_storage"": [1024, 8192], ""output"": [8192, 1024]}",137438953472,0,{},16777216,134217728,16777216,独立 GEMM：权重与输入各读一次、输出写一次的操作数载荷；不预测 tile 重读。
21,apply_rope,position,"{""Q"": [1, 64, 8192, 128], ""K"": [1, 8, 8192, 128]}",0,226492416,"{""negate"": 37748736}",0,155189248,150994944,2 multiply + 1 add/元素，rotate_half 符号翻转分列；表按批／头理想复用。 Llama has no Q/K norm; shared default position table counted once per layer.
21,kv_append,state,"{""new_K_and_V_each"": [1, 8, 8192, 128]}",0,0,{},0,33554432,33554432,原位／分页 append 载荷；不假定动态 torch.cat 对旧缓存整段复制。
21,qk,attention,"{""Q"": [1, 64, 8192, 128], ""K_shared"": [1, 8, 8192, 128], ""scores_rectangular"": [1, 64, 8192, 8192]}",549822922752,0,{},0,150994944,17179869184,FLOPs 仅有效因果位置；载荷是假定 Q/K 各读一次、GQA 头共享，完整分数矩阵物化。
21,score_scale_mask_softmax,softmax,"{""scores"": [1, 64, 8192, 8192]}",0,8590458880,"{""exp"": 2147745792, ""compare_max"": 2147221504, ""mask_decisions"": 4294967296}",0,17179869184,17179869184,选择的融合 scale/mask/softmax 代数工作；屏蔽点不计 exp。物化 FP32 默认概率；非具体 eager trace。
21,pv,attention,"{""P"": [1, 64, 8192, 8192], ""V_shared"": [1, 8, 8192, 128], ""output"": [1, 64, 8192, 128]}",549822922752,0,{},0,17196646400,134217728,PV/AV：各 Q 头仍计算；V 容量不乘 GQA 复制数。载荷假定 V 在头／查询之间理想复用。
21,o_proj,linear,"{""input"": [8192, 8192], ""weight_math"": [8192, 8192], ""weight_storage"": [8192, 8192], ""output"": [8192, 8192]}",1099511627776,0,{},134217728,134217728,134217728,独立 GEMM：权重与输入各读一次、输出写一次的操作数载荷；不预测 tile 重读。
21,attention_residual,residual,"{""inputs_each"": [8192, 8192], ""output"": [8192, 8192]}",0,67108864,{},0,268435456,134217728,
21,post_attention_layernorm,normalization,"{""input"": [8192, 8192], ""weight"": [8192], ""output"": [8192, 8192]}",0,268443648,"{""rsqrt"": 8192, ""cast_elements"": 134217728}",16384,134217728,134217728,按 FP32 行内归约的代数计数；rsqrt、类型转换与临时 FP32 张量分列／不推断 HBM spill。
21,gate_proj,linear,"{""input"": [8192, 8192], ""weight_math"": [8192, 28672], ""weight_storage"": [28672, 8192], ""output"": [8192, 28672]}",3848290697216,0,{},469762048,134217728,469762048,独立 GEMM：权重与输入各读一次、输出写一次的操作数载荷；不预测 tile 重读。
21,up_proj,linear,"{""input"": [8192, 8192], ""weight_math"": [8192, 28672], ""weight_storage"": [28672, 8192], ""output"": [8192, 28672]}",3848290697216,0,{},469762048,134217728,469762048,独立 GEMM：权重与输入各读一次、输出写一次的操作数载荷；不预测 tile 重读。
21,silu_mul,activation,"{""gate"": [8192, 28672], ""up"": [8192, 28672], ""output"": [8192, 28672]}",0,939524096,"{""exp"": 234881024, ""negate"": 234881024}",0,939524096,469762048,"sigmoid: exp(-x), +1, reciprocal；再乘 x 和 up。exp 与取负分列。"
21,down_proj,linear,"{""input"": [8192, 28672], ""weight_math"": [28672, 8192], ""weight_storage"": [8192, 28672], ""output"": [8192, 8192]}",3848290697216,0,{},469762048,469762048,134217728,独立 GEMM：权重与输入各读一次、输出写一次的操作数载荷；不预测 tile 重读。
21,ffn_residual,residual,"{""inputs_each"": [8192, 8192], ""output"": [8192, 8192]}",0,67108864,{},0,268435456,134217728,
22,input_layernorm,normalization,"{""input"": [8192, 8192], ""weight"": [8192], ""output"": [8192, 8192]}",0,268443648,"{""rsqrt"": 8192, ""cast_elements"": 134217728}",16384,134217728,134217728,按 FP32 行内归约的代数计数；rsqrt、类型转换与临时 FP32 张量分列／不推断 HBM spill。
22,q_proj,linear,"{""input"": [8192, 8192], ""weight_math"": [8192, 8192], ""weight_storage"": [8192, 8192], ""output"": [8192, 8192]}",1099511627776,0,{},134217728,134217728,134217728,独立 GEMM：权重与输入各读一次、输出写一次的操作数载荷；不预测 tile 重读。
22,k_proj,linear,"{""input"": [8192, 8192], ""weight_math"": [8192, 1024], ""weight_storage"": [1024, 8192], ""output"": [8192, 1024]}",137438953472,0,{},16777216,134217728,16777216,独立 GEMM：权重与输入各读一次、输出写一次的操作数载荷；不预测 tile 重读。
22,v_proj,linear,"{""input"": [8192, 8192], ""weight_math"": [8192, 1024], ""weight_storage"": [1024, 8192], ""output"": [8192, 1024]}",137438953472,0,{},16777216,134217728,16777216,独立 GEMM：权重与输入各读一次、输出写一次的操作数载荷；不预测 tile 重读。
22,apply_rope,position,"{""Q"": [1, 64, 8192, 128], ""K"": [1, 8, 8192, 128]}",0,226492416,"{""negate"": 37748736}",0,155189248,150994944,2 multiply + 1 add/元素，rotate_half 符号翻转分列；表按批／头理想复用。 Llama has no Q/K norm; shared default position table counted once per layer.
22,kv_append,state,"{""new_K_and_V_each"": [1, 8, 8192, 128]}",0,0,{},0,33554432,33554432,原位／分页 append 载荷；不假定动态 torch.cat 对旧缓存整段复制。
22,qk,attention,"{""Q"": [1, 64, 8192, 128], ""K_shared"": [1, 8, 8192, 128], ""scores_rectangular"": [1, 64, 8192, 8192]}",549822922752,0,{},0,150994944,17179869184,FLOPs 仅有效因果位置；载荷是假定 Q/K 各读一次、GQA 头共享，完整分数矩阵物化。
22,score_scale_mask_softmax,softmax,"{""scores"": [1, 64, 8192, 8192]}",0,8590458880,"{""exp"": 2147745792, ""compare_max"": 2147221504, ""mask_decisions"": 4294967296}",0,17179869184,17179869184,选择的融合 scale/mask/softmax 代数工作；屏蔽点不计 exp。物化 FP32 默认概率；非具体 eager trace。
22,pv,attention,"{""P"": [1, 64, 8192, 8192], ""V_shared"": [1, 8, 8192, 128], ""output"": [1, 64, 8192, 128]}",549822922752,0,{},0,17196646400,134217728,PV/AV：各 Q 头仍计算；V 容量不乘 GQA 复制数。载荷假定 V 在头／查询之间理想复用。
22,o_proj,linear,"{""input"": [8192, 8192], ""weight_math"": [8192, 8192], ""weight_storage"": [8192, 8192], ""output"": [8192, 8192]}",1099511627776,0,{},134217728,134217728,134217728,独立 GEMM：权重与输入各读一次、输出写一次的操作数载荷；不预测 tile 重读。
22,attention_residual,residual,"{""inputs_each"": [8192, 8192], ""output"": [8192, 8192]}",0,67108864,{},0,268435456,134217728,
22,post_attention_layernorm,normalization,"{""input"": [8192, 8192], ""weight"": [8192], ""output"": [8192, 8192]}",0,268443648,"{""rsqrt"": 8192, ""cast_elements"": 134217728}",16384,134217728,134217728,按 FP32 行内归约的代数计数；rsqrt、类型转换与临时 FP32 张量分列／不推断 HBM spill。
22,gate_proj,linear,"{""input"": [8192, 8192], ""weight_math"": [8192, 28672], ""weight_storage"": [28672, 8192], ""output"": [8192, 28672]}",3848290697216,0,{},469762048,134217728,469762048,独立 GEMM：权重与输入各读一次、输出写一次的操作数载荷；不预测 tile 重读。
22,up_proj,linear,"{""input"": [8192, 8192], ""weight_math"": [8192, 28672], ""weight_storage"": [28672, 8192], ""output"": [8192, 28672]}",3848290697216,0,{},469762048,134217728,469762048,独立 GEMM：权重与输入各读一次、输出写一次的操作数载荷；不预测 tile 重读。
22,silu_mul,activation,"{""gate"": [8192, 28672], ""up"": [8192, 28672], ""output"": [8192, 28672]}",0,939524096,"{""exp"": 234881024, ""negate"": 234881024}",0,939524096,469762048,"sigmoid: exp(-x), +1, reciprocal；再乘 x 和 up。exp 与取负分列。"
22,down_proj,linear,"{""input"": [8192, 28672], ""weight_math"": [28672, 8192], ""weight_storage"": [8192, 28672], ""output"": [8192, 8192]}",3848290697216,0,{},469762048,469762048,134217728,独立 GEMM：权重与输入各读一次、输出写一次的操作数载荷；不预测 tile 重读。
22,ffn_residual,residual,"{""inputs_each"": [8192, 8192], ""output"": [8192, 8192]}",0,67108864,{},0,268435456,134217728,
23,input_layernorm,normalization,"{""input"": [8192, 8192], ""weight"": [8192], ""output"": [8192, 8192]}",0,268443648,"{""rsqrt"": 8192, ""cast_elements"": 134217728}",16384,134217728,134217728,按 FP32 行内归约的代数计数；rsqrt、类型转换与临时 FP32 张量分列／不推断 HBM spill。
23,q_proj,linear,"{""input"": [8192, 8192], ""weight_math"": [8192, 8192], ""weight_storage"": [8192, 8192], ""output"": [8192, 8192]}",1099511627776,0,{},134217728,134217728,134217728,独立 GEMM：权重与输入各读一次、输出写一次的操作数载荷；不预测 tile 重读。
23,k_proj,linear,"{""input"": [8192, 8192], ""weight_math"": [8192, 1024], ""weight_storage"": [1024, 8192], ""output"": [8192, 1024]}",137438953472,0,{},16777216,134217728,16777216,独立 GEMM：权重与输入各读一次、输出写一次的操作数载荷；不预测 tile 重读。
23,v_proj,linear,"{""input"": [8192, 8192], ""weight_math"": [8192, 1024], ""weight_storage"": [1024, 8192], ""output"": [8192, 1024]}",137438953472,0,{},16777216,134217728,16777216,独立 GEMM：权重与输入各读一次、输出写一次的操作数载荷；不预测 tile 重读。
23,apply_rope,position,"{""Q"": [1, 64, 8192, 128], ""K"": [1, 8, 8192, 128]}",0,226492416,"{""negate"": 37748736}",0,155189248,150994944,2 multiply + 1 add/元素，rotate_half 符号翻转分列；表按批／头理想复用。 Llama has no Q/K norm; shared default position table counted once per layer.
23,kv_append,state,"{""new_K_and_V_each"": [1, 8, 8192, 128]}",0,0,{},0,33554432,33554432,原位／分页 append 载荷；不假定动态 torch.cat 对旧缓存整段复制。
23,qk,attention,"{""Q"": [1, 64, 8192, 128], ""K_shared"": [1, 8, 8192, 128], ""scores_rectangular"": [1, 64, 8192, 8192]}",549822922752,0,{},0,150994944,17179869184,FLOPs 仅有效因果位置；载荷是假定 Q/K 各读一次、GQA 头共享，完整分数矩阵物化。
23,score_scale_mask_softmax,softmax,"{""scores"": [1, 64, 8192, 8192]}",0,8590458880,"{""exp"": 2147745792, ""compare_max"": 2147221504, ""mask_decisions"": 4294967296}",0,17179869184,17179869184,选择的融合 scale/mask/softmax 代数工作；屏蔽点不计 exp。物化 FP32 默认概率；非具体 eager trace。
23,pv,attention,"{""P"": [1, 64, 8192, 8192], ""V_shared"": [1, 8, 8192, 128], ""output"": [1, 64, 8192, 128]}",549822922752,0,{},0,17196646400,134217728,PV/AV：各 Q 头仍计算；V 容量不乘 GQA 复制数。载荷假定 V 在头／查询之间理想复用。
23,o_proj,linear,"{""input"": [8192, 8192], ""weight_math"": [8192, 8192], ""weight_storage"": [8192, 8192], ""output"": [8192, 8192]}",1099511627776,0,{},134217728,134217728,134217728,独立 GEMM：权重与输入各读一次、输出写一次的操作数载荷；不预测 tile 重读。
23,attention_residual,residual,"{""inputs_each"": [8192, 8192], ""output"": [8192, 8192]}",0,67108864,{},0,268435456,134217728,
23,post_attention_layernorm,normalization,"{""input"": [8192, 8192], ""weight"": [8192], ""output"": [8192, 8192]}",0,268443648,"{""rsqrt"": 8192, ""cast_elements"": 134217728}",16384,134217728,134217728,按 FP32 行内归约的代数计数；rsqrt、类型转换与临时 FP32 张量分列／不推断 HBM spill。
23,gate_proj,linear,"{""input"": [8192, 8192], ""weight_math"": [8192, 28672], ""weight_storage"": [28672, 8192], ""output"": [8192, 28672]}",3848290697216,0,{},469762048,134217728,469762048,独立 GEMM：权重与输入各读一次、输出写一次的操作数载荷；不预测 tile 重读。
23,up_proj,linear,"{""input"": [8192, 8192], ""weight_math"": [8192, 28672], ""weight_storage"": [28672, 8192], ""output"": [8192, 28672]}",3848290697216,0,{},469762048,134217728,469762048,独立 GEMM：权重与输入各读一次、输出写一次的操作数载荷；不预测 tile 重读。
23,silu_mul,activation,"{""gate"": [8192, 28672], ""up"": [8192, 28672], ""output"": [8192, 28672]}",0,939524096,"{""exp"": 234881024, ""negate"": 234881024}",0,939524096,469762048,"sigmoid: exp(-x), +1, reciprocal；再乘 x 和 up。exp 与取负分列。"
23,down_proj,linear,"{""input"": [8192, 28672], ""weight_math"": [28672, 8192], ""weight_storage"": [8192, 28672], ""output"": [8192, 8192]}",3848290697216,0,{},469762048,469762048,134217728,独立 GEMM：权重与输入各读一次、输出写一次的操作数载荷；不预测 tile 重读。
23,ffn_residual,residual,"{""inputs_each"": [8192, 8192], ""output"": [8192, 8192]}",0,67108864,{},0,268435456,134217728,
24,input_layernorm,normalization,"{""input"": [8192, 8192], ""weight"": [8192], ""output"": [8192, 8192]}",0,268443648,"{""rsqrt"": 8192, ""cast_elements"": 134217728}",16384,134217728,134217728,按 FP32 行内归约的代数计数；rsqrt、类型转换与临时 FP32 张量分列／不推断 HBM spill。
24,q_proj,linear,"{""input"": [8192, 8192], ""weight_math"": [8192, 8192], ""weight_storage"": [8192, 8192], ""output"": [8192, 8192]}",1099511627776,0,{},134217728,134217728,134217728,独立 GEMM：权重与输入各读一次、输出写一次的操作数载荷；不预测 tile 重读。
24,k_proj,linear,"{""input"": [8192, 8192], ""weight_math"": [8192, 1024], ""weight_storage"": [1024, 8192], ""output"": [8192, 1024]}",137438953472,0,{},16777216,134217728,16777216,独立 GEMM：权重与输入各读一次、输出写一次的操作数载荷；不预测 tile 重读。
24,v_proj,linear,"{""input"": [8192, 8192], ""weight_math"": [8192, 1024], ""weight_storage"": [1024, 8192], ""output"": [8192, 1024]}",137438953472,0,{},16777216,134217728,16777216,独立 GEMM：权重与输入各读一次、输出写一次的操作数载荷；不预测 tile 重读。
24,apply_rope,position,"{""Q"": [1, 64, 8192, 128], ""K"": [1, 8, 8192, 128]}",0,226492416,"{""negate"": 37748736}",0,155189248,150994944,2 multiply + 1 add/元素，rotate_half 符号翻转分列；表按批／头理想复用。 Llama has no Q/K norm; shared default position table counted once per layer.
24,kv_append,state,"{""new_K_and_V_each"": [1, 8, 8192, 128]}",0,0,{},0,33554432,33554432,原位／分页 append 载荷；不假定动态 torch.cat 对旧缓存整段复制。
24,qk,attention,"{""Q"": [1, 64, 8192, 128], ""K_shared"": [1, 8, 8192, 128], ""scores_rectangular"": [1, 64, 8192, 8192]}",549822922752,0,{},0,150994944,17179869184,FLOPs 仅有效因果位置；载荷是假定 Q/K 各读一次、GQA 头共享，完整分数矩阵物化。
24,score_scale_mask_softmax,softmax,"{""scores"": [1, 64, 8192, 8192]}",0,8590458880,"{""exp"": 2147745792, ""compare_max"": 2147221504, ""mask_decisions"": 4294967296}",0,17179869184,17179869184,选择的融合 scale/mask/softmax 代数工作；屏蔽点不计 exp。物化 FP32 默认概率；非具体 eager trace。
24,pv,attention,"{""P"": [1, 64, 8192, 8192], ""V_shared"": [1, 8, 8192, 128], ""output"": [1, 64, 8192, 128]}",549822922752,0,{},0,17196646400,134217728,PV/AV：各 Q 头仍计算；V 容量不乘 GQA 复制数。载荷假定 V 在头／查询之间理想复用。
24,o_proj,linear,"{""input"": [8192, 8192], ""weight_math"": [8192, 8192], ""weight_storage"": [8192, 8192], ""output"": [8192, 8192]}",1099511627776,0,{},134217728,134217728,134217728,独立 GEMM：权重与输入各读一次、输出写一次的操作数载荷；不预测 tile 重读。
24,attention_residual,residual,"{""inputs_each"": [8192, 8192], ""output"": [8192, 8192]}",0,67108864,{},0,268435456,134217728,
24,post_attention_layernorm,normalization,"{""input"": [8192, 8192], ""weight"": [8192], ""output"": [8192, 8192]}",0,268443648,"{""rsqrt"": 8192, ""cast_elements"": 134217728}",16384,134217728,134217728,按 FP32 行内归约的代数计数；rsqrt、类型转换与临时 FP32 张量分列／不推断 HBM spill。
24,gate_proj,linear,"{""input"": [8192, 8192], ""weight_math"": [8192, 28672], ""weight_storage"": [28672, 8192], ""output"": [8192, 28672]}",3848290697216,0,{},469762048,134217728,469762048,独立 GEMM：权重与输入各读一次、输出写一次的操作数载荷；不预测 tile 重读。
24,up_proj,linear,"{""input"": [8192, 8192], ""weight_math"": [8192, 28672], ""weight_storage"": [28672, 8192], ""output"": [8192, 28672]}",3848290697216,0,{},469762048,134217728,469762048,独立 GEMM：权重与输入各读一次、输出写一次的操作数载荷；不预测 tile 重读。
24,silu_mul,activation,"{""gate"": [8192, 28672], ""up"": [8192, 28672], ""output"": [8192, 28672]}",0,939524096,"{""exp"": 234881024, ""negate"": 234881024}",0,939524096,469762048,"sigmoid: exp(-x), +1, reciprocal；再乘 x 和 up。exp 与取负分列。"
24,down_proj,linear,"{""input"": [8192, 28672], ""weight_math"": [28672, 8192], ""weight_storage"": [8192, 28672], ""output"": [8192, 8192]}",3848290697216,0,{},469762048,469762048,134217728,独立 GEMM：权重与输入各读一次、输出写一次的操作数载荷；不预测 tile 重读。
24,ffn_residual,residual,"{""inputs_each"": [8192, 8192], ""output"": [8192, 8192]}",0,67108864,{},0,268435456,134217728,
25,input_layernorm,normalization,"{""input"": [8192, 8192], ""weight"": [8192], ""output"": [8192, 8192]}",0,268443648,"{""rsqrt"": 8192, ""cast_elements"": 134217728}",16384,134217728,134217728,按 FP32 行内归约的代数计数；rsqrt、类型转换与临时 FP32 张量分列／不推断 HBM spill。
25,q_proj,linear,"{""input"": [8192, 8192], ""weight_math"": [8192, 8192], ""weight_storage"": [8192, 8192], ""output"": [8192, 8192]}",1099511627776,0,{},134217728,134217728,134217728,独立 GEMM：权重与输入各读一次、输出写一次的操作数载荷；不预测 tile 重读。
25,k_proj,linear,"{""input"": [8192, 8192], ""weight_math"": [8192, 1024], ""weight_storage"": [1024, 8192], ""output"": [8192, 1024]}",137438953472,0,{},16777216,134217728,16777216,独立 GEMM：权重与输入各读一次、输出写一次的操作数载荷；不预测 tile 重读。
25,v_proj,linear,"{""input"": [8192, 8192], ""weight_math"": [8192, 1024], ""weight_storage"": [1024, 8192], ""output"": [8192, 1024]}",137438953472,0,{},16777216,134217728,16777216,独立 GEMM：权重与输入各读一次、输出写一次的操作数载荷；不预测 tile 重读。
25,apply_rope,position,"{""Q"": [1, 64, 8192, 128], ""K"": [1, 8, 8192, 128]}",0,226492416,"{""negate"": 37748736}",0,155189248,150994944,2 multiply + 1 add/元素，rotate_half 符号翻转分列；表按批／头理想复用。 Llama has no Q/K norm; shared default position table counted once per layer.
25,kv_append,state,"{""new_K_and_V_each"": [1, 8, 8192, 128]}",0,0,{},0,33554432,33554432,原位／分页 append 载荷；不假定动态 torch.cat 对旧缓存整段复制。
25,qk,attention,"{""Q"": [1, 64, 8192, 128], ""K_shared"": [1, 8, 8192, 128], ""scores_rectangular"": [1, 64, 8192, 8192]}",549822922752,0,{},0,150994944,17179869184,FLOPs 仅有效因果位置；载荷是假定 Q/K 各读一次、GQA 头共享，完整分数矩阵物化。
25,score_scale_mask_softmax,softmax,"{""scores"": [1, 64, 8192, 8192]}",0,8590458880,"{""exp"": 2147745792, ""compare_max"": 2147221504, ""mask_decisions"": 4294967296}",0,17179869184,17179869184,选择的融合 scale/mask/softmax 代数工作；屏蔽点不计 exp。物化 FP32 默认概率；非具体 eager trace。
25,pv,attention,"{""P"": [1, 64, 8192, 8192], ""V_shared"": [1, 8, 8192, 128], ""output"": [1, 64, 8192, 128]}",549822922752,0,{},0,17196646400,134217728,PV/AV：各 Q 头仍计算；V 容量不乘 GQA 复制数。载荷假定 V 在头／查询之间理想复用。
25,o_proj,linear,"{""input"": [8192, 8192], ""weight_math"": [8192, 8192], ""weight_storage"": [8192, 8192], ""output"": [8192, 8192]}",1099511627776,0,{},134217728,134217728,134217728,独立 GEMM：权重与输入各读一次、输出写一次的操作数载荷；不预测 tile 重读。
25,attention_residual,residual,"{""inputs_each"": [8192, 8192], ""output"": [8192, 8192]}",0,67108864,{},0,268435456,134217728,
25,post_attention_layernorm,normalization,"{""input"": [8192, 8192], ""weight"": [8192], ""output"": [8192, 8192]}",0,268443648,"{""rsqrt"": 8192, ""cast_elements"": 134217728}",16384,134217728,134217728,按 FP32 行内归约的代数计数；rsqrt、类型转换与临时 FP32 张量分列／不推断 HBM spill。
25,gate_proj,linear,"{""input"": [8192, 8192], ""weight_math"": [8192, 28672], ""weight_storage"": [28672, 8192], ""output"": [8192, 28672]}",3848290697216,0,{},469762048,134217728,469762048,独立 GEMM：权重与输入各读一次、输出写一次的操作数载荷；不预测 tile 重读。
25,up_proj,linear,"{""input"": [8192, 8192], ""weight_math"": [8192, 28672], ""weight_storage"": [28672, 8192], ""output"": [8192, 28672]}",3848290697216,0,{},469762048,134217728,469762048,独立 GEMM：权重与输入各读一次、输出写一次的操作数载荷；不预测 tile 重读。
25,silu_mul,activation,"{""gate"": [8192, 28672], ""up"": [8192, 28672], ""output"": [8192, 28672]}",0,939524096,"{""exp"": 234881024, ""negate"": 234881024}",0,939524096,469762048,"sigmoid: exp(-x), +1, reciprocal；再乘 x 和 up。exp 与取负分列。"
25,down_proj,linear,"{""input"": [8192, 28672], ""weight_math"": [28672, 8192], ""weight_storage"": [8192, 28672], ""output"": [8192, 8192]}",3848290697216,0,{},469762048,469762048,134217728,独立 GEMM：权重与输入各读一次、输出写一次的操作数载荷；不预测 tile 重读。
25,ffn_residual,residual,"{""inputs_each"": [8192, 8192], ""output"": [8192, 8192]}",0,67108864,{},0,268435456,134217728,
26,input_layernorm,normalization,"{""input"": [8192, 8192], ""weight"": [8192], ""output"": [8192, 8192]}",0,268443648,"{""rsqrt"": 8192, ""cast_elements"": 134217728}",16384,134217728,134217728,按 FP32 行内归约的代数计数；rsqrt、类型转换与临时 FP32 张量分列／不推断 HBM spill。
26,q_proj,linear,"{""input"": [8192, 8192], ""weight_math"": [8192, 8192], ""weight_storage"": [8192, 8192], ""output"": [8192, 8192]}",1099511627776,0,{},134217728,134217728,134217728,独立 GEMM：权重与输入各读一次、输出写一次的操作数载荷；不预测 tile 重读。
26,k_proj,linear,"{""input"": [8192, 8192], ""weight_math"": [8192, 1024], ""weight_storage"": [1024, 8192], ""output"": [8192, 1024]}",137438953472,0,{},16777216,134217728,16777216,独立 GEMM：权重与输入各读一次、输出写一次的操作数载荷；不预测 tile 重读。
26,v_proj,linear,"{""input"": [8192, 8192], ""weight_math"": [8192, 1024], ""weight_storage"": [1024, 8192], ""output"": [8192, 1024]}",137438953472,0,{},16777216,134217728,16777216,独立 GEMM：权重与输入各读一次、输出写一次的操作数载荷；不预测 tile 重读。
26,apply_rope,position,"{""Q"": [1, 64, 8192, 128], ""K"": [1, 8, 8192, 128]}",0,226492416,"{""negate"": 37748736}",0,155189248,150994944,2 multiply + 1 add/元素，rotate_half 符号翻转分列；表按批／头理想复用。 Llama has no Q/K norm; shared default position table counted once per layer.
26,kv_append,state,"{""new_K_and_V_each"": [1, 8, 8192, 128]}",0,0,{},0,33554432,33554432,原位／分页 append 载荷；不假定动态 torch.cat 对旧缓存整段复制。
26,qk,attention,"{""Q"": [1, 64, 8192, 128], ""K_shared"": [1, 8, 8192, 128], ""scores_rectangular"": [1, 64, 8192, 8192]}",549822922752,0,{},0,150994944,17179869184,FLOPs 仅有效因果位置；载荷是假定 Q/K 各读一次、GQA 头共享，完整分数矩阵物化。
26,score_scale_mask_softmax,softmax,"{""scores"": [1, 64, 8192, 8192]}",0,8590458880,"{""exp"": 2147745792, ""compare_max"": 2147221504, ""mask_decisions"": 4294967296}",0,17179869184,17179869184,选择的融合 scale/mask/softmax 代数工作；屏蔽点不计 exp。物化 FP32 默认概率；非具体 eager trace。
26,pv,attention,"{""P"": [1, 64, 8192, 8192], ""V_shared"": [1, 8, 8192, 128], ""output"": [1, 64, 8192, 128]}",549822922752,0,{},0,17196646400,134217728,PV/AV：各 Q 头仍计算；V 容量不乘 GQA 复制数。载荷假定 V 在头／查询之间理想复用。
26,o_proj,linear,"{""input"": [8192, 8192], ""weight_math"": [8192, 8192], ""weight_storage"": [8192, 8192], ""output"": [8192, 8192]}",1099511627776,0,{},134217728,134217728,134217728,独立 GEMM：权重与输入各读一次、输出写一次的操作数载荷；不预测 tile 重读。
26,attention_residual,residual,"{""inputs_each"": [8192, 8192], ""output"": [8192, 8192]}",0,67108864,{},0,268435456,134217728,
26,post_attention_layernorm,normalization,"{""input"": [8192, 8192], ""weight"": [8192], ""output"": [8192, 8192]}",0,268443648,"{""rsqrt"": 8192, ""cast_elements"": 134217728}",16384,134217728,134217728,按 FP32 行内归约的代数计数；rsqrt、类型转换与临时 FP32 张量分列／不推断 HBM spill。
26,gate_proj,linear,"{""input"": [8192, 8192], ""weight_math"": [8192, 28672], ""weight_storage"": [28672, 8192], ""output"": [8192, 28672]}",3848290697216,0,{},469762048,134217728,469762048,独立 GEMM：权重与输入各读一次、输出写一次的操作数载荷；不预测 tile 重读。
26,up_proj,linear,"{""input"": [8192, 8192], ""weight_math"": [8192, 28672], ""weight_storage"": [28672, 8192], ""output"": [8192, 28672]}",3848290697216,0,{},469762048,134217728,469762048,独立 GEMM：权重与输入各读一次、输出写一次的操作数载荷；不预测 tile 重读。
26,silu_mul,activation,"{""gate"": [8192, 28672], ""up"": [8192, 28672], ""output"": [8192, 28672]}",0,939524096,"{""exp"": 234881024, ""negate"": 234881024}",0,939524096,469762048,"sigmoid: exp(-x), +1, reciprocal；再乘 x 和 up。exp 与取负分列。"
26,down_proj,linear,"{""input"": [8192, 28672], ""weight_math"": [28672, 8192], ""weight_storage"": [8192, 28672], ""output"": [8192, 8192]}",3848290697216,0,{},469762048,469762048,134217728,独立 GEMM：权重与输入各读一次、输出写一次的操作数载荷；不预测 tile 重读。
26,ffn_residual,residual,"{""inputs_each"": [8192, 8192], ""output"": [8192, 8192]}",0,67108864,{},0,268435456,134217728,
27,input_layernorm,normalization,"{""input"": [8192, 8192], ""weight"": [8192], ""output"": [8192, 8192]}",0,268443648,"{""rsqrt"": 8192, ""cast_elements"": 134217728}",16384,134217728,134217728,按 FP32 行内归约的代数计数；rsqrt、类型转换与临时 FP32 张量分列／不推断 HBM spill。
27,q_proj,linear,"{""input"": [8192, 8192], ""weight_math"": [8192, 8192], ""weight_storage"": [8192, 8192], ""output"": [8192, 8192]}",1099511627776,0,{},134217728,134217728,134217728,独立 GEMM：权重与输入各读一次、输出写一次的操作数载荷；不预测 tile 重读。
27,k_proj,linear,"{""input"": [8192, 8192], ""weight_math"": [8192, 1024], ""weight_storage"": [1024, 8192], ""output"": [8192, 1024]}",137438953472,0,{},16777216,134217728,16777216,独立 GEMM：权重与输入各读一次、输出写一次的操作数载荷；不预测 tile 重读。
27,v_proj,linear,"{""input"": [8192, 8192], ""weight_math"": [8192, 1024], ""weight_storage"": [1024, 8192], ""output"": [8192, 1024]}",137438953472,0,{},16777216,134217728,16777216,独立 GEMM：权重与输入各读一次、输出写一次的操作数载荷；不预测 tile 重读。
27,apply_rope,position,"{""Q"": [1, 64, 8192, 128], ""K"": [1, 8, 8192, 128]}",0,226492416,"{""negate"": 37748736}",0,155189248,150994944,2 multiply + 1 add/元素，rotate_half 符号翻转分列；表按批／头理想复用。 Llama has no Q/K norm; shared default position table counted once per layer.
27,kv_append,state,"{""new_K_and_V_each"": [1, 8, 8192, 128]}",0,0,{},0,33554432,33554432,原位／分页 append 载荷；不假定动态 torch.cat 对旧缓存整段复制。
27,qk,attention,"{""Q"": [1, 64, 8192, 128], ""K_shared"": [1, 8, 8192, 128], ""scores_rectangular"": [1, 64, 8192, 8192]}",549822922752,0,{},0,150994944,17179869184,FLOPs 仅有效因果位置；载荷是假定 Q/K 各读一次、GQA 头共享，完整分数矩阵物化。
27,score_scale_mask_softmax,softmax,"{""scores"": [1, 64, 8192, 8192]}",0,8590458880,"{""exp"": 2147745792, ""compare_max"": 2147221504, ""mask_decisions"": 4294967296}",0,17179869184,17179869184,选择的融合 scale/mask/softmax 代数工作；屏蔽点不计 exp。物化 FP32 默认概率；非具体 eager trace。
27,pv,attention,"{""P"": [1, 64, 8192, 8192], ""V_shared"": [1, 8, 8192, 128], ""output"": [1, 64, 8192, 128]}",549822922752,0,{},0,17196646400,134217728,PV/AV：各 Q 头仍计算；V 容量不乘 GQA 复制数。载荷假定 V 在头／查询之间理想复用。
27,o_proj,linear,"{""input"": [8192, 8192], ""weight_math"": [8192, 8192], ""weight_storage"": [8192, 8192], ""output"": [8192, 8192]}",1099511627776,0,{},134217728,134217728,134217728,独立 GEMM：权重与输入各读一次、输出写一次的操作数载荷；不预测 tile 重读。
27,attention_residual,residual,"{""inputs_each"": [8192, 8192], ""output"": [8192, 8192]}",0,67108864,{},0,268435456,134217728,
27,post_attention_layernorm,normalization,"{""input"": [8192, 8192], ""weight"": [8192], ""output"": [8192, 8192]}",0,268443648,"{""rsqrt"": 8192, ""cast_elements"": 134217728}",16384,134217728,134217728,按 FP32 行内归约的代数计数；rsqrt、类型转换与临时 FP32 张量分列／不推断 HBM spill。
27,gate_proj,linear,"{""input"": [8192, 8192], ""weight_math"": [8192, 28672], ""weight_storage"": [28672, 8192], ""output"": [8192, 28672]}",3848290697216,0,{},469762048,134217728,469762048,独立 GEMM：权重与输入各读一次、输出写一次的操作数载荷；不预测 tile 重读。
27,up_proj,linear,"{""input"": [8192, 8192], ""weight_math"": [8192, 28672], ""weight_storage"": [28672, 8192], ""output"": [8192, 28672]}",3848290697216,0,{},469762048,134217728,469762048,独立 GEMM：权重与输入各读一次、输出写一次的操作数载荷；不预测 tile 重读。
27,silu_mul,activation,"{""gate"": [8192, 28672], ""up"": [8192, 28672], ""output"": [8192, 28672]}",0,939524096,"{""exp"": 234881024, ""negate"": 234881024}",0,939524096,469762048,"sigmoid: exp(-x), +1, reciprocal；再乘 x 和 up。exp 与取负分列。"
27,down_proj,linear,"{""input"": [8192, 28672], ""weight_math"": [28672, 8192], ""weight_storage"": [8192, 28672], ""output"": [8192, 8192]}",3848290697216,0,{},469762048,469762048,134217728,独立 GEMM：权重与输入各读一次、输出写一次的操作数载荷；不预测 tile 重读。
27,ffn_residual,residual,"{""inputs_each"": [8192, 8192], ""output"": [8192, 8192]}",0,67108864,{},0,268435456,134217728,
28,input_layernorm,normalization,"{""input"": [8192, 8192], ""weight"": [8192], ""output"": [8192, 8192]}",0,268443648,"{""rsqrt"": 8192, ""cast_elements"": 134217728}",16384,134217728,134217728,按 FP32 行内归约的代数计数；rsqrt、类型转换与临时 FP32 张量分列／不推断 HBM spill。
28,q_proj,linear,"{""input"": [8192, 8192], ""weight_math"": [8192, 8192], ""weight_storage"": [8192, 8192], ""output"": [8192, 8192]}",1099511627776,0,{},134217728,134217728,134217728,独立 GEMM：权重与输入各读一次、输出写一次的操作数载荷；不预测 tile 重读。
28,k_proj,linear,"{""input"": [8192, 8192], ""weight_math"": [8192, 1024], ""weight_storage"": [1024, 8192], ""output"": [8192, 1024]}",137438953472,0,{},16777216,134217728,16777216,独立 GEMM：权重与输入各读一次、输出写一次的操作数载荷；不预测 tile 重读。
28,v_proj,linear,"{""input"": [8192, 8192], ""weight_math"": [8192, 1024], ""weight_storage"": [1024, 8192], ""output"": [8192, 1024]}",137438953472,0,{},16777216,134217728,16777216,独立 GEMM：权重与输入各读一次、输出写一次的操作数载荷；不预测 tile 重读。
28,apply_rope,position,"{""Q"": [1, 64, 8192, 128], ""K"": [1, 8, 8192, 128]}",0,226492416,"{""negate"": 37748736}",0,155189248,150994944,2 multiply + 1 add/元素，rotate_half 符号翻转分列；表按批／头理想复用。 Llama has no Q/K norm; shared default position table counted once per layer.
28,kv_append,state,"{""new_K_and_V_each"": [1, 8, 8192, 128]}",0,0,{},0,33554432,33554432,原位／分页 append 载荷；不假定动态 torch.cat 对旧缓存整段复制。
28,qk,attention,"{""Q"": [1, 64, 8192, 128], ""K_shared"": [1, 8, 8192, 128], ""scores_rectangular"": [1, 64, 8192, 8192]}",549822922752,0,{},0,150994944,17179869184,FLOPs 仅有效因果位置；载荷是假定 Q/K 各读一次、GQA 头共享，完整分数矩阵物化。
28,score_scale_mask_softmax,softmax,"{""scores"": [1, 64, 8192, 8192]}",0,8590458880,"{""exp"": 2147745792, ""compare_max"": 2147221504, ""mask_decisions"": 4294967296}",0,17179869184,17179869184,选择的融合 scale/mask/softmax 代数工作；屏蔽点不计 exp。物化 FP32 默认概率；非具体 eager trace。
28,pv,attention,"{""P"": [1, 64, 8192, 8192], ""V_shared"": [1, 8, 8192, 128], ""output"": [1, 64, 8192, 128]}",549822922752,0,{},0,17196646400,134217728,PV/AV：各 Q 头仍计算；V 容量不乘 GQA 复制数。载荷假定 V 在头／查询之间理想复用。
28,o_proj,linear,"{""input"": [8192, 8192], ""weight_math"": [8192, 8192], ""weight_storage"": [8192, 8192], ""output"": [8192, 8192]}",1099511627776,0,{},134217728,134217728,134217728,独立 GEMM：权重与输入各读一次、输出写一次的操作数载荷；不预测 tile 重读。
28,attention_residual,residual,"{""inputs_each"": [8192, 8192], ""output"": [8192, 8192]}",0,67108864,{},0,268435456,134217728,
28,post_attention_layernorm,normalization,"{""input"": [8192, 8192], ""weight"": [8192], ""output"": [8192, 8192]}",0,268443648,"{""rsqrt"": 8192, ""cast_elements"": 134217728}",16384,134217728,134217728,按 FP32 行内归约的代数计数；rsqrt、类型转换与临时 FP32 张量分列／不推断 HBM spill。
28,gate_proj,linear,"{""input"": [8192, 8192], ""weight_math"": [8192, 28672], ""weight_storage"": [28672, 8192], ""output"": [8192, 28672]}",3848290697216,0,{},469762048,134217728,469762048,独立 GEMM：权重与输入各读一次、输出写一次的操作数载荷；不预测 tile 重读。
28,up_proj,linear,"{""input"": [8192, 8192], ""weight_math"": [8192, 28672], ""weight_storage"": [28672, 8192], ""output"": [8192, 28672]}",3848290697216,0,{},469762048,134217728,469762048,独立 GEMM：权重与输入各读一次、输出写一次的操作数载荷；不预测 tile 重读。
28,silu_mul,activation,"{""gate"": [8192, 28672], ""up"": [8192, 28672], ""output"": [8192, 28672]}",0,939524096,"{""exp"": 234881024, ""negate"": 234881024}",0,939524096,469762048,"sigmoid: exp(-x), +1, reciprocal；再乘 x 和 up。exp 与取负分列。"
28,down_proj,linear,"{""input"": [8192, 28672], ""weight_math"": [28672, 8192], ""weight_storage"": [8192, 28672], ""output"": [8192, 8192]}",3848290697216,0,{},469762048,469762048,134217728,独立 GEMM：权重与输入各读一次、输出写一次的操作数载荷；不预测 tile 重读。
28,ffn_residual,residual,"{""inputs_each"": [8192, 8192], ""output"": [8192, 8192]}",0,67108864,{},0,268435456,134217728,
29,input_layernorm,normalization,"{""input"": [8192, 8192], ""weight"": [8192], ""output"": [8192, 8192]}",0,268443648,"{""rsqrt"": 8192, ""cast_elements"": 134217728}",16384,134217728,134217728,按 FP32 行内归约的代数计数；rsqrt、类型转换与临时 FP32 张量分列／不推断 HBM spill。
29,q_proj,linear,"{""input"": [8192, 8192], ""weight_math"": [8192, 8192], ""weight_storage"": [8192, 8192], ""output"": [8192, 8192]}",1099511627776,0,{},134217728,134217728,134217728,独立 GEMM：权重与输入各读一次、输出写一次的操作数载荷；不预测 tile 重读。
29,k_proj,linear,"{""input"": [8192, 8192], ""weight_math"": [8192, 1024], ""weight_storage"": [1024, 8192], ""output"": [8192, 1024]}",137438953472,0,{},16777216,134217728,16777216,独立 GEMM：权重与输入各读一次、输出写一次的操作数载荷；不预测 tile 重读。
29,v_proj,linear,"{""input"": [8192, 8192], ""weight_math"": [8192, 1024], ""weight_storage"": [1024, 8192], ""output"": [8192, 1024]}",137438953472,0,{},16777216,134217728,16777216,独立 GEMM：权重与输入各读一次、输出写一次的操作数载荷；不预测 tile 重读。
29,apply_rope,position,"{""Q"": [1, 64, 8192, 128], ""K"": [1, 8, 8192, 128]}",0,226492416,"{""negate"": 37748736}",0,155189248,150994944,2 multiply + 1 add/元素，rotate_half 符号翻转分列；表按批／头理想复用。 Llama has no Q/K norm; shared default position table counted once per layer.
29,kv_append,state,"{""new_K_and_V_each"": [1, 8, 8192, 128]}",0,0,{},0,33554432,33554432,原位／分页 append 载荷；不假定动态 torch.cat 对旧缓存整段复制。
29,qk,attention,"{""Q"": [1, 64, 8192, 128], ""K_shared"": [1, 8, 8192, 128], ""scores_rectangular"": [1, 64, 8192, 8192]}",549822922752,0,{},0,150994944,17179869184,FLOPs 仅有效因果位置；载荷是假定 Q/K 各读一次、GQA 头共享，完整分数矩阵物化。
29,score_scale_mask_softmax,softmax,"{""scores"": [1, 64, 8192, 8192]}",0,8590458880,"{""exp"": 2147745792, ""compare_max"": 2147221504, ""mask_decisions"": 4294967296}",0,17179869184,17179869184,选择的融合 scale/mask/softmax 代数工作；屏蔽点不计 exp。物化 FP32 默认概率；非具体 eager trace。
29,pv,attention,"{""P"": [1, 64, 8192, 8192], ""V_shared"": [1, 8, 8192, 128], ""output"": [1, 64, 8192, 128]}",549822922752,0,{},0,17196646400,134217728,PV/AV：各 Q 头仍计算；V 容量不乘 GQA 复制数。载荷假定 V 在头／查询之间理想复用。
29,o_proj,linear,"{""input"": [8192, 8192], ""weight_math"": [8192, 8192], ""weight_storage"": [8192, 8192], ""output"": [8192, 8192]}",1099511627776,0,{},134217728,134217728,134217728,独立 GEMM：权重与输入各读一次、输出写一次的操作数载荷；不预测 tile 重读。
29,attention_residual,residual,"{""inputs_each"": [8192, 8192], ""output"": [8192, 8192]}",0,67108864,{},0,268435456,134217728,
29,post_attention_layernorm,normalization,"{""input"": [8192, 8192], ""weight"": [8192], ""output"": [8192, 8192]}",0,268443648,"{""rsqrt"": 8192, ""cast_elements"": 134217728}",16384,134217728,134217728,按 FP32 行内归约的代数计数；rsqrt、类型转换与临时 FP32 张量分列／不推断 HBM spill。
29,gate_proj,linear,"{""input"": [8192, 8192], ""weight_math"": [8192, 28672], ""weight_storage"": [28672, 8192], ""output"": [8192, 28672]}",3848290697216,0,{},469762048,134217728,469762048,独立 GEMM：权重与输入各读一次、输出写一次的操作数载荷；不预测 tile 重读。
29,up_proj,linear,"{""input"": [8192, 8192], ""weight_math"": [8192, 28672], ""weight_storage"": [28672, 8192], ""output"": [8192, 28672]}",3848290697216,0,{},469762048,134217728,469762048,独立 GEMM：权重与输入各读一次、输出写一次的操作数载荷；不预测 tile 重读。
29,silu_mul,activation,"{""gate"": [8192, 28672], ""up"": [8192, 28672], ""output"": [8192, 28672]}",0,939524096,"{""exp"": 234881024, ""negate"": 234881024}",0,939524096,469762048,"sigmoid: exp(-x), +1, reciprocal；再乘 x 和 up。exp 与取负分列。"
29,down_proj,linear,"{""input"": [8192, 28672], ""weight_math"": [28672, 8192], ""weight_storage"": [8192, 28672], ""output"": [8192, 8192]}",3848290697216,0,{},469762048,469762048,134217728,独立 GEMM：权重与输入各读一次、输出写一次的操作数载荷；不预测 tile 重读。
29,ffn_residual,residual,"{""inputs_each"": [8192, 8192], ""output"": [8192, 8192]}",0,67108864,{},0,268435456,134217728,
30,input_layernorm,normalization,"{""input"": [8192, 8192], ""weight"": [8192], ""output"": [8192, 8192]}",0,268443648,"{""rsqrt"": 8192, ""cast_elements"": 134217728}",16384,134217728,134217728,按 FP32 行内归约的代数计数；rsqrt、类型转换与临时 FP32 张量分列／不推断 HBM spill。
30,q_proj,linear,"{""input"": [8192, 8192], ""weight_math"": [8192, 8192], ""weight_storage"": [8192, 8192], ""output"": [8192, 8192]}",1099511627776,0,{},134217728,134217728,134217728,独立 GEMM：权重与输入各读一次、输出写一次的操作数载荷；不预测 tile 重读。
30,k_proj,linear,"{""input"": [8192, 8192], ""weight_math"": [8192, 1024], ""weight_storage"": [1024, 8192], ""output"": [8192, 1024]}",137438953472,0,{},16777216,134217728,16777216,独立 GEMM：权重与输入各读一次、输出写一次的操作数载荷；不预测 tile 重读。
30,v_proj,linear,"{""input"": [8192, 8192], ""weight_math"": [8192, 1024], ""weight_storage"": [1024, 8192], ""output"": [8192, 1024]}",137438953472,0,{},16777216,134217728,16777216,独立 GEMM：权重与输入各读一次、输出写一次的操作数载荷；不预测 tile 重读。
30,apply_rope,position,"{""Q"": [1, 64, 8192, 128], ""K"": [1, 8, 8192, 128]}",0,226492416,"{""negate"": 37748736}",0,155189248,150994944,2 multiply + 1 add/元素，rotate_half 符号翻转分列；表按批／头理想复用。 Llama has no Q/K norm; shared default position table counted once per layer.
30,kv_append,state,"{""new_K_and_V_each"": [1, 8, 8192, 128]}",0,0,{},0,33554432,33554432,原位／分页 append 载荷；不假定动态 torch.cat 对旧缓存整段复制。
30,qk,attention,"{""Q"": [1, 64, 8192, 128], ""K_shared"": [1, 8, 8192, 128], ""scores_rectangular"": [1, 64, 8192, 8192]}",549822922752,0,{},0,150994944,17179869184,FLOPs 仅有效因果位置；载荷是假定 Q/K 各读一次、GQA 头共享，完整分数矩阵物化。
30,score_scale_mask_softmax,softmax,"{""scores"": [1, 64, 8192, 8192]}",0,8590458880,"{""exp"": 2147745792, ""compare_max"": 2147221504, ""mask_decisions"": 4294967296}",0,17179869184,17179869184,选择的融合 scale/mask/softmax 代数工作；屏蔽点不计 exp。物化 FP32 默认概率；非具体 eager trace。
30,pv,attention,"{""P"": [1, 64, 8192, 8192], ""V_shared"": [1, 8, 8192, 128], ""output"": [1, 64, 8192, 128]}",549822922752,0,{},0,17196646400,134217728,PV/AV：各 Q 头仍计算；V 容量不乘 GQA 复制数。载荷假定 V 在头／查询之间理想复用。
30,o_proj,linear,"{""input"": [8192, 8192], ""weight_math"": [8192, 8192], ""weight_storage"": [8192, 8192], ""output"": [8192, 8192]}",1099511627776,0,{},134217728,134217728,134217728,独立 GEMM：权重与输入各读一次、输出写一次的操作数载荷；不预测 tile 重读。
30,attention_residual,residual,"{""inputs_each"": [8192, 8192], ""output"": [8192, 8192]}",0,67108864,{},0,268435456,134217728,
30,post_attention_layernorm,normalization,"{""input"": [8192, 8192], ""weight"": [8192], ""output"": [8192, 8192]}",0,268443648,"{""rsqrt"": 8192, ""cast_elements"": 134217728}",16384,134217728,134217728,按 FP32 行内归约的代数计数；rsqrt、类型转换与临时 FP32 张量分列／不推断 HBM spill。
30,gate_proj,linear,"{""input"": [8192, 8192], ""weight_math"": [8192, 28672], ""weight_storage"": [28672, 8192], ""output"": [8192, 28672]}",3848290697216,0,{},469762048,134217728,469762048,独立 GEMM：权重与输入各读一次、输出写一次的操作数载荷；不预测 tile 重读。
30,up_proj,linear,"{""input"": [8192, 8192], ""weight_math"": [8192, 28672], ""weight_storage"": [28672, 8192], ""output"": [8192, 28672]}",3848290697216,0,{},469762048,134217728,469762048,独立 GEMM：权重与输入各读一次、输出写一次的操作数载荷；不预测 tile 重读。
30,silu_mul,activation,"{""gate"": [8192, 28672], ""up"": [8192, 28672], ""output"": [8192, 28672]}",0,939524096,"{""exp"": 234881024, ""negate"": 234881024}",0,939524096,469762048,"sigmoid: exp(-x), +1, reciprocal；再乘 x 和 up。exp 与取负分列。"
30,down_proj,linear,"{""input"": [8192, 28672], ""weight_math"": [28672, 8192], ""weight_storage"": [8192, 28672], ""output"": [8192, 8192]}",3848290697216,0,{},469762048,469762048,134217728,独立 GEMM：权重与输入各读一次、输出写一次的操作数载荷；不预测 tile 重读。
30,ffn_residual,residual,"{""inputs_each"": [8192, 8192], ""output"": [8192, 8192]}",0,67108864,{},0,268435456,134217728,
31,input_layernorm,normalization,"{""input"": [8192, 8192], ""weight"": [8192], ""output"": [8192, 8192]}",0,268443648,"{""rsqrt"": 8192, ""cast_elements"": 134217728}",16384,134217728,134217728,按 FP32 行内归约的代数计数；rsqrt、类型转换与临时 FP32 张量分列／不推断 HBM spill。
31,q_proj,linear,"{""input"": [8192, 8192], ""weight_math"": [8192, 8192], ""weight_storage"": [8192, 8192], ""output"": [8192, 8192]}",1099511627776,0,{},134217728,134217728,134217728,独立 GEMM：权重与输入各读一次、输出写一次的操作数载荷；不预测 tile 重读。
31,k_proj,linear,"{""input"": [8192, 8192], ""weight_math"": [8192, 1024], ""weight_storage"": [1024, 8192], ""output"": [8192, 1024]}",137438953472,0,{},16777216,134217728,16777216,独立 GEMM：权重与输入各读一次、输出写一次的操作数载荷；不预测 tile 重读。
31,v_proj,linear,"{""input"": [8192, 8192], ""weight_math"": [8192, 1024], ""weight_storage"": [1024, 8192], ""output"": [8192, 1024]}",137438953472,0,{},16777216,134217728,16777216,独立 GEMM：权重与输入各读一次、输出写一次的操作数载荷；不预测 tile 重读。
31,apply_rope,position,"{""Q"": [1, 64, 8192, 128], ""K"": [1, 8, 8192, 128]}",0,226492416,"{""negate"": 37748736}",0,155189248,150994944,2 multiply + 1 add/元素，rotate_half 符号翻转分列；表按批／头理想复用。 Llama has no Q/K norm; shared default position table counted once per layer.
31,kv_append,state,"{""new_K_and_V_each"": [1, 8, 8192, 128]}",0,0,{},0,33554432,33554432,原位／分页 append 载荷；不假定动态 torch.cat 对旧缓存整段复制。
31,qk,attention,"{""Q"": [1, 64, 8192, 128], ""K_shared"": [1, 8, 8192, 128], ""scores_rectangular"": [1, 64, 8192, 8192]}",549822922752,0,{},0,150994944,17179869184,FLOPs 仅有效因果位置；载荷是假定 Q/K 各读一次、GQA 头共享，完整分数矩阵物化。
31,score_scale_mask_softmax,softmax,"{""scores"": [1, 64, 8192, 8192]}",0,8590458880,"{""exp"": 2147745792, ""compare_max"": 2147221504, ""mask_decisions"": 4294967296}",0,17179869184,17179869184,选择的融合 scale/mask/softmax 代数工作；屏蔽点不计 exp。物化 FP32 默认概率；非具体 eager trace。
31,pv,attention,"{""P"": [1, 64, 8192, 8192], ""V_shared"": [1, 8, 8192, 128], ""output"": [1, 64, 8192, 128]}",549822922752,0,{},0,17196646400,134217728,PV/AV：各 Q 头仍计算；V 容量不乘 GQA 复制数。载荷假定 V 在头／查询之间理想复用。
31,o_proj,linear,"{""input"": [8192, 8192], ""weight_math"": [8192, 8192], ""weight_storage"": [8192, 8192], ""output"": [8192, 8192]}",1099511627776,0,{},134217728,134217728,134217728,独立 GEMM：权重与输入各读一次、输出写一次的操作数载荷；不预测 tile 重读。
31,attention_residual,residual,"{""inputs_each"": [8192, 8192], ""output"": [8192, 8192]}",0,67108864,{},0,268435456,134217728,
31,post_attention_layernorm,normalization,"{""input"": [8192, 8192], ""weight"": [8192], ""output"": [8192, 8192]}",0,268443648,"{""rsqrt"": 8192, ""cast_elements"": 134217728}",16384,134217728,134217728,按 FP32 行内归约的代数计数；rsqrt、类型转换与临时 FP32 张量分列／不推断 HBM spill。
31,gate_proj,linear,"{""input"": [8192, 8192], ""weight_math"": [8192, 28672], ""weight_storage"": [28672, 8192], ""output"": [8192, 28672]}",3848290697216,0,{},469762048,134217728,469762048,独立 GEMM：权重与输入各读一次、输出写一次的操作数载荷；不预测 tile 重读。
31,up_proj,linear,"{""input"": [8192, 8192], ""weight_math"": [8192, 28672], ""weight_storage"": [28672, 8192], ""output"": [8192, 28672]}",3848290697216,0,{},469762048,134217728,469762048,独立 GEMM：权重与输入各读一次、输出写一次的操作数载荷；不预测 tile 重读。
31,silu_mul,activation,"{""gate"": [8192, 28672], ""up"": [8192, 28672], ""output"": [8192, 28672]}",0,939524096,"{""exp"": 234881024, ""negate"": 234881024}",0,939524096,469762048,"sigmoid: exp(-x), +1, reciprocal；再乘 x 和 up。exp 与取负分列。"
31,down_proj,linear,"{""input"": [8192, 28672], ""weight_math"": [28672, 8192], ""weight_storage"": [8192, 28672], ""output"": [8192, 8192]}",3848290697216,0,{},469762048,469762048,134217728,独立 GEMM：权重与输入各读一次、输出写一次的操作数载荷；不预测 tile 重读。
31,ffn_residual,residual,"{""inputs_each"": [8192, 8192], ""output"": [8192, 8192]}",0,67108864,{},0,268435456,134217728,
32,input_layernorm,normalization,"{""input"": [8192, 8192], ""weight"": [8192], ""output"": [8192, 8192]}",0,268443648,"{""rsqrt"": 8192, ""cast_elements"": 134217728}",16384,134217728,134217728,按 FP32 行内归约的代数计数；rsqrt、类型转换与临时 FP32 张量分列／不推断 HBM spill。
32,q_proj,linear,"{""input"": [8192, 8192], ""weight_math"": [8192, 8192], ""weight_storage"": [8192, 8192], ""output"": [8192, 8192]}",1099511627776,0,{},134217728,134217728,134217728,独立 GEMM：权重与输入各读一次、输出写一次的操作数载荷；不预测 tile 重读。
32,k_proj,linear,"{""input"": [8192, 8192], ""weight_math"": [8192, 1024], ""weight_storage"": [1024, 8192], ""output"": [8192, 1024]}",137438953472,0,{},16777216,134217728,16777216,独立 GEMM：权重与输入各读一次、输出写一次的操作数载荷；不预测 tile 重读。
32,v_proj,linear,"{""input"": [8192, 8192], ""weight_math"": [8192, 1024], ""weight_storage"": [1024, 8192], ""output"": [8192, 1024]}",137438953472,0,{},16777216,134217728,16777216,独立 GEMM：权重与输入各读一次、输出写一次的操作数载荷；不预测 tile 重读。
32,apply_rope,position,"{""Q"": [1, 64, 8192, 128], ""K"": [1, 8, 8192, 128]}",0,226492416,"{""negate"": 37748736}",0,155189248,150994944,2 multiply + 1 add/元素，rotate_half 符号翻转分列；表按批／头理想复用。 Llama has no Q/K norm; shared default position table counted once per layer.
32,kv_append,state,"{""new_K_and_V_each"": [1, 8, 8192, 128]}",0,0,{},0,33554432,33554432,原位／分页 append 载荷；不假定动态 torch.cat 对旧缓存整段复制。
32,qk,attention,"{""Q"": [1, 64, 8192, 128], ""K_shared"": [1, 8, 8192, 128], ""scores_rectangular"": [1, 64, 8192, 8192]}",549822922752,0,{},0,150994944,17179869184,FLOPs 仅有效因果位置；载荷是假定 Q/K 各读一次、GQA 头共享，完整分数矩阵物化。
32,score_scale_mask_softmax,softmax,"{""scores"": [1, 64, 8192, 8192]}",0,8590458880,"{""exp"": 2147745792, ""compare_max"": 2147221504, ""mask_decisions"": 4294967296}",0,17179869184,17179869184,选择的融合 scale/mask/softmax 代数工作；屏蔽点不计 exp。物化 FP32 默认概率；非具体 eager trace。
32,pv,attention,"{""P"": [1, 64, 8192, 8192], ""V_shared"": [1, 8, 8192, 128], ""output"": [1, 64, 8192, 128]}",549822922752,0,{},0,17196646400,134217728,PV/AV：各 Q 头仍计算；V 容量不乘 GQA 复制数。载荷假定 V 在头／查询之间理想复用。
32,o_proj,linear,"{""input"": [8192, 8192], ""weight_math"": [8192, 8192], ""weight_storage"": [8192, 8192], ""output"": [8192, 8192]}",1099511627776,0,{},134217728,134217728,134217728,独立 GEMM：权重与输入各读一次、输出写一次的操作数载荷；不预测 tile 重读。
32,attention_residual,residual,"{""inputs_each"": [8192, 8192], ""output"": [8192, 8192]}",0,67108864,{},0,268435456,134217728,
32,post_attention_layernorm,normalization,"{""input"": [8192, 8192], ""weight"": [8192], ""output"": [8192, 8192]}",0,268443648,"{""rsqrt"": 8192, ""cast_elements"": 134217728}",16384,134217728,134217728,按 FP32 行内归约的代数计数；rsqrt、类型转换与临时 FP32 张量分列／不推断 HBM spill。
32,gate_proj,linear,"{""input"": [8192, 8192], ""weight_math"": [8192, 28672], ""weight_storage"": [28672, 8192], ""output"": [8192, 28672]}",3848290697216,0,{},469762048,134217728,469762048,独立 GEMM：权重与输入各读一次、输出写一次的操作数载荷；不预测 tile 重读。
32,up_proj,linear,"{""input"": [8192, 8192], ""weight_math"": [8192, 28672], ""weight_storage"": [28672, 8192], ""output"": [8192, 28672]}",3848290697216,0,{},469762048,134217728,469762048,独立 GEMM：权重与输入各读一次、输出写一次的操作数载荷；不预测 tile 重读。
32,silu_mul,activation,"{""gate"": [8192, 28672], ""up"": [8192, 28672], ""output"": [8192, 28672]}",0,939524096,"{""exp"": 234881024, ""negate"": 234881024}",0,939524096,469762048,"sigmoid: exp(-x), +1, reciprocal；再乘 x 和 up。exp 与取负分列。"
32,down_proj,linear,"{""input"": [8192, 28672], ""weight_math"": [28672, 8192], ""weight_storage"": [8192, 28672], ""output"": [8192, 8192]}",3848290697216,0,{},469762048,469762048,134217728,独立 GEMM：权重与输入各读一次、输出写一次的操作数载荷；不预测 tile 重读。
32,ffn_residual,residual,"{""inputs_each"": [8192, 8192], ""output"": [8192, 8192]}",0,67108864,{},0,268435456,134217728,
33,input_layernorm,normalization,"{""input"": [8192, 8192], ""weight"": [8192], ""output"": [8192, 8192]}",0,268443648,"{""rsqrt"": 8192, ""cast_elements"": 134217728}",16384,134217728,134217728,按 FP32 行内归约的代数计数；rsqrt、类型转换与临时 FP32 张量分列／不推断 HBM spill。
33,q_proj,linear,"{""input"": [8192, 8192], ""weight_math"": [8192, 8192], ""weight_storage"": [8192, 8192], ""output"": [8192, 8192]}",1099511627776,0,{},134217728,134217728,134217728,独立 GEMM：权重与输入各读一次、输出写一次的操作数载荷；不预测 tile 重读。
33,k_proj,linear,"{""input"": [8192, 8192], ""weight_math"": [8192, 1024], ""weight_storage"": [1024, 8192], ""output"": [8192, 1024]}",137438953472,0,{},16777216,134217728,16777216,独立 GEMM：权重与输入各读一次、输出写一次的操作数载荷；不预测 tile 重读。
33,v_proj,linear,"{""input"": [8192, 8192], ""weight_math"": [8192, 1024], ""weight_storage"": [1024, 8192], ""output"": [8192, 1024]}",137438953472,0,{},16777216,134217728,16777216,独立 GEMM：权重与输入各读一次、输出写一次的操作数载荷；不预测 tile 重读。
33,apply_rope,position,"{""Q"": [1, 64, 8192, 128], ""K"": [1, 8, 8192, 128]}",0,226492416,"{""negate"": 37748736}",0,155189248,150994944,2 multiply + 1 add/元素，rotate_half 符号翻转分列；表按批／头理想复用。 Llama has no Q/K norm; shared default position table counted once per layer.
33,kv_append,state,"{""new_K_and_V_each"": [1, 8, 8192, 128]}",0,0,{},0,33554432,33554432,原位／分页 append 载荷；不假定动态 torch.cat 对旧缓存整段复制。
33,qk,attention,"{""Q"": [1, 64, 8192, 128], ""K_shared"": [1, 8, 8192, 128], ""scores_rectangular"": [1, 64, 8192, 8192]}",549822922752,0,{},0,150994944,17179869184,FLOPs 仅有效因果位置；载荷是假定 Q/K 各读一次、GQA 头共享，完整分数矩阵物化。
33,score_scale_mask_softmax,softmax,"{""scores"": [1, 64, 8192, 8192]}",0,8590458880,"{""exp"": 2147745792, ""compare_max"": 2147221504, ""mask_decisions"": 4294967296}",0,17179869184,17179869184,选择的融合 scale/mask/softmax 代数工作；屏蔽点不计 exp。物化 FP32 默认概率；非具体 eager trace。
33,pv,attention,"{""P"": [1, 64, 8192, 8192], ""V_shared"": [1, 8, 8192, 128], ""output"": [1, 64, 8192, 128]}",549822922752,0,{},0,17196646400,134217728,PV/AV：各 Q 头仍计算；V 容量不乘 GQA 复制数。载荷假定 V 在头／查询之间理想复用。
33,o_proj,linear,"{""input"": [8192, 8192], ""weight_math"": [8192, 8192], ""weight_storage"": [8192, 8192], ""output"": [8192, 8192]}",1099511627776,0,{},134217728,134217728,134217728,独立 GEMM：权重与输入各读一次、输出写一次的操作数载荷；不预测 tile 重读。
33,attention_residual,residual,"{""inputs_each"": [8192, 8192], ""output"": [8192, 8192]}",0,67108864,{},0,268435456,134217728,
33,post_attention_layernorm,normalization,"{""input"": [8192, 8192], ""weight"": [8192], ""output"": [8192, 8192]}",0,268443648,"{""rsqrt"": 8192, ""cast_elements"": 134217728}",16384,134217728,134217728,按 FP32 行内归约的代数计数；rsqrt、类型转换与临时 FP32 张量分列／不推断 HBM spill。
33,gate_proj,linear,"{""input"": [8192, 8192], ""weight_math"": [8192, 28672], ""weight_storage"": [28672, 8192], ""output"": [8192, 28672]}",3848290697216,0,{},469762048,134217728,469762048,独立 GEMM：权重与输入各读一次、输出写一次的操作数载荷；不预测 tile 重读。
33,up_proj,linear,"{""input"": [8192, 8192], ""weight_math"": [8192, 28672], ""weight_storage"": [28672, 8192], ""output"": [8192, 28672]}",3848290697216,0,{},469762048,134217728,469762048,独立 GEMM：权重与输入各读一次、输出写一次的操作数载荷；不预测 tile 重读。
33,silu_mul,activation,"{""gate"": [8192, 28672], ""up"": [8192, 28672], ""output"": [8192, 28672]}",0,939524096,"{""exp"": 234881024, ""negate"": 234881024}",0,939524096,469762048,"sigmoid: exp(-x), +1, reciprocal；再乘 x 和 up。exp 与取负分列。"
33,down_proj,linear,"{""input"": [8192, 28672], ""weight_math"": [28672, 8192], ""weight_storage"": [8192, 28672], ""output"": [8192, 8192]}",3848290697216,0,{},469762048,469762048,134217728,独立 GEMM：权重与输入各读一次、输出写一次的操作数载荷；不预测 tile 重读。
33,ffn_residual,residual,"{""inputs_each"": [8192, 8192], ""output"": [8192, 8192]}",0,67108864,{},0,268435456,134217728,
34,input_layernorm,normalization,"{""input"": [8192, 8192], ""weight"": [8192], ""output"": [8192, 8192]}",0,268443648,"{""rsqrt"": 8192, ""cast_elements"": 134217728}",16384,134217728,134217728,按 FP32 行内归约的代数计数；rsqrt、类型转换与临时 FP32 张量分列／不推断 HBM spill。
34,q_proj,linear,"{""input"": [8192, 8192], ""weight_math"": [8192, 8192], ""weight_storage"": [8192, 8192], ""output"": [8192, 8192]}",1099511627776,0,{},134217728,134217728,134217728,独立 GEMM：权重与输入各读一次、输出写一次的操作数载荷；不预测 tile 重读。
34,k_proj,linear,"{""input"": [8192, 8192], ""weight_math"": [8192, 1024], ""weight_storage"": [1024, 8192], ""output"": [8192, 1024]}",137438953472,0,{},16777216,134217728,16777216,独立 GEMM：权重与输入各读一次、输出写一次的操作数载荷；不预测 tile 重读。
34,v_proj,linear,"{""input"": [8192, 8192], ""weight_math"": [8192, 1024], ""weight_storage"": [1024, 8192], ""output"": [8192, 1024]}",137438953472,0,{},16777216,134217728,16777216,独立 GEMM：权重与输入各读一次、输出写一次的操作数载荷；不预测 tile 重读。
34,apply_rope,position,"{""Q"": [1, 64, 8192, 128], ""K"": [1, 8, 8192, 128]}",0,226492416,"{""negate"": 37748736}",0,155189248,150994944,2 multiply + 1 add/元素，rotate_half 符号翻转分列；表按批／头理想复用。 Llama has no Q/K norm; shared default position table counted once per layer.
34,kv_append,state,"{""new_K_and_V_each"": [1, 8, 8192, 128]}",0,0,{},0,33554432,33554432,原位／分页 append 载荷；不假定动态 torch.cat 对旧缓存整段复制。
34,qk,attention,"{""Q"": [1, 64, 8192, 128], ""K_shared"": [1, 8, 8192, 128], ""scores_rectangular"": [1, 64, 8192, 8192]}",549822922752,0,{},0,150994944,17179869184,FLOPs 仅有效因果位置；载荷是假定 Q/K 各读一次、GQA 头共享，完整分数矩阵物化。
34,score_scale_mask_softmax,softmax,"{""scores"": [1, 64, 8192, 8192]}",0,8590458880,"{""exp"": 2147745792, ""compare_max"": 2147221504, ""mask_decisions"": 4294967296}",0,17179869184,17179869184,选择的融合 scale/mask/softmax 代数工作；屏蔽点不计 exp。物化 FP32 默认概率；非具体 eager trace。
34,pv,attention,"{""P"": [1, 64, 8192, 8192], ""V_shared"": [1, 8, 8192, 128], ""output"": [1, 64, 8192, 128]}",549822922752,0,{},0,17196646400,134217728,PV/AV：各 Q 头仍计算；V 容量不乘 GQA 复制数。载荷假定 V 在头／查询之间理想复用。
34,o_proj,linear,"{""input"": [8192, 8192], ""weight_math"": [8192, 8192], ""weight_storage"": [8192, 8192], ""output"": [8192, 8192]}",1099511627776,0,{},134217728,134217728,134217728,独立 GEMM：权重与输入各读一次、输出写一次的操作数载荷；不预测 tile 重读。
34,attention_residual,residual,"{""inputs_each"": [8192, 8192], ""output"": [8192, 8192]}",0,67108864,{},0,268435456,134217728,
34,post_attention_layernorm,normalization,"{""input"": [8192, 8192], ""weight"": [8192], ""output"": [8192, 8192]}",0,268443648,"{""rsqrt"": 8192, ""cast_elements"": 134217728}",16384,134217728,134217728,按 FP32 行内归约的代数计数；rsqrt、类型转换与临时 FP32 张量分列／不推断 HBM spill。
34,gate_proj,linear,"{""input"": [8192, 8192], ""weight_math"": [8192, 28672], ""weight_storage"": [28672, 8192], ""output"": [8192, 28672]}",3848290697216,0,{},469762048,134217728,469762048,独立 GEMM：权重与输入各读一次、输出写一次的操作数载荷；不预测 tile 重读。
34,up_proj,linear,"{""input"": [8192, 8192], ""weight_math"": [8192, 28672], ""weight_storage"": [28672, 8192], ""output"": [8192, 28672]}",3848290697216,0,{},469762048,134217728,469762048,独立 GEMM：权重与输入各读一次、输出写一次的操作数载荷；不预测 tile 重读。
34,silu_mul,activation,"{""gate"": [8192, 28672], ""up"": [8192, 28672], ""output"": [8192, 28672]}",0,939524096,"{""exp"": 234881024, ""negate"": 234881024}",0,939524096,469762048,"sigmoid: exp(-x), +1, reciprocal；再乘 x 和 up。exp 与取负分列。"
34,down_proj,linear,"{""input"": [8192, 28672], ""weight_math"": [28672, 8192], ""weight_storage"": [8192, 28672], ""output"": [8192, 8192]}",3848290697216,0,{},469762048,469762048,134217728,独立 GEMM：权重与输入各读一次、输出写一次的操作数载荷；不预测 tile 重读。
34,ffn_residual,residual,"{""inputs_each"": [8192, 8192], ""output"": [8192, 8192]}",0,67108864,{},0,268435456,134217728,
35,input_layernorm,normalization,"{""input"": [8192, 8192], ""weight"": [8192], ""output"": [8192, 8192]}",0,268443648,"{""rsqrt"": 8192, ""cast_elements"": 134217728}",16384,134217728,134217728,按 FP32 行内归约的代数计数；rsqrt、类型转换与临时 FP32 张量分列／不推断 HBM spill。
35,q_proj,linear,"{""input"": [8192, 8192], ""weight_math"": [8192, 8192], ""weight_storage"": [8192, 8192], ""output"": [8192, 8192]}",1099511627776,0,{},134217728,134217728,134217728,独立 GEMM：权重与输入各读一次、输出写一次的操作数载荷；不预测 tile 重读。
35,k_proj,linear,"{""input"": [8192, 8192], ""weight_math"": [8192, 1024], ""weight_storage"": [1024, 8192], ""output"": [8192, 1024]}",137438953472,0,{},16777216,134217728,16777216,独立 GEMM：权重与输入各读一次、输出写一次的操作数载荷；不预测 tile 重读。
35,v_proj,linear,"{""input"": [8192, 8192], ""weight_math"": [8192, 1024], ""weight_storage"": [1024, 8192], ""output"": [8192, 1024]}",137438953472,0,{},16777216,134217728,16777216,独立 GEMM：权重与输入各读一次、输出写一次的操作数载荷；不预测 tile 重读。
35,apply_rope,position,"{""Q"": [1, 64, 8192, 128], ""K"": [1, 8, 8192, 128]}",0,226492416,"{""negate"": 37748736}",0,155189248,150994944,2 multiply + 1 add/元素，rotate_half 符号翻转分列；表按批／头理想复用。 Llama has no Q/K norm; shared default position table counted once per layer.
35,kv_append,state,"{""new_K_and_V_each"": [1, 8, 8192, 128]}",0,0,{},0,33554432,33554432,原位／分页 append 载荷；不假定动态 torch.cat 对旧缓存整段复制。
35,qk,attention,"{""Q"": [1, 64, 8192, 128], ""K_shared"": [1, 8, 8192, 128], ""scores_rectangular"": [1, 64, 8192, 8192]}",549822922752,0,{},0,150994944,17179869184,FLOPs 仅有效因果位置；载荷是假定 Q/K 各读一次、GQA 头共享，完整分数矩阵物化。
35,score_scale_mask_softmax,softmax,"{""scores"": [1, 64, 8192, 8192]}",0,8590458880,"{""exp"": 2147745792, ""compare_max"": 2147221504, ""mask_decisions"": 4294967296}",0,17179869184,17179869184,选择的融合 scale/mask/softmax 代数工作；屏蔽点不计 exp。物化 FP32 默认概率；非具体 eager trace。
35,pv,attention,"{""P"": [1, 64, 8192, 8192], ""V_shared"": [1, 8, 8192, 128], ""output"": [1, 64, 8192, 128]}",549822922752,0,{},0,17196646400,134217728,PV/AV：各 Q 头仍计算；V 容量不乘 GQA 复制数。载荷假定 V 在头／查询之间理想复用。
35,o_proj,linear,"{""input"": [8192, 8192], ""weight_math"": [8192, 8192], ""weight_storage"": [8192, 8192], ""output"": [8192, 8192]}",1099511627776,0,{},134217728,134217728,134217728,独立 GEMM：权重与输入各读一次、输出写一次的操作数载荷；不预测 tile 重读。
35,attention_residual,residual,"{""inputs_each"": [8192, 8192], ""output"": [8192, 8192]}",0,67108864,{},0,268435456,134217728,
35,post_attention_layernorm,normalization,"{""input"": [8192, 8192], ""weight"": [8192], ""output"": [8192, 8192]}",0,268443648,"{""rsqrt"": 8192, ""cast_elements"": 134217728}",16384,134217728,134217728,按 FP32 行内归约的代数计数；rsqrt、类型转换与临时 FP32 张量分列／不推断 HBM spill。
35,gate_proj,linear,"{""input"": [8192, 8192], ""weight_math"": [8192, 28672], ""weight_storage"": [28672, 8192], ""output"": [8192, 28672]}",3848290697216,0,{},469762048,134217728,469762048,独立 GEMM：权重与输入各读一次、输出写一次的操作数载荷；不预测 tile 重读。
35,up_proj,linear,"{""input"": [8192, 8192], ""weight_math"": [8192, 28672], ""weight_storage"": [28672, 8192], ""output"": [8192, 28672]}",3848290697216,0,{},469762048,134217728,469762048,独立 GEMM：权重与输入各读一次、输出写一次的操作数载荷；不预测 tile 重读。
35,silu_mul,activation,"{""gate"": [8192, 28672], ""up"": [8192, 28672], ""output"": [8192, 28672]}",0,939524096,"{""exp"": 234881024, ""negate"": 234881024}",0,939524096,469762048,"sigmoid: exp(-x), +1, reciprocal；再乘 x 和 up。exp 与取负分列。"
35,down_proj,linear,"{""input"": [8192, 28672], ""weight_math"": [28672, 8192], ""weight_storage"": [8192, 28672], ""output"": [8192, 8192]}",3848290697216,0,{},469762048,469762048,134217728,独立 GEMM：权重与输入各读一次、输出写一次的操作数载荷；不预测 tile 重读。
35,ffn_residual,residual,"{""inputs_each"": [8192, 8192], ""output"": [8192, 8192]}",0,67108864,{},0,268435456,134217728,
36,input_layernorm,normalization,"{""input"": [8192, 8192], ""weight"": [8192], ""output"": [8192, 8192]}",0,268443648,"{""rsqrt"": 8192, ""cast_elements"": 134217728}",16384,134217728,134217728,按 FP32 行内归约的代数计数；rsqrt、类型转换与临时 FP32 张量分列／不推断 HBM spill。
36,q_proj,linear,"{""input"": [8192, 8192], ""weight_math"": [8192, 8192], ""weight_storage"": [8192, 8192], ""output"": [8192, 8192]}",1099511627776,0,{},134217728,134217728,134217728,独立 GEMM：权重与输入各读一次、输出写一次的操作数载荷；不预测 tile 重读。
36,k_proj,linear,"{""input"": [8192, 8192], ""weight_math"": [8192, 1024], ""weight_storage"": [1024, 8192], ""output"": [8192, 1024]}",137438953472,0,{},16777216,134217728,16777216,独立 GEMM：权重与输入各读一次、输出写一次的操作数载荷；不预测 tile 重读。
36,v_proj,linear,"{""input"": [8192, 8192], ""weight_math"": [8192, 1024], ""weight_storage"": [1024, 8192], ""output"": [8192, 1024]}",137438953472,0,{},16777216,134217728,16777216,独立 GEMM：权重与输入各读一次、输出写一次的操作数载荷；不预测 tile 重读。
36,apply_rope,position,"{""Q"": [1, 64, 8192, 128], ""K"": [1, 8, 8192, 128]}",0,226492416,"{""negate"": 37748736}",0,155189248,150994944,2 multiply + 1 add/元素，rotate_half 符号翻转分列；表按批／头理想复用。 Llama has no Q/K norm; shared default position table counted once per layer.
36,kv_append,state,"{""new_K_and_V_each"": [1, 8, 8192, 128]}",0,0,{},0,33554432,33554432,原位／分页 append 载荷；不假定动态 torch.cat 对旧缓存整段复制。
36,qk,attention,"{""Q"": [1, 64, 8192, 128], ""K_shared"": [1, 8, 8192, 128], ""scores_rectangular"": [1, 64, 8192, 8192]}",549822922752,0,{},0,150994944,17179869184,FLOPs 仅有效因果位置；载荷是假定 Q/K 各读一次、GQA 头共享，完整分数矩阵物化。
36,score_scale_mask_softmax,softmax,"{""scores"": [1, 64, 8192, 8192]}",0,8590458880,"{""exp"": 2147745792, ""compare_max"": 2147221504, ""mask_decisions"": 4294967296}",0,17179869184,17179869184,选择的融合 scale/mask/softmax 代数工作；屏蔽点不计 exp。物化 FP32 默认概率；非具体 eager trace。
36,pv,attention,"{""P"": [1, 64, 8192, 8192], ""V_shared"": [1, 8, 8192, 128], ""output"": [1, 64, 8192, 128]}",549822922752,0,{},0,17196646400,134217728,PV/AV：各 Q 头仍计算；V 容量不乘 GQA 复制数。载荷假定 V 在头／查询之间理想复用。
36,o_proj,linear,"{""input"": [8192, 8192], ""weight_math"": [8192, 8192], ""weight_storage"": [8192, 8192], ""output"": [8192, 8192]}",1099511627776,0,{},134217728,134217728,134217728,独立 GEMM：权重与输入各读一次、输出写一次的操作数载荷；不预测 tile 重读。
36,attention_residual,residual,"{""inputs_each"": [8192, 8192], ""output"": [8192, 8192]}",0,67108864,{},0,268435456,134217728,
36,post_attention_layernorm,normalization,"{""input"": [8192, 8192], ""weight"": [8192], ""output"": [8192, 8192]}",0,268443648,"{""rsqrt"": 8192, ""cast_elements"": 134217728}",16384,134217728,134217728,按 FP32 行内归约的代数计数；rsqrt、类型转换与临时 FP32 张量分列／不推断 HBM spill。
36,gate_proj,linear,"{""input"": [8192, 8192], ""weight_math"": [8192, 28672], ""weight_storage"": [28672, 8192], ""output"": [8192, 28672]}",3848290697216,0,{},469762048,134217728,469762048,独立 GEMM：权重与输入各读一次、输出写一次的操作数载荷；不预测 tile 重读。
36,up_proj,linear,"{""input"": [8192, 8192], ""weight_math"": [8192, 28672], ""weight_storage"": [28672, 8192], ""output"": [8192, 28672]}",3848290697216,0,{},469762048,134217728,469762048,独立 GEMM：权重与输入各读一次、输出写一次的操作数载荷；不预测 tile 重读。
36,silu_mul,activation,"{""gate"": [8192, 28672], ""up"": [8192, 28672], ""output"": [8192, 28672]}",0,939524096,"{""exp"": 234881024, ""negate"": 234881024}",0,939524096,469762048,"sigmoid: exp(-x), +1, reciprocal；再乘 x 和 up。exp 与取负分列。"
36,down_proj,linear,"{""input"": [8192, 28672], ""weight_math"": [28672, 8192], ""weight_storage"": [8192, 28672], ""output"": [8192, 8192]}",3848290697216,0,{},469762048,469762048,134217728,独立 GEMM：权重与输入各读一次、输出写一次的操作数载荷；不预测 tile 重读。
36,ffn_residual,residual,"{""inputs_each"": [8192, 8192], ""output"": [8192, 8192]}",0,67108864,{},0,268435456,134217728,
37,input_layernorm,normalization,"{""input"": [8192, 8192], ""weight"": [8192], ""output"": [8192, 8192]}",0,268443648,"{""rsqrt"": 8192, ""cast_elements"": 134217728}",16384,134217728,134217728,按 FP32 行内归约的代数计数；rsqrt、类型转换与临时 FP32 张量分列／不推断 HBM spill。
37,q_proj,linear,"{""input"": [8192, 8192], ""weight_math"": [8192, 8192], ""weight_storage"": [8192, 8192], ""output"": [8192, 8192]}",1099511627776,0,{},134217728,134217728,134217728,独立 GEMM：权重与输入各读一次、输出写一次的操作数载荷；不预测 tile 重读。
37,k_proj,linear,"{""input"": [8192, 8192], ""weight_math"": [8192, 1024], ""weight_storage"": [1024, 8192], ""output"": [8192, 1024]}",137438953472,0,{},16777216,134217728,16777216,独立 GEMM：权重与输入各读一次、输出写一次的操作数载荷；不预测 tile 重读。
37,v_proj,linear,"{""input"": [8192, 8192], ""weight_math"": [8192, 1024], ""weight_storage"": [1024, 8192], ""output"": [8192, 1024]}",137438953472,0,{},16777216,134217728,16777216,独立 GEMM：权重与输入各读一次、输出写一次的操作数载荷；不预测 tile 重读。
37,apply_rope,position,"{""Q"": [1, 64, 8192, 128], ""K"": [1, 8, 8192, 128]}",0,226492416,"{""negate"": 37748736}",0,155189248,150994944,2 multiply + 1 add/元素，rotate_half 符号翻转分列；表按批／头理想复用。 Llama has no Q/K norm; shared default position table counted once per layer.
37,kv_append,state,"{""new_K_and_V_each"": [1, 8, 8192, 128]}",0,0,{},0,33554432,33554432,原位／分页 append 载荷；不假定动态 torch.cat 对旧缓存整段复制。
37,qk,attention,"{""Q"": [1, 64, 8192, 128], ""K_shared"": [1, 8, 8192, 128], ""scores_rectangular"": [1, 64, 8192, 8192]}",549822922752,0,{},0,150994944,17179869184,FLOPs 仅有效因果位置；载荷是假定 Q/K 各读一次、GQA 头共享，完整分数矩阵物化。
37,score_scale_mask_softmax,softmax,"{""scores"": [1, 64, 8192, 8192]}",0,8590458880,"{""exp"": 2147745792, ""compare_max"": 2147221504, ""mask_decisions"": 4294967296}",0,17179869184,17179869184,选择的融合 scale/mask/softmax 代数工作；屏蔽点不计 exp。物化 FP32 默认概率；非具体 eager trace。
37,pv,attention,"{""P"": [1, 64, 8192, 8192], ""V_shared"": [1, 8, 8192, 128], ""output"": [1, 64, 8192, 128]}",549822922752,0,{},0,17196646400,134217728,PV/AV：各 Q 头仍计算；V 容量不乘 GQA 复制数。载荷假定 V 在头／查询之间理想复用。
37,o_proj,linear,"{""input"": [8192, 8192], ""weight_math"": [8192, 8192], ""weight_storage"": [8192, 8192], ""output"": [8192, 8192]}",1099511627776,0,{},134217728,134217728,134217728,独立 GEMM：权重与输入各读一次、输出写一次的操作数载荷；不预测 tile 重读。
37,attention_residual,residual,"{""inputs_each"": [8192, 8192], ""output"": [8192, 8192]}",0,67108864,{},0,268435456,134217728,
37,post_attention_layernorm,normalization,"{""input"": [8192, 8192], ""weight"": [8192], ""output"": [8192, 8192]}",0,268443648,"{""rsqrt"": 8192, ""cast_elements"": 134217728}",16384,134217728,134217728,按 FP32 行内归约的代数计数；rsqrt、类型转换与临时 FP32 张量分列／不推断 HBM spill。
37,gate_proj,linear,"{""input"": [8192, 8192], ""weight_math"": [8192, 28672], ""weight_storage"": [28672, 8192], ""output"": [8192, 28672]}",3848290697216,0,{},469762048,134217728,469762048,独立 GEMM：权重与输入各读一次、输出写一次的操作数载荷；不预测 tile 重读。
37,up_proj,linear,"{""input"": [8192, 8192], ""weight_math"": [8192, 28672], ""weight_storage"": [28672, 8192], ""output"": [8192, 28672]}",3848290697216,0,{},469762048,134217728,469762048,独立 GEMM：权重与输入各读一次、输出写一次的操作数载荷；不预测 tile 重读。
37,silu_mul,activation,"{""gate"": [8192, 28672], ""up"": [8192, 28672], ""output"": [8192, 28672]}",0,939524096,"{""exp"": 234881024, ""negate"": 234881024}",0,939524096,469762048,"sigmoid: exp(-x), +1, reciprocal；再乘 x 和 up。exp 与取负分列。"
37,down_proj,linear,"{""input"": [8192, 28672], ""weight_math"": [28672, 8192], ""weight_storage"": [8192, 28672], ""output"": [8192, 8192]}",3848290697216,0,{},469762048,469762048,134217728,独立 GEMM：权重与输入各读一次、输出写一次的操作数载荷；不预测 tile 重读。
37,ffn_residual,residual,"{""inputs_each"": [8192, 8192], ""output"": [8192, 8192]}",0,67108864,{},0,268435456,134217728,
38,input_layernorm,normalization,"{""input"": [8192, 8192], ""weight"": [8192], ""output"": [8192, 8192]}",0,268443648,"{""rsqrt"": 8192, ""cast_elements"": 134217728}",16384,134217728,134217728,按 FP32 行内归约的代数计数；rsqrt、类型转换与临时 FP32 张量分列／不推断 HBM spill。
38,q_proj,linear,"{""input"": [8192, 8192], ""weight_math"": [8192, 8192], ""weight_storage"": [8192, 8192], ""output"": [8192, 8192]}",1099511627776,0,{},134217728,134217728,134217728,独立 GEMM：权重与输入各读一次、输出写一次的操作数载荷；不预测 tile 重读。
38,k_proj,linear,"{""input"": [8192, 8192], ""weight_math"": [8192, 1024], ""weight_storage"": [1024, 8192], ""output"": [8192, 1024]}",137438953472,0,{},16777216,134217728,16777216,独立 GEMM：权重与输入各读一次、输出写一次的操作数载荷；不预测 tile 重读。
38,v_proj,linear,"{""input"": [8192, 8192], ""weight_math"": [8192, 1024], ""weight_storage"": [1024, 8192], ""output"": [8192, 1024]}",137438953472,0,{},16777216,134217728,16777216,独立 GEMM：权重与输入各读一次、输出写一次的操作数载荷；不预测 tile 重读。
38,apply_rope,position,"{""Q"": [1, 64, 8192, 128], ""K"": [1, 8, 8192, 128]}",0,226492416,"{""negate"": 37748736}",0,155189248,150994944,2 multiply + 1 add/元素，rotate_half 符号翻转分列；表按批／头理想复用。 Llama has no Q/K norm; shared default position table counted once per layer.
38,kv_append,state,"{""new_K_and_V_each"": [1, 8, 8192, 128]}",0,0,{},0,33554432,33554432,原位／分页 append 载荷；不假定动态 torch.cat 对旧缓存整段复制。
38,qk,attention,"{""Q"": [1, 64, 8192, 128], ""K_shared"": [1, 8, 8192, 128], ""scores_rectangular"": [1, 64, 8192, 8192]}",549822922752,0,{},0,150994944,17179869184,FLOPs 仅有效因果位置；载荷是假定 Q/K 各读一次、GQA 头共享，完整分数矩阵物化。
38,score_scale_mask_softmax,softmax,"{""scores"": [1, 64, 8192, 8192]}",0,8590458880,"{""exp"": 2147745792, ""compare_max"": 2147221504, ""mask_decisions"": 4294967296}",0,17179869184,17179869184,选择的融合 scale/mask/softmax 代数工作；屏蔽点不计 exp。物化 FP32 默认概率；非具体 eager trace。
38,pv,attention,"{""P"": [1, 64, 8192, 8192], ""V_shared"": [1, 8, 8192, 128], ""output"": [1, 64, 8192, 128]}",549822922752,0,{},0,17196646400,134217728,PV/AV：各 Q 头仍计算；V 容量不乘 GQA 复制数。载荷假定 V 在头／查询之间理想复用。
38,o_proj,linear,"{""input"": [8192, 8192], ""weight_math"": [8192, 8192], ""weight_storage"": [8192, 8192], ""output"": [8192, 8192]}",1099511627776,0,{},134217728,134217728,134217728,独立 GEMM：权重与输入各读一次、输出写一次的操作数载荷；不预测 tile 重读。
38,attention_residual,residual,"{""inputs_each"": [8192, 8192], ""output"": [8192, 8192]}",0,67108864,{},0,268435456,134217728,
38,post_attention_layernorm,normalization,"{""input"": [8192, 8192], ""weight"": [8192], ""output"": [8192, 8192]}",0,268443648,"{""rsqrt"": 8192, ""cast_elements"": 134217728}",16384,134217728,134217728,按 FP32 行内归约的代数计数；rsqrt、类型转换与临时 FP32 张量分列／不推断 HBM spill。
38,gate_proj,linear,"{""input"": [8192, 8192], ""weight_math"": [8192, 28672], ""weight_storage"": [28672, 8192], ""output"": [8192, 28672]}",3848290697216,0,{},469762048,134217728,469762048,独立 GEMM：权重与输入各读一次、输出写一次的操作数载荷；不预测 tile 重读。
38,up_proj,linear,"{""input"": [8192, 8192], ""weight_math"": [8192, 28672], ""weight_storage"": [28672, 8192], ""output"": [8192, 28672]}",3848290697216,0,{},469762048,134217728,469762048,独立 GEMM：权重与输入各读一次、输出写一次的操作数载荷；不预测 tile 重读。
38,silu_mul,activation,"{""gate"": [8192, 28672], ""up"": [8192, 28672], ""output"": [8192, 28672]}",0,939524096,"{""exp"": 234881024, ""negate"": 234881024}",0,939524096,469762048,"sigmoid: exp(-x), +1, reciprocal；再乘 x 和 up。exp 与取负分列。"
38,down_proj,linear,"{""input"": [8192, 28672], ""weight_math"": [28672, 8192], ""weight_storage"": [8192, 28672], ""output"": [8192, 8192]}",3848290697216,0,{},469762048,469762048,134217728,独立 GEMM：权重与输入各读一次、输出写一次的操作数载荷；不预测 tile 重读。
38,ffn_residual,residual,"{""inputs_each"": [8192, 8192], ""output"": [8192, 8192]}",0,67108864,{},0,268435456,134217728,
39,input_layernorm,normalization,"{""input"": [8192, 8192], ""weight"": [8192], ""output"": [8192, 8192]}",0,268443648,"{""rsqrt"": 8192, ""cast_elements"": 134217728}",16384,134217728,134217728,按 FP32 行内归约的代数计数；rsqrt、类型转换与临时 FP32 张量分列／不推断 HBM spill。
39,q_proj,linear,"{""input"": [8192, 8192], ""weight_math"": [8192, 8192], ""weight_storage"": [8192, 8192], ""output"": [8192, 8192]}",1099511627776,0,{},134217728,134217728,134217728,独立 GEMM：权重与输入各读一次、输出写一次的操作数载荷；不预测 tile 重读。
39,k_proj,linear,"{""input"": [8192, 8192], ""weight_math"": [8192, 1024], ""weight_storage"": [1024, 8192], ""output"": [8192, 1024]}",137438953472,0,{},16777216,134217728,16777216,独立 GEMM：权重与输入各读一次、输出写一次的操作数载荷；不预测 tile 重读。
39,v_proj,linear,"{""input"": [8192, 8192], ""weight_math"": [8192, 1024], ""weight_storage"": [1024, 8192], ""output"": [8192, 1024]}",137438953472,0,{},16777216,134217728,16777216,独立 GEMM：权重与输入各读一次、输出写一次的操作数载荷；不预测 tile 重读。
39,apply_rope,position,"{""Q"": [1, 64, 8192, 128], ""K"": [1, 8, 8192, 128]}",0,226492416,"{""negate"": 37748736}",0,155189248,150994944,2 multiply + 1 add/元素，rotate_half 符号翻转分列；表按批／头理想复用。 Llama has no Q/K norm; shared default position table counted once per layer.
39,kv_append,state,"{""new_K_and_V_each"": [1, 8, 8192, 128]}",0,0,{},0,33554432,33554432,原位／分页 append 载荷；不假定动态 torch.cat 对旧缓存整段复制。
39,qk,attention,"{""Q"": [1, 64, 8192, 128], ""K_shared"": [1, 8, 8192, 128], ""scores_rectangular"": [1, 64, 8192, 8192]}",549822922752,0,{},0,150994944,17179869184,FLOPs 仅有效因果位置；载荷是假定 Q/K 各读一次、GQA 头共享，完整分数矩阵物化。
39,score_scale_mask_softmax,softmax,"{""scores"": [1, 64, 8192, 8192]}",0,8590458880,"{""exp"": 2147745792, ""compare_max"": 2147221504, ""mask_decisions"": 4294967296}",0,17179869184,17179869184,选择的融合 scale/mask/softmax 代数工作；屏蔽点不计 exp。物化 FP32 默认概率；非具体 eager trace。
39,pv,attention,"{""P"": [1, 64, 8192, 8192], ""V_shared"": [1, 8, 8192, 128], ""output"": [1, 64, 8192, 128]}",549822922752,0,{},0,17196646400,134217728,PV/AV：各 Q 头仍计算；V 容量不乘 GQA 复制数。载荷假定 V 在头／查询之间理想复用。
39,o_proj,linear,"{""input"": [8192, 8192], ""weight_math"": [8192, 8192], ""weight_storage"": [8192, 8192], ""output"": [8192, 8192]}",1099511627776,0,{},134217728,134217728,134217728,独立 GEMM：权重与输入各读一次、输出写一次的操作数载荷；不预测 tile 重读。
39,attention_residual,residual,"{""inputs_each"": [8192, 8192], ""output"": [8192, 8192]}",0,67108864,{},0,268435456,134217728,
39,post_attention_layernorm,normalization,"{""input"": [8192, 8192], ""weight"": [8192], ""output"": [8192, 8192]}",0,268443648,"{""rsqrt"": 8192, ""cast_elements"": 134217728}",16384,134217728,134217728,按 FP32 行内归约的代数计数；rsqrt、类型转换与临时 FP32 张量分列／不推断 HBM spill。
39,gate_proj,linear,"{""input"": [8192, 8192], ""weight_math"": [8192, 28672], ""weight_storage"": [28672, 8192], ""output"": [8192, 28672]}",3848290697216,0,{},469762048,134217728,469762048,独立 GEMM：权重与输入各读一次、输出写一次的操作数载荷；不预测 tile 重读。
39,up_proj,linear,"{""input"": [8192, 8192], ""weight_math"": [8192, 28672], ""weight_storage"": [28672, 8192], ""output"": [8192, 28672]}",3848290697216,0,{},469762048,134217728,469762048,独立 GEMM：权重与输入各读一次、输出写一次的操作数载荷；不预测 tile 重读。
39,silu_mul,activation,"{""gate"": [8192, 28672], ""up"": [8192, 28672], ""output"": [8192, 28672]}",0,939524096,"{""exp"": 234881024, ""negate"": 234881024}",0,939524096,469762048,"sigmoid: exp(-x), +1, reciprocal；再乘 x 和 up。exp 与取负分列。"
39,down_proj,linear,"{""input"": [8192, 28672], ""weight_math"": [28672, 8192], ""weight_storage"": [8192, 28672], ""output"": [8192, 8192]}",3848290697216,0,{},469762048,469762048,134217728,独立 GEMM：权重与输入各读一次、输出写一次的操作数载荷；不预测 tile 重读。
39,ffn_residual,residual,"{""inputs_each"": [8192, 8192], ""output"": [8192, 8192]}",0,67108864,{},0,268435456,134217728,
40,input_layernorm,normalization,"{""input"": [8192, 8192], ""weight"": [8192], ""output"": [8192, 8192]}",0,268443648,"{""rsqrt"": 8192, ""cast_elements"": 134217728}",16384,134217728,134217728,按 FP32 行内归约的代数计数；rsqrt、类型转换与临时 FP32 张量分列／不推断 HBM spill。
40,q_proj,linear,"{""input"": [8192, 8192], ""weight_math"": [8192, 8192], ""weight_storage"": [8192, 8192], ""output"": [8192, 8192]}",1099511627776,0,{},134217728,134217728,134217728,独立 GEMM：权重与输入各读一次、输出写一次的操作数载荷；不预测 tile 重读。
40,k_proj,linear,"{""input"": [8192, 8192], ""weight_math"": [8192, 1024], ""weight_storage"": [1024, 8192], ""output"": [8192, 1024]}",137438953472,0,{},16777216,134217728,16777216,独立 GEMM：权重与输入各读一次、输出写一次的操作数载荷；不预测 tile 重读。
40,v_proj,linear,"{""input"": [8192, 8192], ""weight_math"": [8192, 1024], ""weight_storage"": [1024, 8192], ""output"": [8192, 1024]}",137438953472,0,{},16777216,134217728,16777216,独立 GEMM：权重与输入各读一次、输出写一次的操作数载荷；不预测 tile 重读。
40,apply_rope,position,"{""Q"": [1, 64, 8192, 128], ""K"": [1, 8, 8192, 128]}",0,226492416,"{""negate"": 37748736}",0,155189248,150994944,2 multiply + 1 add/元素，rotate_half 符号翻转分列；表按批／头理想复用。 Llama has no Q/K norm; shared default position table counted once per layer.
40,kv_append,state,"{""new_K_and_V_each"": [1, 8, 8192, 128]}",0,0,{},0,33554432,33554432,原位／分页 append 载荷；不假定动态 torch.cat 对旧缓存整段复制。
40,qk,attention,"{""Q"": [1, 64, 8192, 128], ""K_shared"": [1, 8, 8192, 128], ""scores_rectangular"": [1, 64, 8192, 8192]}",549822922752,0,{},0,150994944,17179869184,FLOPs 仅有效因果位置；载荷是假定 Q/K 各读一次、GQA 头共享，完整分数矩阵物化。
40,score_scale_mask_softmax,softmax,"{""scores"": [1, 64, 8192, 8192]}",0,8590458880,"{""exp"": 2147745792, ""compare_max"": 2147221504, ""mask_decisions"": 4294967296}",0,17179869184,17179869184,选择的融合 scale/mask/softmax 代数工作；屏蔽点不计 exp。物化 FP32 默认概率；非具体 eager trace。
40,pv,attention,"{""P"": [1, 64, 8192, 8192], ""V_shared"": [1, 8, 8192, 128], ""output"": [1, 64, 8192, 128]}",549822922752,0,{},0,17196646400,134217728,PV/AV：各 Q 头仍计算；V 容量不乘 GQA 复制数。载荷假定 V 在头／查询之间理想复用。
40,o_proj,linear,"{""input"": [8192, 8192], ""weight_math"": [8192, 8192], ""weight_storage"": [8192, 8192], ""output"": [8192, 8192]}",1099511627776,0,{},134217728,134217728,134217728,独立 GEMM：权重与输入各读一次、输出写一次的操作数载荷；不预测 tile 重读。
40,attention_residual,residual,"{""inputs_each"": [8192, 8192], ""output"": [8192, 8192]}",0,67108864,{},0,268435456,134217728,
40,post_attention_layernorm,normalization,"{""input"": [8192, 8192], ""weight"": [8192], ""output"": [8192, 8192]}",0,268443648,"{""rsqrt"": 8192, ""cast_elements"": 134217728}",16384,134217728,134217728,按 FP32 行内归约的代数计数；rsqrt、类型转换与临时 FP32 张量分列／不推断 HBM spill。
40,gate_proj,linear,"{""input"": [8192, 8192], ""weight_math"": [8192, 28672], ""weight_storage"": [28672, 8192], ""output"": [8192, 28672]}",3848290697216,0,{},469762048,134217728,469762048,独立 GEMM：权重与输入各读一次、输出写一次的操作数载荷；不预测 tile 重读。
40,up_proj,linear,"{""input"": [8192, 8192], ""weight_math"": [8192, 28672], ""weight_storage"": [28672, 8192], ""output"": [8192, 28672]}",3848290697216,0,{},469762048,134217728,469762048,独立 GEMM：权重与输入各读一次、输出写一次的操作数载荷；不预测 tile 重读。
40,silu_mul,activation,"{""gate"": [8192, 28672], ""up"": [8192, 28672], ""output"": [8192, 28672]}",0,939524096,"{""exp"": 234881024, ""negate"": 234881024}",0,939524096,469762048,"sigmoid: exp(-x), +1, reciprocal；再乘 x 和 up。exp 与取负分列。"
40,down_proj,linear,"{""input"": [8192, 28672], ""weight_math"": [28672, 8192], ""weight_storage"": [8192, 28672], ""output"": [8192, 8192]}",3848290697216,0,{},469762048,469762048,134217728,独立 GEMM：权重与输入各读一次、输出写一次的操作数载荷；不预测 tile 重读。
40,ffn_residual,residual,"{""inputs_each"": [8192, 8192], ""output"": [8192, 8192]}",0,67108864,{},0,268435456,134217728,
41,input_layernorm,normalization,"{""input"": [8192, 8192], ""weight"": [8192], ""output"": [8192, 8192]}",0,268443648,"{""rsqrt"": 8192, ""cast_elements"": 134217728}",16384,134217728,134217728,按 FP32 行内归约的代数计数；rsqrt、类型转换与临时 FP32 张量分列／不推断 HBM spill。
41,q_proj,linear,"{""input"": [8192, 8192], ""weight_math"": [8192, 8192], ""weight_storage"": [8192, 8192], ""output"": [8192, 8192]}",1099511627776,0,{},134217728,134217728,134217728,独立 GEMM：权重与输入各读一次、输出写一次的操作数载荷；不预测 tile 重读。
41,k_proj,linear,"{""input"": [8192, 8192], ""weight_math"": [8192, 1024], ""weight_storage"": [1024, 8192], ""output"": [8192, 1024]}",137438953472,0,{},16777216,134217728,16777216,独立 GEMM：权重与输入各读一次、输出写一次的操作数载荷；不预测 tile 重读。
41,v_proj,linear,"{""input"": [8192, 8192], ""weight_math"": [8192, 1024], ""weight_storage"": [1024, 8192], ""output"": [8192, 1024]}",137438953472,0,{},16777216,134217728,16777216,独立 GEMM：权重与输入各读一次、输出写一次的操作数载荷；不预测 tile 重读。
41,apply_rope,position,"{""Q"": [1, 64, 8192, 128], ""K"": [1, 8, 8192, 128]}",0,226492416,"{""negate"": 37748736}",0,155189248,150994944,2 multiply + 1 add/元素，rotate_half 符号翻转分列；表按批／头理想复用。 Llama has no Q/K norm; shared default position table counted once per layer.
41,kv_append,state,"{""new_K_and_V_each"": [1, 8, 8192, 128]}",0,0,{},0,33554432,33554432,原位／分页 append 载荷；不假定动态 torch.cat 对旧缓存整段复制。
41,qk,attention,"{""Q"": [1, 64, 8192, 128], ""K_shared"": [1, 8, 8192, 128], ""scores_rectangular"": [1, 64, 8192, 8192]}",549822922752,0,{},0,150994944,17179869184,FLOPs 仅有效因果位置；载荷是假定 Q/K 各读一次、GQA 头共享，完整分数矩阵物化。
41,score_scale_mask_softmax,softmax,"{""scores"": [1, 64, 8192, 8192]}",0,8590458880,"{""exp"": 2147745792, ""compare_max"": 2147221504, ""mask_decisions"": 4294967296}",0,17179869184,17179869184,选择的融合 scale/mask/softmax 代数工作；屏蔽点不计 exp。物化 FP32 默认概率；非具体 eager trace。
41,pv,attention,"{""P"": [1, 64, 8192, 8192], ""V_shared"": [1, 8, 8192, 128], ""output"": [1, 64, 8192, 128]}",549822922752,0,{},0,17196646400,134217728,PV/AV：各 Q 头仍计算；V 容量不乘 GQA 复制数。载荷假定 V 在头／查询之间理想复用。
41,o_proj,linear,"{""input"": [8192, 8192], ""weight_math"": [8192, 8192], ""weight_storage"": [8192, 8192], ""output"": [8192, 8192]}",1099511627776,0,{},134217728,134217728,134217728,独立 GEMM：权重与输入各读一次、输出写一次的操作数载荷；不预测 tile 重读。
41,attention_residual,residual,"{""inputs_each"": [8192, 8192], ""output"": [8192, 8192]}",0,67108864,{},0,268435456,134217728,
41,post_attention_layernorm,normalization,"{""input"": [8192, 8192], ""weight"": [8192], ""output"": [8192, 8192]}",0,268443648,"{""rsqrt"": 8192, ""cast_elements"": 134217728}",16384,134217728,134217728,按 FP32 行内归约的代数计数；rsqrt、类型转换与临时 FP32 张量分列／不推断 HBM spill。
41,gate_proj,linear,"{""input"": [8192, 8192], ""weight_math"": [8192, 28672], ""weight_storage"": [28672, 8192], ""output"": [8192, 28672]}",3848290697216,0,{},469762048,134217728,469762048,独立 GEMM：权重与输入各读一次、输出写一次的操作数载荷；不预测 tile 重读。
41,up_proj,linear,"{""input"": [8192, 8192], ""weight_math"": [8192, 28672], ""weight_storage"": [28672, 8192], ""output"": [8192, 28672]}",3848290697216,0,{},469762048,134217728,469762048,独立 GEMM：权重与输入各读一次、输出写一次的操作数载荷；不预测 tile 重读。
41,silu_mul,activation,"{""gate"": [8192, 28672], ""up"": [8192, 28672], ""output"": [8192, 28672]}",0,939524096,"{""exp"": 234881024, ""negate"": 234881024}",0,939524096,469762048,"sigmoid: exp(-x), +1, reciprocal；再乘 x 和 up。exp 与取负分列。"
41,down_proj,linear,"{""input"": [8192, 28672], ""weight_math"": [28672, 8192], ""weight_storage"": [8192, 28672], ""output"": [8192, 8192]}",3848290697216,0,{},469762048,469762048,134217728,独立 GEMM：权重与输入各读一次、输出写一次的操作数载荷；不预测 tile 重读。
41,ffn_residual,residual,"{""inputs_each"": [8192, 8192], ""output"": [8192, 8192]}",0,67108864,{},0,268435456,134217728,
42,input_layernorm,normalization,"{""input"": [8192, 8192], ""weight"": [8192], ""output"": [8192, 8192]}",0,268443648,"{""rsqrt"": 8192, ""cast_elements"": 134217728}",16384,134217728,134217728,按 FP32 行内归约的代数计数；rsqrt、类型转换与临时 FP32 张量分列／不推断 HBM spill。
42,q_proj,linear,"{""input"": [8192, 8192], ""weight_math"": [8192, 8192], ""weight_storage"": [8192, 8192], ""output"": [8192, 8192]}",1099511627776,0,{},134217728,134217728,134217728,独立 GEMM：权重与输入各读一次、输出写一次的操作数载荷；不预测 tile 重读。
42,k_proj,linear,"{""input"": [8192, 8192], ""weight_math"": [8192, 1024], ""weight_storage"": [1024, 8192], ""output"": [8192, 1024]}",137438953472,0,{},16777216,134217728,16777216,独立 GEMM：权重与输入各读一次、输出写一次的操作数载荷；不预测 tile 重读。
42,v_proj,linear,"{""input"": [8192, 8192], ""weight_math"": [8192, 1024], ""weight_storage"": [1024, 8192], ""output"": [8192, 1024]}",137438953472,0,{},16777216,134217728,16777216,独立 GEMM：权重与输入各读一次、输出写一次的操作数载荷；不预测 tile 重读。
42,apply_rope,position,"{""Q"": [1, 64, 8192, 128], ""K"": [1, 8, 8192, 128]}",0,226492416,"{""negate"": 37748736}",0,155189248,150994944,2 multiply + 1 add/元素，rotate_half 符号翻转分列；表按批／头理想复用。 Llama has no Q/K norm; shared default position table counted once per layer.
42,kv_append,state,"{""new_K_and_V_each"": [1, 8, 8192, 128]}",0,0,{},0,33554432,33554432,原位／分页 append 载荷；不假定动态 torch.cat 对旧缓存整段复制。
42,qk,attention,"{""Q"": [1, 64, 8192, 128], ""K_shared"": [1, 8, 8192, 128], ""scores_rectangular"": [1, 64, 8192, 8192]}",549822922752,0,{},0,150994944,17179869184,FLOPs 仅有效因果位置；载荷是假定 Q/K 各读一次、GQA 头共享，完整分数矩阵物化。
42,score_scale_mask_softmax,softmax,"{""scores"": [1, 64, 8192, 8192]}",0,8590458880,"{""exp"": 2147745792, ""compare_max"": 2147221504, ""mask_decisions"": 4294967296}",0,17179869184,17179869184,选择的融合 scale/mask/softmax 代数工作；屏蔽点不计 exp。物化 FP32 默认概率；非具体 eager trace。
42,pv,attention,"{""P"": [1, 64, 8192, 8192], ""V_shared"": [1, 8, 8192, 128], ""output"": [1, 64, 8192, 128]}",549822922752,0,{},0,17196646400,134217728,PV/AV：各 Q 头仍计算；V 容量不乘 GQA 复制数。载荷假定 V 在头／查询之间理想复用。
42,o_proj,linear,"{""input"": [8192, 8192], ""weight_math"": [8192, 8192], ""weight_storage"": [8192, 8192], ""output"": [8192, 8192]}",1099511627776,0,{},134217728,134217728,134217728,独立 GEMM：权重与输入各读一次、输出写一次的操作数载荷；不预测 tile 重读。
42,attention_residual,residual,"{""inputs_each"": [8192, 8192], ""output"": [8192, 8192]}",0,67108864,{},0,268435456,134217728,
42,post_attention_layernorm,normalization,"{""input"": [8192, 8192], ""weight"": [8192], ""output"": [8192, 8192]}",0,268443648,"{""rsqrt"": 8192, ""cast_elements"": 134217728}",16384,134217728,134217728,按 FP32 行内归约的代数计数；rsqrt、类型转换与临时 FP32 张量分列／不推断 HBM spill。
42,gate_proj,linear,"{""input"": [8192, 8192], ""weight_math"": [8192, 28672], ""weight_storage"": [28672, 8192], ""output"": [8192, 28672]}",3848290697216,0,{},469762048,134217728,469762048,独立 GEMM：权重与输入各读一次、输出写一次的操作数载荷；不预测 tile 重读。
42,up_proj,linear,"{""input"": [8192, 8192], ""weight_math"": [8192, 28672], ""weight_storage"": [28672, 8192], ""output"": [8192, 28672]}",3848290697216,0,{},469762048,134217728,469762048,独立 GEMM：权重与输入各读一次、输出写一次的操作数载荷；不预测 tile 重读。
42,silu_mul,activation,"{""gate"": [8192, 28672], ""up"": [8192, 28672], ""output"": [8192, 28672]}",0,939524096,"{""exp"": 234881024, ""negate"": 234881024}",0,939524096,469762048,"sigmoid: exp(-x), +1, reciprocal；再乘 x 和 up。exp 与取负分列。"
42,down_proj,linear,"{""input"": [8192, 28672], ""weight_math"": [28672, 8192], ""weight_storage"": [8192, 28672], ""output"": [8192, 8192]}",3848290697216,0,{},469762048,469762048,134217728,独立 GEMM：权重与输入各读一次、输出写一次的操作数载荷；不预测 tile 重读。
42,ffn_residual,residual,"{""inputs_each"": [8192, 8192], ""output"": [8192, 8192]}",0,67108864,{},0,268435456,134217728,
43,input_layernorm,normalization,"{""input"": [8192, 8192], ""weight"": [8192], ""output"": [8192, 8192]}",0,268443648,"{""rsqrt"": 8192, ""cast_elements"": 134217728}",16384,134217728,134217728,按 FP32 行内归约的代数计数；rsqrt、类型转换与临时 FP32 张量分列／不推断 HBM spill。
43,q_proj,linear,"{""input"": [8192, 8192], ""weight_math"": [8192, 8192], ""weight_storage"": [8192, 8192], ""output"": [8192, 8192]}",1099511627776,0,{},134217728,134217728,134217728,独立 GEMM：权重与输入各读一次、输出写一次的操作数载荷；不预测 tile 重读。
43,k_proj,linear,"{""input"": [8192, 8192], ""weight_math"": [8192, 1024], ""weight_storage"": [1024, 8192], ""output"": [8192, 1024]}",137438953472,0,{},16777216,134217728,16777216,独立 GEMM：权重与输入各读一次、输出写一次的操作数载荷；不预测 tile 重读。
43,v_proj,linear,"{""input"": [8192, 8192], ""weight_math"": [8192, 1024], ""weight_storage"": [1024, 8192], ""output"": [8192, 1024]}",137438953472,0,{},16777216,134217728,16777216,独立 GEMM：权重与输入各读一次、输出写一次的操作数载荷；不预测 tile 重读。
43,apply_rope,position,"{""Q"": [1, 64, 8192, 128], ""K"": [1, 8, 8192, 128]}",0,226492416,"{""negate"": 37748736}",0,155189248,150994944,2 multiply + 1 add/元素，rotate_half 符号翻转分列；表按批／头理想复用。 Llama has no Q/K norm; shared default position table counted once per layer.
43,kv_append,state,"{""new_K_and_V_each"": [1, 8, 8192, 128]}",0,0,{},0,33554432,33554432,原位／分页 append 载荷；不假定动态 torch.cat 对旧缓存整段复制。
43,qk,attention,"{""Q"": [1, 64, 8192, 128], ""K_shared"": [1, 8, 8192, 128], ""scores_rectangular"": [1, 64, 8192, 8192]}",549822922752,0,{},0,150994944,17179869184,FLOPs 仅有效因果位置；载荷是假定 Q/K 各读一次、GQA 头共享，完整分数矩阵物化。
43,score_scale_mask_softmax,softmax,"{""scores"": [1, 64, 8192, 8192]}",0,8590458880,"{""exp"": 2147745792, ""compare_max"": 2147221504, ""mask_decisions"": 4294967296}",0,17179869184,17179869184,选择的融合 scale/mask/softmax 代数工作；屏蔽点不计 exp。物化 FP32 默认概率；非具体 eager trace。
43,pv,attention,"{""P"": [1, 64, 8192, 8192], ""V_shared"": [1, 8, 8192, 128], ""output"": [1, 64, 8192, 128]}",549822922752,0,{},0,17196646400,134217728,PV/AV：各 Q 头仍计算；V 容量不乘 GQA 复制数。载荷假定 V 在头／查询之间理想复用。
43,o_proj,linear,"{""input"": [8192, 8192], ""weight_math"": [8192, 8192], ""weight_storage"": [8192, 8192], ""output"": [8192, 8192]}",1099511627776,0,{},134217728,134217728,134217728,独立 GEMM：权重与输入各读一次、输出写一次的操作数载荷；不预测 tile 重读。
43,attention_residual,residual,"{""inputs_each"": [8192, 8192], ""output"": [8192, 8192]}",0,67108864,{},0,268435456,134217728,
43,post_attention_layernorm,normalization,"{""input"": [8192, 8192], ""weight"": [8192], ""output"": [8192, 8192]}",0,268443648,"{""rsqrt"": 8192, ""cast_elements"": 134217728}",16384,134217728,134217728,按 FP32 行内归约的代数计数；rsqrt、类型转换与临时 FP32 张量分列／不推断 HBM spill。
43,gate_proj,linear,"{""input"": [8192, 8192], ""weight_math"": [8192, 28672], ""weight_storage"": [28672, 8192], ""output"": [8192, 28672]}",3848290697216,0,{},469762048,134217728,469762048,独立 GEMM：权重与输入各读一次、输出写一次的操作数载荷；不预测 tile 重读。
43,up_proj,linear,"{""input"": [8192, 8192], ""weight_math"": [8192, 28672], ""weight_storage"": [28672, 8192], ""output"": [8192, 28672]}",3848290697216,0,{},469762048,134217728,469762048,独立 GEMM：权重与输入各读一次、输出写一次的操作数载荷；不预测 tile 重读。
43,silu_mul,activation,"{""gate"": [8192, 28672], ""up"": [8192, 28672], ""output"": [8192, 28672]}",0,939524096,"{""exp"": 234881024, ""negate"": 234881024}",0,939524096,469762048,"sigmoid: exp(-x), +1, reciprocal；再乘 x 和 up。exp 与取负分列。"
43,down_proj,linear,"{""input"": [8192, 28672], ""weight_math"": [28672, 8192], ""weight_storage"": [8192, 28672], ""output"": [8192, 8192]}",3848290697216,0,{},469762048,469762048,134217728,独立 GEMM：权重与输入各读一次、输出写一次的操作数载荷；不预测 tile 重读。
43,ffn_residual,residual,"{""inputs_each"": [8192, 8192], ""output"": [8192, 8192]}",0,67108864,{},0,268435456,134217728,
44,input_layernorm,normalization,"{""input"": [8192, 8192], ""weight"": [8192], ""output"": [8192, 8192]}",0,268443648,"{""rsqrt"": 8192, ""cast_elements"": 134217728}",16384,134217728,134217728,按 FP32 行内归约的代数计数；rsqrt、类型转换与临时 FP32 张量分列／不推断 HBM spill。
44,q_proj,linear,"{""input"": [8192, 8192], ""weight_math"": [8192, 8192], ""weight_storage"": [8192, 8192], ""output"": [8192, 8192]}",1099511627776,0,{},134217728,134217728,134217728,独立 GEMM：权重与输入各读一次、输出写一次的操作数载荷；不预测 tile 重读。
44,k_proj,linear,"{""input"": [8192, 8192], ""weight_math"": [8192, 1024], ""weight_storage"": [1024, 8192], ""output"": [8192, 1024]}",137438953472,0,{},16777216,134217728,16777216,独立 GEMM：权重与输入各读一次、输出写一次的操作数载荷；不预测 tile 重读。
44,v_proj,linear,"{""input"": [8192, 8192], ""weight_math"": [8192, 1024], ""weight_storage"": [1024, 8192], ""output"": [8192, 1024]}",137438953472,0,{},16777216,134217728,16777216,独立 GEMM：权重与输入各读一次、输出写一次的操作数载荷；不预测 tile 重读。
44,apply_rope,position,"{""Q"": [1, 64, 8192, 128], ""K"": [1, 8, 8192, 128]}",0,226492416,"{""negate"": 37748736}",0,155189248,150994944,2 multiply + 1 add/元素，rotate_half 符号翻转分列；表按批／头理想复用。 Llama has no Q/K norm; shared default position table counted once per layer.
44,kv_append,state,"{""new_K_and_V_each"": [1, 8, 8192, 128]}",0,0,{},0,33554432,33554432,原位／分页 append 载荷；不假定动态 torch.cat 对旧缓存整段复制。
44,qk,attention,"{""Q"": [1, 64, 8192, 128], ""K_shared"": [1, 8, 8192, 128], ""scores_rectangular"": [1, 64, 8192, 8192]}",549822922752,0,{},0,150994944,17179869184,FLOPs 仅有效因果位置；载荷是假定 Q/K 各读一次、GQA 头共享，完整分数矩阵物化。
44,score_scale_mask_softmax,softmax,"{""scores"": [1, 64, 8192, 8192]}",0,8590458880,"{""exp"": 2147745792, ""compare_max"": 2147221504, ""mask_decisions"": 4294967296}",0,17179869184,17179869184,选择的融合 scale/mask/softmax 代数工作；屏蔽点不计 exp。物化 FP32 默认概率；非具体 eager trace。
44,pv,attention,"{""P"": [1, 64, 8192, 8192], ""V_shared"": [1, 8, 8192, 128], ""output"": [1, 64, 8192, 128]}",549822922752,0,{},0,17196646400,134217728,PV/AV：各 Q 头仍计算；V 容量不乘 GQA 复制数。载荷假定 V 在头／查询之间理想复用。
44,o_proj,linear,"{""input"": [8192, 8192], ""weight_math"": [8192, 8192], ""weight_storage"": [8192, 8192], ""output"": [8192, 8192]}",1099511627776,0,{},134217728,134217728,134217728,独立 GEMM：权重与输入各读一次、输出写一次的操作数载荷；不预测 tile 重读。
44,attention_residual,residual,"{""inputs_each"": [8192, 8192], ""output"": [8192, 8192]}",0,67108864,{},0,268435456,134217728,
44,post_attention_layernorm,normalization,"{""input"": [8192, 8192], ""weight"": [8192], ""output"": [8192, 8192]}",0,268443648,"{""rsqrt"": 8192, ""cast_elements"": 134217728}",16384,134217728,134217728,按 FP32 行内归约的代数计数；rsqrt、类型转换与临时 FP32 张量分列／不推断 HBM spill。
44,gate_proj,linear,"{""input"": [8192, 8192], ""weight_math"": [8192, 28672], ""weight_storage"": [28672, 8192], ""output"": [8192, 28672]}",3848290697216,0,{},469762048,134217728,469762048,独立 GEMM：权重与输入各读一次、输出写一次的操作数载荷；不预测 tile 重读。
44,up_proj,linear,"{""input"": [8192, 8192], ""weight_math"": [8192, 28672], ""weight_storage"": [28672, 8192], ""output"": [8192, 28672]}",3848290697216,0,{},469762048,134217728,469762048,独立 GEMM：权重与输入各读一次、输出写一次的操作数载荷；不预测 tile 重读。
44,silu_mul,activation,"{""gate"": [8192, 28672], ""up"": [8192, 28672], ""output"": [8192, 28672]}",0,939524096,"{""exp"": 234881024, ""negate"": 234881024}",0,939524096,469762048,"sigmoid: exp(-x), +1, reciprocal；再乘 x 和 up。exp 与取负分列。"
44,down_proj,linear,"{""input"": [8192, 28672], ""weight_math"": [28672, 8192], ""weight_storage"": [8192, 28672], ""output"": [8192, 8192]}",3848290697216,0,{},469762048,469762048,134217728,独立 GEMM：权重与输入各读一次、输出写一次的操作数载荷；不预测 tile 重读。
44,ffn_residual,residual,"{""inputs_each"": [8192, 8192], ""output"": [8192, 8192]}",0,67108864,{},0,268435456,134217728,
45,input_layernorm,normalization,"{""input"": [8192, 8192], ""weight"": [8192], ""output"": [8192, 8192]}",0,268443648,"{""rsqrt"": 8192, ""cast_elements"": 134217728}",16384,134217728,134217728,按 FP32 行内归约的代数计数；rsqrt、类型转换与临时 FP32 张量分列／不推断 HBM spill。
45,q_proj,linear,"{""input"": [8192, 8192], ""weight_math"": [8192, 8192], ""weight_storage"": [8192, 8192], ""output"": [8192, 8192]}",1099511627776,0,{},134217728,134217728,134217728,独立 GEMM：权重与输入各读一次、输出写一次的操作数载荷；不预测 tile 重读。
45,k_proj,linear,"{""input"": [8192, 8192], ""weight_math"": [8192, 1024], ""weight_storage"": [1024, 8192], ""output"": [8192, 1024]}",137438953472,0,{},16777216,134217728,16777216,独立 GEMM：权重与输入各读一次、输出写一次的操作数载荷；不预测 tile 重读。
45,v_proj,linear,"{""input"": [8192, 8192], ""weight_math"": [8192, 1024], ""weight_storage"": [1024, 8192], ""output"": [8192, 1024]}",137438953472,0,{},16777216,134217728,16777216,独立 GEMM：权重与输入各读一次、输出写一次的操作数载荷；不预测 tile 重读。
45,apply_rope,position,"{""Q"": [1, 64, 8192, 128], ""K"": [1, 8, 8192, 128]}",0,226492416,"{""negate"": 37748736}",0,155189248,150994944,2 multiply + 1 add/元素，rotate_half 符号翻转分列；表按批／头理想复用。 Llama has no Q/K norm; shared default position table counted once per layer.
45,kv_append,state,"{""new_K_and_V_each"": [1, 8, 8192, 128]}",0,0,{},0,33554432,33554432,原位／分页 append 载荷；不假定动态 torch.cat 对旧缓存整段复制。
45,qk,attention,"{""Q"": [1, 64, 8192, 128], ""K_shared"": [1, 8, 8192, 128], ""scores_rectangular"": [1, 64, 8192, 8192]}",549822922752,0,{},0,150994944,17179869184,FLOPs 仅有效因果位置；载荷是假定 Q/K 各读一次、GQA 头共享，完整分数矩阵物化。
45,score_scale_mask_softmax,softmax,"{""scores"": [1, 64, 8192, 8192]}",0,8590458880,"{""exp"": 2147745792, ""compare_max"": 2147221504, ""mask_decisions"": 4294967296}",0,17179869184,17179869184,选择的融合 scale/mask/softmax 代数工作；屏蔽点不计 exp。物化 FP32 默认概率；非具体 eager trace。
45,pv,attention,"{""P"": [1, 64, 8192, 8192], ""V_shared"": [1, 8, 8192, 128], ""output"": [1, 64, 8192, 128]}",549822922752,0,{},0,17196646400,134217728,PV/AV：各 Q 头仍计算；V 容量不乘 GQA 复制数。载荷假定 V 在头／查询之间理想复用。
45,o_proj,linear,"{""input"": [8192, 8192], ""weight_math"": [8192, 8192], ""weight_storage"": [8192, 8192], ""output"": [8192, 8192]}",1099511627776,0,{},134217728,134217728,134217728,独立 GEMM：权重与输入各读一次、输出写一次的操作数载荷；不预测 tile 重读。
45,attention_residual,residual,"{""inputs_each"": [8192, 8192], ""output"": [8192, 8192]}",0,67108864,{},0,268435456,134217728,
45,post_attention_layernorm,normalization,"{""input"": [8192, 8192], ""weight"": [8192], ""output"": [8192, 8192]}",0,268443648,"{""rsqrt"": 8192, ""cast_elements"": 134217728}",16384,134217728,134217728,按 FP32 行内归约的代数计数；rsqrt、类型转换与临时 FP32 张量分列／不推断 HBM spill。
45,gate_proj,linear,"{""input"": [8192, 8192], ""weight_math"": [8192, 28672], ""weight_storage"": [28672, 8192], ""output"": [8192, 28672]}",3848290697216,0,{},469762048,134217728,469762048,独立 GEMM：权重与输入各读一次、输出写一次的操作数载荷；不预测 tile 重读。
45,up_proj,linear,"{""input"": [8192, 8192], ""weight_math"": [8192, 28672], ""weight_storage"": [28672, 8192], ""output"": [8192, 28672]}",3848290697216,0,{},469762048,134217728,469762048,独立 GEMM：权重与输入各读一次、输出写一次的操作数载荷；不预测 tile 重读。
45,silu_mul,activation,"{""gate"": [8192, 28672], ""up"": [8192, 28672], ""output"": [8192, 28672]}",0,939524096,"{""exp"": 234881024, ""negate"": 234881024}",0,939524096,469762048,"sigmoid: exp(-x), +1, reciprocal；再乘 x 和 up。exp 与取负分列。"
45,down_proj,linear,"{""input"": [8192, 28672], ""weight_math"": [28672, 8192], ""weight_storage"": [8192, 28672], ""output"": [8192, 8192]}",3848290697216,0,{},469762048,469762048,134217728,独立 GEMM：权重与输入各读一次、输出写一次的操作数载荷；不预测 tile 重读。
45,ffn_residual,residual,"{""inputs_each"": [8192, 8192], ""output"": [8192, 8192]}",0,67108864,{},0,268435456,134217728,
46,input_layernorm,normalization,"{""input"": [8192, 8192], ""weight"": [8192], ""output"": [8192, 8192]}",0,268443648,"{""rsqrt"": 8192, ""cast_elements"": 134217728}",16384,134217728,134217728,按 FP32 行内归约的代数计数；rsqrt、类型转换与临时 FP32 张量分列／不推断 HBM spill。
46,q_proj,linear,"{""input"": [8192, 8192], ""weight_math"": [8192, 8192], ""weight_storage"": [8192, 8192], ""output"": [8192, 8192]}",1099511627776,0,{},134217728,134217728,134217728,独立 GEMM：权重与输入各读一次、输出写一次的操作数载荷；不预测 tile 重读。
46,k_proj,linear,"{""input"": [8192, 8192], ""weight_math"": [8192, 1024], ""weight_storage"": [1024, 8192], ""output"": [8192, 1024]}",137438953472,0,{},16777216,134217728,16777216,独立 GEMM：权重与输入各读一次、输出写一次的操作数载荷；不预测 tile 重读。
46,v_proj,linear,"{""input"": [8192, 8192], ""weight_math"": [8192, 1024], ""weight_storage"": [1024, 8192], ""output"": [8192, 1024]}",137438953472,0,{},16777216,134217728,16777216,独立 GEMM：权重与输入各读一次、输出写一次的操作数载荷；不预测 tile 重读。
46,apply_rope,position,"{""Q"": [1, 64, 8192, 128], ""K"": [1, 8, 8192, 128]}",0,226492416,"{""negate"": 37748736}",0,155189248,150994944,2 multiply + 1 add/元素，rotate_half 符号翻转分列；表按批／头理想复用。 Llama has no Q/K norm; shared default position table counted once per layer.
46,kv_append,state,"{""new_K_and_V_each"": [1, 8, 8192, 128]}",0,0,{},0,33554432,33554432,原位／分页 append 载荷；不假定动态 torch.cat 对旧缓存整段复制。
46,qk,attention,"{""Q"": [1, 64, 8192, 128], ""K_shared"": [1, 8, 8192, 128], ""scores_rectangular"": [1, 64, 8192, 8192]}",549822922752,0,{},0,150994944,17179869184,FLOPs 仅有效因果位置；载荷是假定 Q/K 各读一次、GQA 头共享，完整分数矩阵物化。
46,score_scale_mask_softmax,softmax,"{""scores"": [1, 64, 8192, 8192]}",0,8590458880,"{""exp"": 2147745792, ""compare_max"": 2147221504, ""mask_decisions"": 4294967296}",0,17179869184,17179869184,选择的融合 scale/mask/softmax 代数工作；屏蔽点不计 exp。物化 FP32 默认概率；非具体 eager trace。
46,pv,attention,"{""P"": [1, 64, 8192, 8192], ""V_shared"": [1, 8, 8192, 128], ""output"": [1, 64, 8192, 128]}",549822922752,0,{},0,17196646400,134217728,PV/AV：各 Q 头仍计算；V 容量不乘 GQA 复制数。载荷假定 V 在头／查询之间理想复用。
46,o_proj,linear,"{""input"": [8192, 8192], ""weight_math"": [8192, 8192], ""weight_storage"": [8192, 8192], ""output"": [8192, 8192]}",1099511627776,0,{},134217728,134217728,134217728,独立 GEMM：权重与输入各读一次、输出写一次的操作数载荷；不预测 tile 重读。
46,attention_residual,residual,"{""inputs_each"": [8192, 8192], ""output"": [8192, 8192]}",0,67108864,{},0,268435456,134217728,
46,post_attention_layernorm,normalization,"{""input"": [8192, 8192], ""weight"": [8192], ""output"": [8192, 8192]}",0,268443648,"{""rsqrt"": 8192, ""cast_elements"": 134217728}",16384,134217728,134217728,按 FP32 行内归约的代数计数；rsqrt、类型转换与临时 FP32 张量分列／不推断 HBM spill。
46,gate_proj,linear,"{""input"": [8192, 8192], ""weight_math"": [8192, 28672], ""weight_storage"": [28672, 8192], ""output"": [8192, 28672]}",3848290697216,0,{},469762048,134217728,469762048,独立 GEMM：权重与输入各读一次、输出写一次的操作数载荷；不预测 tile 重读。
46,up_proj,linear,"{""input"": [8192, 8192], ""weight_math"": [8192, 28672], ""weight_storage"": [28672, 8192], ""output"": [8192, 28672]}",3848290697216,0,{},469762048,134217728,469762048,独立 GEMM：权重与输入各读一次、输出写一次的操作数载荷；不预测 tile 重读。
46,silu_mul,activation,"{""gate"": [8192, 28672], ""up"": [8192, 28672], ""output"": [8192, 28672]}",0,939524096,"{""exp"": 234881024, ""negate"": 234881024}",0,939524096,469762048,"sigmoid: exp(-x), +1, reciprocal；再乘 x 和 up。exp 与取负分列。"
46,down_proj,linear,"{""input"": [8192, 28672], ""weight_math"": [28672, 8192], ""weight_storage"": [8192, 28672], ""output"": [8192, 8192]}",3848290697216,0,{},469762048,469762048,134217728,独立 GEMM：权重与输入各读一次、输出写一次的操作数载荷；不预测 tile 重读。
46,ffn_residual,residual,"{""inputs_each"": [8192, 8192], ""output"": [8192, 8192]}",0,67108864,{},0,268435456,134217728,
47,input_layernorm,normalization,"{""input"": [8192, 8192], ""weight"": [8192], ""output"": [8192, 8192]}",0,268443648,"{""rsqrt"": 8192, ""cast_elements"": 134217728}",16384,134217728,134217728,按 FP32 行内归约的代数计数；rsqrt、类型转换与临时 FP32 张量分列／不推断 HBM spill。
47,q_proj,linear,"{""input"": [8192, 8192], ""weight_math"": [8192, 8192], ""weight_storage"": [8192, 8192], ""output"": [8192, 8192]}",1099511627776,0,{},134217728,134217728,134217728,独立 GEMM：权重与输入各读一次、输出写一次的操作数载荷；不预测 tile 重读。
47,k_proj,linear,"{""input"": [8192, 8192], ""weight_math"": [8192, 1024], ""weight_storage"": [1024, 8192], ""output"": [8192, 1024]}",137438953472,0,{},16777216,134217728,16777216,独立 GEMM：权重与输入各读一次、输出写一次的操作数载荷；不预测 tile 重读。
47,v_proj,linear,"{""input"": [8192, 8192], ""weight_math"": [8192, 1024], ""weight_storage"": [1024, 8192], ""output"": [8192, 1024]}",137438953472,0,{},16777216,134217728,16777216,独立 GEMM：权重与输入各读一次、输出写一次的操作数载荷；不预测 tile 重读。
47,apply_rope,position,"{""Q"": [1, 64, 8192, 128], ""K"": [1, 8, 8192, 128]}",0,226492416,"{""negate"": 37748736}",0,155189248,150994944,2 multiply + 1 add/元素，rotate_half 符号翻转分列；表按批／头理想复用。 Llama has no Q/K norm; shared default position table counted once per layer.
47,kv_append,state,"{""new_K_and_V_each"": [1, 8, 8192, 128]}",0,0,{},0,33554432,33554432,原位／分页 append 载荷；不假定动态 torch.cat 对旧缓存整段复制。
47,qk,attention,"{""Q"": [1, 64, 8192, 128], ""K_shared"": [1, 8, 8192, 128], ""scores_rectangular"": [1, 64, 8192, 8192]}",549822922752,0,{},0,150994944,17179869184,FLOPs 仅有效因果位置；载荷是假定 Q/K 各读一次、GQA 头共享，完整分数矩阵物化。
47,score_scale_mask_softmax,softmax,"{""scores"": [1, 64, 8192, 8192]}",0,8590458880,"{""exp"": 2147745792, ""compare_max"": 2147221504, ""mask_decisions"": 4294967296}",0,17179869184,17179869184,选择的融合 scale/mask/softmax 代数工作；屏蔽点不计 exp。物化 FP32 默认概率；非具体 eager trace。
47,pv,attention,"{""P"": [1, 64, 8192, 8192], ""V_shared"": [1, 8, 8192, 128], ""output"": [1, 64, 8192, 128]}",549822922752,0,{},0,17196646400,134217728,PV/AV：各 Q 头仍计算；V 容量不乘 GQA 复制数。载荷假定 V 在头／查询之间理想复用。
47,o_proj,linear,"{""input"": [8192, 8192], ""weight_math"": [8192, 8192], ""weight_storage"": [8192, 8192], ""output"": [8192, 8192]}",1099511627776,0,{},134217728,134217728,134217728,独立 GEMM：权重与输入各读一次、输出写一次的操作数载荷；不预测 tile 重读。
47,attention_residual,residual,"{""inputs_each"": [8192, 8192], ""output"": [8192, 8192]}",0,67108864,{},0,268435456,134217728,
47,post_attention_layernorm,normalization,"{""input"": [8192, 8192], ""weight"": [8192], ""output"": [8192, 8192]}",0,268443648,"{""rsqrt"": 8192, ""cast_elements"": 134217728}",16384,134217728,134217728,按 FP32 行内归约的代数计数；rsqrt、类型转换与临时 FP32 张量分列／不推断 HBM spill。
47,gate_proj,linear,"{""input"": [8192, 8192], ""weight_math"": [8192, 28672], ""weight_storage"": [28672, 8192], ""output"": [8192, 28672]}",3848290697216,0,{},469762048,134217728,469762048,独立 GEMM：权重与输入各读一次、输出写一次的操作数载荷；不预测 tile 重读。
47,up_proj,linear,"{""input"": [8192, 8192], ""weight_math"": [8192, 28672], ""weight_storage"": [28672, 8192], ""output"": [8192, 28672]}",3848290697216,0,{},469762048,134217728,469762048,独立 GEMM：权重与输入各读一次、输出写一次的操作数载荷；不预测 tile 重读。
47,silu_mul,activation,"{""gate"": [8192, 28672], ""up"": [8192, 28672], ""output"": [8192, 28672]}",0,939524096,"{""exp"": 234881024, ""negate"": 234881024}",0,939524096,469762048,"sigmoid: exp(-x), +1, reciprocal；再乘 x 和 up。exp 与取负分列。"
47,down_proj,linear,"{""input"": [8192, 28672], ""weight_math"": [28672, 8192], ""weight_storage"": [8192, 28672], ""output"": [8192, 8192]}",3848290697216,0,{},469762048,469762048,134217728,独立 GEMM：权重与输入各读一次、输出写一次的操作数载荷；不预测 tile 重读。
47,ffn_residual,residual,"{""inputs_each"": [8192, 8192], ""output"": [8192, 8192]}",0,67108864,{},0,268435456,134217728,
48,input_layernorm,normalization,"{""input"": [8192, 8192], ""weight"": [8192], ""output"": [8192, 8192]}",0,268443648,"{""rsqrt"": 8192, ""cast_elements"": 134217728}",16384,134217728,134217728,按 FP32 行内归约的代数计数；rsqrt、类型转换与临时 FP32 张量分列／不推断 HBM spill。
48,q_proj,linear,"{""input"": [8192, 8192], ""weight_math"": [8192, 8192], ""weight_storage"": [8192, 8192], ""output"": [8192, 8192]}",1099511627776,0,{},134217728,134217728,134217728,独立 GEMM：权重与输入各读一次、输出写一次的操作数载荷；不预测 tile 重读。
48,k_proj,linear,"{""input"": [8192, 8192], ""weight_math"": [8192, 1024], ""weight_storage"": [1024, 8192], ""output"": [8192, 1024]}",137438953472,0,{},16777216,134217728,16777216,独立 GEMM：权重与输入各读一次、输出写一次的操作数载荷；不预测 tile 重读。
48,v_proj,linear,"{""input"": [8192, 8192], ""weight_math"": [8192, 1024], ""weight_storage"": [1024, 8192], ""output"": [8192, 1024]}",137438953472,0,{},16777216,134217728,16777216,独立 GEMM：权重与输入各读一次、输出写一次的操作数载荷；不预测 tile 重读。
48,apply_rope,position,"{""Q"": [1, 64, 8192, 128], ""K"": [1, 8, 8192, 128]}",0,226492416,"{""negate"": 37748736}",0,155189248,150994944,2 multiply + 1 add/元素，rotate_half 符号翻转分列；表按批／头理想复用。 Llama has no Q/K norm; shared default position table counted once per layer.
48,kv_append,state,"{""new_K_and_V_each"": [1, 8, 8192, 128]}",0,0,{},0,33554432,33554432,原位／分页 append 载荷；不假定动态 torch.cat 对旧缓存整段复制。
48,qk,attention,"{""Q"": [1, 64, 8192, 128], ""K_shared"": [1, 8, 8192, 128], ""scores_rectangular"": [1, 64, 8192, 8192]}",549822922752,0,{},0,150994944,17179869184,FLOPs 仅有效因果位置；载荷是假定 Q/K 各读一次、GQA 头共享，完整分数矩阵物化。
48,score_scale_mask_softmax,softmax,"{""scores"": [1, 64, 8192, 8192]}",0,8590458880,"{""exp"": 2147745792, ""compare_max"": 2147221504, ""mask_decisions"": 4294967296}",0,17179869184,17179869184,选择的融合 scale/mask/softmax 代数工作；屏蔽点不计 exp。物化 FP32 默认概率；非具体 eager trace。
48,pv,attention,"{""P"": [1, 64, 8192, 8192], ""V_shared"": [1, 8, 8192, 128], ""output"": [1, 64, 8192, 128]}",549822922752,0,{},0,17196646400,134217728,PV/AV：各 Q 头仍计算；V 容量不乘 GQA 复制数。载荷假定 V 在头／查询之间理想复用。
48,o_proj,linear,"{""input"": [8192, 8192], ""weight_math"": [8192, 8192], ""weight_storage"": [8192, 8192], ""output"": [8192, 8192]}",1099511627776,0,{},134217728,134217728,134217728,独立 GEMM：权重与输入各读一次、输出写一次的操作数载荷；不预测 tile 重读。
48,attention_residual,residual,"{""inputs_each"": [8192, 8192], ""output"": [8192, 8192]}",0,67108864,{},0,268435456,134217728,
48,post_attention_layernorm,normalization,"{""input"": [8192, 8192], ""weight"": [8192], ""output"": [8192, 8192]}",0,268443648,"{""rsqrt"": 8192, ""cast_elements"": 134217728}",16384,134217728,134217728,按 FP32 行内归约的代数计数；rsqrt、类型转换与临时 FP32 张量分列／不推断 HBM spill。
48,gate_proj,linear,"{""input"": [8192, 8192], ""weight_math"": [8192, 28672], ""weight_storage"": [28672, 8192], ""output"": [8192, 28672]}",3848290697216,0,{},469762048,134217728,469762048,独立 GEMM：权重与输入各读一次、输出写一次的操作数载荷；不预测 tile 重读。
48,up_proj,linear,"{""input"": [8192, 8192], ""weight_math"": [8192, 28672], ""weight_storage"": [28672, 8192], ""output"": [8192, 28672]}",3848290697216,0,{},469762048,134217728,469762048,独立 GEMM：权重与输入各读一次、输出写一次的操作数载荷；不预测 tile 重读。
48,silu_mul,activation,"{""gate"": [8192, 28672], ""up"": [8192, 28672], ""output"": [8192, 28672]}",0,939524096,"{""exp"": 234881024, ""negate"": 234881024}",0,939524096,469762048,"sigmoid: exp(-x), +1, reciprocal；再乘 x 和 up。exp 与取负分列。"
48,down_proj,linear,"{""input"": [8192, 28672], ""weight_math"": [28672, 8192], ""weight_storage"": [8192, 28672], ""output"": [8192, 8192]}",3848290697216,0,{},469762048,469762048,134217728,独立 GEMM：权重与输入各读一次、输出写一次的操作数载荷；不预测 tile 重读。
48,ffn_residual,residual,"{""inputs_each"": [8192, 8192], ""output"": [8192, 8192]}",0,67108864,{},0,268435456,134217728,
49,input_layernorm,normalization,"{""input"": [8192, 8192], ""weight"": [8192], ""output"": [8192, 8192]}",0,268443648,"{""rsqrt"": 8192, ""cast_elements"": 134217728}",16384,134217728,134217728,按 FP32 行内归约的代数计数；rsqrt、类型转换与临时 FP32 张量分列／不推断 HBM spill。
49,q_proj,linear,"{""input"": [8192, 8192], ""weight_math"": [8192, 8192], ""weight_storage"": [8192, 8192], ""output"": [8192, 8192]}",1099511627776,0,{},134217728,134217728,134217728,独立 GEMM：权重与输入各读一次、输出写一次的操作数载荷；不预测 tile 重读。
49,k_proj,linear,"{""input"": [8192, 8192], ""weight_math"": [8192, 1024], ""weight_storage"": [1024, 8192], ""output"": [8192, 1024]}",137438953472,0,{},16777216,134217728,16777216,独立 GEMM：权重与输入各读一次、输出写一次的操作数载荷；不预测 tile 重读。
49,v_proj,linear,"{""input"": [8192, 8192], ""weight_math"": [8192, 1024], ""weight_storage"": [1024, 8192], ""output"": [8192, 1024]}",137438953472,0,{},16777216,134217728,16777216,独立 GEMM：权重与输入各读一次、输出写一次的操作数载荷；不预测 tile 重读。
49,apply_rope,position,"{""Q"": [1, 64, 8192, 128], ""K"": [1, 8, 8192, 128]}",0,226492416,"{""negate"": 37748736}",0,155189248,150994944,2 multiply + 1 add/元素，rotate_half 符号翻转分列；表按批／头理想复用。 Llama has no Q/K norm; shared default position table counted once per layer.
49,kv_append,state,"{""new_K_and_V_each"": [1, 8, 8192, 128]}",0,0,{},0,33554432,33554432,原位／分页 append 载荷；不假定动态 torch.cat 对旧缓存整段复制。
49,qk,attention,"{""Q"": [1, 64, 8192, 128], ""K_shared"": [1, 8, 8192, 128], ""scores_rectangular"": [1, 64, 8192, 8192]}",549822922752,0,{},0,150994944,17179869184,FLOPs 仅有效因果位置；载荷是假定 Q/K 各读一次、GQA 头共享，完整分数矩阵物化。
49,score_scale_mask_softmax,softmax,"{""scores"": [1, 64, 8192, 8192]}",0,8590458880,"{""exp"": 2147745792, ""compare_max"": 2147221504, ""mask_decisions"": 4294967296}",0,17179869184,17179869184,选择的融合 scale/mask/softmax 代数工作；屏蔽点不计 exp。物化 FP32 默认概率；非具体 eager trace。
49,pv,attention,"{""P"": [1, 64, 8192, 8192], ""V_shared"": [1, 8, 8192, 128], ""output"": [1, 64, 8192, 128]}",549822922752,0,{},0,17196646400,134217728,PV/AV：各 Q 头仍计算；V 容量不乘 GQA 复制数。载荷假定 V 在头／查询之间理想复用。
49,o_proj,linear,"{""input"": [8192, 8192], ""weight_math"": [8192, 8192], ""weight_storage"": [8192, 8192], ""output"": [8192, 8192]}",1099511627776,0,{},134217728,134217728,134217728,独立 GEMM：权重与输入各读一次、输出写一次的操作数载荷；不预测 tile 重读。
49,attention_residual,residual,"{""inputs_each"": [8192, 8192], ""output"": [8192, 8192]}",0,67108864,{},0,268435456,134217728,
49,post_attention_layernorm,normalization,"{""input"": [8192, 8192], ""weight"": [8192], ""output"": [8192, 8192]}",0,268443648,"{""rsqrt"": 8192, ""cast_elements"": 134217728}",16384,134217728,134217728,按 FP32 行内归约的代数计数；rsqrt、类型转换与临时 FP32 张量分列／不推断 HBM spill。
49,gate_proj,linear,"{""input"": [8192, 8192], ""weight_math"": [8192, 28672], ""weight_storage"": [28672, 8192], ""output"": [8192, 28672]}",3848290697216,0,{},469762048,134217728,469762048,独立 GEMM：权重与输入各读一次、输出写一次的操作数载荷；不预测 tile 重读。
49,up_proj,linear,"{""input"": [8192, 8192], ""weight_math"": [8192, 28672], ""weight_storage"": [28672, 8192], ""output"": [8192, 28672]}",3848290697216,0,{},469762048,134217728,469762048,独立 GEMM：权重与输入各读一次、输出写一次的操作数载荷；不预测 tile 重读。
49,silu_mul,activation,"{""gate"": [8192, 28672], ""up"": [8192, 28672], ""output"": [8192, 28672]}",0,939524096,"{""exp"": 234881024, ""negate"": 234881024}",0,939524096,469762048,"sigmoid: exp(-x), +1, reciprocal；再乘 x 和 up。exp 与取负分列。"
49,down_proj,linear,"{""input"": [8192, 28672], ""weight_math"": [28672, 8192], ""weight_storage"": [8192, 28672], ""output"": [8192, 8192]}",3848290697216,0,{},469762048,469762048,134217728,独立 GEMM：权重与输入各读一次、输出写一次的操作数载荷；不预测 tile 重读。
49,ffn_residual,residual,"{""inputs_each"": [8192, 8192], ""output"": [8192, 8192]}",0,67108864,{},0,268435456,134217728,
50,input_layernorm,normalization,"{""input"": [8192, 8192], ""weight"": [8192], ""output"": [8192, 8192]}",0,268443648,"{""rsqrt"": 8192, ""cast_elements"": 134217728}",16384,134217728,134217728,按 FP32 行内归约的代数计数；rsqrt、类型转换与临时 FP32 张量分列／不推断 HBM spill。
50,q_proj,linear,"{""input"": [8192, 8192], ""weight_math"": [8192, 8192], ""weight_storage"": [8192, 8192], ""output"": [8192, 8192]}",1099511627776,0,{},134217728,134217728,134217728,独立 GEMM：权重与输入各读一次、输出写一次的操作数载荷；不预测 tile 重读。
50,k_proj,linear,"{""input"": [8192, 8192], ""weight_math"": [8192, 1024], ""weight_storage"": [1024, 8192], ""output"": [8192, 1024]}",137438953472,0,{},16777216,134217728,16777216,独立 GEMM：权重与输入各读一次、输出写一次的操作数载荷；不预测 tile 重读。
50,v_proj,linear,"{""input"": [8192, 8192], ""weight_math"": [8192, 1024], ""weight_storage"": [1024, 8192], ""output"": [8192, 1024]}",137438953472,0,{},16777216,134217728,16777216,独立 GEMM：权重与输入各读一次、输出写一次的操作数载荷；不预测 tile 重读。
50,apply_rope,position,"{""Q"": [1, 64, 8192, 128], ""K"": [1, 8, 8192, 128]}",0,226492416,"{""negate"": 37748736}",0,155189248,150994944,2 multiply + 1 add/元素，rotate_half 符号翻转分列；表按批／头理想复用。 Llama has no Q/K norm; shared default position table counted once per layer.
50,kv_append,state,"{""new_K_and_V_each"": [1, 8, 8192, 128]}",0,0,{},0,33554432,33554432,原位／分页 append 载荷；不假定动态 torch.cat 对旧缓存整段复制。
50,qk,attention,"{""Q"": [1, 64, 8192, 128], ""K_shared"": [1, 8, 8192, 128], ""scores_rectangular"": [1, 64, 8192, 8192]}",549822922752,0,{},0,150994944,17179869184,FLOPs 仅有效因果位置；载荷是假定 Q/K 各读一次、GQA 头共享，完整分数矩阵物化。
50,score_scale_mask_softmax,softmax,"{""scores"": [1, 64, 8192, 8192]}",0,8590458880,"{""exp"": 2147745792, ""compare_max"": 2147221504, ""mask_decisions"": 4294967296}",0,17179869184,17179869184,选择的融合 scale/mask/softmax 代数工作；屏蔽点不计 exp。物化 FP32 默认概率；非具体 eager trace。
50,pv,attention,"{""P"": [1, 64, 8192, 8192], ""V_shared"": [1, 8, 8192, 128], ""output"": [1, 64, 8192, 128]}",549822922752,0,{},0,17196646400,134217728,PV/AV：各 Q 头仍计算；V 容量不乘 GQA 复制数。载荷假定 V 在头／查询之间理想复用。
50,o_proj,linear,"{""input"": [8192, 8192], ""weight_math"": [8192, 8192], ""weight_storage"": [8192, 8192], ""output"": [8192, 8192]}",1099511627776,0,{},134217728,134217728,134217728,独立 GEMM：权重与输入各读一次、输出写一次的操作数载荷；不预测 tile 重读。
50,attention_residual,residual,"{""inputs_each"": [8192, 8192], ""output"": [8192, 8192]}",0,67108864,{},0,268435456,134217728,
50,post_attention_layernorm,normalization,"{""input"": [8192, 8192], ""weight"": [8192], ""output"": [8192, 8192]}",0,268443648,"{""rsqrt"": 8192, ""cast_elements"": 134217728}",16384,134217728,134217728,按 FP32 行内归约的代数计数；rsqrt、类型转换与临时 FP32 张量分列／不推断 HBM spill。
50,gate_proj,linear,"{""input"": [8192, 8192], ""weight_math"": [8192, 28672], ""weight_storage"": [28672, 8192], ""output"": [8192, 28672]}",3848290697216,0,{},469762048,134217728,469762048,独立 GEMM：权重与输入各读一次、输出写一次的操作数载荷；不预测 tile 重读。
50,up_proj,linear,"{""input"": [8192, 8192], ""weight_math"": [8192, 28672], ""weight_storage"": [28672, 8192], ""output"": [8192, 28672]}",3848290697216,0,{},469762048,134217728,469762048,独立 GEMM：权重与输入各读一次、输出写一次的操作数载荷；不预测 tile 重读。
50,silu_mul,activation,"{""gate"": [8192, 28672], ""up"": [8192, 28672], ""output"": [8192, 28672]}",0,939524096,"{""exp"": 234881024, ""negate"": 234881024}",0,939524096,469762048,"sigmoid: exp(-x), +1, reciprocal；再乘 x 和 up。exp 与取负分列。"
50,down_proj,linear,"{""input"": [8192, 28672], ""weight_math"": [28672, 8192], ""weight_storage"": [8192, 28672], ""output"": [8192, 8192]}",3848290697216,0,{},469762048,469762048,134217728,独立 GEMM：权重与输入各读一次、输出写一次的操作数载荷；不预测 tile 重读。
50,ffn_residual,residual,"{""inputs_each"": [8192, 8192], ""output"": [8192, 8192]}",0,67108864,{},0,268435456,134217728,
51,input_layernorm,normalization,"{""input"": [8192, 8192], ""weight"": [8192], ""output"": [8192, 8192]}",0,268443648,"{""rsqrt"": 8192, ""cast_elements"": 134217728}",16384,134217728,134217728,按 FP32 行内归约的代数计数；rsqrt、类型转换与临时 FP32 张量分列／不推断 HBM spill。
51,q_proj,linear,"{""input"": [8192, 8192], ""weight_math"": [8192, 8192], ""weight_storage"": [8192, 8192], ""output"": [8192, 8192]}",1099511627776,0,{},134217728,134217728,134217728,独立 GEMM：权重与输入各读一次、输出写一次的操作数载荷；不预测 tile 重读。
51,k_proj,linear,"{""input"": [8192, 8192], ""weight_math"": [8192, 1024], ""weight_storage"": [1024, 8192], ""output"": [8192, 1024]}",137438953472,0,{},16777216,134217728,16777216,独立 GEMM：权重与输入各读一次、输出写一次的操作数载荷；不预测 tile 重读。
51,v_proj,linear,"{""input"": [8192, 8192], ""weight_math"": [8192, 1024], ""weight_storage"": [1024, 8192], ""output"": [8192, 1024]}",137438953472,0,{},16777216,134217728,16777216,独立 GEMM：权重与输入各读一次、输出写一次的操作数载荷；不预测 tile 重读。
51,apply_rope,position,"{""Q"": [1, 64, 8192, 128], ""K"": [1, 8, 8192, 128]}",0,226492416,"{""negate"": 37748736}",0,155189248,150994944,2 multiply + 1 add/元素，rotate_half 符号翻转分列；表按批／头理想复用。 Llama has no Q/K norm; shared default position table counted once per layer.
51,kv_append,state,"{""new_K_and_V_each"": [1, 8, 8192, 128]}",0,0,{},0,33554432,33554432,原位／分页 append 载荷；不假定动态 torch.cat 对旧缓存整段复制。
51,qk,attention,"{""Q"": [1, 64, 8192, 128], ""K_shared"": [1, 8, 8192, 128], ""scores_rectangular"": [1, 64, 8192, 8192]}",549822922752,0,{},0,150994944,17179869184,FLOPs 仅有效因果位置；载荷是假定 Q/K 各读一次、GQA 头共享，完整分数矩阵物化。
51,score_scale_mask_softmax,softmax,"{""scores"": [1, 64, 8192, 8192]}",0,8590458880,"{""exp"": 2147745792, ""compare_max"": 2147221504, ""mask_decisions"": 4294967296}",0,17179869184,17179869184,选择的融合 scale/mask/softmax 代数工作；屏蔽点不计 exp。物化 FP32 默认概率；非具体 eager trace。
51,pv,attention,"{""P"": [1, 64, 8192, 8192], ""V_shared"": [1, 8, 8192, 128], ""output"": [1, 64, 8192, 128]}",549822922752,0,{},0,17196646400,134217728,PV/AV：各 Q 头仍计算；V 容量不乘 GQA 复制数。载荷假定 V 在头／查询之间理想复用。
51,o_proj,linear,"{""input"": [8192, 8192], ""weight_math"": [8192, 8192], ""weight_storage"": [8192, 8192], ""output"": [8192, 8192]}",1099511627776,0,{},134217728,134217728,134217728,独立 GEMM：权重与输入各读一次、输出写一次的操作数载荷；不预测 tile 重读。
51,attention_residual,residual,"{""inputs_each"": [8192, 8192], ""output"": [8192, 8192]}",0,67108864,{},0,268435456,134217728,
51,post_attention_layernorm,normalization,"{""input"": [8192, 8192], ""weight"": [8192], ""output"": [8192, 8192]}",0,268443648,"{""rsqrt"": 8192, ""cast_elements"": 134217728}",16384,134217728,134217728,按 FP32 行内归约的代数计数；rsqrt、类型转换与临时 FP32 张量分列／不推断 HBM spill。
51,gate_proj,linear,"{""input"": [8192, 8192], ""weight_math"": [8192, 28672], ""weight_storage"": [28672, 8192], ""output"": [8192, 28672]}",3848290697216,0,{},469762048,134217728,469762048,独立 GEMM：权重与输入各读一次、输出写一次的操作数载荷；不预测 tile 重读。
51,up_proj,linear,"{""input"": [8192, 8192], ""weight_math"": [8192, 28672], ""weight_storage"": [28672, 8192], ""output"": [8192, 28672]}",3848290697216,0,{},469762048,134217728,469762048,独立 GEMM：权重与输入各读一次、输出写一次的操作数载荷；不预测 tile 重读。
51,silu_mul,activation,"{""gate"": [8192, 28672], ""up"": [8192, 28672], ""output"": [8192, 28672]}",0,939524096,"{""exp"": 234881024, ""negate"": 234881024}",0,939524096,469762048,"sigmoid: exp(-x), +1, reciprocal；再乘 x 和 up。exp 与取负分列。"
51,down_proj,linear,"{""input"": [8192, 28672], ""weight_math"": [28672, 8192], ""weight_storage"": [8192, 28672], ""output"": [8192, 8192]}",3848290697216,0,{},469762048,469762048,134217728,独立 GEMM：权重与输入各读一次、输出写一次的操作数载荷；不预测 tile 重读。
51,ffn_residual,residual,"{""inputs_each"": [8192, 8192], ""output"": [8192, 8192]}",0,67108864,{},0,268435456,134217728,
52,input_layernorm,normalization,"{""input"": [8192, 8192], ""weight"": [8192], ""output"": [8192, 8192]}",0,268443648,"{""rsqrt"": 8192, ""cast_elements"": 134217728}",16384,134217728,134217728,按 FP32 行内归约的代数计数；rsqrt、类型转换与临时 FP32 张量分列／不推断 HBM spill。
52,q_proj,linear,"{""input"": [8192, 8192], ""weight_math"": [8192, 8192], ""weight_storage"": [8192, 8192], ""output"": [8192, 8192]}",1099511627776,0,{},134217728,134217728,134217728,独立 GEMM：权重与输入各读一次、输出写一次的操作数载荷；不预测 tile 重读。
52,k_proj,linear,"{""input"": [8192, 8192], ""weight_math"": [8192, 1024], ""weight_storage"": [1024, 8192], ""output"": [8192, 1024]}",137438953472,0,{},16777216,134217728,16777216,独立 GEMM：权重与输入各读一次、输出写一次的操作数载荷；不预测 tile 重读。
52,v_proj,linear,"{""input"": [8192, 8192], ""weight_math"": [8192, 1024], ""weight_storage"": [1024, 8192], ""output"": [8192, 1024]}",137438953472,0,{},16777216,134217728,16777216,独立 GEMM：权重与输入各读一次、输出写一次的操作数载荷；不预测 tile 重读。
52,apply_rope,position,"{""Q"": [1, 64, 8192, 128], ""K"": [1, 8, 8192, 128]}",0,226492416,"{""negate"": 37748736}",0,155189248,150994944,2 multiply + 1 add/元素，rotate_half 符号翻转分列；表按批／头理想复用。 Llama has no Q/K norm; shared default position table counted once per layer.
52,kv_append,state,"{""new_K_and_V_each"": [1, 8, 8192, 128]}",0,0,{},0,33554432,33554432,原位／分页 append 载荷；不假定动态 torch.cat 对旧缓存整段复制。
52,qk,attention,"{""Q"": [1, 64, 8192, 128], ""K_shared"": [1, 8, 8192, 128], ""scores_rectangular"": [1, 64, 8192, 8192]}",549822922752,0,{},0,150994944,17179869184,FLOPs 仅有效因果位置；载荷是假定 Q/K 各读一次、GQA 头共享，完整分数矩阵物化。
52,score_scale_mask_softmax,softmax,"{""scores"": [1, 64, 8192, 8192]}",0,8590458880,"{""exp"": 2147745792, ""compare_max"": 2147221504, ""mask_decisions"": 4294967296}",0,17179869184,17179869184,选择的融合 scale/mask/softmax 代数工作；屏蔽点不计 exp。物化 FP32 默认概率；非具体 eager trace。
52,pv,attention,"{""P"": [1, 64, 8192, 8192], ""V_shared"": [1, 8, 8192, 128], ""output"": [1, 64, 8192, 128]}",549822922752,0,{},0,17196646400,134217728,PV/AV：各 Q 头仍计算；V 容量不乘 GQA 复制数。载荷假定 V 在头／查询之间理想复用。
52,o_proj,linear,"{""input"": [8192, 8192], ""weight_math"": [8192, 8192], ""weight_storage"": [8192, 8192], ""output"": [8192, 8192]}",1099511627776,0,{},134217728,134217728,134217728,独立 GEMM：权重与输入各读一次、输出写一次的操作数载荷；不预测 tile 重读。
52,attention_residual,residual,"{""inputs_each"": [8192, 8192], ""output"": [8192, 8192]}",0,67108864,{},0,268435456,134217728,
52,post_attention_layernorm,normalization,"{""input"": [8192, 8192], ""weight"": [8192], ""output"": [8192, 8192]}",0,268443648,"{""rsqrt"": 8192, ""cast_elements"": 134217728}",16384,134217728,134217728,按 FP32 行内归约的代数计数；rsqrt、类型转换与临时 FP32 张量分列／不推断 HBM spill。
52,gate_proj,linear,"{""input"": [8192, 8192], ""weight_math"": [8192, 28672], ""weight_storage"": [28672, 8192], ""output"": [8192, 28672]}",3848290697216,0,{},469762048,134217728,469762048,独立 GEMM：权重与输入各读一次、输出写一次的操作数载荷；不预测 tile 重读。
52,up_proj,linear,"{""input"": [8192, 8192], ""weight_math"": [8192, 28672], ""weight_storage"": [28672, 8192], ""output"": [8192, 28672]}",3848290697216,0,{},469762048,134217728,469762048,独立 GEMM：权重与输入各读一次、输出写一次的操作数载荷；不预测 tile 重读。
52,silu_mul,activation,"{""gate"": [8192, 28672], ""up"": [8192, 28672], ""output"": [8192, 28672]}",0,939524096,"{""exp"": 234881024, ""negate"": 234881024}",0,939524096,469762048,"sigmoid: exp(-x), +1, reciprocal；再乘 x 和 up。exp 与取负分列。"
52,down_proj,linear,"{""input"": [8192, 28672], ""weight_math"": [28672, 8192], ""weight_storage"": [8192, 28672], ""output"": [8192, 8192]}",3848290697216,0,{},469762048,469762048,134217728,独立 GEMM：权重与输入各读一次、输出写一次的操作数载荷；不预测 tile 重读。
52,ffn_residual,residual,"{""inputs_each"": [8192, 8192], ""output"": [8192, 8192]}",0,67108864,{},0,268435456,134217728,
53,input_layernorm,normalization,"{""input"": [8192, 8192], ""weight"": [8192], ""output"": [8192, 8192]}",0,268443648,"{""rsqrt"": 8192, ""cast_elements"": 134217728}",16384,134217728,134217728,按 FP32 行内归约的代数计数；rsqrt、类型转换与临时 FP32 张量分列／不推断 HBM spill。
53,q_proj,linear,"{""input"": [8192, 8192], ""weight_math"": [8192, 8192], ""weight_storage"": [8192, 8192], ""output"": [8192, 8192]}",1099511627776,0,{},134217728,134217728,134217728,独立 GEMM：权重与输入各读一次、输出写一次的操作数载荷；不预测 tile 重读。
53,k_proj,linear,"{""input"": [8192, 8192], ""weight_math"": [8192, 1024], ""weight_storage"": [1024, 8192], ""output"": [8192, 1024]}",137438953472,0,{},16777216,134217728,16777216,独立 GEMM：权重与输入各读一次、输出写一次的操作数载荷；不预测 tile 重读。
53,v_proj,linear,"{""input"": [8192, 8192], ""weight_math"": [8192, 1024], ""weight_storage"": [1024, 8192], ""output"": [8192, 1024]}",137438953472,0,{},16777216,134217728,16777216,独立 GEMM：权重与输入各读一次、输出写一次的操作数载荷；不预测 tile 重读。
53,apply_rope,position,"{""Q"": [1, 64, 8192, 128], ""K"": [1, 8, 8192, 128]}",0,226492416,"{""negate"": 37748736}",0,155189248,150994944,2 multiply + 1 add/元素，rotate_half 符号翻转分列；表按批／头理想复用。 Llama has no Q/K norm; shared default position table counted once per layer.
53,kv_append,state,"{""new_K_and_V_each"": [1, 8, 8192, 128]}",0,0,{},0,33554432,33554432,原位／分页 append 载荷；不假定动态 torch.cat 对旧缓存整段复制。
53,qk,attention,"{""Q"": [1, 64, 8192, 128], ""K_shared"": [1, 8, 8192, 128], ""scores_rectangular"": [1, 64, 8192, 8192]}",549822922752,0,{},0,150994944,17179869184,FLOPs 仅有效因果位置；载荷是假定 Q/K 各读一次、GQA 头共享，完整分数矩阵物化。
53,score_scale_mask_softmax,softmax,"{""scores"": [1, 64, 8192, 8192]}",0,8590458880,"{""exp"": 2147745792, ""compare_max"": 2147221504, ""mask_decisions"": 4294967296}",0,17179869184,17179869184,选择的融合 scale/mask/softmax 代数工作；屏蔽点不计 exp。物化 FP32 默认概率；非具体 eager trace。
53,pv,attention,"{""P"": [1, 64, 8192, 8192], ""V_shared"": [1, 8, 8192, 128], ""output"": [1, 64, 8192, 128]}",549822922752,0,{},0,17196646400,134217728,PV/AV：各 Q 头仍计算；V 容量不乘 GQA 复制数。载荷假定 V 在头／查询之间理想复用。
53,o_proj,linear,"{""input"": [8192, 8192], ""weight_math"": [8192, 8192], ""weight_storage"": [8192, 8192], ""output"": [8192, 8192]}",1099511627776,0,{},134217728,134217728,134217728,独立 GEMM：权重与输入各读一次、输出写一次的操作数载荷；不预测 tile 重读。
53,attention_residual,residual,"{""inputs_each"": [8192, 8192], ""output"": [8192, 8192]}",0,67108864,{},0,268435456,134217728,
53,post_attention_layernorm,normalization,"{""input"": [8192, 8192], ""weight"": [8192], ""output"": [8192, 8192]}",0,268443648,"{""rsqrt"": 8192, ""cast_elements"": 134217728}",16384,134217728,134217728,按 FP32 行内归约的代数计数；rsqrt、类型转换与临时 FP32 张量分列／不推断 HBM spill。
53,gate_proj,linear,"{""input"": [8192, 8192], ""weight_math"": [8192, 28672], ""weight_storage"": [28672, 8192], ""output"": [8192, 28672]}",3848290697216,0,{},469762048,134217728,469762048,独立 GEMM：权重与输入各读一次、输出写一次的操作数载荷；不预测 tile 重读。
53,up_proj,linear,"{""input"": [8192, 8192], ""weight_math"": [8192, 28672], ""weight_storage"": [28672, 8192], ""output"": [8192, 28672]}",3848290697216,0,{},469762048,134217728,469762048,独立 GEMM：权重与输入各读一次、输出写一次的操作数载荷；不预测 tile 重读。
53,silu_mul,activation,"{""gate"": [8192, 28672], ""up"": [8192, 28672], ""output"": [8192, 28672]}",0,939524096,"{""exp"": 234881024, ""negate"": 234881024}",0,939524096,469762048,"sigmoid: exp(-x), +1, reciprocal；再乘 x 和 up。exp 与取负分列。"
53,down_proj,linear,"{""input"": [8192, 28672], ""weight_math"": [28672, 8192], ""weight_storage"": [8192, 28672], ""output"": [8192, 8192]}",3848290697216,0,{},469762048,469762048,134217728,独立 GEMM：权重与输入各读一次、输出写一次的操作数载荷；不预测 tile 重读。
53,ffn_residual,residual,"{""inputs_each"": [8192, 8192], ""output"": [8192, 8192]}",0,67108864,{},0,268435456,134217728,
54,input_layernorm,normalization,"{""input"": [8192, 8192], ""weight"": [8192], ""output"": [8192, 8192]}",0,268443648,"{""rsqrt"": 8192, ""cast_elements"": 134217728}",16384,134217728,134217728,按 FP32 行内归约的代数计数；rsqrt、类型转换与临时 FP32 张量分列／不推断 HBM spill。
54,q_proj,linear,"{""input"": [8192, 8192], ""weight_math"": [8192, 8192], ""weight_storage"": [8192, 8192], ""output"": [8192, 8192]}",1099511627776,0,{},134217728,134217728,134217728,独立 GEMM：权重与输入各读一次、输出写一次的操作数载荷；不预测 tile 重读。
54,k_proj,linear,"{""input"": [8192, 8192], ""weight_math"": [8192, 1024], ""weight_storage"": [1024, 8192], ""output"": [8192, 1024]}",137438953472,0,{},16777216,134217728,16777216,独立 GEMM：权重与输入各读一次、输出写一次的操作数载荷；不预测 tile 重读。
54,v_proj,linear,"{""input"": [8192, 8192], ""weight_math"": [8192, 1024], ""weight_storage"": [1024, 8192], ""output"": [8192, 1024]}",137438953472,0,{},16777216,134217728,16777216,独立 GEMM：权重与输入各读一次、输出写一次的操作数载荷；不预测 tile 重读。
54,apply_rope,position,"{""Q"": [1, 64, 8192, 128], ""K"": [1, 8, 8192, 128]}",0,226492416,"{""negate"": 37748736}",0,155189248,150994944,2 multiply + 1 add/元素，rotate_half 符号翻转分列；表按批／头理想复用。 Llama has no Q/K norm; shared default position table counted once per layer.
54,kv_append,state,"{""new_K_and_V_each"": [1, 8, 8192, 128]}",0,0,{},0,33554432,33554432,原位／分页 append 载荷；不假定动态 torch.cat 对旧缓存整段复制。
54,qk,attention,"{""Q"": [1, 64, 8192, 128], ""K_shared"": [1, 8, 8192, 128], ""scores_rectangular"": [1, 64, 8192, 8192]}",549822922752,0,{},0,150994944,17179869184,FLOPs 仅有效因果位置；载荷是假定 Q/K 各读一次、GQA 头共享，完整分数矩阵物化。
54,score_scale_mask_softmax,softmax,"{""scores"": [1, 64, 8192, 8192]}",0,8590458880,"{""exp"": 2147745792, ""compare_max"": 2147221504, ""mask_decisions"": 4294967296}",0,17179869184,17179869184,选择的融合 scale/mask/softmax 代数工作；屏蔽点不计 exp。物化 FP32 默认概率；非具体 eager trace。
54,pv,attention,"{""P"": [1, 64, 8192, 8192], ""V_shared"": [1, 8, 8192, 128], ""output"": [1, 64, 8192, 128]}",549822922752,0,{},0,17196646400,134217728,PV/AV：各 Q 头仍计算；V 容量不乘 GQA 复制数。载荷假定 V 在头／查询之间理想复用。
54,o_proj,linear,"{""input"": [8192, 8192], ""weight_math"": [8192, 8192], ""weight_storage"": [8192, 8192], ""output"": [8192, 8192]}",1099511627776,0,{},134217728,134217728,134217728,独立 GEMM：权重与输入各读一次、输出写一次的操作数载荷；不预测 tile 重读。
54,attention_residual,residual,"{""inputs_each"": [8192, 8192], ""output"": [8192, 8192]}",0,67108864,{},0,268435456,134217728,
54,post_attention_layernorm,normalization,"{""input"": [8192, 8192], ""weight"": [8192], ""output"": [8192, 8192]}",0,268443648,"{""rsqrt"": 8192, ""cast_elements"": 134217728}",16384,134217728,134217728,按 FP32 行内归约的代数计数；rsqrt、类型转换与临时 FP32 张量分列／不推断 HBM spill。
54,gate_proj,linear,"{""input"": [8192, 8192], ""weight_math"": [8192, 28672], ""weight_storage"": [28672, 8192], ""output"": [8192, 28672]}",3848290697216,0,{},469762048,134217728,469762048,独立 GEMM：权重与输入各读一次、输出写一次的操作数载荷；不预测 tile 重读。
54,up_proj,linear,"{""input"": [8192, 8192], ""weight_math"": [8192, 28672], ""weight_storage"": [28672, 8192], ""output"": [8192, 28672]}",3848290697216,0,{},469762048,134217728,469762048,独立 GEMM：权重与输入各读一次、输出写一次的操作数载荷；不预测 tile 重读。
54,silu_mul,activation,"{""gate"": [8192, 28672], ""up"": [8192, 28672], ""output"": [8192, 28672]}",0,939524096,"{""exp"": 234881024, ""negate"": 234881024}",0,939524096,469762048,"sigmoid: exp(-x), +1, reciprocal；再乘 x 和 up。exp 与取负分列。"
54,down_proj,linear,"{""input"": [8192, 28672], ""weight_math"": [28672, 8192], ""weight_storage"": [8192, 28672], ""output"": [8192, 8192]}",3848290697216,0,{},469762048,469762048,134217728,独立 GEMM：权重与输入各读一次、输出写一次的操作数载荷；不预测 tile 重读。
54,ffn_residual,residual,"{""inputs_each"": [8192, 8192], ""output"": [8192, 8192]}",0,67108864,{},0,268435456,134217728,
55,input_layernorm,normalization,"{""input"": [8192, 8192], ""weight"": [8192], ""output"": [8192, 8192]}",0,268443648,"{""rsqrt"": 8192, ""cast_elements"": 134217728}",16384,134217728,134217728,按 FP32 行内归约的代数计数；rsqrt、类型转换与临时 FP32 张量分列／不推断 HBM spill。
55,q_proj,linear,"{""input"": [8192, 8192], ""weight_math"": [8192, 8192], ""weight_storage"": [8192, 8192], ""output"": [8192, 8192]}",1099511627776,0,{},134217728,134217728,134217728,独立 GEMM：权重与输入各读一次、输出写一次的操作数载荷；不预测 tile 重读。
55,k_proj,linear,"{""input"": [8192, 8192], ""weight_math"": [8192, 1024], ""weight_storage"": [1024, 8192], ""output"": [8192, 1024]}",137438953472,0,{},16777216,134217728,16777216,独立 GEMM：权重与输入各读一次、输出写一次的操作数载荷；不预测 tile 重读。
55,v_proj,linear,"{""input"": [8192, 8192], ""weight_math"": [8192, 1024], ""weight_storage"": [1024, 8192], ""output"": [8192, 1024]}",137438953472,0,{},16777216,134217728,16777216,独立 GEMM：权重与输入各读一次、输出写一次的操作数载荷；不预测 tile 重读。
55,apply_rope,position,"{""Q"": [1, 64, 8192, 128], ""K"": [1, 8, 8192, 128]}",0,226492416,"{""negate"": 37748736}",0,155189248,150994944,2 multiply + 1 add/元素，rotate_half 符号翻转分列；表按批／头理想复用。 Llama has no Q/K norm; shared default position table counted once per layer.
55,kv_append,state,"{""new_K_and_V_each"": [1, 8, 8192, 128]}",0,0,{},0,33554432,33554432,原位／分页 append 载荷；不假定动态 torch.cat 对旧缓存整段复制。
55,qk,attention,"{""Q"": [1, 64, 8192, 128], ""K_shared"": [1, 8, 8192, 128], ""scores_rectangular"": [1, 64, 8192, 8192]}",549822922752,0,{},0,150994944,17179869184,FLOPs 仅有效因果位置；载荷是假定 Q/K 各读一次、GQA 头共享，完整分数矩阵物化。
55,score_scale_mask_softmax,softmax,"{""scores"": [1, 64, 8192, 8192]}",0,8590458880,"{""exp"": 2147745792, ""compare_max"": 2147221504, ""mask_decisions"": 4294967296}",0,17179869184,17179869184,选择的融合 scale/mask/softmax 代数工作；屏蔽点不计 exp。物化 FP32 默认概率；非具体 eager trace。
55,pv,attention,"{""P"": [1, 64, 8192, 8192], ""V_shared"": [1, 8, 8192, 128], ""output"": [1, 64, 8192, 128]}",549822922752,0,{},0,17196646400,134217728,PV/AV：各 Q 头仍计算；V 容量不乘 GQA 复制数。载荷假定 V 在头／查询之间理想复用。
55,o_proj,linear,"{""input"": [8192, 8192], ""weight_math"": [8192, 8192], ""weight_storage"": [8192, 8192], ""output"": [8192, 8192]}",1099511627776,0,{},134217728,134217728,134217728,独立 GEMM：权重与输入各读一次、输出写一次的操作数载荷；不预测 tile 重读。
55,attention_residual,residual,"{""inputs_each"": [8192, 8192], ""output"": [8192, 8192]}",0,67108864,{},0,268435456,134217728,
55,post_attention_layernorm,normalization,"{""input"": [8192, 8192], ""weight"": [8192], ""output"": [8192, 8192]}",0,268443648,"{""rsqrt"": 8192, ""cast_elements"": 134217728}",16384,134217728,134217728,按 FP32 行内归约的代数计数；rsqrt、类型转换与临时 FP32 张量分列／不推断 HBM spill。
55,gate_proj,linear,"{""input"": [8192, 8192], ""weight_math"": [8192, 28672], ""weight_storage"": [28672, 8192], ""output"": [8192, 28672]}",3848290697216,0,{},469762048,134217728,469762048,独立 GEMM：权重与输入各读一次、输出写一次的操作数载荷；不预测 tile 重读。
55,up_proj,linear,"{""input"": [8192, 8192], ""weight_math"": [8192, 28672], ""weight_storage"": [28672, 8192], ""output"": [8192, 28672]}",3848290697216,0,{},469762048,134217728,469762048,独立 GEMM：权重与输入各读一次、输出写一次的操作数载荷；不预测 tile 重读。
55,silu_mul,activation,"{""gate"": [8192, 28672], ""up"": [8192, 28672], ""output"": [8192, 28672]}",0,939524096,"{""exp"": 234881024, ""negate"": 234881024}",0,939524096,469762048,"sigmoid: exp(-x), +1, reciprocal；再乘 x 和 up。exp 与取负分列。"
55,down_proj,linear,"{""input"": [8192, 28672], ""weight_math"": [28672, 8192], ""weight_storage"": [8192, 28672], ""output"": [8192, 8192]}",3848290697216,0,{},469762048,469762048,134217728,独立 GEMM：权重与输入各读一次、输出写一次的操作数载荷；不预测 tile 重读。
55,ffn_residual,residual,"{""inputs_each"": [8192, 8192], ""output"": [8192, 8192]}",0,67108864,{},0,268435456,134217728,
56,input_layernorm,normalization,"{""input"": [8192, 8192], ""weight"": [8192], ""output"": [8192, 8192]}",0,268443648,"{""rsqrt"": 8192, ""cast_elements"": 134217728}",16384,134217728,134217728,按 FP32 行内归约的代数计数；rsqrt、类型转换与临时 FP32 张量分列／不推断 HBM spill。
56,q_proj,linear,"{""input"": [8192, 8192], ""weight_math"": [8192, 8192], ""weight_storage"": [8192, 8192], ""output"": [8192, 8192]}",1099511627776,0,{},134217728,134217728,134217728,独立 GEMM：权重与输入各读一次、输出写一次的操作数载荷；不预测 tile 重读。
56,k_proj,linear,"{""input"": [8192, 8192], ""weight_math"": [8192, 1024], ""weight_storage"": [1024, 8192], ""output"": [8192, 1024]}",137438953472,0,{},16777216,134217728,16777216,独立 GEMM：权重与输入各读一次、输出写一次的操作数载荷；不预测 tile 重读。
56,v_proj,linear,"{""input"": [8192, 8192], ""weight_math"": [8192, 1024], ""weight_storage"": [1024, 8192], ""output"": [8192, 1024]}",137438953472,0,{},16777216,134217728,16777216,独立 GEMM：权重与输入各读一次、输出写一次的操作数载荷；不预测 tile 重读。
56,apply_rope,position,"{""Q"": [1, 64, 8192, 128], ""K"": [1, 8, 8192, 128]}",0,226492416,"{""negate"": 37748736}",0,155189248,150994944,2 multiply + 1 add/元素，rotate_half 符号翻转分列；表按批／头理想复用。 Llama has no Q/K norm; shared default position table counted once per layer.
56,kv_append,state,"{""new_K_and_V_each"": [1, 8, 8192, 128]}",0,0,{},0,33554432,33554432,原位／分页 append 载荷；不假定动态 torch.cat 对旧缓存整段复制。
56,qk,attention,"{""Q"": [1, 64, 8192, 128], ""K_shared"": [1, 8, 8192, 128], ""scores_rectangular"": [1, 64, 8192, 8192]}",549822922752,0,{},0,150994944,17179869184,FLOPs 仅有效因果位置；载荷是假定 Q/K 各读一次、GQA 头共享，完整分数矩阵物化。
56,score_scale_mask_softmax,softmax,"{""scores"": [1, 64, 8192, 8192]}",0,8590458880,"{""exp"": 2147745792, ""compare_max"": 2147221504, ""mask_decisions"": 4294967296}",0,17179869184,17179869184,选择的融合 scale/mask/softmax 代数工作；屏蔽点不计 exp。物化 FP32 默认概率；非具体 eager trace。
56,pv,attention,"{""P"": [1, 64, 8192, 8192], ""V_shared"": [1, 8, 8192, 128], ""output"": [1, 64, 8192, 128]}",549822922752,0,{},0,17196646400,134217728,PV/AV：各 Q 头仍计算；V 容量不乘 GQA 复制数。载荷假定 V 在头／查询之间理想复用。
56,o_proj,linear,"{""input"": [8192, 8192], ""weight_math"": [8192, 8192], ""weight_storage"": [8192, 8192], ""output"": [8192, 8192]}",1099511627776,0,{},134217728,134217728,134217728,独立 GEMM：权重与输入各读一次、输出写一次的操作数载荷；不预测 tile 重读。
56,attention_residual,residual,"{""inputs_each"": [8192, 8192], ""output"": [8192, 8192]}",0,67108864,{},0,268435456,134217728,
56,post_attention_layernorm,normalization,"{""input"": [8192, 8192], ""weight"": [8192], ""output"": [8192, 8192]}",0,268443648,"{""rsqrt"": 8192, ""cast_elements"": 134217728}",16384,134217728,134217728,按 FP32 行内归约的代数计数；rsqrt、类型转换与临时 FP32 张量分列／不推断 HBM spill。
56,gate_proj,linear,"{""input"": [8192, 8192], ""weight_math"": [8192, 28672], ""weight_storage"": [28672, 8192], ""output"": [8192, 28672]}",3848290697216,0,{},469762048,134217728,469762048,独立 GEMM：权重与输入各读一次、输出写一次的操作数载荷；不预测 tile 重读。
56,up_proj,linear,"{""input"": [8192, 8192], ""weight_math"": [8192, 28672], ""weight_storage"": [28672, 8192], ""output"": [8192, 28672]}",3848290697216,0,{},469762048,134217728,469762048,独立 GEMM：权重与输入各读一次、输出写一次的操作数载荷；不预测 tile 重读。
56,silu_mul,activation,"{""gate"": [8192, 28672], ""up"": [8192, 28672], ""output"": [8192, 28672]}",0,939524096,"{""exp"": 234881024, ""negate"": 234881024}",0,939524096,469762048,"sigmoid: exp(-x), +1, reciprocal；再乘 x 和 up。exp 与取负分列。"
56,down_proj,linear,"{""input"": [8192, 28672], ""weight_math"": [28672, 8192], ""weight_storage"": [8192, 28672], ""output"": [8192, 8192]}",3848290697216,0,{},469762048,469762048,134217728,独立 GEMM：权重与输入各读一次、输出写一次的操作数载荷；不预测 tile 重读。
56,ffn_residual,residual,"{""inputs_each"": [8192, 8192], ""output"": [8192, 8192]}",0,67108864,{},0,268435456,134217728,
57,input_layernorm,normalization,"{""input"": [8192, 8192], ""weight"": [8192], ""output"": [8192, 8192]}",0,268443648,"{""rsqrt"": 8192, ""cast_elements"": 134217728}",16384,134217728,134217728,按 FP32 行内归约的代数计数；rsqrt、类型转换与临时 FP32 张量分列／不推断 HBM spill。
57,q_proj,linear,"{""input"": [8192, 8192], ""weight_math"": [8192, 8192], ""weight_storage"": [8192, 8192], ""output"": [8192, 8192]}",1099511627776,0,{},134217728,134217728,134217728,独立 GEMM：权重与输入各读一次、输出写一次的操作数载荷；不预测 tile 重读。
57,k_proj,linear,"{""input"": [8192, 8192], ""weight_math"": [8192, 1024], ""weight_storage"": [1024, 8192], ""output"": [8192, 1024]}",137438953472,0,{},16777216,134217728,16777216,独立 GEMM：权重与输入各读一次、输出写一次的操作数载荷；不预测 tile 重读。
57,v_proj,linear,"{""input"": [8192, 8192], ""weight_math"": [8192, 1024], ""weight_storage"": [1024, 8192], ""output"": [8192, 1024]}",137438953472,0,{},16777216,134217728,16777216,独立 GEMM：权重与输入各读一次、输出写一次的操作数载荷；不预测 tile 重读。
57,apply_rope,position,"{""Q"": [1, 64, 8192, 128], ""K"": [1, 8, 8192, 128]}",0,226492416,"{""negate"": 37748736}",0,155189248,150994944,2 multiply + 1 add/元素，rotate_half 符号翻转分列；表按批／头理想复用。 Llama has no Q/K norm; shared default position table counted once per layer.
57,kv_append,state,"{""new_K_and_V_each"": [1, 8, 8192, 128]}",0,0,{},0,33554432,33554432,原位／分页 append 载荷；不假定动态 torch.cat 对旧缓存整段复制。
57,qk,attention,"{""Q"": [1, 64, 8192, 128], ""K_shared"": [1, 8, 8192, 128], ""scores_rectangular"": [1, 64, 8192, 8192]}",549822922752,0,{},0,150994944,17179869184,FLOPs 仅有效因果位置；载荷是假定 Q/K 各读一次、GQA 头共享，完整分数矩阵物化。
57,score_scale_mask_softmax,softmax,"{""scores"": [1, 64, 8192, 8192]}",0,8590458880,"{""exp"": 2147745792, ""compare_max"": 2147221504, ""mask_decisions"": 4294967296}",0,17179869184,17179869184,选择的融合 scale/mask/softmax 代数工作；屏蔽点不计 exp。物化 FP32 默认概率；非具体 eager trace。
57,pv,attention,"{""P"": [1, 64, 8192, 8192], ""V_shared"": [1, 8, 8192, 128], ""output"": [1, 64, 8192, 128]}",549822922752,0,{},0,17196646400,134217728,PV/AV：各 Q 头仍计算；V 容量不乘 GQA 复制数。载荷假定 V 在头／查询之间理想复用。
57,o_proj,linear,"{""input"": [8192, 8192], ""weight_math"": [8192, 8192], ""weight_storage"": [8192, 8192], ""output"": [8192, 8192]}",1099511627776,0,{},134217728,134217728,134217728,独立 GEMM：权重与输入各读一次、输出写一次的操作数载荷；不预测 tile 重读。
57,attention_residual,residual,"{""inputs_each"": [8192, 8192], ""output"": [8192, 8192]}",0,67108864,{},0,268435456,134217728,
57,post_attention_layernorm,normalization,"{""input"": [8192, 8192], ""weight"": [8192], ""output"": [8192, 8192]}",0,268443648,"{""rsqrt"": 8192, ""cast_elements"": 134217728}",16384,134217728,134217728,按 FP32 行内归约的代数计数；rsqrt、类型转换与临时 FP32 张量分列／不推断 HBM spill。
57,gate_proj,linear,"{""input"": [8192, 8192], ""weight_math"": [8192, 28672], ""weight_storage"": [28672, 8192], ""output"": [8192, 28672]}",3848290697216,0,{},469762048,134217728,469762048,独立 GEMM：权重与输入各读一次、输出写一次的操作数载荷；不预测 tile 重读。
57,up_proj,linear,"{""input"": [8192, 8192], ""weight_math"": [8192, 28672], ""weight_storage"": [28672, 8192], ""output"": [8192, 28672]}",3848290697216,0,{},469762048,134217728,469762048,独立 GEMM：权重与输入各读一次、输出写一次的操作数载荷；不预测 tile 重读。
57,silu_mul,activation,"{""gate"": [8192, 28672], ""up"": [8192, 28672], ""output"": [8192, 28672]}",0,939524096,"{""exp"": 234881024, ""negate"": 234881024}",0,939524096,469762048,"sigmoid: exp(-x), +1, reciprocal；再乘 x 和 up。exp 与取负分列。"
57,down_proj,linear,"{""input"": [8192, 28672], ""weight_math"": [28672, 8192], ""weight_storage"": [8192, 28672], ""output"": [8192, 8192]}",3848290697216,0,{},469762048,469762048,134217728,独立 GEMM：权重与输入各读一次、输出写一次的操作数载荷；不预测 tile 重读。
57,ffn_residual,residual,"{""inputs_each"": [8192, 8192], ""output"": [8192, 8192]}",0,67108864,{},0,268435456,134217728,
58,input_layernorm,normalization,"{""input"": [8192, 8192], ""weight"": [8192], ""output"": [8192, 8192]}",0,268443648,"{""rsqrt"": 8192, ""cast_elements"": 134217728}",16384,134217728,134217728,按 FP32 行内归约的代数计数；rsqrt、类型转换与临时 FP32 张量分列／不推断 HBM spill。
58,q_proj,linear,"{""input"": [8192, 8192], ""weight_math"": [8192, 8192], ""weight_storage"": [8192, 8192], ""output"": [8192, 8192]}",1099511627776,0,{},134217728,134217728,134217728,独立 GEMM：权重与输入各读一次、输出写一次的操作数载荷；不预测 tile 重读。
58,k_proj,linear,"{""input"": [8192, 8192], ""weight_math"": [8192, 1024], ""weight_storage"": [1024, 8192], ""output"": [8192, 1024]}",137438953472,0,{},16777216,134217728,16777216,独立 GEMM：权重与输入各读一次、输出写一次的操作数载荷；不预测 tile 重读。
58,v_proj,linear,"{""input"": [8192, 8192], ""weight_math"": [8192, 1024], ""weight_storage"": [1024, 8192], ""output"": [8192, 1024]}",137438953472,0,{},16777216,134217728,16777216,独立 GEMM：权重与输入各读一次、输出写一次的操作数载荷；不预测 tile 重读。
58,apply_rope,position,"{""Q"": [1, 64, 8192, 128], ""K"": [1, 8, 8192, 128]}",0,226492416,"{""negate"": 37748736}",0,155189248,150994944,2 multiply + 1 add/元素，rotate_half 符号翻转分列；表按批／头理想复用。 Llama has no Q/K norm; shared default position table counted once per layer.
58,kv_append,state,"{""new_K_and_V_each"": [1, 8, 8192, 128]}",0,0,{},0,33554432,33554432,原位／分页 append 载荷；不假定动态 torch.cat 对旧缓存整段复制。
58,qk,attention,"{""Q"": [1, 64, 8192, 128], ""K_shared"": [1, 8, 8192, 128], ""scores_rectangular"": [1, 64, 8192, 8192]}",549822922752,0,{},0,150994944,17179869184,FLOPs 仅有效因果位置；载荷是假定 Q/K 各读一次、GQA 头共享，完整分数矩阵物化。
58,score_scale_mask_softmax,softmax,"{""scores"": [1, 64, 8192, 8192]}",0,8590458880,"{""exp"": 2147745792, ""compare_max"": 2147221504, ""mask_decisions"": 4294967296}",0,17179869184,17179869184,选择的融合 scale/mask/softmax 代数工作；屏蔽点不计 exp。物化 FP32 默认概率；非具体 eager trace。
58,pv,attention,"{""P"": [1, 64, 8192, 8192], ""V_shared"": [1, 8, 8192, 128], ""output"": [1, 64, 8192, 128]}",549822922752,0,{},0,17196646400,134217728,PV/AV：各 Q 头仍计算；V 容量不乘 GQA 复制数。载荷假定 V 在头／查询之间理想复用。
58,o_proj,linear,"{""input"": [8192, 8192], ""weight_math"": [8192, 8192], ""weight_storage"": [8192, 8192], ""output"": [8192, 8192]}",1099511627776,0,{},134217728,134217728,134217728,独立 GEMM：权重与输入各读一次、输出写一次的操作数载荷；不预测 tile 重读。
58,attention_residual,residual,"{""inputs_each"": [8192, 8192], ""output"": [8192, 8192]}",0,67108864,{},0,268435456,134217728,
58,post_attention_layernorm,normalization,"{""input"": [8192, 8192], ""weight"": [8192], ""output"": [8192, 8192]}",0,268443648,"{""rsqrt"": 8192, ""cast_elements"": 134217728}",16384,134217728,134217728,按 FP32 行内归约的代数计数；rsqrt、类型转换与临时 FP32 张量分列／不推断 HBM spill。
58,gate_proj,linear,"{""input"": [8192, 8192], ""weight_math"": [8192, 28672], ""weight_storage"": [28672, 8192], ""output"": [8192, 28672]}",3848290697216,0,{},469762048,134217728,469762048,独立 GEMM：权重与输入各读一次、输出写一次的操作数载荷；不预测 tile 重读。
58,up_proj,linear,"{""input"": [8192, 8192], ""weight_math"": [8192, 28672], ""weight_storage"": [28672, 8192], ""output"": [8192, 28672]}",3848290697216,0,{},469762048,134217728,469762048,独立 GEMM：权重与输入各读一次、输出写一次的操作数载荷；不预测 tile 重读。
58,silu_mul,activation,"{""gate"": [8192, 28672], ""up"": [8192, 28672], ""output"": [8192, 28672]}",0,939524096,"{""exp"": 234881024, ""negate"": 234881024}",0,939524096,469762048,"sigmoid: exp(-x), +1, reciprocal；再乘 x 和 up。exp 与取负分列。"
58,down_proj,linear,"{""input"": [8192, 28672], ""weight_math"": [28672, 8192], ""weight_storage"": [8192, 28672], ""output"": [8192, 8192]}",3848290697216,0,{},469762048,469762048,134217728,独立 GEMM：权重与输入各读一次、输出写一次的操作数载荷；不预测 tile 重读。
58,ffn_residual,residual,"{""inputs_each"": [8192, 8192], ""output"": [8192, 8192]}",0,67108864,{},0,268435456,134217728,
59,input_layernorm,normalization,"{""input"": [8192, 8192], ""weight"": [8192], ""output"": [8192, 8192]}",0,268443648,"{""rsqrt"": 8192, ""cast_elements"": 134217728}",16384,134217728,134217728,按 FP32 行内归约的代数计数；rsqrt、类型转换与临时 FP32 张量分列／不推断 HBM spill。
59,q_proj,linear,"{""input"": [8192, 8192], ""weight_math"": [8192, 8192], ""weight_storage"": [8192, 8192], ""output"": [8192, 8192]}",1099511627776,0,{},134217728,134217728,134217728,独立 GEMM：权重与输入各读一次、输出写一次的操作数载荷；不预测 tile 重读。
59,k_proj,linear,"{""input"": [8192, 8192], ""weight_math"": [8192, 1024], ""weight_storage"": [1024, 8192], ""output"": [8192, 1024]}",137438953472,0,{},16777216,134217728,16777216,独立 GEMM：权重与输入各读一次、输出写一次的操作数载荷；不预测 tile 重读。
59,v_proj,linear,"{""input"": [8192, 8192], ""weight_math"": [8192, 1024], ""weight_storage"": [1024, 8192], ""output"": [8192, 1024]}",137438953472,0,{},16777216,134217728,16777216,独立 GEMM：权重与输入各读一次、输出写一次的操作数载荷；不预测 tile 重读。
59,apply_rope,position,"{""Q"": [1, 64, 8192, 128], ""K"": [1, 8, 8192, 128]}",0,226492416,"{""negate"": 37748736}",0,155189248,150994944,2 multiply + 1 add/元素，rotate_half 符号翻转分列；表按批／头理想复用。 Llama has no Q/K norm; shared default position table counted once per layer.
59,kv_append,state,"{""new_K_and_V_each"": [1, 8, 8192, 128]}",0,0,{},0,33554432,33554432,原位／分页 append 载荷；不假定动态 torch.cat 对旧缓存整段复制。
59,qk,attention,"{""Q"": [1, 64, 8192, 128], ""K_shared"": [1, 8, 8192, 128], ""scores_rectangular"": [1, 64, 8192, 8192]}",549822922752,0,{},0,150994944,17179869184,FLOPs 仅有效因果位置；载荷是假定 Q/K 各读一次、GQA 头共享，完整分数矩阵物化。
59,score_scale_mask_softmax,softmax,"{""scores"": [1, 64, 8192, 8192]}",0,8590458880,"{""exp"": 2147745792, ""compare_max"": 2147221504, ""mask_decisions"": 4294967296}",0,17179869184,17179869184,选择的融合 scale/mask/softmax 代数工作；屏蔽点不计 exp。物化 FP32 默认概率；非具体 eager trace。
59,pv,attention,"{""P"": [1, 64, 8192, 8192], ""V_shared"": [1, 8, 8192, 128], ""output"": [1, 64, 8192, 128]}",549822922752,0,{},0,17196646400,134217728,PV/AV：各 Q 头仍计算；V 容量不乘 GQA 复制数。载荷假定 V 在头／查询之间理想复用。
59,o_proj,linear,"{""input"": [8192, 8192], ""weight_math"": [8192, 8192], ""weight_storage"": [8192, 8192], ""output"": [8192, 8192]}",1099511627776,0,{},134217728,134217728,134217728,独立 GEMM：权重与输入各读一次、输出写一次的操作数载荷；不预测 tile 重读。
59,attention_residual,residual,"{""inputs_each"": [8192, 8192], ""output"": [8192, 8192]}",0,67108864,{},0,268435456,134217728,
59,post_attention_layernorm,normalization,"{""input"": [8192, 8192], ""weight"": [8192], ""output"": [8192, 8192]}",0,268443648,"{""rsqrt"": 8192, ""cast_elements"": 134217728}",16384,134217728,134217728,按 FP32 行内归约的代数计数；rsqrt、类型转换与临时 FP32 张量分列／不推断 HBM spill。
59,gate_proj,linear,"{""input"": [8192, 8192], ""weight_math"": [8192, 28672], ""weight_storage"": [28672, 8192], ""output"": [8192, 28672]}",3848290697216,0,{},469762048,134217728,469762048,独立 GEMM：权重与输入各读一次、输出写一次的操作数载荷；不预测 tile 重读。
59,up_proj,linear,"{""input"": [8192, 8192], ""weight_math"": [8192, 28672], ""weight_storage"": [28672, 8192], ""output"": [8192, 28672]}",3848290697216,0,{},469762048,134217728,469762048,独立 GEMM：权重与输入各读一次、输出写一次的操作数载荷；不预测 tile 重读。
59,silu_mul,activation,"{""gate"": [8192, 28672], ""up"": [8192, 28672], ""output"": [8192, 28672]}",0,939524096,"{""exp"": 234881024, ""negate"": 234881024}",0,939524096,469762048,"sigmoid: exp(-x), +1, reciprocal；再乘 x 和 up。exp 与取负分列。"
59,down_proj,linear,"{""input"": [8192, 28672], ""weight_math"": [28672, 8192], ""weight_storage"": [8192, 28672], ""output"": [8192, 8192]}",3848290697216,0,{},469762048,469762048,134217728,独立 GEMM：权重与输入各读一次、输出写一次的操作数载荷；不预测 tile 重读。
59,ffn_residual,residual,"{""inputs_each"": [8192, 8192], ""output"": [8192, 8192]}",0,67108864,{},0,268435456,134217728,
60,input_layernorm,normalization,"{""input"": [8192, 8192], ""weight"": [8192], ""output"": [8192, 8192]}",0,268443648,"{""rsqrt"": 8192, ""cast_elements"": 134217728}",16384,134217728,134217728,按 FP32 行内归约的代数计数；rsqrt、类型转换与临时 FP32 张量分列／不推断 HBM spill。
60,q_proj,linear,"{""input"": [8192, 8192], ""weight_math"": [8192, 8192], ""weight_storage"": [8192, 8192], ""output"": [8192, 8192]}",1099511627776,0,{},134217728,134217728,134217728,独立 GEMM：权重与输入各读一次、输出写一次的操作数载荷；不预测 tile 重读。
60,k_proj,linear,"{""input"": [8192, 8192], ""weight_math"": [8192, 1024], ""weight_storage"": [1024, 8192], ""output"": [8192, 1024]}",137438953472,0,{},16777216,134217728,16777216,独立 GEMM：权重与输入各读一次、输出写一次的操作数载荷；不预测 tile 重读。
60,v_proj,linear,"{""input"": [8192, 8192], ""weight_math"": [8192, 1024], ""weight_storage"": [1024, 8192], ""output"": [8192, 1024]}",137438953472,0,{},16777216,134217728,16777216,独立 GEMM：权重与输入各读一次、输出写一次的操作数载荷；不预测 tile 重读。
60,apply_rope,position,"{""Q"": [1, 64, 8192, 128], ""K"": [1, 8, 8192, 128]}",0,226492416,"{""negate"": 37748736}",0,155189248,150994944,2 multiply + 1 add/元素，rotate_half 符号翻转分列；表按批／头理想复用。 Llama has no Q/K norm; shared default position table counted once per layer.
60,kv_append,state,"{""new_K_and_V_each"": [1, 8, 8192, 128]}",0,0,{},0,33554432,33554432,原位／分页 append 载荷；不假定动态 torch.cat 对旧缓存整段复制。
60,qk,attention,"{""Q"": [1, 64, 8192, 128], ""K_shared"": [1, 8, 8192, 128], ""scores_rectangular"": [1, 64, 8192, 8192]}",549822922752,0,{},0,150994944,17179869184,FLOPs 仅有效因果位置；载荷是假定 Q/K 各读一次、GQA 头共享，完整分数矩阵物化。
60,score_scale_mask_softmax,softmax,"{""scores"": [1, 64, 8192, 8192]}",0,8590458880,"{""exp"": 2147745792, ""compare_max"": 2147221504, ""mask_decisions"": 4294967296}",0,17179869184,17179869184,选择的融合 scale/mask/softmax 代数工作；屏蔽点不计 exp。物化 FP32 默认概率；非具体 eager trace。
60,pv,attention,"{""P"": [1, 64, 8192, 8192], ""V_shared"": [1, 8, 8192, 128], ""output"": [1, 64, 8192, 128]}",549822922752,0,{},0,17196646400,134217728,PV/AV：各 Q 头仍计算；V 容量不乘 GQA 复制数。载荷假定 V 在头／查询之间理想复用。
60,o_proj,linear,"{""input"": [8192, 8192], ""weight_math"": [8192, 8192], ""weight_storage"": [8192, 8192], ""output"": [8192, 8192]}",1099511627776,0,{},134217728,134217728,134217728,独立 GEMM：权重与输入各读一次、输出写一次的操作数载荷；不预测 tile 重读。
60,attention_residual,residual,"{""inputs_each"": [8192, 8192], ""output"": [8192, 8192]}",0,67108864,{},0,268435456,134217728,
60,post_attention_layernorm,normalization,"{""input"": [8192, 8192], ""weight"": [8192], ""output"": [8192, 8192]}",0,268443648,"{""rsqrt"": 8192, ""cast_elements"": 134217728}",16384,134217728,134217728,按 FP32 行内归约的代数计数；rsqrt、类型转换与临时 FP32 张量分列／不推断 HBM spill。
60,gate_proj,linear,"{""input"": [8192, 8192], ""weight_math"": [8192, 28672], ""weight_storage"": [28672, 8192], ""output"": [8192, 28672]}",3848290697216,0,{},469762048,134217728,469762048,独立 GEMM：权重与输入各读一次、输出写一次的操作数载荷；不预测 tile 重读。
60,up_proj,linear,"{""input"": [8192, 8192], ""weight_math"": [8192, 28672], ""weight_storage"": [28672, 8192], ""output"": [8192, 28672]}",3848290697216,0,{},469762048,134217728,469762048,独立 GEMM：权重与输入各读一次、输出写一次的操作数载荷；不预测 tile 重读。
60,silu_mul,activation,"{""gate"": [8192, 28672], ""up"": [8192, 28672], ""output"": [8192, 28672]}",0,939524096,"{""exp"": 234881024, ""negate"": 234881024}",0,939524096,469762048,"sigmoid: exp(-x), +1, reciprocal；再乘 x 和 up。exp 与取负分列。"
60,down_proj,linear,"{""input"": [8192, 28672], ""weight_math"": [28672, 8192], ""weight_storage"": [8192, 28672], ""output"": [8192, 8192]}",3848290697216,0,{},469762048,469762048,134217728,独立 GEMM：权重与输入各读一次、输出写一次的操作数载荷；不预测 tile 重读。
60,ffn_residual,residual,"{""inputs_each"": [8192, 8192], ""output"": [8192, 8192]}",0,67108864,{},0,268435456,134217728,
61,input_layernorm,normalization,"{""input"": [8192, 8192], ""weight"": [8192], ""output"": [8192, 8192]}",0,268443648,"{""rsqrt"": 8192, ""cast_elements"": 134217728}",16384,134217728,134217728,按 FP32 行内归约的代数计数；rsqrt、类型转换与临时 FP32 张量分列／不推断 HBM spill。
61,q_proj,linear,"{""input"": [8192, 8192], ""weight_math"": [8192, 8192], ""weight_storage"": [8192, 8192], ""output"": [8192, 8192]}",1099511627776,0,{},134217728,134217728,134217728,独立 GEMM：权重与输入各读一次、输出写一次的操作数载荷；不预测 tile 重读。
61,k_proj,linear,"{""input"": [8192, 8192], ""weight_math"": [8192, 1024], ""weight_storage"": [1024, 8192], ""output"": [8192, 1024]}",137438953472,0,{},16777216,134217728,16777216,独立 GEMM：权重与输入各读一次、输出写一次的操作数载荷；不预测 tile 重读。
61,v_proj,linear,"{""input"": [8192, 8192], ""weight_math"": [8192, 1024], ""weight_storage"": [1024, 8192], ""output"": [8192, 1024]}",137438953472,0,{},16777216,134217728,16777216,独立 GEMM：权重与输入各读一次、输出写一次的操作数载荷；不预测 tile 重读。
61,apply_rope,position,"{""Q"": [1, 64, 8192, 128], ""K"": [1, 8, 8192, 128]}",0,226492416,"{""negate"": 37748736}",0,155189248,150994944,2 multiply + 1 add/元素，rotate_half 符号翻转分列；表按批／头理想复用。 Llama has no Q/K norm; shared default position table counted once per layer.
61,kv_append,state,"{""new_K_and_V_each"": [1, 8, 8192, 128]}",0,0,{},0,33554432,33554432,原位／分页 append 载荷；不假定动态 torch.cat 对旧缓存整段复制。
61,qk,attention,"{""Q"": [1, 64, 8192, 128], ""K_shared"": [1, 8, 8192, 128], ""scores_rectangular"": [1, 64, 8192, 8192]}",549822922752,0,{},0,150994944,17179869184,FLOPs 仅有效因果位置；载荷是假定 Q/K 各读一次、GQA 头共享，完整分数矩阵物化。
61,score_scale_mask_softmax,softmax,"{""scores"": [1, 64, 8192, 8192]}",0,8590458880,"{""exp"": 2147745792, ""compare_max"": 2147221504, ""mask_decisions"": 4294967296}",0,17179869184,17179869184,选择的融合 scale/mask/softmax 代数工作；屏蔽点不计 exp。物化 FP32 默认概率；非具体 eager trace。
61,pv,attention,"{""P"": [1, 64, 8192, 8192], ""V_shared"": [1, 8, 8192, 128], ""output"": [1, 64, 8192, 128]}",549822922752,0,{},0,17196646400,134217728,PV/AV：各 Q 头仍计算；V 容量不乘 GQA 复制数。载荷假定 V 在头／查询之间理想复用。
61,o_proj,linear,"{""input"": [8192, 8192], ""weight_math"": [8192, 8192], ""weight_storage"": [8192, 8192], ""output"": [8192, 8192]}",1099511627776,0,{},134217728,134217728,134217728,独立 GEMM：权重与输入各读一次、输出写一次的操作数载荷；不预测 tile 重读。
61,attention_residual,residual,"{""inputs_each"": [8192, 8192], ""output"": [8192, 8192]}",0,67108864,{},0,268435456,134217728,
61,post_attention_layernorm,normalization,"{""input"": [8192, 8192], ""weight"": [8192], ""output"": [8192, 8192]}",0,268443648,"{""rsqrt"": 8192, ""cast_elements"": 134217728}",16384,134217728,134217728,按 FP32 行内归约的代数计数；rsqrt、类型转换与临时 FP32 张量分列／不推断 HBM spill。
61,gate_proj,linear,"{""input"": [8192, 8192], ""weight_math"": [8192, 28672], ""weight_storage"": [28672, 8192], ""output"": [8192, 28672]}",3848290697216,0,{},469762048,134217728,469762048,独立 GEMM：权重与输入各读一次、输出写一次的操作数载荷；不预测 tile 重读。
61,up_proj,linear,"{""input"": [8192, 8192], ""weight_math"": [8192, 28672], ""weight_storage"": [28672, 8192], ""output"": [8192, 28672]}",3848290697216,0,{},469762048,134217728,469762048,独立 GEMM：权重与输入各读一次、输出写一次的操作数载荷；不预测 tile 重读。
61,silu_mul,activation,"{""gate"": [8192, 28672], ""up"": [8192, 28672], ""output"": [8192, 28672]}",0,939524096,"{""exp"": 234881024, ""negate"": 234881024}",0,939524096,469762048,"sigmoid: exp(-x), +1, reciprocal；再乘 x 和 up。exp 与取负分列。"
61,down_proj,linear,"{""input"": [8192, 28672], ""weight_math"": [28672, 8192], ""weight_storage"": [8192, 28672], ""output"": [8192, 8192]}",3848290697216,0,{},469762048,469762048,134217728,独立 GEMM：权重与输入各读一次、输出写一次的操作数载荷；不预测 tile 重读。
61,ffn_residual,residual,"{""inputs_each"": [8192, 8192], ""output"": [8192, 8192]}",0,67108864,{},0,268435456,134217728,
62,input_layernorm,normalization,"{""input"": [8192, 8192], ""weight"": [8192], ""output"": [8192, 8192]}",0,268443648,"{""rsqrt"": 8192, ""cast_elements"": 134217728}",16384,134217728,134217728,按 FP32 行内归约的代数计数；rsqrt、类型转换与临时 FP32 张量分列／不推断 HBM spill。
62,q_proj,linear,"{""input"": [8192, 8192], ""weight_math"": [8192, 8192], ""weight_storage"": [8192, 8192], ""output"": [8192, 8192]}",1099511627776,0,{},134217728,134217728,134217728,独立 GEMM：权重与输入各读一次、输出写一次的操作数载荷；不预测 tile 重读。
62,k_proj,linear,"{""input"": [8192, 8192], ""weight_math"": [8192, 1024], ""weight_storage"": [1024, 8192], ""output"": [8192, 1024]}",137438953472,0,{},16777216,134217728,16777216,独立 GEMM：权重与输入各读一次、输出写一次的操作数载荷；不预测 tile 重读。
62,v_proj,linear,"{""input"": [8192, 8192], ""weight_math"": [8192, 1024], ""weight_storage"": [1024, 8192], ""output"": [8192, 1024]}",137438953472,0,{},16777216,134217728,16777216,独立 GEMM：权重与输入各读一次、输出写一次的操作数载荷；不预测 tile 重读。
62,apply_rope,position,"{""Q"": [1, 64, 8192, 128], ""K"": [1, 8, 8192, 128]}",0,226492416,"{""negate"": 37748736}",0,155189248,150994944,2 multiply + 1 add/元素，rotate_half 符号翻转分列；表按批／头理想复用。 Llama has no Q/K norm; shared default position table counted once per layer.
62,kv_append,state,"{""new_K_and_V_each"": [1, 8, 8192, 128]}",0,0,{},0,33554432,33554432,原位／分页 append 载荷；不假定动态 torch.cat 对旧缓存整段复制。
62,qk,attention,"{""Q"": [1, 64, 8192, 128], ""K_shared"": [1, 8, 8192, 128], ""scores_rectangular"": [1, 64, 8192, 8192]}",549822922752,0,{},0,150994944,17179869184,FLOPs 仅有效因果位置；载荷是假定 Q/K 各读一次、GQA 头共享，完整分数矩阵物化。
62,score_scale_mask_softmax,softmax,"{""scores"": [1, 64, 8192, 8192]}",0,8590458880,"{""exp"": 2147745792, ""compare_max"": 2147221504, ""mask_decisions"": 4294967296}",0,17179869184,17179869184,选择的融合 scale/mask/softmax 代数工作；屏蔽点不计 exp。物化 FP32 默认概率；非具体 eager trace。
62,pv,attention,"{""P"": [1, 64, 8192, 8192], ""V_shared"": [1, 8, 8192, 128], ""output"": [1, 64, 8192, 128]}",549822922752,0,{},0,17196646400,134217728,PV/AV：各 Q 头仍计算；V 容量不乘 GQA 复制数。载荷假定 V 在头／查询之间理想复用。
62,o_proj,linear,"{""input"": [8192, 8192], ""weight_math"": [8192, 8192], ""weight_storage"": [8192, 8192], ""output"": [8192, 8192]}",1099511627776,0,{},134217728,134217728,134217728,独立 GEMM：权重与输入各读一次、输出写一次的操作数载荷；不预测 tile 重读。
62,attention_residual,residual,"{""inputs_each"": [8192, 8192], ""output"": [8192, 8192]}",0,67108864,{},0,268435456,134217728,
62,post_attention_layernorm,normalization,"{""input"": [8192, 8192], ""weight"": [8192], ""output"": [8192, 8192]}",0,268443648,"{""rsqrt"": 8192, ""cast_elements"": 134217728}",16384,134217728,134217728,按 FP32 行内归约的代数计数；rsqrt、类型转换与临时 FP32 张量分列／不推断 HBM spill。
62,gate_proj,linear,"{""input"": [8192, 8192], ""weight_math"": [8192, 28672], ""weight_storage"": [28672, 8192], ""output"": [8192, 28672]}",3848290697216,0,{},469762048,134217728,469762048,独立 GEMM：权重与输入各读一次、输出写一次的操作数载荷；不预测 tile 重读。
62,up_proj,linear,"{""input"": [8192, 8192], ""weight_math"": [8192, 28672], ""weight_storage"": [28672, 8192], ""output"": [8192, 28672]}",3848290697216,0,{},469762048,134217728,469762048,独立 GEMM：权重与输入各读一次、输出写一次的操作数载荷；不预测 tile 重读。
62,silu_mul,activation,"{""gate"": [8192, 28672], ""up"": [8192, 28672], ""output"": [8192, 28672]}",0,939524096,"{""exp"": 234881024, ""negate"": 234881024}",0,939524096,469762048,"sigmoid: exp(-x), +1, reciprocal；再乘 x 和 up。exp 与取负分列。"
62,down_proj,linear,"{""input"": [8192, 28672], ""weight_math"": [28672, 8192], ""weight_storage"": [8192, 28672], ""output"": [8192, 8192]}",3848290697216,0,{},469762048,469762048,134217728,独立 GEMM：权重与输入各读一次、输出写一次的操作数载荷；不预测 tile 重读。
62,ffn_residual,residual,"{""inputs_each"": [8192, 8192], ""output"": [8192, 8192]}",0,67108864,{},0,268435456,134217728,
63,input_layernorm,normalization,"{""input"": [8192, 8192], ""weight"": [8192], ""output"": [8192, 8192]}",0,268443648,"{""rsqrt"": 8192, ""cast_elements"": 134217728}",16384,134217728,134217728,按 FP32 行内归约的代数计数；rsqrt、类型转换与临时 FP32 张量分列／不推断 HBM spill。
63,q_proj,linear,"{""input"": [8192, 8192], ""weight_math"": [8192, 8192], ""weight_storage"": [8192, 8192], ""output"": [8192, 8192]}",1099511627776,0,{},134217728,134217728,134217728,独立 GEMM：权重与输入各读一次、输出写一次的操作数载荷；不预测 tile 重读。
63,k_proj,linear,"{""input"": [8192, 8192], ""weight_math"": [8192, 1024], ""weight_storage"": [1024, 8192], ""output"": [8192, 1024]}",137438953472,0,{},16777216,134217728,16777216,独立 GEMM：权重与输入各读一次、输出写一次的操作数载荷；不预测 tile 重读。
63,v_proj,linear,"{""input"": [8192, 8192], ""weight_math"": [8192, 1024], ""weight_storage"": [1024, 8192], ""output"": [8192, 1024]}",137438953472,0,{},16777216,134217728,16777216,独立 GEMM：权重与输入各读一次、输出写一次的操作数载荷；不预测 tile 重读。
63,apply_rope,position,"{""Q"": [1, 64, 8192, 128], ""K"": [1, 8, 8192, 128]}",0,226492416,"{""negate"": 37748736}",0,155189248,150994944,2 multiply + 1 add/元素，rotate_half 符号翻转分列；表按批／头理想复用。 Llama has no Q/K norm; shared default position table counted once per layer.
63,kv_append,state,"{""new_K_and_V_each"": [1, 8, 8192, 128]}",0,0,{},0,33554432,33554432,原位／分页 append 载荷；不假定动态 torch.cat 对旧缓存整段复制。
63,qk,attention,"{""Q"": [1, 64, 8192, 128], ""K_shared"": [1, 8, 8192, 128], ""scores_rectangular"": [1, 64, 8192, 8192]}",549822922752,0,{},0,150994944,17179869184,FLOPs 仅有效因果位置；载荷是假定 Q/K 各读一次、GQA 头共享，完整分数矩阵物化。
63,score_scale_mask_softmax,softmax,"{""scores"": [1, 64, 8192, 8192]}",0,8590458880,"{""exp"": 2147745792, ""compare_max"": 2147221504, ""mask_decisions"": 4294967296}",0,17179869184,17179869184,选择的融合 scale/mask/softmax 代数工作；屏蔽点不计 exp。物化 FP32 默认概率；非具体 eager trace。
63,pv,attention,"{""P"": [1, 64, 8192, 8192], ""V_shared"": [1, 8, 8192, 128], ""output"": [1, 64, 8192, 128]}",549822922752,0,{},0,17196646400,134217728,PV/AV：各 Q 头仍计算；V 容量不乘 GQA 复制数。载荷假定 V 在头／查询之间理想复用。
63,o_proj,linear,"{""input"": [8192, 8192], ""weight_math"": [8192, 8192], ""weight_storage"": [8192, 8192], ""output"": [8192, 8192]}",1099511627776,0,{},134217728,134217728,134217728,独立 GEMM：权重与输入各读一次、输出写一次的操作数载荷；不预测 tile 重读。
63,attention_residual,residual,"{""inputs_each"": [8192, 8192], ""output"": [8192, 8192]}",0,67108864,{},0,268435456,134217728,
63,post_attention_layernorm,normalization,"{""input"": [8192, 8192], ""weight"": [8192], ""output"": [8192, 8192]}",0,268443648,"{""rsqrt"": 8192, ""cast_elements"": 134217728}",16384,134217728,134217728,按 FP32 行内归约的代数计数；rsqrt、类型转换与临时 FP32 张量分列／不推断 HBM spill。
63,gate_proj,linear,"{""input"": [8192, 8192], ""weight_math"": [8192, 28672], ""weight_storage"": [28672, 8192], ""output"": [8192, 28672]}",3848290697216,0,{},469762048,134217728,469762048,独立 GEMM：权重与输入各读一次、输出写一次的操作数载荷；不预测 tile 重读。
63,up_proj,linear,"{""input"": [8192, 8192], ""weight_math"": [8192, 28672], ""weight_storage"": [28672, 8192], ""output"": [8192, 28672]}",3848290697216,0,{},469762048,134217728,469762048,独立 GEMM：权重与输入各读一次、输出写一次的操作数载荷；不预测 tile 重读。
63,silu_mul,activation,"{""gate"": [8192, 28672], ""up"": [8192, 28672], ""output"": [8192, 28672]}",0,939524096,"{""exp"": 234881024, ""negate"": 234881024}",0,939524096,469762048,"sigmoid: exp(-x), +1, reciprocal；再乘 x 和 up。exp 与取负分列。"
63,down_proj,linear,"{""input"": [8192, 28672], ""weight_math"": [28672, 8192], ""weight_storage"": [8192, 28672], ""output"": [8192, 8192]}",3848290697216,0,{},469762048,469762048,134217728,独立 GEMM：权重与输入各读一次、输出写一次的操作数载荷；不预测 tile 重读。
63,ffn_residual,residual,"{""inputs_each"": [8192, 8192], ""output"": [8192, 8192]}",0,67108864,{},0,268435456,134217728,
64,input_layernorm,normalization,"{""input"": [8192, 8192], ""weight"": [8192], ""output"": [8192, 8192]}",0,268443648,"{""rsqrt"": 8192, ""cast_elements"": 134217728}",16384,134217728,134217728,按 FP32 行内归约的代数计数；rsqrt、类型转换与临时 FP32 张量分列／不推断 HBM spill。
64,q_proj,linear,"{""input"": [8192, 8192], ""weight_math"": [8192, 8192], ""weight_storage"": [8192, 8192], ""output"": [8192, 8192]}",1099511627776,0,{},134217728,134217728,134217728,独立 GEMM：权重与输入各读一次、输出写一次的操作数载荷；不预测 tile 重读。
64,k_proj,linear,"{""input"": [8192, 8192], ""weight_math"": [8192, 1024], ""weight_storage"": [1024, 8192], ""output"": [8192, 1024]}",137438953472,0,{},16777216,134217728,16777216,独立 GEMM：权重与输入各读一次、输出写一次的操作数载荷；不预测 tile 重读。
64,v_proj,linear,"{""input"": [8192, 8192], ""weight_math"": [8192, 1024], ""weight_storage"": [1024, 8192], ""output"": [8192, 1024]}",137438953472,0,{},16777216,134217728,16777216,独立 GEMM：权重与输入各读一次、输出写一次的操作数载荷；不预测 tile 重读。
64,apply_rope,position,"{""Q"": [1, 64, 8192, 128], ""K"": [1, 8, 8192, 128]}",0,226492416,"{""negate"": 37748736}",0,155189248,150994944,2 multiply + 1 add/元素，rotate_half 符号翻转分列；表按批／头理想复用。 Llama has no Q/K norm; shared default position table counted once per layer.
64,kv_append,state,"{""new_K_and_V_each"": [1, 8, 8192, 128]}",0,0,{},0,33554432,33554432,原位／分页 append 载荷；不假定动态 torch.cat 对旧缓存整段复制。
64,qk,attention,"{""Q"": [1, 64, 8192, 128], ""K_shared"": [1, 8, 8192, 128], ""scores_rectangular"": [1, 64, 8192, 8192]}",549822922752,0,{},0,150994944,17179869184,FLOPs 仅有效因果位置；载荷是假定 Q/K 各读一次、GQA 头共享，完整分数矩阵物化。
64,score_scale_mask_softmax,softmax,"{""scores"": [1, 64, 8192, 8192]}",0,8590458880,"{""exp"": 2147745792, ""compare_max"": 2147221504, ""mask_decisions"": 4294967296}",0,17179869184,17179869184,选择的融合 scale/mask/softmax 代数工作；屏蔽点不计 exp。物化 FP32 默认概率；非具体 eager trace。
64,pv,attention,"{""P"": [1, 64, 8192, 8192], ""V_shared"": [1, 8, 8192, 128], ""output"": [1, 64, 8192, 128]}",549822922752,0,{},0,17196646400,134217728,PV/AV：各 Q 头仍计算；V 容量不乘 GQA 复制数。载荷假定 V 在头／查询之间理想复用。
64,o_proj,linear,"{""input"": [8192, 8192], ""weight_math"": [8192, 8192], ""weight_storage"": [8192, 8192], ""output"": [8192, 8192]}",1099511627776,0,{},134217728,134217728,134217728,独立 GEMM：权重与输入各读一次、输出写一次的操作数载荷；不预测 tile 重读。
64,attention_residual,residual,"{""inputs_each"": [8192, 8192], ""output"": [8192, 8192]}",0,67108864,{},0,268435456,134217728,
64,post_attention_layernorm,normalization,"{""input"": [8192, 8192], ""weight"": [8192], ""output"": [8192, 8192]}",0,268443648,"{""rsqrt"": 8192, ""cast_elements"": 134217728}",16384,134217728,134217728,按 FP32 行内归约的代数计数；rsqrt、类型转换与临时 FP32 张量分列／不推断 HBM spill。
64,gate_proj,linear,"{""input"": [8192, 8192], ""weight_math"": [8192, 28672], ""weight_storage"": [28672, 8192], ""output"": [8192, 28672]}",3848290697216,0,{},469762048,134217728,469762048,独立 GEMM：权重与输入各读一次、输出写一次的操作数载荷；不预测 tile 重读。
64,up_proj,linear,"{""input"": [8192, 8192], ""weight_math"": [8192, 28672], ""weight_storage"": [28672, 8192], ""output"": [8192, 28672]}",3848290697216,0,{},469762048,134217728,469762048,独立 GEMM：权重与输入各读一次、输出写一次的操作数载荷；不预测 tile 重读。
64,silu_mul,activation,"{""gate"": [8192, 28672], ""up"": [8192, 28672], ""output"": [8192, 28672]}",0,939524096,"{""exp"": 234881024, ""negate"": 234881024}",0,939524096,469762048,"sigmoid: exp(-x), +1, reciprocal；再乘 x 和 up。exp 与取负分列。"
64,down_proj,linear,"{""input"": [8192, 28672], ""weight_math"": [28672, 8192], ""weight_storage"": [8192, 28672], ""output"": [8192, 8192]}",3848290697216,0,{},469762048,469762048,134217728,独立 GEMM：权重与输入各读一次、输出写一次的操作数载荷；不预测 tile 重读。
64,ffn_residual,residual,"{""inputs_each"": [8192, 8192], ""output"": [8192, 8192]}",0,67108864,{},0,268435456,134217728,
65,input_layernorm,normalization,"{""input"": [8192, 8192], ""weight"": [8192], ""output"": [8192, 8192]}",0,268443648,"{""rsqrt"": 8192, ""cast_elements"": 134217728}",16384,134217728,134217728,按 FP32 行内归约的代数计数；rsqrt、类型转换与临时 FP32 张量分列／不推断 HBM spill。
65,q_proj,linear,"{""input"": [8192, 8192], ""weight_math"": [8192, 8192], ""weight_storage"": [8192, 8192], ""output"": [8192, 8192]}",1099511627776,0,{},134217728,134217728,134217728,独立 GEMM：权重与输入各读一次、输出写一次的操作数载荷；不预测 tile 重读。
65,k_proj,linear,"{""input"": [8192, 8192], ""weight_math"": [8192, 1024], ""weight_storage"": [1024, 8192], ""output"": [8192, 1024]}",137438953472,0,{},16777216,134217728,16777216,独立 GEMM：权重与输入各读一次、输出写一次的操作数载荷；不预测 tile 重读。
65,v_proj,linear,"{""input"": [8192, 8192], ""weight_math"": [8192, 1024], ""weight_storage"": [1024, 8192], ""output"": [8192, 1024]}",137438953472,0,{},16777216,134217728,16777216,独立 GEMM：权重与输入各读一次、输出写一次的操作数载荷；不预测 tile 重读。
65,apply_rope,position,"{""Q"": [1, 64, 8192, 128], ""K"": [1, 8, 8192, 128]}",0,226492416,"{""negate"": 37748736}",0,155189248,150994944,2 multiply + 1 add/元素，rotate_half 符号翻转分列；表按批／头理想复用。 Llama has no Q/K norm; shared default position table counted once per layer.
65,kv_append,state,"{""new_K_and_V_each"": [1, 8, 8192, 128]}",0,0,{},0,33554432,33554432,原位／分页 append 载荷；不假定动态 torch.cat 对旧缓存整段复制。
65,qk,attention,"{""Q"": [1, 64, 8192, 128], ""K_shared"": [1, 8, 8192, 128], ""scores_rectangular"": [1, 64, 8192, 8192]}",549822922752,0,{},0,150994944,17179869184,FLOPs 仅有效因果位置；载荷是假定 Q/K 各读一次、GQA 头共享，完整分数矩阵物化。
65,score_scale_mask_softmax,softmax,"{""scores"": [1, 64, 8192, 8192]}",0,8590458880,"{""exp"": 2147745792, ""compare_max"": 2147221504, ""mask_decisions"": 4294967296}",0,17179869184,17179869184,选择的融合 scale/mask/softmax 代数工作；屏蔽点不计 exp。物化 FP32 默认概率；非具体 eager trace。
65,pv,attention,"{""P"": [1, 64, 8192, 8192], ""V_shared"": [1, 8, 8192, 128], ""output"": [1, 64, 8192, 128]}",549822922752,0,{},0,17196646400,134217728,PV/AV：各 Q 头仍计算；V 容量不乘 GQA 复制数。载荷假定 V 在头／查询之间理想复用。
65,o_proj,linear,"{""input"": [8192, 8192], ""weight_math"": [8192, 8192], ""weight_storage"": [8192, 8192], ""output"": [8192, 8192]}",1099511627776,0,{},134217728,134217728,134217728,独立 GEMM：权重与输入各读一次、输出写一次的操作数载荷；不预测 tile 重读。
65,attention_residual,residual,"{""inputs_each"": [8192, 8192], ""output"": [8192, 8192]}",0,67108864,{},0,268435456,134217728,
65,post_attention_layernorm,normalization,"{""input"": [8192, 8192], ""weight"": [8192], ""output"": [8192, 8192]}",0,268443648,"{""rsqrt"": 8192, ""cast_elements"": 134217728}",16384,134217728,134217728,按 FP32 行内归约的代数计数；rsqrt、类型转换与临时 FP32 张量分列／不推断 HBM spill。
65,gate_proj,linear,"{""input"": [8192, 8192], ""weight_math"": [8192, 28672], ""weight_storage"": [28672, 8192], ""output"": [8192, 28672]}",3848290697216,0,{},469762048,134217728,469762048,独立 GEMM：权重与输入各读一次、输出写一次的操作数载荷；不预测 tile 重读。
65,up_proj,linear,"{""input"": [8192, 8192], ""weight_math"": [8192, 28672], ""weight_storage"": [28672, 8192], ""output"": [8192, 28672]}",3848290697216,0,{},469762048,134217728,469762048,独立 GEMM：权重与输入各读一次、输出写一次的操作数载荷；不预测 tile 重读。
65,silu_mul,activation,"{""gate"": [8192, 28672], ""up"": [8192, 28672], ""output"": [8192, 28672]}",0,939524096,"{""exp"": 234881024, ""negate"": 234881024}",0,939524096,469762048,"sigmoid: exp(-x), +1, reciprocal；再乘 x 和 up。exp 与取负分列。"
65,down_proj,linear,"{""input"": [8192, 28672], ""weight_math"": [28672, 8192], ""weight_storage"": [8192, 28672], ""output"": [8192, 8192]}",3848290697216,0,{},469762048,469762048,134217728,独立 GEMM：权重与输入各读一次、输出写一次的操作数载荷；不预测 tile 重读。
65,ffn_residual,residual,"{""inputs_each"": [8192, 8192], ""output"": [8192, 8192]}",0,67108864,{},0,268435456,134217728,
66,input_layernorm,normalization,"{""input"": [8192, 8192], ""weight"": [8192], ""output"": [8192, 8192]}",0,268443648,"{""rsqrt"": 8192, ""cast_elements"": 134217728}",16384,134217728,134217728,按 FP32 行内归约的代数计数；rsqrt、类型转换与临时 FP32 张量分列／不推断 HBM spill。
66,q_proj,linear,"{""input"": [8192, 8192], ""weight_math"": [8192, 8192], ""weight_storage"": [8192, 8192], ""output"": [8192, 8192]}",1099511627776,0,{},134217728,134217728,134217728,独立 GEMM：权重与输入各读一次、输出写一次的操作数载荷；不预测 tile 重读。
66,k_proj,linear,"{""input"": [8192, 8192], ""weight_math"": [8192, 1024], ""weight_storage"": [1024, 8192], ""output"": [8192, 1024]}",137438953472,0,{},16777216,134217728,16777216,独立 GEMM：权重与输入各读一次、输出写一次的操作数载荷；不预测 tile 重读。
66,v_proj,linear,"{""input"": [8192, 8192], ""weight_math"": [8192, 1024], ""weight_storage"": [1024, 8192], ""output"": [8192, 1024]}",137438953472,0,{},16777216,134217728,16777216,独立 GEMM：权重与输入各读一次、输出写一次的操作数载荷；不预测 tile 重读。
66,apply_rope,position,"{""Q"": [1, 64, 8192, 128], ""K"": [1, 8, 8192, 128]}",0,226492416,"{""negate"": 37748736}",0,155189248,150994944,2 multiply + 1 add/元素，rotate_half 符号翻转分列；表按批／头理想复用。 Llama has no Q/K norm; shared default position table counted once per layer.
66,kv_append,state,"{""new_K_and_V_each"": [1, 8, 8192, 128]}",0,0,{},0,33554432,33554432,原位／分页 append 载荷；不假定动态 torch.cat 对旧缓存整段复制。
66,qk,attention,"{""Q"": [1, 64, 8192, 128], ""K_shared"": [1, 8, 8192, 128], ""scores_rectangular"": [1, 64, 8192, 8192]}",549822922752,0,{},0,150994944,17179869184,FLOPs 仅有效因果位置；载荷是假定 Q/K 各读一次、GQA 头共享，完整分数矩阵物化。
66,score_scale_mask_softmax,softmax,"{""scores"": [1, 64, 8192, 8192]}",0,8590458880,"{""exp"": 2147745792, ""compare_max"": 2147221504, ""mask_decisions"": 4294967296}",0,17179869184,17179869184,选择的融合 scale/mask/softmax 代数工作；屏蔽点不计 exp。物化 FP32 默认概率；非具体 eager trace。
66,pv,attention,"{""P"": [1, 64, 8192, 8192], ""V_shared"": [1, 8, 8192, 128], ""output"": [1, 64, 8192, 128]}",549822922752,0,{},0,17196646400,134217728,PV/AV：各 Q 头仍计算；V 容量不乘 GQA 复制数。载荷假定 V 在头／查询之间理想复用。
66,o_proj,linear,"{""input"": [8192, 8192], ""weight_math"": [8192, 8192], ""weight_storage"": [8192, 8192], ""output"": [8192, 8192]}",1099511627776,0,{},134217728,134217728,134217728,独立 GEMM：权重与输入各读一次、输出写一次的操作数载荷；不预测 tile 重读。
66,attention_residual,residual,"{""inputs_each"": [8192, 8192], ""output"": [8192, 8192]}",0,67108864,{},0,268435456,134217728,
66,post_attention_layernorm,normalization,"{""input"": [8192, 8192], ""weight"": [8192], ""output"": [8192, 8192]}",0,268443648,"{""rsqrt"": 8192, ""cast_elements"": 134217728}",16384,134217728,134217728,按 FP32 行内归约的代数计数；rsqrt、类型转换与临时 FP32 张量分列／不推断 HBM spill。
66,gate_proj,linear,"{""input"": [8192, 8192], ""weight_math"": [8192, 28672], ""weight_storage"": [28672, 8192], ""output"": [8192, 28672]}",3848290697216,0,{},469762048,134217728,469762048,独立 GEMM：权重与输入各读一次、输出写一次的操作数载荷；不预测 tile 重读。
66,up_proj,linear,"{""input"": [8192, 8192], ""weight_math"": [8192, 28672], ""weight_storage"": [28672, 8192], ""output"": [8192, 28672]}",3848290697216,0,{},469762048,134217728,469762048,独立 GEMM：权重与输入各读一次、输出写一次的操作数载荷；不预测 tile 重读。
66,silu_mul,activation,"{""gate"": [8192, 28672], ""up"": [8192, 28672], ""output"": [8192, 28672]}",0,939524096,"{""exp"": 234881024, ""negate"": 234881024}",0,939524096,469762048,"sigmoid: exp(-x), +1, reciprocal；再乘 x 和 up。exp 与取负分列。"
66,down_proj,linear,"{""input"": [8192, 28672], ""weight_math"": [28672, 8192], ""weight_storage"": [8192, 28672], ""output"": [8192, 8192]}",3848290697216,0,{},469762048,469762048,134217728,独立 GEMM：权重与输入各读一次、输出写一次的操作数载荷；不预测 tile 重读。
66,ffn_residual,residual,"{""inputs_each"": [8192, 8192], ""output"": [8192, 8192]}",0,67108864,{},0,268435456,134217728,
67,input_layernorm,normalization,"{""input"": [8192, 8192], ""weight"": [8192], ""output"": [8192, 8192]}",0,268443648,"{""rsqrt"": 8192, ""cast_elements"": 134217728}",16384,134217728,134217728,按 FP32 行内归约的代数计数；rsqrt、类型转换与临时 FP32 张量分列／不推断 HBM spill。
67,q_proj,linear,"{""input"": [8192, 8192], ""weight_math"": [8192, 8192], ""weight_storage"": [8192, 8192], ""output"": [8192, 8192]}",1099511627776,0,{},134217728,134217728,134217728,独立 GEMM：权重与输入各读一次、输出写一次的操作数载荷；不预测 tile 重读。
67,k_proj,linear,"{""input"": [8192, 8192], ""weight_math"": [8192, 1024], ""weight_storage"": [1024, 8192], ""output"": [8192, 1024]}",137438953472,0,{},16777216,134217728,16777216,独立 GEMM：权重与输入各读一次、输出写一次的操作数载荷；不预测 tile 重读。
67,v_proj,linear,"{""input"": [8192, 8192], ""weight_math"": [8192, 1024], ""weight_storage"": [1024, 8192], ""output"": [8192, 1024]}",137438953472,0,{},16777216,134217728,16777216,独立 GEMM：权重与输入各读一次、输出写一次的操作数载荷；不预测 tile 重读。
67,apply_rope,position,"{""Q"": [1, 64, 8192, 128], ""K"": [1, 8, 8192, 128]}",0,226492416,"{""negate"": 37748736}",0,155189248,150994944,2 multiply + 1 add/元素，rotate_half 符号翻转分列；表按批／头理想复用。 Llama has no Q/K norm; shared default position table counted once per layer.
67,kv_append,state,"{""new_K_and_V_each"": [1, 8, 8192, 128]}",0,0,{},0,33554432,33554432,原位／分页 append 载荷；不假定动态 torch.cat 对旧缓存整段复制。
67,qk,attention,"{""Q"": [1, 64, 8192, 128], ""K_shared"": [1, 8, 8192, 128], ""scores_rectangular"": [1, 64, 8192, 8192]}",549822922752,0,{},0,150994944,17179869184,FLOPs 仅有效因果位置；载荷是假定 Q/K 各读一次、GQA 头共享，完整分数矩阵物化。
67,score_scale_mask_softmax,softmax,"{""scores"": [1, 64, 8192, 8192]}",0,8590458880,"{""exp"": 2147745792, ""compare_max"": 2147221504, ""mask_decisions"": 4294967296}",0,17179869184,17179869184,选择的融合 scale/mask/softmax 代数工作；屏蔽点不计 exp。物化 FP32 默认概率；非具体 eager trace。
67,pv,attention,"{""P"": [1, 64, 8192, 8192], ""V_shared"": [1, 8, 8192, 128], ""output"": [1, 64, 8192, 128]}",549822922752,0,{},0,17196646400,134217728,PV/AV：各 Q 头仍计算；V 容量不乘 GQA 复制数。载荷假定 V 在头／查询之间理想复用。
67,o_proj,linear,"{""input"": [8192, 8192], ""weight_math"": [8192, 8192], ""weight_storage"": [8192, 8192], ""output"": [8192, 8192]}",1099511627776,0,{},134217728,134217728,134217728,独立 GEMM：权重与输入各读一次、输出写一次的操作数载荷；不预测 tile 重读。
67,attention_residual,residual,"{""inputs_each"": [8192, 8192], ""output"": [8192, 8192]}",0,67108864,{},0,268435456,134217728,
67,post_attention_layernorm,normalization,"{""input"": [8192, 8192], ""weight"": [8192], ""output"": [8192, 8192]}",0,268443648,"{""rsqrt"": 8192, ""cast_elements"": 134217728}",16384,134217728,134217728,按 FP32 行内归约的代数计数；rsqrt、类型转换与临时 FP32 张量分列／不推断 HBM spill。
67,gate_proj,linear,"{""input"": [8192, 8192], ""weight_math"": [8192, 28672], ""weight_storage"": [28672, 8192], ""output"": [8192, 28672]}",3848290697216,0,{},469762048,134217728,469762048,独立 GEMM：权重与输入各读一次、输出写一次的操作数载荷；不预测 tile 重读。
67,up_proj,linear,"{""input"": [8192, 8192], ""weight_math"": [8192, 28672], ""weight_storage"": [28672, 8192], ""output"": [8192, 28672]}",3848290697216,0,{},469762048,134217728,469762048,独立 GEMM：权重与输入各读一次、输出写一次的操作数载荷；不预测 tile 重读。
67,silu_mul,activation,"{""gate"": [8192, 28672], ""up"": [8192, 28672], ""output"": [8192, 28672]}",0,939524096,"{""exp"": 234881024, ""negate"": 234881024}",0,939524096,469762048,"sigmoid: exp(-x), +1, reciprocal；再乘 x 和 up。exp 与取负分列。"
67,down_proj,linear,"{""input"": [8192, 28672], ""weight_math"": [28672, 8192], ""weight_storage"": [8192, 28672], ""output"": [8192, 8192]}",3848290697216,0,{},469762048,469762048,134217728,独立 GEMM：权重与输入各读一次、输出写一次的操作数载荷；不预测 tile 重读。
67,ffn_residual,residual,"{""inputs_each"": [8192, 8192], ""output"": [8192, 8192]}",0,67108864,{},0,268435456,134217728,
68,input_layernorm,normalization,"{""input"": [8192, 8192], ""weight"": [8192], ""output"": [8192, 8192]}",0,268443648,"{""rsqrt"": 8192, ""cast_elements"": 134217728}",16384,134217728,134217728,按 FP32 行内归约的代数计数；rsqrt、类型转换与临时 FP32 张量分列／不推断 HBM spill。
68,q_proj,linear,"{""input"": [8192, 8192], ""weight_math"": [8192, 8192], ""weight_storage"": [8192, 8192], ""output"": [8192, 8192]}",1099511627776,0,{},134217728,134217728,134217728,独立 GEMM：权重与输入各读一次、输出写一次的操作数载荷；不预测 tile 重读。
68,k_proj,linear,"{""input"": [8192, 8192], ""weight_math"": [8192, 1024], ""weight_storage"": [1024, 8192], ""output"": [8192, 1024]}",137438953472,0,{},16777216,134217728,16777216,独立 GEMM：权重与输入各读一次、输出写一次的操作数载荷；不预测 tile 重读。
68,v_proj,linear,"{""input"": [8192, 8192], ""weight_math"": [8192, 1024], ""weight_storage"": [1024, 8192], ""output"": [8192, 1024]}",137438953472,0,{},16777216,134217728,16777216,独立 GEMM：权重与输入各读一次、输出写一次的操作数载荷；不预测 tile 重读。
68,apply_rope,position,"{""Q"": [1, 64, 8192, 128], ""K"": [1, 8, 8192, 128]}",0,226492416,"{""negate"": 37748736}",0,155189248,150994944,2 multiply + 1 add/元素，rotate_half 符号翻转分列；表按批／头理想复用。 Llama has no Q/K norm; shared default position table counted once per layer.
68,kv_append,state,"{""new_K_and_V_each"": [1, 8, 8192, 128]}",0,0,{},0,33554432,33554432,原位／分页 append 载荷；不假定动态 torch.cat 对旧缓存整段复制。
68,qk,attention,"{""Q"": [1, 64, 8192, 128], ""K_shared"": [1, 8, 8192, 128], ""scores_rectangular"": [1, 64, 8192, 8192]}",549822922752,0,{},0,150994944,17179869184,FLOPs 仅有效因果位置；载荷是假定 Q/K 各读一次、GQA 头共享，完整分数矩阵物化。
68,score_scale_mask_softmax,softmax,"{""scores"": [1, 64, 8192, 8192]}",0,8590458880,"{""exp"": 2147745792, ""compare_max"": 2147221504, ""mask_decisions"": 4294967296}",0,17179869184,17179869184,选择的融合 scale/mask/softmax 代数工作；屏蔽点不计 exp。物化 FP32 默认概率；非具体 eager trace。
68,pv,attention,"{""P"": [1, 64, 8192, 8192], ""V_shared"": [1, 8, 8192, 128], ""output"": [1, 64, 8192, 128]}",549822922752,0,{},0,17196646400,134217728,PV/AV：各 Q 头仍计算；V 容量不乘 GQA 复制数。载荷假定 V 在头／查询之间理想复用。
68,o_proj,linear,"{""input"": [8192, 8192], ""weight_math"": [8192, 8192], ""weight_storage"": [8192, 8192], ""output"": [8192, 8192]}",1099511627776,0,{},134217728,134217728,134217728,独立 GEMM：权重与输入各读一次、输出写一次的操作数载荷；不预测 tile 重读。
68,attention_residual,residual,"{""inputs_each"": [8192, 8192], ""output"": [8192, 8192]}",0,67108864,{},0,268435456,134217728,
68,post_attention_layernorm,normalization,"{""input"": [8192, 8192], ""weight"": [8192], ""output"": [8192, 8192]}",0,268443648,"{""rsqrt"": 8192, ""cast_elements"": 134217728}",16384,134217728,134217728,按 FP32 行内归约的代数计数；rsqrt、类型转换与临时 FP32 张量分列／不推断 HBM spill。
68,gate_proj,linear,"{""input"": [8192, 8192], ""weight_math"": [8192, 28672], ""weight_storage"": [28672, 8192], ""output"": [8192, 28672]}",3848290697216,0,{},469762048,134217728,469762048,独立 GEMM：权重与输入各读一次、输出写一次的操作数载荷；不预测 tile 重读。
68,up_proj,linear,"{""input"": [8192, 8192], ""weight_math"": [8192, 28672], ""weight_storage"": [28672, 8192], ""output"": [8192, 28672]}",3848290697216,0,{},469762048,134217728,469762048,独立 GEMM：权重与输入各读一次、输出写一次的操作数载荷；不预测 tile 重读。
68,silu_mul,activation,"{""gate"": [8192, 28672], ""up"": [8192, 28672], ""output"": [8192, 28672]}",0,939524096,"{""exp"": 234881024, ""negate"": 234881024}",0,939524096,469762048,"sigmoid: exp(-x), +1, reciprocal；再乘 x 和 up。exp 与取负分列。"
68,down_proj,linear,"{""input"": [8192, 28672], ""weight_math"": [28672, 8192], ""weight_storage"": [8192, 28672], ""output"": [8192, 8192]}",3848290697216,0,{},469762048,469762048,134217728,独立 GEMM：权重与输入各读一次、输出写一次的操作数载荷；不预测 tile 重读。
68,ffn_residual,residual,"{""inputs_each"": [8192, 8192], ""output"": [8192, 8192]}",0,67108864,{},0,268435456,134217728,
69,input_layernorm,normalization,"{""input"": [8192, 8192], ""weight"": [8192], ""output"": [8192, 8192]}",0,268443648,"{""rsqrt"": 8192, ""cast_elements"": 134217728}",16384,134217728,134217728,按 FP32 行内归约的代数计数；rsqrt、类型转换与临时 FP32 张量分列／不推断 HBM spill。
69,q_proj,linear,"{""input"": [8192, 8192], ""weight_math"": [8192, 8192], ""weight_storage"": [8192, 8192], ""output"": [8192, 8192]}",1099511627776,0,{},134217728,134217728,134217728,独立 GEMM：权重与输入各读一次、输出写一次的操作数载荷；不预测 tile 重读。
69,k_proj,linear,"{""input"": [8192, 8192], ""weight_math"": [8192, 1024], ""weight_storage"": [1024, 8192], ""output"": [8192, 1024]}",137438953472,0,{},16777216,134217728,16777216,独立 GEMM：权重与输入各读一次、输出写一次的操作数载荷；不预测 tile 重读。
69,v_proj,linear,"{""input"": [8192, 8192], ""weight_math"": [8192, 1024], ""weight_storage"": [1024, 8192], ""output"": [8192, 1024]}",137438953472,0,{},16777216,134217728,16777216,独立 GEMM：权重与输入各读一次、输出写一次的操作数载荷；不预测 tile 重读。
69,apply_rope,position,"{""Q"": [1, 64, 8192, 128], ""K"": [1, 8, 8192, 128]}",0,226492416,"{""negate"": 37748736}",0,155189248,150994944,2 multiply + 1 add/元素，rotate_half 符号翻转分列；表按批／头理想复用。 Llama has no Q/K norm; shared default position table counted once per layer.
69,kv_append,state,"{""new_K_and_V_each"": [1, 8, 8192, 128]}",0,0,{},0,33554432,33554432,原位／分页 append 载荷；不假定动态 torch.cat 对旧缓存整段复制。
69,qk,attention,"{""Q"": [1, 64, 8192, 128], ""K_shared"": [1, 8, 8192, 128], ""scores_rectangular"": [1, 64, 8192, 8192]}",549822922752,0,{},0,150994944,17179869184,FLOPs 仅有效因果位置；载荷是假定 Q/K 各读一次、GQA 头共享，完整分数矩阵物化。
69,score_scale_mask_softmax,softmax,"{""scores"": [1, 64, 8192, 8192]}",0,8590458880,"{""exp"": 2147745792, ""compare_max"": 2147221504, ""mask_decisions"": 4294967296}",0,17179869184,17179869184,选择的融合 scale/mask/softmax 代数工作；屏蔽点不计 exp。物化 FP32 默认概率；非具体 eager trace。
69,pv,attention,"{""P"": [1, 64, 8192, 8192], ""V_shared"": [1, 8, 8192, 128], ""output"": [1, 64, 8192, 128]}",549822922752,0,{},0,17196646400,134217728,PV/AV：各 Q 头仍计算；V 容量不乘 GQA 复制数。载荷假定 V 在头／查询之间理想复用。
69,o_proj,linear,"{""input"": [8192, 8192], ""weight_math"": [8192, 8192], ""weight_storage"": [8192, 8192], ""output"": [8192, 8192]}",1099511627776,0,{},134217728,134217728,134217728,独立 GEMM：权重与输入各读一次、输出写一次的操作数载荷；不预测 tile 重读。
69,attention_residual,residual,"{""inputs_each"": [8192, 8192], ""output"": [8192, 8192]}",0,67108864,{},0,268435456,134217728,
69,post_attention_layernorm,normalization,"{""input"": [8192, 8192], ""weight"": [8192], ""output"": [8192, 8192]}",0,268443648,"{""rsqrt"": 8192, ""cast_elements"": 134217728}",16384,134217728,134217728,按 FP32 行内归约的代数计数；rsqrt、类型转换与临时 FP32 张量分列／不推断 HBM spill。
69,gate_proj,linear,"{""input"": [8192, 8192], ""weight_math"": [8192, 28672], ""weight_storage"": [28672, 8192], ""output"": [8192, 28672]}",3848290697216,0,{},469762048,134217728,469762048,独立 GEMM：权重与输入各读一次、输出写一次的操作数载荷；不预测 tile 重读。
69,up_proj,linear,"{""input"": [8192, 8192], ""weight_math"": [8192, 28672], ""weight_storage"": [28672, 8192], ""output"": [8192, 28672]}",3848290697216,0,{},469762048,134217728,469762048,独立 GEMM：权重与输入各读一次、输出写一次的操作数载荷；不预测 tile 重读。
69,silu_mul,activation,"{""gate"": [8192, 28672], ""up"": [8192, 28672], ""output"": [8192, 28672]}",0,939524096,"{""exp"": 234881024, ""negate"": 234881024}",0,939524096,469762048,"sigmoid: exp(-x), +1, reciprocal；再乘 x 和 up。exp 与取负分列。"
69,down_proj,linear,"{""input"": [8192, 28672], ""weight_math"": [28672, 8192], ""weight_storage"": [8192, 28672], ""output"": [8192, 8192]}",3848290697216,0,{},469762048,469762048,134217728,独立 GEMM：权重与输入各读一次、输出写一次的操作数载荷；不预测 tile 重读。
69,ffn_residual,residual,"{""inputs_each"": [8192, 8192], ""output"": [8192, 8192]}",0,67108864,{},0,268435456,134217728,
70,input_layernorm,normalization,"{""input"": [8192, 8192], ""weight"": [8192], ""output"": [8192, 8192]}",0,268443648,"{""rsqrt"": 8192, ""cast_elements"": 134217728}",16384,134217728,134217728,按 FP32 行内归约的代数计数；rsqrt、类型转换与临时 FP32 张量分列／不推断 HBM spill。
70,q_proj,linear,"{""input"": [8192, 8192], ""weight_math"": [8192, 8192], ""weight_storage"": [8192, 8192], ""output"": [8192, 8192]}",1099511627776,0,{},134217728,134217728,134217728,独立 GEMM：权重与输入各读一次、输出写一次的操作数载荷；不预测 tile 重读。
70,k_proj,linear,"{""input"": [8192, 8192], ""weight_math"": [8192, 1024], ""weight_storage"": [1024, 8192], ""output"": [8192, 1024]}",137438953472,0,{},16777216,134217728,16777216,独立 GEMM：权重与输入各读一次、输出写一次的操作数载荷；不预测 tile 重读。
70,v_proj,linear,"{""input"": [8192, 8192], ""weight_math"": [8192, 1024], ""weight_storage"": [1024, 8192], ""output"": [8192, 1024]}",137438953472,0,{},16777216,134217728,16777216,独立 GEMM：权重与输入各读一次、输出写一次的操作数载荷；不预测 tile 重读。
70,apply_rope,position,"{""Q"": [1, 64, 8192, 128], ""K"": [1, 8, 8192, 128]}",0,226492416,"{""negate"": 37748736}",0,155189248,150994944,2 multiply + 1 add/元素，rotate_half 符号翻转分列；表按批／头理想复用。 Llama has no Q/K norm; shared default position table counted once per layer.
70,kv_append,state,"{""new_K_and_V_each"": [1, 8, 8192, 128]}",0,0,{},0,33554432,33554432,原位／分页 append 载荷；不假定动态 torch.cat 对旧缓存整段复制。
70,qk,attention,"{""Q"": [1, 64, 8192, 128], ""K_shared"": [1, 8, 8192, 128], ""scores_rectangular"": [1, 64, 8192, 8192]}",549822922752,0,{},0,150994944,17179869184,FLOPs 仅有效因果位置；载荷是假定 Q/K 各读一次、GQA 头共享，完整分数矩阵物化。
70,score_scale_mask_softmax,softmax,"{""scores"": [1, 64, 8192, 8192]}",0,8590458880,"{""exp"": 2147745792, ""compare_max"": 2147221504, ""mask_decisions"": 4294967296}",0,17179869184,17179869184,选择的融合 scale/mask/softmax 代数工作；屏蔽点不计 exp。物化 FP32 默认概率；非具体 eager trace。
70,pv,attention,"{""P"": [1, 64, 8192, 8192], ""V_shared"": [1, 8, 8192, 128], ""output"": [1, 64, 8192, 128]}",549822922752,0,{},0,17196646400,134217728,PV/AV：各 Q 头仍计算；V 容量不乘 GQA 复制数。载荷假定 V 在头／查询之间理想复用。
70,o_proj,linear,"{""input"": [8192, 8192], ""weight_math"": [8192, 8192], ""weight_storage"": [8192, 8192], ""output"": [8192, 8192]}",1099511627776,0,{},134217728,134217728,134217728,独立 GEMM：权重与输入各读一次、输出写一次的操作数载荷；不预测 tile 重读。
70,attention_residual,residual,"{""inputs_each"": [8192, 8192], ""output"": [8192, 8192]}",0,67108864,{},0,268435456,134217728,
70,post_attention_layernorm,normalization,"{""input"": [8192, 8192], ""weight"": [8192], ""output"": [8192, 8192]}",0,268443648,"{""rsqrt"": 8192, ""cast_elements"": 134217728}",16384,134217728,134217728,按 FP32 行内归约的代数计数；rsqrt、类型转换与临时 FP32 张量分列／不推断 HBM spill。
70,gate_proj,linear,"{""input"": [8192, 8192], ""weight_math"": [8192, 28672], ""weight_storage"": [28672, 8192], ""output"": [8192, 28672]}",3848290697216,0,{},469762048,134217728,469762048,独立 GEMM：权重与输入各读一次、输出写一次的操作数载荷；不预测 tile 重读。
70,up_proj,linear,"{""input"": [8192, 8192], ""weight_math"": [8192, 28672], ""weight_storage"": [28672, 8192], ""output"": [8192, 28672]}",3848290697216,0,{},469762048,134217728,469762048,独立 GEMM：权重与输入各读一次、输出写一次的操作数载荷；不预测 tile 重读。
70,silu_mul,activation,"{""gate"": [8192, 28672], ""up"": [8192, 28672], ""output"": [8192, 28672]}",0,939524096,"{""exp"": 234881024, ""negate"": 234881024}",0,939524096,469762048,"sigmoid: exp(-x), +1, reciprocal；再乘 x 和 up。exp 与取负分列。"
70,down_proj,linear,"{""input"": [8192, 28672], ""weight_math"": [28672, 8192], ""weight_storage"": [8192, 28672], ""output"": [8192, 8192]}",3848290697216,0,{},469762048,469762048,134217728,独立 GEMM：权重与输入各读一次、输出写一次的操作数载荷；不预测 tile 重读。
70,ffn_residual,residual,"{""inputs_each"": [8192, 8192], ""output"": [8192, 8192]}",0,67108864,{},0,268435456,134217728,
71,input_layernorm,normalization,"{""input"": [8192, 8192], ""weight"": [8192], ""output"": [8192, 8192]}",0,268443648,"{""rsqrt"": 8192, ""cast_elements"": 134217728}",16384,134217728,134217728,按 FP32 行内归约的代数计数；rsqrt、类型转换与临时 FP32 张量分列／不推断 HBM spill。
71,q_proj,linear,"{""input"": [8192, 8192], ""weight_math"": [8192, 8192], ""weight_storage"": [8192, 8192], ""output"": [8192, 8192]}",1099511627776,0,{},134217728,134217728,134217728,独立 GEMM：权重与输入各读一次、输出写一次的操作数载荷；不预测 tile 重读。
71,k_proj,linear,"{""input"": [8192, 8192], ""weight_math"": [8192, 1024], ""weight_storage"": [1024, 8192], ""output"": [8192, 1024]}",137438953472,0,{},16777216,134217728,16777216,独立 GEMM：权重与输入各读一次、输出写一次的操作数载荷；不预测 tile 重读。
71,v_proj,linear,"{""input"": [8192, 8192], ""weight_math"": [8192, 1024], ""weight_storage"": [1024, 8192], ""output"": [8192, 1024]}",137438953472,0,{},16777216,134217728,16777216,独立 GEMM：权重与输入各读一次、输出写一次的操作数载荷；不预测 tile 重读。
71,apply_rope,position,"{""Q"": [1, 64, 8192, 128], ""K"": [1, 8, 8192, 128]}",0,226492416,"{""negate"": 37748736}",0,155189248,150994944,2 multiply + 1 add/元素，rotate_half 符号翻转分列；表按批／头理想复用。 Llama has no Q/K norm; shared default position table counted once per layer.
71,kv_append,state,"{""new_K_and_V_each"": [1, 8, 8192, 128]}",0,0,{},0,33554432,33554432,原位／分页 append 载荷；不假定动态 torch.cat 对旧缓存整段复制。
71,qk,attention,"{""Q"": [1, 64, 8192, 128], ""K_shared"": [1, 8, 8192, 128], ""scores_rectangular"": [1, 64, 8192, 8192]}",549822922752,0,{},0,150994944,17179869184,FLOPs 仅有效因果位置；载荷是假定 Q/K 各读一次、GQA 头共享，完整分数矩阵物化。
71,score_scale_mask_softmax,softmax,"{""scores"": [1, 64, 8192, 8192]}",0,8590458880,"{""exp"": 2147745792, ""compare_max"": 2147221504, ""mask_decisions"": 4294967296}",0,17179869184,17179869184,选择的融合 scale/mask/softmax 代数工作；屏蔽点不计 exp。物化 FP32 默认概率；非具体 eager trace。
71,pv,attention,"{""P"": [1, 64, 8192, 8192], ""V_shared"": [1, 8, 8192, 128], ""output"": [1, 64, 8192, 128]}",549822922752,0,{},0,17196646400,134217728,PV/AV：各 Q 头仍计算；V 容量不乘 GQA 复制数。载荷假定 V 在头／查询之间理想复用。
71,o_proj,linear,"{""input"": [8192, 8192], ""weight_math"": [8192, 8192], ""weight_storage"": [8192, 8192], ""output"": [8192, 8192]}",1099511627776,0,{},134217728,134217728,134217728,独立 GEMM：权重与输入各读一次、输出写一次的操作数载荷；不预测 tile 重读。
71,attention_residual,residual,"{""inputs_each"": [8192, 8192], ""output"": [8192, 8192]}",0,67108864,{},0,268435456,134217728,
71,post_attention_layernorm,normalization,"{""input"": [8192, 8192], ""weight"": [8192], ""output"": [8192, 8192]}",0,268443648,"{""rsqrt"": 8192, ""cast_elements"": 134217728}",16384,134217728,134217728,按 FP32 行内归约的代数计数；rsqrt、类型转换与临时 FP32 张量分列／不推断 HBM spill。
71,gate_proj,linear,"{""input"": [8192, 8192], ""weight_math"": [8192, 28672], ""weight_storage"": [28672, 8192], ""output"": [8192, 28672]}",3848290697216,0,{},469762048,134217728,469762048,独立 GEMM：权重与输入各读一次、输出写一次的操作数载荷；不预测 tile 重读。
71,up_proj,linear,"{""input"": [8192, 8192], ""weight_math"": [8192, 28672], ""weight_storage"": [28672, 8192], ""output"": [8192, 28672]}",3848290697216,0,{},469762048,134217728,469762048,独立 GEMM：权重与输入各读一次、输出写一次的操作数载荷；不预测 tile 重读。
71,silu_mul,activation,"{""gate"": [8192, 28672], ""up"": [8192, 28672], ""output"": [8192, 28672]}",0,939524096,"{""exp"": 234881024, ""negate"": 234881024}",0,939524096,469762048,"sigmoid: exp(-x), +1, reciprocal；再乘 x 和 up。exp 与取负分列。"
71,down_proj,linear,"{""input"": [8192, 28672], ""weight_math"": [28672, 8192], ""weight_storage"": [8192, 28672], ""output"": [8192, 8192]}",3848290697216,0,{},469762048,469762048,134217728,独立 GEMM：权重与输入各读一次、输出写一次的操作数载荷；不预测 tile 重读。
71,ffn_residual,residual,"{""inputs_each"": [8192, 8192], ""output"": [8192, 8192]}",0,67108864,{},0,268435456,134217728,
72,input_layernorm,normalization,"{""input"": [8192, 8192], ""weight"": [8192], ""output"": [8192, 8192]}",0,268443648,"{""rsqrt"": 8192, ""cast_elements"": 134217728}",16384,134217728,134217728,按 FP32 行内归约的代数计数；rsqrt、类型转换与临时 FP32 张量分列／不推断 HBM spill。
72,q_proj,linear,"{""input"": [8192, 8192], ""weight_math"": [8192, 8192], ""weight_storage"": [8192, 8192], ""output"": [8192, 8192]}",1099511627776,0,{},134217728,134217728,134217728,独立 GEMM：权重与输入各读一次、输出写一次的操作数载荷；不预测 tile 重读。
72,k_proj,linear,"{""input"": [8192, 8192], ""weight_math"": [8192, 1024], ""weight_storage"": [1024, 8192], ""output"": [8192, 1024]}",137438953472,0,{},16777216,134217728,16777216,独立 GEMM：权重与输入各读一次、输出写一次的操作数载荷；不预测 tile 重读。
72,v_proj,linear,"{""input"": [8192, 8192], ""weight_math"": [8192, 1024], ""weight_storage"": [1024, 8192], ""output"": [8192, 1024]}",137438953472,0,{},16777216,134217728,16777216,独立 GEMM：权重与输入各读一次、输出写一次的操作数载荷；不预测 tile 重读。
72,apply_rope,position,"{""Q"": [1, 64, 8192, 128], ""K"": [1, 8, 8192, 128]}",0,226492416,"{""negate"": 37748736}",0,155189248,150994944,2 multiply + 1 add/元素，rotate_half 符号翻转分列；表按批／头理想复用。 Llama has no Q/K norm; shared default position table counted once per layer.
72,kv_append,state,"{""new_K_and_V_each"": [1, 8, 8192, 128]}",0,0,{},0,33554432,33554432,原位／分页 append 载荷；不假定动态 torch.cat 对旧缓存整段复制。
72,qk,attention,"{""Q"": [1, 64, 8192, 128], ""K_shared"": [1, 8, 8192, 128], ""scores_rectangular"": [1, 64, 8192, 8192]}",549822922752,0,{},0,150994944,17179869184,FLOPs 仅有效因果位置；载荷是假定 Q/K 各读一次、GQA 头共享，完整分数矩阵物化。
72,score_scale_mask_softmax,softmax,"{""scores"": [1, 64, 8192, 8192]}",0,8590458880,"{""exp"": 2147745792, ""compare_max"": 2147221504, ""mask_decisions"": 4294967296}",0,17179869184,17179869184,选择的融合 scale/mask/softmax 代数工作；屏蔽点不计 exp。物化 FP32 默认概率；非具体 eager trace。
72,pv,attention,"{""P"": [1, 64, 8192, 8192], ""V_shared"": [1, 8, 8192, 128], ""output"": [1, 64, 8192, 128]}",549822922752,0,{},0,17196646400,134217728,PV/AV：各 Q 头仍计算；V 容量不乘 GQA 复制数。载荷假定 V 在头／查询之间理想复用。
72,o_proj,linear,"{""input"": [8192, 8192], ""weight_math"": [8192, 8192], ""weight_storage"": [8192, 8192], ""output"": [8192, 8192]}",1099511627776,0,{},134217728,134217728,134217728,独立 GEMM：权重与输入各读一次、输出写一次的操作数载荷；不预测 tile 重读。
72,attention_residual,residual,"{""inputs_each"": [8192, 8192], ""output"": [8192, 8192]}",0,67108864,{},0,268435456,134217728,
72,post_attention_layernorm,normalization,"{""input"": [8192, 8192], ""weight"": [8192], ""output"": [8192, 8192]}",0,268443648,"{""rsqrt"": 8192, ""cast_elements"": 134217728}",16384,134217728,134217728,按 FP32 行内归约的代数计数；rsqrt、类型转换与临时 FP32 张量分列／不推断 HBM spill。
72,gate_proj,linear,"{""input"": [8192, 8192], ""weight_math"": [8192, 28672], ""weight_storage"": [28672, 8192], ""output"": [8192, 28672]}",3848290697216,0,{},469762048,134217728,469762048,独立 GEMM：权重与输入各读一次、输出写一次的操作数载荷；不预测 tile 重读。
72,up_proj,linear,"{""input"": [8192, 8192], ""weight_math"": [8192, 28672], ""weight_storage"": [28672, 8192], ""output"": [8192, 28672]}",3848290697216,0,{},469762048,134217728,469762048,独立 GEMM：权重与输入各读一次、输出写一次的操作数载荷；不预测 tile 重读。
72,silu_mul,activation,"{""gate"": [8192, 28672], ""up"": [8192, 28672], ""output"": [8192, 28672]}",0,939524096,"{""exp"": 234881024, ""negate"": 234881024}",0,939524096,469762048,"sigmoid: exp(-x), +1, reciprocal；再乘 x 和 up。exp 与取负分列。"
72,down_proj,linear,"{""input"": [8192, 28672], ""weight_math"": [28672, 8192], ""weight_storage"": [8192, 28672], ""output"": [8192, 8192]}",3848290697216,0,{},469762048,469762048,134217728,独立 GEMM：权重与输入各读一次、输出写一次的操作数载荷；不预测 tile 重读。
72,ffn_residual,residual,"{""inputs_each"": [8192, 8192], ""output"": [8192, 8192]}",0,67108864,{},0,268435456,134217728,
73,input_layernorm,normalization,"{""input"": [8192, 8192], ""weight"": [8192], ""output"": [8192, 8192]}",0,268443648,"{""rsqrt"": 8192, ""cast_elements"": 134217728}",16384,134217728,134217728,按 FP32 行内归约的代数计数；rsqrt、类型转换与临时 FP32 张量分列／不推断 HBM spill。
73,q_proj,linear,"{""input"": [8192, 8192], ""weight_math"": [8192, 8192], ""weight_storage"": [8192, 8192], ""output"": [8192, 8192]}",1099511627776,0,{},134217728,134217728,134217728,独立 GEMM：权重与输入各读一次、输出写一次的操作数载荷；不预测 tile 重读。
73,k_proj,linear,"{""input"": [8192, 8192], ""weight_math"": [8192, 1024], ""weight_storage"": [1024, 8192], ""output"": [8192, 1024]}",137438953472,0,{},16777216,134217728,16777216,独立 GEMM：权重与输入各读一次、输出写一次的操作数载荷；不预测 tile 重读。
73,v_proj,linear,"{""input"": [8192, 8192], ""weight_math"": [8192, 1024], ""weight_storage"": [1024, 8192], ""output"": [8192, 1024]}",137438953472,0,{},16777216,134217728,16777216,独立 GEMM：权重与输入各读一次、输出写一次的操作数载荷；不预测 tile 重读。
73,apply_rope,position,"{""Q"": [1, 64, 8192, 128], ""K"": [1, 8, 8192, 128]}",0,226492416,"{""negate"": 37748736}",0,155189248,150994944,2 multiply + 1 add/元素，rotate_half 符号翻转分列；表按批／头理想复用。 Llama has no Q/K norm; shared default position table counted once per layer.
73,kv_append,state,"{""new_K_and_V_each"": [1, 8, 8192, 128]}",0,0,{},0,33554432,33554432,原位／分页 append 载荷；不假定动态 torch.cat 对旧缓存整段复制。
73,qk,attention,"{""Q"": [1, 64, 8192, 128], ""K_shared"": [1, 8, 8192, 128], ""scores_rectangular"": [1, 64, 8192, 8192]}",549822922752,0,{},0,150994944,17179869184,FLOPs 仅有效因果位置；载荷是假定 Q/K 各读一次、GQA 头共享，完整分数矩阵物化。
73,score_scale_mask_softmax,softmax,"{""scores"": [1, 64, 8192, 8192]}",0,8590458880,"{""exp"": 2147745792, ""compare_max"": 2147221504, ""mask_decisions"": 4294967296}",0,17179869184,17179869184,选择的融合 scale/mask/softmax 代数工作；屏蔽点不计 exp。物化 FP32 默认概率；非具体 eager trace。
73,pv,attention,"{""P"": [1, 64, 8192, 8192], ""V_shared"": [1, 8, 8192, 128], ""output"": [1, 64, 8192, 128]}",549822922752,0,{},0,17196646400,134217728,PV/AV：各 Q 头仍计算；V 容量不乘 GQA 复制数。载荷假定 V 在头／查询之间理想复用。
73,o_proj,linear,"{""input"": [8192, 8192], ""weight_math"": [8192, 8192], ""weight_storage"": [8192, 8192], ""output"": [8192, 8192]}",1099511627776,0,{},134217728,134217728,134217728,独立 GEMM：权重与输入各读一次、输出写一次的操作数载荷；不预测 tile 重读。
73,attention_residual,residual,"{""inputs_each"": [8192, 8192], ""output"": [8192, 8192]}",0,67108864,{},0,268435456,134217728,
73,post_attention_layernorm,normalization,"{""input"": [8192, 8192], ""weight"": [8192], ""output"": [8192, 8192]}",0,268443648,"{""rsqrt"": 8192, ""cast_elements"": 134217728}",16384,134217728,134217728,按 FP32 行内归约的代数计数；rsqrt、类型转换与临时 FP32 张量分列／不推断 HBM spill。
73,gate_proj,linear,"{""input"": [8192, 8192], ""weight_math"": [8192, 28672], ""weight_storage"": [28672, 8192], ""output"": [8192, 28672]}",3848290697216,0,{},469762048,134217728,469762048,独立 GEMM：权重与输入各读一次、输出写一次的操作数载荷；不预测 tile 重读。
73,up_proj,linear,"{""input"": [8192, 8192], ""weight_math"": [8192, 28672], ""weight_storage"": [28672, 8192], ""output"": [8192, 28672]}",3848290697216,0,{},469762048,134217728,469762048,独立 GEMM：权重与输入各读一次、输出写一次的操作数载荷；不预测 tile 重读。
73,silu_mul,activation,"{""gate"": [8192, 28672], ""up"": [8192, 28672], ""output"": [8192, 28672]}",0,939524096,"{""exp"": 234881024, ""negate"": 234881024}",0,939524096,469762048,"sigmoid: exp(-x), +1, reciprocal；再乘 x 和 up。exp 与取负分列。"
73,down_proj,linear,"{""input"": [8192, 28672], ""weight_math"": [28672, 8192], ""weight_storage"": [8192, 28672], ""output"": [8192, 8192]}",3848290697216,0,{},469762048,469762048,134217728,独立 GEMM：权重与输入各读一次、输出写一次的操作数载荷；不预测 tile 重读。
73,ffn_residual,residual,"{""inputs_each"": [8192, 8192], ""output"": [8192, 8192]}",0,67108864,{},0,268435456,134217728,
74,input_layernorm,normalization,"{""input"": [8192, 8192], ""weight"": [8192], ""output"": [8192, 8192]}",0,268443648,"{""rsqrt"": 8192, ""cast_elements"": 134217728}",16384,134217728,134217728,按 FP32 行内归约的代数计数；rsqrt、类型转换与临时 FP32 张量分列／不推断 HBM spill。
74,q_proj,linear,"{""input"": [8192, 8192], ""weight_math"": [8192, 8192], ""weight_storage"": [8192, 8192], ""output"": [8192, 8192]}",1099511627776,0,{},134217728,134217728,134217728,独立 GEMM：权重与输入各读一次、输出写一次的操作数载荷；不预测 tile 重读。
74,k_proj,linear,"{""input"": [8192, 8192], ""weight_math"": [8192, 1024], ""weight_storage"": [1024, 8192], ""output"": [8192, 1024]}",137438953472,0,{},16777216,134217728,16777216,独立 GEMM：权重与输入各读一次、输出写一次的操作数载荷；不预测 tile 重读。
74,v_proj,linear,"{""input"": [8192, 8192], ""weight_math"": [8192, 1024], ""weight_storage"": [1024, 8192], ""output"": [8192, 1024]}",137438953472,0,{},16777216,134217728,16777216,独立 GEMM：权重与输入各读一次、输出写一次的操作数载荷；不预测 tile 重读。
74,apply_rope,position,"{""Q"": [1, 64, 8192, 128], ""K"": [1, 8, 8192, 128]}",0,226492416,"{""negate"": 37748736}",0,155189248,150994944,2 multiply + 1 add/元素，rotate_half 符号翻转分列；表按批／头理想复用。 Llama has no Q/K norm; shared default position table counted once per layer.
74,kv_append,state,"{""new_K_and_V_each"": [1, 8, 8192, 128]}",0,0,{},0,33554432,33554432,原位／分页 append 载荷；不假定动态 torch.cat 对旧缓存整段复制。
74,qk,attention,"{""Q"": [1, 64, 8192, 128], ""K_shared"": [1, 8, 8192, 128], ""scores_rectangular"": [1, 64, 8192, 8192]}",549822922752,0,{},0,150994944,17179869184,FLOPs 仅有效因果位置；载荷是假定 Q/K 各读一次、GQA 头共享，完整分数矩阵物化。
74,score_scale_mask_softmax,softmax,"{""scores"": [1, 64, 8192, 8192]}",0,8590458880,"{""exp"": 2147745792, ""compare_max"": 2147221504, ""mask_decisions"": 4294967296}",0,17179869184,17179869184,选择的融合 scale/mask/softmax 代数工作；屏蔽点不计 exp。物化 FP32 默认概率；非具体 eager trace。
74,pv,attention,"{""P"": [1, 64, 8192, 8192], ""V_shared"": [1, 8, 8192, 128], ""output"": [1, 64, 8192, 128]}",549822922752,0,{},0,17196646400,134217728,PV/AV：各 Q 头仍计算；V 容量不乘 GQA 复制数。载荷假定 V 在头／查询之间理想复用。
74,o_proj,linear,"{""input"": [8192, 8192], ""weight_math"": [8192, 8192], ""weight_storage"": [8192, 8192], ""output"": [8192, 8192]}",1099511627776,0,{},134217728,134217728,134217728,独立 GEMM：权重与输入各读一次、输出写一次的操作数载荷；不预测 tile 重读。
74,attention_residual,residual,"{""inputs_each"": [8192, 8192], ""output"": [8192, 8192]}",0,67108864,{},0,268435456,134217728,
74,post_attention_layernorm,normalization,"{""input"": [8192, 8192], ""weight"": [8192], ""output"": [8192, 8192]}",0,268443648,"{""rsqrt"": 8192, ""cast_elements"": 134217728}",16384,134217728,134217728,按 FP32 行内归约的代数计数；rsqrt、类型转换与临时 FP32 张量分列／不推断 HBM spill。
74,gate_proj,linear,"{""input"": [8192, 8192], ""weight_math"": [8192, 28672], ""weight_storage"": [28672, 8192], ""output"": [8192, 28672]}",3848290697216,0,{},469762048,134217728,469762048,独立 GEMM：权重与输入各读一次、输出写一次的操作数载荷；不预测 tile 重读。
74,up_proj,linear,"{""input"": [8192, 8192], ""weight_math"": [8192, 28672], ""weight_storage"": [28672, 8192], ""output"": [8192, 28672]}",3848290697216,0,{},469762048,134217728,469762048,独立 GEMM：权重与输入各读一次、输出写一次的操作数载荷；不预测 tile 重读。
74,silu_mul,activation,"{""gate"": [8192, 28672], ""up"": [8192, 28672], ""output"": [8192, 28672]}",0,939524096,"{""exp"": 234881024, ""negate"": 234881024}",0,939524096,469762048,"sigmoid: exp(-x), +1, reciprocal；再乘 x 和 up。exp 与取负分列。"
74,down_proj,linear,"{""input"": [8192, 28672], ""weight_math"": [28672, 8192], ""weight_storage"": [8192, 28672], ""output"": [8192, 8192]}",3848290697216,0,{},469762048,469762048,134217728,独立 GEMM：权重与输入各读一次、输出写一次的操作数载荷；不预测 tile 重读。
74,ffn_residual,residual,"{""inputs_each"": [8192, 8192], ""output"": [8192, 8192]}",0,67108864,{},0,268435456,134217728,
75,input_layernorm,normalization,"{""input"": [8192, 8192], ""weight"": [8192], ""output"": [8192, 8192]}",0,268443648,"{""rsqrt"": 8192, ""cast_elements"": 134217728}",16384,134217728,134217728,按 FP32 行内归约的代数计数；rsqrt、类型转换与临时 FP32 张量分列／不推断 HBM spill。
75,q_proj,linear,"{""input"": [8192, 8192], ""weight_math"": [8192, 8192], ""weight_storage"": [8192, 8192], ""output"": [8192, 8192]}",1099511627776,0,{},134217728,134217728,134217728,独立 GEMM：权重与输入各读一次、输出写一次的操作数载荷；不预测 tile 重读。
75,k_proj,linear,"{""input"": [8192, 8192], ""weight_math"": [8192, 1024], ""weight_storage"": [1024, 8192], ""output"": [8192, 1024]}",137438953472,0,{},16777216,134217728,16777216,独立 GEMM：权重与输入各读一次、输出写一次的操作数载荷；不预测 tile 重读。
75,v_proj,linear,"{""input"": [8192, 8192], ""weight_math"": [8192, 1024], ""weight_storage"": [1024, 8192], ""output"": [8192, 1024]}",137438953472,0,{},16777216,134217728,16777216,独立 GEMM：权重与输入各读一次、输出写一次的操作数载荷；不预测 tile 重读。
75,apply_rope,position,"{""Q"": [1, 64, 8192, 128], ""K"": [1, 8, 8192, 128]}",0,226492416,"{""negate"": 37748736}",0,155189248,150994944,2 multiply + 1 add/元素，rotate_half 符号翻转分列；表按批／头理想复用。 Llama has no Q/K norm; shared default position table counted once per layer.
75,kv_append,state,"{""new_K_and_V_each"": [1, 8, 8192, 128]}",0,0,{},0,33554432,33554432,原位／分页 append 载荷；不假定动态 torch.cat 对旧缓存整段复制。
75,qk,attention,"{""Q"": [1, 64, 8192, 128], ""K_shared"": [1, 8, 8192, 128], ""scores_rectangular"": [1, 64, 8192, 8192]}",549822922752,0,{},0,150994944,17179869184,FLOPs 仅有效因果位置；载荷是假定 Q/K 各读一次、GQA 头共享，完整分数矩阵物化。
75,score_scale_mask_softmax,softmax,"{""scores"": [1, 64, 8192, 8192]}",0,8590458880,"{""exp"": 2147745792, ""compare_max"": 2147221504, ""mask_decisions"": 4294967296}",0,17179869184,17179869184,选择的融合 scale/mask/softmax 代数工作；屏蔽点不计 exp。物化 FP32 默认概率；非具体 eager trace。
75,pv,attention,"{""P"": [1, 64, 8192, 8192], ""V_shared"": [1, 8, 8192, 128], ""output"": [1, 64, 8192, 128]}",549822922752,0,{},0,17196646400,134217728,PV/AV：各 Q 头仍计算；V 容量不乘 GQA 复制数。载荷假定 V 在头／查询之间理想复用。
75,o_proj,linear,"{""input"": [8192, 8192], ""weight_math"": [8192, 8192], ""weight_storage"": [8192, 8192], ""output"": [8192, 8192]}",1099511627776,0,{},134217728,134217728,134217728,独立 GEMM：权重与输入各读一次、输出写一次的操作数载荷；不预测 tile 重读。
75,attention_residual,residual,"{""inputs_each"": [8192, 8192], ""output"": [8192, 8192]}",0,67108864,{},0,268435456,134217728,
75,post_attention_layernorm,normalization,"{""input"": [8192, 8192], ""weight"": [8192], ""output"": [8192, 8192]}",0,268443648,"{""rsqrt"": 8192, ""cast_elements"": 134217728}",16384,134217728,134217728,按 FP32 行内归约的代数计数；rsqrt、类型转换与临时 FP32 张量分列／不推断 HBM spill。
75,gate_proj,linear,"{""input"": [8192, 8192], ""weight_math"": [8192, 28672], ""weight_storage"": [28672, 8192], ""output"": [8192, 28672]}",3848290697216,0,{},469762048,134217728,469762048,独立 GEMM：权重与输入各读一次、输出写一次的操作数载荷；不预测 tile 重读。
75,up_proj,linear,"{""input"": [8192, 8192], ""weight_math"": [8192, 28672], ""weight_storage"": [28672, 8192], ""output"": [8192, 28672]}",3848290697216,0,{},469762048,134217728,469762048,独立 GEMM：权重与输入各读一次、输出写一次的操作数载荷；不预测 tile 重读。
75,silu_mul,activation,"{""gate"": [8192, 28672], ""up"": [8192, 28672], ""output"": [8192, 28672]}",0,939524096,"{""exp"": 234881024, ""negate"": 234881024}",0,939524096,469762048,"sigmoid: exp(-x), +1, reciprocal；再乘 x 和 up。exp 与取负分列。"
75,down_proj,linear,"{""input"": [8192, 28672], ""weight_math"": [28672, 8192], ""weight_storage"": [8192, 28672], ""output"": [8192, 8192]}",3848290697216,0,{},469762048,469762048,134217728,独立 GEMM：权重与输入各读一次、输出写一次的操作数载荷；不预测 tile 重读。
75,ffn_residual,residual,"{""inputs_each"": [8192, 8192], ""output"": [8192, 8192]}",0,67108864,{},0,268435456,134217728,
76,input_layernorm,normalization,"{""input"": [8192, 8192], ""weight"": [8192], ""output"": [8192, 8192]}",0,268443648,"{""rsqrt"": 8192, ""cast_elements"": 134217728}",16384,134217728,134217728,按 FP32 行内归约的代数计数；rsqrt、类型转换与临时 FP32 张量分列／不推断 HBM spill。
76,q_proj,linear,"{""input"": [8192, 8192], ""weight_math"": [8192, 8192], ""weight_storage"": [8192, 8192], ""output"": [8192, 8192]}",1099511627776,0,{},134217728,134217728,134217728,独立 GEMM：权重与输入各读一次、输出写一次的操作数载荷；不预测 tile 重读。
76,k_proj,linear,"{""input"": [8192, 8192], ""weight_math"": [8192, 1024], ""weight_storage"": [1024, 8192], ""output"": [8192, 1024]}",137438953472,0,{},16777216,134217728,16777216,独立 GEMM：权重与输入各读一次、输出写一次的操作数载荷；不预测 tile 重读。
76,v_proj,linear,"{""input"": [8192, 8192], ""weight_math"": [8192, 1024], ""weight_storage"": [1024, 8192], ""output"": [8192, 1024]}",137438953472,0,{},16777216,134217728,16777216,独立 GEMM：权重与输入各读一次、输出写一次的操作数载荷；不预测 tile 重读。
76,apply_rope,position,"{""Q"": [1, 64, 8192, 128], ""K"": [1, 8, 8192, 128]}",0,226492416,"{""negate"": 37748736}",0,155189248,150994944,2 multiply + 1 add/元素，rotate_half 符号翻转分列；表按批／头理想复用。 Llama has no Q/K norm; shared default position table counted once per layer.
76,kv_append,state,"{""new_K_and_V_each"": [1, 8, 8192, 128]}",0,0,{},0,33554432,33554432,原位／分页 append 载荷；不假定动态 torch.cat 对旧缓存整段复制。
76,qk,attention,"{""Q"": [1, 64, 8192, 128], ""K_shared"": [1, 8, 8192, 128], ""scores_rectangular"": [1, 64, 8192, 8192]}",549822922752,0,{},0,150994944,17179869184,FLOPs 仅有效因果位置；载荷是假定 Q/K 各读一次、GQA 头共享，完整分数矩阵物化。
76,score_scale_mask_softmax,softmax,"{""scores"": [1, 64, 8192, 8192]}",0,8590458880,"{""exp"": 2147745792, ""compare_max"": 2147221504, ""mask_decisions"": 4294967296}",0,17179869184,17179869184,选择的融合 scale/mask/softmax 代数工作；屏蔽点不计 exp。物化 FP32 默认概率；非具体 eager trace。
76,pv,attention,"{""P"": [1, 64, 8192, 8192], ""V_shared"": [1, 8, 8192, 128], ""output"": [1, 64, 8192, 128]}",549822922752,0,{},0,17196646400,134217728,PV/AV：各 Q 头仍计算；V 容量不乘 GQA 复制数。载荷假定 V 在头／查询之间理想复用。
76,o_proj,linear,"{""input"": [8192, 8192], ""weight_math"": [8192, 8192], ""weight_storage"": [8192, 8192], ""output"": [8192, 8192]}",1099511627776,0,{},134217728,134217728,134217728,独立 GEMM：权重与输入各读一次、输出写一次的操作数载荷；不预测 tile 重读。
76,attention_residual,residual,"{""inputs_each"": [8192, 8192], ""output"": [8192, 8192]}",0,67108864,{},0,268435456,134217728,
76,post_attention_layernorm,normalization,"{""input"": [8192, 8192], ""weight"": [8192], ""output"": [8192, 8192]}",0,268443648,"{""rsqrt"": 8192, ""cast_elements"": 134217728}",16384,134217728,134217728,按 FP32 行内归约的代数计数；rsqrt、类型转换与临时 FP32 张量分列／不推断 HBM spill。
76,gate_proj,linear,"{""input"": [8192, 8192], ""weight_math"": [8192, 28672], ""weight_storage"": [28672, 8192], ""output"": [8192, 28672]}",3848290697216,0,{},469762048,134217728,469762048,独立 GEMM：权重与输入各读一次、输出写一次的操作数载荷；不预测 tile 重读。
76,up_proj,linear,"{""input"": [8192, 8192], ""weight_math"": [8192, 28672], ""weight_storage"": [28672, 8192], ""output"": [8192, 28672]}",3848290697216,0,{},469762048,134217728,469762048,独立 GEMM：权重与输入各读一次、输出写一次的操作数载荷；不预测 tile 重读。
76,silu_mul,activation,"{""gate"": [8192, 28672], ""up"": [8192, 28672], ""output"": [8192, 28672]}",0,939524096,"{""exp"": 234881024, ""negate"": 234881024}",0,939524096,469762048,"sigmoid: exp(-x), +1, reciprocal；再乘 x 和 up。exp 与取负分列。"
76,down_proj,linear,"{""input"": [8192, 28672], ""weight_math"": [28672, 8192], ""weight_storage"": [8192, 28672], ""output"": [8192, 8192]}",3848290697216,0,{},469762048,469762048,134217728,独立 GEMM：权重与输入各读一次、输出写一次的操作数载荷；不预测 tile 重读。
76,ffn_residual,residual,"{""inputs_each"": [8192, 8192], ""output"": [8192, 8192]}",0,67108864,{},0,268435456,134217728,
77,input_layernorm,normalization,"{""input"": [8192, 8192], ""weight"": [8192], ""output"": [8192, 8192]}",0,268443648,"{""rsqrt"": 8192, ""cast_elements"": 134217728}",16384,134217728,134217728,按 FP32 行内归约的代数计数；rsqrt、类型转换与临时 FP32 张量分列／不推断 HBM spill。
77,q_proj,linear,"{""input"": [8192, 8192], ""weight_math"": [8192, 8192], ""weight_storage"": [8192, 8192], ""output"": [8192, 8192]}",1099511627776,0,{},134217728,134217728,134217728,独立 GEMM：权重与输入各读一次、输出写一次的操作数载荷；不预测 tile 重读。
77,k_proj,linear,"{""input"": [8192, 8192], ""weight_math"": [8192, 1024], ""weight_storage"": [1024, 8192], ""output"": [8192, 1024]}",137438953472,0,{},16777216,134217728,16777216,独立 GEMM：权重与输入各读一次、输出写一次的操作数载荷；不预测 tile 重读。
77,v_proj,linear,"{""input"": [8192, 8192], ""weight_math"": [8192, 1024], ""weight_storage"": [1024, 8192], ""output"": [8192, 1024]}",137438953472,0,{},16777216,134217728,16777216,独立 GEMM：权重与输入各读一次、输出写一次的操作数载荷；不预测 tile 重读。
77,apply_rope,position,"{""Q"": [1, 64, 8192, 128], ""K"": [1, 8, 8192, 128]}",0,226492416,"{""negate"": 37748736}",0,155189248,150994944,2 multiply + 1 add/元素，rotate_half 符号翻转分列；表按批／头理想复用。 Llama has no Q/K norm; shared default position table counted once per layer.
77,kv_append,state,"{""new_K_and_V_each"": [1, 8, 8192, 128]}",0,0,{},0,33554432,33554432,原位／分页 append 载荷；不假定动态 torch.cat 对旧缓存整段复制。
77,qk,attention,"{""Q"": [1, 64, 8192, 128], ""K_shared"": [1, 8, 8192, 128], ""scores_rectangular"": [1, 64, 8192, 8192]}",549822922752,0,{},0,150994944,17179869184,FLOPs 仅有效因果位置；载荷是假定 Q/K 各读一次、GQA 头共享，完整分数矩阵物化。
77,score_scale_mask_softmax,softmax,"{""scores"": [1, 64, 8192, 8192]}",0,8590458880,"{""exp"": 2147745792, ""compare_max"": 2147221504, ""mask_decisions"": 4294967296}",0,17179869184,17179869184,选择的融合 scale/mask/softmax 代数工作；屏蔽点不计 exp。物化 FP32 默认概率；非具体 eager trace。
77,pv,attention,"{""P"": [1, 64, 8192, 8192], ""V_shared"": [1, 8, 8192, 128], ""output"": [1, 64, 8192, 128]}",549822922752,0,{},0,17196646400,134217728,PV/AV：各 Q 头仍计算；V 容量不乘 GQA 复制数。载荷假定 V 在头／查询之间理想复用。
77,o_proj,linear,"{""input"": [8192, 8192], ""weight_math"": [8192, 8192], ""weight_storage"": [8192, 8192], ""output"": [8192, 8192]}",1099511627776,0,{},134217728,134217728,134217728,独立 GEMM：权重与输入各读一次、输出写一次的操作数载荷；不预测 tile 重读。
77,attention_residual,residual,"{""inputs_each"": [8192, 8192], ""output"": [8192, 8192]}",0,67108864,{},0,268435456,134217728,
77,post_attention_layernorm,normalization,"{""input"": [8192, 8192], ""weight"": [8192], ""output"": [8192, 8192]}",0,268443648,"{""rsqrt"": 8192, ""cast_elements"": 134217728}",16384,134217728,134217728,按 FP32 行内归约的代数计数；rsqrt、类型转换与临时 FP32 张量分列／不推断 HBM spill。
77,gate_proj,linear,"{""input"": [8192, 8192], ""weight_math"": [8192, 28672], ""weight_storage"": [28672, 8192], ""output"": [8192, 28672]}",3848290697216,0,{},469762048,134217728,469762048,独立 GEMM：权重与输入各读一次、输出写一次的操作数载荷；不预测 tile 重读。
77,up_proj,linear,"{""input"": [8192, 8192], ""weight_math"": [8192, 28672], ""weight_storage"": [28672, 8192], ""output"": [8192, 28672]}",3848290697216,0,{},469762048,134217728,469762048,独立 GEMM：权重与输入各读一次、输出写一次的操作数载荷；不预测 tile 重读。
77,silu_mul,activation,"{""gate"": [8192, 28672], ""up"": [8192, 28672], ""output"": [8192, 28672]}",0,939524096,"{""exp"": 234881024, ""negate"": 234881024}",0,939524096,469762048,"sigmoid: exp(-x), +1, reciprocal；再乘 x 和 up。exp 与取负分列。"
77,down_proj,linear,"{""input"": [8192, 28672], ""weight_math"": [28672, 8192], ""weight_storage"": [8192, 28672], ""output"": [8192, 8192]}",3848290697216,0,{},469762048,469762048,134217728,独立 GEMM：权重与输入各读一次、输出写一次的操作数载荷；不预测 tile 重读。
77,ffn_residual,residual,"{""inputs_each"": [8192, 8192], ""output"": [8192, 8192]}",0,67108864,{},0,268435456,134217728,
78,input_layernorm,normalization,"{""input"": [8192, 8192], ""weight"": [8192], ""output"": [8192, 8192]}",0,268443648,"{""rsqrt"": 8192, ""cast_elements"": 134217728}",16384,134217728,134217728,按 FP32 行内归约的代数计数；rsqrt、类型转换与临时 FP32 张量分列／不推断 HBM spill。
78,q_proj,linear,"{""input"": [8192, 8192], ""weight_math"": [8192, 8192], ""weight_storage"": [8192, 8192], ""output"": [8192, 8192]}",1099511627776,0,{},134217728,134217728,134217728,独立 GEMM：权重与输入各读一次、输出写一次的操作数载荷；不预测 tile 重读。
78,k_proj,linear,"{""input"": [8192, 8192], ""weight_math"": [8192, 1024], ""weight_storage"": [1024, 8192], ""output"": [8192, 1024]}",137438953472,0,{},16777216,134217728,16777216,独立 GEMM：权重与输入各读一次、输出写一次的操作数载荷；不预测 tile 重读。
78,v_proj,linear,"{""input"": [8192, 8192], ""weight_math"": [8192, 1024], ""weight_storage"": [1024, 8192], ""output"": [8192, 1024]}",137438953472,0,{},16777216,134217728,16777216,独立 GEMM：权重与输入各读一次、输出写一次的操作数载荷；不预测 tile 重读。
78,apply_rope,position,"{""Q"": [1, 64, 8192, 128], ""K"": [1, 8, 8192, 128]}",0,226492416,"{""negate"": 37748736}",0,155189248,150994944,2 multiply + 1 add/元素，rotate_half 符号翻转分列；表按批／头理想复用。 Llama has no Q/K norm; shared default position table counted once per layer.
78,kv_append,state,"{""new_K_and_V_each"": [1, 8, 8192, 128]}",0,0,{},0,33554432,33554432,原位／分页 append 载荷；不假定动态 torch.cat 对旧缓存整段复制。
78,qk,attention,"{""Q"": [1, 64, 8192, 128], ""K_shared"": [1, 8, 8192, 128], ""scores_rectangular"": [1, 64, 8192, 8192]}",549822922752,0,{},0,150994944,17179869184,FLOPs 仅有效因果位置；载荷是假定 Q/K 各读一次、GQA 头共享，完整分数矩阵物化。
78,score_scale_mask_softmax,softmax,"{""scores"": [1, 64, 8192, 8192]}",0,8590458880,"{""exp"": 2147745792, ""compare_max"": 2147221504, ""mask_decisions"": 4294967296}",0,17179869184,17179869184,选择的融合 scale/mask/softmax 代数工作；屏蔽点不计 exp。物化 FP32 默认概率；非具体 eager trace。
78,pv,attention,"{""P"": [1, 64, 8192, 8192], ""V_shared"": [1, 8, 8192, 128], ""output"": [1, 64, 8192, 128]}",549822922752,0,{},0,17196646400,134217728,PV/AV：各 Q 头仍计算；V 容量不乘 GQA 复制数。载荷假定 V 在头／查询之间理想复用。
78,o_proj,linear,"{""input"": [8192, 8192], ""weight_math"": [8192, 8192], ""weight_storage"": [8192, 8192], ""output"": [8192, 8192]}",1099511627776,0,{},134217728,134217728,134217728,独立 GEMM：权重与输入各读一次、输出写一次的操作数载荷；不预测 tile 重读。
78,attention_residual,residual,"{""inputs_each"": [8192, 8192], ""output"": [8192, 8192]}",0,67108864,{},0,268435456,134217728,
78,post_attention_layernorm,normalization,"{""input"": [8192, 8192], ""weight"": [8192], ""output"": [8192, 8192]}",0,268443648,"{""rsqrt"": 8192, ""cast_elements"": 134217728}",16384,134217728,134217728,按 FP32 行内归约的代数计数；rsqrt、类型转换与临时 FP32 张量分列／不推断 HBM spill。
78,gate_proj,linear,"{""input"": [8192, 8192], ""weight_math"": [8192, 28672], ""weight_storage"": [28672, 8192], ""output"": [8192, 28672]}",3848290697216,0,{},469762048,134217728,469762048,独立 GEMM：权重与输入各读一次、输出写一次的操作数载荷；不预测 tile 重读。
78,up_proj,linear,"{""input"": [8192, 8192], ""weight_math"": [8192, 28672], ""weight_storage"": [28672, 8192], ""output"": [8192, 28672]}",3848290697216,0,{},469762048,134217728,469762048,独立 GEMM：权重与输入各读一次、输出写一次的操作数载荷；不预测 tile 重读。
78,silu_mul,activation,"{""gate"": [8192, 28672], ""up"": [8192, 28672], ""output"": [8192, 28672]}",0,939524096,"{""exp"": 234881024, ""negate"": 234881024}",0,939524096,469762048,"sigmoid: exp(-x), +1, reciprocal；再乘 x 和 up。exp 与取负分列。"
78,down_proj,linear,"{""input"": [8192, 28672], ""weight_math"": [28672, 8192], ""weight_storage"": [8192, 28672], ""output"": [8192, 8192]}",3848290697216,0,{},469762048,469762048,134217728,独立 GEMM：权重与输入各读一次、输出写一次的操作数载荷；不预测 tile 重读。
78,ffn_residual,residual,"{""inputs_each"": [8192, 8192], ""output"": [8192, 8192]}",0,67108864,{},0,268435456,134217728,
79,input_layernorm,normalization,"{""input"": [8192, 8192], ""weight"": [8192], ""output"": [8192, 8192]}",0,268443648,"{""rsqrt"": 8192, ""cast_elements"": 134217728}",16384,134217728,134217728,按 FP32 行内归约的代数计数；rsqrt、类型转换与临时 FP32 张量分列／不推断 HBM spill。
79,q_proj,linear,"{""input"": [8192, 8192], ""weight_math"": [8192, 8192], ""weight_storage"": [8192, 8192], ""output"": [8192, 8192]}",1099511627776,0,{},134217728,134217728,134217728,独立 GEMM：权重与输入各读一次、输出写一次的操作数载荷；不预测 tile 重读。
79,k_proj,linear,"{""input"": [8192, 8192], ""weight_math"": [8192, 1024], ""weight_storage"": [1024, 8192], ""output"": [8192, 1024]}",137438953472,0,{},16777216,134217728,16777216,独立 GEMM：权重与输入各读一次、输出写一次的操作数载荷；不预测 tile 重读。
79,v_proj,linear,"{""input"": [8192, 8192], ""weight_math"": [8192, 1024], ""weight_storage"": [1024, 8192], ""output"": [8192, 1024]}",137438953472,0,{},16777216,134217728,16777216,独立 GEMM：权重与输入各读一次、输出写一次的操作数载荷；不预测 tile 重读。
79,apply_rope,position,"{""Q"": [1, 64, 8192, 128], ""K"": [1, 8, 8192, 128]}",0,226492416,"{""negate"": 37748736}",0,155189248,150994944,2 multiply + 1 add/元素，rotate_half 符号翻转分列；表按批／头理想复用。 Llama has no Q/K norm; shared default position table counted once per layer.
79,kv_append,state,"{""new_K_and_V_each"": [1, 8, 8192, 128]}",0,0,{},0,33554432,33554432,原位／分页 append 载荷；不假定动态 torch.cat 对旧缓存整段复制。
79,qk,attention,"{""Q"": [1, 64, 8192, 128], ""K_shared"": [1, 8, 8192, 128], ""scores_rectangular"": [1, 64, 8192, 8192]}",549822922752,0,{},0,150994944,17179869184,FLOPs 仅有效因果位置；载荷是假定 Q/K 各读一次、GQA 头共享，完整分数矩阵物化。
79,score_scale_mask_softmax,softmax,"{""scores"": [1, 64, 8192, 8192]}",0,8590458880,"{""exp"": 2147745792, ""compare_max"": 2147221504, ""mask_decisions"": 4294967296}",0,17179869184,17179869184,选择的融合 scale/mask/softmax 代数工作；屏蔽点不计 exp。物化 FP32 默认概率；非具体 eager trace。
79,pv,attention,"{""P"": [1, 64, 8192, 8192], ""V_shared"": [1, 8, 8192, 128], ""output"": [1, 64, 8192, 128]}",549822922752,0,{},0,17196646400,134217728,PV/AV：各 Q 头仍计算；V 容量不乘 GQA 复制数。载荷假定 V 在头／查询之间理想复用。
79,o_proj,linear,"{""input"": [8192, 8192], ""weight_math"": [8192, 8192], ""weight_storage"": [8192, 8192], ""output"": [8192, 8192]}",1099511627776,0,{},134217728,134217728,134217728,独立 GEMM：权重与输入各读一次、输出写一次的操作数载荷；不预测 tile 重读。
79,attention_residual,residual,"{""inputs_each"": [8192, 8192], ""output"": [8192, 8192]}",0,67108864,{},0,268435456,134217728,
79,post_attention_layernorm,normalization,"{""input"": [8192, 8192], ""weight"": [8192], ""output"": [8192, 8192]}",0,268443648,"{""rsqrt"": 8192, ""cast_elements"": 134217728}",16384,134217728,134217728,按 FP32 行内归约的代数计数；rsqrt、类型转换与临时 FP32 张量分列／不推断 HBM spill。
79,gate_proj,linear,"{""input"": [8192, 8192], ""weight_math"": [8192, 28672], ""weight_storage"": [28672, 8192], ""output"": [8192, 28672]}",3848290697216,0,{},469762048,134217728,469762048,独立 GEMM：权重与输入各读一次、输出写一次的操作数载荷；不预测 tile 重读。
79,up_proj,linear,"{""input"": [8192, 8192], ""weight_math"": [8192, 28672], ""weight_storage"": [28672, 8192], ""output"": [8192, 28672]}",3848290697216,0,{},469762048,134217728,469762048,独立 GEMM：权重与输入各读一次、输出写一次的操作数载荷；不预测 tile 重读。
79,silu_mul,activation,"{""gate"": [8192, 28672], ""up"": [8192, 28672], ""output"": [8192, 28672]}",0,939524096,"{""exp"": 234881024, ""negate"": 234881024}",0,939524096,469762048,"sigmoid: exp(-x), +1, reciprocal；再乘 x 和 up。exp 与取负分列。"
79,down_proj,linear,"{""input"": [8192, 28672], ""weight_math"": [28672, 8192], ""weight_storage"": [8192, 28672], ""output"": [8192, 8192]}",3848290697216,0,{},469762048,469762048,134217728,独立 GEMM：权重与输入各读一次、输出写一次的操作数载荷；不预测 tile 重读。
79,ffn_residual,residual,"{""inputs_each"": [8192, 8192], ""output"": [8192, 8192]}",0,67108864,{},0,268435456,134217728,
global,llama3_rope_table,position,"{""frequencies"": [1, 8192, 64], ""cos_sin_each"": [1, 8192, 128]}",0,2621440,"{""sin"": 1048576, ""cos"": 1048576, ""cast_position_elements"": 8192, ""cast_cos_sin_elements"": 2097152, ""concat_copy_elements"": 1048576}",0,65792,4194304,"Default position_ids has leading size1 and broadcasts across requests; inv_freq @ positions has reduction width1 so one multiply per frequency. Frequency cat duplicates values; sin/cos and scaling-by1 both retained. One table per forward, shared across80 layers; FP32 intermediates on-chip boundary."
global,final_norm,normalization,"{""input"": [8192, 8192], ""weight"": [8192], ""output"": [8192, 8192]}",0,268443648,"{""rsqrt"": 8192, ""cast_elements"": 134217728}",16384,134217728,134217728,按 FP32 行内归约的代数计数；rsqrt、类型转换与临时 FP32 张量分列／不推断 HBM spill。
global,lm_head,linear,"{""input"": [1, 8192], ""weight_math"": [8192, 128256], ""weight_storage"": [128256, 8192], ""output"": [1, 128256]}",2101346304,0,{},2101346304,16384,256512,独立 GEMM：权重与输入各读一次、输出写一次的操作数载荷；不预测 tile 重读。
