layer,name,category,shapes,matrix_flops,scalar_flops,special_ops,weight_read_bytes,activation_read_bytes,activation_write_bytes,notes,repeats
aggregate; see repeats,embedding,gather,"{""ids"": [64, 1], ""output"": [64, 2048]}",0,0,{},262144,512,262144,,1
aggregate; see repeats,input_and_post_attention_norm,normalization,"{""rows"": 64, ""width"": 2048}",0,526400,"{""rsqrt"": 64}",4096,262144,262144,"FP32 internal arithmetic; interfaces are BF16 input/output, not internal conversion traffic.",80
aggregate; see repeats,two_residuals_per_layer,elementwise,{},0,131072,{},0,524288,262144,,80
aggregate; see repeats,full.q_and_gate,linear,"{""input"": [64, 2048], ""weight_math"": [2048, 8192], ""weight_storage"": [8192, 2048], ""output"": [64, 8192]}",2147483648,0,{},33554432,262144,1048576,独立 GEMM：权重与输入各读一次、输出写一次的操作数载荷；不预测 tile 重读。,10
aggregate; see repeats,full.key,linear,"{""input"": [64, 2048], ""weight_math"": [2048, 512], ""weight_storage"": [512, 2048], ""output"": [64, 512]}",134217728,0,{},2097152,262144,65536,独立 GEMM：权重与输入各读一次、输出写一次的操作数载荷；不预测 tile 重读。,10
aggregate; see repeats,full.value,linear,"{""input"": [64, 2048], ""weight_math"": [2048, 512], ""weight_storage"": [512, 2048], ""output"": [64, 512]}",134217728,0,{},2097152,262144,65536,独立 GEMM：权重与输入各读一次、输出写一次的操作数载荷；不预测 tile 重读。,10
aggregate; see repeats,full.output,linear,"{""input"": [64, 4096], ""weight_math"": [4096, 2048], ""weight_storage"": [2048, 4096], ""output"": [64, 2048]}",1073741824,0,{},16777216,524288,262144,独立 GEMM：权重与输入各读一次、输出写一次的操作数载荷；不预测 tile 重读。,10
aggregate; see repeats,full.q_norm,normalization,"{""rows"": 1024, ""width"": 256}",0,1049856,"{""rsqrt"": 1024}",512,524288,524288,"FP32 internal arithmetic; interfaces are BF16 input/output, not internal conversion traffic.",10
aggregate; see repeats,full.k_norm,normalization,"{""rows"": 128, ""width"": 256}",0,131456,"{""rsqrt"": 128}",512,65536,65536,"FP32 internal arithmetic; interfaces are BF16 input/output, not internal conversion traffic.",10
aggregate; see repeats,full.apply_partial_rope,rotary,{},0,221184,{},0,147456,147456,Rotation multiplication/addition only; shared position-id and sin/cos construction are listed in the reference supplement.,10
aggregate; see repeats,full.QK,attention_matrix,"{""valid_pairs"": 524352, ""rectangular_pairs"": 524352, ""heads"": 16, ""head_dim"": 256}",4295491584,0,{},0,0,0,"Valid causal arithmetic; eager full rectangle work is separately reported, not inferred GPU execution.",10
aggregate; see repeats,full.PV,attention_matrix,"{""valid_pairs"": 524352, ""rectangular_pairs"": 524352, ""heads"": 16, ""head_dim"": 256}",4295491584,0,{},0,0,0,"Valid causal arithmetic; eager full rectangle work is separately reported, not inferred GPU execution.",10
aggregate; see repeats,full.softmax,softmax,{},0,33557504,"{""exp"": 8389632, ""max_comparisons"": 8388608}",0,0,0,"Scale/subtract/reduce/divide over valid pairs; softmax FP32, full score materialization not assumed.",10
aggregate; see repeats,full.output_gate,elementwise,{},0,262144,"{""sigmoid"": 262144}",0,1048576,524288,,10
aggregate; see repeats,linear.qkv,linear,"{""input"": [64, 2048], ""weight_math"": [2048, 8192], ""weight_storage"": [8192, 2048], ""output"": [64, 8192]}",2147483648,0,{},33554432,262144,1048576,独立 GEMM：权重与输入各读一次、输出写一次的操作数载荷；不预测 tile 重读。,30
aggregate; see repeats,linear.z,linear,"{""input"": [64, 2048], ""weight_math"": [2048, 4096], ""weight_storage"": [4096, 2048], ""output"": [64, 4096]}",1073741824,0,{},16777216,262144,524288,独立 GEMM：权重与输入各读一次、输出写一次的操作数载荷；不预测 tile 重读。,30
aggregate; see repeats,linear.a,linear,"{""input"": [64, 2048], ""weight_math"": [2048, 32], ""weight_storage"": [32, 2048], ""output"": [64, 32]}",8388608,0,{},131072,262144,4096,独立 GEMM：权重与输入各读一次、输出写一次的操作数载荷；不预测 tile 重读。,30
aggregate; see repeats,linear.b,linear,"{""input"": [64, 2048], ""weight_math"": [2048, 32], ""weight_storage"": [32, 2048], ""output"": [64, 32]}",8388608,0,{},131072,262144,4096,独立 GEMM：权重与输入各读一次、输出写一次的操作数载荷；不预测 tile 重读。,30
aggregate; see repeats,linear.output,linear,"{""input"": [64, 4096], ""weight_math"": [4096, 2048], ""weight_storage"": [2048, 4096], ""output"": [64, 2048]}",1073741824,0,{},16777216,524288,262144,独立 GEMM：权重与输入各读一次、输出写一次的操作数载荷；不预测 tile 重读。,30
aggregate; see repeats,linear.causal_conv_valid,depthwise_conv,"{""channels"": 8192, ""kernel"": 4, ""valid_taps_per_channel_request"": 4}",4194304,0,{},65536,0,0,Only mathematically valid nonpadding tap products. Padded fallback conv1d and cached history recomputation are not this valid subtotal.,30
aggregate; see repeats,linear.conv_silu,activation,{},0,524288,"{""sigmoid"": 524288}",0,1048576,1048576,,30
aggregate; see repeats,linear.decay_and_beta,gate,{},0,4096,"{""exp"": 32, ""softplus"": 2048, ""sigmoid"": 2048}",128,0,0,A_log.float() and a.float() establish FP32 decay arithmetic; A_log/dt_bias operand bytes follow verified checkpoint dtypes. exp(A_log) once per invocation; explicit cast interfaces are in the supplement.,30
aggregate; see repeats,linear.repeat_qk,copy,"{""repeat_factor"": 2}",0,0,{},0,524288,1048576,Logical expanded Q/K interfaces; a kernel can avoid materialization.,30
aggregate; see repeats,linear.qk_l2norm_and_query_scale,normalization,{},0,1835008,"{""rsqrt"": 4096}",0,0,0,"Squares,reduction,epsilon,normalization plus query scaling; FP32 core. Reduction convention counts KD-1 additions.",30
aggregate; see repeats,linear.gated_output_norm,normalization,"{""rows"": 2048, ""width"": 128}",0,1050624,"{""rsqrt"": 2048}",256,524288,524288,"FP32 internal arithmetic; interfaces are BF16 input/output, not internal conversion traffic.",30
aggregate; see repeats,linear.norm_z_gate,activation,{},0,524288,"{""sigmoid"": 262144}",0,0,0,SiLU(z) then multiplication with normalized values.,30
aggregate; see repeats,linear.recurrent.state_read_K,state_matrix,"{""loop_tokens"": 1, ""state"": [64, 32, 128, 128]}",67108864,0,{},0,0,0,,30
aggregate; see repeats,linear.recurrent.outer_update,state_matrix,{},67108864,0,{},0,0,0,,30
aggregate; see repeats,linear.recurrent.state_read_Q,state_matrix,{},67108864,0,{},0,0,0,,30
aggregate; see repeats,linear.recurrent.decay_delta,elementwise,{},0,34078720,"{""exp"": 2048}",0,134217728,134217728,One logical persistent-state read/write; intermediate state passes not counted as measured memory.,30
aggregate; see repeats,moe.router,linear,"{""input"": [64, 2048], ""weight_math"": [2048, 256], ""weight_storage"": [256, 2048], ""output"": [64, 256]}",67108864,0,{},1048576,262144,32768,独立 GEMM：权重与输入各读一次、输出写一次的操作数载荷；不预测 tile 重读。,40
aggregate; see repeats,moe.router_softmax_topk,router,{},0,50048,"{""exp"": 16384, ""topk_selections"": 64, ""max_comparisons"": 16320}",0,0,0,Topk algorithm comparison count unknown; FP32 probabilities and top8 renormalization.,40
aggregate; see repeats,moe.expert0.gate_up,linear,"{""input"": [2, 2048], ""weight_math"": [2048, 1024], ""weight_storage"": [1024, 2048], ""output"": [2, 1024]}",8388608,0,{},4194304,8192,4096,独立 GEMM：权重与输入各读一次、输出写一次的操作数载荷；不预测 tile 重读。,40
aggregate; see repeats,moe.expert0.down,linear,"{""input"": [2, 512], ""weight_math"": [512, 2048], ""weight_storage"": [2048, 512], ""output"": [2, 2048]}",4194304,0,{},2097152,2048,8192,独立 GEMM：权重与输入各读一次、输出写一次的操作数载荷；不预测 tile 重读。,40
aggregate; see repeats,moe.expert1.gate_up,linear,"{""input"": [2, 2048], ""weight_math"": [2048, 1024], ""weight_storage"": [1024, 2048], ""output"": [2, 1024]}",8388608,0,{},4194304,8192,4096,独立 GEMM：权重与输入各读一次、输出写一次的操作数载荷；不预测 tile 重读。,40
aggregate; see repeats,moe.expert1.down,linear,"{""input"": [2, 512], ""weight_math"": [512, 2048], ""weight_storage"": [2048, 512], ""output"": [2, 2048]}",4194304,0,{},2097152,2048,8192,独立 GEMM：权重与输入各读一次、输出写一次的操作数载荷；不预测 tile 重读。,40
aggregate; see repeats,moe.expert2.gate_up,linear,"{""input"": [2, 2048], ""weight_math"": [2048, 1024], ""weight_storage"": [1024, 2048], ""output"": [2, 1024]}",8388608,0,{},4194304,8192,4096,独立 GEMM：权重与输入各读一次、输出写一次的操作数载荷；不预测 tile 重读。,40
aggregate; see repeats,moe.expert2.down,linear,"{""input"": [2, 512], ""weight_math"": [512, 2048], ""weight_storage"": [2048, 512], ""output"": [2, 2048]}",4194304,0,{},2097152,2048,8192,独立 GEMM：权重与输入各读一次、输出写一次的操作数载荷；不预测 tile 重读。,40
aggregate; see repeats,moe.expert3.gate_up,linear,"{""input"": [2, 2048], ""weight_math"": [2048, 1024], ""weight_storage"": [1024, 2048], ""output"": [2, 1024]}",8388608,0,{},4194304,8192,4096,独立 GEMM：权重与输入各读一次、输出写一次的操作数载荷；不预测 tile 重读。,40
aggregate; see repeats,moe.expert3.down,linear,"{""input"": [2, 512], ""weight_math"": [512, 2048], ""weight_storage"": [2048, 512], ""output"": [2, 2048]}",4194304,0,{},2097152,2048,8192,独立 GEMM：权重与输入各读一次、输出写一次的操作数载荷；不预测 tile 重读。,40
aggregate; see repeats,moe.expert4.gate_up,linear,"{""input"": [2, 2048], ""weight_math"": [2048, 1024], ""weight_storage"": [1024, 2048], ""output"": [2, 1024]}",8388608,0,{},4194304,8192,4096,独立 GEMM：权重与输入各读一次、输出写一次的操作数载荷；不预测 tile 重读。,40
aggregate; see repeats,moe.expert4.down,linear,"{""input"": [2, 512], ""weight_math"": [512, 2048], ""weight_storage"": [2048, 512], ""output"": [2, 2048]}",4194304,0,{},2097152,2048,8192,独立 GEMM：权重与输入各读一次、输出写一次的操作数载荷；不预测 tile 重读。,40
aggregate; see repeats,moe.expert5.gate_up,linear,"{""input"": [2, 2048], ""weight_math"": [2048, 1024], ""weight_storage"": [1024, 2048], ""output"": [2, 1024]}",8388608,0,{},4194304,8192,4096,独立 GEMM：权重与输入各读一次、输出写一次的操作数载荷；不预测 tile 重读。,40
aggregate; see repeats,moe.expert5.down,linear,"{""input"": [2, 512], ""weight_math"": [512, 2048], ""weight_storage"": [2048, 512], ""output"": [2, 2048]}",4194304,0,{},2097152,2048,8192,独立 GEMM：权重与输入各读一次、输出写一次的操作数载荷；不预测 tile 重读。,40
aggregate; see repeats,moe.expert6.gate_up,linear,"{""input"": [2, 2048], ""weight_math"": [2048, 1024], ""weight_storage"": [1024, 2048], ""output"": [2, 1024]}",8388608,0,{},4194304,8192,4096,独立 GEMM：权重与输入各读一次、输出写一次的操作数载荷；不预测 tile 重读。,40
aggregate; see repeats,moe.expert6.down,linear,"{""input"": [2, 512], ""weight_math"": [512, 2048], ""weight_storage"": [2048, 512], ""output"": [2, 2048]}",4194304,0,{},2097152,2048,8192,独立 GEMM：权重与输入各读一次、输出写一次的操作数载荷；不预测 tile 重读。,40
aggregate; see repeats,moe.expert7.gate_up,linear,"{""input"": [2, 2048], ""weight_math"": [2048, 1024], ""weight_storage"": [1024, 2048], ""output"": [2, 1024]}",8388608,0,{},4194304,8192,4096,独立 GEMM：权重与输入各读一次、输出写一次的操作数载荷；不预测 tile 重读。,40
aggregate; see repeats,moe.expert7.down,linear,"{""input"": [2, 512], ""weight_math"": [512, 2048], ""weight_storage"": [2048, 512], ""output"": [2, 2048]}",4194304,0,{},2097152,2048,8192,独立 GEMM：权重与输入各读一次、输出写一次的操作数载荷；不预测 tile 重读。,40
aggregate; see repeats,moe.expert8.gate_up,linear,"{""input"": [2, 2048], ""weight_math"": [2048, 1024], ""weight_storage"": [1024, 2048], ""output"": [2, 1024]}",8388608,0,{},4194304,8192,4096,独立 GEMM：权重与输入各读一次、输出写一次的操作数载荷；不预测 tile 重读。,40
aggregate; see repeats,moe.expert8.down,linear,"{""input"": [2, 512], ""weight_math"": [512, 2048], ""weight_storage"": [2048, 512], ""output"": [2, 2048]}",4194304,0,{},2097152,2048,8192,独立 GEMM：权重与输入各读一次、输出写一次的操作数载荷；不预测 tile 重读。,40
aggregate; see repeats,moe.expert9.gate_up,linear,"{""input"": [2, 2048], ""weight_math"": [2048, 1024], ""weight_storage"": [1024, 2048], ""output"": [2, 1024]}",8388608,0,{},4194304,8192,4096,独立 GEMM：权重与输入各读一次、输出写一次的操作数载荷；不预测 tile 重读。,40
aggregate; see repeats,moe.expert9.down,linear,"{""input"": [2, 512], ""weight_math"": [512, 2048], ""weight_storage"": [2048, 512], ""output"": [2, 2048]}",4194304,0,{},2097152,2048,8192,独立 GEMM：权重与输入各读一次、输出写一次的操作数载荷；不预测 tile 重读。,40
aggregate; see repeats,moe.expert10.gate_up,linear,"{""input"": [2, 2048], ""weight_math"": [2048, 1024], ""weight_storage"": [1024, 2048], ""output"": [2, 1024]}",8388608,0,{},4194304,8192,4096,独立 GEMM：权重与输入各读一次、输出写一次的操作数载荷；不预测 tile 重读。,40
aggregate; see repeats,moe.expert10.down,linear,"{""input"": [2, 512], ""weight_math"": [512, 2048], ""weight_storage"": [2048, 512], ""output"": [2, 2048]}",4194304,0,{},2097152,2048,8192,独立 GEMM：权重与输入各读一次、输出写一次的操作数载荷；不预测 tile 重读。,40
aggregate; see repeats,moe.expert11.gate_up,linear,"{""input"": [2, 2048], ""weight_math"": [2048, 1024], ""weight_storage"": [1024, 2048], ""output"": [2, 1024]}",8388608,0,{},4194304,8192,4096,独立 GEMM：权重与输入各读一次、输出写一次的操作数载荷；不预测 tile 重读。,40
aggregate; see repeats,moe.expert11.down,linear,"{""input"": [2, 512], ""weight_math"": [512, 2048], ""weight_storage"": [2048, 512], ""output"": [2, 2048]}",4194304,0,{},2097152,2048,8192,独立 GEMM：权重与输入各读一次、输出写一次的操作数载荷；不预测 tile 重读。,40
aggregate; see repeats,moe.expert12.gate_up,linear,"{""input"": [2, 2048], ""weight_math"": [2048, 1024], ""weight_storage"": [1024, 2048], ""output"": [2, 1024]}",8388608,0,{},4194304,8192,4096,独立 GEMM：权重与输入各读一次、输出写一次的操作数载荷；不预测 tile 重读。,40
aggregate; see repeats,moe.expert12.down,linear,"{""input"": [2, 512], ""weight_math"": [512, 2048], ""weight_storage"": [2048, 512], ""output"": [2, 2048]}",4194304,0,{},2097152,2048,8192,独立 GEMM：权重与输入各读一次、输出写一次的操作数载荷；不预测 tile 重读。,40
aggregate; see repeats,moe.expert13.gate_up,linear,"{""input"": [2, 2048], ""weight_math"": [2048, 1024], ""weight_storage"": [1024, 2048], ""output"": [2, 1024]}",8388608,0,{},4194304,8192,4096,独立 GEMM：权重与输入各读一次、输出写一次的操作数载荷；不预测 tile 重读。,40
aggregate; see repeats,moe.expert13.down,linear,"{""input"": [2, 512], ""weight_math"": [512, 2048], ""weight_storage"": [2048, 512], ""output"": [2, 2048]}",4194304,0,{},2097152,2048,8192,独立 GEMM：权重与输入各读一次、输出写一次的操作数载荷；不预测 tile 重读。,40
aggregate; see repeats,moe.expert14.gate_up,linear,"{""input"": [2, 2048], ""weight_math"": [2048, 1024], ""weight_storage"": [1024, 2048], ""output"": [2, 1024]}",8388608,0,{},4194304,8192,4096,独立 GEMM：权重与输入各读一次、输出写一次的操作数载荷；不预测 tile 重读。,40
aggregate; see repeats,moe.expert14.down,linear,"{""input"": [2, 512], ""weight_math"": [512, 2048], ""weight_storage"": [2048, 512], ""output"": [2, 2048]}",4194304,0,{},2097152,2048,8192,独立 GEMM：权重与输入各读一次、输出写一次的操作数载荷；不预测 tile 重读。,40
aggregate; see repeats,moe.expert15.gate_up,linear,"{""input"": [2, 2048], ""weight_math"": [2048, 1024], ""weight_storage"": [1024, 2048], ""output"": [2, 1024]}",8388608,0,{},4194304,8192,4096,独立 GEMM：权重与输入各读一次、输出写一次的操作数载荷；不预测 tile 重读。,40
aggregate; see repeats,moe.expert15.down,linear,"{""input"": [2, 512], ""weight_math"": [512, 2048], ""weight_storage"": [2048, 512], ""output"": [2, 2048]}",4194304,0,{},2097152,2048,8192,独立 GEMM：权重与输入各读一次、输出写一次的操作数载荷；不预测 tile 重读。,40
aggregate; see repeats,moe.expert16.gate_up,linear,"{""input"": [2, 2048], ""weight_math"": [2048, 1024], ""weight_storage"": [1024, 2048], ""output"": [2, 1024]}",8388608,0,{},4194304,8192,4096,独立 GEMM：权重与输入各读一次、输出写一次的操作数载荷；不预测 tile 重读。,40
aggregate; see repeats,moe.expert16.down,linear,"{""input"": [2, 512], ""weight_math"": [512, 2048], ""weight_storage"": [2048, 512], ""output"": [2, 2048]}",4194304,0,{},2097152,2048,8192,独立 GEMM：权重与输入各读一次、输出写一次的操作数载荷；不预测 tile 重读。,40
aggregate; see repeats,moe.expert17.gate_up,linear,"{""input"": [2, 2048], ""weight_math"": [2048, 1024], ""weight_storage"": [1024, 2048], ""output"": [2, 1024]}",8388608,0,{},4194304,8192,4096,独立 GEMM：权重与输入各读一次、输出写一次的操作数载荷；不预测 tile 重读。,40
aggregate; see repeats,moe.expert17.down,linear,"{""input"": [2, 512], ""weight_math"": [512, 2048], ""weight_storage"": [2048, 512], ""output"": [2, 2048]}",4194304,0,{},2097152,2048,8192,独立 GEMM：权重与输入各读一次、输出写一次的操作数载荷；不预测 tile 重读。,40
aggregate; see repeats,moe.expert18.gate_up,linear,"{""input"": [2, 2048], ""weight_math"": [2048, 1024], ""weight_storage"": [1024, 2048], ""output"": [2, 1024]}",8388608,0,{},4194304,8192,4096,独立 GEMM：权重与输入各读一次、输出写一次的操作数载荷；不预测 tile 重读。,40
aggregate; see repeats,moe.expert18.down,linear,"{""input"": [2, 512], ""weight_math"": [512, 2048], ""weight_storage"": [2048, 512], ""output"": [2, 2048]}",4194304,0,{},2097152,2048,8192,独立 GEMM：权重与输入各读一次、输出写一次的操作数载荷；不预测 tile 重读。,40
aggregate; see repeats,moe.expert19.gate_up,linear,"{""input"": [2, 2048], ""weight_math"": [2048, 1024], ""weight_storage"": [1024, 2048], ""output"": [2, 1024]}",8388608,0,{},4194304,8192,4096,独立 GEMM：权重与输入各读一次、输出写一次的操作数载荷；不预测 tile 重读。,40
aggregate; see repeats,moe.expert19.down,linear,"{""input"": [2, 512], ""weight_math"": [512, 2048], ""weight_storage"": [2048, 512], ""output"": [2, 2048]}",4194304,0,{},2097152,2048,8192,独立 GEMM：权重与输入各读一次、输出写一次的操作数载荷；不预测 tile 重读。,40
aggregate; see repeats,moe.expert20.gate_up,linear,"{""input"": [2, 2048], ""weight_math"": [2048, 1024], ""weight_storage"": [1024, 2048], ""output"": [2, 1024]}",8388608,0,{},4194304,8192,4096,独立 GEMM：权重与输入各读一次、输出写一次的操作数载荷；不预测 tile 重读。,40
aggregate; see repeats,moe.expert20.down,linear,"{""input"": [2, 512], ""weight_math"": [512, 2048], ""weight_storage"": [2048, 512], ""output"": [2, 2048]}",4194304,0,{},2097152,2048,8192,独立 GEMM：权重与输入各读一次、输出写一次的操作数载荷；不预测 tile 重读。,40
aggregate; see repeats,moe.expert21.gate_up,linear,"{""input"": [2, 2048], ""weight_math"": [2048, 1024], ""weight_storage"": [1024, 2048], ""output"": [2, 1024]}",8388608,0,{},4194304,8192,4096,独立 GEMM：权重与输入各读一次、输出写一次的操作数载荷；不预测 tile 重读。,40
aggregate; see repeats,moe.expert21.down,linear,"{""input"": [2, 512], ""weight_math"": [512, 2048], ""weight_storage"": [2048, 512], ""output"": [2, 2048]}",4194304,0,{},2097152,2048,8192,独立 GEMM：权重与输入各读一次、输出写一次的操作数载荷；不预测 tile 重读。,40
aggregate; see repeats,moe.expert22.gate_up,linear,"{""input"": [2, 2048], ""weight_math"": [2048, 1024], ""weight_storage"": [1024, 2048], ""output"": [2, 1024]}",8388608,0,{},4194304,8192,4096,独立 GEMM：权重与输入各读一次、输出写一次的操作数载荷；不预测 tile 重读。,40
aggregate; see repeats,moe.expert22.down,linear,"{""input"": [2, 512], ""weight_math"": [512, 2048], ""weight_storage"": [2048, 512], ""output"": [2, 2048]}",4194304,0,{},2097152,2048,8192,独立 GEMM：权重与输入各读一次、输出写一次的操作数载荷；不预测 tile 重读。,40
aggregate; see repeats,moe.expert23.gate_up,linear,"{""input"": [2, 2048], ""weight_math"": [2048, 1024], ""weight_storage"": [1024, 2048], ""output"": [2, 1024]}",8388608,0,{},4194304,8192,4096,独立 GEMM：权重与输入各读一次、输出写一次的操作数载荷；不预测 tile 重读。,40
aggregate; see repeats,moe.expert23.down,linear,"{""input"": [2, 512], ""weight_math"": [512, 2048], ""weight_storage"": [2048, 512], ""output"": [2, 2048]}",4194304,0,{},2097152,2048,8192,独立 GEMM：权重与输入各读一次、输出写一次的操作数载荷；不预测 tile 重读。,40
aggregate; see repeats,moe.expert24.gate_up,linear,"{""input"": [2, 2048], ""weight_math"": [2048, 1024], ""weight_storage"": [1024, 2048], ""output"": [2, 1024]}",8388608,0,{},4194304,8192,4096,独立 GEMM：权重与输入各读一次、输出写一次的操作数载荷；不预测 tile 重读。,40
aggregate; see repeats,moe.expert24.down,linear,"{""input"": [2, 512], ""weight_math"": [512, 2048], ""weight_storage"": [2048, 512], ""output"": [2, 2048]}",4194304,0,{},2097152,2048,8192,独立 GEMM：权重与输入各读一次、输出写一次的操作数载荷；不预测 tile 重读。,40
aggregate; see repeats,moe.expert25.gate_up,linear,"{""input"": [2, 2048], ""weight_math"": [2048, 1024], ""weight_storage"": [1024, 2048], ""output"": [2, 1024]}",8388608,0,{},4194304,8192,4096,独立 GEMM：权重与输入各读一次、输出写一次的操作数载荷；不预测 tile 重读。,40
aggregate; see repeats,moe.expert25.down,linear,"{""input"": [2, 512], ""weight_math"": [512, 2048], ""weight_storage"": [2048, 512], ""output"": [2, 2048]}",4194304,0,{},2097152,2048,8192,独立 GEMM：权重与输入各读一次、输出写一次的操作数载荷；不预测 tile 重读。,40
aggregate; see repeats,moe.expert26.gate_up,linear,"{""input"": [2, 2048], ""weight_math"": [2048, 1024], ""weight_storage"": [1024, 2048], ""output"": [2, 1024]}",8388608,0,{},4194304,8192,4096,独立 GEMM：权重与输入各读一次、输出写一次的操作数载荷；不预测 tile 重读。,40
aggregate; see repeats,moe.expert26.down,linear,"{""input"": [2, 512], ""weight_math"": [512, 2048], ""weight_storage"": [2048, 512], ""output"": [2, 2048]}",4194304,0,{},2097152,2048,8192,独立 GEMM：权重与输入各读一次、输出写一次的操作数载荷；不预测 tile 重读。,40
aggregate; see repeats,moe.expert27.gate_up,linear,"{""input"": [2, 2048], ""weight_math"": [2048, 1024], ""weight_storage"": [1024, 2048], ""output"": [2, 1024]}",8388608,0,{},4194304,8192,4096,独立 GEMM：权重与输入各读一次、输出写一次的操作数载荷；不预测 tile 重读。,40
aggregate; see repeats,moe.expert27.down,linear,"{""input"": [2, 512], ""weight_math"": [512, 2048], ""weight_storage"": [2048, 512], ""output"": [2, 2048]}",4194304,0,{},2097152,2048,8192,独立 GEMM：权重与输入各读一次、输出写一次的操作数载荷；不预测 tile 重读。,40
aggregate; see repeats,moe.expert28.gate_up,linear,"{""input"": [2, 2048], ""weight_math"": [2048, 1024], ""weight_storage"": [1024, 2048], ""output"": [2, 1024]}",8388608,0,{},4194304,8192,4096,独立 GEMM：权重与输入各读一次、输出写一次的操作数载荷；不预测 tile 重读。,40
aggregate; see repeats,moe.expert28.down,linear,"{""input"": [2, 512], ""weight_math"": [512, 2048], ""weight_storage"": [2048, 512], ""output"": [2, 2048]}",4194304,0,{},2097152,2048,8192,独立 GEMM：权重与输入各读一次、输出写一次的操作数载荷；不预测 tile 重读。,40
aggregate; see repeats,moe.expert29.gate_up,linear,"{""input"": [2, 2048], ""weight_math"": [2048, 1024], ""weight_storage"": [1024, 2048], ""output"": [2, 1024]}",8388608,0,{},4194304,8192,4096,独立 GEMM：权重与输入各读一次、输出写一次的操作数载荷；不预测 tile 重读。,40
aggregate; see repeats,moe.expert29.down,linear,"{""input"": [2, 512], ""weight_math"": [512, 2048], ""weight_storage"": [2048, 512], ""output"": [2, 2048]}",4194304,0,{},2097152,2048,8192,独立 GEMM：权重与输入各读一次、输出写一次的操作数载荷；不预测 tile 重读。,40
aggregate; see repeats,moe.expert30.gate_up,linear,"{""input"": [2, 2048], ""weight_math"": [2048, 1024], ""weight_storage"": [1024, 2048], ""output"": [2, 1024]}",8388608,0,{},4194304,8192,4096,独立 GEMM：权重与输入各读一次、输出写一次的操作数载荷；不预测 tile 重读。,40
aggregate; see repeats,moe.expert30.down,linear,"{""input"": [2, 512], ""weight_math"": [512, 2048], ""weight_storage"": [2048, 512], ""output"": [2, 2048]}",4194304,0,{},2097152,2048,8192,独立 GEMM：权重与输入各读一次、输出写一次的操作数载荷；不预测 tile 重读。,40
aggregate; see repeats,moe.expert31.gate_up,linear,"{""input"": [2, 2048], ""weight_math"": [2048, 1024], ""weight_storage"": [1024, 2048], ""output"": [2, 1024]}",8388608,0,{},4194304,8192,4096,独立 GEMM：权重与输入各读一次、输出写一次的操作数载荷；不预测 tile 重读。,40
aggregate; see repeats,moe.expert31.down,linear,"{""input"": [2, 512], ""weight_math"": [512, 2048], ""weight_storage"": [2048, 512], ""output"": [2, 2048]}",4194304,0,{},2097152,2048,8192,独立 GEMM：权重与输入各读一次、输出写一次的操作数载荷；不预测 tile 重读。,40
aggregate; see repeats,moe.expert32.gate_up,linear,"{""input"": [2, 2048], ""weight_math"": [2048, 1024], ""weight_storage"": [1024, 2048], ""output"": [2, 1024]}",8388608,0,{},4194304,8192,4096,独立 GEMM：权重与输入各读一次、输出写一次的操作数载荷；不预测 tile 重读。,40
aggregate; see repeats,moe.expert32.down,linear,"{""input"": [2, 512], ""weight_math"": [512, 2048], ""weight_storage"": [2048, 512], ""output"": [2, 2048]}",4194304,0,{},2097152,2048,8192,独立 GEMM：权重与输入各读一次、输出写一次的操作数载荷；不预测 tile 重读。,40
aggregate; see repeats,moe.expert33.gate_up,linear,"{""input"": [2, 2048], ""weight_math"": [2048, 1024], ""weight_storage"": [1024, 2048], ""output"": [2, 1024]}",8388608,0,{},4194304,8192,4096,独立 GEMM：权重与输入各读一次、输出写一次的操作数载荷；不预测 tile 重读。,40
aggregate; see repeats,moe.expert33.down,linear,"{""input"": [2, 512], ""weight_math"": [512, 2048], ""weight_storage"": [2048, 512], ""output"": [2, 2048]}",4194304,0,{},2097152,2048,8192,独立 GEMM：权重与输入各读一次、输出写一次的操作数载荷；不预测 tile 重读。,40
aggregate; see repeats,moe.expert34.gate_up,linear,"{""input"": [2, 2048], ""weight_math"": [2048, 1024], ""weight_storage"": [1024, 2048], ""output"": [2, 1024]}",8388608,0,{},4194304,8192,4096,独立 GEMM：权重与输入各读一次、输出写一次的操作数载荷；不预测 tile 重读。,40
aggregate; see repeats,moe.expert34.down,linear,"{""input"": [2, 512], ""weight_math"": [512, 2048], ""weight_storage"": [2048, 512], ""output"": [2, 2048]}",4194304,0,{},2097152,2048,8192,独立 GEMM：权重与输入各读一次、输出写一次的操作数载荷；不预测 tile 重读。,40
aggregate; see repeats,moe.expert35.gate_up,linear,"{""input"": [2, 2048], ""weight_math"": [2048, 1024], ""weight_storage"": [1024, 2048], ""output"": [2, 1024]}",8388608,0,{},4194304,8192,4096,独立 GEMM：权重与输入各读一次、输出写一次的操作数载荷；不预测 tile 重读。,40
aggregate; see repeats,moe.expert35.down,linear,"{""input"": [2, 512], ""weight_math"": [512, 2048], ""weight_storage"": [2048, 512], ""output"": [2, 2048]}",4194304,0,{},2097152,2048,8192,独立 GEMM：权重与输入各读一次、输出写一次的操作数载荷；不预测 tile 重读。,40
aggregate; see repeats,moe.expert36.gate_up,linear,"{""input"": [2, 2048], ""weight_math"": [2048, 1024], ""weight_storage"": [1024, 2048], ""output"": [2, 1024]}",8388608,0,{},4194304,8192,4096,独立 GEMM：权重与输入各读一次、输出写一次的操作数载荷；不预测 tile 重读。,40
aggregate; see repeats,moe.expert36.down,linear,"{""input"": [2, 512], ""weight_math"": [512, 2048], ""weight_storage"": [2048, 512], ""output"": [2, 2048]}",4194304,0,{},2097152,2048,8192,独立 GEMM：权重与输入各读一次、输出写一次的操作数载荷；不预测 tile 重读。,40
aggregate; see repeats,moe.expert37.gate_up,linear,"{""input"": [2, 2048], ""weight_math"": [2048, 1024], ""weight_storage"": [1024, 2048], ""output"": [2, 1024]}",8388608,0,{},4194304,8192,4096,独立 GEMM：权重与输入各读一次、输出写一次的操作数载荷；不预测 tile 重读。,40
aggregate; see repeats,moe.expert37.down,linear,"{""input"": [2, 512], ""weight_math"": [512, 2048], ""weight_storage"": [2048, 512], ""output"": [2, 2048]}",4194304,0,{},2097152,2048,8192,独立 GEMM：权重与输入各读一次、输出写一次的操作数载荷；不预测 tile 重读。,40
aggregate; see repeats,moe.expert38.gate_up,linear,"{""input"": [2, 2048], ""weight_math"": [2048, 1024], ""weight_storage"": [1024, 2048], ""output"": [2, 1024]}",8388608,0,{},4194304,8192,4096,独立 GEMM：权重与输入各读一次、输出写一次的操作数载荷；不预测 tile 重读。,40
aggregate; see repeats,moe.expert38.down,linear,"{""input"": [2, 512], ""weight_math"": [512, 2048], ""weight_storage"": [2048, 512], ""output"": [2, 2048]}",4194304,0,{},2097152,2048,8192,独立 GEMM：权重与输入各读一次、输出写一次的操作数载荷；不预测 tile 重读。,40
aggregate; see repeats,moe.expert39.gate_up,linear,"{""input"": [2, 2048], ""weight_math"": [2048, 1024], ""weight_storage"": [1024, 2048], ""output"": [2, 1024]}",8388608,0,{},4194304,8192,4096,独立 GEMM：权重与输入各读一次、输出写一次的操作数载荷；不预测 tile 重读。,40
aggregate; see repeats,moe.expert39.down,linear,"{""input"": [2, 512], ""weight_math"": [512, 2048], ""weight_storage"": [2048, 512], ""output"": [2, 2048]}",4194304,0,{},2097152,2048,8192,独立 GEMM：权重与输入各读一次、输出写一次的操作数载荷；不预测 tile 重读。,40
aggregate; see repeats,moe.expert40.gate_up,linear,"{""input"": [2, 2048], ""weight_math"": [2048, 1024], ""weight_storage"": [1024, 2048], ""output"": [2, 1024]}",8388608,0,{},4194304,8192,4096,独立 GEMM：权重与输入各读一次、输出写一次的操作数载荷；不预测 tile 重读。,40
aggregate; see repeats,moe.expert40.down,linear,"{""input"": [2, 512], ""weight_math"": [512, 2048], ""weight_storage"": [2048, 512], ""output"": [2, 2048]}",4194304,0,{},2097152,2048,8192,独立 GEMM：权重与输入各读一次、输出写一次的操作数载荷；不预测 tile 重读。,40
aggregate; see repeats,moe.expert41.gate_up,linear,"{""input"": [2, 2048], ""weight_math"": [2048, 1024], ""weight_storage"": [1024, 2048], ""output"": [2, 1024]}",8388608,0,{},4194304,8192,4096,独立 GEMM：权重与输入各读一次、输出写一次的操作数载荷；不预测 tile 重读。,40
aggregate; see repeats,moe.expert41.down,linear,"{""input"": [2, 512], ""weight_math"": [512, 2048], ""weight_storage"": [2048, 512], ""output"": [2, 2048]}",4194304,0,{},2097152,2048,8192,独立 GEMM：权重与输入各读一次、输出写一次的操作数载荷；不预测 tile 重读。,40
aggregate; see repeats,moe.expert42.gate_up,linear,"{""input"": [2, 2048], ""weight_math"": [2048, 1024], ""weight_storage"": [1024, 2048], ""output"": [2, 1024]}",8388608,0,{},4194304,8192,4096,独立 GEMM：权重与输入各读一次、输出写一次的操作数载荷；不预测 tile 重读。,40
aggregate; see repeats,moe.expert42.down,linear,"{""input"": [2, 512], ""weight_math"": [512, 2048], ""weight_storage"": [2048, 512], ""output"": [2, 2048]}",4194304,0,{},2097152,2048,8192,独立 GEMM：权重与输入各读一次、输出写一次的操作数载荷；不预测 tile 重读。,40
aggregate; see repeats,moe.expert43.gate_up,linear,"{""input"": [2, 2048], ""weight_math"": [2048, 1024], ""weight_storage"": [1024, 2048], ""output"": [2, 1024]}",8388608,0,{},4194304,8192,4096,独立 GEMM：权重与输入各读一次、输出写一次的操作数载荷；不预测 tile 重读。,40
aggregate; see repeats,moe.expert43.down,linear,"{""input"": [2, 512], ""weight_math"": [512, 2048], ""weight_storage"": [2048, 512], ""output"": [2, 2048]}",4194304,0,{},2097152,2048,8192,独立 GEMM：权重与输入各读一次、输出写一次的操作数载荷；不预测 tile 重读。,40
aggregate; see repeats,moe.expert44.gate_up,linear,"{""input"": [2, 2048], ""weight_math"": [2048, 1024], ""weight_storage"": [1024, 2048], ""output"": [2, 1024]}",8388608,0,{},4194304,8192,4096,独立 GEMM：权重与输入各读一次、输出写一次的操作数载荷；不预测 tile 重读。,40
aggregate; see repeats,moe.expert44.down,linear,"{""input"": [2, 512], ""weight_math"": [512, 2048], ""weight_storage"": [2048, 512], ""output"": [2, 2048]}",4194304,0,{},2097152,2048,8192,独立 GEMM：权重与输入各读一次、输出写一次的操作数载荷；不预测 tile 重读。,40
aggregate; see repeats,moe.expert45.gate_up,linear,"{""input"": [2, 2048], ""weight_math"": [2048, 1024], ""weight_storage"": [1024, 2048], ""output"": [2, 1024]}",8388608,0,{},4194304,8192,4096,独立 GEMM：权重与输入各读一次、输出写一次的操作数载荷；不预测 tile 重读。,40
aggregate; see repeats,moe.expert45.down,linear,"{""input"": [2, 512], ""weight_math"": [512, 2048], ""weight_storage"": [2048, 512], ""output"": [2, 2048]}",4194304,0,{},2097152,2048,8192,独立 GEMM：权重与输入各读一次、输出写一次的操作数载荷；不预测 tile 重读。,40
aggregate; see repeats,moe.expert46.gate_up,linear,"{""input"": [2, 2048], ""weight_math"": [2048, 1024], ""weight_storage"": [1024, 2048], ""output"": [2, 1024]}",8388608,0,{},4194304,8192,4096,独立 GEMM：权重与输入各读一次、输出写一次的操作数载荷；不预测 tile 重读。,40
aggregate; see repeats,moe.expert46.down,linear,"{""input"": [2, 512], ""weight_math"": [512, 2048], ""weight_storage"": [2048, 512], ""output"": [2, 2048]}",4194304,0,{},2097152,2048,8192,独立 GEMM：权重与输入各读一次、输出写一次的操作数载荷；不预测 tile 重读。,40
aggregate; see repeats,moe.expert47.gate_up,linear,"{""input"": [2, 2048], ""weight_math"": [2048, 1024], ""weight_storage"": [1024, 2048], ""output"": [2, 1024]}",8388608,0,{},4194304,8192,4096,独立 GEMM：权重与输入各读一次、输出写一次的操作数载荷；不预测 tile 重读。,40
aggregate; see repeats,moe.expert47.down,linear,"{""input"": [2, 512], ""weight_math"": [512, 2048], ""weight_storage"": [2048, 512], ""output"": [2, 2048]}",4194304,0,{},2097152,2048,8192,独立 GEMM：权重与输入各读一次、输出写一次的操作数载荷；不预测 tile 重读。,40
aggregate; see repeats,moe.expert48.gate_up,linear,"{""input"": [2, 2048], ""weight_math"": [2048, 1024], ""weight_storage"": [1024, 2048], ""output"": [2, 1024]}",8388608,0,{},4194304,8192,4096,独立 GEMM：权重与输入各读一次、输出写一次的操作数载荷；不预测 tile 重读。,40
aggregate; see repeats,moe.expert48.down,linear,"{""input"": [2, 512], ""weight_math"": [512, 2048], ""weight_storage"": [2048, 512], ""output"": [2, 2048]}",4194304,0,{},2097152,2048,8192,独立 GEMM：权重与输入各读一次、输出写一次的操作数载荷；不预测 tile 重读。,40
aggregate; see repeats,moe.expert49.gate_up,linear,"{""input"": [2, 2048], ""weight_math"": [2048, 1024], ""weight_storage"": [1024, 2048], ""output"": [2, 1024]}",8388608,0,{},4194304,8192,4096,独立 GEMM：权重与输入各读一次、输出写一次的操作数载荷；不预测 tile 重读。,40
aggregate; see repeats,moe.expert49.down,linear,"{""input"": [2, 512], ""weight_math"": [512, 2048], ""weight_storage"": [2048, 512], ""output"": [2, 2048]}",4194304,0,{},2097152,2048,8192,独立 GEMM：权重与输入各读一次、输出写一次的操作数载荷；不预测 tile 重读。,40
aggregate; see repeats,moe.expert50.gate_up,linear,"{""input"": [2, 2048], ""weight_math"": [2048, 1024], ""weight_storage"": [1024, 2048], ""output"": [2, 1024]}",8388608,0,{},4194304,8192,4096,独立 GEMM：权重与输入各读一次、输出写一次的操作数载荷；不预测 tile 重读。,40
aggregate; see repeats,moe.expert50.down,linear,"{""input"": [2, 512], ""weight_math"": [512, 2048], ""weight_storage"": [2048, 512], ""output"": [2, 2048]}",4194304,0,{},2097152,2048,8192,独立 GEMM：权重与输入各读一次、输出写一次的操作数载荷；不预测 tile 重读。,40
aggregate; see repeats,moe.expert51.gate_up,linear,"{""input"": [2, 2048], ""weight_math"": [2048, 1024], ""weight_storage"": [1024, 2048], ""output"": [2, 1024]}",8388608,0,{},4194304,8192,4096,独立 GEMM：权重与输入各读一次、输出写一次的操作数载荷；不预测 tile 重读。,40
aggregate; see repeats,moe.expert51.down,linear,"{""input"": [2, 512], ""weight_math"": [512, 2048], ""weight_storage"": [2048, 512], ""output"": [2, 2048]}",4194304,0,{},2097152,2048,8192,独立 GEMM：权重与输入各读一次、输出写一次的操作数载荷；不预测 tile 重读。,40
aggregate; see repeats,moe.expert52.gate_up,linear,"{""input"": [2, 2048], ""weight_math"": [2048, 1024], ""weight_storage"": [1024, 2048], ""output"": [2, 1024]}",8388608,0,{},4194304,8192,4096,独立 GEMM：权重与输入各读一次、输出写一次的操作数载荷；不预测 tile 重读。,40
aggregate; see repeats,moe.expert52.down,linear,"{""input"": [2, 512], ""weight_math"": [512, 2048], ""weight_storage"": [2048, 512], ""output"": [2, 2048]}",4194304,0,{},2097152,2048,8192,独立 GEMM：权重与输入各读一次、输出写一次的操作数载荷；不预测 tile 重读。,40
aggregate; see repeats,moe.expert53.gate_up,linear,"{""input"": [2, 2048], ""weight_math"": [2048, 1024], ""weight_storage"": [1024, 2048], ""output"": [2, 1024]}",8388608,0,{},4194304,8192,4096,独立 GEMM：权重与输入各读一次、输出写一次的操作数载荷；不预测 tile 重读。,40
aggregate; see repeats,moe.expert53.down,linear,"{""input"": [2, 512], ""weight_math"": [512, 2048], ""weight_storage"": [2048, 512], ""output"": [2, 2048]}",4194304,0,{},2097152,2048,8192,独立 GEMM：权重与输入各读一次、输出写一次的操作数载荷；不预测 tile 重读。,40
aggregate; see repeats,moe.expert54.gate_up,linear,"{""input"": [2, 2048], ""weight_math"": [2048, 1024], ""weight_storage"": [1024, 2048], ""output"": [2, 1024]}",8388608,0,{},4194304,8192,4096,独立 GEMM：权重与输入各读一次、输出写一次的操作数载荷；不预测 tile 重读。,40
aggregate; see repeats,moe.expert54.down,linear,"{""input"": [2, 512], ""weight_math"": [512, 2048], ""weight_storage"": [2048, 512], ""output"": [2, 2048]}",4194304,0,{},2097152,2048,8192,独立 GEMM：权重与输入各读一次、输出写一次的操作数载荷；不预测 tile 重读。,40
aggregate; see repeats,moe.expert55.gate_up,linear,"{""input"": [2, 2048], ""weight_math"": [2048, 1024], ""weight_storage"": [1024, 2048], ""output"": [2, 1024]}",8388608,0,{},4194304,8192,4096,独立 GEMM：权重与输入各读一次、输出写一次的操作数载荷；不预测 tile 重读。,40
aggregate; see repeats,moe.expert55.down,linear,"{""input"": [2, 512], ""weight_math"": [512, 2048], ""weight_storage"": [2048, 512], ""output"": [2, 2048]}",4194304,0,{},2097152,2048,8192,独立 GEMM：权重与输入各读一次、输出写一次的操作数载荷；不预测 tile 重读。,40
aggregate; see repeats,moe.expert56.gate_up,linear,"{""input"": [2, 2048], ""weight_math"": [2048, 1024], ""weight_storage"": [1024, 2048], ""output"": [2, 1024]}",8388608,0,{},4194304,8192,4096,独立 GEMM：权重与输入各读一次、输出写一次的操作数载荷；不预测 tile 重读。,40
aggregate; see repeats,moe.expert56.down,linear,"{""input"": [2, 512], ""weight_math"": [512, 2048], ""weight_storage"": [2048, 512], ""output"": [2, 2048]}",4194304,0,{},2097152,2048,8192,独立 GEMM：权重与输入各读一次、输出写一次的操作数载荷；不预测 tile 重读。,40
aggregate; see repeats,moe.expert57.gate_up,linear,"{""input"": [2, 2048], ""weight_math"": [2048, 1024], ""weight_storage"": [1024, 2048], ""output"": [2, 1024]}",8388608,0,{},4194304,8192,4096,独立 GEMM：权重与输入各读一次、输出写一次的操作数载荷；不预测 tile 重读。,40
aggregate; see repeats,moe.expert57.down,linear,"{""input"": [2, 512], ""weight_math"": [512, 2048], ""weight_storage"": [2048, 512], ""output"": [2, 2048]}",4194304,0,{},2097152,2048,8192,独立 GEMM：权重与输入各读一次、输出写一次的操作数载荷；不预测 tile 重读。,40
aggregate; see repeats,moe.expert58.gate_up,linear,"{""input"": [2, 2048], ""weight_math"": [2048, 1024], ""weight_storage"": [1024, 2048], ""output"": [2, 1024]}",8388608,0,{},4194304,8192,4096,独立 GEMM：权重与输入各读一次、输出写一次的操作数载荷；不预测 tile 重读。,40
aggregate; see repeats,moe.expert58.down,linear,"{""input"": [2, 512], ""weight_math"": [512, 2048], ""weight_storage"": [2048, 512], ""output"": [2, 2048]}",4194304,0,{},2097152,2048,8192,独立 GEMM：权重与输入各读一次、输出写一次的操作数载荷；不预测 tile 重读。,40
aggregate; see repeats,moe.expert59.gate_up,linear,"{""input"": [2, 2048], ""weight_math"": [2048, 1024], ""weight_storage"": [1024, 2048], ""output"": [2, 1024]}",8388608,0,{},4194304,8192,4096,独立 GEMM：权重与输入各读一次、输出写一次的操作数载荷；不预测 tile 重读。,40
aggregate; see repeats,moe.expert59.down,linear,"{""input"": [2, 512], ""weight_math"": [512, 2048], ""weight_storage"": [2048, 512], ""output"": [2, 2048]}",4194304,0,{},2097152,2048,8192,独立 GEMM：权重与输入各读一次、输出写一次的操作数载荷；不预测 tile 重读。,40
aggregate; see repeats,moe.expert60.gate_up,linear,"{""input"": [2, 2048], ""weight_math"": [2048, 1024], ""weight_storage"": [1024, 2048], ""output"": [2, 1024]}",8388608,0,{},4194304,8192,4096,独立 GEMM：权重与输入各读一次、输出写一次的操作数载荷；不预测 tile 重读。,40
aggregate; see repeats,moe.expert60.down,linear,"{""input"": [2, 512], ""weight_math"": [512, 2048], ""weight_storage"": [2048, 512], ""output"": [2, 2048]}",4194304,0,{},2097152,2048,8192,独立 GEMM：权重与输入各读一次、输出写一次的操作数载荷；不预测 tile 重读。,40
aggregate; see repeats,moe.expert61.gate_up,linear,"{""input"": [2, 2048], ""weight_math"": [2048, 1024], ""weight_storage"": [1024, 2048], ""output"": [2, 1024]}",8388608,0,{},4194304,8192,4096,独立 GEMM：权重与输入各读一次、输出写一次的操作数载荷；不预测 tile 重读。,40
aggregate; see repeats,moe.expert61.down,linear,"{""input"": [2, 512], ""weight_math"": [512, 2048], ""weight_storage"": [2048, 512], ""output"": [2, 2048]}",4194304,0,{},2097152,2048,8192,独立 GEMM：权重与输入各读一次、输出写一次的操作数载荷；不预测 tile 重读。,40
aggregate; see repeats,moe.expert62.gate_up,linear,"{""input"": [2, 2048], ""weight_math"": [2048, 1024], ""weight_storage"": [1024, 2048], ""output"": [2, 1024]}",8388608,0,{},4194304,8192,4096,独立 GEMM：权重与输入各读一次、输出写一次的操作数载荷；不预测 tile 重读。,40
aggregate; see repeats,moe.expert62.down,linear,"{""input"": [2, 512], ""weight_math"": [512, 2048], ""weight_storage"": [2048, 512], ""output"": [2, 2048]}",4194304,0,{},2097152,2048,8192,独立 GEMM：权重与输入各读一次、输出写一次的操作数载荷；不预测 tile 重读。,40
aggregate; see repeats,moe.expert63.gate_up,linear,"{""input"": [2, 2048], ""weight_math"": [2048, 1024], ""weight_storage"": [1024, 2048], ""output"": [2, 1024]}",8388608,0,{},4194304,8192,4096,独立 GEMM：权重与输入各读一次、输出写一次的操作数载荷；不预测 tile 重读。,40
aggregate; see repeats,moe.expert63.down,linear,"{""input"": [2, 512], ""weight_math"": [512, 2048], ""weight_storage"": [2048, 512], ""output"": [2, 2048]}",4194304,0,{},2097152,2048,8192,独立 GEMM：权重与输入各读一次、输出写一次的操作数载荷；不预测 tile 重读。,40
aggregate; see repeats,moe.expert64.gate_up,linear,"{""input"": [2, 2048], ""weight_math"": [2048, 1024], ""weight_storage"": [1024, 2048], ""output"": [2, 1024]}",8388608,0,{},4194304,8192,4096,独立 GEMM：权重与输入各读一次、输出写一次的操作数载荷；不预测 tile 重读。,40
aggregate; see repeats,moe.expert64.down,linear,"{""input"": [2, 512], ""weight_math"": [512, 2048], ""weight_storage"": [2048, 512], ""output"": [2, 2048]}",4194304,0,{},2097152,2048,8192,独立 GEMM：权重与输入各读一次、输出写一次的操作数载荷；不预测 tile 重读。,40
aggregate; see repeats,moe.expert65.gate_up,linear,"{""input"": [2, 2048], ""weight_math"": [2048, 1024], ""weight_storage"": [1024, 2048], ""output"": [2, 1024]}",8388608,0,{},4194304,8192,4096,独立 GEMM：权重与输入各读一次、输出写一次的操作数载荷；不预测 tile 重读。,40
aggregate; see repeats,moe.expert65.down,linear,"{""input"": [2, 512], ""weight_math"": [512, 2048], ""weight_storage"": [2048, 512], ""output"": [2, 2048]}",4194304,0,{},2097152,2048,8192,独立 GEMM：权重与输入各读一次、输出写一次的操作数载荷；不预测 tile 重读。,40
aggregate; see repeats,moe.expert66.gate_up,linear,"{""input"": [2, 2048], ""weight_math"": [2048, 1024], ""weight_storage"": [1024, 2048], ""output"": [2, 1024]}",8388608,0,{},4194304,8192,4096,独立 GEMM：权重与输入各读一次、输出写一次的操作数载荷；不预测 tile 重读。,40
aggregate; see repeats,moe.expert66.down,linear,"{""input"": [2, 512], ""weight_math"": [512, 2048], ""weight_storage"": [2048, 512], ""output"": [2, 2048]}",4194304,0,{},2097152,2048,8192,独立 GEMM：权重与输入各读一次、输出写一次的操作数载荷；不预测 tile 重读。,40
aggregate; see repeats,moe.expert67.gate_up,linear,"{""input"": [2, 2048], ""weight_math"": [2048, 1024], ""weight_storage"": [1024, 2048], ""output"": [2, 1024]}",8388608,0,{},4194304,8192,4096,独立 GEMM：权重与输入各读一次、输出写一次的操作数载荷；不预测 tile 重读。,40
aggregate; see repeats,moe.expert67.down,linear,"{""input"": [2, 512], ""weight_math"": [512, 2048], ""weight_storage"": [2048, 512], ""output"": [2, 2048]}",4194304,0,{},2097152,2048,8192,独立 GEMM：权重与输入各读一次、输出写一次的操作数载荷；不预测 tile 重读。,40
aggregate; see repeats,moe.expert68.gate_up,linear,"{""input"": [2, 2048], ""weight_math"": [2048, 1024], ""weight_storage"": [1024, 2048], ""output"": [2, 1024]}",8388608,0,{},4194304,8192,4096,独立 GEMM：权重与输入各读一次、输出写一次的操作数载荷；不预测 tile 重读。,40
aggregate; see repeats,moe.expert68.down,linear,"{""input"": [2, 512], ""weight_math"": [512, 2048], ""weight_storage"": [2048, 512], ""output"": [2, 2048]}",4194304,0,{},2097152,2048,8192,独立 GEMM：权重与输入各读一次、输出写一次的操作数载荷；不预测 tile 重读。,40
aggregate; see repeats,moe.expert69.gate_up,linear,"{""input"": [2, 2048], ""weight_math"": [2048, 1024], ""weight_storage"": [1024, 2048], ""output"": [2, 1024]}",8388608,0,{},4194304,8192,4096,独立 GEMM：权重与输入各读一次、输出写一次的操作数载荷；不预测 tile 重读。,40
aggregate; see repeats,moe.expert69.down,linear,"{""input"": [2, 512], ""weight_math"": [512, 2048], ""weight_storage"": [2048, 512], ""output"": [2, 2048]}",4194304,0,{},2097152,2048,8192,独立 GEMM：权重与输入各读一次、输出写一次的操作数载荷；不预测 tile 重读。,40
aggregate; see repeats,moe.expert70.gate_up,linear,"{""input"": [2, 2048], ""weight_math"": [2048, 1024], ""weight_storage"": [1024, 2048], ""output"": [2, 1024]}",8388608,0,{},4194304,8192,4096,独立 GEMM：权重与输入各读一次、输出写一次的操作数载荷；不预测 tile 重读。,40
aggregate; see repeats,moe.expert70.down,linear,"{""input"": [2, 512], ""weight_math"": [512, 2048], ""weight_storage"": [2048, 512], ""output"": [2, 2048]}",4194304,0,{},2097152,2048,8192,独立 GEMM：权重与输入各读一次、输出写一次的操作数载荷；不预测 tile 重读。,40
aggregate; see repeats,moe.expert71.gate_up,linear,"{""input"": [2, 2048], ""weight_math"": [2048, 1024], ""weight_storage"": [1024, 2048], ""output"": [2, 1024]}",8388608,0,{},4194304,8192,4096,独立 GEMM：权重与输入各读一次、输出写一次的操作数载荷；不预测 tile 重读。,40
aggregate; see repeats,moe.expert71.down,linear,"{""input"": [2, 512], ""weight_math"": [512, 2048], ""weight_storage"": [2048, 512], ""output"": [2, 2048]}",4194304,0,{},2097152,2048,8192,独立 GEMM：权重与输入各读一次、输出写一次的操作数载荷；不预测 tile 重读。,40
aggregate; see repeats,moe.expert72.gate_up,linear,"{""input"": [2, 2048], ""weight_math"": [2048, 1024], ""weight_storage"": [1024, 2048], ""output"": [2, 1024]}",8388608,0,{},4194304,8192,4096,独立 GEMM：权重与输入各读一次、输出写一次的操作数载荷；不预测 tile 重读。,40
aggregate; see repeats,moe.expert72.down,linear,"{""input"": [2, 512], ""weight_math"": [512, 2048], ""weight_storage"": [2048, 512], ""output"": [2, 2048]}",4194304,0,{},2097152,2048,8192,独立 GEMM：权重与输入各读一次、输出写一次的操作数载荷；不预测 tile 重读。,40
aggregate; see repeats,moe.expert73.gate_up,linear,"{""input"": [2, 2048], ""weight_math"": [2048, 1024], ""weight_storage"": [1024, 2048], ""output"": [2, 1024]}",8388608,0,{},4194304,8192,4096,独立 GEMM：权重与输入各读一次、输出写一次的操作数载荷；不预测 tile 重读。,40
aggregate; see repeats,moe.expert73.down,linear,"{""input"": [2, 512], ""weight_math"": [512, 2048], ""weight_storage"": [2048, 512], ""output"": [2, 2048]}",4194304,0,{},2097152,2048,8192,独立 GEMM：权重与输入各读一次、输出写一次的操作数载荷；不预测 tile 重读。,40
aggregate; see repeats,moe.expert74.gate_up,linear,"{""input"": [2, 2048], ""weight_math"": [2048, 1024], ""weight_storage"": [1024, 2048], ""output"": [2, 1024]}",8388608,0,{},4194304,8192,4096,独立 GEMM：权重与输入各读一次、输出写一次的操作数载荷；不预测 tile 重读。,40
aggregate; see repeats,moe.expert74.down,linear,"{""input"": [2, 512], ""weight_math"": [512, 2048], ""weight_storage"": [2048, 512], ""output"": [2, 2048]}",4194304,0,{},2097152,2048,8192,独立 GEMM：权重与输入各读一次、输出写一次的操作数载荷；不预测 tile 重读。,40
aggregate; see repeats,moe.expert75.gate_up,linear,"{""input"": [2, 2048], ""weight_math"": [2048, 1024], ""weight_storage"": [1024, 2048], ""output"": [2, 1024]}",8388608,0,{},4194304,8192,4096,独立 GEMM：权重与输入各读一次、输出写一次的操作数载荷；不预测 tile 重读。,40
aggregate; see repeats,moe.expert75.down,linear,"{""input"": [2, 512], ""weight_math"": [512, 2048], ""weight_storage"": [2048, 512], ""output"": [2, 2048]}",4194304,0,{},2097152,2048,8192,独立 GEMM：权重与输入各读一次、输出写一次的操作数载荷；不预测 tile 重读。,40
aggregate; see repeats,moe.expert76.gate_up,linear,"{""input"": [2, 2048], ""weight_math"": [2048, 1024], ""weight_storage"": [1024, 2048], ""output"": [2, 1024]}",8388608,0,{},4194304,8192,4096,独立 GEMM：权重与输入各读一次、输出写一次的操作数载荷；不预测 tile 重读。,40
aggregate; see repeats,moe.expert76.down,linear,"{""input"": [2, 512], ""weight_math"": [512, 2048], ""weight_storage"": [2048, 512], ""output"": [2, 2048]}",4194304,0,{},2097152,2048,8192,独立 GEMM：权重与输入各读一次、输出写一次的操作数载荷；不预测 tile 重读。,40
aggregate; see repeats,moe.expert77.gate_up,linear,"{""input"": [2, 2048], ""weight_math"": [2048, 1024], ""weight_storage"": [1024, 2048], ""output"": [2, 1024]}",8388608,0,{},4194304,8192,4096,独立 GEMM：权重与输入各读一次、输出写一次的操作数载荷；不预测 tile 重读。,40
aggregate; see repeats,moe.expert77.down,linear,"{""input"": [2, 512], ""weight_math"": [512, 2048], ""weight_storage"": [2048, 512], ""output"": [2, 2048]}",4194304,0,{},2097152,2048,8192,独立 GEMM：权重与输入各读一次、输出写一次的操作数载荷；不预测 tile 重读。,40
aggregate; see repeats,moe.expert78.gate_up,linear,"{""input"": [2, 2048], ""weight_math"": [2048, 1024], ""weight_storage"": [1024, 2048], ""output"": [2, 1024]}",8388608,0,{},4194304,8192,4096,独立 GEMM：权重与输入各读一次、输出写一次的操作数载荷；不预测 tile 重读。,40
aggregate; see repeats,moe.expert78.down,linear,"{""input"": [2, 512], ""weight_math"": [512, 2048], ""weight_storage"": [2048, 512], ""output"": [2, 2048]}",4194304,0,{},2097152,2048,8192,独立 GEMM：权重与输入各读一次、输出写一次的操作数载荷；不预测 tile 重读。,40
aggregate; see repeats,moe.expert79.gate_up,linear,"{""input"": [2, 2048], ""weight_math"": [2048, 1024], ""weight_storage"": [1024, 2048], ""output"": [2, 1024]}",8388608,0,{},4194304,8192,4096,独立 GEMM：权重与输入各读一次、输出写一次的操作数载荷；不预测 tile 重读。,40
aggregate; see repeats,moe.expert79.down,linear,"{""input"": [2, 512], ""weight_math"": [512, 2048], ""weight_storage"": [2048, 512], ""output"": [2, 2048]}",4194304,0,{},2097152,2048,8192,独立 GEMM：权重与输入各读一次、输出写一次的操作数载荷；不预测 tile 重读。,40
aggregate; see repeats,moe.expert80.gate_up,linear,"{""input"": [2, 2048], ""weight_math"": [2048, 1024], ""weight_storage"": [1024, 2048], ""output"": [2, 1024]}",8388608,0,{},4194304,8192,4096,独立 GEMM：权重与输入各读一次、输出写一次的操作数载荷；不预测 tile 重读。,40
aggregate; see repeats,moe.expert80.down,linear,"{""input"": [2, 512], ""weight_math"": [512, 2048], ""weight_storage"": [2048, 512], ""output"": [2, 2048]}",4194304,0,{},2097152,2048,8192,独立 GEMM：权重与输入各读一次、输出写一次的操作数载荷；不预测 tile 重读。,40
aggregate; see repeats,moe.expert81.gate_up,linear,"{""input"": [2, 2048], ""weight_math"": [2048, 1024], ""weight_storage"": [1024, 2048], ""output"": [2, 1024]}",8388608,0,{},4194304,8192,4096,独立 GEMM：权重与输入各读一次、输出写一次的操作数载荷；不预测 tile 重读。,40
aggregate; see repeats,moe.expert81.down,linear,"{""input"": [2, 512], ""weight_math"": [512, 2048], ""weight_storage"": [2048, 512], ""output"": [2, 2048]}",4194304,0,{},2097152,2048,8192,独立 GEMM：权重与输入各读一次、输出写一次的操作数载荷；不预测 tile 重读。,40
aggregate; see repeats,moe.expert82.gate_up,linear,"{""input"": [2, 2048], ""weight_math"": [2048, 1024], ""weight_storage"": [1024, 2048], ""output"": [2, 1024]}",8388608,0,{},4194304,8192,4096,独立 GEMM：权重与输入各读一次、输出写一次的操作数载荷；不预测 tile 重读。,40
aggregate; see repeats,moe.expert82.down,linear,"{""input"": [2, 512], ""weight_math"": [512, 2048], ""weight_storage"": [2048, 512], ""output"": [2, 2048]}",4194304,0,{},2097152,2048,8192,独立 GEMM：权重与输入各读一次、输出写一次的操作数载荷；不预测 tile 重读。,40
aggregate; see repeats,moe.expert83.gate_up,linear,"{""input"": [2, 2048], ""weight_math"": [2048, 1024], ""weight_storage"": [1024, 2048], ""output"": [2, 1024]}",8388608,0,{},4194304,8192,4096,独立 GEMM：权重与输入各读一次、输出写一次的操作数载荷；不预测 tile 重读。,40
aggregate; see repeats,moe.expert83.down,linear,"{""input"": [2, 512], ""weight_math"": [512, 2048], ""weight_storage"": [2048, 512], ""output"": [2, 2048]}",4194304,0,{},2097152,2048,8192,独立 GEMM：权重与输入各读一次、输出写一次的操作数载荷；不预测 tile 重读。,40
aggregate; see repeats,moe.expert84.gate_up,linear,"{""input"": [2, 2048], ""weight_math"": [2048, 1024], ""weight_storage"": [1024, 2048], ""output"": [2, 1024]}",8388608,0,{},4194304,8192,4096,独立 GEMM：权重与输入各读一次、输出写一次的操作数载荷；不预测 tile 重读。,40
aggregate; see repeats,moe.expert84.down,linear,"{""input"": [2, 512], ""weight_math"": [512, 2048], ""weight_storage"": [2048, 512], ""output"": [2, 2048]}",4194304,0,{},2097152,2048,8192,独立 GEMM：权重与输入各读一次、输出写一次的操作数载荷；不预测 tile 重读。,40
aggregate; see repeats,moe.expert85.gate_up,linear,"{""input"": [2, 2048], ""weight_math"": [2048, 1024], ""weight_storage"": [1024, 2048], ""output"": [2, 1024]}",8388608,0,{},4194304,8192,4096,独立 GEMM：权重与输入各读一次、输出写一次的操作数载荷；不预测 tile 重读。,40
aggregate; see repeats,moe.expert85.down,linear,"{""input"": [2, 512], ""weight_math"": [512, 2048], ""weight_storage"": [2048, 512], ""output"": [2, 2048]}",4194304,0,{},2097152,2048,8192,独立 GEMM：权重与输入各读一次、输出写一次的操作数载荷；不预测 tile 重读。,40
aggregate; see repeats,moe.expert86.gate_up,linear,"{""input"": [2, 2048], ""weight_math"": [2048, 1024], ""weight_storage"": [1024, 2048], ""output"": [2, 1024]}",8388608,0,{},4194304,8192,4096,独立 GEMM：权重与输入各读一次、输出写一次的操作数载荷；不预测 tile 重读。,40
aggregate; see repeats,moe.expert86.down,linear,"{""input"": [2, 512], ""weight_math"": [512, 2048], ""weight_storage"": [2048, 512], ""output"": [2, 2048]}",4194304,0,{},2097152,2048,8192,独立 GEMM：权重与输入各读一次、输出写一次的操作数载荷；不预测 tile 重读。,40
aggregate; see repeats,moe.expert87.gate_up,linear,"{""input"": [2, 2048], ""weight_math"": [2048, 1024], ""weight_storage"": [1024, 2048], ""output"": [2, 1024]}",8388608,0,{},4194304,8192,4096,独立 GEMM：权重与输入各读一次、输出写一次的操作数载荷；不预测 tile 重读。,40
aggregate; see repeats,moe.expert87.down,linear,"{""input"": [2, 512], ""weight_math"": [512, 2048], ""weight_storage"": [2048, 512], ""output"": [2, 2048]}",4194304,0,{},2097152,2048,8192,独立 GEMM：权重与输入各读一次、输出写一次的操作数载荷；不预测 tile 重读。,40
aggregate; see repeats,moe.expert88.gate_up,linear,"{""input"": [2, 2048], ""weight_math"": [2048, 1024], ""weight_storage"": [1024, 2048], ""output"": [2, 1024]}",8388608,0,{},4194304,8192,4096,独立 GEMM：权重与输入各读一次、输出写一次的操作数载荷；不预测 tile 重读。,40
aggregate; see repeats,moe.expert88.down,linear,"{""input"": [2, 512], ""weight_math"": [512, 2048], ""weight_storage"": [2048, 512], ""output"": [2, 2048]}",4194304,0,{},2097152,2048,8192,独立 GEMM：权重与输入各读一次、输出写一次的操作数载荷；不预测 tile 重读。,40
aggregate; see repeats,moe.expert89.gate_up,linear,"{""input"": [2, 2048], ""weight_math"": [2048, 1024], ""weight_storage"": [1024, 2048], ""output"": [2, 1024]}",8388608,0,{},4194304,8192,4096,独立 GEMM：权重与输入各读一次、输出写一次的操作数载荷；不预测 tile 重读。,40
aggregate; see repeats,moe.expert89.down,linear,"{""input"": [2, 512], ""weight_math"": [512, 2048], ""weight_storage"": [2048, 512], ""output"": [2, 2048]}",4194304,0,{},2097152,2048,8192,独立 GEMM：权重与输入各读一次、输出写一次的操作数载荷；不预测 tile 重读。,40
aggregate; see repeats,moe.expert90.gate_up,linear,"{""input"": [2, 2048], ""weight_math"": [2048, 1024], ""weight_storage"": [1024, 2048], ""output"": [2, 1024]}",8388608,0,{},4194304,8192,4096,独立 GEMM：权重与输入各读一次、输出写一次的操作数载荷；不预测 tile 重读。,40
aggregate; see repeats,moe.expert90.down,linear,"{""input"": [2, 512], ""weight_math"": [512, 2048], ""weight_storage"": [2048, 512], ""output"": [2, 2048]}",4194304,0,{},2097152,2048,8192,独立 GEMM：权重与输入各读一次、输出写一次的操作数载荷；不预测 tile 重读。,40
aggregate; see repeats,moe.expert91.gate_up,linear,"{""input"": [2, 2048], ""weight_math"": [2048, 1024], ""weight_storage"": [1024, 2048], ""output"": [2, 1024]}",8388608,0,{},4194304,8192,4096,独立 GEMM：权重与输入各读一次、输出写一次的操作数载荷；不预测 tile 重读。,40
aggregate; see repeats,moe.expert91.down,linear,"{""input"": [2, 512], ""weight_math"": [512, 2048], ""weight_storage"": [2048, 512], ""output"": [2, 2048]}",4194304,0,{},2097152,2048,8192,独立 GEMM：权重与输入各读一次、输出写一次的操作数载荷；不预测 tile 重读。,40
aggregate; see repeats,moe.expert92.gate_up,linear,"{""input"": [2, 2048], ""weight_math"": [2048, 1024], ""weight_storage"": [1024, 2048], ""output"": [2, 1024]}",8388608,0,{},4194304,8192,4096,独立 GEMM：权重与输入各读一次、输出写一次的操作数载荷；不预测 tile 重读。,40
aggregate; see repeats,moe.expert92.down,linear,"{""input"": [2, 512], ""weight_math"": [512, 2048], ""weight_storage"": [2048, 512], ""output"": [2, 2048]}",4194304,0,{},2097152,2048,8192,独立 GEMM：权重与输入各读一次、输出写一次的操作数载荷；不预测 tile 重读。,40
aggregate; see repeats,moe.expert93.gate_up,linear,"{""input"": [2, 2048], ""weight_math"": [2048, 1024], ""weight_storage"": [1024, 2048], ""output"": [2, 1024]}",8388608,0,{},4194304,8192,4096,独立 GEMM：权重与输入各读一次、输出写一次的操作数载荷；不预测 tile 重读。,40
aggregate; see repeats,moe.expert93.down,linear,"{""input"": [2, 512], ""weight_math"": [512, 2048], ""weight_storage"": [2048, 512], ""output"": [2, 2048]}",4194304,0,{},2097152,2048,8192,独立 GEMM：权重与输入各读一次、输出写一次的操作数载荷；不预测 tile 重读。,40
aggregate; see repeats,moe.expert94.gate_up,linear,"{""input"": [2, 2048], ""weight_math"": [2048, 1024], ""weight_storage"": [1024, 2048], ""output"": [2, 1024]}",8388608,0,{},4194304,8192,4096,独立 GEMM：权重与输入各读一次、输出写一次的操作数载荷；不预测 tile 重读。,40
aggregate; see repeats,moe.expert94.down,linear,"{""input"": [2, 512], ""weight_math"": [512, 2048], ""weight_storage"": [2048, 512], ""output"": [2, 2048]}",4194304,0,{},2097152,2048,8192,独立 GEMM：权重与输入各读一次、输出写一次的操作数载荷；不预测 tile 重读。,40
aggregate; see repeats,moe.expert95.gate_up,linear,"{""input"": [2, 2048], ""weight_math"": [2048, 1024], ""weight_storage"": [1024, 2048], ""output"": [2, 1024]}",8388608,0,{},4194304,8192,4096,独立 GEMM：权重与输入各读一次、输出写一次的操作数载荷；不预测 tile 重读。,40
aggregate; see repeats,moe.expert95.down,linear,"{""input"": [2, 512], ""weight_math"": [512, 2048], ""weight_storage"": [2048, 512], ""output"": [2, 2048]}",4194304,0,{},2097152,2048,8192,独立 GEMM：权重与输入各读一次、输出写一次的操作数载荷；不预测 tile 重读。,40
aggregate; see repeats,moe.expert96.gate_up,linear,"{""input"": [2, 2048], ""weight_math"": [2048, 1024], ""weight_storage"": [1024, 2048], ""output"": [2, 1024]}",8388608,0,{},4194304,8192,4096,独立 GEMM：权重与输入各读一次、输出写一次的操作数载荷；不预测 tile 重读。,40
aggregate; see repeats,moe.expert96.down,linear,"{""input"": [2, 512], ""weight_math"": [512, 2048], ""weight_storage"": [2048, 512], ""output"": [2, 2048]}",4194304,0,{},2097152,2048,8192,独立 GEMM：权重与输入各读一次、输出写一次的操作数载荷；不预测 tile 重读。,40
aggregate; see repeats,moe.expert97.gate_up,linear,"{""input"": [2, 2048], ""weight_math"": [2048, 1024], ""weight_storage"": [1024, 2048], ""output"": [2, 1024]}",8388608,0,{},4194304,8192,4096,独立 GEMM：权重与输入各读一次、输出写一次的操作数载荷；不预测 tile 重读。,40
aggregate; see repeats,moe.expert97.down,linear,"{""input"": [2, 512], ""weight_math"": [512, 2048], ""weight_storage"": [2048, 512], ""output"": [2, 2048]}",4194304,0,{},2097152,2048,8192,独立 GEMM：权重与输入各读一次、输出写一次的操作数载荷；不预测 tile 重读。,40
aggregate; see repeats,moe.expert98.gate_up,linear,"{""input"": [2, 2048], ""weight_math"": [2048, 1024], ""weight_storage"": [1024, 2048], ""output"": [2, 1024]}",8388608,0,{},4194304,8192,4096,独立 GEMM：权重与输入各读一次、输出写一次的操作数载荷；不预测 tile 重读。,40
aggregate; see repeats,moe.expert98.down,linear,"{""input"": [2, 512], ""weight_math"": [512, 2048], ""weight_storage"": [2048, 512], ""output"": [2, 2048]}",4194304,0,{},2097152,2048,8192,独立 GEMM：权重与输入各读一次、输出写一次的操作数载荷；不预测 tile 重读。,40
aggregate; see repeats,moe.expert99.gate_up,linear,"{""input"": [2, 2048], ""weight_math"": [2048, 1024], ""weight_storage"": [1024, 2048], ""output"": [2, 1024]}",8388608,0,{},4194304,8192,4096,独立 GEMM：权重与输入各读一次、输出写一次的操作数载荷；不预测 tile 重读。,40
aggregate; see repeats,moe.expert99.down,linear,"{""input"": [2, 512], ""weight_math"": [512, 2048], ""weight_storage"": [2048, 512], ""output"": [2, 2048]}",4194304,0,{},2097152,2048,8192,独立 GEMM：权重与输入各读一次、输出写一次的操作数载荷；不预测 tile 重读。,40
aggregate; see repeats,moe.expert100.gate_up,linear,"{""input"": [2, 2048], ""weight_math"": [2048, 1024], ""weight_storage"": [1024, 2048], ""output"": [2, 1024]}",8388608,0,{},4194304,8192,4096,独立 GEMM：权重与输入各读一次、输出写一次的操作数载荷；不预测 tile 重读。,40
aggregate; see repeats,moe.expert100.down,linear,"{""input"": [2, 512], ""weight_math"": [512, 2048], ""weight_storage"": [2048, 512], ""output"": [2, 2048]}",4194304,0,{},2097152,2048,8192,独立 GEMM：权重与输入各读一次、输出写一次的操作数载荷；不预测 tile 重读。,40
aggregate; see repeats,moe.expert101.gate_up,linear,"{""input"": [2, 2048], ""weight_math"": [2048, 1024], ""weight_storage"": [1024, 2048], ""output"": [2, 1024]}",8388608,0,{},4194304,8192,4096,独立 GEMM：权重与输入各读一次、输出写一次的操作数载荷；不预测 tile 重读。,40
aggregate; see repeats,moe.expert101.down,linear,"{""input"": [2, 512], ""weight_math"": [512, 2048], ""weight_storage"": [2048, 512], ""output"": [2, 2048]}",4194304,0,{},2097152,2048,8192,独立 GEMM：权重与输入各读一次、输出写一次的操作数载荷；不预测 tile 重读。,40
aggregate; see repeats,moe.expert102.gate_up,linear,"{""input"": [2, 2048], ""weight_math"": [2048, 1024], ""weight_storage"": [1024, 2048], ""output"": [2, 1024]}",8388608,0,{},4194304,8192,4096,独立 GEMM：权重与输入各读一次、输出写一次的操作数载荷；不预测 tile 重读。,40
aggregate; see repeats,moe.expert102.down,linear,"{""input"": [2, 512], ""weight_math"": [512, 2048], ""weight_storage"": [2048, 512], ""output"": [2, 2048]}",4194304,0,{},2097152,2048,8192,独立 GEMM：权重与输入各读一次、输出写一次的操作数载荷；不预测 tile 重读。,40
aggregate; see repeats,moe.expert103.gate_up,linear,"{""input"": [2, 2048], ""weight_math"": [2048, 1024], ""weight_storage"": [1024, 2048], ""output"": [2, 1024]}",8388608,0,{},4194304,8192,4096,独立 GEMM：权重与输入各读一次、输出写一次的操作数载荷；不预测 tile 重读。,40
aggregate; see repeats,moe.expert103.down,linear,"{""input"": [2, 512], ""weight_math"": [512, 2048], ""weight_storage"": [2048, 512], ""output"": [2, 2048]}",4194304,0,{},2097152,2048,8192,独立 GEMM：权重与输入各读一次、输出写一次的操作数载荷；不预测 tile 重读。,40
aggregate; see repeats,moe.expert104.gate_up,linear,"{""input"": [2, 2048], ""weight_math"": [2048, 1024], ""weight_storage"": [1024, 2048], ""output"": [2, 1024]}",8388608,0,{},4194304,8192,4096,独立 GEMM：权重与输入各读一次、输出写一次的操作数载荷；不预测 tile 重读。,40
aggregate; see repeats,moe.expert104.down,linear,"{""input"": [2, 512], ""weight_math"": [512, 2048], ""weight_storage"": [2048, 512], ""output"": [2, 2048]}",4194304,0,{},2097152,2048,8192,独立 GEMM：权重与输入各读一次、输出写一次的操作数载荷；不预测 tile 重读。,40
aggregate; see repeats,moe.expert105.gate_up,linear,"{""input"": [2, 2048], ""weight_math"": [2048, 1024], ""weight_storage"": [1024, 2048], ""output"": [2, 1024]}",8388608,0,{},4194304,8192,4096,独立 GEMM：权重与输入各读一次、输出写一次的操作数载荷；不预测 tile 重读。,40
aggregate; see repeats,moe.expert105.down,linear,"{""input"": [2, 512], ""weight_math"": [512, 2048], ""weight_storage"": [2048, 512], ""output"": [2, 2048]}",4194304,0,{},2097152,2048,8192,独立 GEMM：权重与输入各读一次、输出写一次的操作数载荷；不预测 tile 重读。,40
aggregate; see repeats,moe.expert106.gate_up,linear,"{""input"": [2, 2048], ""weight_math"": [2048, 1024], ""weight_storage"": [1024, 2048], ""output"": [2, 1024]}",8388608,0,{},4194304,8192,4096,独立 GEMM：权重与输入各读一次、输出写一次的操作数载荷；不预测 tile 重读。,40
aggregate; see repeats,moe.expert106.down,linear,"{""input"": [2, 512], ""weight_math"": [512, 2048], ""weight_storage"": [2048, 512], ""output"": [2, 2048]}",4194304,0,{},2097152,2048,8192,独立 GEMM：权重与输入各读一次、输出写一次的操作数载荷；不预测 tile 重读。,40
aggregate; see repeats,moe.expert107.gate_up,linear,"{""input"": [2, 2048], ""weight_math"": [2048, 1024], ""weight_storage"": [1024, 2048], ""output"": [2, 1024]}",8388608,0,{},4194304,8192,4096,独立 GEMM：权重与输入各读一次、输出写一次的操作数载荷；不预测 tile 重读。,40
aggregate; see repeats,moe.expert107.down,linear,"{""input"": [2, 512], ""weight_math"": [512, 2048], ""weight_storage"": [2048, 512], ""output"": [2, 2048]}",4194304,0,{},2097152,2048,8192,独立 GEMM：权重与输入各读一次、输出写一次的操作数载荷；不预测 tile 重读。,40
aggregate; see repeats,moe.expert108.gate_up,linear,"{""input"": [2, 2048], ""weight_math"": [2048, 1024], ""weight_storage"": [1024, 2048], ""output"": [2, 1024]}",8388608,0,{},4194304,8192,4096,独立 GEMM：权重与输入各读一次、输出写一次的操作数载荷；不预测 tile 重读。,40
aggregate; see repeats,moe.expert108.down,linear,"{""input"": [2, 512], ""weight_math"": [512, 2048], ""weight_storage"": [2048, 512], ""output"": [2, 2048]}",4194304,0,{},2097152,2048,8192,独立 GEMM：权重与输入各读一次、输出写一次的操作数载荷；不预测 tile 重读。,40
aggregate; see repeats,moe.expert109.gate_up,linear,"{""input"": [2, 2048], ""weight_math"": [2048, 1024], ""weight_storage"": [1024, 2048], ""output"": [2, 1024]}",8388608,0,{},4194304,8192,4096,独立 GEMM：权重与输入各读一次、输出写一次的操作数载荷；不预测 tile 重读。,40
aggregate; see repeats,moe.expert109.down,linear,"{""input"": [2, 512], ""weight_math"": [512, 2048], ""weight_storage"": [2048, 512], ""output"": [2, 2048]}",4194304,0,{},2097152,2048,8192,独立 GEMM：权重与输入各读一次、输出写一次的操作数载荷；不预测 tile 重读。,40
aggregate; see repeats,moe.expert110.gate_up,linear,"{""input"": [2, 2048], ""weight_math"": [2048, 1024], ""weight_storage"": [1024, 2048], ""output"": [2, 1024]}",8388608,0,{},4194304,8192,4096,独立 GEMM：权重与输入各读一次、输出写一次的操作数载荷；不预测 tile 重读。,40
aggregate; see repeats,moe.expert110.down,linear,"{""input"": [2, 512], ""weight_math"": [512, 2048], ""weight_storage"": [2048, 512], ""output"": [2, 2048]}",4194304,0,{},2097152,2048,8192,独立 GEMM：权重与输入各读一次、输出写一次的操作数载荷；不预测 tile 重读。,40
aggregate; see repeats,moe.expert111.gate_up,linear,"{""input"": [2, 2048], ""weight_math"": [2048, 1024], ""weight_storage"": [1024, 2048], ""output"": [2, 1024]}",8388608,0,{},4194304,8192,4096,独立 GEMM：权重与输入各读一次、输出写一次的操作数载荷；不预测 tile 重读。,40
aggregate; see repeats,moe.expert111.down,linear,"{""input"": [2, 512], ""weight_math"": [512, 2048], ""weight_storage"": [2048, 512], ""output"": [2, 2048]}",4194304,0,{},2097152,2048,8192,独立 GEMM：权重与输入各读一次、输出写一次的操作数载荷；不预测 tile 重读。,40
aggregate; see repeats,moe.expert112.gate_up,linear,"{""input"": [2, 2048], ""weight_math"": [2048, 1024], ""weight_storage"": [1024, 2048], ""output"": [2, 1024]}",8388608,0,{},4194304,8192,4096,独立 GEMM：权重与输入各读一次、输出写一次的操作数载荷；不预测 tile 重读。,40
aggregate; see repeats,moe.expert112.down,linear,"{""input"": [2, 512], ""weight_math"": [512, 2048], ""weight_storage"": [2048, 512], ""output"": [2, 2048]}",4194304,0,{},2097152,2048,8192,独立 GEMM：权重与输入各读一次、输出写一次的操作数载荷；不预测 tile 重读。,40
aggregate; see repeats,moe.expert113.gate_up,linear,"{""input"": [2, 2048], ""weight_math"": [2048, 1024], ""weight_storage"": [1024, 2048], ""output"": [2, 1024]}",8388608,0,{},4194304,8192,4096,独立 GEMM：权重与输入各读一次、输出写一次的操作数载荷；不预测 tile 重读。,40
aggregate; see repeats,moe.expert113.down,linear,"{""input"": [2, 512], ""weight_math"": [512, 2048], ""weight_storage"": [2048, 512], ""output"": [2, 2048]}",4194304,0,{},2097152,2048,8192,独立 GEMM：权重与输入各读一次、输出写一次的操作数载荷；不预测 tile 重读。,40
aggregate; see repeats,moe.expert114.gate_up,linear,"{""input"": [2, 2048], ""weight_math"": [2048, 1024], ""weight_storage"": [1024, 2048], ""output"": [2, 1024]}",8388608,0,{},4194304,8192,4096,独立 GEMM：权重与输入各读一次、输出写一次的操作数载荷；不预测 tile 重读。,40
aggregate; see repeats,moe.expert114.down,linear,"{""input"": [2, 512], ""weight_math"": [512, 2048], ""weight_storage"": [2048, 512], ""output"": [2, 2048]}",4194304,0,{},2097152,2048,8192,独立 GEMM：权重与输入各读一次、输出写一次的操作数载荷；不预测 tile 重读。,40
aggregate; see repeats,moe.expert115.gate_up,linear,"{""input"": [2, 2048], ""weight_math"": [2048, 1024], ""weight_storage"": [1024, 2048], ""output"": [2, 1024]}",8388608,0,{},4194304,8192,4096,独立 GEMM：权重与输入各读一次、输出写一次的操作数载荷；不预测 tile 重读。,40
aggregate; see repeats,moe.expert115.down,linear,"{""input"": [2, 512], ""weight_math"": [512, 2048], ""weight_storage"": [2048, 512], ""output"": [2, 2048]}",4194304,0,{},2097152,2048,8192,独立 GEMM：权重与输入各读一次、输出写一次的操作数载荷；不预测 tile 重读。,40
aggregate; see repeats,moe.expert116.gate_up,linear,"{""input"": [2, 2048], ""weight_math"": [2048, 1024], ""weight_storage"": [1024, 2048], ""output"": [2, 1024]}",8388608,0,{},4194304,8192,4096,独立 GEMM：权重与输入各读一次、输出写一次的操作数载荷；不预测 tile 重读。,40
aggregate; see repeats,moe.expert116.down,linear,"{""input"": [2, 512], ""weight_math"": [512, 2048], ""weight_storage"": [2048, 512], ""output"": [2, 2048]}",4194304,0,{},2097152,2048,8192,独立 GEMM：权重与输入各读一次、输出写一次的操作数载荷；不预测 tile 重读。,40
aggregate; see repeats,moe.expert117.gate_up,linear,"{""input"": [2, 2048], ""weight_math"": [2048, 1024], ""weight_storage"": [1024, 2048], ""output"": [2, 1024]}",8388608,0,{},4194304,8192,4096,独立 GEMM：权重与输入各读一次、输出写一次的操作数载荷；不预测 tile 重读。,40
aggregate; see repeats,moe.expert117.down,linear,"{""input"": [2, 512], ""weight_math"": [512, 2048], ""weight_storage"": [2048, 512], ""output"": [2, 2048]}",4194304,0,{},2097152,2048,8192,独立 GEMM：权重与输入各读一次、输出写一次的操作数载荷；不预测 tile 重读。,40
aggregate; see repeats,moe.expert118.gate_up,linear,"{""input"": [2, 2048], ""weight_math"": [2048, 1024], ""weight_storage"": [1024, 2048], ""output"": [2, 1024]}",8388608,0,{},4194304,8192,4096,独立 GEMM：权重与输入各读一次、输出写一次的操作数载荷；不预测 tile 重读。,40
aggregate; see repeats,moe.expert118.down,linear,"{""input"": [2, 512], ""weight_math"": [512, 2048], ""weight_storage"": [2048, 512], ""output"": [2, 2048]}",4194304,0,{},2097152,2048,8192,独立 GEMM：权重与输入各读一次、输出写一次的操作数载荷；不预测 tile 重读。,40
aggregate; see repeats,moe.expert119.gate_up,linear,"{""input"": [2, 2048], ""weight_math"": [2048, 1024], ""weight_storage"": [1024, 2048], ""output"": [2, 1024]}",8388608,0,{},4194304,8192,4096,独立 GEMM：权重与输入各读一次、输出写一次的操作数载荷；不预测 tile 重读。,40
aggregate; see repeats,moe.expert119.down,linear,"{""input"": [2, 512], ""weight_math"": [512, 2048], ""weight_storage"": [2048, 512], ""output"": [2, 2048]}",4194304,0,{},2097152,2048,8192,独立 GEMM：权重与输入各读一次、输出写一次的操作数载荷；不预测 tile 重读。,40
aggregate; see repeats,moe.expert120.gate_up,linear,"{""input"": [2, 2048], ""weight_math"": [2048, 1024], ""weight_storage"": [1024, 2048], ""output"": [2, 1024]}",8388608,0,{},4194304,8192,4096,独立 GEMM：权重与输入各读一次、输出写一次的操作数载荷；不预测 tile 重读。,40
aggregate; see repeats,moe.expert120.down,linear,"{""input"": [2, 512], ""weight_math"": [512, 2048], ""weight_storage"": [2048, 512], ""output"": [2, 2048]}",4194304,0,{},2097152,2048,8192,独立 GEMM：权重与输入各读一次、输出写一次的操作数载荷；不预测 tile 重读。,40
aggregate; see repeats,moe.expert121.gate_up,linear,"{""input"": [2, 2048], ""weight_math"": [2048, 1024], ""weight_storage"": [1024, 2048], ""output"": [2, 1024]}",8388608,0,{},4194304,8192,4096,独立 GEMM：权重与输入各读一次、输出写一次的操作数载荷；不预测 tile 重读。,40
aggregate; see repeats,moe.expert121.down,linear,"{""input"": [2, 512], ""weight_math"": [512, 2048], ""weight_storage"": [2048, 512], ""output"": [2, 2048]}",4194304,0,{},2097152,2048,8192,独立 GEMM：权重与输入各读一次、输出写一次的操作数载荷；不预测 tile 重读。,40
aggregate; see repeats,moe.expert122.gate_up,linear,"{""input"": [2, 2048], ""weight_math"": [2048, 1024], ""weight_storage"": [1024, 2048], ""output"": [2, 1024]}",8388608,0,{},4194304,8192,4096,独立 GEMM：权重与输入各读一次、输出写一次的操作数载荷；不预测 tile 重读。,40
aggregate; see repeats,moe.expert122.down,linear,"{""input"": [2, 512], ""weight_math"": [512, 2048], ""weight_storage"": [2048, 512], ""output"": [2, 2048]}",4194304,0,{},2097152,2048,8192,独立 GEMM：权重与输入各读一次、输出写一次的操作数载荷；不预测 tile 重读。,40
aggregate; see repeats,moe.expert123.gate_up,linear,"{""input"": [2, 2048], ""weight_math"": [2048, 1024], ""weight_storage"": [1024, 2048], ""output"": [2, 1024]}",8388608,0,{},4194304,8192,4096,独立 GEMM：权重与输入各读一次、输出写一次的操作数载荷；不预测 tile 重读。,40
aggregate; see repeats,moe.expert123.down,linear,"{""input"": [2, 512], ""weight_math"": [512, 2048], ""weight_storage"": [2048, 512], ""output"": [2, 2048]}",4194304,0,{},2097152,2048,8192,独立 GEMM：权重与输入各读一次、输出写一次的操作数载荷；不预测 tile 重读。,40
aggregate; see repeats,moe.expert124.gate_up,linear,"{""input"": [2, 2048], ""weight_math"": [2048, 1024], ""weight_storage"": [1024, 2048], ""output"": [2, 1024]}",8388608,0,{},4194304,8192,4096,独立 GEMM：权重与输入各读一次、输出写一次的操作数载荷；不预测 tile 重读。,40
aggregate; see repeats,moe.expert124.down,linear,"{""input"": [2, 512], ""weight_math"": [512, 2048], ""weight_storage"": [2048, 512], ""output"": [2, 2048]}",4194304,0,{},2097152,2048,8192,独立 GEMM：权重与输入各读一次、输出写一次的操作数载荷；不预测 tile 重读。,40
aggregate; see repeats,moe.expert125.gate_up,linear,"{""input"": [2, 2048], ""weight_math"": [2048, 1024], ""weight_storage"": [1024, 2048], ""output"": [2, 1024]}",8388608,0,{},4194304,8192,4096,独立 GEMM：权重与输入各读一次、输出写一次的操作数载荷；不预测 tile 重读。,40
aggregate; see repeats,moe.expert125.down,linear,"{""input"": [2, 512], ""weight_math"": [512, 2048], ""weight_storage"": [2048, 512], ""output"": [2, 2048]}",4194304,0,{},2097152,2048,8192,独立 GEMM：权重与输入各读一次、输出写一次的操作数载荷；不预测 tile 重读。,40
aggregate; see repeats,moe.expert126.gate_up,linear,"{""input"": [2, 2048], ""weight_math"": [2048, 1024], ""weight_storage"": [1024, 2048], ""output"": [2, 1024]}",8388608,0,{},4194304,8192,4096,独立 GEMM：权重与输入各读一次、输出写一次的操作数载荷；不预测 tile 重读。,40
aggregate; see repeats,moe.expert126.down,linear,"{""input"": [2, 512], ""weight_math"": [512, 2048], ""weight_storage"": [2048, 512], ""output"": [2, 2048]}",4194304,0,{},2097152,2048,8192,独立 GEMM：权重与输入各读一次、输出写一次的操作数载荷；不预测 tile 重读。,40
aggregate; see repeats,moe.expert127.gate_up,linear,"{""input"": [2, 2048], ""weight_math"": [2048, 1024], ""weight_storage"": [1024, 2048], ""output"": [2, 1024]}",8388608,0,{},4194304,8192,4096,独立 GEMM：权重与输入各读一次、输出写一次的操作数载荷；不预测 tile 重读。,40
aggregate; see repeats,moe.expert127.down,linear,"{""input"": [2, 512], ""weight_math"": [512, 2048], ""weight_storage"": [2048, 512], ""output"": [2, 2048]}",4194304,0,{},2097152,2048,8192,独立 GEMM：权重与输入各读一次、输出写一次的操作数载荷；不预测 tile 重读。,40
aggregate; see repeats,moe.expert128.gate_up,linear,"{""input"": [2, 2048], ""weight_math"": [2048, 1024], ""weight_storage"": [1024, 2048], ""output"": [2, 1024]}",8388608,0,{},4194304,8192,4096,独立 GEMM：权重与输入各读一次、输出写一次的操作数载荷；不预测 tile 重读。,40
aggregate; see repeats,moe.expert128.down,linear,"{""input"": [2, 512], ""weight_math"": [512, 2048], ""weight_storage"": [2048, 512], ""output"": [2, 2048]}",4194304,0,{},2097152,2048,8192,独立 GEMM：权重与输入各读一次、输出写一次的操作数载荷；不预测 tile 重读。,40
aggregate; see repeats,moe.expert129.gate_up,linear,"{""input"": [2, 2048], ""weight_math"": [2048, 1024], ""weight_storage"": [1024, 2048], ""output"": [2, 1024]}",8388608,0,{},4194304,8192,4096,独立 GEMM：权重与输入各读一次、输出写一次的操作数载荷；不预测 tile 重读。,40
aggregate; see repeats,moe.expert129.down,linear,"{""input"": [2, 512], ""weight_math"": [512, 2048], ""weight_storage"": [2048, 512], ""output"": [2, 2048]}",4194304,0,{},2097152,2048,8192,独立 GEMM：权重与输入各读一次、输出写一次的操作数载荷；不预测 tile 重读。,40
aggregate; see repeats,moe.expert130.gate_up,linear,"{""input"": [2, 2048], ""weight_math"": [2048, 1024], ""weight_storage"": [1024, 2048], ""output"": [2, 1024]}",8388608,0,{},4194304,8192,4096,独立 GEMM：权重与输入各读一次、输出写一次的操作数载荷；不预测 tile 重读。,40
aggregate; see repeats,moe.expert130.down,linear,"{""input"": [2, 512], ""weight_math"": [512, 2048], ""weight_storage"": [2048, 512], ""output"": [2, 2048]}",4194304,0,{},2097152,2048,8192,独立 GEMM：权重与输入各读一次、输出写一次的操作数载荷；不预测 tile 重读。,40
aggregate; see repeats,moe.expert131.gate_up,linear,"{""input"": [2, 2048], ""weight_math"": [2048, 1024], ""weight_storage"": [1024, 2048], ""output"": [2, 1024]}",8388608,0,{},4194304,8192,4096,独立 GEMM：权重与输入各读一次、输出写一次的操作数载荷；不预测 tile 重读。,40
aggregate; see repeats,moe.expert131.down,linear,"{""input"": [2, 512], ""weight_math"": [512, 2048], ""weight_storage"": [2048, 512], ""output"": [2, 2048]}",4194304,0,{},2097152,2048,8192,独立 GEMM：权重与输入各读一次、输出写一次的操作数载荷；不预测 tile 重读。,40
aggregate; see repeats,moe.expert132.gate_up,linear,"{""input"": [2, 2048], ""weight_math"": [2048, 1024], ""weight_storage"": [1024, 2048], ""output"": [2, 1024]}",8388608,0,{},4194304,8192,4096,独立 GEMM：权重与输入各读一次、输出写一次的操作数载荷；不预测 tile 重读。,40
aggregate; see repeats,moe.expert132.down,linear,"{""input"": [2, 512], ""weight_math"": [512, 2048], ""weight_storage"": [2048, 512], ""output"": [2, 2048]}",4194304,0,{},2097152,2048,8192,独立 GEMM：权重与输入各读一次、输出写一次的操作数载荷；不预测 tile 重读。,40
aggregate; see repeats,moe.expert133.gate_up,linear,"{""input"": [2, 2048], ""weight_math"": [2048, 1024], ""weight_storage"": [1024, 2048], ""output"": [2, 1024]}",8388608,0,{},4194304,8192,4096,独立 GEMM：权重与输入各读一次、输出写一次的操作数载荷；不预测 tile 重读。,40
aggregate; see repeats,moe.expert133.down,linear,"{""input"": [2, 512], ""weight_math"": [512, 2048], ""weight_storage"": [2048, 512], ""output"": [2, 2048]}",4194304,0,{},2097152,2048,8192,独立 GEMM：权重与输入各读一次、输出写一次的操作数载荷；不预测 tile 重读。,40
aggregate; see repeats,moe.expert134.gate_up,linear,"{""input"": [2, 2048], ""weight_math"": [2048, 1024], ""weight_storage"": [1024, 2048], ""output"": [2, 1024]}",8388608,0,{},4194304,8192,4096,独立 GEMM：权重与输入各读一次、输出写一次的操作数载荷；不预测 tile 重读。,40
aggregate; see repeats,moe.expert134.down,linear,"{""input"": [2, 512], ""weight_math"": [512, 2048], ""weight_storage"": [2048, 512], ""output"": [2, 2048]}",4194304,0,{},2097152,2048,8192,独立 GEMM：权重与输入各读一次、输出写一次的操作数载荷；不预测 tile 重读。,40
aggregate; see repeats,moe.expert135.gate_up,linear,"{""input"": [2, 2048], ""weight_math"": [2048, 1024], ""weight_storage"": [1024, 2048], ""output"": [2, 1024]}",8388608,0,{},4194304,8192,4096,独立 GEMM：权重与输入各读一次、输出写一次的操作数载荷；不预测 tile 重读。,40
aggregate; see repeats,moe.expert135.down,linear,"{""input"": [2, 512], ""weight_math"": [512, 2048], ""weight_storage"": [2048, 512], ""output"": [2, 2048]}",4194304,0,{},2097152,2048,8192,独立 GEMM：权重与输入各读一次、输出写一次的操作数载荷；不预测 tile 重读。,40
aggregate; see repeats,moe.expert136.gate_up,linear,"{""input"": [2, 2048], ""weight_math"": [2048, 1024], ""weight_storage"": [1024, 2048], ""output"": [2, 1024]}",8388608,0,{},4194304,8192,4096,独立 GEMM：权重与输入各读一次、输出写一次的操作数载荷；不预测 tile 重读。,40
aggregate; see repeats,moe.expert136.down,linear,"{""input"": [2, 512], ""weight_math"": [512, 2048], ""weight_storage"": [2048, 512], ""output"": [2, 2048]}",4194304,0,{},2097152,2048,8192,独立 GEMM：权重与输入各读一次、输出写一次的操作数载荷；不预测 tile 重读。,40
aggregate; see repeats,moe.expert137.gate_up,linear,"{""input"": [2, 2048], ""weight_math"": [2048, 1024], ""weight_storage"": [1024, 2048], ""output"": [2, 1024]}",8388608,0,{},4194304,8192,4096,独立 GEMM：权重与输入各读一次、输出写一次的操作数载荷；不预测 tile 重读。,40
aggregate; see repeats,moe.expert137.down,linear,"{""input"": [2, 512], ""weight_math"": [512, 2048], ""weight_storage"": [2048, 512], ""output"": [2, 2048]}",4194304,0,{},2097152,2048,8192,独立 GEMM：权重与输入各读一次、输出写一次的操作数载荷；不预测 tile 重读。,40
aggregate; see repeats,moe.expert138.gate_up,linear,"{""input"": [2, 2048], ""weight_math"": [2048, 1024], ""weight_storage"": [1024, 2048], ""output"": [2, 1024]}",8388608,0,{},4194304,8192,4096,独立 GEMM：权重与输入各读一次、输出写一次的操作数载荷；不预测 tile 重读。,40
aggregate; see repeats,moe.expert138.down,linear,"{""input"": [2, 512], ""weight_math"": [512, 2048], ""weight_storage"": [2048, 512], ""output"": [2, 2048]}",4194304,0,{},2097152,2048,8192,独立 GEMM：权重与输入各读一次、输出写一次的操作数载荷；不预测 tile 重读。,40
aggregate; see repeats,moe.expert139.gate_up,linear,"{""input"": [2, 2048], ""weight_math"": [2048, 1024], ""weight_storage"": [1024, 2048], ""output"": [2, 1024]}",8388608,0,{},4194304,8192,4096,独立 GEMM：权重与输入各读一次、输出写一次的操作数载荷；不预测 tile 重读。,40
aggregate; see repeats,moe.expert139.down,linear,"{""input"": [2, 512], ""weight_math"": [512, 2048], ""weight_storage"": [2048, 512], ""output"": [2, 2048]}",4194304,0,{},2097152,2048,8192,独立 GEMM：权重与输入各读一次、输出写一次的操作数载荷；不预测 tile 重读。,40
aggregate; see repeats,moe.expert140.gate_up,linear,"{""input"": [2, 2048], ""weight_math"": [2048, 1024], ""weight_storage"": [1024, 2048], ""output"": [2, 1024]}",8388608,0,{},4194304,8192,4096,独立 GEMM：权重与输入各读一次、输出写一次的操作数载荷；不预测 tile 重读。,40
aggregate; see repeats,moe.expert140.down,linear,"{""input"": [2, 512], ""weight_math"": [512, 2048], ""weight_storage"": [2048, 512], ""output"": [2, 2048]}",4194304,0,{},2097152,2048,8192,独立 GEMM：权重与输入各读一次、输出写一次的操作数载荷；不预测 tile 重读。,40
aggregate; see repeats,moe.expert141.gate_up,linear,"{""input"": [2, 2048], ""weight_math"": [2048, 1024], ""weight_storage"": [1024, 2048], ""output"": [2, 1024]}",8388608,0,{},4194304,8192,4096,独立 GEMM：权重与输入各读一次、输出写一次的操作数载荷；不预测 tile 重读。,40
aggregate; see repeats,moe.expert141.down,linear,"{""input"": [2, 512], ""weight_math"": [512, 2048], ""weight_storage"": [2048, 512], ""output"": [2, 2048]}",4194304,0,{},2097152,2048,8192,独立 GEMM：权重与输入各读一次、输出写一次的操作数载荷；不预测 tile 重读。,40
aggregate; see repeats,moe.expert142.gate_up,linear,"{""input"": [2, 2048], ""weight_math"": [2048, 1024], ""weight_storage"": [1024, 2048], ""output"": [2, 1024]}",8388608,0,{},4194304,8192,4096,独立 GEMM：权重与输入各读一次、输出写一次的操作数载荷；不预测 tile 重读。,40
aggregate; see repeats,moe.expert142.down,linear,"{""input"": [2, 512], ""weight_math"": [512, 2048], ""weight_storage"": [2048, 512], ""output"": [2, 2048]}",4194304,0,{},2097152,2048,8192,独立 GEMM：权重与输入各读一次、输出写一次的操作数载荷；不预测 tile 重读。,40
aggregate; see repeats,moe.expert143.gate_up,linear,"{""input"": [2, 2048], ""weight_math"": [2048, 1024], ""weight_storage"": [1024, 2048], ""output"": [2, 1024]}",8388608,0,{},4194304,8192,4096,独立 GEMM：权重与输入各读一次、输出写一次的操作数载荷；不预测 tile 重读。,40
aggregate; see repeats,moe.expert143.down,linear,"{""input"": [2, 512], ""weight_math"": [512, 2048], ""weight_storage"": [2048, 512], ""output"": [2, 2048]}",4194304,0,{},2097152,2048,8192,独立 GEMM：权重与输入各读一次、输出写一次的操作数载荷；不预测 tile 重读。,40
aggregate; see repeats,moe.expert144.gate_up,linear,"{""input"": [2, 2048], ""weight_math"": [2048, 1024], ""weight_storage"": [1024, 2048], ""output"": [2, 1024]}",8388608,0,{},4194304,8192,4096,独立 GEMM：权重与输入各读一次、输出写一次的操作数载荷；不预测 tile 重读。,40
aggregate; see repeats,moe.expert144.down,linear,"{""input"": [2, 512], ""weight_math"": [512, 2048], ""weight_storage"": [2048, 512], ""output"": [2, 2048]}",4194304,0,{},2097152,2048,8192,独立 GEMM：权重与输入各读一次、输出写一次的操作数载荷；不预测 tile 重读。,40
aggregate; see repeats,moe.expert145.gate_up,linear,"{""input"": [2, 2048], ""weight_math"": [2048, 1024], ""weight_storage"": [1024, 2048], ""output"": [2, 1024]}",8388608,0,{},4194304,8192,4096,独立 GEMM：权重与输入各读一次、输出写一次的操作数载荷；不预测 tile 重读。,40
aggregate; see repeats,moe.expert145.down,linear,"{""input"": [2, 512], ""weight_math"": [512, 2048], ""weight_storage"": [2048, 512], ""output"": [2, 2048]}",4194304,0,{},2097152,2048,8192,独立 GEMM：权重与输入各读一次、输出写一次的操作数载荷；不预测 tile 重读。,40
aggregate; see repeats,moe.expert146.gate_up,linear,"{""input"": [2, 2048], ""weight_math"": [2048, 1024], ""weight_storage"": [1024, 2048], ""output"": [2, 1024]}",8388608,0,{},4194304,8192,4096,独立 GEMM：权重与输入各读一次、输出写一次的操作数载荷；不预测 tile 重读。,40
aggregate; see repeats,moe.expert146.down,linear,"{""input"": [2, 512], ""weight_math"": [512, 2048], ""weight_storage"": [2048, 512], ""output"": [2, 2048]}",4194304,0,{},2097152,2048,8192,独立 GEMM：权重与输入各读一次、输出写一次的操作数载荷；不预测 tile 重读。,40
aggregate; see repeats,moe.expert147.gate_up,linear,"{""input"": [2, 2048], ""weight_math"": [2048, 1024], ""weight_storage"": [1024, 2048], ""output"": [2, 1024]}",8388608,0,{},4194304,8192,4096,独立 GEMM：权重与输入各读一次、输出写一次的操作数载荷；不预测 tile 重读。,40
aggregate; see repeats,moe.expert147.down,linear,"{""input"": [2, 512], ""weight_math"": [512, 2048], ""weight_storage"": [2048, 512], ""output"": [2, 2048]}",4194304,0,{},2097152,2048,8192,独立 GEMM：权重与输入各读一次、输出写一次的操作数载荷；不预测 tile 重读。,40
aggregate; see repeats,moe.expert148.gate_up,linear,"{""input"": [2, 2048], ""weight_math"": [2048, 1024], ""weight_storage"": [1024, 2048], ""output"": [2, 1024]}",8388608,0,{},4194304,8192,4096,独立 GEMM：权重与输入各读一次、输出写一次的操作数载荷；不预测 tile 重读。,40
aggregate; see repeats,moe.expert148.down,linear,"{""input"": [2, 512], ""weight_math"": [512, 2048], ""weight_storage"": [2048, 512], ""output"": [2, 2048]}",4194304,0,{},2097152,2048,8192,独立 GEMM：权重与输入各读一次、输出写一次的操作数载荷；不预测 tile 重读。,40
aggregate; see repeats,moe.expert149.gate_up,linear,"{""input"": [2, 2048], ""weight_math"": [2048, 1024], ""weight_storage"": [1024, 2048], ""output"": [2, 1024]}",8388608,0,{},4194304,8192,4096,独立 GEMM：权重与输入各读一次、输出写一次的操作数载荷；不预测 tile 重读。,40
aggregate; see repeats,moe.expert149.down,linear,"{""input"": [2, 512], ""weight_math"": [512, 2048], ""weight_storage"": [2048, 512], ""output"": [2, 2048]}",4194304,0,{},2097152,2048,8192,独立 GEMM：权重与输入各读一次、输出写一次的操作数载荷；不预测 tile 重读。,40
aggregate; see repeats,moe.expert150.gate_up,linear,"{""input"": [2, 2048], ""weight_math"": [2048, 1024], ""weight_storage"": [1024, 2048], ""output"": [2, 1024]}",8388608,0,{},4194304,8192,4096,独立 GEMM：权重与输入各读一次、输出写一次的操作数载荷；不预测 tile 重读。,40
aggregate; see repeats,moe.expert150.down,linear,"{""input"": [2, 512], ""weight_math"": [512, 2048], ""weight_storage"": [2048, 512], ""output"": [2, 2048]}",4194304,0,{},2097152,2048,8192,独立 GEMM：权重与输入各读一次、输出写一次的操作数载荷；不预测 tile 重读。,40
aggregate; see repeats,moe.expert151.gate_up,linear,"{""input"": [2, 2048], ""weight_math"": [2048, 1024], ""weight_storage"": [1024, 2048], ""output"": [2, 1024]}",8388608,0,{},4194304,8192,4096,独立 GEMM：权重与输入各读一次、输出写一次的操作数载荷；不预测 tile 重读。,40
aggregate; see repeats,moe.expert151.down,linear,"{""input"": [2, 512], ""weight_math"": [512, 2048], ""weight_storage"": [2048, 512], ""output"": [2, 2048]}",4194304,0,{},2097152,2048,8192,独立 GEMM：权重与输入各读一次、输出写一次的操作数载荷；不预测 tile 重读。,40
aggregate; see repeats,moe.expert152.gate_up,linear,"{""input"": [2, 2048], ""weight_math"": [2048, 1024], ""weight_storage"": [1024, 2048], ""output"": [2, 1024]}",8388608,0,{},4194304,8192,4096,独立 GEMM：权重与输入各读一次、输出写一次的操作数载荷；不预测 tile 重读。,40
aggregate; see repeats,moe.expert152.down,linear,"{""input"": [2, 512], ""weight_math"": [512, 2048], ""weight_storage"": [2048, 512], ""output"": [2, 2048]}",4194304,0,{},2097152,2048,8192,独立 GEMM：权重与输入各读一次、输出写一次的操作数载荷；不预测 tile 重读。,40
aggregate; see repeats,moe.expert153.gate_up,linear,"{""input"": [2, 2048], ""weight_math"": [2048, 1024], ""weight_storage"": [1024, 2048], ""output"": [2, 1024]}",8388608,0,{},4194304,8192,4096,独立 GEMM：权重与输入各读一次、输出写一次的操作数载荷；不预测 tile 重读。,40
aggregate; see repeats,moe.expert153.down,linear,"{""input"": [2, 512], ""weight_math"": [512, 2048], ""weight_storage"": [2048, 512], ""output"": [2, 2048]}",4194304,0,{},2097152,2048,8192,独立 GEMM：权重与输入各读一次、输出写一次的操作数载荷；不预测 tile 重读。,40
aggregate; see repeats,moe.expert154.gate_up,linear,"{""input"": [2, 2048], ""weight_math"": [2048, 1024], ""weight_storage"": [1024, 2048], ""output"": [2, 1024]}",8388608,0,{},4194304,8192,4096,独立 GEMM：权重与输入各读一次、输出写一次的操作数载荷；不预测 tile 重读。,40
aggregate; see repeats,moe.expert154.down,linear,"{""input"": [2, 512], ""weight_math"": [512, 2048], ""weight_storage"": [2048, 512], ""output"": [2, 2048]}",4194304,0,{},2097152,2048,8192,独立 GEMM：权重与输入各读一次、输出写一次的操作数载荷；不预测 tile 重读。,40
aggregate; see repeats,moe.expert155.gate_up,linear,"{""input"": [2, 2048], ""weight_math"": [2048, 1024], ""weight_storage"": [1024, 2048], ""output"": [2, 1024]}",8388608,0,{},4194304,8192,4096,独立 GEMM：权重与输入各读一次、输出写一次的操作数载荷；不预测 tile 重读。,40
aggregate; see repeats,moe.expert155.down,linear,"{""input"": [2, 512], ""weight_math"": [512, 2048], ""weight_storage"": [2048, 512], ""output"": [2, 2048]}",4194304,0,{},2097152,2048,8192,独立 GEMM：权重与输入各读一次、输出写一次的操作数载荷；不预测 tile 重读。,40
aggregate; see repeats,moe.expert156.gate_up,linear,"{""input"": [2, 2048], ""weight_math"": [2048, 1024], ""weight_storage"": [1024, 2048], ""output"": [2, 1024]}",8388608,0,{},4194304,8192,4096,独立 GEMM：权重与输入各读一次、输出写一次的操作数载荷；不预测 tile 重读。,40
aggregate; see repeats,moe.expert156.down,linear,"{""input"": [2, 512], ""weight_math"": [512, 2048], ""weight_storage"": [2048, 512], ""output"": [2, 2048]}",4194304,0,{},2097152,2048,8192,独立 GEMM：权重与输入各读一次、输出写一次的操作数载荷；不预测 tile 重读。,40
aggregate; see repeats,moe.expert157.gate_up,linear,"{""input"": [2, 2048], ""weight_math"": [2048, 1024], ""weight_storage"": [1024, 2048], ""output"": [2, 1024]}",8388608,0,{},4194304,8192,4096,独立 GEMM：权重与输入各读一次、输出写一次的操作数载荷；不预测 tile 重读。,40
aggregate; see repeats,moe.expert157.down,linear,"{""input"": [2, 512], ""weight_math"": [512, 2048], ""weight_storage"": [2048, 512], ""output"": [2, 2048]}",4194304,0,{},2097152,2048,8192,独立 GEMM：权重与输入各读一次、输出写一次的操作数载荷；不预测 tile 重读。,40
aggregate; see repeats,moe.expert158.gate_up,linear,"{""input"": [2, 2048], ""weight_math"": [2048, 1024], ""weight_storage"": [1024, 2048], ""output"": [2, 1024]}",8388608,0,{},4194304,8192,4096,独立 GEMM：权重与输入各读一次、输出写一次的操作数载荷；不预测 tile 重读。,40
aggregate; see repeats,moe.expert158.down,linear,"{""input"": [2, 512], ""weight_math"": [512, 2048], ""weight_storage"": [2048, 512], ""output"": [2, 2048]}",4194304,0,{},2097152,2048,8192,独立 GEMM：权重与输入各读一次、输出写一次的操作数载荷；不预测 tile 重读。,40
aggregate; see repeats,moe.expert159.gate_up,linear,"{""input"": [2, 2048], ""weight_math"": [2048, 1024], ""weight_storage"": [1024, 2048], ""output"": [2, 1024]}",8388608,0,{},4194304,8192,4096,独立 GEMM：权重与输入各读一次、输出写一次的操作数载荷；不预测 tile 重读。,40
aggregate; see repeats,moe.expert159.down,linear,"{""input"": [2, 512], ""weight_math"": [512, 2048], ""weight_storage"": [2048, 512], ""output"": [2, 2048]}",4194304,0,{},2097152,2048,8192,独立 GEMM：权重与输入各读一次、输出写一次的操作数载荷；不预测 tile 重读。,40
aggregate; see repeats,moe.expert160.gate_up,linear,"{""input"": [2, 2048], ""weight_math"": [2048, 1024], ""weight_storage"": [1024, 2048], ""output"": [2, 1024]}",8388608,0,{},4194304,8192,4096,独立 GEMM：权重与输入各读一次、输出写一次的操作数载荷；不预测 tile 重读。,40
aggregate; see repeats,moe.expert160.down,linear,"{""input"": [2, 512], ""weight_math"": [512, 2048], ""weight_storage"": [2048, 512], ""output"": [2, 2048]}",4194304,0,{},2097152,2048,8192,独立 GEMM：权重与输入各读一次、输出写一次的操作数载荷；不预测 tile 重读。,40
aggregate; see repeats,moe.expert161.gate_up,linear,"{""input"": [2, 2048], ""weight_math"": [2048, 1024], ""weight_storage"": [1024, 2048], ""output"": [2, 1024]}",8388608,0,{},4194304,8192,4096,独立 GEMM：权重与输入各读一次、输出写一次的操作数载荷；不预测 tile 重读。,40
aggregate; see repeats,moe.expert161.down,linear,"{""input"": [2, 512], ""weight_math"": [512, 2048], ""weight_storage"": [2048, 512], ""output"": [2, 2048]}",4194304,0,{},2097152,2048,8192,独立 GEMM：权重与输入各读一次、输出写一次的操作数载荷；不预测 tile 重读。,40
aggregate; see repeats,moe.expert162.gate_up,linear,"{""input"": [2, 2048], ""weight_math"": [2048, 1024], ""weight_storage"": [1024, 2048], ""output"": [2, 1024]}",8388608,0,{},4194304,8192,4096,独立 GEMM：权重与输入各读一次、输出写一次的操作数载荷；不预测 tile 重读。,40
aggregate; see repeats,moe.expert162.down,linear,"{""input"": [2, 512], ""weight_math"": [512, 2048], ""weight_storage"": [2048, 512], ""output"": [2, 2048]}",4194304,0,{},2097152,2048,8192,独立 GEMM：权重与输入各读一次、输出写一次的操作数载荷；不预测 tile 重读。,40
aggregate; see repeats,moe.expert163.gate_up,linear,"{""input"": [2, 2048], ""weight_math"": [2048, 1024], ""weight_storage"": [1024, 2048], ""output"": [2, 1024]}",8388608,0,{},4194304,8192,4096,独立 GEMM：权重与输入各读一次、输出写一次的操作数载荷；不预测 tile 重读。,40
aggregate; see repeats,moe.expert163.down,linear,"{""input"": [2, 512], ""weight_math"": [512, 2048], ""weight_storage"": [2048, 512], ""output"": [2, 2048]}",4194304,0,{},2097152,2048,8192,独立 GEMM：权重与输入各读一次、输出写一次的操作数载荷；不预测 tile 重读。,40
aggregate; see repeats,moe.expert164.gate_up,linear,"{""input"": [2, 2048], ""weight_math"": [2048, 1024], ""weight_storage"": [1024, 2048], ""output"": [2, 1024]}",8388608,0,{},4194304,8192,4096,独立 GEMM：权重与输入各读一次、输出写一次的操作数载荷；不预测 tile 重读。,40
aggregate; see repeats,moe.expert164.down,linear,"{""input"": [2, 512], ""weight_math"": [512, 2048], ""weight_storage"": [2048, 512], ""output"": [2, 2048]}",4194304,0,{},2097152,2048,8192,独立 GEMM：权重与输入各读一次、输出写一次的操作数载荷；不预测 tile 重读。,40
aggregate; see repeats,moe.expert165.gate_up,linear,"{""input"": [2, 2048], ""weight_math"": [2048, 1024], ""weight_storage"": [1024, 2048], ""output"": [2, 1024]}",8388608,0,{},4194304,8192,4096,独立 GEMM：权重与输入各读一次、输出写一次的操作数载荷；不预测 tile 重读。,40
aggregate; see repeats,moe.expert165.down,linear,"{""input"": [2, 512], ""weight_math"": [512, 2048], ""weight_storage"": [2048, 512], ""output"": [2, 2048]}",4194304,0,{},2097152,2048,8192,独立 GEMM：权重与输入各读一次、输出写一次的操作数载荷；不预测 tile 重读。,40
aggregate; see repeats,moe.expert166.gate_up,linear,"{""input"": [2, 2048], ""weight_math"": [2048, 1024], ""weight_storage"": [1024, 2048], ""output"": [2, 1024]}",8388608,0,{},4194304,8192,4096,独立 GEMM：权重与输入各读一次、输出写一次的操作数载荷；不预测 tile 重读。,40
aggregate; see repeats,moe.expert166.down,linear,"{""input"": [2, 512], ""weight_math"": [512, 2048], ""weight_storage"": [2048, 512], ""output"": [2, 2048]}",4194304,0,{},2097152,2048,8192,独立 GEMM：权重与输入各读一次、输出写一次的操作数载荷；不预测 tile 重读。,40
aggregate; see repeats,moe.expert167.gate_up,linear,"{""input"": [2, 2048], ""weight_math"": [2048, 1024], ""weight_storage"": [1024, 2048], ""output"": [2, 1024]}",8388608,0,{},4194304,8192,4096,独立 GEMM：权重与输入各读一次、输出写一次的操作数载荷；不预测 tile 重读。,40
aggregate; see repeats,moe.expert167.down,linear,"{""input"": [2, 512], ""weight_math"": [512, 2048], ""weight_storage"": [2048, 512], ""output"": [2, 2048]}",4194304,0,{},2097152,2048,8192,独立 GEMM：权重与输入各读一次、输出写一次的操作数载荷；不预测 tile 重读。,40
aggregate; see repeats,moe.expert168.gate_up,linear,"{""input"": [2, 2048], ""weight_math"": [2048, 1024], ""weight_storage"": [1024, 2048], ""output"": [2, 1024]}",8388608,0,{},4194304,8192,4096,独立 GEMM：权重与输入各读一次、输出写一次的操作数载荷；不预测 tile 重读。,40
aggregate; see repeats,moe.expert168.down,linear,"{""input"": [2, 512], ""weight_math"": [512, 2048], ""weight_storage"": [2048, 512], ""output"": [2, 2048]}",4194304,0,{},2097152,2048,8192,独立 GEMM：权重与输入各读一次、输出写一次的操作数载荷；不预测 tile 重读。,40
aggregate; see repeats,moe.expert169.gate_up,linear,"{""input"": [2, 2048], ""weight_math"": [2048, 1024], ""weight_storage"": [1024, 2048], ""output"": [2, 1024]}",8388608,0,{},4194304,8192,4096,独立 GEMM：权重与输入各读一次、输出写一次的操作数载荷；不预测 tile 重读。,40
aggregate; see repeats,moe.expert169.down,linear,"{""input"": [2, 512], ""weight_math"": [512, 2048], ""weight_storage"": [2048, 512], ""output"": [2, 2048]}",4194304,0,{},2097152,2048,8192,独立 GEMM：权重与输入各读一次、输出写一次的操作数载荷；不预测 tile 重读。,40
aggregate; see repeats,moe.expert170.gate_up,linear,"{""input"": [2, 2048], ""weight_math"": [2048, 1024], ""weight_storage"": [1024, 2048], ""output"": [2, 1024]}",8388608,0,{},4194304,8192,4096,独立 GEMM：权重与输入各读一次、输出写一次的操作数载荷；不预测 tile 重读。,40
aggregate; see repeats,moe.expert170.down,linear,"{""input"": [2, 512], ""weight_math"": [512, 2048], ""weight_storage"": [2048, 512], ""output"": [2, 2048]}",4194304,0,{},2097152,2048,8192,独立 GEMM：权重与输入各读一次、输出写一次的操作数载荷；不预测 tile 重读。,40
aggregate; see repeats,moe.expert171.gate_up,linear,"{""input"": [2, 2048], ""weight_math"": [2048, 1024], ""weight_storage"": [1024, 2048], ""output"": [2, 1024]}",8388608,0,{},4194304,8192,4096,独立 GEMM：权重与输入各读一次、输出写一次的操作数载荷；不预测 tile 重读。,40
aggregate; see repeats,moe.expert171.down,linear,"{""input"": [2, 512], ""weight_math"": [512, 2048], ""weight_storage"": [2048, 512], ""output"": [2, 2048]}",4194304,0,{},2097152,2048,8192,独立 GEMM：权重与输入各读一次、输出写一次的操作数载荷；不预测 tile 重读。,40
aggregate; see repeats,moe.expert172.gate_up,linear,"{""input"": [2, 2048], ""weight_math"": [2048, 1024], ""weight_storage"": [1024, 2048], ""output"": [2, 1024]}",8388608,0,{},4194304,8192,4096,独立 GEMM：权重与输入各读一次、输出写一次的操作数载荷；不预测 tile 重读。,40
aggregate; see repeats,moe.expert172.down,linear,"{""input"": [2, 512], ""weight_math"": [512, 2048], ""weight_storage"": [2048, 512], ""output"": [2, 2048]}",4194304,0,{},2097152,2048,8192,独立 GEMM：权重与输入各读一次、输出写一次的操作数载荷；不预测 tile 重读。,40
aggregate; see repeats,moe.expert173.gate_up,linear,"{""input"": [2, 2048], ""weight_math"": [2048, 1024], ""weight_storage"": [1024, 2048], ""output"": [2, 1024]}",8388608,0,{},4194304,8192,4096,独立 GEMM：权重与输入各读一次、输出写一次的操作数载荷；不预测 tile 重读。,40
aggregate; see repeats,moe.expert173.down,linear,"{""input"": [2, 512], ""weight_math"": [512, 2048], ""weight_storage"": [2048, 512], ""output"": [2, 2048]}",4194304,0,{},2097152,2048,8192,独立 GEMM：权重与输入各读一次、输出写一次的操作数载荷；不预测 tile 重读。,40
aggregate; see repeats,moe.expert174.gate_up,linear,"{""input"": [2, 2048], ""weight_math"": [2048, 1024], ""weight_storage"": [1024, 2048], ""output"": [2, 1024]}",8388608,0,{},4194304,8192,4096,独立 GEMM：权重与输入各读一次、输出写一次的操作数载荷；不预测 tile 重读。,40
aggregate; see repeats,moe.expert174.down,linear,"{""input"": [2, 512], ""weight_math"": [512, 2048], ""weight_storage"": [2048, 512], ""output"": [2, 2048]}",4194304,0,{},2097152,2048,8192,独立 GEMM：权重与输入各读一次、输出写一次的操作数载荷；不预测 tile 重读。,40
aggregate; see repeats,moe.expert175.gate_up,linear,"{""input"": [2, 2048], ""weight_math"": [2048, 1024], ""weight_storage"": [1024, 2048], ""output"": [2, 1024]}",8388608,0,{},4194304,8192,4096,独立 GEMM：权重与输入各读一次、输出写一次的操作数载荷；不预测 tile 重读。,40
aggregate; see repeats,moe.expert175.down,linear,"{""input"": [2, 512], ""weight_math"": [512, 2048], ""weight_storage"": [2048, 512], ""output"": [2, 2048]}",4194304,0,{},2097152,2048,8192,独立 GEMM：权重与输入各读一次、输出写一次的操作数载荷；不预测 tile 重读。,40
aggregate; see repeats,moe.expert176.gate_up,linear,"{""input"": [2, 2048], ""weight_math"": [2048, 1024], ""weight_storage"": [1024, 2048], ""output"": [2, 1024]}",8388608,0,{},4194304,8192,4096,独立 GEMM：权重与输入各读一次、输出写一次的操作数载荷；不预测 tile 重读。,40
aggregate; see repeats,moe.expert176.down,linear,"{""input"": [2, 512], ""weight_math"": [512, 2048], ""weight_storage"": [2048, 512], ""output"": [2, 2048]}",4194304,0,{},2097152,2048,8192,独立 GEMM：权重与输入各读一次、输出写一次的操作数载荷；不预测 tile 重读。,40
aggregate; see repeats,moe.expert177.gate_up,linear,"{""input"": [2, 2048], ""weight_math"": [2048, 1024], ""weight_storage"": [1024, 2048], ""output"": [2, 1024]}",8388608,0,{},4194304,8192,4096,独立 GEMM：权重与输入各读一次、输出写一次的操作数载荷；不预测 tile 重读。,40
aggregate; see repeats,moe.expert177.down,linear,"{""input"": [2, 512], ""weight_math"": [512, 2048], ""weight_storage"": [2048, 512], ""output"": [2, 2048]}",4194304,0,{},2097152,2048,8192,独立 GEMM：权重与输入各读一次、输出写一次的操作数载荷；不预测 tile 重读。,40
aggregate; see repeats,moe.expert178.gate_up,linear,"{""input"": [2, 2048], ""weight_math"": [2048, 1024], ""weight_storage"": [1024, 2048], ""output"": [2, 1024]}",8388608,0,{},4194304,8192,4096,独立 GEMM：权重与输入各读一次、输出写一次的操作数载荷；不预测 tile 重读。,40
aggregate; see repeats,moe.expert178.down,linear,"{""input"": [2, 512], ""weight_math"": [512, 2048], ""weight_storage"": [2048, 512], ""output"": [2, 2048]}",4194304,0,{},2097152,2048,8192,独立 GEMM：权重与输入各读一次、输出写一次的操作数载荷；不预测 tile 重读。,40
aggregate; see repeats,moe.expert179.gate_up,linear,"{""input"": [2, 2048], ""weight_math"": [2048, 1024], ""weight_storage"": [1024, 2048], ""output"": [2, 1024]}",8388608,0,{},4194304,8192,4096,独立 GEMM：权重与输入各读一次、输出写一次的操作数载荷；不预测 tile 重读。,40
aggregate; see repeats,moe.expert179.down,linear,"{""input"": [2, 512], ""weight_math"": [512, 2048], ""weight_storage"": [2048, 512], ""output"": [2, 2048]}",4194304,0,{},2097152,2048,8192,独立 GEMM：权重与输入各读一次、输出写一次的操作数载荷；不预测 tile 重读。,40
aggregate; see repeats,moe.expert180.gate_up,linear,"{""input"": [2, 2048], ""weight_math"": [2048, 1024], ""weight_storage"": [1024, 2048], ""output"": [2, 1024]}",8388608,0,{},4194304,8192,4096,独立 GEMM：权重与输入各读一次、输出写一次的操作数载荷；不预测 tile 重读。,40
aggregate; see repeats,moe.expert180.down,linear,"{""input"": [2, 512], ""weight_math"": [512, 2048], ""weight_storage"": [2048, 512], ""output"": [2, 2048]}",4194304,0,{},2097152,2048,8192,独立 GEMM：权重与输入各读一次、输出写一次的操作数载荷；不预测 tile 重读。,40
aggregate; see repeats,moe.expert181.gate_up,linear,"{""input"": [2, 2048], ""weight_math"": [2048, 1024], ""weight_storage"": [1024, 2048], ""output"": [2, 1024]}",8388608,0,{},4194304,8192,4096,独立 GEMM：权重与输入各读一次、输出写一次的操作数载荷；不预测 tile 重读。,40
aggregate; see repeats,moe.expert181.down,linear,"{""input"": [2, 512], ""weight_math"": [512, 2048], ""weight_storage"": [2048, 512], ""output"": [2, 2048]}",4194304,0,{},2097152,2048,8192,独立 GEMM：权重与输入各读一次、输出写一次的操作数载荷；不预测 tile 重读。,40
aggregate; see repeats,moe.expert182.gate_up,linear,"{""input"": [2, 2048], ""weight_math"": [2048, 1024], ""weight_storage"": [1024, 2048], ""output"": [2, 1024]}",8388608,0,{},4194304,8192,4096,独立 GEMM：权重与输入各读一次、输出写一次的操作数载荷；不预测 tile 重读。,40
aggregate; see repeats,moe.expert182.down,linear,"{""input"": [2, 512], ""weight_math"": [512, 2048], ""weight_storage"": [2048, 512], ""output"": [2, 2048]}",4194304,0,{},2097152,2048,8192,独立 GEMM：权重与输入各读一次、输出写一次的操作数载荷；不预测 tile 重读。,40
aggregate; see repeats,moe.expert183.gate_up,linear,"{""input"": [2, 2048], ""weight_math"": [2048, 1024], ""weight_storage"": [1024, 2048], ""output"": [2, 1024]}",8388608,0,{},4194304,8192,4096,独立 GEMM：权重与输入各读一次、输出写一次的操作数载荷；不预测 tile 重读。,40
aggregate; see repeats,moe.expert183.down,linear,"{""input"": [2, 512], ""weight_math"": [512, 2048], ""weight_storage"": [2048, 512], ""output"": [2, 2048]}",4194304,0,{},2097152,2048,8192,独立 GEMM：权重与输入各读一次、输出写一次的操作数载荷；不预测 tile 重读。,40
aggregate; see repeats,moe.expert184.gate_up,linear,"{""input"": [2, 2048], ""weight_math"": [2048, 1024], ""weight_storage"": [1024, 2048], ""output"": [2, 1024]}",8388608,0,{},4194304,8192,4096,独立 GEMM：权重与输入各读一次、输出写一次的操作数载荷；不预测 tile 重读。,40
aggregate; see repeats,moe.expert184.down,linear,"{""input"": [2, 512], ""weight_math"": [512, 2048], ""weight_storage"": [2048, 512], ""output"": [2, 2048]}",4194304,0,{},2097152,2048,8192,独立 GEMM：权重与输入各读一次、输出写一次的操作数载荷；不预测 tile 重读。,40
aggregate; see repeats,moe.expert185.gate_up,linear,"{""input"": [2, 2048], ""weight_math"": [2048, 1024], ""weight_storage"": [1024, 2048], ""output"": [2, 1024]}",8388608,0,{},4194304,8192,4096,独立 GEMM：权重与输入各读一次、输出写一次的操作数载荷；不预测 tile 重读。,40
aggregate; see repeats,moe.expert185.down,linear,"{""input"": [2, 512], ""weight_math"": [512, 2048], ""weight_storage"": [2048, 512], ""output"": [2, 2048]}",4194304,0,{},2097152,2048,8192,独立 GEMM：权重与输入各读一次、输出写一次的操作数载荷；不预测 tile 重读。,40
aggregate; see repeats,moe.expert186.gate_up,linear,"{""input"": [2, 2048], ""weight_math"": [2048, 1024], ""weight_storage"": [1024, 2048], ""output"": [2, 1024]}",8388608,0,{},4194304,8192,4096,独立 GEMM：权重与输入各读一次、输出写一次的操作数载荷；不预测 tile 重读。,40
aggregate; see repeats,moe.expert186.down,linear,"{""input"": [2, 512], ""weight_math"": [512, 2048], ""weight_storage"": [2048, 512], ""output"": [2, 2048]}",4194304,0,{},2097152,2048,8192,独立 GEMM：权重与输入各读一次、输出写一次的操作数载荷；不预测 tile 重读。,40
aggregate; see repeats,moe.expert187.gate_up,linear,"{""input"": [2, 2048], ""weight_math"": [2048, 1024], ""weight_storage"": [1024, 2048], ""output"": [2, 1024]}",8388608,0,{},4194304,8192,4096,独立 GEMM：权重与输入各读一次、输出写一次的操作数载荷；不预测 tile 重读。,40
aggregate; see repeats,moe.expert187.down,linear,"{""input"": [2, 512], ""weight_math"": [512, 2048], ""weight_storage"": [2048, 512], ""output"": [2, 2048]}",4194304,0,{},2097152,2048,8192,独立 GEMM：权重与输入各读一次、输出写一次的操作数载荷；不预测 tile 重读。,40
aggregate; see repeats,moe.expert188.gate_up,linear,"{""input"": [2, 2048], ""weight_math"": [2048, 1024], ""weight_storage"": [1024, 2048], ""output"": [2, 1024]}",8388608,0,{},4194304,8192,4096,独立 GEMM：权重与输入各读一次、输出写一次的操作数载荷；不预测 tile 重读。,40
aggregate; see repeats,moe.expert188.down,linear,"{""input"": [2, 512], ""weight_math"": [512, 2048], ""weight_storage"": [2048, 512], ""output"": [2, 2048]}",4194304,0,{},2097152,2048,8192,独立 GEMM：权重与输入各读一次、输出写一次的操作数载荷；不预测 tile 重读。,40
aggregate; see repeats,moe.expert189.gate_up,linear,"{""input"": [2, 2048], ""weight_math"": [2048, 1024], ""weight_storage"": [1024, 2048], ""output"": [2, 1024]}",8388608,0,{},4194304,8192,4096,独立 GEMM：权重与输入各读一次、输出写一次的操作数载荷；不预测 tile 重读。,40
aggregate; see repeats,moe.expert189.down,linear,"{""input"": [2, 512], ""weight_math"": [512, 2048], ""weight_storage"": [2048, 512], ""output"": [2, 2048]}",4194304,0,{},2097152,2048,8192,独立 GEMM：权重与输入各读一次、输出写一次的操作数载荷；不预测 tile 重读。,40
aggregate; see repeats,moe.expert190.gate_up,linear,"{""input"": [2, 2048], ""weight_math"": [2048, 1024], ""weight_storage"": [1024, 2048], ""output"": [2, 1024]}",8388608,0,{},4194304,8192,4096,独立 GEMM：权重与输入各读一次、输出写一次的操作数载荷；不预测 tile 重读。,40
aggregate; see repeats,moe.expert190.down,linear,"{""input"": [2, 512], ""weight_math"": [512, 2048], ""weight_storage"": [2048, 512], ""output"": [2, 2048]}",4194304,0,{},2097152,2048,8192,独立 GEMM：权重与输入各读一次、输出写一次的操作数载荷；不预测 tile 重读。,40
aggregate; see repeats,moe.expert191.gate_up,linear,"{""input"": [2, 2048], ""weight_math"": [2048, 1024], ""weight_storage"": [1024, 2048], ""output"": [2, 1024]}",8388608,0,{},4194304,8192,4096,独立 GEMM：权重与输入各读一次、输出写一次的操作数载荷；不预测 tile 重读。,40
aggregate; see repeats,moe.expert191.down,linear,"{""input"": [2, 512], ""weight_math"": [512, 2048], ""weight_storage"": [2048, 512], ""output"": [2, 2048]}",4194304,0,{},2097152,2048,8192,独立 GEMM：权重与输入各读一次、输出写一次的操作数载荷；不预测 tile 重读。,40
aggregate; see repeats,moe.expert192.gate_up,linear,"{""input"": [2, 2048], ""weight_math"": [2048, 1024], ""weight_storage"": [1024, 2048], ""output"": [2, 1024]}",8388608,0,{},4194304,8192,4096,独立 GEMM：权重与输入各读一次、输出写一次的操作数载荷；不预测 tile 重读。,40
aggregate; see repeats,moe.expert192.down,linear,"{""input"": [2, 512], ""weight_math"": [512, 2048], ""weight_storage"": [2048, 512], ""output"": [2, 2048]}",4194304,0,{},2097152,2048,8192,独立 GEMM：权重与输入各读一次、输出写一次的操作数载荷；不预测 tile 重读。,40
aggregate; see repeats,moe.expert193.gate_up,linear,"{""input"": [2, 2048], ""weight_math"": [2048, 1024], ""weight_storage"": [1024, 2048], ""output"": [2, 1024]}",8388608,0,{},4194304,8192,4096,独立 GEMM：权重与输入各读一次、输出写一次的操作数载荷；不预测 tile 重读。,40
aggregate; see repeats,moe.expert193.down,linear,"{""input"": [2, 512], ""weight_math"": [512, 2048], ""weight_storage"": [2048, 512], ""output"": [2, 2048]}",4194304,0,{},2097152,2048,8192,独立 GEMM：权重与输入各读一次、输出写一次的操作数载荷；不预测 tile 重读。,40
aggregate; see repeats,moe.expert194.gate_up,linear,"{""input"": [2, 2048], ""weight_math"": [2048, 1024], ""weight_storage"": [1024, 2048], ""output"": [2, 1024]}",8388608,0,{},4194304,8192,4096,独立 GEMM：权重与输入各读一次、输出写一次的操作数载荷；不预测 tile 重读。,40
aggregate; see repeats,moe.expert194.down,linear,"{""input"": [2, 512], ""weight_math"": [512, 2048], ""weight_storage"": [2048, 512], ""output"": [2, 2048]}",4194304,0,{},2097152,2048,8192,独立 GEMM：权重与输入各读一次、输出写一次的操作数载荷；不预测 tile 重读。,40
aggregate; see repeats,moe.expert195.gate_up,linear,"{""input"": [2, 2048], ""weight_math"": [2048, 1024], ""weight_storage"": [1024, 2048], ""output"": [2, 1024]}",8388608,0,{},4194304,8192,4096,独立 GEMM：权重与输入各读一次、输出写一次的操作数载荷；不预测 tile 重读。,40
aggregate; see repeats,moe.expert195.down,linear,"{""input"": [2, 512], ""weight_math"": [512, 2048], ""weight_storage"": [2048, 512], ""output"": [2, 2048]}",4194304,0,{},2097152,2048,8192,独立 GEMM：权重与输入各读一次、输出写一次的操作数载荷；不预测 tile 重读。,40
aggregate; see repeats,moe.expert196.gate_up,linear,"{""input"": [2, 2048], ""weight_math"": [2048, 1024], ""weight_storage"": [1024, 2048], ""output"": [2, 1024]}",8388608,0,{},4194304,8192,4096,独立 GEMM：权重与输入各读一次、输出写一次的操作数载荷；不预测 tile 重读。,40
aggregate; see repeats,moe.expert196.down,linear,"{""input"": [2, 512], ""weight_math"": [512, 2048], ""weight_storage"": [2048, 512], ""output"": [2, 2048]}",4194304,0,{},2097152,2048,8192,独立 GEMM：权重与输入各读一次、输出写一次的操作数载荷；不预测 tile 重读。,40
aggregate; see repeats,moe.expert197.gate_up,linear,"{""input"": [2, 2048], ""weight_math"": [2048, 1024], ""weight_storage"": [1024, 2048], ""output"": [2, 1024]}",8388608,0,{},4194304,8192,4096,独立 GEMM：权重与输入各读一次、输出写一次的操作数载荷；不预测 tile 重读。,40
aggregate; see repeats,moe.expert197.down,linear,"{""input"": [2, 512], ""weight_math"": [512, 2048], ""weight_storage"": [2048, 512], ""output"": [2, 2048]}",4194304,0,{},2097152,2048,8192,独立 GEMM：权重与输入各读一次、输出写一次的操作数载荷；不预测 tile 重读。,40
aggregate; see repeats,moe.expert198.gate_up,linear,"{""input"": [2, 2048], ""weight_math"": [2048, 1024], ""weight_storage"": [1024, 2048], ""output"": [2, 1024]}",8388608,0,{},4194304,8192,4096,独立 GEMM：权重与输入各读一次、输出写一次的操作数载荷；不预测 tile 重读。,40
aggregate; see repeats,moe.expert198.down,linear,"{""input"": [2, 512], ""weight_math"": [512, 2048], ""weight_storage"": [2048, 512], ""output"": [2, 2048]}",4194304,0,{},2097152,2048,8192,独立 GEMM：权重与输入各读一次、输出写一次的操作数载荷；不预测 tile 重读。,40
aggregate; see repeats,moe.expert199.gate_up,linear,"{""input"": [2, 2048], ""weight_math"": [2048, 1024], ""weight_storage"": [1024, 2048], ""output"": [2, 1024]}",8388608,0,{},4194304,8192,4096,独立 GEMM：权重与输入各读一次、输出写一次的操作数载荷；不预测 tile 重读。,40
aggregate; see repeats,moe.expert199.down,linear,"{""input"": [2, 512], ""weight_math"": [512, 2048], ""weight_storage"": [2048, 512], ""output"": [2, 2048]}",4194304,0,{},2097152,2048,8192,独立 GEMM：权重与输入各读一次、输出写一次的操作数载荷；不预测 tile 重读。,40
aggregate; see repeats,moe.expert200.gate_up,linear,"{""input"": [2, 2048], ""weight_math"": [2048, 1024], ""weight_storage"": [1024, 2048], ""output"": [2, 1024]}",8388608,0,{},4194304,8192,4096,独立 GEMM：权重与输入各读一次、输出写一次的操作数载荷；不预测 tile 重读。,40
aggregate; see repeats,moe.expert200.down,linear,"{""input"": [2, 512], ""weight_math"": [512, 2048], ""weight_storage"": [2048, 512], ""output"": [2, 2048]}",4194304,0,{},2097152,2048,8192,独立 GEMM：权重与输入各读一次、输出写一次的操作数载荷；不预测 tile 重读。,40
aggregate; see repeats,moe.expert201.gate_up,linear,"{""input"": [2, 2048], ""weight_math"": [2048, 1024], ""weight_storage"": [1024, 2048], ""output"": [2, 1024]}",8388608,0,{},4194304,8192,4096,独立 GEMM：权重与输入各读一次、输出写一次的操作数载荷；不预测 tile 重读。,40
aggregate; see repeats,moe.expert201.down,linear,"{""input"": [2, 512], ""weight_math"": [512, 2048], ""weight_storage"": [2048, 512], ""output"": [2, 2048]}",4194304,0,{},2097152,2048,8192,独立 GEMM：权重与输入各读一次、输出写一次的操作数载荷；不预测 tile 重读。,40
aggregate; see repeats,moe.expert202.gate_up,linear,"{""input"": [2, 2048], ""weight_math"": [2048, 1024], ""weight_storage"": [1024, 2048], ""output"": [2, 1024]}",8388608,0,{},4194304,8192,4096,独立 GEMM：权重与输入各读一次、输出写一次的操作数载荷；不预测 tile 重读。,40
aggregate; see repeats,moe.expert202.down,linear,"{""input"": [2, 512], ""weight_math"": [512, 2048], ""weight_storage"": [2048, 512], ""output"": [2, 2048]}",4194304,0,{},2097152,2048,8192,独立 GEMM：权重与输入各读一次、输出写一次的操作数载荷；不预测 tile 重读。,40
aggregate; see repeats,moe.expert203.gate_up,linear,"{""input"": [2, 2048], ""weight_math"": [2048, 1024], ""weight_storage"": [1024, 2048], ""output"": [2, 1024]}",8388608,0,{},4194304,8192,4096,独立 GEMM：权重与输入各读一次、输出写一次的操作数载荷；不预测 tile 重读。,40
aggregate; see repeats,moe.expert203.down,linear,"{""input"": [2, 512], ""weight_math"": [512, 2048], ""weight_storage"": [2048, 512], ""output"": [2, 2048]}",4194304,0,{},2097152,2048,8192,独立 GEMM：权重与输入各读一次、输出写一次的操作数载荷；不预测 tile 重读。,40
aggregate; see repeats,moe.expert204.gate_up,linear,"{""input"": [2, 2048], ""weight_math"": [2048, 1024], ""weight_storage"": [1024, 2048], ""output"": [2, 1024]}",8388608,0,{},4194304,8192,4096,独立 GEMM：权重与输入各读一次、输出写一次的操作数载荷；不预测 tile 重读。,40
aggregate; see repeats,moe.expert204.down,linear,"{""input"": [2, 512], ""weight_math"": [512, 2048], ""weight_storage"": [2048, 512], ""output"": [2, 2048]}",4194304,0,{},2097152,2048,8192,独立 GEMM：权重与输入各读一次、输出写一次的操作数载荷；不预测 tile 重读。,40
aggregate; see repeats,moe.expert205.gate_up,linear,"{""input"": [2, 2048], ""weight_math"": [2048, 1024], ""weight_storage"": [1024, 2048], ""output"": [2, 1024]}",8388608,0,{},4194304,8192,4096,独立 GEMM：权重与输入各读一次、输出写一次的操作数载荷；不预测 tile 重读。,40
aggregate; see repeats,moe.expert205.down,linear,"{""input"": [2, 512], ""weight_math"": [512, 2048], ""weight_storage"": [2048, 512], ""output"": [2, 2048]}",4194304,0,{},2097152,2048,8192,独立 GEMM：权重与输入各读一次、输出写一次的操作数载荷；不预测 tile 重读。,40
aggregate; see repeats,moe.expert206.gate_up,linear,"{""input"": [2, 2048], ""weight_math"": [2048, 1024], ""weight_storage"": [1024, 2048], ""output"": [2, 1024]}",8388608,0,{},4194304,8192,4096,独立 GEMM：权重与输入各读一次、输出写一次的操作数载荷；不预测 tile 重读。,40
aggregate; see repeats,moe.expert206.down,linear,"{""input"": [2, 512], ""weight_math"": [512, 2048], ""weight_storage"": [2048, 512], ""output"": [2, 2048]}",4194304,0,{},2097152,2048,8192,独立 GEMM：权重与输入各读一次、输出写一次的操作数载荷；不预测 tile 重读。,40
aggregate; see repeats,moe.expert207.gate_up,linear,"{""input"": [2, 2048], ""weight_math"": [2048, 1024], ""weight_storage"": [1024, 2048], ""output"": [2, 1024]}",8388608,0,{},4194304,8192,4096,独立 GEMM：权重与输入各读一次、输出写一次的操作数载荷；不预测 tile 重读。,40
aggregate; see repeats,moe.expert207.down,linear,"{""input"": [2, 512], ""weight_math"": [512, 2048], ""weight_storage"": [2048, 512], ""output"": [2, 2048]}",4194304,0,{},2097152,2048,8192,独立 GEMM：权重与输入各读一次、输出写一次的操作数载荷；不预测 tile 重读。,40
aggregate; see repeats,moe.expert208.gate_up,linear,"{""input"": [2, 2048], ""weight_math"": [2048, 1024], ""weight_storage"": [1024, 2048], ""output"": [2, 1024]}",8388608,0,{},4194304,8192,4096,独立 GEMM：权重与输入各读一次、输出写一次的操作数载荷；不预测 tile 重读。,40
aggregate; see repeats,moe.expert208.down,linear,"{""input"": [2, 512], ""weight_math"": [512, 2048], ""weight_storage"": [2048, 512], ""output"": [2, 2048]}",4194304,0,{},2097152,2048,8192,独立 GEMM：权重与输入各读一次、输出写一次的操作数载荷；不预测 tile 重读。,40
aggregate; see repeats,moe.expert209.gate_up,linear,"{""input"": [2, 2048], ""weight_math"": [2048, 1024], ""weight_storage"": [1024, 2048], ""output"": [2, 1024]}",8388608,0,{},4194304,8192,4096,独立 GEMM：权重与输入各读一次、输出写一次的操作数载荷；不预测 tile 重读。,40
aggregate; see repeats,moe.expert209.down,linear,"{""input"": [2, 512], ""weight_math"": [512, 2048], ""weight_storage"": [2048, 512], ""output"": [2, 2048]}",4194304,0,{},2097152,2048,8192,独立 GEMM：权重与输入各读一次、输出写一次的操作数载荷；不预测 tile 重读。,40
aggregate; see repeats,moe.expert210.gate_up,linear,"{""input"": [2, 2048], ""weight_math"": [2048, 1024], ""weight_storage"": [1024, 2048], ""output"": [2, 1024]}",8388608,0,{},4194304,8192,4096,独立 GEMM：权重与输入各读一次、输出写一次的操作数载荷；不预测 tile 重读。,40
aggregate; see repeats,moe.expert210.down,linear,"{""input"": [2, 512], ""weight_math"": [512, 2048], ""weight_storage"": [2048, 512], ""output"": [2, 2048]}",4194304,0,{},2097152,2048,8192,独立 GEMM：权重与输入各读一次、输出写一次的操作数载荷；不预测 tile 重读。,40
aggregate; see repeats,moe.expert211.gate_up,linear,"{""input"": [2, 2048], ""weight_math"": [2048, 1024], ""weight_storage"": [1024, 2048], ""output"": [2, 1024]}",8388608,0,{},4194304,8192,4096,独立 GEMM：权重与输入各读一次、输出写一次的操作数载荷；不预测 tile 重读。,40
aggregate; see repeats,moe.expert211.down,linear,"{""input"": [2, 512], ""weight_math"": [512, 2048], ""weight_storage"": [2048, 512], ""output"": [2, 2048]}",4194304,0,{},2097152,2048,8192,独立 GEMM：权重与输入各读一次、输出写一次的操作数载荷；不预测 tile 重读。,40
aggregate; see repeats,moe.expert212.gate_up,linear,"{""input"": [2, 2048], ""weight_math"": [2048, 1024], ""weight_storage"": [1024, 2048], ""output"": [2, 1024]}",8388608,0,{},4194304,8192,4096,独立 GEMM：权重与输入各读一次、输出写一次的操作数载荷；不预测 tile 重读。,40
aggregate; see repeats,moe.expert212.down,linear,"{""input"": [2, 512], ""weight_math"": [512, 2048], ""weight_storage"": [2048, 512], ""output"": [2, 2048]}",4194304,0,{},2097152,2048,8192,独立 GEMM：权重与输入各读一次、输出写一次的操作数载荷；不预测 tile 重读。,40
aggregate; see repeats,moe.expert213.gate_up,linear,"{""input"": [2, 2048], ""weight_math"": [2048, 1024], ""weight_storage"": [1024, 2048], ""output"": [2, 1024]}",8388608,0,{},4194304,8192,4096,独立 GEMM：权重与输入各读一次、输出写一次的操作数载荷；不预测 tile 重读。,40
aggregate; see repeats,moe.expert213.down,linear,"{""input"": [2, 512], ""weight_math"": [512, 2048], ""weight_storage"": [2048, 512], ""output"": [2, 2048]}",4194304,0,{},2097152,2048,8192,独立 GEMM：权重与输入各读一次、输出写一次的操作数载荷；不预测 tile 重读。,40
aggregate; see repeats,moe.expert214.gate_up,linear,"{""input"": [2, 2048], ""weight_math"": [2048, 1024], ""weight_storage"": [1024, 2048], ""output"": [2, 1024]}",8388608,0,{},4194304,8192,4096,独立 GEMM：权重与输入各读一次、输出写一次的操作数载荷；不预测 tile 重读。,40
aggregate; see repeats,moe.expert214.down,linear,"{""input"": [2, 512], ""weight_math"": [512, 2048], ""weight_storage"": [2048, 512], ""output"": [2, 2048]}",4194304,0,{},2097152,2048,8192,独立 GEMM：权重与输入各读一次、输出写一次的操作数载荷；不预测 tile 重读。,40
aggregate; see repeats,moe.expert215.gate_up,linear,"{""input"": [2, 2048], ""weight_math"": [2048, 1024], ""weight_storage"": [1024, 2048], ""output"": [2, 1024]}",8388608,0,{},4194304,8192,4096,独立 GEMM：权重与输入各读一次、输出写一次的操作数载荷；不预测 tile 重读。,40
aggregate; see repeats,moe.expert215.down,linear,"{""input"": [2, 512], ""weight_math"": [512, 2048], ""weight_storage"": [2048, 512], ""output"": [2, 2048]}",4194304,0,{},2097152,2048,8192,独立 GEMM：权重与输入各读一次、输出写一次的操作数载荷；不预测 tile 重读。,40
aggregate; see repeats,moe.expert216.gate_up,linear,"{""input"": [2, 2048], ""weight_math"": [2048, 1024], ""weight_storage"": [1024, 2048], ""output"": [2, 1024]}",8388608,0,{},4194304,8192,4096,独立 GEMM：权重与输入各读一次、输出写一次的操作数载荷；不预测 tile 重读。,40
aggregate; see repeats,moe.expert216.down,linear,"{""input"": [2, 512], ""weight_math"": [512, 2048], ""weight_storage"": [2048, 512], ""output"": [2, 2048]}",4194304,0,{},2097152,2048,8192,独立 GEMM：权重与输入各读一次、输出写一次的操作数载荷；不预测 tile 重读。,40
aggregate; see repeats,moe.expert217.gate_up,linear,"{""input"": [2, 2048], ""weight_math"": [2048, 1024], ""weight_storage"": [1024, 2048], ""output"": [2, 1024]}",8388608,0,{},4194304,8192,4096,独立 GEMM：权重与输入各读一次、输出写一次的操作数载荷；不预测 tile 重读。,40
aggregate; see repeats,moe.expert217.down,linear,"{""input"": [2, 512], ""weight_math"": [512, 2048], ""weight_storage"": [2048, 512], ""output"": [2, 2048]}",4194304,0,{},2097152,2048,8192,独立 GEMM：权重与输入各读一次、输出写一次的操作数载荷；不预测 tile 重读。,40
aggregate; see repeats,moe.expert218.gate_up,linear,"{""input"": [2, 2048], ""weight_math"": [2048, 1024], ""weight_storage"": [1024, 2048], ""output"": [2, 1024]}",8388608,0,{},4194304,8192,4096,独立 GEMM：权重与输入各读一次、输出写一次的操作数载荷；不预测 tile 重读。,40
aggregate; see repeats,moe.expert218.down,linear,"{""input"": [2, 512], ""weight_math"": [512, 2048], ""weight_storage"": [2048, 512], ""output"": [2, 2048]}",4194304,0,{},2097152,2048,8192,独立 GEMM：权重与输入各读一次、输出写一次的操作数载荷；不预测 tile 重读。,40
aggregate; see repeats,moe.expert219.gate_up,linear,"{""input"": [2, 2048], ""weight_math"": [2048, 1024], ""weight_storage"": [1024, 2048], ""output"": [2, 1024]}",8388608,0,{},4194304,8192,4096,独立 GEMM：权重与输入各读一次、输出写一次的操作数载荷；不预测 tile 重读。,40
aggregate; see repeats,moe.expert219.down,linear,"{""input"": [2, 512], ""weight_math"": [512, 2048], ""weight_storage"": [2048, 512], ""output"": [2, 2048]}",4194304,0,{},2097152,2048,8192,独立 GEMM：权重与输入各读一次、输出写一次的操作数载荷；不预测 tile 重读。,40
aggregate; see repeats,moe.expert220.gate_up,linear,"{""input"": [2, 2048], ""weight_math"": [2048, 1024], ""weight_storage"": [1024, 2048], ""output"": [2, 1024]}",8388608,0,{},4194304,8192,4096,独立 GEMM：权重与输入各读一次、输出写一次的操作数载荷；不预测 tile 重读。,40
aggregate; see repeats,moe.expert220.down,linear,"{""input"": [2, 512], ""weight_math"": [512, 2048], ""weight_storage"": [2048, 512], ""output"": [2, 2048]}",4194304,0,{},2097152,2048,8192,独立 GEMM：权重与输入各读一次、输出写一次的操作数载荷；不预测 tile 重读。,40
aggregate; see repeats,moe.expert221.gate_up,linear,"{""input"": [2, 2048], ""weight_math"": [2048, 1024], ""weight_storage"": [1024, 2048], ""output"": [2, 1024]}",8388608,0,{},4194304,8192,4096,独立 GEMM：权重与输入各读一次、输出写一次的操作数载荷；不预测 tile 重读。,40
aggregate; see repeats,moe.expert221.down,linear,"{""input"": [2, 512], ""weight_math"": [512, 2048], ""weight_storage"": [2048, 512], ""output"": [2, 2048]}",4194304,0,{},2097152,2048,8192,独立 GEMM：权重与输入各读一次、输出写一次的操作数载荷；不预测 tile 重读。,40
aggregate; see repeats,moe.expert222.gate_up,linear,"{""input"": [2, 2048], ""weight_math"": [2048, 1024], ""weight_storage"": [1024, 2048], ""output"": [2, 1024]}",8388608,0,{},4194304,8192,4096,独立 GEMM：权重与输入各读一次、输出写一次的操作数载荷；不预测 tile 重读。,40
aggregate; see repeats,moe.expert222.down,linear,"{""input"": [2, 512], ""weight_math"": [512, 2048], ""weight_storage"": [2048, 512], ""output"": [2, 2048]}",4194304,0,{},2097152,2048,8192,独立 GEMM：权重与输入各读一次、输出写一次的操作数载荷；不预测 tile 重读。,40
aggregate; see repeats,moe.expert223.gate_up,linear,"{""input"": [2, 2048], ""weight_math"": [2048, 1024], ""weight_storage"": [1024, 2048], ""output"": [2, 1024]}",8388608,0,{},4194304,8192,4096,独立 GEMM：权重与输入各读一次、输出写一次的操作数载荷；不预测 tile 重读。,40
aggregate; see repeats,moe.expert223.down,linear,"{""input"": [2, 512], ""weight_math"": [512, 2048], ""weight_storage"": [2048, 512], ""output"": [2, 2048]}",4194304,0,{},2097152,2048,8192,独立 GEMM：权重与输入各读一次、输出写一次的操作数载荷；不预测 tile 重读。,40
aggregate; see repeats,moe.expert224.gate_up,linear,"{""input"": [2, 2048], ""weight_math"": [2048, 1024], ""weight_storage"": [1024, 2048], ""output"": [2, 1024]}",8388608,0,{},4194304,8192,4096,独立 GEMM：权重与输入各读一次、输出写一次的操作数载荷；不预测 tile 重读。,40
aggregate; see repeats,moe.expert224.down,linear,"{""input"": [2, 512], ""weight_math"": [512, 2048], ""weight_storage"": [2048, 512], ""output"": [2, 2048]}",4194304,0,{},2097152,2048,8192,独立 GEMM：权重与输入各读一次、输出写一次的操作数载荷；不预测 tile 重读。,40
aggregate; see repeats,moe.expert225.gate_up,linear,"{""input"": [2, 2048], ""weight_math"": [2048, 1024], ""weight_storage"": [1024, 2048], ""output"": [2, 1024]}",8388608,0,{},4194304,8192,4096,独立 GEMM：权重与输入各读一次、输出写一次的操作数载荷；不预测 tile 重读。,40
aggregate; see repeats,moe.expert225.down,linear,"{""input"": [2, 512], ""weight_math"": [512, 2048], ""weight_storage"": [2048, 512], ""output"": [2, 2048]}",4194304,0,{},2097152,2048,8192,独立 GEMM：权重与输入各读一次、输出写一次的操作数载荷；不预测 tile 重读。,40
aggregate; see repeats,moe.expert226.gate_up,linear,"{""input"": [2, 2048], ""weight_math"": [2048, 1024], ""weight_storage"": [1024, 2048], ""output"": [2, 1024]}",8388608,0,{},4194304,8192,4096,独立 GEMM：权重与输入各读一次、输出写一次的操作数载荷；不预测 tile 重读。,40
aggregate; see repeats,moe.expert226.down,linear,"{""input"": [2, 512], ""weight_math"": [512, 2048], ""weight_storage"": [2048, 512], ""output"": [2, 2048]}",4194304,0,{},2097152,2048,8192,独立 GEMM：权重与输入各读一次、输出写一次的操作数载荷；不预测 tile 重读。,40
aggregate; see repeats,moe.expert227.gate_up,linear,"{""input"": [2, 2048], ""weight_math"": [2048, 1024], ""weight_storage"": [1024, 2048], ""output"": [2, 1024]}",8388608,0,{},4194304,8192,4096,独立 GEMM：权重与输入各读一次、输出写一次的操作数载荷；不预测 tile 重读。,40
aggregate; see repeats,moe.expert227.down,linear,"{""input"": [2, 512], ""weight_math"": [512, 2048], ""weight_storage"": [2048, 512], ""output"": [2, 2048]}",4194304,0,{},2097152,2048,8192,独立 GEMM：权重与输入各读一次、输出写一次的操作数载荷；不预测 tile 重读。,40
aggregate; see repeats,moe.expert228.gate_up,linear,"{""input"": [2, 2048], ""weight_math"": [2048, 1024], ""weight_storage"": [1024, 2048], ""output"": [2, 1024]}",8388608,0,{},4194304,8192,4096,独立 GEMM：权重与输入各读一次、输出写一次的操作数载荷；不预测 tile 重读。,40
aggregate; see repeats,moe.expert228.down,linear,"{""input"": [2, 512], ""weight_math"": [512, 2048], ""weight_storage"": [2048, 512], ""output"": [2, 2048]}",4194304,0,{},2097152,2048,8192,独立 GEMM：权重与输入各读一次、输出写一次的操作数载荷；不预测 tile 重读。,40
aggregate; see repeats,moe.expert229.gate_up,linear,"{""input"": [2, 2048], ""weight_math"": [2048, 1024], ""weight_storage"": [1024, 2048], ""output"": [2, 1024]}",8388608,0,{},4194304,8192,4096,独立 GEMM：权重与输入各读一次、输出写一次的操作数载荷；不预测 tile 重读。,40
aggregate; see repeats,moe.expert229.down,linear,"{""input"": [2, 512], ""weight_math"": [512, 2048], ""weight_storage"": [2048, 512], ""output"": [2, 2048]}",4194304,0,{},2097152,2048,8192,独立 GEMM：权重与输入各读一次、输出写一次的操作数载荷；不预测 tile 重读。,40
aggregate; see repeats,moe.expert230.gate_up,linear,"{""input"": [2, 2048], ""weight_math"": [2048, 1024], ""weight_storage"": [1024, 2048], ""output"": [2, 1024]}",8388608,0,{},4194304,8192,4096,独立 GEMM：权重与输入各读一次、输出写一次的操作数载荷；不预测 tile 重读。,40
aggregate; see repeats,moe.expert230.down,linear,"{""input"": [2, 512], ""weight_math"": [512, 2048], ""weight_storage"": [2048, 512], ""output"": [2, 2048]}",4194304,0,{},2097152,2048,8192,独立 GEMM：权重与输入各读一次、输出写一次的操作数载荷；不预测 tile 重读。,40
aggregate; see repeats,moe.expert231.gate_up,linear,"{""input"": [2, 2048], ""weight_math"": [2048, 1024], ""weight_storage"": [1024, 2048], ""output"": [2, 1024]}",8388608,0,{},4194304,8192,4096,独立 GEMM：权重与输入各读一次、输出写一次的操作数载荷；不预测 tile 重读。,40
aggregate; see repeats,moe.expert231.down,linear,"{""input"": [2, 512], ""weight_math"": [512, 2048], ""weight_storage"": [2048, 512], ""output"": [2, 2048]}",4194304,0,{},2097152,2048,8192,独立 GEMM：权重与输入各读一次、输出写一次的操作数载荷；不预测 tile 重读。,40
aggregate; see repeats,moe.expert232.gate_up,linear,"{""input"": [2, 2048], ""weight_math"": [2048, 1024], ""weight_storage"": [1024, 2048], ""output"": [2, 1024]}",8388608,0,{},4194304,8192,4096,独立 GEMM：权重与输入各读一次、输出写一次的操作数载荷；不预测 tile 重读。,40
aggregate; see repeats,moe.expert232.down,linear,"{""input"": [2, 512], ""weight_math"": [512, 2048], ""weight_storage"": [2048, 512], ""output"": [2, 2048]}",4194304,0,{},2097152,2048,8192,独立 GEMM：权重与输入各读一次、输出写一次的操作数载荷；不预测 tile 重读。,40
aggregate; see repeats,moe.expert233.gate_up,linear,"{""input"": [2, 2048], ""weight_math"": [2048, 1024], ""weight_storage"": [1024, 2048], ""output"": [2, 1024]}",8388608,0,{},4194304,8192,4096,独立 GEMM：权重与输入各读一次、输出写一次的操作数载荷；不预测 tile 重读。,40
aggregate; see repeats,moe.expert233.down,linear,"{""input"": [2, 512], ""weight_math"": [512, 2048], ""weight_storage"": [2048, 512], ""output"": [2, 2048]}",4194304,0,{},2097152,2048,8192,独立 GEMM：权重与输入各读一次、输出写一次的操作数载荷；不预测 tile 重读。,40
aggregate; see repeats,moe.expert234.gate_up,linear,"{""input"": [2, 2048], ""weight_math"": [2048, 1024], ""weight_storage"": [1024, 2048], ""output"": [2, 1024]}",8388608,0,{},4194304,8192,4096,独立 GEMM：权重与输入各读一次、输出写一次的操作数载荷；不预测 tile 重读。,40
aggregate; see repeats,moe.expert234.down,linear,"{""input"": [2, 512], ""weight_math"": [512, 2048], ""weight_storage"": [2048, 512], ""output"": [2, 2048]}",4194304,0,{},2097152,2048,8192,独立 GEMM：权重与输入各读一次、输出写一次的操作数载荷；不预测 tile 重读。,40
aggregate; see repeats,moe.expert235.gate_up,linear,"{""input"": [2, 2048], ""weight_math"": [2048, 1024], ""weight_storage"": [1024, 2048], ""output"": [2, 1024]}",8388608,0,{},4194304,8192,4096,独立 GEMM：权重与输入各读一次、输出写一次的操作数载荷；不预测 tile 重读。,40
aggregate; see repeats,moe.expert235.down,linear,"{""input"": [2, 512], ""weight_math"": [512, 2048], ""weight_storage"": [2048, 512], ""output"": [2, 2048]}",4194304,0,{},2097152,2048,8192,独立 GEMM：权重与输入各读一次、输出写一次的操作数载荷；不预测 tile 重读。,40
aggregate; see repeats,moe.expert236.gate_up,linear,"{""input"": [2, 2048], ""weight_math"": [2048, 1024], ""weight_storage"": [1024, 2048], ""output"": [2, 1024]}",8388608,0,{},4194304,8192,4096,独立 GEMM：权重与输入各读一次、输出写一次的操作数载荷；不预测 tile 重读。,40
aggregate; see repeats,moe.expert236.down,linear,"{""input"": [2, 512], ""weight_math"": [512, 2048], ""weight_storage"": [2048, 512], ""output"": [2, 2048]}",4194304,0,{},2097152,2048,8192,独立 GEMM：权重与输入各读一次、输出写一次的操作数载荷；不预测 tile 重读。,40
aggregate; see repeats,moe.expert237.gate_up,linear,"{""input"": [2, 2048], ""weight_math"": [2048, 1024], ""weight_storage"": [1024, 2048], ""output"": [2, 1024]}",8388608,0,{},4194304,8192,4096,独立 GEMM：权重与输入各读一次、输出写一次的操作数载荷；不预测 tile 重读。,40
aggregate; see repeats,moe.expert237.down,linear,"{""input"": [2, 512], ""weight_math"": [512, 2048], ""weight_storage"": [2048, 512], ""output"": [2, 2048]}",4194304,0,{},2097152,2048,8192,独立 GEMM：权重与输入各读一次、输出写一次的操作数载荷；不预测 tile 重读。,40
aggregate; see repeats,moe.expert238.gate_up,linear,"{""input"": [2, 2048], ""weight_math"": [2048, 1024], ""weight_storage"": [1024, 2048], ""output"": [2, 1024]}",8388608,0,{},4194304,8192,4096,独立 GEMM：权重与输入各读一次、输出写一次的操作数载荷；不预测 tile 重读。,40
aggregate; see repeats,moe.expert238.down,linear,"{""input"": [2, 512], ""weight_math"": [512, 2048], ""weight_storage"": [2048, 512], ""output"": [2, 2048]}",4194304,0,{},2097152,2048,8192,独立 GEMM：权重与输入各读一次、输出写一次的操作数载荷；不预测 tile 重读。,40
aggregate; see repeats,moe.expert239.gate_up,linear,"{""input"": [2, 2048], ""weight_math"": [2048, 1024], ""weight_storage"": [1024, 2048], ""output"": [2, 1024]}",8388608,0,{},4194304,8192,4096,独立 GEMM：权重与输入各读一次、输出写一次的操作数载荷；不预测 tile 重读。,40
aggregate; see repeats,moe.expert239.down,linear,"{""input"": [2, 512], ""weight_math"": [512, 2048], ""weight_storage"": [2048, 512], ""output"": [2, 2048]}",4194304,0,{},2097152,2048,8192,独立 GEMM：权重与输入各读一次、输出写一次的操作数载荷；不预测 tile 重读。,40
aggregate; see repeats,moe.expert240.gate_up,linear,"{""input"": [2, 2048], ""weight_math"": [2048, 1024], ""weight_storage"": [1024, 2048], ""output"": [2, 1024]}",8388608,0,{},4194304,8192,4096,独立 GEMM：权重与输入各读一次、输出写一次的操作数载荷；不预测 tile 重读。,40
aggregate; see repeats,moe.expert240.down,linear,"{""input"": [2, 512], ""weight_math"": [512, 2048], ""weight_storage"": [2048, 512], ""output"": [2, 2048]}",4194304,0,{},2097152,2048,8192,独立 GEMM：权重与输入各读一次、输出写一次的操作数载荷；不预测 tile 重读。,40
aggregate; see repeats,moe.expert241.gate_up,linear,"{""input"": [2, 2048], ""weight_math"": [2048, 1024], ""weight_storage"": [1024, 2048], ""output"": [2, 1024]}",8388608,0,{},4194304,8192,4096,独立 GEMM：权重与输入各读一次、输出写一次的操作数载荷；不预测 tile 重读。,40
aggregate; see repeats,moe.expert241.down,linear,"{""input"": [2, 512], ""weight_math"": [512, 2048], ""weight_storage"": [2048, 512], ""output"": [2, 2048]}",4194304,0,{},2097152,2048,8192,独立 GEMM：权重与输入各读一次、输出写一次的操作数载荷；不预测 tile 重读。,40
aggregate; see repeats,moe.expert242.gate_up,linear,"{""input"": [2, 2048], ""weight_math"": [2048, 1024], ""weight_storage"": [1024, 2048], ""output"": [2, 1024]}",8388608,0,{},4194304,8192,4096,独立 GEMM：权重与输入各读一次、输出写一次的操作数载荷；不预测 tile 重读。,40
aggregate; see repeats,moe.expert242.down,linear,"{""input"": [2, 512], ""weight_math"": [512, 2048], ""weight_storage"": [2048, 512], ""output"": [2, 2048]}",4194304,0,{},2097152,2048,8192,独立 GEMM：权重与输入各读一次、输出写一次的操作数载荷；不预测 tile 重读。,40
aggregate; see repeats,moe.expert243.gate_up,linear,"{""input"": [2, 2048], ""weight_math"": [2048, 1024], ""weight_storage"": [1024, 2048], ""output"": [2, 1024]}",8388608,0,{},4194304,8192,4096,独立 GEMM：权重与输入各读一次、输出写一次的操作数载荷；不预测 tile 重读。,40
aggregate; see repeats,moe.expert243.down,linear,"{""input"": [2, 512], ""weight_math"": [512, 2048], ""weight_storage"": [2048, 512], ""output"": [2, 2048]}",4194304,0,{},2097152,2048,8192,独立 GEMM：权重与输入各读一次、输出写一次的操作数载荷；不预测 tile 重读。,40
aggregate; see repeats,moe.expert244.gate_up,linear,"{""input"": [2, 2048], ""weight_math"": [2048, 1024], ""weight_storage"": [1024, 2048], ""output"": [2, 1024]}",8388608,0,{},4194304,8192,4096,独立 GEMM：权重与输入各读一次、输出写一次的操作数载荷；不预测 tile 重读。,40
aggregate; see repeats,moe.expert244.down,linear,"{""input"": [2, 512], ""weight_math"": [512, 2048], ""weight_storage"": [2048, 512], ""output"": [2, 2048]}",4194304,0,{},2097152,2048,8192,独立 GEMM：权重与输入各读一次、输出写一次的操作数载荷；不预测 tile 重读。,40
aggregate; see repeats,moe.expert245.gate_up,linear,"{""input"": [2, 2048], ""weight_math"": [2048, 1024], ""weight_storage"": [1024, 2048], ""output"": [2, 1024]}",8388608,0,{},4194304,8192,4096,独立 GEMM：权重与输入各读一次、输出写一次的操作数载荷；不预测 tile 重读。,40
aggregate; see repeats,moe.expert245.down,linear,"{""input"": [2, 512], ""weight_math"": [512, 2048], ""weight_storage"": [2048, 512], ""output"": [2, 2048]}",4194304,0,{},2097152,2048,8192,独立 GEMM：权重与输入各读一次、输出写一次的操作数载荷；不预测 tile 重读。,40
aggregate; see repeats,moe.expert246.gate_up,linear,"{""input"": [2, 2048], ""weight_math"": [2048, 1024], ""weight_storage"": [1024, 2048], ""output"": [2, 1024]}",8388608,0,{},4194304,8192,4096,独立 GEMM：权重与输入各读一次、输出写一次的操作数载荷；不预测 tile 重读。,40
aggregate; see repeats,moe.expert246.down,linear,"{""input"": [2, 512], ""weight_math"": [512, 2048], ""weight_storage"": [2048, 512], ""output"": [2, 2048]}",4194304,0,{},2097152,2048,8192,独立 GEMM：权重与输入各读一次、输出写一次的操作数载荷；不预测 tile 重读。,40
aggregate; see repeats,moe.expert247.gate_up,linear,"{""input"": [2, 2048], ""weight_math"": [2048, 1024], ""weight_storage"": [1024, 2048], ""output"": [2, 1024]}",8388608,0,{},4194304,8192,4096,独立 GEMM：权重与输入各读一次、输出写一次的操作数载荷；不预测 tile 重读。,40
aggregate; see repeats,moe.expert247.down,linear,"{""input"": [2, 512], ""weight_math"": [512, 2048], ""weight_storage"": [2048, 512], ""output"": [2, 2048]}",4194304,0,{},2097152,2048,8192,独立 GEMM：权重与输入各读一次、输出写一次的操作数载荷；不预测 tile 重读。,40
aggregate; see repeats,moe.expert248.gate_up,linear,"{""input"": [2, 2048], ""weight_math"": [2048, 1024], ""weight_storage"": [1024, 2048], ""output"": [2, 1024]}",8388608,0,{},4194304,8192,4096,独立 GEMM：权重与输入各读一次、输出写一次的操作数载荷；不预测 tile 重读。,40
aggregate; see repeats,moe.expert248.down,linear,"{""input"": [2, 512], ""weight_math"": [512, 2048], ""weight_storage"": [2048, 512], ""output"": [2, 2048]}",4194304,0,{},2097152,2048,8192,独立 GEMM：权重与输入各读一次、输出写一次的操作数载荷；不预测 tile 重读。,40
aggregate; see repeats,moe.expert249.gate_up,linear,"{""input"": [2, 2048], ""weight_math"": [2048, 1024], ""weight_storage"": [1024, 2048], ""output"": [2, 1024]}",8388608,0,{},4194304,8192,4096,独立 GEMM：权重与输入各读一次、输出写一次的操作数载荷；不预测 tile 重读。,40
aggregate; see repeats,moe.expert249.down,linear,"{""input"": [2, 512], ""weight_math"": [512, 2048], ""weight_storage"": [2048, 512], ""output"": [2, 2048]}",4194304,0,{},2097152,2048,8192,独立 GEMM：权重与输入各读一次、输出写一次的操作数载荷；不预测 tile 重读。,40
aggregate; see repeats,moe.expert250.gate_up,linear,"{""input"": [2, 2048], ""weight_math"": [2048, 1024], ""weight_storage"": [1024, 2048], ""output"": [2, 1024]}",8388608,0,{},4194304,8192,4096,独立 GEMM：权重与输入各读一次、输出写一次的操作数载荷；不预测 tile 重读。,40
aggregate; see repeats,moe.expert250.down,linear,"{""input"": [2, 512], ""weight_math"": [512, 2048], ""weight_storage"": [2048, 512], ""output"": [2, 2048]}",4194304,0,{},2097152,2048,8192,独立 GEMM：权重与输入各读一次、输出写一次的操作数载荷；不预测 tile 重读。,40
aggregate; see repeats,moe.expert251.gate_up,linear,"{""input"": [2, 2048], ""weight_math"": [2048, 1024], ""weight_storage"": [1024, 2048], ""output"": [2, 1024]}",8388608,0,{},4194304,8192,4096,独立 GEMM：权重与输入各读一次、输出写一次的操作数载荷；不预测 tile 重读。,40
aggregate; see repeats,moe.expert251.down,linear,"{""input"": [2, 512], ""weight_math"": [512, 2048], ""weight_storage"": [2048, 512], ""output"": [2, 2048]}",4194304,0,{},2097152,2048,8192,独立 GEMM：权重与输入各读一次、输出写一次的操作数载荷；不预测 tile 重读。,40
aggregate; see repeats,moe.expert252.gate_up,linear,"{""input"": [2, 2048], ""weight_math"": [2048, 1024], ""weight_storage"": [1024, 2048], ""output"": [2, 1024]}",8388608,0,{},4194304,8192,4096,独立 GEMM：权重与输入各读一次、输出写一次的操作数载荷；不预测 tile 重读。,40
aggregate; see repeats,moe.expert252.down,linear,"{""input"": [2, 512], ""weight_math"": [512, 2048], ""weight_storage"": [2048, 512], ""output"": [2, 2048]}",4194304,0,{},2097152,2048,8192,独立 GEMM：权重与输入各读一次、输出写一次的操作数载荷；不预测 tile 重读。,40
aggregate; see repeats,moe.expert253.gate_up,linear,"{""input"": [2, 2048], ""weight_math"": [2048, 1024], ""weight_storage"": [1024, 2048], ""output"": [2, 1024]}",8388608,0,{},4194304,8192,4096,独立 GEMM：权重与输入各读一次、输出写一次的操作数载荷；不预测 tile 重读。,40
aggregate; see repeats,moe.expert253.down,linear,"{""input"": [2, 512], ""weight_math"": [512, 2048], ""weight_storage"": [2048, 512], ""output"": [2, 2048]}",4194304,0,{},2097152,2048,8192,独立 GEMM：权重与输入各读一次、输出写一次的操作数载荷；不预测 tile 重读。,40
aggregate; see repeats,moe.expert254.gate_up,linear,"{""input"": [2, 2048], ""weight_math"": [2048, 1024], ""weight_storage"": [1024, 2048], ""output"": [2, 1024]}",8388608,0,{},4194304,8192,4096,独立 GEMM：权重与输入各读一次、输出写一次的操作数载荷；不预测 tile 重读。,40
aggregate; see repeats,moe.expert254.down,linear,"{""input"": [2, 512], ""weight_math"": [512, 2048], ""weight_storage"": [2048, 512], ""output"": [2, 2048]}",4194304,0,{},2097152,2048,8192,独立 GEMM：权重与输入各读一次、输出写一次的操作数载荷；不预测 tile 重读。,40
aggregate; see repeats,moe.expert255.gate_up,linear,"{""input"": [2, 2048], ""weight_math"": [2048, 1024], ""weight_storage"": [1024, 2048], ""output"": [2, 1024]}",8388608,0,{},4194304,8192,4096,独立 GEMM：权重与输入各读一次、输出写一次的操作数载荷；不预测 tile 重读。,40
aggregate; see repeats,moe.expert255.down,linear,"{""input"": [2, 512], ""weight_math"": [512, 2048], ""weight_storage"": [2048, 512], ""output"": [2, 2048]}",4194304,0,{},2097152,2048,8192,独立 GEMM：权重与输入各读一次、输出写一次的操作数载荷；不预测 tile 重读。,40
aggregate; see repeats,moe.routed_swiglu,activation,{},0,524288,"{""sigmoid"": 262144}",0,0,0,,40
aggregate; see repeats,moe.routed_weight_and_index_add,routing,{},0,2097152,{},0,2097152,2097152,Probability multiply and addition into zero-initialized destination; gather/metadata/scatter physical traffic not complete.,40
aggregate; see repeats,moe.shared.gate_up,linear,"{""input"": [64, 2048], ""weight_math"": [2048, 1024], ""weight_storage"": [1024, 2048], ""output"": [64, 1024]}",268435456,0,{},4194304,262144,131072,独立 GEMM：权重与输入各读一次、输出写一次的操作数载荷；不预测 tile 重读。,40
aggregate; see repeats,moe.shared.down,linear,"{""input"": [64, 512], ""weight_math"": [512, 2048], ""weight_storage"": [2048, 512], ""output"": [64, 2048]}",134217728,0,{},2097152,65536,262144,独立 GEMM：权重与输入各读一次、输出写一次的操作数载荷；不预测 tile 重读。,40
aggregate; see repeats,moe.shared.gate,linear,"{""input"": [64, 2048], ""weight_math"": [2048, 1], ""weight_storage"": [1, 2048], ""output"": [64, 1]}",262144,0,{},4096,262144,128,独立 GEMM：权重与输入各读一次、输出写一次的操作数载荷；不预测 tile 重读。,40
aggregate; see repeats,moe.shared_swiglu_gate_combine,activation,{},0,327680,"{""sigmoid"": 32832}",0,0,0,,40
aggregate; see repeats,final_norm,normalization,"{""rows"": 64, ""width"": 2048}",0,526400,"{""rsqrt"": 64}",4096,262144,262144,"FP32 internal arithmetic; interfaces are BF16 input/output, not internal conversion traffic.",1
aggregate; see repeats,lm_head,linear,"{""input"": [64, 2048], ""weight_math"": [2048, 248320], ""weight_storage"": [248320, 2048], ""output"": [64, 248320]}",65095598080,0,{},1017118720,262144,31784960,独立 GEMM：权重与输入各读一次、输出写一次的操作数载荷；不预测 tile 重读。,1
aggregate; see repeats,reference.conv.additional_padded_and_discarded_products,reference_supplement,{},4194304,0,{},0,0,0,"Dense convolution multiply-accumulate slots including zero-padding and outputs discarded by slices; FMA=2, not backend instruction count.",30
aggregate; see repeats,reference.conv.extra_silu_before_final_crop,reference_supplement,{},0,0,"{""sigmoid"": 0}",0,0,0,,30
aggregate; see repeats,reference.rope.frequency_outer_product,reference_supplement,{},12288,0,{},0,0,0,,1
aggregate; see repeats,reference.rope.sin_cos_and_scaling,reference_supplement,{},0,12288,"{""sin"": 6144, ""cos"": 6144}",0,0,0,Source multiplies both sin and cos by attention_scaling=1.,1
aggregate; see repeats,reference.rope.rotate_half_negation,reference_supplement,{},0,36864,{},0,0,0,,10
aggregate; see repeats,reference.full.eager_additional_softmax_and_mask,reference_supplement,{},0,8389632,"{""exp"": 0, ""max_comparisons"": 0}",0,0,0,Additional rectangular softmax positions plus attention-mask addition to every score slot.,10
aggregate; see repeats,reference.linear.A_exp_negation,reference_supplement,{},0,32,{},0,0,0,"FP32 exp(A_log), then unary negation; exponent primitive counted in primary operator.",30
