layer,name,category,shapes,matrix_flops,scalar_flops,special_ops,weight_read_bytes,activation_read_bytes,activation_write_bytes,notes
global,embedding,embedding,"{""indices"": [1, 1], ""table"": [151936, 4096], ""output"": [1, 4096]}",0,0,{},8192,8,8192,每 token 一次行查找，不读取整个词表；重复 token 是否缓存未假定。int64 输入索引。
global,rope_table,position,"{""frequencies"": [1, 64], ""cos_sin_each"": [1, 128]}",0,64,"{""sin"": 128, ""cos"": 128}",0,264,512,同位置 ID 批共享，所有层复用；inv_freq 固定不计初始化。参考路径复制频率后求 sin/cos；转换另计。
0,input_layernorm,normalization,"{""input"": [1, 4096], ""weight"": [4096], ""output"": [1, 4096]}",0,16385,"{""rsqrt"": 1}",8192,8192,8192,按 FP32 行内归约的代数计数；rsqrt、类型转换与临时 FP32 张量分列／不推断 HBM spill。
0,q_proj,linear,"{""input"": [1, 4096], ""weight_math"": [4096, 8192], ""weight_storage"": [8192, 4096], ""output"": [1, 8192]}",67108864,0,{},67108864,8192,16384,独立 GEMM：权重与输入各读一次、输出写一次的操作数载荷；不预测 tile 重读。
0,k_proj,linear,"{""input"": [1, 4096], ""weight_math"": [4096, 512], ""weight_storage"": [512, 4096], ""output"": [1, 512]}",4194304,0,{},4194304,8192,1024,独立 GEMM：权重与输入各读一次、输出写一次的操作数载荷；不预测 tile 重读。
0,v_proj,linear,"{""input"": [1, 4096], ""weight_math"": [4096, 512], ""weight_storage"": [512, 4096], ""output"": [1, 512]}",4194304,0,{},4194304,8192,1024,独立 GEMM：权重与输入各读一次、输出写一次的操作数载荷；不预测 tile 重读。
0,q_norm,normalization,"{""input"": [64, 128], ""weight"": [128], ""output"": [64, 128]}",0,32832,"{""rsqrt"": 64}",256,16384,16384,按 FP32 行内归约的代数计数；rsqrt、类型转换与临时 FP32 张量分列／不推断 HBM spill。
0,k_norm,normalization,"{""input"": [4, 128], ""weight"": [128], ""output"": [4, 128]}",0,2052,"{""rsqrt"": 4}",256,1024,1024,按 FP32 行内归约的代数计数；rsqrt、类型转换与临时 FP32 张量分列／不推断 HBM spill。
0,apply_rope,position,"{""Q"": [1, 64, 1, 128], ""K"": [1, 4, 1, 128]}",0,26112,"{""negate"": 4352}",0,17920,17408,2 multiply + 1 add/元素，rotate_half 符号翻转分列；表按批／头理想复用。
0,kv_append,state,"{""new_K_and_V_each"": [1, 4, 1, 128]}",0,0,{},0,2048,2048,原位／分页 append 载荷；不假定动态 torch.cat 对旧缓存整段复制。
0,qk,attention,"{""Q"": [1, 64, 1, 128], ""K_shared"": [1, 4, 8193, 128], ""scores_rectangular"": [1, 64, 1, 8193]}",134234112,0,{},0,8406016,2097408,FLOPs 仅有效因果位置；载荷是假定 Q/K 各读一次、GQA 头共享，完整分数矩阵物化。
0,score_scale_mask_softmax,softmax,"{""scores"": [1, 64, 1, 8193]}",0,2097344,"{""exp"": 524352, ""compare_max"": 524288, ""mask_decisions"": 524352}",0,2097408,2097408,选择的融合 scale/mask/softmax 代数工作；屏蔽点不计 exp。物化 FP32 默认概率；非具体 eager trace。
0,pv,attention,"{""P"": [1, 64, 1, 8193], ""V_shared"": [1, 4, 8193, 128], ""output"": [1, 64, 1, 128]}",134234112,0,{},0,10487040,16384,PV/AV：各 Q 头仍计算；V 容量不乘 GQA 复制数。载荷假定 V 在头／查询之间理想复用。
0,o_proj,linear,"{""input"": [1, 8192], ""weight_math"": [8192, 4096], ""weight_storage"": [4096, 8192], ""output"": [1, 4096]}",67108864,0,{},67108864,16384,8192,独立 GEMM：权重与输入各读一次、输出写一次的操作数载荷；不预测 tile 重读。
0,attention_residual,residual,"{""inputs_each"": [1, 4096], ""output"": [1, 4096]}",0,4096,{},0,16384,8192,
0,post_attention_layernorm,normalization,"{""input"": [1, 4096], ""weight"": [4096], ""output"": [1, 4096]}",0,16385,"{""rsqrt"": 1}",8192,8192,8192,按 FP32 行内归约的代数计数；rsqrt、类型转换与临时 FP32 张量分列／不推断 HBM spill。
0,router,linear,"{""input"": [1, 4096], ""weight_math"": [4096, 128], ""weight_storage"": [128, 4096], ""output"": [1, 128]}",1048576,0,{},1048576,8192,256,独立 GEMM：权重与输入各读一次、输出写一次的操作数载荷；不预测 tile 重读。
0,router_softmax,routing,"{""input"": [1, 128], ""probabilities_fp32"": [1, 128]}",0,383,"{""exp"": 128, ""compare_max"": 127}",0,256,512,"FP32 softmax: subtract max, exp, reduction, divide; casts are not FLOPs."
0,router_topk,routing,"{""input_fp32"": [1, 128], ""values_fp32"": [1, 8], ""indices_int64"": [1, 8]}",0,0,"{""topk_rows"": 1, ""topk_candidates"": 128}",0,512,96,Top-k is an explicit selection primitive; candidate counts are not comparisons or FLOPs. Backend selection algorithm is unspecified.
0,router_renormalize_cast,routing,"{""selected_probabilities"": [1, 8]}",0,15,{},0,32,16,"Selected probabilities are renormalized if norm_topk_prob, then cast to activation dtype; row reduction assumed on-chip."
0,routing_one_hot,routing_metadata,"{""selected_int64"": [1, 8], ""mask_int64"": [1, 8, 128]}",0,0,"{""one_hot_entries"": 1024}",0,64,8192,Pinned HF reference materializes one_hot int64; this large routing mask is not assumed in optimized dispatch.
0,routing_where,routing_metadata,"{""mask_int64"": [128, 8, 1], ""top_x_and_slot_each"": [8]}",0,0,"{""integer_nonzero_tests"": 1024}",0,8192,128,Scan each expert mask; two int64 coordinates per assignment. Permute is a view.
0,expert_gather,routing,"{""source"": [1, 4096], ""gathered_rows"": [8, 4096]}",0,0,{},0,65600,65536,Logical gathers summed over experts; n_e and each concrete GEMM shape are in expert_matrices.
0,expert_gate_proj,linear,"{""input_per_expert"": [""n_e"", 4096], ""weight_storage_each"": [1536, 4096], ""output_per_expert"": [""n_e"", 1536], ""nonempty_experts"": 8, ""tokens_per_expert"": [1, 1, 1, 1, 1, 1, 1, 1, 0, 0, 0, 0, 0, 0, 0, 0, 0, 0, 0, 0, 0, 0, 0, 0, 0, 0, 0, 0, 0, 0, 0, 0, 0, 0, 0, 0, 0, 0, 0, 0, 0, 0, 0, 0, 0, 0, 0, 0, 0, 0, 0, 0, 0, 0, 0, 0, 0, 0, 0, 0, 0, 0, 0, 0, 0, 0, 0, 0, 0, 0, 0, 0, 0, 0, 0, 0, 0, 0, 0, 0, 0, 0, 0, 0, 0, 0, 0, 0, 0, 0, 0, 0, 0, 0, 0, 0, 0, 0, 0, 0, 0, 0, 0, 0, 0, 0, 0, 0, 0, 0, 0, 0, 0, 0, 0, 0, 0, 0, 0, 0, 0, 0, 0, 0, 0, 0, 0, 0]}",100663296,0,{},100663296,65536,24576,"Sum of unpadded per-expert GEMMs; each visited expert weight read once per layer, not once per token."
0,expert_up_proj,linear,"{""input_per_expert"": [""n_e"", 4096], ""weight_storage_each"": [1536, 4096], ""output_per_expert"": [""n_e"", 1536], ""nonempty_experts"": 8, ""tokens_per_expert"": [1, 1, 1, 1, 1, 1, 1, 1, 0, 0, 0, 0, 0, 0, 0, 0, 0, 0, 0, 0, 0, 0, 0, 0, 0, 0, 0, 0, 0, 0, 0, 0, 0, 0, 0, 0, 0, 0, 0, 0, 0, 0, 0, 0, 0, 0, 0, 0, 0, 0, 0, 0, 0, 0, 0, 0, 0, 0, 0, 0, 0, 0, 0, 0, 0, 0, 0, 0, 0, 0, 0, 0, 0, 0, 0, 0, 0, 0, 0, 0, 0, 0, 0, 0, 0, 0, 0, 0, 0, 0, 0, 0, 0, 0, 0, 0, 0, 0, 0, 0, 0, 0, 0, 0, 0, 0, 0, 0, 0, 0, 0, 0, 0, 0, 0, 0, 0, 0, 0, 0, 0, 0, 0, 0, 0, 0, 0, 0]}",100663296,0,{},100663296,65536,24576,"Sum of unpadded per-expert GEMMs; each visited expert weight read once per layer, not once per token."
0,expert_silu_mul,activation,"{""gate_and_up_each"": [8, 1536]}",0,49152,"{""exp"": 12288, ""negate"": 12288}",0,49152,24576,
0,expert_down_proj,linear,"{""input_per_expert"": [""n_e"", 1536], ""weight_storage_each"": [4096, 1536], ""output_per_expert"": [""n_e"", 4096], ""nonempty_experts"": 8, ""tokens_per_expert"": [1, 1, 1, 1, 1, 1, 1, 1, 0, 0, 0, 0, 0, 0, 0, 0, 0, 0, 0, 0, 0, 0, 0, 0, 0, 0, 0, 0, 0, 0, 0, 0, 0, 0, 0, 0, 0, 0, 0, 0, 0, 0, 0, 0, 0, 0, 0, 0, 0, 0, 0, 0, 0, 0, 0, 0, 0, 0, 0, 0, 0, 0, 0, 0, 0, 0, 0, 0, 0, 0, 0, 0, 0, 0, 0, 0, 0, 0, 0, 0, 0, 0, 0, 0, 0, 0, 0, 0, 0, 0, 0, 0, 0, 0, 0, 0, 0, 0, 0, 0, 0, 0, 0, 0, 0, 0, 0, 0, 0, 0, 0, 0, 0, 0, 0, 0, 0, 0, 0, 0, 0, 0, 0, 0, 0, 0, 0, 0]}",100663296,0,{},100663296,24576,65536,Unpadded per-expert GEMMs; empty experts have zero arithmetic and no weight payload.
0,expert_probability_multiply,routing,"{""expert_outputs"": [8, 4096], ""routing_weights"": [8]}",0,32768,{},0,65680,65536,Probability broadcast reuses one value per assignment; int64 token/slot indices included.
0,expert_output_zero,routing,"{""output"": [1, 4096]}",0,0,{},0,0,8192,Reference initializes final_hidden_states to zero.
0,expert_index_add,routing,"{""weighted_outputs"": [8, 4096], ""combined_output"": [1, 4096]}",0,32768,{},0,131136,65536,"Reference index_add includes the first add into zero; destination read/update per assignment is logical payload, not measured HBM."
0,ffn_residual,residual,"{""inputs_each"": [1, 4096], ""output"": [1, 4096]}",0,4096,{},0,16384,8192,
1,input_layernorm,normalization,"{""input"": [1, 4096], ""weight"": [4096], ""output"": [1, 4096]}",0,16385,"{""rsqrt"": 1}",8192,8192,8192,按 FP32 行内归约的代数计数；rsqrt、类型转换与临时 FP32 张量分列／不推断 HBM spill。
1,q_proj,linear,"{""input"": [1, 4096], ""weight_math"": [4096, 8192], ""weight_storage"": [8192, 4096], ""output"": [1, 8192]}",67108864,0,{},67108864,8192,16384,独立 GEMM：权重与输入各读一次、输出写一次的操作数载荷；不预测 tile 重读。
1,k_proj,linear,"{""input"": [1, 4096], ""weight_math"": [4096, 512], ""weight_storage"": [512, 4096], ""output"": [1, 512]}",4194304,0,{},4194304,8192,1024,独立 GEMM：权重与输入各读一次、输出写一次的操作数载荷；不预测 tile 重读。
1,v_proj,linear,"{""input"": [1, 4096], ""weight_math"": [4096, 512], ""weight_storage"": [512, 4096], ""output"": [1, 512]}",4194304,0,{},4194304,8192,1024,独立 GEMM：权重与输入各读一次、输出写一次的操作数载荷；不预测 tile 重读。
1,q_norm,normalization,"{""input"": [64, 128], ""weight"": [128], ""output"": [64, 128]}",0,32832,"{""rsqrt"": 64}",256,16384,16384,按 FP32 行内归约的代数计数；rsqrt、类型转换与临时 FP32 张量分列／不推断 HBM spill。
1,k_norm,normalization,"{""input"": [4, 128], ""weight"": [128], ""output"": [4, 128]}",0,2052,"{""rsqrt"": 4}",256,1024,1024,按 FP32 行内归约的代数计数；rsqrt、类型转换与临时 FP32 张量分列／不推断 HBM spill。
1,apply_rope,position,"{""Q"": [1, 64, 1, 128], ""K"": [1, 4, 1, 128]}",0,26112,"{""negate"": 4352}",0,17920,17408,2 multiply + 1 add/元素，rotate_half 符号翻转分列；表按批／头理想复用。
1,kv_append,state,"{""new_K_and_V_each"": [1, 4, 1, 128]}",0,0,{},0,2048,2048,原位／分页 append 载荷；不假定动态 torch.cat 对旧缓存整段复制。
1,qk,attention,"{""Q"": [1, 64, 1, 128], ""K_shared"": [1, 4, 8193, 128], ""scores_rectangular"": [1, 64, 1, 8193]}",134234112,0,{},0,8406016,2097408,FLOPs 仅有效因果位置；载荷是假定 Q/K 各读一次、GQA 头共享，完整分数矩阵物化。
1,score_scale_mask_softmax,softmax,"{""scores"": [1, 64, 1, 8193]}",0,2097344,"{""exp"": 524352, ""compare_max"": 524288, ""mask_decisions"": 524352}",0,2097408,2097408,选择的融合 scale/mask/softmax 代数工作；屏蔽点不计 exp。物化 FP32 默认概率；非具体 eager trace。
1,pv,attention,"{""P"": [1, 64, 1, 8193], ""V_shared"": [1, 4, 8193, 128], ""output"": [1, 64, 1, 128]}",134234112,0,{},0,10487040,16384,PV/AV：各 Q 头仍计算；V 容量不乘 GQA 复制数。载荷假定 V 在头／查询之间理想复用。
1,o_proj,linear,"{""input"": [1, 8192], ""weight_math"": [8192, 4096], ""weight_storage"": [4096, 8192], ""output"": [1, 4096]}",67108864,0,{},67108864,16384,8192,独立 GEMM：权重与输入各读一次、输出写一次的操作数载荷；不预测 tile 重读。
1,attention_residual,residual,"{""inputs_each"": [1, 4096], ""output"": [1, 4096]}",0,4096,{},0,16384,8192,
1,post_attention_layernorm,normalization,"{""input"": [1, 4096], ""weight"": [4096], ""output"": [1, 4096]}",0,16385,"{""rsqrt"": 1}",8192,8192,8192,按 FP32 行内归约的代数计数；rsqrt、类型转换与临时 FP32 张量分列／不推断 HBM spill。
1,router,linear,"{""input"": [1, 4096], ""weight_math"": [4096, 128], ""weight_storage"": [128, 4096], ""output"": [1, 128]}",1048576,0,{},1048576,8192,256,独立 GEMM：权重与输入各读一次、输出写一次的操作数载荷；不预测 tile 重读。
1,router_softmax,routing,"{""input"": [1, 128], ""probabilities_fp32"": [1, 128]}",0,383,"{""exp"": 128, ""compare_max"": 127}",0,256,512,"FP32 softmax: subtract max, exp, reduction, divide; casts are not FLOPs."
1,router_topk,routing,"{""input_fp32"": [1, 128], ""values_fp32"": [1, 8], ""indices_int64"": [1, 8]}",0,0,"{""topk_rows"": 1, ""topk_candidates"": 128}",0,512,96,Top-k is an explicit selection primitive; candidate counts are not comparisons or FLOPs. Backend selection algorithm is unspecified.
1,router_renormalize_cast,routing,"{""selected_probabilities"": [1, 8]}",0,15,{},0,32,16,"Selected probabilities are renormalized if norm_topk_prob, then cast to activation dtype; row reduction assumed on-chip."
1,routing_one_hot,routing_metadata,"{""selected_int64"": [1, 8], ""mask_int64"": [1, 8, 128]}",0,0,"{""one_hot_entries"": 1024}",0,64,8192,Pinned HF reference materializes one_hot int64; this large routing mask is not assumed in optimized dispatch.
1,routing_where,routing_metadata,"{""mask_int64"": [128, 8, 1], ""top_x_and_slot_each"": [8]}",0,0,"{""integer_nonzero_tests"": 1024}",0,8192,128,Scan each expert mask; two int64 coordinates per assignment. Permute is a view.
1,expert_gather,routing,"{""source"": [1, 4096], ""gathered_rows"": [8, 4096]}",0,0,{},0,65600,65536,Logical gathers summed over experts; n_e and each concrete GEMM shape are in expert_matrices.
1,expert_gate_proj,linear,"{""input_per_expert"": [""n_e"", 4096], ""weight_storage_each"": [1536, 4096], ""output_per_expert"": [""n_e"", 1536], ""nonempty_experts"": 8, ""tokens_per_expert"": [1, 1, 1, 1, 1, 1, 1, 1, 0, 0, 0, 0, 0, 0, 0, 0, 0, 0, 0, 0, 0, 0, 0, 0, 0, 0, 0, 0, 0, 0, 0, 0, 0, 0, 0, 0, 0, 0, 0, 0, 0, 0, 0, 0, 0, 0, 0, 0, 0, 0, 0, 0, 0, 0, 0, 0, 0, 0, 0, 0, 0, 0, 0, 0, 0, 0, 0, 0, 0, 0, 0, 0, 0, 0, 0, 0, 0, 0, 0, 0, 0, 0, 0, 0, 0, 0, 0, 0, 0, 0, 0, 0, 0, 0, 0, 0, 0, 0, 0, 0, 0, 0, 0, 0, 0, 0, 0, 0, 0, 0, 0, 0, 0, 0, 0, 0, 0, 0, 0, 0, 0, 0, 0, 0, 0, 0, 0, 0]}",100663296,0,{},100663296,65536,24576,"Sum of unpadded per-expert GEMMs; each visited expert weight read once per layer, not once per token."
1,expert_up_proj,linear,"{""input_per_expert"": [""n_e"", 4096], ""weight_storage_each"": [1536, 4096], ""output_per_expert"": [""n_e"", 1536], ""nonempty_experts"": 8, ""tokens_per_expert"": [1, 1, 1, 1, 1, 1, 1, 1, 0, 0, 0, 0, 0, 0, 0, 0, 0, 0, 0, 0, 0, 0, 0, 0, 0, 0, 0, 0, 0, 0, 0, 0, 0, 0, 0, 0, 0, 0, 0, 0, 0, 0, 0, 0, 0, 0, 0, 0, 0, 0, 0, 0, 0, 0, 0, 0, 0, 0, 0, 0, 0, 0, 0, 0, 0, 0, 0, 0, 0, 0, 0, 0, 0, 0, 0, 0, 0, 0, 0, 0, 0, 0, 0, 0, 0, 0, 0, 0, 0, 0, 0, 0, 0, 0, 0, 0, 0, 0, 0, 0, 0, 0, 0, 0, 0, 0, 0, 0, 0, 0, 0, 0, 0, 0, 0, 0, 0, 0, 0, 0, 0, 0, 0, 0, 0, 0, 0, 0]}",100663296,0,{},100663296,65536,24576,"Sum of unpadded per-expert GEMMs; each visited expert weight read once per layer, not once per token."
1,expert_silu_mul,activation,"{""gate_and_up_each"": [8, 1536]}",0,49152,"{""exp"": 12288, ""negate"": 12288}",0,49152,24576,
1,expert_down_proj,linear,"{""input_per_expert"": [""n_e"", 1536], ""weight_storage_each"": [4096, 1536], ""output_per_expert"": [""n_e"", 4096], ""nonempty_experts"": 8, ""tokens_per_expert"": [1, 1, 1, 1, 1, 1, 1, 1, 0, 0, 0, 0, 0, 0, 0, 0, 0, 0, 0, 0, 0, 0, 0, 0, 0, 0, 0, 0, 0, 0, 0, 0, 0, 0, 0, 0, 0, 0, 0, 0, 0, 0, 0, 0, 0, 0, 0, 0, 0, 0, 0, 0, 0, 0, 0, 0, 0, 0, 0, 0, 0, 0, 0, 0, 0, 0, 0, 0, 0, 0, 0, 0, 0, 0, 0, 0, 0, 0, 0, 0, 0, 0, 0, 0, 0, 0, 0, 0, 0, 0, 0, 0, 0, 0, 0, 0, 0, 0, 0, 0, 0, 0, 0, 0, 0, 0, 0, 0, 0, 0, 0, 0, 0, 0, 0, 0, 0, 0, 0, 0, 0, 0, 0, 0, 0, 0, 0, 0]}",100663296,0,{},100663296,24576,65536,Unpadded per-expert GEMMs; empty experts have zero arithmetic and no weight payload.
1,expert_probability_multiply,routing,"{""expert_outputs"": [8, 4096], ""routing_weights"": [8]}",0,32768,{},0,65680,65536,Probability broadcast reuses one value per assignment; int64 token/slot indices included.
1,expert_output_zero,routing,"{""output"": [1, 4096]}",0,0,{},0,0,8192,Reference initializes final_hidden_states to zero.
1,expert_index_add,routing,"{""weighted_outputs"": [8, 4096], ""combined_output"": [1, 4096]}",0,32768,{},0,131136,65536,"Reference index_add includes the first add into zero; destination read/update per assignment is logical payload, not measured HBM."
1,ffn_residual,residual,"{""inputs_each"": [1, 4096], ""output"": [1, 4096]}",0,4096,{},0,16384,8192,
2,input_layernorm,normalization,"{""input"": [1, 4096], ""weight"": [4096], ""output"": [1, 4096]}",0,16385,"{""rsqrt"": 1}",8192,8192,8192,按 FP32 行内归约的代数计数；rsqrt、类型转换与临时 FP32 张量分列／不推断 HBM spill。
2,q_proj,linear,"{""input"": [1, 4096], ""weight_math"": [4096, 8192], ""weight_storage"": [8192, 4096], ""output"": [1, 8192]}",67108864,0,{},67108864,8192,16384,独立 GEMM：权重与输入各读一次、输出写一次的操作数载荷；不预测 tile 重读。
2,k_proj,linear,"{""input"": [1, 4096], ""weight_math"": [4096, 512], ""weight_storage"": [512, 4096], ""output"": [1, 512]}",4194304,0,{},4194304,8192,1024,独立 GEMM：权重与输入各读一次、输出写一次的操作数载荷；不预测 tile 重读。
2,v_proj,linear,"{""input"": [1, 4096], ""weight_math"": [4096, 512], ""weight_storage"": [512, 4096], ""output"": [1, 512]}",4194304,0,{},4194304,8192,1024,独立 GEMM：权重与输入各读一次、输出写一次的操作数载荷；不预测 tile 重读。
2,q_norm,normalization,"{""input"": [64, 128], ""weight"": [128], ""output"": [64, 128]}",0,32832,"{""rsqrt"": 64}",256,16384,16384,按 FP32 行内归约的代数计数；rsqrt、类型转换与临时 FP32 张量分列／不推断 HBM spill。
2,k_norm,normalization,"{""input"": [4, 128], ""weight"": [128], ""output"": [4, 128]}",0,2052,"{""rsqrt"": 4}",256,1024,1024,按 FP32 行内归约的代数计数；rsqrt、类型转换与临时 FP32 张量分列／不推断 HBM spill。
2,apply_rope,position,"{""Q"": [1, 64, 1, 128], ""K"": [1, 4, 1, 128]}",0,26112,"{""negate"": 4352}",0,17920,17408,2 multiply + 1 add/元素，rotate_half 符号翻转分列；表按批／头理想复用。
2,kv_append,state,"{""new_K_and_V_each"": [1, 4, 1, 128]}",0,0,{},0,2048,2048,原位／分页 append 载荷；不假定动态 torch.cat 对旧缓存整段复制。
2,qk,attention,"{""Q"": [1, 64, 1, 128], ""K_shared"": [1, 4, 8193, 128], ""scores_rectangular"": [1, 64, 1, 8193]}",134234112,0,{},0,8406016,2097408,FLOPs 仅有效因果位置；载荷是假定 Q/K 各读一次、GQA 头共享，完整分数矩阵物化。
2,score_scale_mask_softmax,softmax,"{""scores"": [1, 64, 1, 8193]}",0,2097344,"{""exp"": 524352, ""compare_max"": 524288, ""mask_decisions"": 524352}",0,2097408,2097408,选择的融合 scale/mask/softmax 代数工作；屏蔽点不计 exp。物化 FP32 默认概率；非具体 eager trace。
2,pv,attention,"{""P"": [1, 64, 1, 8193], ""V_shared"": [1, 4, 8193, 128], ""output"": [1, 64, 1, 128]}",134234112,0,{},0,10487040,16384,PV/AV：各 Q 头仍计算；V 容量不乘 GQA 复制数。载荷假定 V 在头／查询之间理想复用。
2,o_proj,linear,"{""input"": [1, 8192], ""weight_math"": [8192, 4096], ""weight_storage"": [4096, 8192], ""output"": [1, 4096]}",67108864,0,{},67108864,16384,8192,独立 GEMM：权重与输入各读一次、输出写一次的操作数载荷；不预测 tile 重读。
2,attention_residual,residual,"{""inputs_each"": [1, 4096], ""output"": [1, 4096]}",0,4096,{},0,16384,8192,
2,post_attention_layernorm,normalization,"{""input"": [1, 4096], ""weight"": [4096], ""output"": [1, 4096]}",0,16385,"{""rsqrt"": 1}",8192,8192,8192,按 FP32 行内归约的代数计数；rsqrt、类型转换与临时 FP32 张量分列／不推断 HBM spill。
2,router,linear,"{""input"": [1, 4096], ""weight_math"": [4096, 128], ""weight_storage"": [128, 4096], ""output"": [1, 128]}",1048576,0,{},1048576,8192,256,独立 GEMM：权重与输入各读一次、输出写一次的操作数载荷；不预测 tile 重读。
2,router_softmax,routing,"{""input"": [1, 128], ""probabilities_fp32"": [1, 128]}",0,383,"{""exp"": 128, ""compare_max"": 127}",0,256,512,"FP32 softmax: subtract max, exp, reduction, divide; casts are not FLOPs."
2,router_topk,routing,"{""input_fp32"": [1, 128], ""values_fp32"": [1, 8], ""indices_int64"": [1, 8]}",0,0,"{""topk_rows"": 1, ""topk_candidates"": 128}",0,512,96,Top-k is an explicit selection primitive; candidate counts are not comparisons or FLOPs. Backend selection algorithm is unspecified.
2,router_renormalize_cast,routing,"{""selected_probabilities"": [1, 8]}",0,15,{},0,32,16,"Selected probabilities are renormalized if norm_topk_prob, then cast to activation dtype; row reduction assumed on-chip."
2,routing_one_hot,routing_metadata,"{""selected_int64"": [1, 8], ""mask_int64"": [1, 8, 128]}",0,0,"{""one_hot_entries"": 1024}",0,64,8192,Pinned HF reference materializes one_hot int64; this large routing mask is not assumed in optimized dispatch.
2,routing_where,routing_metadata,"{""mask_int64"": [128, 8, 1], ""top_x_and_slot_each"": [8]}",0,0,"{""integer_nonzero_tests"": 1024}",0,8192,128,Scan each expert mask; two int64 coordinates per assignment. Permute is a view.
2,expert_gather,routing,"{""source"": [1, 4096], ""gathered_rows"": [8, 4096]}",0,0,{},0,65600,65536,Logical gathers summed over experts; n_e and each concrete GEMM shape are in expert_matrices.
2,expert_gate_proj,linear,"{""input_per_expert"": [""n_e"", 4096], ""weight_storage_each"": [1536, 4096], ""output_per_expert"": [""n_e"", 1536], ""nonempty_experts"": 8, ""tokens_per_expert"": [1, 1, 1, 1, 1, 1, 1, 1, 0, 0, 0, 0, 0, 0, 0, 0, 0, 0, 0, 0, 0, 0, 0, 0, 0, 0, 0, 0, 0, 0, 0, 0, 0, 0, 0, 0, 0, 0, 0, 0, 0, 0, 0, 0, 0, 0, 0, 0, 0, 0, 0, 0, 0, 0, 0, 0, 0, 0, 0, 0, 0, 0, 0, 0, 0, 0, 0, 0, 0, 0, 0, 0, 0, 0, 0, 0, 0, 0, 0, 0, 0, 0, 0, 0, 0, 0, 0, 0, 0, 0, 0, 0, 0, 0, 0, 0, 0, 0, 0, 0, 0, 0, 0, 0, 0, 0, 0, 0, 0, 0, 0, 0, 0, 0, 0, 0, 0, 0, 0, 0, 0, 0, 0, 0, 0, 0, 0, 0]}",100663296,0,{},100663296,65536,24576,"Sum of unpadded per-expert GEMMs; each visited expert weight read once per layer, not once per token."
2,expert_up_proj,linear,"{""input_per_expert"": [""n_e"", 4096], ""weight_storage_each"": [1536, 4096], ""output_per_expert"": [""n_e"", 1536], ""nonempty_experts"": 8, ""tokens_per_expert"": [1, 1, 1, 1, 1, 1, 1, 1, 0, 0, 0, 0, 0, 0, 0, 0, 0, 0, 0, 0, 0, 0, 0, 0, 0, 0, 0, 0, 0, 0, 0, 0, 0, 0, 0, 0, 0, 0, 0, 0, 0, 0, 0, 0, 0, 0, 0, 0, 0, 0, 0, 0, 0, 0, 0, 0, 0, 0, 0, 0, 0, 0, 0, 0, 0, 0, 0, 0, 0, 0, 0, 0, 0, 0, 0, 0, 0, 0, 0, 0, 0, 0, 0, 0, 0, 0, 0, 0, 0, 0, 0, 0, 0, 0, 0, 0, 0, 0, 0, 0, 0, 0, 0, 0, 0, 0, 0, 0, 0, 0, 0, 0, 0, 0, 0, 0, 0, 0, 0, 0, 0, 0, 0, 0, 0, 0, 0, 0]}",100663296,0,{},100663296,65536,24576,"Sum of unpadded per-expert GEMMs; each visited expert weight read once per layer, not once per token."
2,expert_silu_mul,activation,"{""gate_and_up_each"": [8, 1536]}",0,49152,"{""exp"": 12288, ""negate"": 12288}",0,49152,24576,
2,expert_down_proj,linear,"{""input_per_expert"": [""n_e"", 1536], ""weight_storage_each"": [4096, 1536], ""output_per_expert"": [""n_e"", 4096], ""nonempty_experts"": 8, ""tokens_per_expert"": [1, 1, 1, 1, 1, 1, 1, 1, 0, 0, 0, 0, 0, 0, 0, 0, 0, 0, 0, 0, 0, 0, 0, 0, 0, 0, 0, 0, 0, 0, 0, 0, 0, 0, 0, 0, 0, 0, 0, 0, 0, 0, 0, 0, 0, 0, 0, 0, 0, 0, 0, 0, 0, 0, 0, 0, 0, 0, 0, 0, 0, 0, 0, 0, 0, 0, 0, 0, 0, 0, 0, 0, 0, 0, 0, 0, 0, 0, 0, 0, 0, 0, 0, 0, 0, 0, 0, 0, 0, 0, 0, 0, 0, 0, 0, 0, 0, 0, 0, 0, 0, 0, 0, 0, 0, 0, 0, 0, 0, 0, 0, 0, 0, 0, 0, 0, 0, 0, 0, 0, 0, 0, 0, 0, 0, 0, 0, 0]}",100663296,0,{},100663296,24576,65536,Unpadded per-expert GEMMs; empty experts have zero arithmetic and no weight payload.
2,expert_probability_multiply,routing,"{""expert_outputs"": [8, 4096], ""routing_weights"": [8]}",0,32768,{},0,65680,65536,Probability broadcast reuses one value per assignment; int64 token/slot indices included.
2,expert_output_zero,routing,"{""output"": [1, 4096]}",0,0,{},0,0,8192,Reference initializes final_hidden_states to zero.
2,expert_index_add,routing,"{""weighted_outputs"": [8, 4096], ""combined_output"": [1, 4096]}",0,32768,{},0,131136,65536,"Reference index_add includes the first add into zero; destination read/update per assignment is logical payload, not measured HBM."
2,ffn_residual,residual,"{""inputs_each"": [1, 4096], ""output"": [1, 4096]}",0,4096,{},0,16384,8192,
3,input_layernorm,normalization,"{""input"": [1, 4096], ""weight"": [4096], ""output"": [1, 4096]}",0,16385,"{""rsqrt"": 1}",8192,8192,8192,按 FP32 行内归约的代数计数；rsqrt、类型转换与临时 FP32 张量分列／不推断 HBM spill。
3,q_proj,linear,"{""input"": [1, 4096], ""weight_math"": [4096, 8192], ""weight_storage"": [8192, 4096], ""output"": [1, 8192]}",67108864,0,{},67108864,8192,16384,独立 GEMM：权重与输入各读一次、输出写一次的操作数载荷；不预测 tile 重读。
3,k_proj,linear,"{""input"": [1, 4096], ""weight_math"": [4096, 512], ""weight_storage"": [512, 4096], ""output"": [1, 512]}",4194304,0,{},4194304,8192,1024,独立 GEMM：权重与输入各读一次、输出写一次的操作数载荷；不预测 tile 重读。
3,v_proj,linear,"{""input"": [1, 4096], ""weight_math"": [4096, 512], ""weight_storage"": [512, 4096], ""output"": [1, 512]}",4194304,0,{},4194304,8192,1024,独立 GEMM：权重与输入各读一次、输出写一次的操作数载荷；不预测 tile 重读。
3,q_norm,normalization,"{""input"": [64, 128], ""weight"": [128], ""output"": [64, 128]}",0,32832,"{""rsqrt"": 64}",256,16384,16384,按 FP32 行内归约的代数计数；rsqrt、类型转换与临时 FP32 张量分列／不推断 HBM spill。
3,k_norm,normalization,"{""input"": [4, 128], ""weight"": [128], ""output"": [4, 128]}",0,2052,"{""rsqrt"": 4}",256,1024,1024,按 FP32 行内归约的代数计数；rsqrt、类型转换与临时 FP32 张量分列／不推断 HBM spill。
3,apply_rope,position,"{""Q"": [1, 64, 1, 128], ""K"": [1, 4, 1, 128]}",0,26112,"{""negate"": 4352}",0,17920,17408,2 multiply + 1 add/元素，rotate_half 符号翻转分列；表按批／头理想复用。
3,kv_append,state,"{""new_K_and_V_each"": [1, 4, 1, 128]}",0,0,{},0,2048,2048,原位／分页 append 载荷；不假定动态 torch.cat 对旧缓存整段复制。
3,qk,attention,"{""Q"": [1, 64, 1, 128], ""K_shared"": [1, 4, 8193, 128], ""scores_rectangular"": [1, 64, 1, 8193]}",134234112,0,{},0,8406016,2097408,FLOPs 仅有效因果位置；载荷是假定 Q/K 各读一次、GQA 头共享，完整分数矩阵物化。
3,score_scale_mask_softmax,softmax,"{""scores"": [1, 64, 1, 8193]}",0,2097344,"{""exp"": 524352, ""compare_max"": 524288, ""mask_decisions"": 524352}",0,2097408,2097408,选择的融合 scale/mask/softmax 代数工作；屏蔽点不计 exp。物化 FP32 默认概率；非具体 eager trace。
3,pv,attention,"{""P"": [1, 64, 1, 8193], ""V_shared"": [1, 4, 8193, 128], ""output"": [1, 64, 1, 128]}",134234112,0,{},0,10487040,16384,PV/AV：各 Q 头仍计算；V 容量不乘 GQA 复制数。载荷假定 V 在头／查询之间理想复用。
3,o_proj,linear,"{""input"": [1, 8192], ""weight_math"": [8192, 4096], ""weight_storage"": [4096, 8192], ""output"": [1, 4096]}",67108864,0,{},67108864,16384,8192,独立 GEMM：权重与输入各读一次、输出写一次的操作数载荷；不预测 tile 重读。
3,attention_residual,residual,"{""inputs_each"": [1, 4096], ""output"": [1, 4096]}",0,4096,{},0,16384,8192,
3,post_attention_layernorm,normalization,"{""input"": [1, 4096], ""weight"": [4096], ""output"": [1, 4096]}",0,16385,"{""rsqrt"": 1}",8192,8192,8192,按 FP32 行内归约的代数计数；rsqrt、类型转换与临时 FP32 张量分列／不推断 HBM spill。
3,router,linear,"{""input"": [1, 4096], ""weight_math"": [4096, 128], ""weight_storage"": [128, 4096], ""output"": [1, 128]}",1048576,0,{},1048576,8192,256,独立 GEMM：权重与输入各读一次、输出写一次的操作数载荷；不预测 tile 重读。
3,router_softmax,routing,"{""input"": [1, 128], ""probabilities_fp32"": [1, 128]}",0,383,"{""exp"": 128, ""compare_max"": 127}",0,256,512,"FP32 softmax: subtract max, exp, reduction, divide; casts are not FLOPs."
3,router_topk,routing,"{""input_fp32"": [1, 128], ""values_fp32"": [1, 8], ""indices_int64"": [1, 8]}",0,0,"{""topk_rows"": 1, ""topk_candidates"": 128}",0,512,96,Top-k is an explicit selection primitive; candidate counts are not comparisons or FLOPs. Backend selection algorithm is unspecified.
3,router_renormalize_cast,routing,"{""selected_probabilities"": [1, 8]}",0,15,{},0,32,16,"Selected probabilities are renormalized if norm_topk_prob, then cast to activation dtype; row reduction assumed on-chip."
3,routing_one_hot,routing_metadata,"{""selected_int64"": [1, 8], ""mask_int64"": [1, 8, 128]}",0,0,"{""one_hot_entries"": 1024}",0,64,8192,Pinned HF reference materializes one_hot int64; this large routing mask is not assumed in optimized dispatch.
3,routing_where,routing_metadata,"{""mask_int64"": [128, 8, 1], ""top_x_and_slot_each"": [8]}",0,0,"{""integer_nonzero_tests"": 1024}",0,8192,128,Scan each expert mask; two int64 coordinates per assignment. Permute is a view.
3,expert_gather,routing,"{""source"": [1, 4096], ""gathered_rows"": [8, 4096]}",0,0,{},0,65600,65536,Logical gathers summed over experts; n_e and each concrete GEMM shape are in expert_matrices.
3,expert_gate_proj,linear,"{""input_per_expert"": [""n_e"", 4096], ""weight_storage_each"": [1536, 4096], ""output_per_expert"": [""n_e"", 1536], ""nonempty_experts"": 8, ""tokens_per_expert"": [1, 1, 1, 1, 1, 1, 1, 1, 0, 0, 0, 0, 0, 0, 0, 0, 0, 0, 0, 0, 0, 0, 0, 0, 0, 0, 0, 0, 0, 0, 0, 0, 0, 0, 0, 0, 0, 0, 0, 0, 0, 0, 0, 0, 0, 0, 0, 0, 0, 0, 0, 0, 0, 0, 0, 0, 0, 0, 0, 0, 0, 0, 0, 0, 0, 0, 0, 0, 0, 0, 0, 0, 0, 0, 0, 0, 0, 0, 0, 0, 0, 0, 0, 0, 0, 0, 0, 0, 0, 0, 0, 0, 0, 0, 0, 0, 0, 0, 0, 0, 0, 0, 0, 0, 0, 0, 0, 0, 0, 0, 0, 0, 0, 0, 0, 0, 0, 0, 0, 0, 0, 0, 0, 0, 0, 0, 0, 0]}",100663296,0,{},100663296,65536,24576,"Sum of unpadded per-expert GEMMs; each visited expert weight read once per layer, not once per token."
3,expert_up_proj,linear,"{""input_per_expert"": [""n_e"", 4096], ""weight_storage_each"": [1536, 4096], ""output_per_expert"": [""n_e"", 1536], ""nonempty_experts"": 8, ""tokens_per_expert"": [1, 1, 1, 1, 1, 1, 1, 1, 0, 0, 0, 0, 0, 0, 0, 0, 0, 0, 0, 0, 0, 0, 0, 0, 0, 0, 0, 0, 0, 0, 0, 0, 0, 0, 0, 0, 0, 0, 0, 0, 0, 0, 0, 0, 0, 0, 0, 0, 0, 0, 0, 0, 0, 0, 0, 0, 0, 0, 0, 0, 0, 0, 0, 0, 0, 0, 0, 0, 0, 0, 0, 0, 0, 0, 0, 0, 0, 0, 0, 0, 0, 0, 0, 0, 0, 0, 0, 0, 0, 0, 0, 0, 0, 0, 0, 0, 0, 0, 0, 0, 0, 0, 0, 0, 0, 0, 0, 0, 0, 0, 0, 0, 0, 0, 0, 0, 0, 0, 0, 0, 0, 0, 0, 0, 0, 0, 0, 0]}",100663296,0,{},100663296,65536,24576,"Sum of unpadded per-expert GEMMs; each visited expert weight read once per layer, not once per token."
3,expert_silu_mul,activation,"{""gate_and_up_each"": [8, 1536]}",0,49152,"{""exp"": 12288, ""negate"": 12288}",0,49152,24576,
3,expert_down_proj,linear,"{""input_per_expert"": [""n_e"", 1536], ""weight_storage_each"": [4096, 1536], ""output_per_expert"": [""n_e"", 4096], ""nonempty_experts"": 8, ""tokens_per_expert"": [1, 1, 1, 1, 1, 1, 1, 1, 0, 0, 0, 0, 0, 0, 0, 0, 0, 0, 0, 0, 0, 0, 0, 0, 0, 0, 0, 0, 0, 0, 0, 0, 0, 0, 0, 0, 0, 0, 0, 0, 0, 0, 0, 0, 0, 0, 0, 0, 0, 0, 0, 0, 0, 0, 0, 0, 0, 0, 0, 0, 0, 0, 0, 0, 0, 0, 0, 0, 0, 0, 0, 0, 0, 0, 0, 0, 0, 0, 0, 0, 0, 0, 0, 0, 0, 0, 0, 0, 0, 0, 0, 0, 0, 0, 0, 0, 0, 0, 0, 0, 0, 0, 0, 0, 0, 0, 0, 0, 0, 0, 0, 0, 0, 0, 0, 0, 0, 0, 0, 0, 0, 0, 0, 0, 0, 0, 0, 0]}",100663296,0,{},100663296,24576,65536,Unpadded per-expert GEMMs; empty experts have zero arithmetic and no weight payload.
3,expert_probability_multiply,routing,"{""expert_outputs"": [8, 4096], ""routing_weights"": [8]}",0,32768,{},0,65680,65536,Probability broadcast reuses one value per assignment; int64 token/slot indices included.
3,expert_output_zero,routing,"{""output"": [1, 4096]}",0,0,{},0,0,8192,Reference initializes final_hidden_states to zero.
3,expert_index_add,routing,"{""weighted_outputs"": [8, 4096], ""combined_output"": [1, 4096]}",0,32768,{},0,131136,65536,"Reference index_add includes the first add into zero; destination read/update per assignment is logical payload, not measured HBM."
3,ffn_residual,residual,"{""inputs_each"": [1, 4096], ""output"": [1, 4096]}",0,4096,{},0,16384,8192,
4,input_layernorm,normalization,"{""input"": [1, 4096], ""weight"": [4096], ""output"": [1, 4096]}",0,16385,"{""rsqrt"": 1}",8192,8192,8192,按 FP32 行内归约的代数计数；rsqrt、类型转换与临时 FP32 张量分列／不推断 HBM spill。
4,q_proj,linear,"{""input"": [1, 4096], ""weight_math"": [4096, 8192], ""weight_storage"": [8192, 4096], ""output"": [1, 8192]}",67108864,0,{},67108864,8192,16384,独立 GEMM：权重与输入各读一次、输出写一次的操作数载荷；不预测 tile 重读。
4,k_proj,linear,"{""input"": [1, 4096], ""weight_math"": [4096, 512], ""weight_storage"": [512, 4096], ""output"": [1, 512]}",4194304,0,{},4194304,8192,1024,独立 GEMM：权重与输入各读一次、输出写一次的操作数载荷；不预测 tile 重读。
4,v_proj,linear,"{""input"": [1, 4096], ""weight_math"": [4096, 512], ""weight_storage"": [512, 4096], ""output"": [1, 512]}",4194304,0,{},4194304,8192,1024,独立 GEMM：权重与输入各读一次、输出写一次的操作数载荷；不预测 tile 重读。
4,q_norm,normalization,"{""input"": [64, 128], ""weight"": [128], ""output"": [64, 128]}",0,32832,"{""rsqrt"": 64}",256,16384,16384,按 FP32 行内归约的代数计数；rsqrt、类型转换与临时 FP32 张量分列／不推断 HBM spill。
4,k_norm,normalization,"{""input"": [4, 128], ""weight"": [128], ""output"": [4, 128]}",0,2052,"{""rsqrt"": 4}",256,1024,1024,按 FP32 行内归约的代数计数；rsqrt、类型转换与临时 FP32 张量分列／不推断 HBM spill。
4,apply_rope,position,"{""Q"": [1, 64, 1, 128], ""K"": [1, 4, 1, 128]}",0,26112,"{""negate"": 4352}",0,17920,17408,2 multiply + 1 add/元素，rotate_half 符号翻转分列；表按批／头理想复用。
4,kv_append,state,"{""new_K_and_V_each"": [1, 4, 1, 128]}",0,0,{},0,2048,2048,原位／分页 append 载荷；不假定动态 torch.cat 对旧缓存整段复制。
4,qk,attention,"{""Q"": [1, 64, 1, 128], ""K_shared"": [1, 4, 8193, 128], ""scores_rectangular"": [1, 64, 1, 8193]}",134234112,0,{},0,8406016,2097408,FLOPs 仅有效因果位置；载荷是假定 Q/K 各读一次、GQA 头共享，完整分数矩阵物化。
4,score_scale_mask_softmax,softmax,"{""scores"": [1, 64, 1, 8193]}",0,2097344,"{""exp"": 524352, ""compare_max"": 524288, ""mask_decisions"": 524352}",0,2097408,2097408,选择的融合 scale/mask/softmax 代数工作；屏蔽点不计 exp。物化 FP32 默认概率；非具体 eager trace。
4,pv,attention,"{""P"": [1, 64, 1, 8193], ""V_shared"": [1, 4, 8193, 128], ""output"": [1, 64, 1, 128]}",134234112,0,{},0,10487040,16384,PV/AV：各 Q 头仍计算；V 容量不乘 GQA 复制数。载荷假定 V 在头／查询之间理想复用。
4,o_proj,linear,"{""input"": [1, 8192], ""weight_math"": [8192, 4096], ""weight_storage"": [4096, 8192], ""output"": [1, 4096]}",67108864,0,{},67108864,16384,8192,独立 GEMM：权重与输入各读一次、输出写一次的操作数载荷；不预测 tile 重读。
4,attention_residual,residual,"{""inputs_each"": [1, 4096], ""output"": [1, 4096]}",0,4096,{},0,16384,8192,
4,post_attention_layernorm,normalization,"{""input"": [1, 4096], ""weight"": [4096], ""output"": [1, 4096]}",0,16385,"{""rsqrt"": 1}",8192,8192,8192,按 FP32 行内归约的代数计数；rsqrt、类型转换与临时 FP32 张量分列／不推断 HBM spill。
4,router,linear,"{""input"": [1, 4096], ""weight_math"": [4096, 128], ""weight_storage"": [128, 4096], ""output"": [1, 128]}",1048576,0,{},1048576,8192,256,独立 GEMM：权重与输入各读一次、输出写一次的操作数载荷；不预测 tile 重读。
4,router_softmax,routing,"{""input"": [1, 128], ""probabilities_fp32"": [1, 128]}",0,383,"{""exp"": 128, ""compare_max"": 127}",0,256,512,"FP32 softmax: subtract max, exp, reduction, divide; casts are not FLOPs."
4,router_topk,routing,"{""input_fp32"": [1, 128], ""values_fp32"": [1, 8], ""indices_int64"": [1, 8]}",0,0,"{""topk_rows"": 1, ""topk_candidates"": 128}",0,512,96,Top-k is an explicit selection primitive; candidate counts are not comparisons or FLOPs. Backend selection algorithm is unspecified.
4,router_renormalize_cast,routing,"{""selected_probabilities"": [1, 8]}",0,15,{},0,32,16,"Selected probabilities are renormalized if norm_topk_prob, then cast to activation dtype; row reduction assumed on-chip."
4,routing_one_hot,routing_metadata,"{""selected_int64"": [1, 8], ""mask_int64"": [1, 8, 128]}",0,0,"{""one_hot_entries"": 1024}",0,64,8192,Pinned HF reference materializes one_hot int64; this large routing mask is not assumed in optimized dispatch.
4,routing_where,routing_metadata,"{""mask_int64"": [128, 8, 1], ""top_x_and_slot_each"": [8]}",0,0,"{""integer_nonzero_tests"": 1024}",0,8192,128,Scan each expert mask; two int64 coordinates per assignment. Permute is a view.
4,expert_gather,routing,"{""source"": [1, 4096], ""gathered_rows"": [8, 4096]}",0,0,{},0,65600,65536,Logical gathers summed over experts; n_e and each concrete GEMM shape are in expert_matrices.
4,expert_gate_proj,linear,"{""input_per_expert"": [""n_e"", 4096], ""weight_storage_each"": [1536, 4096], ""output_per_expert"": [""n_e"", 1536], ""nonempty_experts"": 8, ""tokens_per_expert"": [1, 1, 1, 1, 1, 1, 1, 1, 0, 0, 0, 0, 0, 0, 0, 0, 0, 0, 0, 0, 0, 0, 0, 0, 0, 0, 0, 0, 0, 0, 0, 0, 0, 0, 0, 0, 0, 0, 0, 0, 0, 0, 0, 0, 0, 0, 0, 0, 0, 0, 0, 0, 0, 0, 0, 0, 0, 0, 0, 0, 0, 0, 0, 0, 0, 0, 0, 0, 0, 0, 0, 0, 0, 0, 0, 0, 0, 0, 0, 0, 0, 0, 0, 0, 0, 0, 0, 0, 0, 0, 0, 0, 0, 0, 0, 0, 0, 0, 0, 0, 0, 0, 0, 0, 0, 0, 0, 0, 0, 0, 0, 0, 0, 0, 0, 0, 0, 0, 0, 0, 0, 0, 0, 0, 0, 0, 0, 0]}",100663296,0,{},100663296,65536,24576,"Sum of unpadded per-expert GEMMs; each visited expert weight read once per layer, not once per token."
4,expert_up_proj,linear,"{""input_per_expert"": [""n_e"", 4096], ""weight_storage_each"": [1536, 4096], ""output_per_expert"": [""n_e"", 1536], ""nonempty_experts"": 8, ""tokens_per_expert"": [1, 1, 1, 1, 1, 1, 1, 1, 0, 0, 0, 0, 0, 0, 0, 0, 0, 0, 0, 0, 0, 0, 0, 0, 0, 0, 0, 0, 0, 0, 0, 0, 0, 0, 0, 0, 0, 0, 0, 0, 0, 0, 0, 0, 0, 0, 0, 0, 0, 0, 0, 0, 0, 0, 0, 0, 0, 0, 0, 0, 0, 0, 0, 0, 0, 0, 0, 0, 0, 0, 0, 0, 0, 0, 0, 0, 0, 0, 0, 0, 0, 0, 0, 0, 0, 0, 0, 0, 0, 0, 0, 0, 0, 0, 0, 0, 0, 0, 0, 0, 0, 0, 0, 0, 0, 0, 0, 0, 0, 0, 0, 0, 0, 0, 0, 0, 0, 0, 0, 0, 0, 0, 0, 0, 0, 0, 0, 0]}",100663296,0,{},100663296,65536,24576,"Sum of unpadded per-expert GEMMs; each visited expert weight read once per layer, not once per token."
4,expert_silu_mul,activation,"{""gate_and_up_each"": [8, 1536]}",0,49152,"{""exp"": 12288, ""negate"": 12288}",0,49152,24576,
4,expert_down_proj,linear,"{""input_per_expert"": [""n_e"", 1536], ""weight_storage_each"": [4096, 1536], ""output_per_expert"": [""n_e"", 4096], ""nonempty_experts"": 8, ""tokens_per_expert"": [1, 1, 1, 1, 1, 1, 1, 1, 0, 0, 0, 0, 0, 0, 0, 0, 0, 0, 0, 0, 0, 0, 0, 0, 0, 0, 0, 0, 0, 0, 0, 0, 0, 0, 0, 0, 0, 0, 0, 0, 0, 0, 0, 0, 0, 0, 0, 0, 0, 0, 0, 0, 0, 0, 0, 0, 0, 0, 0, 0, 0, 0, 0, 0, 0, 0, 0, 0, 0, 0, 0, 0, 0, 0, 0, 0, 0, 0, 0, 0, 0, 0, 0, 0, 0, 0, 0, 0, 0, 0, 0, 0, 0, 0, 0, 0, 0, 0, 0, 0, 0, 0, 0, 0, 0, 0, 0, 0, 0, 0, 0, 0, 0, 0, 0, 0, 0, 0, 0, 0, 0, 0, 0, 0, 0, 0, 0, 0]}",100663296,0,{},100663296,24576,65536,Unpadded per-expert GEMMs; empty experts have zero arithmetic and no weight payload.
4,expert_probability_multiply,routing,"{""expert_outputs"": [8, 4096], ""routing_weights"": [8]}",0,32768,{},0,65680,65536,Probability broadcast reuses one value per assignment; int64 token/slot indices included.
4,expert_output_zero,routing,"{""output"": [1, 4096]}",0,0,{},0,0,8192,Reference initializes final_hidden_states to zero.
4,expert_index_add,routing,"{""weighted_outputs"": [8, 4096], ""combined_output"": [1, 4096]}",0,32768,{},0,131136,65536,"Reference index_add includes the first add into zero; destination read/update per assignment is logical payload, not measured HBM."
4,ffn_residual,residual,"{""inputs_each"": [1, 4096], ""output"": [1, 4096]}",0,4096,{},0,16384,8192,
5,input_layernorm,normalization,"{""input"": [1, 4096], ""weight"": [4096], ""output"": [1, 4096]}",0,16385,"{""rsqrt"": 1}",8192,8192,8192,按 FP32 行内归约的代数计数；rsqrt、类型转换与临时 FP32 张量分列／不推断 HBM spill。
5,q_proj,linear,"{""input"": [1, 4096], ""weight_math"": [4096, 8192], ""weight_storage"": [8192, 4096], ""output"": [1, 8192]}",67108864,0,{},67108864,8192,16384,独立 GEMM：权重与输入各读一次、输出写一次的操作数载荷；不预测 tile 重读。
5,k_proj,linear,"{""input"": [1, 4096], ""weight_math"": [4096, 512], ""weight_storage"": [512, 4096], ""output"": [1, 512]}",4194304,0,{},4194304,8192,1024,独立 GEMM：权重与输入各读一次、输出写一次的操作数载荷；不预测 tile 重读。
5,v_proj,linear,"{""input"": [1, 4096], ""weight_math"": [4096, 512], ""weight_storage"": [512, 4096], ""output"": [1, 512]}",4194304,0,{},4194304,8192,1024,独立 GEMM：权重与输入各读一次、输出写一次的操作数载荷；不预测 tile 重读。
5,q_norm,normalization,"{""input"": [64, 128], ""weight"": [128], ""output"": [64, 128]}",0,32832,"{""rsqrt"": 64}",256,16384,16384,按 FP32 行内归约的代数计数；rsqrt、类型转换与临时 FP32 张量分列／不推断 HBM spill。
5,k_norm,normalization,"{""input"": [4, 128], ""weight"": [128], ""output"": [4, 128]}",0,2052,"{""rsqrt"": 4}",256,1024,1024,按 FP32 行内归约的代数计数；rsqrt、类型转换与临时 FP32 张量分列／不推断 HBM spill。
5,apply_rope,position,"{""Q"": [1, 64, 1, 128], ""K"": [1, 4, 1, 128]}",0,26112,"{""negate"": 4352}",0,17920,17408,2 multiply + 1 add/元素，rotate_half 符号翻转分列；表按批／头理想复用。
5,kv_append,state,"{""new_K_and_V_each"": [1, 4, 1, 128]}",0,0,{},0,2048,2048,原位／分页 append 载荷；不假定动态 torch.cat 对旧缓存整段复制。
5,qk,attention,"{""Q"": [1, 64, 1, 128], ""K_shared"": [1, 4, 8193, 128], ""scores_rectangular"": [1, 64, 1, 8193]}",134234112,0,{},0,8406016,2097408,FLOPs 仅有效因果位置；载荷是假定 Q/K 各读一次、GQA 头共享，完整分数矩阵物化。
5,score_scale_mask_softmax,softmax,"{""scores"": [1, 64, 1, 8193]}",0,2097344,"{""exp"": 524352, ""compare_max"": 524288, ""mask_decisions"": 524352}",0,2097408,2097408,选择的融合 scale/mask/softmax 代数工作；屏蔽点不计 exp。物化 FP32 默认概率；非具体 eager trace。
5,pv,attention,"{""P"": [1, 64, 1, 8193], ""V_shared"": [1, 4, 8193, 128], ""output"": [1, 64, 1, 128]}",134234112,0,{},0,10487040,16384,PV/AV：各 Q 头仍计算；V 容量不乘 GQA 复制数。载荷假定 V 在头／查询之间理想复用。
5,o_proj,linear,"{""input"": [1, 8192], ""weight_math"": [8192, 4096], ""weight_storage"": [4096, 8192], ""output"": [1, 4096]}",67108864,0,{},67108864,16384,8192,独立 GEMM：权重与输入各读一次、输出写一次的操作数载荷；不预测 tile 重读。
5,attention_residual,residual,"{""inputs_each"": [1, 4096], ""output"": [1, 4096]}",0,4096,{},0,16384,8192,
5,post_attention_layernorm,normalization,"{""input"": [1, 4096], ""weight"": [4096], ""output"": [1, 4096]}",0,16385,"{""rsqrt"": 1}",8192,8192,8192,按 FP32 行内归约的代数计数；rsqrt、类型转换与临时 FP32 张量分列／不推断 HBM spill。
5,router,linear,"{""input"": [1, 4096], ""weight_math"": [4096, 128], ""weight_storage"": [128, 4096], ""output"": [1, 128]}",1048576,0,{},1048576,8192,256,独立 GEMM：权重与输入各读一次、输出写一次的操作数载荷；不预测 tile 重读。
5,router_softmax,routing,"{""input"": [1, 128], ""probabilities_fp32"": [1, 128]}",0,383,"{""exp"": 128, ""compare_max"": 127}",0,256,512,"FP32 softmax: subtract max, exp, reduction, divide; casts are not FLOPs."
5,router_topk,routing,"{""input_fp32"": [1, 128], ""values_fp32"": [1, 8], ""indices_int64"": [1, 8]}",0,0,"{""topk_rows"": 1, ""topk_candidates"": 128}",0,512,96,Top-k is an explicit selection primitive; candidate counts are not comparisons or FLOPs. Backend selection algorithm is unspecified.
5,router_renormalize_cast,routing,"{""selected_probabilities"": [1, 8]}",0,15,{},0,32,16,"Selected probabilities are renormalized if norm_topk_prob, then cast to activation dtype; row reduction assumed on-chip."
5,routing_one_hot,routing_metadata,"{""selected_int64"": [1, 8], ""mask_int64"": [1, 8, 128]}",0,0,"{""one_hot_entries"": 1024}",0,64,8192,Pinned HF reference materializes one_hot int64; this large routing mask is not assumed in optimized dispatch.
5,routing_where,routing_metadata,"{""mask_int64"": [128, 8, 1], ""top_x_and_slot_each"": [8]}",0,0,"{""integer_nonzero_tests"": 1024}",0,8192,128,Scan each expert mask; two int64 coordinates per assignment. Permute is a view.
5,expert_gather,routing,"{""source"": [1, 4096], ""gathered_rows"": [8, 4096]}",0,0,{},0,65600,65536,Logical gathers summed over experts; n_e and each concrete GEMM shape are in expert_matrices.
5,expert_gate_proj,linear,"{""input_per_expert"": [""n_e"", 4096], ""weight_storage_each"": [1536, 4096], ""output_per_expert"": [""n_e"", 1536], ""nonempty_experts"": 8, ""tokens_per_expert"": [1, 1, 1, 1, 1, 1, 1, 1, 0, 0, 0, 0, 0, 0, 0, 0, 0, 0, 0, 0, 0, 0, 0, 0, 0, 0, 0, 0, 0, 0, 0, 0, 0, 0, 0, 0, 0, 0, 0, 0, 0, 0, 0, 0, 0, 0, 0, 0, 0, 0, 0, 0, 0, 0, 0, 0, 0, 0, 0, 0, 0, 0, 0, 0, 0, 0, 0, 0, 0, 0, 0, 0, 0, 0, 0, 0, 0, 0, 0, 0, 0, 0, 0, 0, 0, 0, 0, 0, 0, 0, 0, 0, 0, 0, 0, 0, 0, 0, 0, 0, 0, 0, 0, 0, 0, 0, 0, 0, 0, 0, 0, 0, 0, 0, 0, 0, 0, 0, 0, 0, 0, 0, 0, 0, 0, 0, 0, 0]}",100663296,0,{},100663296,65536,24576,"Sum of unpadded per-expert GEMMs; each visited expert weight read once per layer, not once per token."
5,expert_up_proj,linear,"{""input_per_expert"": [""n_e"", 4096], ""weight_storage_each"": [1536, 4096], ""output_per_expert"": [""n_e"", 1536], ""nonempty_experts"": 8, ""tokens_per_expert"": [1, 1, 1, 1, 1, 1, 1, 1, 0, 0, 0, 0, 0, 0, 0, 0, 0, 0, 0, 0, 0, 0, 0, 0, 0, 0, 0, 0, 0, 0, 0, 0, 0, 0, 0, 0, 0, 0, 0, 0, 0, 0, 0, 0, 0, 0, 0, 0, 0, 0, 0, 0, 0, 0, 0, 0, 0, 0, 0, 0, 0, 0, 0, 0, 0, 0, 0, 0, 0, 0, 0, 0, 0, 0, 0, 0, 0, 0, 0, 0, 0, 0, 0, 0, 0, 0, 0, 0, 0, 0, 0, 0, 0, 0, 0, 0, 0, 0, 0, 0, 0, 0, 0, 0, 0, 0, 0, 0, 0, 0, 0, 0, 0, 0, 0, 0, 0, 0, 0, 0, 0, 0, 0, 0, 0, 0, 0, 0]}",100663296,0,{},100663296,65536,24576,"Sum of unpadded per-expert GEMMs; each visited expert weight read once per layer, not once per token."
5,expert_silu_mul,activation,"{""gate_and_up_each"": [8, 1536]}",0,49152,"{""exp"": 12288, ""negate"": 12288}",0,49152,24576,
5,expert_down_proj,linear,"{""input_per_expert"": [""n_e"", 1536], ""weight_storage_each"": [4096, 1536], ""output_per_expert"": [""n_e"", 4096], ""nonempty_experts"": 8, ""tokens_per_expert"": [1, 1, 1, 1, 1, 1, 1, 1, 0, 0, 0, 0, 0, 0, 0, 0, 0, 0, 0, 0, 0, 0, 0, 0, 0, 0, 0, 0, 0, 0, 0, 0, 0, 0, 0, 0, 0, 0, 0, 0, 0, 0, 0, 0, 0, 0, 0, 0, 0, 0, 0, 0, 0, 0, 0, 0, 0, 0, 0, 0, 0, 0, 0, 0, 0, 0, 0, 0, 0, 0, 0, 0, 0, 0, 0, 0, 0, 0, 0, 0, 0, 0, 0, 0, 0, 0, 0, 0, 0, 0, 0, 0, 0, 0, 0, 0, 0, 0, 0, 0, 0, 0, 0, 0, 0, 0, 0, 0, 0, 0, 0, 0, 0, 0, 0, 0, 0, 0, 0, 0, 0, 0, 0, 0, 0, 0, 0, 0]}",100663296,0,{},100663296,24576,65536,Unpadded per-expert GEMMs; empty experts have zero arithmetic and no weight payload.
5,expert_probability_multiply,routing,"{""expert_outputs"": [8, 4096], ""routing_weights"": [8]}",0,32768,{},0,65680,65536,Probability broadcast reuses one value per assignment; int64 token/slot indices included.
5,expert_output_zero,routing,"{""output"": [1, 4096]}",0,0,{},0,0,8192,Reference initializes final_hidden_states to zero.
5,expert_index_add,routing,"{""weighted_outputs"": [8, 4096], ""combined_output"": [1, 4096]}",0,32768,{},0,131136,65536,"Reference index_add includes the first add into zero; destination read/update per assignment is logical payload, not measured HBM."
5,ffn_residual,residual,"{""inputs_each"": [1, 4096], ""output"": [1, 4096]}",0,4096,{},0,16384,8192,
6,input_layernorm,normalization,"{""input"": [1, 4096], ""weight"": [4096], ""output"": [1, 4096]}",0,16385,"{""rsqrt"": 1}",8192,8192,8192,按 FP32 行内归约的代数计数；rsqrt、类型转换与临时 FP32 张量分列／不推断 HBM spill。
6,q_proj,linear,"{""input"": [1, 4096], ""weight_math"": [4096, 8192], ""weight_storage"": [8192, 4096], ""output"": [1, 8192]}",67108864,0,{},67108864,8192,16384,独立 GEMM：权重与输入各读一次、输出写一次的操作数载荷；不预测 tile 重读。
6,k_proj,linear,"{""input"": [1, 4096], ""weight_math"": [4096, 512], ""weight_storage"": [512, 4096], ""output"": [1, 512]}",4194304,0,{},4194304,8192,1024,独立 GEMM：权重与输入各读一次、输出写一次的操作数载荷；不预测 tile 重读。
6,v_proj,linear,"{""input"": [1, 4096], ""weight_math"": [4096, 512], ""weight_storage"": [512, 4096], ""output"": [1, 512]}",4194304,0,{},4194304,8192,1024,独立 GEMM：权重与输入各读一次、输出写一次的操作数载荷；不预测 tile 重读。
6,q_norm,normalization,"{""input"": [64, 128], ""weight"": [128], ""output"": [64, 128]}",0,32832,"{""rsqrt"": 64}",256,16384,16384,按 FP32 行内归约的代数计数；rsqrt、类型转换与临时 FP32 张量分列／不推断 HBM spill。
6,k_norm,normalization,"{""input"": [4, 128], ""weight"": [128], ""output"": [4, 128]}",0,2052,"{""rsqrt"": 4}",256,1024,1024,按 FP32 行内归约的代数计数；rsqrt、类型转换与临时 FP32 张量分列／不推断 HBM spill。
6,apply_rope,position,"{""Q"": [1, 64, 1, 128], ""K"": [1, 4, 1, 128]}",0,26112,"{""negate"": 4352}",0,17920,17408,2 multiply + 1 add/元素，rotate_half 符号翻转分列；表按批／头理想复用。
6,kv_append,state,"{""new_K_and_V_each"": [1, 4, 1, 128]}",0,0,{},0,2048,2048,原位／分页 append 载荷；不假定动态 torch.cat 对旧缓存整段复制。
6,qk,attention,"{""Q"": [1, 64, 1, 128], ""K_shared"": [1, 4, 8193, 128], ""scores_rectangular"": [1, 64, 1, 8193]}",134234112,0,{},0,8406016,2097408,FLOPs 仅有效因果位置；载荷是假定 Q/K 各读一次、GQA 头共享，完整分数矩阵物化。
6,score_scale_mask_softmax,softmax,"{""scores"": [1, 64, 1, 8193]}",0,2097344,"{""exp"": 524352, ""compare_max"": 524288, ""mask_decisions"": 524352}",0,2097408,2097408,选择的融合 scale/mask/softmax 代数工作；屏蔽点不计 exp。物化 FP32 默认概率；非具体 eager trace。
6,pv,attention,"{""P"": [1, 64, 1, 8193], ""V_shared"": [1, 4, 8193, 128], ""output"": [1, 64, 1, 128]}",134234112,0,{},0,10487040,16384,PV/AV：各 Q 头仍计算；V 容量不乘 GQA 复制数。载荷假定 V 在头／查询之间理想复用。
6,o_proj,linear,"{""input"": [1, 8192], ""weight_math"": [8192, 4096], ""weight_storage"": [4096, 8192], ""output"": [1, 4096]}",67108864,0,{},67108864,16384,8192,独立 GEMM：权重与输入各读一次、输出写一次的操作数载荷；不预测 tile 重读。
6,attention_residual,residual,"{""inputs_each"": [1, 4096], ""output"": [1, 4096]}",0,4096,{},0,16384,8192,
6,post_attention_layernorm,normalization,"{""input"": [1, 4096], ""weight"": [4096], ""output"": [1, 4096]}",0,16385,"{""rsqrt"": 1}",8192,8192,8192,按 FP32 行内归约的代数计数；rsqrt、类型转换与临时 FP32 张量分列／不推断 HBM spill。
6,router,linear,"{""input"": [1, 4096], ""weight_math"": [4096, 128], ""weight_storage"": [128, 4096], ""output"": [1, 128]}",1048576,0,{},1048576,8192,256,独立 GEMM：权重与输入各读一次、输出写一次的操作数载荷；不预测 tile 重读。
6,router_softmax,routing,"{""input"": [1, 128], ""probabilities_fp32"": [1, 128]}",0,383,"{""exp"": 128, ""compare_max"": 127}",0,256,512,"FP32 softmax: subtract max, exp, reduction, divide; casts are not FLOPs."
6,router_topk,routing,"{""input_fp32"": [1, 128], ""values_fp32"": [1, 8], ""indices_int64"": [1, 8]}",0,0,"{""topk_rows"": 1, ""topk_candidates"": 128}",0,512,96,Top-k is an explicit selection primitive; candidate counts are not comparisons or FLOPs. Backend selection algorithm is unspecified.
6,router_renormalize_cast,routing,"{""selected_probabilities"": [1, 8]}",0,15,{},0,32,16,"Selected probabilities are renormalized if norm_topk_prob, then cast to activation dtype; row reduction assumed on-chip."
6,routing_one_hot,routing_metadata,"{""selected_int64"": [1, 8], ""mask_int64"": [1, 8, 128]}",0,0,"{""one_hot_entries"": 1024}",0,64,8192,Pinned HF reference materializes one_hot int64; this large routing mask is not assumed in optimized dispatch.
6,routing_where,routing_metadata,"{""mask_int64"": [128, 8, 1], ""top_x_and_slot_each"": [8]}",0,0,"{""integer_nonzero_tests"": 1024}",0,8192,128,Scan each expert mask; two int64 coordinates per assignment. Permute is a view.
6,expert_gather,routing,"{""source"": [1, 4096], ""gathered_rows"": [8, 4096]}",0,0,{},0,65600,65536,Logical gathers summed over experts; n_e and each concrete GEMM shape are in expert_matrices.
6,expert_gate_proj,linear,"{""input_per_expert"": [""n_e"", 4096], ""weight_storage_each"": [1536, 4096], ""output_per_expert"": [""n_e"", 1536], ""nonempty_experts"": 8, ""tokens_per_expert"": [1, 1, 1, 1, 1, 1, 1, 1, 0, 0, 0, 0, 0, 0, 0, 0, 0, 0, 0, 0, 0, 0, 0, 0, 0, 0, 0, 0, 0, 0, 0, 0, 0, 0, 0, 0, 0, 0, 0, 0, 0, 0, 0, 0, 0, 0, 0, 0, 0, 0, 0, 0, 0, 0, 0, 0, 0, 0, 0, 0, 0, 0, 0, 0, 0, 0, 0, 0, 0, 0, 0, 0, 0, 0, 0, 0, 0, 0, 0, 0, 0, 0, 0, 0, 0, 0, 0, 0, 0, 0, 0, 0, 0, 0, 0, 0, 0, 0, 0, 0, 0, 0, 0, 0, 0, 0, 0, 0, 0, 0, 0, 0, 0, 0, 0, 0, 0, 0, 0, 0, 0, 0, 0, 0, 0, 0, 0, 0]}",100663296,0,{},100663296,65536,24576,"Sum of unpadded per-expert GEMMs; each visited expert weight read once per layer, not once per token."
6,expert_up_proj,linear,"{""input_per_expert"": [""n_e"", 4096], ""weight_storage_each"": [1536, 4096], ""output_per_expert"": [""n_e"", 1536], ""nonempty_experts"": 8, ""tokens_per_expert"": [1, 1, 1, 1, 1, 1, 1, 1, 0, 0, 0, 0, 0, 0, 0, 0, 0, 0, 0, 0, 0, 0, 0, 0, 0, 0, 0, 0, 0, 0, 0, 0, 0, 0, 0, 0, 0, 0, 0, 0, 0, 0, 0, 0, 0, 0, 0, 0, 0, 0, 0, 0, 0, 0, 0, 0, 0, 0, 0, 0, 0, 0, 0, 0, 0, 0, 0, 0, 0, 0, 0, 0, 0, 0, 0, 0, 0, 0, 0, 0, 0, 0, 0, 0, 0, 0, 0, 0, 0, 0, 0, 0, 0, 0, 0, 0, 0, 0, 0, 0, 0, 0, 0, 0, 0, 0, 0, 0, 0, 0, 0, 0, 0, 0, 0, 0, 0, 0, 0, 0, 0, 0, 0, 0, 0, 0, 0, 0]}",100663296,0,{},100663296,65536,24576,"Sum of unpadded per-expert GEMMs; each visited expert weight read once per layer, not once per token."
6,expert_silu_mul,activation,"{""gate_and_up_each"": [8, 1536]}",0,49152,"{""exp"": 12288, ""negate"": 12288}",0,49152,24576,
6,expert_down_proj,linear,"{""input_per_expert"": [""n_e"", 1536], ""weight_storage_each"": [4096, 1536], ""output_per_expert"": [""n_e"", 4096], ""nonempty_experts"": 8, ""tokens_per_expert"": [1, 1, 1, 1, 1, 1, 1, 1, 0, 0, 0, 0, 0, 0, 0, 0, 0, 0, 0, 0, 0, 0, 0, 0, 0, 0, 0, 0, 0, 0, 0, 0, 0, 0, 0, 0, 0, 0, 0, 0, 0, 0, 0, 0, 0, 0, 0, 0, 0, 0, 0, 0, 0, 0, 0, 0, 0, 0, 0, 0, 0, 0, 0, 0, 0, 0, 0, 0, 0, 0, 0, 0, 0, 0, 0, 0, 0, 0, 0, 0, 0, 0, 0, 0, 0, 0, 0, 0, 0, 0, 0, 0, 0, 0, 0, 0, 0, 0, 0, 0, 0, 0, 0, 0, 0, 0, 0, 0, 0, 0, 0, 0, 0, 0, 0, 0, 0, 0, 0, 0, 0, 0, 0, 0, 0, 0, 0, 0]}",100663296,0,{},100663296,24576,65536,Unpadded per-expert GEMMs; empty experts have zero arithmetic and no weight payload.
6,expert_probability_multiply,routing,"{""expert_outputs"": [8, 4096], ""routing_weights"": [8]}",0,32768,{},0,65680,65536,Probability broadcast reuses one value per assignment; int64 token/slot indices included.
6,expert_output_zero,routing,"{""output"": [1, 4096]}",0,0,{},0,0,8192,Reference initializes final_hidden_states to zero.
6,expert_index_add,routing,"{""weighted_outputs"": [8, 4096], ""combined_output"": [1, 4096]}",0,32768,{},0,131136,65536,"Reference index_add includes the first add into zero; destination read/update per assignment is logical payload, not measured HBM."
6,ffn_residual,residual,"{""inputs_each"": [1, 4096], ""output"": [1, 4096]}",0,4096,{},0,16384,8192,
7,input_layernorm,normalization,"{""input"": [1, 4096], ""weight"": [4096], ""output"": [1, 4096]}",0,16385,"{""rsqrt"": 1}",8192,8192,8192,按 FP32 行内归约的代数计数；rsqrt、类型转换与临时 FP32 张量分列／不推断 HBM spill。
7,q_proj,linear,"{""input"": [1, 4096], ""weight_math"": [4096, 8192], ""weight_storage"": [8192, 4096], ""output"": [1, 8192]}",67108864,0,{},67108864,8192,16384,独立 GEMM：权重与输入各读一次、输出写一次的操作数载荷；不预测 tile 重读。
7,k_proj,linear,"{""input"": [1, 4096], ""weight_math"": [4096, 512], ""weight_storage"": [512, 4096], ""output"": [1, 512]}",4194304,0,{},4194304,8192,1024,独立 GEMM：权重与输入各读一次、输出写一次的操作数载荷；不预测 tile 重读。
7,v_proj,linear,"{""input"": [1, 4096], ""weight_math"": [4096, 512], ""weight_storage"": [512, 4096], ""output"": [1, 512]}",4194304,0,{},4194304,8192,1024,独立 GEMM：权重与输入各读一次、输出写一次的操作数载荷；不预测 tile 重读。
7,q_norm,normalization,"{""input"": [64, 128], ""weight"": [128], ""output"": [64, 128]}",0,32832,"{""rsqrt"": 64}",256,16384,16384,按 FP32 行内归约的代数计数；rsqrt、类型转换与临时 FP32 张量分列／不推断 HBM spill。
7,k_norm,normalization,"{""input"": [4, 128], ""weight"": [128], ""output"": [4, 128]}",0,2052,"{""rsqrt"": 4}",256,1024,1024,按 FP32 行内归约的代数计数；rsqrt、类型转换与临时 FP32 张量分列／不推断 HBM spill。
7,apply_rope,position,"{""Q"": [1, 64, 1, 128], ""K"": [1, 4, 1, 128]}",0,26112,"{""negate"": 4352}",0,17920,17408,2 multiply + 1 add/元素，rotate_half 符号翻转分列；表按批／头理想复用。
7,kv_append,state,"{""new_K_and_V_each"": [1, 4, 1, 128]}",0,0,{},0,2048,2048,原位／分页 append 载荷；不假定动态 torch.cat 对旧缓存整段复制。
7,qk,attention,"{""Q"": [1, 64, 1, 128], ""K_shared"": [1, 4, 8193, 128], ""scores_rectangular"": [1, 64, 1, 8193]}",134234112,0,{},0,8406016,2097408,FLOPs 仅有效因果位置；载荷是假定 Q/K 各读一次、GQA 头共享，完整分数矩阵物化。
7,score_scale_mask_softmax,softmax,"{""scores"": [1, 64, 1, 8193]}",0,2097344,"{""exp"": 524352, ""compare_max"": 524288, ""mask_decisions"": 524352}",0,2097408,2097408,选择的融合 scale/mask/softmax 代数工作；屏蔽点不计 exp。物化 FP32 默认概率；非具体 eager trace。
7,pv,attention,"{""P"": [1, 64, 1, 8193], ""V_shared"": [1, 4, 8193, 128], ""output"": [1, 64, 1, 128]}",134234112,0,{},0,10487040,16384,PV/AV：各 Q 头仍计算；V 容量不乘 GQA 复制数。载荷假定 V 在头／查询之间理想复用。
7,o_proj,linear,"{""input"": [1, 8192], ""weight_math"": [8192, 4096], ""weight_storage"": [4096, 8192], ""output"": [1, 4096]}",67108864,0,{},67108864,16384,8192,独立 GEMM：权重与输入各读一次、输出写一次的操作数载荷；不预测 tile 重读。
7,attention_residual,residual,"{""inputs_each"": [1, 4096], ""output"": [1, 4096]}",0,4096,{},0,16384,8192,
7,post_attention_layernorm,normalization,"{""input"": [1, 4096], ""weight"": [4096], ""output"": [1, 4096]}",0,16385,"{""rsqrt"": 1}",8192,8192,8192,按 FP32 行内归约的代数计数；rsqrt、类型转换与临时 FP32 张量分列／不推断 HBM spill。
7,router,linear,"{""input"": [1, 4096], ""weight_math"": [4096, 128], ""weight_storage"": [128, 4096], ""output"": [1, 128]}",1048576,0,{},1048576,8192,256,独立 GEMM：权重与输入各读一次、输出写一次的操作数载荷；不预测 tile 重读。
7,router_softmax,routing,"{""input"": [1, 128], ""probabilities_fp32"": [1, 128]}",0,383,"{""exp"": 128, ""compare_max"": 127}",0,256,512,"FP32 softmax: subtract max, exp, reduction, divide; casts are not FLOPs."
7,router_topk,routing,"{""input_fp32"": [1, 128], ""values_fp32"": [1, 8], ""indices_int64"": [1, 8]}",0,0,"{""topk_rows"": 1, ""topk_candidates"": 128}",0,512,96,Top-k is an explicit selection primitive; candidate counts are not comparisons or FLOPs. Backend selection algorithm is unspecified.
7,router_renormalize_cast,routing,"{""selected_probabilities"": [1, 8]}",0,15,{},0,32,16,"Selected probabilities are renormalized if norm_topk_prob, then cast to activation dtype; row reduction assumed on-chip."
7,routing_one_hot,routing_metadata,"{""selected_int64"": [1, 8], ""mask_int64"": [1, 8, 128]}",0,0,"{""one_hot_entries"": 1024}",0,64,8192,Pinned HF reference materializes one_hot int64; this large routing mask is not assumed in optimized dispatch.
7,routing_where,routing_metadata,"{""mask_int64"": [128, 8, 1], ""top_x_and_slot_each"": [8]}",0,0,"{""integer_nonzero_tests"": 1024}",0,8192,128,Scan each expert mask; two int64 coordinates per assignment. Permute is a view.
7,expert_gather,routing,"{""source"": [1, 4096], ""gathered_rows"": [8, 4096]}",0,0,{},0,65600,65536,Logical gathers summed over experts; n_e and each concrete GEMM shape are in expert_matrices.
7,expert_gate_proj,linear,"{""input_per_expert"": [""n_e"", 4096], ""weight_storage_each"": [1536, 4096], ""output_per_expert"": [""n_e"", 1536], ""nonempty_experts"": 8, ""tokens_per_expert"": [1, 1, 1, 1, 1, 1, 1, 1, 0, 0, 0, 0, 0, 0, 0, 0, 0, 0, 0, 0, 0, 0, 0, 0, 0, 0, 0, 0, 0, 0, 0, 0, 0, 0, 0, 0, 0, 0, 0, 0, 0, 0, 0, 0, 0, 0, 0, 0, 0, 0, 0, 0, 0, 0, 0, 0, 0, 0, 0, 0, 0, 0, 0, 0, 0, 0, 0, 0, 0, 0, 0, 0, 0, 0, 0, 0, 0, 0, 0, 0, 0, 0, 0, 0, 0, 0, 0, 0, 0, 0, 0, 0, 0, 0, 0, 0, 0, 0, 0, 0, 0, 0, 0, 0, 0, 0, 0, 0, 0, 0, 0, 0, 0, 0, 0, 0, 0, 0, 0, 0, 0, 0, 0, 0, 0, 0, 0, 0]}",100663296,0,{},100663296,65536,24576,"Sum of unpadded per-expert GEMMs; each visited expert weight read once per layer, not once per token."
7,expert_up_proj,linear,"{""input_per_expert"": [""n_e"", 4096], ""weight_storage_each"": [1536, 4096], ""output_per_expert"": [""n_e"", 1536], ""nonempty_experts"": 8, ""tokens_per_expert"": [1, 1, 1, 1, 1, 1, 1, 1, 0, 0, 0, 0, 0, 0, 0, 0, 0, 0, 0, 0, 0, 0, 0, 0, 0, 0, 0, 0, 0, 0, 0, 0, 0, 0, 0, 0, 0, 0, 0, 0, 0, 0, 0, 0, 0, 0, 0, 0, 0, 0, 0, 0, 0, 0, 0, 0, 0, 0, 0, 0, 0, 0, 0, 0, 0, 0, 0, 0, 0, 0, 0, 0, 0, 0, 0, 0, 0, 0, 0, 0, 0, 0, 0, 0, 0, 0, 0, 0, 0, 0, 0, 0, 0, 0, 0, 0, 0, 0, 0, 0, 0, 0, 0, 0, 0, 0, 0, 0, 0, 0, 0, 0, 0, 0, 0, 0, 0, 0, 0, 0, 0, 0, 0, 0, 0, 0, 0, 0]}",100663296,0,{},100663296,65536,24576,"Sum of unpadded per-expert GEMMs; each visited expert weight read once per layer, not once per token."
7,expert_silu_mul,activation,"{""gate_and_up_each"": [8, 1536]}",0,49152,"{""exp"": 12288, ""negate"": 12288}",0,49152,24576,
7,expert_down_proj,linear,"{""input_per_expert"": [""n_e"", 1536], ""weight_storage_each"": [4096, 1536], ""output_per_expert"": [""n_e"", 4096], ""nonempty_experts"": 8, ""tokens_per_expert"": [1, 1, 1, 1, 1, 1, 1, 1, 0, 0, 0, 0, 0, 0, 0, 0, 0, 0, 0, 0, 0, 0, 0, 0, 0, 0, 0, 0, 0, 0, 0, 0, 0, 0, 0, 0, 0, 0, 0, 0, 0, 0, 0, 0, 0, 0, 0, 0, 0, 0, 0, 0, 0, 0, 0, 0, 0, 0, 0, 0, 0, 0, 0, 0, 0, 0, 0, 0, 0, 0, 0, 0, 0, 0, 0, 0, 0, 0, 0, 0, 0, 0, 0, 0, 0, 0, 0, 0, 0, 0, 0, 0, 0, 0, 0, 0, 0, 0, 0, 0, 0, 0, 0, 0, 0, 0, 0, 0, 0, 0, 0, 0, 0, 0, 0, 0, 0, 0, 0, 0, 0, 0, 0, 0, 0, 0, 0, 0]}",100663296,0,{},100663296,24576,65536,Unpadded per-expert GEMMs; empty experts have zero arithmetic and no weight payload.
7,expert_probability_multiply,routing,"{""expert_outputs"": [8, 4096], ""routing_weights"": [8]}",0,32768,{},0,65680,65536,Probability broadcast reuses one value per assignment; int64 token/slot indices included.
7,expert_output_zero,routing,"{""output"": [1, 4096]}",0,0,{},0,0,8192,Reference initializes final_hidden_states to zero.
7,expert_index_add,routing,"{""weighted_outputs"": [8, 4096], ""combined_output"": [1, 4096]}",0,32768,{},0,131136,65536,"Reference index_add includes the first add into zero; destination read/update per assignment is logical payload, not measured HBM."
7,ffn_residual,residual,"{""inputs_each"": [1, 4096], ""output"": [1, 4096]}",0,4096,{},0,16384,8192,
8,input_layernorm,normalization,"{""input"": [1, 4096], ""weight"": [4096], ""output"": [1, 4096]}",0,16385,"{""rsqrt"": 1}",8192,8192,8192,按 FP32 行内归约的代数计数；rsqrt、类型转换与临时 FP32 张量分列／不推断 HBM spill。
8,q_proj,linear,"{""input"": [1, 4096], ""weight_math"": [4096, 8192], ""weight_storage"": [8192, 4096], ""output"": [1, 8192]}",67108864,0,{},67108864,8192,16384,独立 GEMM：权重与输入各读一次、输出写一次的操作数载荷；不预测 tile 重读。
8,k_proj,linear,"{""input"": [1, 4096], ""weight_math"": [4096, 512], ""weight_storage"": [512, 4096], ""output"": [1, 512]}",4194304,0,{},4194304,8192,1024,独立 GEMM：权重与输入各读一次、输出写一次的操作数载荷；不预测 tile 重读。
8,v_proj,linear,"{""input"": [1, 4096], ""weight_math"": [4096, 512], ""weight_storage"": [512, 4096], ""output"": [1, 512]}",4194304,0,{},4194304,8192,1024,独立 GEMM：权重与输入各读一次、输出写一次的操作数载荷；不预测 tile 重读。
8,q_norm,normalization,"{""input"": [64, 128], ""weight"": [128], ""output"": [64, 128]}",0,32832,"{""rsqrt"": 64}",256,16384,16384,按 FP32 行内归约的代数计数；rsqrt、类型转换与临时 FP32 张量分列／不推断 HBM spill。
8,k_norm,normalization,"{""input"": [4, 128], ""weight"": [128], ""output"": [4, 128]}",0,2052,"{""rsqrt"": 4}",256,1024,1024,按 FP32 行内归约的代数计数；rsqrt、类型转换与临时 FP32 张量分列／不推断 HBM spill。
8,apply_rope,position,"{""Q"": [1, 64, 1, 128], ""K"": [1, 4, 1, 128]}",0,26112,"{""negate"": 4352}",0,17920,17408,2 multiply + 1 add/元素，rotate_half 符号翻转分列；表按批／头理想复用。
8,kv_append,state,"{""new_K_and_V_each"": [1, 4, 1, 128]}",0,0,{},0,2048,2048,原位／分页 append 载荷；不假定动态 torch.cat 对旧缓存整段复制。
8,qk,attention,"{""Q"": [1, 64, 1, 128], ""K_shared"": [1, 4, 8193, 128], ""scores_rectangular"": [1, 64, 1, 8193]}",134234112,0,{},0,8406016,2097408,FLOPs 仅有效因果位置；载荷是假定 Q/K 各读一次、GQA 头共享，完整分数矩阵物化。
8,score_scale_mask_softmax,softmax,"{""scores"": [1, 64, 1, 8193]}",0,2097344,"{""exp"": 524352, ""compare_max"": 524288, ""mask_decisions"": 524352}",0,2097408,2097408,选择的融合 scale/mask/softmax 代数工作；屏蔽点不计 exp。物化 FP32 默认概率；非具体 eager trace。
8,pv,attention,"{""P"": [1, 64, 1, 8193], ""V_shared"": [1, 4, 8193, 128], ""output"": [1, 64, 1, 128]}",134234112,0,{},0,10487040,16384,PV/AV：各 Q 头仍计算；V 容量不乘 GQA 复制数。载荷假定 V 在头／查询之间理想复用。
8,o_proj,linear,"{""input"": [1, 8192], ""weight_math"": [8192, 4096], ""weight_storage"": [4096, 8192], ""output"": [1, 4096]}",67108864,0,{},67108864,16384,8192,独立 GEMM：权重与输入各读一次、输出写一次的操作数载荷；不预测 tile 重读。
8,attention_residual,residual,"{""inputs_each"": [1, 4096], ""output"": [1, 4096]}",0,4096,{},0,16384,8192,
8,post_attention_layernorm,normalization,"{""input"": [1, 4096], ""weight"": [4096], ""output"": [1, 4096]}",0,16385,"{""rsqrt"": 1}",8192,8192,8192,按 FP32 行内归约的代数计数；rsqrt、类型转换与临时 FP32 张量分列／不推断 HBM spill。
8,router,linear,"{""input"": [1, 4096], ""weight_math"": [4096, 128], ""weight_storage"": [128, 4096], ""output"": [1, 128]}",1048576,0,{},1048576,8192,256,独立 GEMM：权重与输入各读一次、输出写一次的操作数载荷；不预测 tile 重读。
8,router_softmax,routing,"{""input"": [1, 128], ""probabilities_fp32"": [1, 128]}",0,383,"{""exp"": 128, ""compare_max"": 127}",0,256,512,"FP32 softmax: subtract max, exp, reduction, divide; casts are not FLOPs."
8,router_topk,routing,"{""input_fp32"": [1, 128], ""values_fp32"": [1, 8], ""indices_int64"": [1, 8]}",0,0,"{""topk_rows"": 1, ""topk_candidates"": 128}",0,512,96,Top-k is an explicit selection primitive; candidate counts are not comparisons or FLOPs. Backend selection algorithm is unspecified.
8,router_renormalize_cast,routing,"{""selected_probabilities"": [1, 8]}",0,15,{},0,32,16,"Selected probabilities are renormalized if norm_topk_prob, then cast to activation dtype; row reduction assumed on-chip."
8,routing_one_hot,routing_metadata,"{""selected_int64"": [1, 8], ""mask_int64"": [1, 8, 128]}",0,0,"{""one_hot_entries"": 1024}",0,64,8192,Pinned HF reference materializes one_hot int64; this large routing mask is not assumed in optimized dispatch.
8,routing_where,routing_metadata,"{""mask_int64"": [128, 8, 1], ""top_x_and_slot_each"": [8]}",0,0,"{""integer_nonzero_tests"": 1024}",0,8192,128,Scan each expert mask; two int64 coordinates per assignment. Permute is a view.
8,expert_gather,routing,"{""source"": [1, 4096], ""gathered_rows"": [8, 4096]}",0,0,{},0,65600,65536,Logical gathers summed over experts; n_e and each concrete GEMM shape are in expert_matrices.
8,expert_gate_proj,linear,"{""input_per_expert"": [""n_e"", 4096], ""weight_storage_each"": [1536, 4096], ""output_per_expert"": [""n_e"", 1536], ""nonempty_experts"": 8, ""tokens_per_expert"": [1, 1, 1, 1, 1, 1, 1, 1, 0, 0, 0, 0, 0, 0, 0, 0, 0, 0, 0, 0, 0, 0, 0, 0, 0, 0, 0, 0, 0, 0, 0, 0, 0, 0, 0, 0, 0, 0, 0, 0, 0, 0, 0, 0, 0, 0, 0, 0, 0, 0, 0, 0, 0, 0, 0, 0, 0, 0, 0, 0, 0, 0, 0, 0, 0, 0, 0, 0, 0, 0, 0, 0, 0, 0, 0, 0, 0, 0, 0, 0, 0, 0, 0, 0, 0, 0, 0, 0, 0, 0, 0, 0, 0, 0, 0, 0, 0, 0, 0, 0, 0, 0, 0, 0, 0, 0, 0, 0, 0, 0, 0, 0, 0, 0, 0, 0, 0, 0, 0, 0, 0, 0, 0, 0, 0, 0, 0, 0]}",100663296,0,{},100663296,65536,24576,"Sum of unpadded per-expert GEMMs; each visited expert weight read once per layer, not once per token."
8,expert_up_proj,linear,"{""input_per_expert"": [""n_e"", 4096], ""weight_storage_each"": [1536, 4096], ""output_per_expert"": [""n_e"", 1536], ""nonempty_experts"": 8, ""tokens_per_expert"": [1, 1, 1, 1, 1, 1, 1, 1, 0, 0, 0, 0, 0, 0, 0, 0, 0, 0, 0, 0, 0, 0, 0, 0, 0, 0, 0, 0, 0, 0, 0, 0, 0, 0, 0, 0, 0, 0, 0, 0, 0, 0, 0, 0, 0, 0, 0, 0, 0, 0, 0, 0, 0, 0, 0, 0, 0, 0, 0, 0, 0, 0, 0, 0, 0, 0, 0, 0, 0, 0, 0, 0, 0, 0, 0, 0, 0, 0, 0, 0, 0, 0, 0, 0, 0, 0, 0, 0, 0, 0, 0, 0, 0, 0, 0, 0, 0, 0, 0, 0, 0, 0, 0, 0, 0, 0, 0, 0, 0, 0, 0, 0, 0, 0, 0, 0, 0, 0, 0, 0, 0, 0, 0, 0, 0, 0, 0, 0]}",100663296,0,{},100663296,65536,24576,"Sum of unpadded per-expert GEMMs; each visited expert weight read once per layer, not once per token."
8,expert_silu_mul,activation,"{""gate_and_up_each"": [8, 1536]}",0,49152,"{""exp"": 12288, ""negate"": 12288}",0,49152,24576,
8,expert_down_proj,linear,"{""input_per_expert"": [""n_e"", 1536], ""weight_storage_each"": [4096, 1536], ""output_per_expert"": [""n_e"", 4096], ""nonempty_experts"": 8, ""tokens_per_expert"": [1, 1, 1, 1, 1, 1, 1, 1, 0, 0, 0, 0, 0, 0, 0, 0, 0, 0, 0, 0, 0, 0, 0, 0, 0, 0, 0, 0, 0, 0, 0, 0, 0, 0, 0, 0, 0, 0, 0, 0, 0, 0, 0, 0, 0, 0, 0, 0, 0, 0, 0, 0, 0, 0, 0, 0, 0, 0, 0, 0, 0, 0, 0, 0, 0, 0, 0, 0, 0, 0, 0, 0, 0, 0, 0, 0, 0, 0, 0, 0, 0, 0, 0, 0, 0, 0, 0, 0, 0, 0, 0, 0, 0, 0, 0, 0, 0, 0, 0, 0, 0, 0, 0, 0, 0, 0, 0, 0, 0, 0, 0, 0, 0, 0, 0, 0, 0, 0, 0, 0, 0, 0, 0, 0, 0, 0, 0, 0]}",100663296,0,{},100663296,24576,65536,Unpadded per-expert GEMMs; empty experts have zero arithmetic and no weight payload.
8,expert_probability_multiply,routing,"{""expert_outputs"": [8, 4096], ""routing_weights"": [8]}",0,32768,{},0,65680,65536,Probability broadcast reuses one value per assignment; int64 token/slot indices included.
8,expert_output_zero,routing,"{""output"": [1, 4096]}",0,0,{},0,0,8192,Reference initializes final_hidden_states to zero.
8,expert_index_add,routing,"{""weighted_outputs"": [8, 4096], ""combined_output"": [1, 4096]}",0,32768,{},0,131136,65536,"Reference index_add includes the first add into zero; destination read/update per assignment is logical payload, not measured HBM."
8,ffn_residual,residual,"{""inputs_each"": [1, 4096], ""output"": [1, 4096]}",0,4096,{},0,16384,8192,
9,input_layernorm,normalization,"{""input"": [1, 4096], ""weight"": [4096], ""output"": [1, 4096]}",0,16385,"{""rsqrt"": 1}",8192,8192,8192,按 FP32 行内归约的代数计数；rsqrt、类型转换与临时 FP32 张量分列／不推断 HBM spill。
9,q_proj,linear,"{""input"": [1, 4096], ""weight_math"": [4096, 8192], ""weight_storage"": [8192, 4096], ""output"": [1, 8192]}",67108864,0,{},67108864,8192,16384,独立 GEMM：权重与输入各读一次、输出写一次的操作数载荷；不预测 tile 重读。
9,k_proj,linear,"{""input"": [1, 4096], ""weight_math"": [4096, 512], ""weight_storage"": [512, 4096], ""output"": [1, 512]}",4194304,0,{},4194304,8192,1024,独立 GEMM：权重与输入各读一次、输出写一次的操作数载荷；不预测 tile 重读。
9,v_proj,linear,"{""input"": [1, 4096], ""weight_math"": [4096, 512], ""weight_storage"": [512, 4096], ""output"": [1, 512]}",4194304,0,{},4194304,8192,1024,独立 GEMM：权重与输入各读一次、输出写一次的操作数载荷；不预测 tile 重读。
9,q_norm,normalization,"{""input"": [64, 128], ""weight"": [128], ""output"": [64, 128]}",0,32832,"{""rsqrt"": 64}",256,16384,16384,按 FP32 行内归约的代数计数；rsqrt、类型转换与临时 FP32 张量分列／不推断 HBM spill。
9,k_norm,normalization,"{""input"": [4, 128], ""weight"": [128], ""output"": [4, 128]}",0,2052,"{""rsqrt"": 4}",256,1024,1024,按 FP32 行内归约的代数计数；rsqrt、类型转换与临时 FP32 张量分列／不推断 HBM spill。
9,apply_rope,position,"{""Q"": [1, 64, 1, 128], ""K"": [1, 4, 1, 128]}",0,26112,"{""negate"": 4352}",0,17920,17408,2 multiply + 1 add/元素，rotate_half 符号翻转分列；表按批／头理想复用。
9,kv_append,state,"{""new_K_and_V_each"": [1, 4, 1, 128]}",0,0,{},0,2048,2048,原位／分页 append 载荷；不假定动态 torch.cat 对旧缓存整段复制。
9,qk,attention,"{""Q"": [1, 64, 1, 128], ""K_shared"": [1, 4, 8193, 128], ""scores_rectangular"": [1, 64, 1, 8193]}",134234112,0,{},0,8406016,2097408,FLOPs 仅有效因果位置；载荷是假定 Q/K 各读一次、GQA 头共享，完整分数矩阵物化。
9,score_scale_mask_softmax,softmax,"{""scores"": [1, 64, 1, 8193]}",0,2097344,"{""exp"": 524352, ""compare_max"": 524288, ""mask_decisions"": 524352}",0,2097408,2097408,选择的融合 scale/mask/softmax 代数工作；屏蔽点不计 exp。物化 FP32 默认概率；非具体 eager trace。
9,pv,attention,"{""P"": [1, 64, 1, 8193], ""V_shared"": [1, 4, 8193, 128], ""output"": [1, 64, 1, 128]}",134234112,0,{},0,10487040,16384,PV/AV：各 Q 头仍计算；V 容量不乘 GQA 复制数。载荷假定 V 在头／查询之间理想复用。
9,o_proj,linear,"{""input"": [1, 8192], ""weight_math"": [8192, 4096], ""weight_storage"": [4096, 8192], ""output"": [1, 4096]}",67108864,0,{},67108864,16384,8192,独立 GEMM：权重与输入各读一次、输出写一次的操作数载荷；不预测 tile 重读。
9,attention_residual,residual,"{""inputs_each"": [1, 4096], ""output"": [1, 4096]}",0,4096,{},0,16384,8192,
9,post_attention_layernorm,normalization,"{""input"": [1, 4096], ""weight"": [4096], ""output"": [1, 4096]}",0,16385,"{""rsqrt"": 1}",8192,8192,8192,按 FP32 行内归约的代数计数；rsqrt、类型转换与临时 FP32 张量分列／不推断 HBM spill。
9,router,linear,"{""input"": [1, 4096], ""weight_math"": [4096, 128], ""weight_storage"": [128, 4096], ""output"": [1, 128]}",1048576,0,{},1048576,8192,256,独立 GEMM：权重与输入各读一次、输出写一次的操作数载荷；不预测 tile 重读。
9,router_softmax,routing,"{""input"": [1, 128], ""probabilities_fp32"": [1, 128]}",0,383,"{""exp"": 128, ""compare_max"": 127}",0,256,512,"FP32 softmax: subtract max, exp, reduction, divide; casts are not FLOPs."
9,router_topk,routing,"{""input_fp32"": [1, 128], ""values_fp32"": [1, 8], ""indices_int64"": [1, 8]}",0,0,"{""topk_rows"": 1, ""topk_candidates"": 128}",0,512,96,Top-k is an explicit selection primitive; candidate counts are not comparisons or FLOPs. Backend selection algorithm is unspecified.
9,router_renormalize_cast,routing,"{""selected_probabilities"": [1, 8]}",0,15,{},0,32,16,"Selected probabilities are renormalized if norm_topk_prob, then cast to activation dtype; row reduction assumed on-chip."
9,routing_one_hot,routing_metadata,"{""selected_int64"": [1, 8], ""mask_int64"": [1, 8, 128]}",0,0,"{""one_hot_entries"": 1024}",0,64,8192,Pinned HF reference materializes one_hot int64; this large routing mask is not assumed in optimized dispatch.
9,routing_where,routing_metadata,"{""mask_int64"": [128, 8, 1], ""top_x_and_slot_each"": [8]}",0,0,"{""integer_nonzero_tests"": 1024}",0,8192,128,Scan each expert mask; two int64 coordinates per assignment. Permute is a view.
9,expert_gather,routing,"{""source"": [1, 4096], ""gathered_rows"": [8, 4096]}",0,0,{},0,65600,65536,Logical gathers summed over experts; n_e and each concrete GEMM shape are in expert_matrices.
9,expert_gate_proj,linear,"{""input_per_expert"": [""n_e"", 4096], ""weight_storage_each"": [1536, 4096], ""output_per_expert"": [""n_e"", 1536], ""nonempty_experts"": 8, ""tokens_per_expert"": [1, 1, 1, 1, 1, 1, 1, 1, 0, 0, 0, 0, 0, 0, 0, 0, 0, 0, 0, 0, 0, 0, 0, 0, 0, 0, 0, 0, 0, 0, 0, 0, 0, 0, 0, 0, 0, 0, 0, 0, 0, 0, 0, 0, 0, 0, 0, 0, 0, 0, 0, 0, 0, 0, 0, 0, 0, 0, 0, 0, 0, 0, 0, 0, 0, 0, 0, 0, 0, 0, 0, 0, 0, 0, 0, 0, 0, 0, 0, 0, 0, 0, 0, 0, 0, 0, 0, 0, 0, 0, 0, 0, 0, 0, 0, 0, 0, 0, 0, 0, 0, 0, 0, 0, 0, 0, 0, 0, 0, 0, 0, 0, 0, 0, 0, 0, 0, 0, 0, 0, 0, 0, 0, 0, 0, 0, 0, 0]}",100663296,0,{},100663296,65536,24576,"Sum of unpadded per-expert GEMMs; each visited expert weight read once per layer, not once per token."
9,expert_up_proj,linear,"{""input_per_expert"": [""n_e"", 4096], ""weight_storage_each"": [1536, 4096], ""output_per_expert"": [""n_e"", 1536], ""nonempty_experts"": 8, ""tokens_per_expert"": [1, 1, 1, 1, 1, 1, 1, 1, 0, 0, 0, 0, 0, 0, 0, 0, 0, 0, 0, 0, 0, 0, 0, 0, 0, 0, 0, 0, 0, 0, 0, 0, 0, 0, 0, 0, 0, 0, 0, 0, 0, 0, 0, 0, 0, 0, 0, 0, 0, 0, 0, 0, 0, 0, 0, 0, 0, 0, 0, 0, 0, 0, 0, 0, 0, 0, 0, 0, 0, 0, 0, 0, 0, 0, 0, 0, 0, 0, 0, 0, 0, 0, 0, 0, 0, 0, 0, 0, 0, 0, 0, 0, 0, 0, 0, 0, 0, 0, 0, 0, 0, 0, 0, 0, 0, 0, 0, 0, 0, 0, 0, 0, 0, 0, 0, 0, 0, 0, 0, 0, 0, 0, 0, 0, 0, 0, 0, 0]}",100663296,0,{},100663296,65536,24576,"Sum of unpadded per-expert GEMMs; each visited expert weight read once per layer, not once per token."
9,expert_silu_mul,activation,"{""gate_and_up_each"": [8, 1536]}",0,49152,"{""exp"": 12288, ""negate"": 12288}",0,49152,24576,
9,expert_down_proj,linear,"{""input_per_expert"": [""n_e"", 1536], ""weight_storage_each"": [4096, 1536], ""output_per_expert"": [""n_e"", 4096], ""nonempty_experts"": 8, ""tokens_per_expert"": [1, 1, 1, 1, 1, 1, 1, 1, 0, 0, 0, 0, 0, 0, 0, 0, 0, 0, 0, 0, 0, 0, 0, 0, 0, 0, 0, 0, 0, 0, 0, 0, 0, 0, 0, 0, 0, 0, 0, 0, 0, 0, 0, 0, 0, 0, 0, 0, 0, 0, 0, 0, 0, 0, 0, 0, 0, 0, 0, 0, 0, 0, 0, 0, 0, 0, 0, 0, 0, 0, 0, 0, 0, 0, 0, 0, 0, 0, 0, 0, 0, 0, 0, 0, 0, 0, 0, 0, 0, 0, 0, 0, 0, 0, 0, 0, 0, 0, 0, 0, 0, 0, 0, 0, 0, 0, 0, 0, 0, 0, 0, 0, 0, 0, 0, 0, 0, 0, 0, 0, 0, 0, 0, 0, 0, 0, 0, 0]}",100663296,0,{},100663296,24576,65536,Unpadded per-expert GEMMs; empty experts have zero arithmetic and no weight payload.
9,expert_probability_multiply,routing,"{""expert_outputs"": [8, 4096], ""routing_weights"": [8]}",0,32768,{},0,65680,65536,Probability broadcast reuses one value per assignment; int64 token/slot indices included.
9,expert_output_zero,routing,"{""output"": [1, 4096]}",0,0,{},0,0,8192,Reference initializes final_hidden_states to zero.
9,expert_index_add,routing,"{""weighted_outputs"": [8, 4096], ""combined_output"": [1, 4096]}",0,32768,{},0,131136,65536,"Reference index_add includes the first add into zero; destination read/update per assignment is logical payload, not measured HBM."
9,ffn_residual,residual,"{""inputs_each"": [1, 4096], ""output"": [1, 4096]}",0,4096,{},0,16384,8192,
10,input_layernorm,normalization,"{""input"": [1, 4096], ""weight"": [4096], ""output"": [1, 4096]}",0,16385,"{""rsqrt"": 1}",8192,8192,8192,按 FP32 行内归约的代数计数；rsqrt、类型转换与临时 FP32 张量分列／不推断 HBM spill。
10,q_proj,linear,"{""input"": [1, 4096], ""weight_math"": [4096, 8192], ""weight_storage"": [8192, 4096], ""output"": [1, 8192]}",67108864,0,{},67108864,8192,16384,独立 GEMM：权重与输入各读一次、输出写一次的操作数载荷；不预测 tile 重读。
10,k_proj,linear,"{""input"": [1, 4096], ""weight_math"": [4096, 512], ""weight_storage"": [512, 4096], ""output"": [1, 512]}",4194304,0,{},4194304,8192,1024,独立 GEMM：权重与输入各读一次、输出写一次的操作数载荷；不预测 tile 重读。
10,v_proj,linear,"{""input"": [1, 4096], ""weight_math"": [4096, 512], ""weight_storage"": [512, 4096], ""output"": [1, 512]}",4194304,0,{},4194304,8192,1024,独立 GEMM：权重与输入各读一次、输出写一次的操作数载荷；不预测 tile 重读。
10,q_norm,normalization,"{""input"": [64, 128], ""weight"": [128], ""output"": [64, 128]}",0,32832,"{""rsqrt"": 64}",256,16384,16384,按 FP32 行内归约的代数计数；rsqrt、类型转换与临时 FP32 张量分列／不推断 HBM spill。
10,k_norm,normalization,"{""input"": [4, 128], ""weight"": [128], ""output"": [4, 128]}",0,2052,"{""rsqrt"": 4}",256,1024,1024,按 FP32 行内归约的代数计数；rsqrt、类型转换与临时 FP32 张量分列／不推断 HBM spill。
10,apply_rope,position,"{""Q"": [1, 64, 1, 128], ""K"": [1, 4, 1, 128]}",0,26112,"{""negate"": 4352}",0,17920,17408,2 multiply + 1 add/元素，rotate_half 符号翻转分列；表按批／头理想复用。
10,kv_append,state,"{""new_K_and_V_each"": [1, 4, 1, 128]}",0,0,{},0,2048,2048,原位／分页 append 载荷；不假定动态 torch.cat 对旧缓存整段复制。
10,qk,attention,"{""Q"": [1, 64, 1, 128], ""K_shared"": [1, 4, 8193, 128], ""scores_rectangular"": [1, 64, 1, 8193]}",134234112,0,{},0,8406016,2097408,FLOPs 仅有效因果位置；载荷是假定 Q/K 各读一次、GQA 头共享，完整分数矩阵物化。
10,score_scale_mask_softmax,softmax,"{""scores"": [1, 64, 1, 8193]}",0,2097344,"{""exp"": 524352, ""compare_max"": 524288, ""mask_decisions"": 524352}",0,2097408,2097408,选择的融合 scale/mask/softmax 代数工作；屏蔽点不计 exp。物化 FP32 默认概率；非具体 eager trace。
10,pv,attention,"{""P"": [1, 64, 1, 8193], ""V_shared"": [1, 4, 8193, 128], ""output"": [1, 64, 1, 128]}",134234112,0,{},0,10487040,16384,PV/AV：各 Q 头仍计算；V 容量不乘 GQA 复制数。载荷假定 V 在头／查询之间理想复用。
10,o_proj,linear,"{""input"": [1, 8192], ""weight_math"": [8192, 4096], ""weight_storage"": [4096, 8192], ""output"": [1, 4096]}",67108864,0,{},67108864,16384,8192,独立 GEMM：权重与输入各读一次、输出写一次的操作数载荷；不预测 tile 重读。
10,attention_residual,residual,"{""inputs_each"": [1, 4096], ""output"": [1, 4096]}",0,4096,{},0,16384,8192,
10,post_attention_layernorm,normalization,"{""input"": [1, 4096], ""weight"": [4096], ""output"": [1, 4096]}",0,16385,"{""rsqrt"": 1}",8192,8192,8192,按 FP32 行内归约的代数计数；rsqrt、类型转换与临时 FP32 张量分列／不推断 HBM spill。
10,router,linear,"{""input"": [1, 4096], ""weight_math"": [4096, 128], ""weight_storage"": [128, 4096], ""output"": [1, 128]}",1048576,0,{},1048576,8192,256,独立 GEMM：权重与输入各读一次、输出写一次的操作数载荷；不预测 tile 重读。
10,router_softmax,routing,"{""input"": [1, 128], ""probabilities_fp32"": [1, 128]}",0,383,"{""exp"": 128, ""compare_max"": 127}",0,256,512,"FP32 softmax: subtract max, exp, reduction, divide; casts are not FLOPs."
10,router_topk,routing,"{""input_fp32"": [1, 128], ""values_fp32"": [1, 8], ""indices_int64"": [1, 8]}",0,0,"{""topk_rows"": 1, ""topk_candidates"": 128}",0,512,96,Top-k is an explicit selection primitive; candidate counts are not comparisons or FLOPs. Backend selection algorithm is unspecified.
10,router_renormalize_cast,routing,"{""selected_probabilities"": [1, 8]}",0,15,{},0,32,16,"Selected probabilities are renormalized if norm_topk_prob, then cast to activation dtype; row reduction assumed on-chip."
10,routing_one_hot,routing_metadata,"{""selected_int64"": [1, 8], ""mask_int64"": [1, 8, 128]}",0,0,"{""one_hot_entries"": 1024}",0,64,8192,Pinned HF reference materializes one_hot int64; this large routing mask is not assumed in optimized dispatch.
10,routing_where,routing_metadata,"{""mask_int64"": [128, 8, 1], ""top_x_and_slot_each"": [8]}",0,0,"{""integer_nonzero_tests"": 1024}",0,8192,128,Scan each expert mask; two int64 coordinates per assignment. Permute is a view.
10,expert_gather,routing,"{""source"": [1, 4096], ""gathered_rows"": [8, 4096]}",0,0,{},0,65600,65536,Logical gathers summed over experts; n_e and each concrete GEMM shape are in expert_matrices.
10,expert_gate_proj,linear,"{""input_per_expert"": [""n_e"", 4096], ""weight_storage_each"": [1536, 4096], ""output_per_expert"": [""n_e"", 1536], ""nonempty_experts"": 8, ""tokens_per_expert"": [1, 1, 1, 1, 1, 1, 1, 1, 0, 0, 0, 0, 0, 0, 0, 0, 0, 0, 0, 0, 0, 0, 0, 0, 0, 0, 0, 0, 0, 0, 0, 0, 0, 0, 0, 0, 0, 0, 0, 0, 0, 0, 0, 0, 0, 0, 0, 0, 0, 0, 0, 0, 0, 0, 0, 0, 0, 0, 0, 0, 0, 0, 0, 0, 0, 0, 0, 0, 0, 0, 0, 0, 0, 0, 0, 0, 0, 0, 0, 0, 0, 0, 0, 0, 0, 0, 0, 0, 0, 0, 0, 0, 0, 0, 0, 0, 0, 0, 0, 0, 0, 0, 0, 0, 0, 0, 0, 0, 0, 0, 0, 0, 0, 0, 0, 0, 0, 0, 0, 0, 0, 0, 0, 0, 0, 0, 0, 0]}",100663296,0,{},100663296,65536,24576,"Sum of unpadded per-expert GEMMs; each visited expert weight read once per layer, not once per token."
10,expert_up_proj,linear,"{""input_per_expert"": [""n_e"", 4096], ""weight_storage_each"": [1536, 4096], ""output_per_expert"": [""n_e"", 1536], ""nonempty_experts"": 8, ""tokens_per_expert"": [1, 1, 1, 1, 1, 1, 1, 1, 0, 0, 0, 0, 0, 0, 0, 0, 0, 0, 0, 0, 0, 0, 0, 0, 0, 0, 0, 0, 0, 0, 0, 0, 0, 0, 0, 0, 0, 0, 0, 0, 0, 0, 0, 0, 0, 0, 0, 0, 0, 0, 0, 0, 0, 0, 0, 0, 0, 0, 0, 0, 0, 0, 0, 0, 0, 0, 0, 0, 0, 0, 0, 0, 0, 0, 0, 0, 0, 0, 0, 0, 0, 0, 0, 0, 0, 0, 0, 0, 0, 0, 0, 0, 0, 0, 0, 0, 0, 0, 0, 0, 0, 0, 0, 0, 0, 0, 0, 0, 0, 0, 0, 0, 0, 0, 0, 0, 0, 0, 0, 0, 0, 0, 0, 0, 0, 0, 0, 0]}",100663296,0,{},100663296,65536,24576,"Sum of unpadded per-expert GEMMs; each visited expert weight read once per layer, not once per token."
10,expert_silu_mul,activation,"{""gate_and_up_each"": [8, 1536]}",0,49152,"{""exp"": 12288, ""negate"": 12288}",0,49152,24576,
10,expert_down_proj,linear,"{""input_per_expert"": [""n_e"", 1536], ""weight_storage_each"": [4096, 1536], ""output_per_expert"": [""n_e"", 4096], ""nonempty_experts"": 8, ""tokens_per_expert"": [1, 1, 1, 1, 1, 1, 1, 1, 0, 0, 0, 0, 0, 0, 0, 0, 0, 0, 0, 0, 0, 0, 0, 0, 0, 0, 0, 0, 0, 0, 0, 0, 0, 0, 0, 0, 0, 0, 0, 0, 0, 0, 0, 0, 0, 0, 0, 0, 0, 0, 0, 0, 0, 0, 0, 0, 0, 0, 0, 0, 0, 0, 0, 0, 0, 0, 0, 0, 0, 0, 0, 0, 0, 0, 0, 0, 0, 0, 0, 0, 0, 0, 0, 0, 0, 0, 0, 0, 0, 0, 0, 0, 0, 0, 0, 0, 0, 0, 0, 0, 0, 0, 0, 0, 0, 0, 0, 0, 0, 0, 0, 0, 0, 0, 0, 0, 0, 0, 0, 0, 0, 0, 0, 0, 0, 0, 0, 0]}",100663296,0,{},100663296,24576,65536,Unpadded per-expert GEMMs; empty experts have zero arithmetic and no weight payload.
10,expert_probability_multiply,routing,"{""expert_outputs"": [8, 4096], ""routing_weights"": [8]}",0,32768,{},0,65680,65536,Probability broadcast reuses one value per assignment; int64 token/slot indices included.
10,expert_output_zero,routing,"{""output"": [1, 4096]}",0,0,{},0,0,8192,Reference initializes final_hidden_states to zero.
10,expert_index_add,routing,"{""weighted_outputs"": [8, 4096], ""combined_output"": [1, 4096]}",0,32768,{},0,131136,65536,"Reference index_add includes the first add into zero; destination read/update per assignment is logical payload, not measured HBM."
10,ffn_residual,residual,"{""inputs_each"": [1, 4096], ""output"": [1, 4096]}",0,4096,{},0,16384,8192,
11,input_layernorm,normalization,"{""input"": [1, 4096], ""weight"": [4096], ""output"": [1, 4096]}",0,16385,"{""rsqrt"": 1}",8192,8192,8192,按 FP32 行内归约的代数计数；rsqrt、类型转换与临时 FP32 张量分列／不推断 HBM spill。
11,q_proj,linear,"{""input"": [1, 4096], ""weight_math"": [4096, 8192], ""weight_storage"": [8192, 4096], ""output"": [1, 8192]}",67108864,0,{},67108864,8192,16384,独立 GEMM：权重与输入各读一次、输出写一次的操作数载荷；不预测 tile 重读。
11,k_proj,linear,"{""input"": [1, 4096], ""weight_math"": [4096, 512], ""weight_storage"": [512, 4096], ""output"": [1, 512]}",4194304,0,{},4194304,8192,1024,独立 GEMM：权重与输入各读一次、输出写一次的操作数载荷；不预测 tile 重读。
11,v_proj,linear,"{""input"": [1, 4096], ""weight_math"": [4096, 512], ""weight_storage"": [512, 4096], ""output"": [1, 512]}",4194304,0,{},4194304,8192,1024,独立 GEMM：权重与输入各读一次、输出写一次的操作数载荷；不预测 tile 重读。
11,q_norm,normalization,"{""input"": [64, 128], ""weight"": [128], ""output"": [64, 128]}",0,32832,"{""rsqrt"": 64}",256,16384,16384,按 FP32 行内归约的代数计数；rsqrt、类型转换与临时 FP32 张量分列／不推断 HBM spill。
11,k_norm,normalization,"{""input"": [4, 128], ""weight"": [128], ""output"": [4, 128]}",0,2052,"{""rsqrt"": 4}",256,1024,1024,按 FP32 行内归约的代数计数；rsqrt、类型转换与临时 FP32 张量分列／不推断 HBM spill。
11,apply_rope,position,"{""Q"": [1, 64, 1, 128], ""K"": [1, 4, 1, 128]}",0,26112,"{""negate"": 4352}",0,17920,17408,2 multiply + 1 add/元素，rotate_half 符号翻转分列；表按批／头理想复用。
11,kv_append,state,"{""new_K_and_V_each"": [1, 4, 1, 128]}",0,0,{},0,2048,2048,原位／分页 append 载荷；不假定动态 torch.cat 对旧缓存整段复制。
11,qk,attention,"{""Q"": [1, 64, 1, 128], ""K_shared"": [1, 4, 8193, 128], ""scores_rectangular"": [1, 64, 1, 8193]}",134234112,0,{},0,8406016,2097408,FLOPs 仅有效因果位置；载荷是假定 Q/K 各读一次、GQA 头共享，完整分数矩阵物化。
11,score_scale_mask_softmax,softmax,"{""scores"": [1, 64, 1, 8193]}",0,2097344,"{""exp"": 524352, ""compare_max"": 524288, ""mask_decisions"": 524352}",0,2097408,2097408,选择的融合 scale/mask/softmax 代数工作；屏蔽点不计 exp。物化 FP32 默认概率；非具体 eager trace。
11,pv,attention,"{""P"": [1, 64, 1, 8193], ""V_shared"": [1, 4, 8193, 128], ""output"": [1, 64, 1, 128]}",134234112,0,{},0,10487040,16384,PV/AV：各 Q 头仍计算；V 容量不乘 GQA 复制数。载荷假定 V 在头／查询之间理想复用。
11,o_proj,linear,"{""input"": [1, 8192], ""weight_math"": [8192, 4096], ""weight_storage"": [4096, 8192], ""output"": [1, 4096]}",67108864,0,{},67108864,16384,8192,独立 GEMM：权重与输入各读一次、输出写一次的操作数载荷；不预测 tile 重读。
11,attention_residual,residual,"{""inputs_each"": [1, 4096], ""output"": [1, 4096]}",0,4096,{},0,16384,8192,
11,post_attention_layernorm,normalization,"{""input"": [1, 4096], ""weight"": [4096], ""output"": [1, 4096]}",0,16385,"{""rsqrt"": 1}",8192,8192,8192,按 FP32 行内归约的代数计数；rsqrt、类型转换与临时 FP32 张量分列／不推断 HBM spill。
11,router,linear,"{""input"": [1, 4096], ""weight_math"": [4096, 128], ""weight_storage"": [128, 4096], ""output"": [1, 128]}",1048576,0,{},1048576,8192,256,独立 GEMM：权重与输入各读一次、输出写一次的操作数载荷；不预测 tile 重读。
11,router_softmax,routing,"{""input"": [1, 128], ""probabilities_fp32"": [1, 128]}",0,383,"{""exp"": 128, ""compare_max"": 127}",0,256,512,"FP32 softmax: subtract max, exp, reduction, divide; casts are not FLOPs."
11,router_topk,routing,"{""input_fp32"": [1, 128], ""values_fp32"": [1, 8], ""indices_int64"": [1, 8]}",0,0,"{""topk_rows"": 1, ""topk_candidates"": 128}",0,512,96,Top-k is an explicit selection primitive; candidate counts are not comparisons or FLOPs. Backend selection algorithm is unspecified.
11,router_renormalize_cast,routing,"{""selected_probabilities"": [1, 8]}",0,15,{},0,32,16,"Selected probabilities are renormalized if norm_topk_prob, then cast to activation dtype; row reduction assumed on-chip."
11,routing_one_hot,routing_metadata,"{""selected_int64"": [1, 8], ""mask_int64"": [1, 8, 128]}",0,0,"{""one_hot_entries"": 1024}",0,64,8192,Pinned HF reference materializes one_hot int64; this large routing mask is not assumed in optimized dispatch.
11,routing_where,routing_metadata,"{""mask_int64"": [128, 8, 1], ""top_x_and_slot_each"": [8]}",0,0,"{""integer_nonzero_tests"": 1024}",0,8192,128,Scan each expert mask; two int64 coordinates per assignment. Permute is a view.
11,expert_gather,routing,"{""source"": [1, 4096], ""gathered_rows"": [8, 4096]}",0,0,{},0,65600,65536,Logical gathers summed over experts; n_e and each concrete GEMM shape are in expert_matrices.
11,expert_gate_proj,linear,"{""input_per_expert"": [""n_e"", 4096], ""weight_storage_each"": [1536, 4096], ""output_per_expert"": [""n_e"", 1536], ""nonempty_experts"": 8, ""tokens_per_expert"": [1, 1, 1, 1, 1, 1, 1, 1, 0, 0, 0, 0, 0, 0, 0, 0, 0, 0, 0, 0, 0, 0, 0, 0, 0, 0, 0, 0, 0, 0, 0, 0, 0, 0, 0, 0, 0, 0, 0, 0, 0, 0, 0, 0, 0, 0, 0, 0, 0, 0, 0, 0, 0, 0, 0, 0, 0, 0, 0, 0, 0, 0, 0, 0, 0, 0, 0, 0, 0, 0, 0, 0, 0, 0, 0, 0, 0, 0, 0, 0, 0, 0, 0, 0, 0, 0, 0, 0, 0, 0, 0, 0, 0, 0, 0, 0, 0, 0, 0, 0, 0, 0, 0, 0, 0, 0, 0, 0, 0, 0, 0, 0, 0, 0, 0, 0, 0, 0, 0, 0, 0, 0, 0, 0, 0, 0, 0, 0]}",100663296,0,{},100663296,65536,24576,"Sum of unpadded per-expert GEMMs; each visited expert weight read once per layer, not once per token."
11,expert_up_proj,linear,"{""input_per_expert"": [""n_e"", 4096], ""weight_storage_each"": [1536, 4096], ""output_per_expert"": [""n_e"", 1536], ""nonempty_experts"": 8, ""tokens_per_expert"": [1, 1, 1, 1, 1, 1, 1, 1, 0, 0, 0, 0, 0, 0, 0, 0, 0, 0, 0, 0, 0, 0, 0, 0, 0, 0, 0, 0, 0, 0, 0, 0, 0, 0, 0, 0, 0, 0, 0, 0, 0, 0, 0, 0, 0, 0, 0, 0, 0, 0, 0, 0, 0, 0, 0, 0, 0, 0, 0, 0, 0, 0, 0, 0, 0, 0, 0, 0, 0, 0, 0, 0, 0, 0, 0, 0, 0, 0, 0, 0, 0, 0, 0, 0, 0, 0, 0, 0, 0, 0, 0, 0, 0, 0, 0, 0, 0, 0, 0, 0, 0, 0, 0, 0, 0, 0, 0, 0, 0, 0, 0, 0, 0, 0, 0, 0, 0, 0, 0, 0, 0, 0, 0, 0, 0, 0, 0, 0]}",100663296,0,{},100663296,65536,24576,"Sum of unpadded per-expert GEMMs; each visited expert weight read once per layer, not once per token."
11,expert_silu_mul,activation,"{""gate_and_up_each"": [8, 1536]}",0,49152,"{""exp"": 12288, ""negate"": 12288}",0,49152,24576,
11,expert_down_proj,linear,"{""input_per_expert"": [""n_e"", 1536], ""weight_storage_each"": [4096, 1536], ""output_per_expert"": [""n_e"", 4096], ""nonempty_experts"": 8, ""tokens_per_expert"": [1, 1, 1, 1, 1, 1, 1, 1, 0, 0, 0, 0, 0, 0, 0, 0, 0, 0, 0, 0, 0, 0, 0, 0, 0, 0, 0, 0, 0, 0, 0, 0, 0, 0, 0, 0, 0, 0, 0, 0, 0, 0, 0, 0, 0, 0, 0, 0, 0, 0, 0, 0, 0, 0, 0, 0, 0, 0, 0, 0, 0, 0, 0, 0, 0, 0, 0, 0, 0, 0, 0, 0, 0, 0, 0, 0, 0, 0, 0, 0, 0, 0, 0, 0, 0, 0, 0, 0, 0, 0, 0, 0, 0, 0, 0, 0, 0, 0, 0, 0, 0, 0, 0, 0, 0, 0, 0, 0, 0, 0, 0, 0, 0, 0, 0, 0, 0, 0, 0, 0, 0, 0, 0, 0, 0, 0, 0, 0]}",100663296,0,{},100663296,24576,65536,Unpadded per-expert GEMMs; empty experts have zero arithmetic and no weight payload.
11,expert_probability_multiply,routing,"{""expert_outputs"": [8, 4096], ""routing_weights"": [8]}",0,32768,{},0,65680,65536,Probability broadcast reuses one value per assignment; int64 token/slot indices included.
11,expert_output_zero,routing,"{""output"": [1, 4096]}",0,0,{},0,0,8192,Reference initializes final_hidden_states to zero.
11,expert_index_add,routing,"{""weighted_outputs"": [8, 4096], ""combined_output"": [1, 4096]}",0,32768,{},0,131136,65536,"Reference index_add includes the first add into zero; destination read/update per assignment is logical payload, not measured HBM."
11,ffn_residual,residual,"{""inputs_each"": [1, 4096], ""output"": [1, 4096]}",0,4096,{},0,16384,8192,
12,input_layernorm,normalization,"{""input"": [1, 4096], ""weight"": [4096], ""output"": [1, 4096]}",0,16385,"{""rsqrt"": 1}",8192,8192,8192,按 FP32 行内归约的代数计数；rsqrt、类型转换与临时 FP32 张量分列／不推断 HBM spill。
12,q_proj,linear,"{""input"": [1, 4096], ""weight_math"": [4096, 8192], ""weight_storage"": [8192, 4096], ""output"": [1, 8192]}",67108864,0,{},67108864,8192,16384,独立 GEMM：权重与输入各读一次、输出写一次的操作数载荷；不预测 tile 重读。
12,k_proj,linear,"{""input"": [1, 4096], ""weight_math"": [4096, 512], ""weight_storage"": [512, 4096], ""output"": [1, 512]}",4194304,0,{},4194304,8192,1024,独立 GEMM：权重与输入各读一次、输出写一次的操作数载荷；不预测 tile 重读。
12,v_proj,linear,"{""input"": [1, 4096], ""weight_math"": [4096, 512], ""weight_storage"": [512, 4096], ""output"": [1, 512]}",4194304,0,{},4194304,8192,1024,独立 GEMM：权重与输入各读一次、输出写一次的操作数载荷；不预测 tile 重读。
12,q_norm,normalization,"{""input"": [64, 128], ""weight"": [128], ""output"": [64, 128]}",0,32832,"{""rsqrt"": 64}",256,16384,16384,按 FP32 行内归约的代数计数；rsqrt、类型转换与临时 FP32 张量分列／不推断 HBM spill。
12,k_norm,normalization,"{""input"": [4, 128], ""weight"": [128], ""output"": [4, 128]}",0,2052,"{""rsqrt"": 4}",256,1024,1024,按 FP32 行内归约的代数计数；rsqrt、类型转换与临时 FP32 张量分列／不推断 HBM spill。
12,apply_rope,position,"{""Q"": [1, 64, 1, 128], ""K"": [1, 4, 1, 128]}",0,26112,"{""negate"": 4352}",0,17920,17408,2 multiply + 1 add/元素，rotate_half 符号翻转分列；表按批／头理想复用。
12,kv_append,state,"{""new_K_and_V_each"": [1, 4, 1, 128]}",0,0,{},0,2048,2048,原位／分页 append 载荷；不假定动态 torch.cat 对旧缓存整段复制。
12,qk,attention,"{""Q"": [1, 64, 1, 128], ""K_shared"": [1, 4, 8193, 128], ""scores_rectangular"": [1, 64, 1, 8193]}",134234112,0,{},0,8406016,2097408,FLOPs 仅有效因果位置；载荷是假定 Q/K 各读一次、GQA 头共享，完整分数矩阵物化。
12,score_scale_mask_softmax,softmax,"{""scores"": [1, 64, 1, 8193]}",0,2097344,"{""exp"": 524352, ""compare_max"": 524288, ""mask_decisions"": 524352}",0,2097408,2097408,选择的融合 scale/mask/softmax 代数工作；屏蔽点不计 exp。物化 FP32 默认概率；非具体 eager trace。
12,pv,attention,"{""P"": [1, 64, 1, 8193], ""V_shared"": [1, 4, 8193, 128], ""output"": [1, 64, 1, 128]}",134234112,0,{},0,10487040,16384,PV/AV：各 Q 头仍计算；V 容量不乘 GQA 复制数。载荷假定 V 在头／查询之间理想复用。
12,o_proj,linear,"{""input"": [1, 8192], ""weight_math"": [8192, 4096], ""weight_storage"": [4096, 8192], ""output"": [1, 4096]}",67108864,0,{},67108864,16384,8192,独立 GEMM：权重与输入各读一次、输出写一次的操作数载荷；不预测 tile 重读。
12,attention_residual,residual,"{""inputs_each"": [1, 4096], ""output"": [1, 4096]}",0,4096,{},0,16384,8192,
12,post_attention_layernorm,normalization,"{""input"": [1, 4096], ""weight"": [4096], ""output"": [1, 4096]}",0,16385,"{""rsqrt"": 1}",8192,8192,8192,按 FP32 行内归约的代数计数；rsqrt、类型转换与临时 FP32 张量分列／不推断 HBM spill。
12,router,linear,"{""input"": [1, 4096], ""weight_math"": [4096, 128], ""weight_storage"": [128, 4096], ""output"": [1, 128]}",1048576,0,{},1048576,8192,256,独立 GEMM：权重与输入各读一次、输出写一次的操作数载荷；不预测 tile 重读。
12,router_softmax,routing,"{""input"": [1, 128], ""probabilities_fp32"": [1, 128]}",0,383,"{""exp"": 128, ""compare_max"": 127}",0,256,512,"FP32 softmax: subtract max, exp, reduction, divide; casts are not FLOPs."
12,router_topk,routing,"{""input_fp32"": [1, 128], ""values_fp32"": [1, 8], ""indices_int64"": [1, 8]}",0,0,"{""topk_rows"": 1, ""topk_candidates"": 128}",0,512,96,Top-k is an explicit selection primitive; candidate counts are not comparisons or FLOPs. Backend selection algorithm is unspecified.
12,router_renormalize_cast,routing,"{""selected_probabilities"": [1, 8]}",0,15,{},0,32,16,"Selected probabilities are renormalized if norm_topk_prob, then cast to activation dtype; row reduction assumed on-chip."
12,routing_one_hot,routing_metadata,"{""selected_int64"": [1, 8], ""mask_int64"": [1, 8, 128]}",0,0,"{""one_hot_entries"": 1024}",0,64,8192,Pinned HF reference materializes one_hot int64; this large routing mask is not assumed in optimized dispatch.
12,routing_where,routing_metadata,"{""mask_int64"": [128, 8, 1], ""top_x_and_slot_each"": [8]}",0,0,"{""integer_nonzero_tests"": 1024}",0,8192,128,Scan each expert mask; two int64 coordinates per assignment. Permute is a view.
12,expert_gather,routing,"{""source"": [1, 4096], ""gathered_rows"": [8, 4096]}",0,0,{},0,65600,65536,Logical gathers summed over experts; n_e and each concrete GEMM shape are in expert_matrices.
12,expert_gate_proj,linear,"{""input_per_expert"": [""n_e"", 4096], ""weight_storage_each"": [1536, 4096], ""output_per_expert"": [""n_e"", 1536], ""nonempty_experts"": 8, ""tokens_per_expert"": [1, 1, 1, 1, 1, 1, 1, 1, 0, 0, 0, 0, 0, 0, 0, 0, 0, 0, 0, 0, 0, 0, 0, 0, 0, 0, 0, 0, 0, 0, 0, 0, 0, 0, 0, 0, 0, 0, 0, 0, 0, 0, 0, 0, 0, 0, 0, 0, 0, 0, 0, 0, 0, 0, 0, 0, 0, 0, 0, 0, 0, 0, 0, 0, 0, 0, 0, 0, 0, 0, 0, 0, 0, 0, 0, 0, 0, 0, 0, 0, 0, 0, 0, 0, 0, 0, 0, 0, 0, 0, 0, 0, 0, 0, 0, 0, 0, 0, 0, 0, 0, 0, 0, 0, 0, 0, 0, 0, 0, 0, 0, 0, 0, 0, 0, 0, 0, 0, 0, 0, 0, 0, 0, 0, 0, 0, 0, 0]}",100663296,0,{},100663296,65536,24576,"Sum of unpadded per-expert GEMMs; each visited expert weight read once per layer, not once per token."
12,expert_up_proj,linear,"{""input_per_expert"": [""n_e"", 4096], ""weight_storage_each"": [1536, 4096], ""output_per_expert"": [""n_e"", 1536], ""nonempty_experts"": 8, ""tokens_per_expert"": [1, 1, 1, 1, 1, 1, 1, 1, 0, 0, 0, 0, 0, 0, 0, 0, 0, 0, 0, 0, 0, 0, 0, 0, 0, 0, 0, 0, 0, 0, 0, 0, 0, 0, 0, 0, 0, 0, 0, 0, 0, 0, 0, 0, 0, 0, 0, 0, 0, 0, 0, 0, 0, 0, 0, 0, 0, 0, 0, 0, 0, 0, 0, 0, 0, 0, 0, 0, 0, 0, 0, 0, 0, 0, 0, 0, 0, 0, 0, 0, 0, 0, 0, 0, 0, 0, 0, 0, 0, 0, 0, 0, 0, 0, 0, 0, 0, 0, 0, 0, 0, 0, 0, 0, 0, 0, 0, 0, 0, 0, 0, 0, 0, 0, 0, 0, 0, 0, 0, 0, 0, 0, 0, 0, 0, 0, 0, 0]}",100663296,0,{},100663296,65536,24576,"Sum of unpadded per-expert GEMMs; each visited expert weight read once per layer, not once per token."
12,expert_silu_mul,activation,"{""gate_and_up_each"": [8, 1536]}",0,49152,"{""exp"": 12288, ""negate"": 12288}",0,49152,24576,
12,expert_down_proj,linear,"{""input_per_expert"": [""n_e"", 1536], ""weight_storage_each"": [4096, 1536], ""output_per_expert"": [""n_e"", 4096], ""nonempty_experts"": 8, ""tokens_per_expert"": [1, 1, 1, 1, 1, 1, 1, 1, 0, 0, 0, 0, 0, 0, 0, 0, 0, 0, 0, 0, 0, 0, 0, 0, 0, 0, 0, 0, 0, 0, 0, 0, 0, 0, 0, 0, 0, 0, 0, 0, 0, 0, 0, 0, 0, 0, 0, 0, 0, 0, 0, 0, 0, 0, 0, 0, 0, 0, 0, 0, 0, 0, 0, 0, 0, 0, 0, 0, 0, 0, 0, 0, 0, 0, 0, 0, 0, 0, 0, 0, 0, 0, 0, 0, 0, 0, 0, 0, 0, 0, 0, 0, 0, 0, 0, 0, 0, 0, 0, 0, 0, 0, 0, 0, 0, 0, 0, 0, 0, 0, 0, 0, 0, 0, 0, 0, 0, 0, 0, 0, 0, 0, 0, 0, 0, 0, 0, 0]}",100663296,0,{},100663296,24576,65536,Unpadded per-expert GEMMs; empty experts have zero arithmetic and no weight payload.
12,expert_probability_multiply,routing,"{""expert_outputs"": [8, 4096], ""routing_weights"": [8]}",0,32768,{},0,65680,65536,Probability broadcast reuses one value per assignment; int64 token/slot indices included.
12,expert_output_zero,routing,"{""output"": [1, 4096]}",0,0,{},0,0,8192,Reference initializes final_hidden_states to zero.
12,expert_index_add,routing,"{""weighted_outputs"": [8, 4096], ""combined_output"": [1, 4096]}",0,32768,{},0,131136,65536,"Reference index_add includes the first add into zero; destination read/update per assignment is logical payload, not measured HBM."
12,ffn_residual,residual,"{""inputs_each"": [1, 4096], ""output"": [1, 4096]}",0,4096,{},0,16384,8192,
13,input_layernorm,normalization,"{""input"": [1, 4096], ""weight"": [4096], ""output"": [1, 4096]}",0,16385,"{""rsqrt"": 1}",8192,8192,8192,按 FP32 行内归约的代数计数；rsqrt、类型转换与临时 FP32 张量分列／不推断 HBM spill。
13,q_proj,linear,"{""input"": [1, 4096], ""weight_math"": [4096, 8192], ""weight_storage"": [8192, 4096], ""output"": [1, 8192]}",67108864,0,{},67108864,8192,16384,独立 GEMM：权重与输入各读一次、输出写一次的操作数载荷；不预测 tile 重读。
13,k_proj,linear,"{""input"": [1, 4096], ""weight_math"": [4096, 512], ""weight_storage"": [512, 4096], ""output"": [1, 512]}",4194304,0,{},4194304,8192,1024,独立 GEMM：权重与输入各读一次、输出写一次的操作数载荷；不预测 tile 重读。
13,v_proj,linear,"{""input"": [1, 4096], ""weight_math"": [4096, 512], ""weight_storage"": [512, 4096], ""output"": [1, 512]}",4194304,0,{},4194304,8192,1024,独立 GEMM：权重与输入各读一次、输出写一次的操作数载荷；不预测 tile 重读。
13,q_norm,normalization,"{""input"": [64, 128], ""weight"": [128], ""output"": [64, 128]}",0,32832,"{""rsqrt"": 64}",256,16384,16384,按 FP32 行内归约的代数计数；rsqrt、类型转换与临时 FP32 张量分列／不推断 HBM spill。
13,k_norm,normalization,"{""input"": [4, 128], ""weight"": [128], ""output"": [4, 128]}",0,2052,"{""rsqrt"": 4}",256,1024,1024,按 FP32 行内归约的代数计数；rsqrt、类型转换与临时 FP32 张量分列／不推断 HBM spill。
13,apply_rope,position,"{""Q"": [1, 64, 1, 128], ""K"": [1, 4, 1, 128]}",0,26112,"{""negate"": 4352}",0,17920,17408,2 multiply + 1 add/元素，rotate_half 符号翻转分列；表按批／头理想复用。
13,kv_append,state,"{""new_K_and_V_each"": [1, 4, 1, 128]}",0,0,{},0,2048,2048,原位／分页 append 载荷；不假定动态 torch.cat 对旧缓存整段复制。
13,qk,attention,"{""Q"": [1, 64, 1, 128], ""K_shared"": [1, 4, 8193, 128], ""scores_rectangular"": [1, 64, 1, 8193]}",134234112,0,{},0,8406016,2097408,FLOPs 仅有效因果位置；载荷是假定 Q/K 各读一次、GQA 头共享，完整分数矩阵物化。
13,score_scale_mask_softmax,softmax,"{""scores"": [1, 64, 1, 8193]}",0,2097344,"{""exp"": 524352, ""compare_max"": 524288, ""mask_decisions"": 524352}",0,2097408,2097408,选择的融合 scale/mask/softmax 代数工作；屏蔽点不计 exp。物化 FP32 默认概率；非具体 eager trace。
13,pv,attention,"{""P"": [1, 64, 1, 8193], ""V_shared"": [1, 4, 8193, 128], ""output"": [1, 64, 1, 128]}",134234112,0,{},0,10487040,16384,PV/AV：各 Q 头仍计算；V 容量不乘 GQA 复制数。载荷假定 V 在头／查询之间理想复用。
13,o_proj,linear,"{""input"": [1, 8192], ""weight_math"": [8192, 4096], ""weight_storage"": [4096, 8192], ""output"": [1, 4096]}",67108864,0,{},67108864,16384,8192,独立 GEMM：权重与输入各读一次、输出写一次的操作数载荷；不预测 tile 重读。
13,attention_residual,residual,"{""inputs_each"": [1, 4096], ""output"": [1, 4096]}",0,4096,{},0,16384,8192,
13,post_attention_layernorm,normalization,"{""input"": [1, 4096], ""weight"": [4096], ""output"": [1, 4096]}",0,16385,"{""rsqrt"": 1}",8192,8192,8192,按 FP32 行内归约的代数计数；rsqrt、类型转换与临时 FP32 张量分列／不推断 HBM spill。
13,router,linear,"{""input"": [1, 4096], ""weight_math"": [4096, 128], ""weight_storage"": [128, 4096], ""output"": [1, 128]}",1048576,0,{},1048576,8192,256,独立 GEMM：权重与输入各读一次、输出写一次的操作数载荷；不预测 tile 重读。
13,router_softmax,routing,"{""input"": [1, 128], ""probabilities_fp32"": [1, 128]}",0,383,"{""exp"": 128, ""compare_max"": 127}",0,256,512,"FP32 softmax: subtract max, exp, reduction, divide; casts are not FLOPs."
13,router_topk,routing,"{""input_fp32"": [1, 128], ""values_fp32"": [1, 8], ""indices_int64"": [1, 8]}",0,0,"{""topk_rows"": 1, ""topk_candidates"": 128}",0,512,96,Top-k is an explicit selection primitive; candidate counts are not comparisons or FLOPs. Backend selection algorithm is unspecified.
13,router_renormalize_cast,routing,"{""selected_probabilities"": [1, 8]}",0,15,{},0,32,16,"Selected probabilities are renormalized if norm_topk_prob, then cast to activation dtype; row reduction assumed on-chip."
13,routing_one_hot,routing_metadata,"{""selected_int64"": [1, 8], ""mask_int64"": [1, 8, 128]}",0,0,"{""one_hot_entries"": 1024}",0,64,8192,Pinned HF reference materializes one_hot int64; this large routing mask is not assumed in optimized dispatch.
13,routing_where,routing_metadata,"{""mask_int64"": [128, 8, 1], ""top_x_and_slot_each"": [8]}",0,0,"{""integer_nonzero_tests"": 1024}",0,8192,128,Scan each expert mask; two int64 coordinates per assignment. Permute is a view.
13,expert_gather,routing,"{""source"": [1, 4096], ""gathered_rows"": [8, 4096]}",0,0,{},0,65600,65536,Logical gathers summed over experts; n_e and each concrete GEMM shape are in expert_matrices.
13,expert_gate_proj,linear,"{""input_per_expert"": [""n_e"", 4096], ""weight_storage_each"": [1536, 4096], ""output_per_expert"": [""n_e"", 1536], ""nonempty_experts"": 8, ""tokens_per_expert"": [1, 1, 1, 1, 1, 1, 1, 1, 0, 0, 0, 0, 0, 0, 0, 0, 0, 0, 0, 0, 0, 0, 0, 0, 0, 0, 0, 0, 0, 0, 0, 0, 0, 0, 0, 0, 0, 0, 0, 0, 0, 0, 0, 0, 0, 0, 0, 0, 0, 0, 0, 0, 0, 0, 0, 0, 0, 0, 0, 0, 0, 0, 0, 0, 0, 0, 0, 0, 0, 0, 0, 0, 0, 0, 0, 0, 0, 0, 0, 0, 0, 0, 0, 0, 0, 0, 0, 0, 0, 0, 0, 0, 0, 0, 0, 0, 0, 0, 0, 0, 0, 0, 0, 0, 0, 0, 0, 0, 0, 0, 0, 0, 0, 0, 0, 0, 0, 0, 0, 0, 0, 0, 0, 0, 0, 0, 0, 0]}",100663296,0,{},100663296,65536,24576,"Sum of unpadded per-expert GEMMs; each visited expert weight read once per layer, not once per token."
13,expert_up_proj,linear,"{""input_per_expert"": [""n_e"", 4096], ""weight_storage_each"": [1536, 4096], ""output_per_expert"": [""n_e"", 1536], ""nonempty_experts"": 8, ""tokens_per_expert"": [1, 1, 1, 1, 1, 1, 1, 1, 0, 0, 0, 0, 0, 0, 0, 0, 0, 0, 0, 0, 0, 0, 0, 0, 0, 0, 0, 0, 0, 0, 0, 0, 0, 0, 0, 0, 0, 0, 0, 0, 0, 0, 0, 0, 0, 0, 0, 0, 0, 0, 0, 0, 0, 0, 0, 0, 0, 0, 0, 0, 0, 0, 0, 0, 0, 0, 0, 0, 0, 0, 0, 0, 0, 0, 0, 0, 0, 0, 0, 0, 0, 0, 0, 0, 0, 0, 0, 0, 0, 0, 0, 0, 0, 0, 0, 0, 0, 0, 0, 0, 0, 0, 0, 0, 0, 0, 0, 0, 0, 0, 0, 0, 0, 0, 0, 0, 0, 0, 0, 0, 0, 0, 0, 0, 0, 0, 0, 0]}",100663296,0,{},100663296,65536,24576,"Sum of unpadded per-expert GEMMs; each visited expert weight read once per layer, not once per token."
13,expert_silu_mul,activation,"{""gate_and_up_each"": [8, 1536]}",0,49152,"{""exp"": 12288, ""negate"": 12288}",0,49152,24576,
13,expert_down_proj,linear,"{""input_per_expert"": [""n_e"", 1536], ""weight_storage_each"": [4096, 1536], ""output_per_expert"": [""n_e"", 4096], ""nonempty_experts"": 8, ""tokens_per_expert"": [1, 1, 1, 1, 1, 1, 1, 1, 0, 0, 0, 0, 0, 0, 0, 0, 0, 0, 0, 0, 0, 0, 0, 0, 0, 0, 0, 0, 0, 0, 0, 0, 0, 0, 0, 0, 0, 0, 0, 0, 0, 0, 0, 0, 0, 0, 0, 0, 0, 0, 0, 0, 0, 0, 0, 0, 0, 0, 0, 0, 0, 0, 0, 0, 0, 0, 0, 0, 0, 0, 0, 0, 0, 0, 0, 0, 0, 0, 0, 0, 0, 0, 0, 0, 0, 0, 0, 0, 0, 0, 0, 0, 0, 0, 0, 0, 0, 0, 0, 0, 0, 0, 0, 0, 0, 0, 0, 0, 0, 0, 0, 0, 0, 0, 0, 0, 0, 0, 0, 0, 0, 0, 0, 0, 0, 0, 0, 0]}",100663296,0,{},100663296,24576,65536,Unpadded per-expert GEMMs; empty experts have zero arithmetic and no weight payload.
13,expert_probability_multiply,routing,"{""expert_outputs"": [8, 4096], ""routing_weights"": [8]}",0,32768,{},0,65680,65536,Probability broadcast reuses one value per assignment; int64 token/slot indices included.
13,expert_output_zero,routing,"{""output"": [1, 4096]}",0,0,{},0,0,8192,Reference initializes final_hidden_states to zero.
13,expert_index_add,routing,"{""weighted_outputs"": [8, 4096], ""combined_output"": [1, 4096]}",0,32768,{},0,131136,65536,"Reference index_add includes the first add into zero; destination read/update per assignment is logical payload, not measured HBM."
13,ffn_residual,residual,"{""inputs_each"": [1, 4096], ""output"": [1, 4096]}",0,4096,{},0,16384,8192,
14,input_layernorm,normalization,"{""input"": [1, 4096], ""weight"": [4096], ""output"": [1, 4096]}",0,16385,"{""rsqrt"": 1}",8192,8192,8192,按 FP32 行内归约的代数计数；rsqrt、类型转换与临时 FP32 张量分列／不推断 HBM spill。
14,q_proj,linear,"{""input"": [1, 4096], ""weight_math"": [4096, 8192], ""weight_storage"": [8192, 4096], ""output"": [1, 8192]}",67108864,0,{},67108864,8192,16384,独立 GEMM：权重与输入各读一次、输出写一次的操作数载荷；不预测 tile 重读。
14,k_proj,linear,"{""input"": [1, 4096], ""weight_math"": [4096, 512], ""weight_storage"": [512, 4096], ""output"": [1, 512]}",4194304,0,{},4194304,8192,1024,独立 GEMM：权重与输入各读一次、输出写一次的操作数载荷；不预测 tile 重读。
14,v_proj,linear,"{""input"": [1, 4096], ""weight_math"": [4096, 512], ""weight_storage"": [512, 4096], ""output"": [1, 512]}",4194304,0,{},4194304,8192,1024,独立 GEMM：权重与输入各读一次、输出写一次的操作数载荷；不预测 tile 重读。
14,q_norm,normalization,"{""input"": [64, 128], ""weight"": [128], ""output"": [64, 128]}",0,32832,"{""rsqrt"": 64}",256,16384,16384,按 FP32 行内归约的代数计数；rsqrt、类型转换与临时 FP32 张量分列／不推断 HBM spill。
14,k_norm,normalization,"{""input"": [4, 128], ""weight"": [128], ""output"": [4, 128]}",0,2052,"{""rsqrt"": 4}",256,1024,1024,按 FP32 行内归约的代数计数；rsqrt、类型转换与临时 FP32 张量分列／不推断 HBM spill。
14,apply_rope,position,"{""Q"": [1, 64, 1, 128], ""K"": [1, 4, 1, 128]}",0,26112,"{""negate"": 4352}",0,17920,17408,2 multiply + 1 add/元素，rotate_half 符号翻转分列；表按批／头理想复用。
14,kv_append,state,"{""new_K_and_V_each"": [1, 4, 1, 128]}",0,0,{},0,2048,2048,原位／分页 append 载荷；不假定动态 torch.cat 对旧缓存整段复制。
14,qk,attention,"{""Q"": [1, 64, 1, 128], ""K_shared"": [1, 4, 8193, 128], ""scores_rectangular"": [1, 64, 1, 8193]}",134234112,0,{},0,8406016,2097408,FLOPs 仅有效因果位置；载荷是假定 Q/K 各读一次、GQA 头共享，完整分数矩阵物化。
14,score_scale_mask_softmax,softmax,"{""scores"": [1, 64, 1, 8193]}",0,2097344,"{""exp"": 524352, ""compare_max"": 524288, ""mask_decisions"": 524352}",0,2097408,2097408,选择的融合 scale/mask/softmax 代数工作；屏蔽点不计 exp。物化 FP32 默认概率；非具体 eager trace。
14,pv,attention,"{""P"": [1, 64, 1, 8193], ""V_shared"": [1, 4, 8193, 128], ""output"": [1, 64, 1, 128]}",134234112,0,{},0,10487040,16384,PV/AV：各 Q 头仍计算；V 容量不乘 GQA 复制数。载荷假定 V 在头／查询之间理想复用。
14,o_proj,linear,"{""input"": [1, 8192], ""weight_math"": [8192, 4096], ""weight_storage"": [4096, 8192], ""output"": [1, 4096]}",67108864,0,{},67108864,16384,8192,独立 GEMM：权重与输入各读一次、输出写一次的操作数载荷；不预测 tile 重读。
14,attention_residual,residual,"{""inputs_each"": [1, 4096], ""output"": [1, 4096]}",0,4096,{},0,16384,8192,
14,post_attention_layernorm,normalization,"{""input"": [1, 4096], ""weight"": [4096], ""output"": [1, 4096]}",0,16385,"{""rsqrt"": 1}",8192,8192,8192,按 FP32 行内归约的代数计数；rsqrt、类型转换与临时 FP32 张量分列／不推断 HBM spill。
14,router,linear,"{""input"": [1, 4096], ""weight_math"": [4096, 128], ""weight_storage"": [128, 4096], ""output"": [1, 128]}",1048576,0,{},1048576,8192,256,独立 GEMM：权重与输入各读一次、输出写一次的操作数载荷；不预测 tile 重读。
14,router_softmax,routing,"{""input"": [1, 128], ""probabilities_fp32"": [1, 128]}",0,383,"{""exp"": 128, ""compare_max"": 127}",0,256,512,"FP32 softmax: subtract max, exp, reduction, divide; casts are not FLOPs."
14,router_topk,routing,"{""input_fp32"": [1, 128], ""values_fp32"": [1, 8], ""indices_int64"": [1, 8]}",0,0,"{""topk_rows"": 1, ""topk_candidates"": 128}",0,512,96,Top-k is an explicit selection primitive; candidate counts are not comparisons or FLOPs. Backend selection algorithm is unspecified.
14,router_renormalize_cast,routing,"{""selected_probabilities"": [1, 8]}",0,15,{},0,32,16,"Selected probabilities are renormalized if norm_topk_prob, then cast to activation dtype; row reduction assumed on-chip."
14,routing_one_hot,routing_metadata,"{""selected_int64"": [1, 8], ""mask_int64"": [1, 8, 128]}",0,0,"{""one_hot_entries"": 1024}",0,64,8192,Pinned HF reference materializes one_hot int64; this large routing mask is not assumed in optimized dispatch.
14,routing_where,routing_metadata,"{""mask_int64"": [128, 8, 1], ""top_x_and_slot_each"": [8]}",0,0,"{""integer_nonzero_tests"": 1024}",0,8192,128,Scan each expert mask; two int64 coordinates per assignment. Permute is a view.
14,expert_gather,routing,"{""source"": [1, 4096], ""gathered_rows"": [8, 4096]}",0,0,{},0,65600,65536,Logical gathers summed over experts; n_e and each concrete GEMM shape are in expert_matrices.
14,expert_gate_proj,linear,"{""input_per_expert"": [""n_e"", 4096], ""weight_storage_each"": [1536, 4096], ""output_per_expert"": [""n_e"", 1536], ""nonempty_experts"": 8, ""tokens_per_expert"": [1, 1, 1, 1, 1, 1, 1, 1, 0, 0, 0, 0, 0, 0, 0, 0, 0, 0, 0, 0, 0, 0, 0, 0, 0, 0, 0, 0, 0, 0, 0, 0, 0, 0, 0, 0, 0, 0, 0, 0, 0, 0, 0, 0, 0, 0, 0, 0, 0, 0, 0, 0, 0, 0, 0, 0, 0, 0, 0, 0, 0, 0, 0, 0, 0, 0, 0, 0, 0, 0, 0, 0, 0, 0, 0, 0, 0, 0, 0, 0, 0, 0, 0, 0, 0, 0, 0, 0, 0, 0, 0, 0, 0, 0, 0, 0, 0, 0, 0, 0, 0, 0, 0, 0, 0, 0, 0, 0, 0, 0, 0, 0, 0, 0, 0, 0, 0, 0, 0, 0, 0, 0, 0, 0, 0, 0, 0, 0]}",100663296,0,{},100663296,65536,24576,"Sum of unpadded per-expert GEMMs; each visited expert weight read once per layer, not once per token."
14,expert_up_proj,linear,"{""input_per_expert"": [""n_e"", 4096], ""weight_storage_each"": [1536, 4096], ""output_per_expert"": [""n_e"", 1536], ""nonempty_experts"": 8, ""tokens_per_expert"": [1, 1, 1, 1, 1, 1, 1, 1, 0, 0, 0, 0, 0, 0, 0, 0, 0, 0, 0, 0, 0, 0, 0, 0, 0, 0, 0, 0, 0, 0, 0, 0, 0, 0, 0, 0, 0, 0, 0, 0, 0, 0, 0, 0, 0, 0, 0, 0, 0, 0, 0, 0, 0, 0, 0, 0, 0, 0, 0, 0, 0, 0, 0, 0, 0, 0, 0, 0, 0, 0, 0, 0, 0, 0, 0, 0, 0, 0, 0, 0, 0, 0, 0, 0, 0, 0, 0, 0, 0, 0, 0, 0, 0, 0, 0, 0, 0, 0, 0, 0, 0, 0, 0, 0, 0, 0, 0, 0, 0, 0, 0, 0, 0, 0, 0, 0, 0, 0, 0, 0, 0, 0, 0, 0, 0, 0, 0, 0]}",100663296,0,{},100663296,65536,24576,"Sum of unpadded per-expert GEMMs; each visited expert weight read once per layer, not once per token."
14,expert_silu_mul,activation,"{""gate_and_up_each"": [8, 1536]}",0,49152,"{""exp"": 12288, ""negate"": 12288}",0,49152,24576,
14,expert_down_proj,linear,"{""input_per_expert"": [""n_e"", 1536], ""weight_storage_each"": [4096, 1536], ""output_per_expert"": [""n_e"", 4096], ""nonempty_experts"": 8, ""tokens_per_expert"": [1, 1, 1, 1, 1, 1, 1, 1, 0, 0, 0, 0, 0, 0, 0, 0, 0, 0, 0, 0, 0, 0, 0, 0, 0, 0, 0, 0, 0, 0, 0, 0, 0, 0, 0, 0, 0, 0, 0, 0, 0, 0, 0, 0, 0, 0, 0, 0, 0, 0, 0, 0, 0, 0, 0, 0, 0, 0, 0, 0, 0, 0, 0, 0, 0, 0, 0, 0, 0, 0, 0, 0, 0, 0, 0, 0, 0, 0, 0, 0, 0, 0, 0, 0, 0, 0, 0, 0, 0, 0, 0, 0, 0, 0, 0, 0, 0, 0, 0, 0, 0, 0, 0, 0, 0, 0, 0, 0, 0, 0, 0, 0, 0, 0, 0, 0, 0, 0, 0, 0, 0, 0, 0, 0, 0, 0, 0, 0]}",100663296,0,{},100663296,24576,65536,Unpadded per-expert GEMMs; empty experts have zero arithmetic and no weight payload.
14,expert_probability_multiply,routing,"{""expert_outputs"": [8, 4096], ""routing_weights"": [8]}",0,32768,{},0,65680,65536,Probability broadcast reuses one value per assignment; int64 token/slot indices included.
14,expert_output_zero,routing,"{""output"": [1, 4096]}",0,0,{},0,0,8192,Reference initializes final_hidden_states to zero.
14,expert_index_add,routing,"{""weighted_outputs"": [8, 4096], ""combined_output"": [1, 4096]}",0,32768,{},0,131136,65536,"Reference index_add includes the first add into zero; destination read/update per assignment is logical payload, not measured HBM."
14,ffn_residual,residual,"{""inputs_each"": [1, 4096], ""output"": [1, 4096]}",0,4096,{},0,16384,8192,
15,input_layernorm,normalization,"{""input"": [1, 4096], ""weight"": [4096], ""output"": [1, 4096]}",0,16385,"{""rsqrt"": 1}",8192,8192,8192,按 FP32 行内归约的代数计数；rsqrt、类型转换与临时 FP32 张量分列／不推断 HBM spill。
15,q_proj,linear,"{""input"": [1, 4096], ""weight_math"": [4096, 8192], ""weight_storage"": [8192, 4096], ""output"": [1, 8192]}",67108864,0,{},67108864,8192,16384,独立 GEMM：权重与输入各读一次、输出写一次的操作数载荷；不预测 tile 重读。
15,k_proj,linear,"{""input"": [1, 4096], ""weight_math"": [4096, 512], ""weight_storage"": [512, 4096], ""output"": [1, 512]}",4194304,0,{},4194304,8192,1024,独立 GEMM：权重与输入各读一次、输出写一次的操作数载荷；不预测 tile 重读。
15,v_proj,linear,"{""input"": [1, 4096], ""weight_math"": [4096, 512], ""weight_storage"": [512, 4096], ""output"": [1, 512]}",4194304,0,{},4194304,8192,1024,独立 GEMM：权重与输入各读一次、输出写一次的操作数载荷；不预测 tile 重读。
15,q_norm,normalization,"{""input"": [64, 128], ""weight"": [128], ""output"": [64, 128]}",0,32832,"{""rsqrt"": 64}",256,16384,16384,按 FP32 行内归约的代数计数；rsqrt、类型转换与临时 FP32 张量分列／不推断 HBM spill。
15,k_norm,normalization,"{""input"": [4, 128], ""weight"": [128], ""output"": [4, 128]}",0,2052,"{""rsqrt"": 4}",256,1024,1024,按 FP32 行内归约的代数计数；rsqrt、类型转换与临时 FP32 张量分列／不推断 HBM spill。
15,apply_rope,position,"{""Q"": [1, 64, 1, 128], ""K"": [1, 4, 1, 128]}",0,26112,"{""negate"": 4352}",0,17920,17408,2 multiply + 1 add/元素，rotate_half 符号翻转分列；表按批／头理想复用。
15,kv_append,state,"{""new_K_and_V_each"": [1, 4, 1, 128]}",0,0,{},0,2048,2048,原位／分页 append 载荷；不假定动态 torch.cat 对旧缓存整段复制。
15,qk,attention,"{""Q"": [1, 64, 1, 128], ""K_shared"": [1, 4, 8193, 128], ""scores_rectangular"": [1, 64, 1, 8193]}",134234112,0,{},0,8406016,2097408,FLOPs 仅有效因果位置；载荷是假定 Q/K 各读一次、GQA 头共享，完整分数矩阵物化。
15,score_scale_mask_softmax,softmax,"{""scores"": [1, 64, 1, 8193]}",0,2097344,"{""exp"": 524352, ""compare_max"": 524288, ""mask_decisions"": 524352}",0,2097408,2097408,选择的融合 scale/mask/softmax 代数工作；屏蔽点不计 exp。物化 FP32 默认概率；非具体 eager trace。
15,pv,attention,"{""P"": [1, 64, 1, 8193], ""V_shared"": [1, 4, 8193, 128], ""output"": [1, 64, 1, 128]}",134234112,0,{},0,10487040,16384,PV/AV：各 Q 头仍计算；V 容量不乘 GQA 复制数。载荷假定 V 在头／查询之间理想复用。
15,o_proj,linear,"{""input"": [1, 8192], ""weight_math"": [8192, 4096], ""weight_storage"": [4096, 8192], ""output"": [1, 4096]}",67108864,0,{},67108864,16384,8192,独立 GEMM：权重与输入各读一次、输出写一次的操作数载荷；不预测 tile 重读。
15,attention_residual,residual,"{""inputs_each"": [1, 4096], ""output"": [1, 4096]}",0,4096,{},0,16384,8192,
15,post_attention_layernorm,normalization,"{""input"": [1, 4096], ""weight"": [4096], ""output"": [1, 4096]}",0,16385,"{""rsqrt"": 1}",8192,8192,8192,按 FP32 行内归约的代数计数；rsqrt、类型转换与临时 FP32 张量分列／不推断 HBM spill。
15,router,linear,"{""input"": [1, 4096], ""weight_math"": [4096, 128], ""weight_storage"": [128, 4096], ""output"": [1, 128]}",1048576,0,{},1048576,8192,256,独立 GEMM：权重与输入各读一次、输出写一次的操作数载荷；不预测 tile 重读。
15,router_softmax,routing,"{""input"": [1, 128], ""probabilities_fp32"": [1, 128]}",0,383,"{""exp"": 128, ""compare_max"": 127}",0,256,512,"FP32 softmax: subtract max, exp, reduction, divide; casts are not FLOPs."
15,router_topk,routing,"{""input_fp32"": [1, 128], ""values_fp32"": [1, 8], ""indices_int64"": [1, 8]}",0,0,"{""topk_rows"": 1, ""topk_candidates"": 128}",0,512,96,Top-k is an explicit selection primitive; candidate counts are not comparisons or FLOPs. Backend selection algorithm is unspecified.
15,router_renormalize_cast,routing,"{""selected_probabilities"": [1, 8]}",0,15,{},0,32,16,"Selected probabilities are renormalized if norm_topk_prob, then cast to activation dtype; row reduction assumed on-chip."
15,routing_one_hot,routing_metadata,"{""selected_int64"": [1, 8], ""mask_int64"": [1, 8, 128]}",0,0,"{""one_hot_entries"": 1024}",0,64,8192,Pinned HF reference materializes one_hot int64; this large routing mask is not assumed in optimized dispatch.
15,routing_where,routing_metadata,"{""mask_int64"": [128, 8, 1], ""top_x_and_slot_each"": [8]}",0,0,"{""integer_nonzero_tests"": 1024}",0,8192,128,Scan each expert mask; two int64 coordinates per assignment. Permute is a view.
15,expert_gather,routing,"{""source"": [1, 4096], ""gathered_rows"": [8, 4096]}",0,0,{},0,65600,65536,Logical gathers summed over experts; n_e and each concrete GEMM shape are in expert_matrices.
15,expert_gate_proj,linear,"{""input_per_expert"": [""n_e"", 4096], ""weight_storage_each"": [1536, 4096], ""output_per_expert"": [""n_e"", 1536], ""nonempty_experts"": 8, ""tokens_per_expert"": [1, 1, 1, 1, 1, 1, 1, 1, 0, 0, 0, 0, 0, 0, 0, 0, 0, 0, 0, 0, 0, 0, 0, 0, 0, 0, 0, 0, 0, 0, 0, 0, 0, 0, 0, 0, 0, 0, 0, 0, 0, 0, 0, 0, 0, 0, 0, 0, 0, 0, 0, 0, 0, 0, 0, 0, 0, 0, 0, 0, 0, 0, 0, 0, 0, 0, 0, 0, 0, 0, 0, 0, 0, 0, 0, 0, 0, 0, 0, 0, 0, 0, 0, 0, 0, 0, 0, 0, 0, 0, 0, 0, 0, 0, 0, 0, 0, 0, 0, 0, 0, 0, 0, 0, 0, 0, 0, 0, 0, 0, 0, 0, 0, 0, 0, 0, 0, 0, 0, 0, 0, 0, 0, 0, 0, 0, 0, 0]}",100663296,0,{},100663296,65536,24576,"Sum of unpadded per-expert GEMMs; each visited expert weight read once per layer, not once per token."
15,expert_up_proj,linear,"{""input_per_expert"": [""n_e"", 4096], ""weight_storage_each"": [1536, 4096], ""output_per_expert"": [""n_e"", 1536], ""nonempty_experts"": 8, ""tokens_per_expert"": [1, 1, 1, 1, 1, 1, 1, 1, 0, 0, 0, 0, 0, 0, 0, 0, 0, 0, 0, 0, 0, 0, 0, 0, 0, 0, 0, 0, 0, 0, 0, 0, 0, 0, 0, 0, 0, 0, 0, 0, 0, 0, 0, 0, 0, 0, 0, 0, 0, 0, 0, 0, 0, 0, 0, 0, 0, 0, 0, 0, 0, 0, 0, 0, 0, 0, 0, 0, 0, 0, 0, 0, 0, 0, 0, 0, 0, 0, 0, 0, 0, 0, 0, 0, 0, 0, 0, 0, 0, 0, 0, 0, 0, 0, 0, 0, 0, 0, 0, 0, 0, 0, 0, 0, 0, 0, 0, 0, 0, 0, 0, 0, 0, 0, 0, 0, 0, 0, 0, 0, 0, 0, 0, 0, 0, 0, 0, 0]}",100663296,0,{},100663296,65536,24576,"Sum of unpadded per-expert GEMMs; each visited expert weight read once per layer, not once per token."
15,expert_silu_mul,activation,"{""gate_and_up_each"": [8, 1536]}",0,49152,"{""exp"": 12288, ""negate"": 12288}",0,49152,24576,
15,expert_down_proj,linear,"{""input_per_expert"": [""n_e"", 1536], ""weight_storage_each"": [4096, 1536], ""output_per_expert"": [""n_e"", 4096], ""nonempty_experts"": 8, ""tokens_per_expert"": [1, 1, 1, 1, 1, 1, 1, 1, 0, 0, 0, 0, 0, 0, 0, 0, 0, 0, 0, 0, 0, 0, 0, 0, 0, 0, 0, 0, 0, 0, 0, 0, 0, 0, 0, 0, 0, 0, 0, 0, 0, 0, 0, 0, 0, 0, 0, 0, 0, 0, 0, 0, 0, 0, 0, 0, 0, 0, 0, 0, 0, 0, 0, 0, 0, 0, 0, 0, 0, 0, 0, 0, 0, 0, 0, 0, 0, 0, 0, 0, 0, 0, 0, 0, 0, 0, 0, 0, 0, 0, 0, 0, 0, 0, 0, 0, 0, 0, 0, 0, 0, 0, 0, 0, 0, 0, 0, 0, 0, 0, 0, 0, 0, 0, 0, 0, 0, 0, 0, 0, 0, 0, 0, 0, 0, 0, 0, 0]}",100663296,0,{},100663296,24576,65536,Unpadded per-expert GEMMs; empty experts have zero arithmetic and no weight payload.
15,expert_probability_multiply,routing,"{""expert_outputs"": [8, 4096], ""routing_weights"": [8]}",0,32768,{},0,65680,65536,Probability broadcast reuses one value per assignment; int64 token/slot indices included.
15,expert_output_zero,routing,"{""output"": [1, 4096]}",0,0,{},0,0,8192,Reference initializes final_hidden_states to zero.
15,expert_index_add,routing,"{""weighted_outputs"": [8, 4096], ""combined_output"": [1, 4096]}",0,32768,{},0,131136,65536,"Reference index_add includes the first add into zero; destination read/update per assignment is logical payload, not measured HBM."
15,ffn_residual,residual,"{""inputs_each"": [1, 4096], ""output"": [1, 4096]}",0,4096,{},0,16384,8192,
16,input_layernorm,normalization,"{""input"": [1, 4096], ""weight"": [4096], ""output"": [1, 4096]}",0,16385,"{""rsqrt"": 1}",8192,8192,8192,按 FP32 行内归约的代数计数；rsqrt、类型转换与临时 FP32 张量分列／不推断 HBM spill。
16,q_proj,linear,"{""input"": [1, 4096], ""weight_math"": [4096, 8192], ""weight_storage"": [8192, 4096], ""output"": [1, 8192]}",67108864,0,{},67108864,8192,16384,独立 GEMM：权重与输入各读一次、输出写一次的操作数载荷；不预测 tile 重读。
16,k_proj,linear,"{""input"": [1, 4096], ""weight_math"": [4096, 512], ""weight_storage"": [512, 4096], ""output"": [1, 512]}",4194304,0,{},4194304,8192,1024,独立 GEMM：权重与输入各读一次、输出写一次的操作数载荷；不预测 tile 重读。
16,v_proj,linear,"{""input"": [1, 4096], ""weight_math"": [4096, 512], ""weight_storage"": [512, 4096], ""output"": [1, 512]}",4194304,0,{},4194304,8192,1024,独立 GEMM：权重与输入各读一次、输出写一次的操作数载荷；不预测 tile 重读。
16,q_norm,normalization,"{""input"": [64, 128], ""weight"": [128], ""output"": [64, 128]}",0,32832,"{""rsqrt"": 64}",256,16384,16384,按 FP32 行内归约的代数计数；rsqrt、类型转换与临时 FP32 张量分列／不推断 HBM spill。
16,k_norm,normalization,"{""input"": [4, 128], ""weight"": [128], ""output"": [4, 128]}",0,2052,"{""rsqrt"": 4}",256,1024,1024,按 FP32 行内归约的代数计数；rsqrt、类型转换与临时 FP32 张量分列／不推断 HBM spill。
16,apply_rope,position,"{""Q"": [1, 64, 1, 128], ""K"": [1, 4, 1, 128]}",0,26112,"{""negate"": 4352}",0,17920,17408,2 multiply + 1 add/元素，rotate_half 符号翻转分列；表按批／头理想复用。
16,kv_append,state,"{""new_K_and_V_each"": [1, 4, 1, 128]}",0,0,{},0,2048,2048,原位／分页 append 载荷；不假定动态 torch.cat 对旧缓存整段复制。
16,qk,attention,"{""Q"": [1, 64, 1, 128], ""K_shared"": [1, 4, 8193, 128], ""scores_rectangular"": [1, 64, 1, 8193]}",134234112,0,{},0,8406016,2097408,FLOPs 仅有效因果位置；载荷是假定 Q/K 各读一次、GQA 头共享，完整分数矩阵物化。
16,score_scale_mask_softmax,softmax,"{""scores"": [1, 64, 1, 8193]}",0,2097344,"{""exp"": 524352, ""compare_max"": 524288, ""mask_decisions"": 524352}",0,2097408,2097408,选择的融合 scale/mask/softmax 代数工作；屏蔽点不计 exp。物化 FP32 默认概率；非具体 eager trace。
16,pv,attention,"{""P"": [1, 64, 1, 8193], ""V_shared"": [1, 4, 8193, 128], ""output"": [1, 64, 1, 128]}",134234112,0,{},0,10487040,16384,PV/AV：各 Q 头仍计算；V 容量不乘 GQA 复制数。载荷假定 V 在头／查询之间理想复用。
16,o_proj,linear,"{""input"": [1, 8192], ""weight_math"": [8192, 4096], ""weight_storage"": [4096, 8192], ""output"": [1, 4096]}",67108864,0,{},67108864,16384,8192,独立 GEMM：权重与输入各读一次、输出写一次的操作数载荷；不预测 tile 重读。
16,attention_residual,residual,"{""inputs_each"": [1, 4096], ""output"": [1, 4096]}",0,4096,{},0,16384,8192,
16,post_attention_layernorm,normalization,"{""input"": [1, 4096], ""weight"": [4096], ""output"": [1, 4096]}",0,16385,"{""rsqrt"": 1}",8192,8192,8192,按 FP32 行内归约的代数计数；rsqrt、类型转换与临时 FP32 张量分列／不推断 HBM spill。
16,router,linear,"{""input"": [1, 4096], ""weight_math"": [4096, 128], ""weight_storage"": [128, 4096], ""output"": [1, 128]}",1048576,0,{},1048576,8192,256,独立 GEMM：权重与输入各读一次、输出写一次的操作数载荷；不预测 tile 重读。
16,router_softmax,routing,"{""input"": [1, 128], ""probabilities_fp32"": [1, 128]}",0,383,"{""exp"": 128, ""compare_max"": 127}",0,256,512,"FP32 softmax: subtract max, exp, reduction, divide; casts are not FLOPs."
16,router_topk,routing,"{""input_fp32"": [1, 128], ""values_fp32"": [1, 8], ""indices_int64"": [1, 8]}",0,0,"{""topk_rows"": 1, ""topk_candidates"": 128}",0,512,96,Top-k is an explicit selection primitive; candidate counts are not comparisons or FLOPs. Backend selection algorithm is unspecified.
16,router_renormalize_cast,routing,"{""selected_probabilities"": [1, 8]}",0,15,{},0,32,16,"Selected probabilities are renormalized if norm_topk_prob, then cast to activation dtype; row reduction assumed on-chip."
16,routing_one_hot,routing_metadata,"{""selected_int64"": [1, 8], ""mask_int64"": [1, 8, 128]}",0,0,"{""one_hot_entries"": 1024}",0,64,8192,Pinned HF reference materializes one_hot int64; this large routing mask is not assumed in optimized dispatch.
16,routing_where,routing_metadata,"{""mask_int64"": [128, 8, 1], ""top_x_and_slot_each"": [8]}",0,0,"{""integer_nonzero_tests"": 1024}",0,8192,128,Scan each expert mask; two int64 coordinates per assignment. Permute is a view.
16,expert_gather,routing,"{""source"": [1, 4096], ""gathered_rows"": [8, 4096]}",0,0,{},0,65600,65536,Logical gathers summed over experts; n_e and each concrete GEMM shape are in expert_matrices.
16,expert_gate_proj,linear,"{""input_per_expert"": [""n_e"", 4096], ""weight_storage_each"": [1536, 4096], ""output_per_expert"": [""n_e"", 1536], ""nonempty_experts"": 8, ""tokens_per_expert"": [1, 1, 1, 1, 1, 1, 1, 1, 0, 0, 0, 0, 0, 0, 0, 0, 0, 0, 0, 0, 0, 0, 0, 0, 0, 0, 0, 0, 0, 0, 0, 0, 0, 0, 0, 0, 0, 0, 0, 0, 0, 0, 0, 0, 0, 0, 0, 0, 0, 0, 0, 0, 0, 0, 0, 0, 0, 0, 0, 0, 0, 0, 0, 0, 0, 0, 0, 0, 0, 0, 0, 0, 0, 0, 0, 0, 0, 0, 0, 0, 0, 0, 0, 0, 0, 0, 0, 0, 0, 0, 0, 0, 0, 0, 0, 0, 0, 0, 0, 0, 0, 0, 0, 0, 0, 0, 0, 0, 0, 0, 0, 0, 0, 0, 0, 0, 0, 0, 0, 0, 0, 0, 0, 0, 0, 0, 0, 0]}",100663296,0,{},100663296,65536,24576,"Sum of unpadded per-expert GEMMs; each visited expert weight read once per layer, not once per token."
16,expert_up_proj,linear,"{""input_per_expert"": [""n_e"", 4096], ""weight_storage_each"": [1536, 4096], ""output_per_expert"": [""n_e"", 1536], ""nonempty_experts"": 8, ""tokens_per_expert"": [1, 1, 1, 1, 1, 1, 1, 1, 0, 0, 0, 0, 0, 0, 0, 0, 0, 0, 0, 0, 0, 0, 0, 0, 0, 0, 0, 0, 0, 0, 0, 0, 0, 0, 0, 0, 0, 0, 0, 0, 0, 0, 0, 0, 0, 0, 0, 0, 0, 0, 0, 0, 0, 0, 0, 0, 0, 0, 0, 0, 0, 0, 0, 0, 0, 0, 0, 0, 0, 0, 0, 0, 0, 0, 0, 0, 0, 0, 0, 0, 0, 0, 0, 0, 0, 0, 0, 0, 0, 0, 0, 0, 0, 0, 0, 0, 0, 0, 0, 0, 0, 0, 0, 0, 0, 0, 0, 0, 0, 0, 0, 0, 0, 0, 0, 0, 0, 0, 0, 0, 0, 0, 0, 0, 0, 0, 0, 0]}",100663296,0,{},100663296,65536,24576,"Sum of unpadded per-expert GEMMs; each visited expert weight read once per layer, not once per token."
16,expert_silu_mul,activation,"{""gate_and_up_each"": [8, 1536]}",0,49152,"{""exp"": 12288, ""negate"": 12288}",0,49152,24576,
16,expert_down_proj,linear,"{""input_per_expert"": [""n_e"", 1536], ""weight_storage_each"": [4096, 1536], ""output_per_expert"": [""n_e"", 4096], ""nonempty_experts"": 8, ""tokens_per_expert"": [1, 1, 1, 1, 1, 1, 1, 1, 0, 0, 0, 0, 0, 0, 0, 0, 0, 0, 0, 0, 0, 0, 0, 0, 0, 0, 0, 0, 0, 0, 0, 0, 0, 0, 0, 0, 0, 0, 0, 0, 0, 0, 0, 0, 0, 0, 0, 0, 0, 0, 0, 0, 0, 0, 0, 0, 0, 0, 0, 0, 0, 0, 0, 0, 0, 0, 0, 0, 0, 0, 0, 0, 0, 0, 0, 0, 0, 0, 0, 0, 0, 0, 0, 0, 0, 0, 0, 0, 0, 0, 0, 0, 0, 0, 0, 0, 0, 0, 0, 0, 0, 0, 0, 0, 0, 0, 0, 0, 0, 0, 0, 0, 0, 0, 0, 0, 0, 0, 0, 0, 0, 0, 0, 0, 0, 0, 0, 0]}",100663296,0,{},100663296,24576,65536,Unpadded per-expert GEMMs; empty experts have zero arithmetic and no weight payload.
16,expert_probability_multiply,routing,"{""expert_outputs"": [8, 4096], ""routing_weights"": [8]}",0,32768,{},0,65680,65536,Probability broadcast reuses one value per assignment; int64 token/slot indices included.
16,expert_output_zero,routing,"{""output"": [1, 4096]}",0,0,{},0,0,8192,Reference initializes final_hidden_states to zero.
16,expert_index_add,routing,"{""weighted_outputs"": [8, 4096], ""combined_output"": [1, 4096]}",0,32768,{},0,131136,65536,"Reference index_add includes the first add into zero; destination read/update per assignment is logical payload, not measured HBM."
16,ffn_residual,residual,"{""inputs_each"": [1, 4096], ""output"": [1, 4096]}",0,4096,{},0,16384,8192,
17,input_layernorm,normalization,"{""input"": [1, 4096], ""weight"": [4096], ""output"": [1, 4096]}",0,16385,"{""rsqrt"": 1}",8192,8192,8192,按 FP32 行内归约的代数计数；rsqrt、类型转换与临时 FP32 张量分列／不推断 HBM spill。
17,q_proj,linear,"{""input"": [1, 4096], ""weight_math"": [4096, 8192], ""weight_storage"": [8192, 4096], ""output"": [1, 8192]}",67108864,0,{},67108864,8192,16384,独立 GEMM：权重与输入各读一次、输出写一次的操作数载荷；不预测 tile 重读。
17,k_proj,linear,"{""input"": [1, 4096], ""weight_math"": [4096, 512], ""weight_storage"": [512, 4096], ""output"": [1, 512]}",4194304,0,{},4194304,8192,1024,独立 GEMM：权重与输入各读一次、输出写一次的操作数载荷；不预测 tile 重读。
17,v_proj,linear,"{""input"": [1, 4096], ""weight_math"": [4096, 512], ""weight_storage"": [512, 4096], ""output"": [1, 512]}",4194304,0,{},4194304,8192,1024,独立 GEMM：权重与输入各读一次、输出写一次的操作数载荷；不预测 tile 重读。
17,q_norm,normalization,"{""input"": [64, 128], ""weight"": [128], ""output"": [64, 128]}",0,32832,"{""rsqrt"": 64}",256,16384,16384,按 FP32 行内归约的代数计数；rsqrt、类型转换与临时 FP32 张量分列／不推断 HBM spill。
17,k_norm,normalization,"{""input"": [4, 128], ""weight"": [128], ""output"": [4, 128]}",0,2052,"{""rsqrt"": 4}",256,1024,1024,按 FP32 行内归约的代数计数；rsqrt、类型转换与临时 FP32 张量分列／不推断 HBM spill。
17,apply_rope,position,"{""Q"": [1, 64, 1, 128], ""K"": [1, 4, 1, 128]}",0,26112,"{""negate"": 4352}",0,17920,17408,2 multiply + 1 add/元素，rotate_half 符号翻转分列；表按批／头理想复用。
17,kv_append,state,"{""new_K_and_V_each"": [1, 4, 1, 128]}",0,0,{},0,2048,2048,原位／分页 append 载荷；不假定动态 torch.cat 对旧缓存整段复制。
17,qk,attention,"{""Q"": [1, 64, 1, 128], ""K_shared"": [1, 4, 8193, 128], ""scores_rectangular"": [1, 64, 1, 8193]}",134234112,0,{},0,8406016,2097408,FLOPs 仅有效因果位置；载荷是假定 Q/K 各读一次、GQA 头共享，完整分数矩阵物化。
17,score_scale_mask_softmax,softmax,"{""scores"": [1, 64, 1, 8193]}",0,2097344,"{""exp"": 524352, ""compare_max"": 524288, ""mask_decisions"": 524352}",0,2097408,2097408,选择的融合 scale/mask/softmax 代数工作；屏蔽点不计 exp。物化 FP32 默认概率；非具体 eager trace。
17,pv,attention,"{""P"": [1, 64, 1, 8193], ""V_shared"": [1, 4, 8193, 128], ""output"": [1, 64, 1, 128]}",134234112,0,{},0,10487040,16384,PV/AV：各 Q 头仍计算；V 容量不乘 GQA 复制数。载荷假定 V 在头／查询之间理想复用。
17,o_proj,linear,"{""input"": [1, 8192], ""weight_math"": [8192, 4096], ""weight_storage"": [4096, 8192], ""output"": [1, 4096]}",67108864,0,{},67108864,16384,8192,独立 GEMM：权重与输入各读一次、输出写一次的操作数载荷；不预测 tile 重读。
17,attention_residual,residual,"{""inputs_each"": [1, 4096], ""output"": [1, 4096]}",0,4096,{},0,16384,8192,
17,post_attention_layernorm,normalization,"{""input"": [1, 4096], ""weight"": [4096], ""output"": [1, 4096]}",0,16385,"{""rsqrt"": 1}",8192,8192,8192,按 FP32 行内归约的代数计数；rsqrt、类型转换与临时 FP32 张量分列／不推断 HBM spill。
17,router,linear,"{""input"": [1, 4096], ""weight_math"": [4096, 128], ""weight_storage"": [128, 4096], ""output"": [1, 128]}",1048576,0,{},1048576,8192,256,独立 GEMM：权重与输入各读一次、输出写一次的操作数载荷；不预测 tile 重读。
17,router_softmax,routing,"{""input"": [1, 128], ""probabilities_fp32"": [1, 128]}",0,383,"{""exp"": 128, ""compare_max"": 127}",0,256,512,"FP32 softmax: subtract max, exp, reduction, divide; casts are not FLOPs."
17,router_topk,routing,"{""input_fp32"": [1, 128], ""values_fp32"": [1, 8], ""indices_int64"": [1, 8]}",0,0,"{""topk_rows"": 1, ""topk_candidates"": 128}",0,512,96,Top-k is an explicit selection primitive; candidate counts are not comparisons or FLOPs. Backend selection algorithm is unspecified.
17,router_renormalize_cast,routing,"{""selected_probabilities"": [1, 8]}",0,15,{},0,32,16,"Selected probabilities are renormalized if norm_topk_prob, then cast to activation dtype; row reduction assumed on-chip."
17,routing_one_hot,routing_metadata,"{""selected_int64"": [1, 8], ""mask_int64"": [1, 8, 128]}",0,0,"{""one_hot_entries"": 1024}",0,64,8192,Pinned HF reference materializes one_hot int64; this large routing mask is not assumed in optimized dispatch.
17,routing_where,routing_metadata,"{""mask_int64"": [128, 8, 1], ""top_x_and_slot_each"": [8]}",0,0,"{""integer_nonzero_tests"": 1024}",0,8192,128,Scan each expert mask; two int64 coordinates per assignment. Permute is a view.
17,expert_gather,routing,"{""source"": [1, 4096], ""gathered_rows"": [8, 4096]}",0,0,{},0,65600,65536,Logical gathers summed over experts; n_e and each concrete GEMM shape are in expert_matrices.
17,expert_gate_proj,linear,"{""input_per_expert"": [""n_e"", 4096], ""weight_storage_each"": [1536, 4096], ""output_per_expert"": [""n_e"", 1536], ""nonempty_experts"": 8, ""tokens_per_expert"": [1, 1, 1, 1, 1, 1, 1, 1, 0, 0, 0, 0, 0, 0, 0, 0, 0, 0, 0, 0, 0, 0, 0, 0, 0, 0, 0, 0, 0, 0, 0, 0, 0, 0, 0, 0, 0, 0, 0, 0, 0, 0, 0, 0, 0, 0, 0, 0, 0, 0, 0, 0, 0, 0, 0, 0, 0, 0, 0, 0, 0, 0, 0, 0, 0, 0, 0, 0, 0, 0, 0, 0, 0, 0, 0, 0, 0, 0, 0, 0, 0, 0, 0, 0, 0, 0, 0, 0, 0, 0, 0, 0, 0, 0, 0, 0, 0, 0, 0, 0, 0, 0, 0, 0, 0, 0, 0, 0, 0, 0, 0, 0, 0, 0, 0, 0, 0, 0, 0, 0, 0, 0, 0, 0, 0, 0, 0, 0]}",100663296,0,{},100663296,65536,24576,"Sum of unpadded per-expert GEMMs; each visited expert weight read once per layer, not once per token."
17,expert_up_proj,linear,"{""input_per_expert"": [""n_e"", 4096], ""weight_storage_each"": [1536, 4096], ""output_per_expert"": [""n_e"", 1536], ""nonempty_experts"": 8, ""tokens_per_expert"": [1, 1, 1, 1, 1, 1, 1, 1, 0, 0, 0, 0, 0, 0, 0, 0, 0, 0, 0, 0, 0, 0, 0, 0, 0, 0, 0, 0, 0, 0, 0, 0, 0, 0, 0, 0, 0, 0, 0, 0, 0, 0, 0, 0, 0, 0, 0, 0, 0, 0, 0, 0, 0, 0, 0, 0, 0, 0, 0, 0, 0, 0, 0, 0, 0, 0, 0, 0, 0, 0, 0, 0, 0, 0, 0, 0, 0, 0, 0, 0, 0, 0, 0, 0, 0, 0, 0, 0, 0, 0, 0, 0, 0, 0, 0, 0, 0, 0, 0, 0, 0, 0, 0, 0, 0, 0, 0, 0, 0, 0, 0, 0, 0, 0, 0, 0, 0, 0, 0, 0, 0, 0, 0, 0, 0, 0, 0, 0]}",100663296,0,{},100663296,65536,24576,"Sum of unpadded per-expert GEMMs; each visited expert weight read once per layer, not once per token."
17,expert_silu_mul,activation,"{""gate_and_up_each"": [8, 1536]}",0,49152,"{""exp"": 12288, ""negate"": 12288}",0,49152,24576,
17,expert_down_proj,linear,"{""input_per_expert"": [""n_e"", 1536], ""weight_storage_each"": [4096, 1536], ""output_per_expert"": [""n_e"", 4096], ""nonempty_experts"": 8, ""tokens_per_expert"": [1, 1, 1, 1, 1, 1, 1, 1, 0, 0, 0, 0, 0, 0, 0, 0, 0, 0, 0, 0, 0, 0, 0, 0, 0, 0, 0, 0, 0, 0, 0, 0, 0, 0, 0, 0, 0, 0, 0, 0, 0, 0, 0, 0, 0, 0, 0, 0, 0, 0, 0, 0, 0, 0, 0, 0, 0, 0, 0, 0, 0, 0, 0, 0, 0, 0, 0, 0, 0, 0, 0, 0, 0, 0, 0, 0, 0, 0, 0, 0, 0, 0, 0, 0, 0, 0, 0, 0, 0, 0, 0, 0, 0, 0, 0, 0, 0, 0, 0, 0, 0, 0, 0, 0, 0, 0, 0, 0, 0, 0, 0, 0, 0, 0, 0, 0, 0, 0, 0, 0, 0, 0, 0, 0, 0, 0, 0, 0]}",100663296,0,{},100663296,24576,65536,Unpadded per-expert GEMMs; empty experts have zero arithmetic and no weight payload.
17,expert_probability_multiply,routing,"{""expert_outputs"": [8, 4096], ""routing_weights"": [8]}",0,32768,{},0,65680,65536,Probability broadcast reuses one value per assignment; int64 token/slot indices included.
17,expert_output_zero,routing,"{""output"": [1, 4096]}",0,0,{},0,0,8192,Reference initializes final_hidden_states to zero.
17,expert_index_add,routing,"{""weighted_outputs"": [8, 4096], ""combined_output"": [1, 4096]}",0,32768,{},0,131136,65536,"Reference index_add includes the first add into zero; destination read/update per assignment is logical payload, not measured HBM."
17,ffn_residual,residual,"{""inputs_each"": [1, 4096], ""output"": [1, 4096]}",0,4096,{},0,16384,8192,
18,input_layernorm,normalization,"{""input"": [1, 4096], ""weight"": [4096], ""output"": [1, 4096]}",0,16385,"{""rsqrt"": 1}",8192,8192,8192,按 FP32 行内归约的代数计数；rsqrt、类型转换与临时 FP32 张量分列／不推断 HBM spill。
18,q_proj,linear,"{""input"": [1, 4096], ""weight_math"": [4096, 8192], ""weight_storage"": [8192, 4096], ""output"": [1, 8192]}",67108864,0,{},67108864,8192,16384,独立 GEMM：权重与输入各读一次、输出写一次的操作数载荷；不预测 tile 重读。
18,k_proj,linear,"{""input"": [1, 4096], ""weight_math"": [4096, 512], ""weight_storage"": [512, 4096], ""output"": [1, 512]}",4194304,0,{},4194304,8192,1024,独立 GEMM：权重与输入各读一次、输出写一次的操作数载荷；不预测 tile 重读。
18,v_proj,linear,"{""input"": [1, 4096], ""weight_math"": [4096, 512], ""weight_storage"": [512, 4096], ""output"": [1, 512]}",4194304,0,{},4194304,8192,1024,独立 GEMM：权重与输入各读一次、输出写一次的操作数载荷；不预测 tile 重读。
18,q_norm,normalization,"{""input"": [64, 128], ""weight"": [128], ""output"": [64, 128]}",0,32832,"{""rsqrt"": 64}",256,16384,16384,按 FP32 行内归约的代数计数；rsqrt、类型转换与临时 FP32 张量分列／不推断 HBM spill。
18,k_norm,normalization,"{""input"": [4, 128], ""weight"": [128], ""output"": [4, 128]}",0,2052,"{""rsqrt"": 4}",256,1024,1024,按 FP32 行内归约的代数计数；rsqrt、类型转换与临时 FP32 张量分列／不推断 HBM spill。
18,apply_rope,position,"{""Q"": [1, 64, 1, 128], ""K"": [1, 4, 1, 128]}",0,26112,"{""negate"": 4352}",0,17920,17408,2 multiply + 1 add/元素，rotate_half 符号翻转分列；表按批／头理想复用。
18,kv_append,state,"{""new_K_and_V_each"": [1, 4, 1, 128]}",0,0,{},0,2048,2048,原位／分页 append 载荷；不假定动态 torch.cat 对旧缓存整段复制。
18,qk,attention,"{""Q"": [1, 64, 1, 128], ""K_shared"": [1, 4, 8193, 128], ""scores_rectangular"": [1, 64, 1, 8193]}",134234112,0,{},0,8406016,2097408,FLOPs 仅有效因果位置；载荷是假定 Q/K 各读一次、GQA 头共享，完整分数矩阵物化。
18,score_scale_mask_softmax,softmax,"{""scores"": [1, 64, 1, 8193]}",0,2097344,"{""exp"": 524352, ""compare_max"": 524288, ""mask_decisions"": 524352}",0,2097408,2097408,选择的融合 scale/mask/softmax 代数工作；屏蔽点不计 exp。物化 FP32 默认概率；非具体 eager trace。
18,pv,attention,"{""P"": [1, 64, 1, 8193], ""V_shared"": [1, 4, 8193, 128], ""output"": [1, 64, 1, 128]}",134234112,0,{},0,10487040,16384,PV/AV：各 Q 头仍计算；V 容量不乘 GQA 复制数。载荷假定 V 在头／查询之间理想复用。
18,o_proj,linear,"{""input"": [1, 8192], ""weight_math"": [8192, 4096], ""weight_storage"": [4096, 8192], ""output"": [1, 4096]}",67108864,0,{},67108864,16384,8192,独立 GEMM：权重与输入各读一次、输出写一次的操作数载荷；不预测 tile 重读。
18,attention_residual,residual,"{""inputs_each"": [1, 4096], ""output"": [1, 4096]}",0,4096,{},0,16384,8192,
18,post_attention_layernorm,normalization,"{""input"": [1, 4096], ""weight"": [4096], ""output"": [1, 4096]}",0,16385,"{""rsqrt"": 1}",8192,8192,8192,按 FP32 行内归约的代数计数；rsqrt、类型转换与临时 FP32 张量分列／不推断 HBM spill。
18,router,linear,"{""input"": [1, 4096], ""weight_math"": [4096, 128], ""weight_storage"": [128, 4096], ""output"": [1, 128]}",1048576,0,{},1048576,8192,256,独立 GEMM：权重与输入各读一次、输出写一次的操作数载荷；不预测 tile 重读。
18,router_softmax,routing,"{""input"": [1, 128], ""probabilities_fp32"": [1, 128]}",0,383,"{""exp"": 128, ""compare_max"": 127}",0,256,512,"FP32 softmax: subtract max, exp, reduction, divide; casts are not FLOPs."
18,router_topk,routing,"{""input_fp32"": [1, 128], ""values_fp32"": [1, 8], ""indices_int64"": [1, 8]}",0,0,"{""topk_rows"": 1, ""topk_candidates"": 128}",0,512,96,Top-k is an explicit selection primitive; candidate counts are not comparisons or FLOPs. Backend selection algorithm is unspecified.
18,router_renormalize_cast,routing,"{""selected_probabilities"": [1, 8]}",0,15,{},0,32,16,"Selected probabilities are renormalized if norm_topk_prob, then cast to activation dtype; row reduction assumed on-chip."
18,routing_one_hot,routing_metadata,"{""selected_int64"": [1, 8], ""mask_int64"": [1, 8, 128]}",0,0,"{""one_hot_entries"": 1024}",0,64,8192,Pinned HF reference materializes one_hot int64; this large routing mask is not assumed in optimized dispatch.
18,routing_where,routing_metadata,"{""mask_int64"": [128, 8, 1], ""top_x_and_slot_each"": [8]}",0,0,"{""integer_nonzero_tests"": 1024}",0,8192,128,Scan each expert mask; two int64 coordinates per assignment. Permute is a view.
18,expert_gather,routing,"{""source"": [1, 4096], ""gathered_rows"": [8, 4096]}",0,0,{},0,65600,65536,Logical gathers summed over experts; n_e and each concrete GEMM shape are in expert_matrices.
18,expert_gate_proj,linear,"{""input_per_expert"": [""n_e"", 4096], ""weight_storage_each"": [1536, 4096], ""output_per_expert"": [""n_e"", 1536], ""nonempty_experts"": 8, ""tokens_per_expert"": [1, 1, 1, 1, 1, 1, 1, 1, 0, 0, 0, 0, 0, 0, 0, 0, 0, 0, 0, 0, 0, 0, 0, 0, 0, 0, 0, 0, 0, 0, 0, 0, 0, 0, 0, 0, 0, 0, 0, 0, 0, 0, 0, 0, 0, 0, 0, 0, 0, 0, 0, 0, 0, 0, 0, 0, 0, 0, 0, 0, 0, 0, 0, 0, 0, 0, 0, 0, 0, 0, 0, 0, 0, 0, 0, 0, 0, 0, 0, 0, 0, 0, 0, 0, 0, 0, 0, 0, 0, 0, 0, 0, 0, 0, 0, 0, 0, 0, 0, 0, 0, 0, 0, 0, 0, 0, 0, 0, 0, 0, 0, 0, 0, 0, 0, 0, 0, 0, 0, 0, 0, 0, 0, 0, 0, 0, 0, 0]}",100663296,0,{},100663296,65536,24576,"Sum of unpadded per-expert GEMMs; each visited expert weight read once per layer, not once per token."
18,expert_up_proj,linear,"{""input_per_expert"": [""n_e"", 4096], ""weight_storage_each"": [1536, 4096], ""output_per_expert"": [""n_e"", 1536], ""nonempty_experts"": 8, ""tokens_per_expert"": [1, 1, 1, 1, 1, 1, 1, 1, 0, 0, 0, 0, 0, 0, 0, 0, 0, 0, 0, 0, 0, 0, 0, 0, 0, 0, 0, 0, 0, 0, 0, 0, 0, 0, 0, 0, 0, 0, 0, 0, 0, 0, 0, 0, 0, 0, 0, 0, 0, 0, 0, 0, 0, 0, 0, 0, 0, 0, 0, 0, 0, 0, 0, 0, 0, 0, 0, 0, 0, 0, 0, 0, 0, 0, 0, 0, 0, 0, 0, 0, 0, 0, 0, 0, 0, 0, 0, 0, 0, 0, 0, 0, 0, 0, 0, 0, 0, 0, 0, 0, 0, 0, 0, 0, 0, 0, 0, 0, 0, 0, 0, 0, 0, 0, 0, 0, 0, 0, 0, 0, 0, 0, 0, 0, 0, 0, 0, 0]}",100663296,0,{},100663296,65536,24576,"Sum of unpadded per-expert GEMMs; each visited expert weight read once per layer, not once per token."
18,expert_silu_mul,activation,"{""gate_and_up_each"": [8, 1536]}",0,49152,"{""exp"": 12288, ""negate"": 12288}",0,49152,24576,
18,expert_down_proj,linear,"{""input_per_expert"": [""n_e"", 1536], ""weight_storage_each"": [4096, 1536], ""output_per_expert"": [""n_e"", 4096], ""nonempty_experts"": 8, ""tokens_per_expert"": [1, 1, 1, 1, 1, 1, 1, 1, 0, 0, 0, 0, 0, 0, 0, 0, 0, 0, 0, 0, 0, 0, 0, 0, 0, 0, 0, 0, 0, 0, 0, 0, 0, 0, 0, 0, 0, 0, 0, 0, 0, 0, 0, 0, 0, 0, 0, 0, 0, 0, 0, 0, 0, 0, 0, 0, 0, 0, 0, 0, 0, 0, 0, 0, 0, 0, 0, 0, 0, 0, 0, 0, 0, 0, 0, 0, 0, 0, 0, 0, 0, 0, 0, 0, 0, 0, 0, 0, 0, 0, 0, 0, 0, 0, 0, 0, 0, 0, 0, 0, 0, 0, 0, 0, 0, 0, 0, 0, 0, 0, 0, 0, 0, 0, 0, 0, 0, 0, 0, 0, 0, 0, 0, 0, 0, 0, 0, 0]}",100663296,0,{},100663296,24576,65536,Unpadded per-expert GEMMs; empty experts have zero arithmetic and no weight payload.
18,expert_probability_multiply,routing,"{""expert_outputs"": [8, 4096], ""routing_weights"": [8]}",0,32768,{},0,65680,65536,Probability broadcast reuses one value per assignment; int64 token/slot indices included.
18,expert_output_zero,routing,"{""output"": [1, 4096]}",0,0,{},0,0,8192,Reference initializes final_hidden_states to zero.
18,expert_index_add,routing,"{""weighted_outputs"": [8, 4096], ""combined_output"": [1, 4096]}",0,32768,{},0,131136,65536,"Reference index_add includes the first add into zero; destination read/update per assignment is logical payload, not measured HBM."
18,ffn_residual,residual,"{""inputs_each"": [1, 4096], ""output"": [1, 4096]}",0,4096,{},0,16384,8192,
19,input_layernorm,normalization,"{""input"": [1, 4096], ""weight"": [4096], ""output"": [1, 4096]}",0,16385,"{""rsqrt"": 1}",8192,8192,8192,按 FP32 行内归约的代数计数；rsqrt、类型转换与临时 FP32 张量分列／不推断 HBM spill。
19,q_proj,linear,"{""input"": [1, 4096], ""weight_math"": [4096, 8192], ""weight_storage"": [8192, 4096], ""output"": [1, 8192]}",67108864,0,{},67108864,8192,16384,独立 GEMM：权重与输入各读一次、输出写一次的操作数载荷；不预测 tile 重读。
19,k_proj,linear,"{""input"": [1, 4096], ""weight_math"": [4096, 512], ""weight_storage"": [512, 4096], ""output"": [1, 512]}",4194304,0,{},4194304,8192,1024,独立 GEMM：权重与输入各读一次、输出写一次的操作数载荷；不预测 tile 重读。
19,v_proj,linear,"{""input"": [1, 4096], ""weight_math"": [4096, 512], ""weight_storage"": [512, 4096], ""output"": [1, 512]}",4194304,0,{},4194304,8192,1024,独立 GEMM：权重与输入各读一次、输出写一次的操作数载荷；不预测 tile 重读。
19,q_norm,normalization,"{""input"": [64, 128], ""weight"": [128], ""output"": [64, 128]}",0,32832,"{""rsqrt"": 64}",256,16384,16384,按 FP32 行内归约的代数计数；rsqrt、类型转换与临时 FP32 张量分列／不推断 HBM spill。
19,k_norm,normalization,"{""input"": [4, 128], ""weight"": [128], ""output"": [4, 128]}",0,2052,"{""rsqrt"": 4}",256,1024,1024,按 FP32 行内归约的代数计数；rsqrt、类型转换与临时 FP32 张量分列／不推断 HBM spill。
19,apply_rope,position,"{""Q"": [1, 64, 1, 128], ""K"": [1, 4, 1, 128]}",0,26112,"{""negate"": 4352}",0,17920,17408,2 multiply + 1 add/元素，rotate_half 符号翻转分列；表按批／头理想复用。
19,kv_append,state,"{""new_K_and_V_each"": [1, 4, 1, 128]}",0,0,{},0,2048,2048,原位／分页 append 载荷；不假定动态 torch.cat 对旧缓存整段复制。
19,qk,attention,"{""Q"": [1, 64, 1, 128], ""K_shared"": [1, 4, 8193, 128], ""scores_rectangular"": [1, 64, 1, 8193]}",134234112,0,{},0,8406016,2097408,FLOPs 仅有效因果位置；载荷是假定 Q/K 各读一次、GQA 头共享，完整分数矩阵物化。
19,score_scale_mask_softmax,softmax,"{""scores"": [1, 64, 1, 8193]}",0,2097344,"{""exp"": 524352, ""compare_max"": 524288, ""mask_decisions"": 524352}",0,2097408,2097408,选择的融合 scale/mask/softmax 代数工作；屏蔽点不计 exp。物化 FP32 默认概率；非具体 eager trace。
19,pv,attention,"{""P"": [1, 64, 1, 8193], ""V_shared"": [1, 4, 8193, 128], ""output"": [1, 64, 1, 128]}",134234112,0,{},0,10487040,16384,PV/AV：各 Q 头仍计算；V 容量不乘 GQA 复制数。载荷假定 V 在头／查询之间理想复用。
19,o_proj,linear,"{""input"": [1, 8192], ""weight_math"": [8192, 4096], ""weight_storage"": [4096, 8192], ""output"": [1, 4096]}",67108864,0,{},67108864,16384,8192,独立 GEMM：权重与输入各读一次、输出写一次的操作数载荷；不预测 tile 重读。
19,attention_residual,residual,"{""inputs_each"": [1, 4096], ""output"": [1, 4096]}",0,4096,{},0,16384,8192,
19,post_attention_layernorm,normalization,"{""input"": [1, 4096], ""weight"": [4096], ""output"": [1, 4096]}",0,16385,"{""rsqrt"": 1}",8192,8192,8192,按 FP32 行内归约的代数计数；rsqrt、类型转换与临时 FP32 张量分列／不推断 HBM spill。
19,router,linear,"{""input"": [1, 4096], ""weight_math"": [4096, 128], ""weight_storage"": [128, 4096], ""output"": [1, 128]}",1048576,0,{},1048576,8192,256,独立 GEMM：权重与输入各读一次、输出写一次的操作数载荷；不预测 tile 重读。
19,router_softmax,routing,"{""input"": [1, 128], ""probabilities_fp32"": [1, 128]}",0,383,"{""exp"": 128, ""compare_max"": 127}",0,256,512,"FP32 softmax: subtract max, exp, reduction, divide; casts are not FLOPs."
19,router_topk,routing,"{""input_fp32"": [1, 128], ""values_fp32"": [1, 8], ""indices_int64"": [1, 8]}",0,0,"{""topk_rows"": 1, ""topk_candidates"": 128}",0,512,96,Top-k is an explicit selection primitive; candidate counts are not comparisons or FLOPs. Backend selection algorithm is unspecified.
19,router_renormalize_cast,routing,"{""selected_probabilities"": [1, 8]}",0,15,{},0,32,16,"Selected probabilities are renormalized if norm_topk_prob, then cast to activation dtype; row reduction assumed on-chip."
19,routing_one_hot,routing_metadata,"{""selected_int64"": [1, 8], ""mask_int64"": [1, 8, 128]}",0,0,"{""one_hot_entries"": 1024}",0,64,8192,Pinned HF reference materializes one_hot int64; this large routing mask is not assumed in optimized dispatch.
19,routing_where,routing_metadata,"{""mask_int64"": [128, 8, 1], ""top_x_and_slot_each"": [8]}",0,0,"{""integer_nonzero_tests"": 1024}",0,8192,128,Scan each expert mask; two int64 coordinates per assignment. Permute is a view.
19,expert_gather,routing,"{""source"": [1, 4096], ""gathered_rows"": [8, 4096]}",0,0,{},0,65600,65536,Logical gathers summed over experts; n_e and each concrete GEMM shape are in expert_matrices.
19,expert_gate_proj,linear,"{""input_per_expert"": [""n_e"", 4096], ""weight_storage_each"": [1536, 4096], ""output_per_expert"": [""n_e"", 1536], ""nonempty_experts"": 8, ""tokens_per_expert"": [1, 1, 1, 1, 1, 1, 1, 1, 0, 0, 0, 0, 0, 0, 0, 0, 0, 0, 0, 0, 0, 0, 0, 0, 0, 0, 0, 0, 0, 0, 0, 0, 0, 0, 0, 0, 0, 0, 0, 0, 0, 0, 0, 0, 0, 0, 0, 0, 0, 0, 0, 0, 0, 0, 0, 0, 0, 0, 0, 0, 0, 0, 0, 0, 0, 0, 0, 0, 0, 0, 0, 0, 0, 0, 0, 0, 0, 0, 0, 0, 0, 0, 0, 0, 0, 0, 0, 0, 0, 0, 0, 0, 0, 0, 0, 0, 0, 0, 0, 0, 0, 0, 0, 0, 0, 0, 0, 0, 0, 0, 0, 0, 0, 0, 0, 0, 0, 0, 0, 0, 0, 0, 0, 0, 0, 0, 0, 0]}",100663296,0,{},100663296,65536,24576,"Sum of unpadded per-expert GEMMs; each visited expert weight read once per layer, not once per token."
19,expert_up_proj,linear,"{""input_per_expert"": [""n_e"", 4096], ""weight_storage_each"": [1536, 4096], ""output_per_expert"": [""n_e"", 1536], ""nonempty_experts"": 8, ""tokens_per_expert"": [1, 1, 1, 1, 1, 1, 1, 1, 0, 0, 0, 0, 0, 0, 0, 0, 0, 0, 0, 0, 0, 0, 0, 0, 0, 0, 0, 0, 0, 0, 0, 0, 0, 0, 0, 0, 0, 0, 0, 0, 0, 0, 0, 0, 0, 0, 0, 0, 0, 0, 0, 0, 0, 0, 0, 0, 0, 0, 0, 0, 0, 0, 0, 0, 0, 0, 0, 0, 0, 0, 0, 0, 0, 0, 0, 0, 0, 0, 0, 0, 0, 0, 0, 0, 0, 0, 0, 0, 0, 0, 0, 0, 0, 0, 0, 0, 0, 0, 0, 0, 0, 0, 0, 0, 0, 0, 0, 0, 0, 0, 0, 0, 0, 0, 0, 0, 0, 0, 0, 0, 0, 0, 0, 0, 0, 0, 0, 0]}",100663296,0,{},100663296,65536,24576,"Sum of unpadded per-expert GEMMs; each visited expert weight read once per layer, not once per token."
19,expert_silu_mul,activation,"{""gate_and_up_each"": [8, 1536]}",0,49152,"{""exp"": 12288, ""negate"": 12288}",0,49152,24576,
19,expert_down_proj,linear,"{""input_per_expert"": [""n_e"", 1536], ""weight_storage_each"": [4096, 1536], ""output_per_expert"": [""n_e"", 4096], ""nonempty_experts"": 8, ""tokens_per_expert"": [1, 1, 1, 1, 1, 1, 1, 1, 0, 0, 0, 0, 0, 0, 0, 0, 0, 0, 0, 0, 0, 0, 0, 0, 0, 0, 0, 0, 0, 0, 0, 0, 0, 0, 0, 0, 0, 0, 0, 0, 0, 0, 0, 0, 0, 0, 0, 0, 0, 0, 0, 0, 0, 0, 0, 0, 0, 0, 0, 0, 0, 0, 0, 0, 0, 0, 0, 0, 0, 0, 0, 0, 0, 0, 0, 0, 0, 0, 0, 0, 0, 0, 0, 0, 0, 0, 0, 0, 0, 0, 0, 0, 0, 0, 0, 0, 0, 0, 0, 0, 0, 0, 0, 0, 0, 0, 0, 0, 0, 0, 0, 0, 0, 0, 0, 0, 0, 0, 0, 0, 0, 0, 0, 0, 0, 0, 0, 0]}",100663296,0,{},100663296,24576,65536,Unpadded per-expert GEMMs; empty experts have zero arithmetic and no weight payload.
19,expert_probability_multiply,routing,"{""expert_outputs"": [8, 4096], ""routing_weights"": [8]}",0,32768,{},0,65680,65536,Probability broadcast reuses one value per assignment; int64 token/slot indices included.
19,expert_output_zero,routing,"{""output"": [1, 4096]}",0,0,{},0,0,8192,Reference initializes final_hidden_states to zero.
19,expert_index_add,routing,"{""weighted_outputs"": [8, 4096], ""combined_output"": [1, 4096]}",0,32768,{},0,131136,65536,"Reference index_add includes the first add into zero; destination read/update per assignment is logical payload, not measured HBM."
19,ffn_residual,residual,"{""inputs_each"": [1, 4096], ""output"": [1, 4096]}",0,4096,{},0,16384,8192,
20,input_layernorm,normalization,"{""input"": [1, 4096], ""weight"": [4096], ""output"": [1, 4096]}",0,16385,"{""rsqrt"": 1}",8192,8192,8192,按 FP32 行内归约的代数计数；rsqrt、类型转换与临时 FP32 张量分列／不推断 HBM spill。
20,q_proj,linear,"{""input"": [1, 4096], ""weight_math"": [4096, 8192], ""weight_storage"": [8192, 4096], ""output"": [1, 8192]}",67108864,0,{},67108864,8192,16384,独立 GEMM：权重与输入各读一次、输出写一次的操作数载荷；不预测 tile 重读。
20,k_proj,linear,"{""input"": [1, 4096], ""weight_math"": [4096, 512], ""weight_storage"": [512, 4096], ""output"": [1, 512]}",4194304,0,{},4194304,8192,1024,独立 GEMM：权重与输入各读一次、输出写一次的操作数载荷；不预测 tile 重读。
20,v_proj,linear,"{""input"": [1, 4096], ""weight_math"": [4096, 512], ""weight_storage"": [512, 4096], ""output"": [1, 512]}",4194304,0,{},4194304,8192,1024,独立 GEMM：权重与输入各读一次、输出写一次的操作数载荷；不预测 tile 重读。
20,q_norm,normalization,"{""input"": [64, 128], ""weight"": [128], ""output"": [64, 128]}",0,32832,"{""rsqrt"": 64}",256,16384,16384,按 FP32 行内归约的代数计数；rsqrt、类型转换与临时 FP32 张量分列／不推断 HBM spill。
20,k_norm,normalization,"{""input"": [4, 128], ""weight"": [128], ""output"": [4, 128]}",0,2052,"{""rsqrt"": 4}",256,1024,1024,按 FP32 行内归约的代数计数；rsqrt、类型转换与临时 FP32 张量分列／不推断 HBM spill。
20,apply_rope,position,"{""Q"": [1, 64, 1, 128], ""K"": [1, 4, 1, 128]}",0,26112,"{""negate"": 4352}",0,17920,17408,2 multiply + 1 add/元素，rotate_half 符号翻转分列；表按批／头理想复用。
20,kv_append,state,"{""new_K_and_V_each"": [1, 4, 1, 128]}",0,0,{},0,2048,2048,原位／分页 append 载荷；不假定动态 torch.cat 对旧缓存整段复制。
20,qk,attention,"{""Q"": [1, 64, 1, 128], ""K_shared"": [1, 4, 8193, 128], ""scores_rectangular"": [1, 64, 1, 8193]}",134234112,0,{},0,8406016,2097408,FLOPs 仅有效因果位置；载荷是假定 Q/K 各读一次、GQA 头共享，完整分数矩阵物化。
20,score_scale_mask_softmax,softmax,"{""scores"": [1, 64, 1, 8193]}",0,2097344,"{""exp"": 524352, ""compare_max"": 524288, ""mask_decisions"": 524352}",0,2097408,2097408,选择的融合 scale/mask/softmax 代数工作；屏蔽点不计 exp。物化 FP32 默认概率；非具体 eager trace。
20,pv,attention,"{""P"": [1, 64, 1, 8193], ""V_shared"": [1, 4, 8193, 128], ""output"": [1, 64, 1, 128]}",134234112,0,{},0,10487040,16384,PV/AV：各 Q 头仍计算；V 容量不乘 GQA 复制数。载荷假定 V 在头／查询之间理想复用。
20,o_proj,linear,"{""input"": [1, 8192], ""weight_math"": [8192, 4096], ""weight_storage"": [4096, 8192], ""output"": [1, 4096]}",67108864,0,{},67108864,16384,8192,独立 GEMM：权重与输入各读一次、输出写一次的操作数载荷；不预测 tile 重读。
20,attention_residual,residual,"{""inputs_each"": [1, 4096], ""output"": [1, 4096]}",0,4096,{},0,16384,8192,
20,post_attention_layernorm,normalization,"{""input"": [1, 4096], ""weight"": [4096], ""output"": [1, 4096]}",0,16385,"{""rsqrt"": 1}",8192,8192,8192,按 FP32 行内归约的代数计数；rsqrt、类型转换与临时 FP32 张量分列／不推断 HBM spill。
20,router,linear,"{""input"": [1, 4096], ""weight_math"": [4096, 128], ""weight_storage"": [128, 4096], ""output"": [1, 128]}",1048576,0,{},1048576,8192,256,独立 GEMM：权重与输入各读一次、输出写一次的操作数载荷；不预测 tile 重读。
20,router_softmax,routing,"{""input"": [1, 128], ""probabilities_fp32"": [1, 128]}",0,383,"{""exp"": 128, ""compare_max"": 127}",0,256,512,"FP32 softmax: subtract max, exp, reduction, divide; casts are not FLOPs."
20,router_topk,routing,"{""input_fp32"": [1, 128], ""values_fp32"": [1, 8], ""indices_int64"": [1, 8]}",0,0,"{""topk_rows"": 1, ""topk_candidates"": 128}",0,512,96,Top-k is an explicit selection primitive; candidate counts are not comparisons or FLOPs. Backend selection algorithm is unspecified.
20,router_renormalize_cast,routing,"{""selected_probabilities"": [1, 8]}",0,15,{},0,32,16,"Selected probabilities are renormalized if norm_topk_prob, then cast to activation dtype; row reduction assumed on-chip."
20,routing_one_hot,routing_metadata,"{""selected_int64"": [1, 8], ""mask_int64"": [1, 8, 128]}",0,0,"{""one_hot_entries"": 1024}",0,64,8192,Pinned HF reference materializes one_hot int64; this large routing mask is not assumed in optimized dispatch.
20,routing_where,routing_metadata,"{""mask_int64"": [128, 8, 1], ""top_x_and_slot_each"": [8]}",0,0,"{""integer_nonzero_tests"": 1024}",0,8192,128,Scan each expert mask; two int64 coordinates per assignment. Permute is a view.
20,expert_gather,routing,"{""source"": [1, 4096], ""gathered_rows"": [8, 4096]}",0,0,{},0,65600,65536,Logical gathers summed over experts; n_e and each concrete GEMM shape are in expert_matrices.
20,expert_gate_proj,linear,"{""input_per_expert"": [""n_e"", 4096], ""weight_storage_each"": [1536, 4096], ""output_per_expert"": [""n_e"", 1536], ""nonempty_experts"": 8, ""tokens_per_expert"": [1, 1, 1, 1, 1, 1, 1, 1, 0, 0, 0, 0, 0, 0, 0, 0, 0, 0, 0, 0, 0, 0, 0, 0, 0, 0, 0, 0, 0, 0, 0, 0, 0, 0, 0, 0, 0, 0, 0, 0, 0, 0, 0, 0, 0, 0, 0, 0, 0, 0, 0, 0, 0, 0, 0, 0, 0, 0, 0, 0, 0, 0, 0, 0, 0, 0, 0, 0, 0, 0, 0, 0, 0, 0, 0, 0, 0, 0, 0, 0, 0, 0, 0, 0, 0, 0, 0, 0, 0, 0, 0, 0, 0, 0, 0, 0, 0, 0, 0, 0, 0, 0, 0, 0, 0, 0, 0, 0, 0, 0, 0, 0, 0, 0, 0, 0, 0, 0, 0, 0, 0, 0, 0, 0, 0, 0, 0, 0]}",100663296,0,{},100663296,65536,24576,"Sum of unpadded per-expert GEMMs; each visited expert weight read once per layer, not once per token."
20,expert_up_proj,linear,"{""input_per_expert"": [""n_e"", 4096], ""weight_storage_each"": [1536, 4096], ""output_per_expert"": [""n_e"", 1536], ""nonempty_experts"": 8, ""tokens_per_expert"": [1, 1, 1, 1, 1, 1, 1, 1, 0, 0, 0, 0, 0, 0, 0, 0, 0, 0, 0, 0, 0, 0, 0, 0, 0, 0, 0, 0, 0, 0, 0, 0, 0, 0, 0, 0, 0, 0, 0, 0, 0, 0, 0, 0, 0, 0, 0, 0, 0, 0, 0, 0, 0, 0, 0, 0, 0, 0, 0, 0, 0, 0, 0, 0, 0, 0, 0, 0, 0, 0, 0, 0, 0, 0, 0, 0, 0, 0, 0, 0, 0, 0, 0, 0, 0, 0, 0, 0, 0, 0, 0, 0, 0, 0, 0, 0, 0, 0, 0, 0, 0, 0, 0, 0, 0, 0, 0, 0, 0, 0, 0, 0, 0, 0, 0, 0, 0, 0, 0, 0, 0, 0, 0, 0, 0, 0, 0, 0]}",100663296,0,{},100663296,65536,24576,"Sum of unpadded per-expert GEMMs; each visited expert weight read once per layer, not once per token."
20,expert_silu_mul,activation,"{""gate_and_up_each"": [8, 1536]}",0,49152,"{""exp"": 12288, ""negate"": 12288}",0,49152,24576,
20,expert_down_proj,linear,"{""input_per_expert"": [""n_e"", 1536], ""weight_storage_each"": [4096, 1536], ""output_per_expert"": [""n_e"", 4096], ""nonempty_experts"": 8, ""tokens_per_expert"": [1, 1, 1, 1, 1, 1, 1, 1, 0, 0, 0, 0, 0, 0, 0, 0, 0, 0, 0, 0, 0, 0, 0, 0, 0, 0, 0, 0, 0, 0, 0, 0, 0, 0, 0, 0, 0, 0, 0, 0, 0, 0, 0, 0, 0, 0, 0, 0, 0, 0, 0, 0, 0, 0, 0, 0, 0, 0, 0, 0, 0, 0, 0, 0, 0, 0, 0, 0, 0, 0, 0, 0, 0, 0, 0, 0, 0, 0, 0, 0, 0, 0, 0, 0, 0, 0, 0, 0, 0, 0, 0, 0, 0, 0, 0, 0, 0, 0, 0, 0, 0, 0, 0, 0, 0, 0, 0, 0, 0, 0, 0, 0, 0, 0, 0, 0, 0, 0, 0, 0, 0, 0, 0, 0, 0, 0, 0, 0]}",100663296,0,{},100663296,24576,65536,Unpadded per-expert GEMMs; empty experts have zero arithmetic and no weight payload.
20,expert_probability_multiply,routing,"{""expert_outputs"": [8, 4096], ""routing_weights"": [8]}",0,32768,{},0,65680,65536,Probability broadcast reuses one value per assignment; int64 token/slot indices included.
20,expert_output_zero,routing,"{""output"": [1, 4096]}",0,0,{},0,0,8192,Reference initializes final_hidden_states to zero.
20,expert_index_add,routing,"{""weighted_outputs"": [8, 4096], ""combined_output"": [1, 4096]}",0,32768,{},0,131136,65536,"Reference index_add includes the first add into zero; destination read/update per assignment is logical payload, not measured HBM."
20,ffn_residual,residual,"{""inputs_each"": [1, 4096], ""output"": [1, 4096]}",0,4096,{},0,16384,8192,
21,input_layernorm,normalization,"{""input"": [1, 4096], ""weight"": [4096], ""output"": [1, 4096]}",0,16385,"{""rsqrt"": 1}",8192,8192,8192,按 FP32 行内归约的代数计数；rsqrt、类型转换与临时 FP32 张量分列／不推断 HBM spill。
21,q_proj,linear,"{""input"": [1, 4096], ""weight_math"": [4096, 8192], ""weight_storage"": [8192, 4096], ""output"": [1, 8192]}",67108864,0,{},67108864,8192,16384,独立 GEMM：权重与输入各读一次、输出写一次的操作数载荷；不预测 tile 重读。
21,k_proj,linear,"{""input"": [1, 4096], ""weight_math"": [4096, 512], ""weight_storage"": [512, 4096], ""output"": [1, 512]}",4194304,0,{},4194304,8192,1024,独立 GEMM：权重与输入各读一次、输出写一次的操作数载荷；不预测 tile 重读。
21,v_proj,linear,"{""input"": [1, 4096], ""weight_math"": [4096, 512], ""weight_storage"": [512, 4096], ""output"": [1, 512]}",4194304,0,{},4194304,8192,1024,独立 GEMM：权重与输入各读一次、输出写一次的操作数载荷；不预测 tile 重读。
21,q_norm,normalization,"{""input"": [64, 128], ""weight"": [128], ""output"": [64, 128]}",0,32832,"{""rsqrt"": 64}",256,16384,16384,按 FP32 行内归约的代数计数；rsqrt、类型转换与临时 FP32 张量分列／不推断 HBM spill。
21,k_norm,normalization,"{""input"": [4, 128], ""weight"": [128], ""output"": [4, 128]}",0,2052,"{""rsqrt"": 4}",256,1024,1024,按 FP32 行内归约的代数计数；rsqrt、类型转换与临时 FP32 张量分列／不推断 HBM spill。
21,apply_rope,position,"{""Q"": [1, 64, 1, 128], ""K"": [1, 4, 1, 128]}",0,26112,"{""negate"": 4352}",0,17920,17408,2 multiply + 1 add/元素，rotate_half 符号翻转分列；表按批／头理想复用。
21,kv_append,state,"{""new_K_and_V_each"": [1, 4, 1, 128]}",0,0,{},0,2048,2048,原位／分页 append 载荷；不假定动态 torch.cat 对旧缓存整段复制。
21,qk,attention,"{""Q"": [1, 64, 1, 128], ""K_shared"": [1, 4, 8193, 128], ""scores_rectangular"": [1, 64, 1, 8193]}",134234112,0,{},0,8406016,2097408,FLOPs 仅有效因果位置；载荷是假定 Q/K 各读一次、GQA 头共享，完整分数矩阵物化。
21,score_scale_mask_softmax,softmax,"{""scores"": [1, 64, 1, 8193]}",0,2097344,"{""exp"": 524352, ""compare_max"": 524288, ""mask_decisions"": 524352}",0,2097408,2097408,选择的融合 scale/mask/softmax 代数工作；屏蔽点不计 exp。物化 FP32 默认概率；非具体 eager trace。
21,pv,attention,"{""P"": [1, 64, 1, 8193], ""V_shared"": [1, 4, 8193, 128], ""output"": [1, 64, 1, 128]}",134234112,0,{},0,10487040,16384,PV/AV：各 Q 头仍计算；V 容量不乘 GQA 复制数。载荷假定 V 在头／查询之间理想复用。
21,o_proj,linear,"{""input"": [1, 8192], ""weight_math"": [8192, 4096], ""weight_storage"": [4096, 8192], ""output"": [1, 4096]}",67108864,0,{},67108864,16384,8192,独立 GEMM：权重与输入各读一次、输出写一次的操作数载荷；不预测 tile 重读。
21,attention_residual,residual,"{""inputs_each"": [1, 4096], ""output"": [1, 4096]}",0,4096,{},0,16384,8192,
21,post_attention_layernorm,normalization,"{""input"": [1, 4096], ""weight"": [4096], ""output"": [1, 4096]}",0,16385,"{""rsqrt"": 1}",8192,8192,8192,按 FP32 行内归约的代数计数；rsqrt、类型转换与临时 FP32 张量分列／不推断 HBM spill。
21,router,linear,"{""input"": [1, 4096], ""weight_math"": [4096, 128], ""weight_storage"": [128, 4096], ""output"": [1, 128]}",1048576,0,{},1048576,8192,256,独立 GEMM：权重与输入各读一次、输出写一次的操作数载荷；不预测 tile 重读。
21,router_softmax,routing,"{""input"": [1, 128], ""probabilities_fp32"": [1, 128]}",0,383,"{""exp"": 128, ""compare_max"": 127}",0,256,512,"FP32 softmax: subtract max, exp, reduction, divide; casts are not FLOPs."
21,router_topk,routing,"{""input_fp32"": [1, 128], ""values_fp32"": [1, 8], ""indices_int64"": [1, 8]}",0,0,"{""topk_rows"": 1, ""topk_candidates"": 128}",0,512,96,Top-k is an explicit selection primitive; candidate counts are not comparisons or FLOPs. Backend selection algorithm is unspecified.
21,router_renormalize_cast,routing,"{""selected_probabilities"": [1, 8]}",0,15,{},0,32,16,"Selected probabilities are renormalized if norm_topk_prob, then cast to activation dtype; row reduction assumed on-chip."
21,routing_one_hot,routing_metadata,"{""selected_int64"": [1, 8], ""mask_int64"": [1, 8, 128]}",0,0,"{""one_hot_entries"": 1024}",0,64,8192,Pinned HF reference materializes one_hot int64; this large routing mask is not assumed in optimized dispatch.
21,routing_where,routing_metadata,"{""mask_int64"": [128, 8, 1], ""top_x_and_slot_each"": [8]}",0,0,"{""integer_nonzero_tests"": 1024}",0,8192,128,Scan each expert mask; two int64 coordinates per assignment. Permute is a view.
21,expert_gather,routing,"{""source"": [1, 4096], ""gathered_rows"": [8, 4096]}",0,0,{},0,65600,65536,Logical gathers summed over experts; n_e and each concrete GEMM shape are in expert_matrices.
21,expert_gate_proj,linear,"{""input_per_expert"": [""n_e"", 4096], ""weight_storage_each"": [1536, 4096], ""output_per_expert"": [""n_e"", 1536], ""nonempty_experts"": 8, ""tokens_per_expert"": [1, 1, 1, 1, 1, 1, 1, 1, 0, 0, 0, 0, 0, 0, 0, 0, 0, 0, 0, 0, 0, 0, 0, 0, 0, 0, 0, 0, 0, 0, 0, 0, 0, 0, 0, 0, 0, 0, 0, 0, 0, 0, 0, 0, 0, 0, 0, 0, 0, 0, 0, 0, 0, 0, 0, 0, 0, 0, 0, 0, 0, 0, 0, 0, 0, 0, 0, 0, 0, 0, 0, 0, 0, 0, 0, 0, 0, 0, 0, 0, 0, 0, 0, 0, 0, 0, 0, 0, 0, 0, 0, 0, 0, 0, 0, 0, 0, 0, 0, 0, 0, 0, 0, 0, 0, 0, 0, 0, 0, 0, 0, 0, 0, 0, 0, 0, 0, 0, 0, 0, 0, 0, 0, 0, 0, 0, 0, 0]}",100663296,0,{},100663296,65536,24576,"Sum of unpadded per-expert GEMMs; each visited expert weight read once per layer, not once per token."
21,expert_up_proj,linear,"{""input_per_expert"": [""n_e"", 4096], ""weight_storage_each"": [1536, 4096], ""output_per_expert"": [""n_e"", 1536], ""nonempty_experts"": 8, ""tokens_per_expert"": [1, 1, 1, 1, 1, 1, 1, 1, 0, 0, 0, 0, 0, 0, 0, 0, 0, 0, 0, 0, 0, 0, 0, 0, 0, 0, 0, 0, 0, 0, 0, 0, 0, 0, 0, 0, 0, 0, 0, 0, 0, 0, 0, 0, 0, 0, 0, 0, 0, 0, 0, 0, 0, 0, 0, 0, 0, 0, 0, 0, 0, 0, 0, 0, 0, 0, 0, 0, 0, 0, 0, 0, 0, 0, 0, 0, 0, 0, 0, 0, 0, 0, 0, 0, 0, 0, 0, 0, 0, 0, 0, 0, 0, 0, 0, 0, 0, 0, 0, 0, 0, 0, 0, 0, 0, 0, 0, 0, 0, 0, 0, 0, 0, 0, 0, 0, 0, 0, 0, 0, 0, 0, 0, 0, 0, 0, 0, 0]}",100663296,0,{},100663296,65536,24576,"Sum of unpadded per-expert GEMMs; each visited expert weight read once per layer, not once per token."
21,expert_silu_mul,activation,"{""gate_and_up_each"": [8, 1536]}",0,49152,"{""exp"": 12288, ""negate"": 12288}",0,49152,24576,
21,expert_down_proj,linear,"{""input_per_expert"": [""n_e"", 1536], ""weight_storage_each"": [4096, 1536], ""output_per_expert"": [""n_e"", 4096], ""nonempty_experts"": 8, ""tokens_per_expert"": [1, 1, 1, 1, 1, 1, 1, 1, 0, 0, 0, 0, 0, 0, 0, 0, 0, 0, 0, 0, 0, 0, 0, 0, 0, 0, 0, 0, 0, 0, 0, 0, 0, 0, 0, 0, 0, 0, 0, 0, 0, 0, 0, 0, 0, 0, 0, 0, 0, 0, 0, 0, 0, 0, 0, 0, 0, 0, 0, 0, 0, 0, 0, 0, 0, 0, 0, 0, 0, 0, 0, 0, 0, 0, 0, 0, 0, 0, 0, 0, 0, 0, 0, 0, 0, 0, 0, 0, 0, 0, 0, 0, 0, 0, 0, 0, 0, 0, 0, 0, 0, 0, 0, 0, 0, 0, 0, 0, 0, 0, 0, 0, 0, 0, 0, 0, 0, 0, 0, 0, 0, 0, 0, 0, 0, 0, 0, 0]}",100663296,0,{},100663296,24576,65536,Unpadded per-expert GEMMs; empty experts have zero arithmetic and no weight payload.
21,expert_probability_multiply,routing,"{""expert_outputs"": [8, 4096], ""routing_weights"": [8]}",0,32768,{},0,65680,65536,Probability broadcast reuses one value per assignment; int64 token/slot indices included.
21,expert_output_zero,routing,"{""output"": [1, 4096]}",0,0,{},0,0,8192,Reference initializes final_hidden_states to zero.
21,expert_index_add,routing,"{""weighted_outputs"": [8, 4096], ""combined_output"": [1, 4096]}",0,32768,{},0,131136,65536,"Reference index_add includes the first add into zero; destination read/update per assignment is logical payload, not measured HBM."
21,ffn_residual,residual,"{""inputs_each"": [1, 4096], ""output"": [1, 4096]}",0,4096,{},0,16384,8192,
22,input_layernorm,normalization,"{""input"": [1, 4096], ""weight"": [4096], ""output"": [1, 4096]}",0,16385,"{""rsqrt"": 1}",8192,8192,8192,按 FP32 行内归约的代数计数；rsqrt、类型转换与临时 FP32 张量分列／不推断 HBM spill。
22,q_proj,linear,"{""input"": [1, 4096], ""weight_math"": [4096, 8192], ""weight_storage"": [8192, 4096], ""output"": [1, 8192]}",67108864,0,{},67108864,8192,16384,独立 GEMM：权重与输入各读一次、输出写一次的操作数载荷；不预测 tile 重读。
22,k_proj,linear,"{""input"": [1, 4096], ""weight_math"": [4096, 512], ""weight_storage"": [512, 4096], ""output"": [1, 512]}",4194304,0,{},4194304,8192,1024,独立 GEMM：权重与输入各读一次、输出写一次的操作数载荷；不预测 tile 重读。
22,v_proj,linear,"{""input"": [1, 4096], ""weight_math"": [4096, 512], ""weight_storage"": [512, 4096], ""output"": [1, 512]}",4194304,0,{},4194304,8192,1024,独立 GEMM：权重与输入各读一次、输出写一次的操作数载荷；不预测 tile 重读。
22,q_norm,normalization,"{""input"": [64, 128], ""weight"": [128], ""output"": [64, 128]}",0,32832,"{""rsqrt"": 64}",256,16384,16384,按 FP32 行内归约的代数计数；rsqrt、类型转换与临时 FP32 张量分列／不推断 HBM spill。
22,k_norm,normalization,"{""input"": [4, 128], ""weight"": [128], ""output"": [4, 128]}",0,2052,"{""rsqrt"": 4}",256,1024,1024,按 FP32 行内归约的代数计数；rsqrt、类型转换与临时 FP32 张量分列／不推断 HBM spill。
22,apply_rope,position,"{""Q"": [1, 64, 1, 128], ""K"": [1, 4, 1, 128]}",0,26112,"{""negate"": 4352}",0,17920,17408,2 multiply + 1 add/元素，rotate_half 符号翻转分列；表按批／头理想复用。
22,kv_append,state,"{""new_K_and_V_each"": [1, 4, 1, 128]}",0,0,{},0,2048,2048,原位／分页 append 载荷；不假定动态 torch.cat 对旧缓存整段复制。
22,qk,attention,"{""Q"": [1, 64, 1, 128], ""K_shared"": [1, 4, 8193, 128], ""scores_rectangular"": [1, 64, 1, 8193]}",134234112,0,{},0,8406016,2097408,FLOPs 仅有效因果位置；载荷是假定 Q/K 各读一次、GQA 头共享，完整分数矩阵物化。
22,score_scale_mask_softmax,softmax,"{""scores"": [1, 64, 1, 8193]}",0,2097344,"{""exp"": 524352, ""compare_max"": 524288, ""mask_decisions"": 524352}",0,2097408,2097408,选择的融合 scale/mask/softmax 代数工作；屏蔽点不计 exp。物化 FP32 默认概率；非具体 eager trace。
22,pv,attention,"{""P"": [1, 64, 1, 8193], ""V_shared"": [1, 4, 8193, 128], ""output"": [1, 64, 1, 128]}",134234112,0,{},0,10487040,16384,PV/AV：各 Q 头仍计算；V 容量不乘 GQA 复制数。载荷假定 V 在头／查询之间理想复用。
22,o_proj,linear,"{""input"": [1, 8192], ""weight_math"": [8192, 4096], ""weight_storage"": [4096, 8192], ""output"": [1, 4096]}",67108864,0,{},67108864,16384,8192,独立 GEMM：权重与输入各读一次、输出写一次的操作数载荷；不预测 tile 重读。
22,attention_residual,residual,"{""inputs_each"": [1, 4096], ""output"": [1, 4096]}",0,4096,{},0,16384,8192,
22,post_attention_layernorm,normalization,"{""input"": [1, 4096], ""weight"": [4096], ""output"": [1, 4096]}",0,16385,"{""rsqrt"": 1}",8192,8192,8192,按 FP32 行内归约的代数计数；rsqrt、类型转换与临时 FP32 张量分列／不推断 HBM spill。
22,router,linear,"{""input"": [1, 4096], ""weight_math"": [4096, 128], ""weight_storage"": [128, 4096], ""output"": [1, 128]}",1048576,0,{},1048576,8192,256,独立 GEMM：权重与输入各读一次、输出写一次的操作数载荷；不预测 tile 重读。
22,router_softmax,routing,"{""input"": [1, 128], ""probabilities_fp32"": [1, 128]}",0,383,"{""exp"": 128, ""compare_max"": 127}",0,256,512,"FP32 softmax: subtract max, exp, reduction, divide; casts are not FLOPs."
22,router_topk,routing,"{""input_fp32"": [1, 128], ""values_fp32"": [1, 8], ""indices_int64"": [1, 8]}",0,0,"{""topk_rows"": 1, ""topk_candidates"": 128}",0,512,96,Top-k is an explicit selection primitive; candidate counts are not comparisons or FLOPs. Backend selection algorithm is unspecified.
22,router_renormalize_cast,routing,"{""selected_probabilities"": [1, 8]}",0,15,{},0,32,16,"Selected probabilities are renormalized if norm_topk_prob, then cast to activation dtype; row reduction assumed on-chip."
22,routing_one_hot,routing_metadata,"{""selected_int64"": [1, 8], ""mask_int64"": [1, 8, 128]}",0,0,"{""one_hot_entries"": 1024}",0,64,8192,Pinned HF reference materializes one_hot int64; this large routing mask is not assumed in optimized dispatch.
22,routing_where,routing_metadata,"{""mask_int64"": [128, 8, 1], ""top_x_and_slot_each"": [8]}",0,0,"{""integer_nonzero_tests"": 1024}",0,8192,128,Scan each expert mask; two int64 coordinates per assignment. Permute is a view.
22,expert_gather,routing,"{""source"": [1, 4096], ""gathered_rows"": [8, 4096]}",0,0,{},0,65600,65536,Logical gathers summed over experts; n_e and each concrete GEMM shape are in expert_matrices.
22,expert_gate_proj,linear,"{""input_per_expert"": [""n_e"", 4096], ""weight_storage_each"": [1536, 4096], ""output_per_expert"": [""n_e"", 1536], ""nonempty_experts"": 8, ""tokens_per_expert"": [1, 1, 1, 1, 1, 1, 1, 1, 0, 0, 0, 0, 0, 0, 0, 0, 0, 0, 0, 0, 0, 0, 0, 0, 0, 0, 0, 0, 0, 0, 0, 0, 0, 0, 0, 0, 0, 0, 0, 0, 0, 0, 0, 0, 0, 0, 0, 0, 0, 0, 0, 0, 0, 0, 0, 0, 0, 0, 0, 0, 0, 0, 0, 0, 0, 0, 0, 0, 0, 0, 0, 0, 0, 0, 0, 0, 0, 0, 0, 0, 0, 0, 0, 0, 0, 0, 0, 0, 0, 0, 0, 0, 0, 0, 0, 0, 0, 0, 0, 0, 0, 0, 0, 0, 0, 0, 0, 0, 0, 0, 0, 0, 0, 0, 0, 0, 0, 0, 0, 0, 0, 0, 0, 0, 0, 0, 0, 0]}",100663296,0,{},100663296,65536,24576,"Sum of unpadded per-expert GEMMs; each visited expert weight read once per layer, not once per token."
22,expert_up_proj,linear,"{""input_per_expert"": [""n_e"", 4096], ""weight_storage_each"": [1536, 4096], ""output_per_expert"": [""n_e"", 1536], ""nonempty_experts"": 8, ""tokens_per_expert"": [1, 1, 1, 1, 1, 1, 1, 1, 0, 0, 0, 0, 0, 0, 0, 0, 0, 0, 0, 0, 0, 0, 0, 0, 0, 0, 0, 0, 0, 0, 0, 0, 0, 0, 0, 0, 0, 0, 0, 0, 0, 0, 0, 0, 0, 0, 0, 0, 0, 0, 0, 0, 0, 0, 0, 0, 0, 0, 0, 0, 0, 0, 0, 0, 0, 0, 0, 0, 0, 0, 0, 0, 0, 0, 0, 0, 0, 0, 0, 0, 0, 0, 0, 0, 0, 0, 0, 0, 0, 0, 0, 0, 0, 0, 0, 0, 0, 0, 0, 0, 0, 0, 0, 0, 0, 0, 0, 0, 0, 0, 0, 0, 0, 0, 0, 0, 0, 0, 0, 0, 0, 0, 0, 0, 0, 0, 0, 0]}",100663296,0,{},100663296,65536,24576,"Sum of unpadded per-expert GEMMs; each visited expert weight read once per layer, not once per token."
22,expert_silu_mul,activation,"{""gate_and_up_each"": [8, 1536]}",0,49152,"{""exp"": 12288, ""negate"": 12288}",0,49152,24576,
22,expert_down_proj,linear,"{""input_per_expert"": [""n_e"", 1536], ""weight_storage_each"": [4096, 1536], ""output_per_expert"": [""n_e"", 4096], ""nonempty_experts"": 8, ""tokens_per_expert"": [1, 1, 1, 1, 1, 1, 1, 1, 0, 0, 0, 0, 0, 0, 0, 0, 0, 0, 0, 0, 0, 0, 0, 0, 0, 0, 0, 0, 0, 0, 0, 0, 0, 0, 0, 0, 0, 0, 0, 0, 0, 0, 0, 0, 0, 0, 0, 0, 0, 0, 0, 0, 0, 0, 0, 0, 0, 0, 0, 0, 0, 0, 0, 0, 0, 0, 0, 0, 0, 0, 0, 0, 0, 0, 0, 0, 0, 0, 0, 0, 0, 0, 0, 0, 0, 0, 0, 0, 0, 0, 0, 0, 0, 0, 0, 0, 0, 0, 0, 0, 0, 0, 0, 0, 0, 0, 0, 0, 0, 0, 0, 0, 0, 0, 0, 0, 0, 0, 0, 0, 0, 0, 0, 0, 0, 0, 0, 0]}",100663296,0,{},100663296,24576,65536,Unpadded per-expert GEMMs; empty experts have zero arithmetic and no weight payload.
22,expert_probability_multiply,routing,"{""expert_outputs"": [8, 4096], ""routing_weights"": [8]}",0,32768,{},0,65680,65536,Probability broadcast reuses one value per assignment; int64 token/slot indices included.
22,expert_output_zero,routing,"{""output"": [1, 4096]}",0,0,{},0,0,8192,Reference initializes final_hidden_states to zero.
22,expert_index_add,routing,"{""weighted_outputs"": [8, 4096], ""combined_output"": [1, 4096]}",0,32768,{},0,131136,65536,"Reference index_add includes the first add into zero; destination read/update per assignment is logical payload, not measured HBM."
22,ffn_residual,residual,"{""inputs_each"": [1, 4096], ""output"": [1, 4096]}",0,4096,{},0,16384,8192,
23,input_layernorm,normalization,"{""input"": [1, 4096], ""weight"": [4096], ""output"": [1, 4096]}",0,16385,"{""rsqrt"": 1}",8192,8192,8192,按 FP32 行内归约的代数计数；rsqrt、类型转换与临时 FP32 张量分列／不推断 HBM spill。
23,q_proj,linear,"{""input"": [1, 4096], ""weight_math"": [4096, 8192], ""weight_storage"": [8192, 4096], ""output"": [1, 8192]}",67108864,0,{},67108864,8192,16384,独立 GEMM：权重与输入各读一次、输出写一次的操作数载荷；不预测 tile 重读。
23,k_proj,linear,"{""input"": [1, 4096], ""weight_math"": [4096, 512], ""weight_storage"": [512, 4096], ""output"": [1, 512]}",4194304,0,{},4194304,8192,1024,独立 GEMM：权重与输入各读一次、输出写一次的操作数载荷；不预测 tile 重读。
23,v_proj,linear,"{""input"": [1, 4096], ""weight_math"": [4096, 512], ""weight_storage"": [512, 4096], ""output"": [1, 512]}",4194304,0,{},4194304,8192,1024,独立 GEMM：权重与输入各读一次、输出写一次的操作数载荷；不预测 tile 重读。
23,q_norm,normalization,"{""input"": [64, 128], ""weight"": [128], ""output"": [64, 128]}",0,32832,"{""rsqrt"": 64}",256,16384,16384,按 FP32 行内归约的代数计数；rsqrt、类型转换与临时 FP32 张量分列／不推断 HBM spill。
23,k_norm,normalization,"{""input"": [4, 128], ""weight"": [128], ""output"": [4, 128]}",0,2052,"{""rsqrt"": 4}",256,1024,1024,按 FP32 行内归约的代数计数；rsqrt、类型转换与临时 FP32 张量分列／不推断 HBM spill。
23,apply_rope,position,"{""Q"": [1, 64, 1, 128], ""K"": [1, 4, 1, 128]}",0,26112,"{""negate"": 4352}",0,17920,17408,2 multiply + 1 add/元素，rotate_half 符号翻转分列；表按批／头理想复用。
23,kv_append,state,"{""new_K_and_V_each"": [1, 4, 1, 128]}",0,0,{},0,2048,2048,原位／分页 append 载荷；不假定动态 torch.cat 对旧缓存整段复制。
23,qk,attention,"{""Q"": [1, 64, 1, 128], ""K_shared"": [1, 4, 8193, 128], ""scores_rectangular"": [1, 64, 1, 8193]}",134234112,0,{},0,8406016,2097408,FLOPs 仅有效因果位置；载荷是假定 Q/K 各读一次、GQA 头共享，完整分数矩阵物化。
23,score_scale_mask_softmax,softmax,"{""scores"": [1, 64, 1, 8193]}",0,2097344,"{""exp"": 524352, ""compare_max"": 524288, ""mask_decisions"": 524352}",0,2097408,2097408,选择的融合 scale/mask/softmax 代数工作；屏蔽点不计 exp。物化 FP32 默认概率；非具体 eager trace。
23,pv,attention,"{""P"": [1, 64, 1, 8193], ""V_shared"": [1, 4, 8193, 128], ""output"": [1, 64, 1, 128]}",134234112,0,{},0,10487040,16384,PV/AV：各 Q 头仍计算；V 容量不乘 GQA 复制数。载荷假定 V 在头／查询之间理想复用。
23,o_proj,linear,"{""input"": [1, 8192], ""weight_math"": [8192, 4096], ""weight_storage"": [4096, 8192], ""output"": [1, 4096]}",67108864,0,{},67108864,16384,8192,独立 GEMM：权重与输入各读一次、输出写一次的操作数载荷；不预测 tile 重读。
23,attention_residual,residual,"{""inputs_each"": [1, 4096], ""output"": [1, 4096]}",0,4096,{},0,16384,8192,
23,post_attention_layernorm,normalization,"{""input"": [1, 4096], ""weight"": [4096], ""output"": [1, 4096]}",0,16385,"{""rsqrt"": 1}",8192,8192,8192,按 FP32 行内归约的代数计数；rsqrt、类型转换与临时 FP32 张量分列／不推断 HBM spill。
23,router,linear,"{""input"": [1, 4096], ""weight_math"": [4096, 128], ""weight_storage"": [128, 4096], ""output"": [1, 128]}",1048576,0,{},1048576,8192,256,独立 GEMM：权重与输入各读一次、输出写一次的操作数载荷；不预测 tile 重读。
23,router_softmax,routing,"{""input"": [1, 128], ""probabilities_fp32"": [1, 128]}",0,383,"{""exp"": 128, ""compare_max"": 127}",0,256,512,"FP32 softmax: subtract max, exp, reduction, divide; casts are not FLOPs."
23,router_topk,routing,"{""input_fp32"": [1, 128], ""values_fp32"": [1, 8], ""indices_int64"": [1, 8]}",0,0,"{""topk_rows"": 1, ""topk_candidates"": 128}",0,512,96,Top-k is an explicit selection primitive; candidate counts are not comparisons or FLOPs. Backend selection algorithm is unspecified.
23,router_renormalize_cast,routing,"{""selected_probabilities"": [1, 8]}",0,15,{},0,32,16,"Selected probabilities are renormalized if norm_topk_prob, then cast to activation dtype; row reduction assumed on-chip."
23,routing_one_hot,routing_metadata,"{""selected_int64"": [1, 8], ""mask_int64"": [1, 8, 128]}",0,0,"{""one_hot_entries"": 1024}",0,64,8192,Pinned HF reference materializes one_hot int64; this large routing mask is not assumed in optimized dispatch.
23,routing_where,routing_metadata,"{""mask_int64"": [128, 8, 1], ""top_x_and_slot_each"": [8]}",0,0,"{""integer_nonzero_tests"": 1024}",0,8192,128,Scan each expert mask; two int64 coordinates per assignment. Permute is a view.
23,expert_gather,routing,"{""source"": [1, 4096], ""gathered_rows"": [8, 4096]}",0,0,{},0,65600,65536,Logical gathers summed over experts; n_e and each concrete GEMM shape are in expert_matrices.
23,expert_gate_proj,linear,"{""input_per_expert"": [""n_e"", 4096], ""weight_storage_each"": [1536, 4096], ""output_per_expert"": [""n_e"", 1536], ""nonempty_experts"": 8, ""tokens_per_expert"": [1, 1, 1, 1, 1, 1, 1, 1, 0, 0, 0, 0, 0, 0, 0, 0, 0, 0, 0, 0, 0, 0, 0, 0, 0, 0, 0, 0, 0, 0, 0, 0, 0, 0, 0, 0, 0, 0, 0, 0, 0, 0, 0, 0, 0, 0, 0, 0, 0, 0, 0, 0, 0, 0, 0, 0, 0, 0, 0, 0, 0, 0, 0, 0, 0, 0, 0, 0, 0, 0, 0, 0, 0, 0, 0, 0, 0, 0, 0, 0, 0, 0, 0, 0, 0, 0, 0, 0, 0, 0, 0, 0, 0, 0, 0, 0, 0, 0, 0, 0, 0, 0, 0, 0, 0, 0, 0, 0, 0, 0, 0, 0, 0, 0, 0, 0, 0, 0, 0, 0, 0, 0, 0, 0, 0, 0, 0, 0]}",100663296,0,{},100663296,65536,24576,"Sum of unpadded per-expert GEMMs; each visited expert weight read once per layer, not once per token."
23,expert_up_proj,linear,"{""input_per_expert"": [""n_e"", 4096], ""weight_storage_each"": [1536, 4096], ""output_per_expert"": [""n_e"", 1536], ""nonempty_experts"": 8, ""tokens_per_expert"": [1, 1, 1, 1, 1, 1, 1, 1, 0, 0, 0, 0, 0, 0, 0, 0, 0, 0, 0, 0, 0, 0, 0, 0, 0, 0, 0, 0, 0, 0, 0, 0, 0, 0, 0, 0, 0, 0, 0, 0, 0, 0, 0, 0, 0, 0, 0, 0, 0, 0, 0, 0, 0, 0, 0, 0, 0, 0, 0, 0, 0, 0, 0, 0, 0, 0, 0, 0, 0, 0, 0, 0, 0, 0, 0, 0, 0, 0, 0, 0, 0, 0, 0, 0, 0, 0, 0, 0, 0, 0, 0, 0, 0, 0, 0, 0, 0, 0, 0, 0, 0, 0, 0, 0, 0, 0, 0, 0, 0, 0, 0, 0, 0, 0, 0, 0, 0, 0, 0, 0, 0, 0, 0, 0, 0, 0, 0, 0]}",100663296,0,{},100663296,65536,24576,"Sum of unpadded per-expert GEMMs; each visited expert weight read once per layer, not once per token."
23,expert_silu_mul,activation,"{""gate_and_up_each"": [8, 1536]}",0,49152,"{""exp"": 12288, ""negate"": 12288}",0,49152,24576,
23,expert_down_proj,linear,"{""input_per_expert"": [""n_e"", 1536], ""weight_storage_each"": [4096, 1536], ""output_per_expert"": [""n_e"", 4096], ""nonempty_experts"": 8, ""tokens_per_expert"": [1, 1, 1, 1, 1, 1, 1, 1, 0, 0, 0, 0, 0, 0, 0, 0, 0, 0, 0, 0, 0, 0, 0, 0, 0, 0, 0, 0, 0, 0, 0, 0, 0, 0, 0, 0, 0, 0, 0, 0, 0, 0, 0, 0, 0, 0, 0, 0, 0, 0, 0, 0, 0, 0, 0, 0, 0, 0, 0, 0, 0, 0, 0, 0, 0, 0, 0, 0, 0, 0, 0, 0, 0, 0, 0, 0, 0, 0, 0, 0, 0, 0, 0, 0, 0, 0, 0, 0, 0, 0, 0, 0, 0, 0, 0, 0, 0, 0, 0, 0, 0, 0, 0, 0, 0, 0, 0, 0, 0, 0, 0, 0, 0, 0, 0, 0, 0, 0, 0, 0, 0, 0, 0, 0, 0, 0, 0, 0]}",100663296,0,{},100663296,24576,65536,Unpadded per-expert GEMMs; empty experts have zero arithmetic and no weight payload.
23,expert_probability_multiply,routing,"{""expert_outputs"": [8, 4096], ""routing_weights"": [8]}",0,32768,{},0,65680,65536,Probability broadcast reuses one value per assignment; int64 token/slot indices included.
23,expert_output_zero,routing,"{""output"": [1, 4096]}",0,0,{},0,0,8192,Reference initializes final_hidden_states to zero.
23,expert_index_add,routing,"{""weighted_outputs"": [8, 4096], ""combined_output"": [1, 4096]}",0,32768,{},0,131136,65536,"Reference index_add includes the first add into zero; destination read/update per assignment is logical payload, not measured HBM."
23,ffn_residual,residual,"{""inputs_each"": [1, 4096], ""output"": [1, 4096]}",0,4096,{},0,16384,8192,
24,input_layernorm,normalization,"{""input"": [1, 4096], ""weight"": [4096], ""output"": [1, 4096]}",0,16385,"{""rsqrt"": 1}",8192,8192,8192,按 FP32 行内归约的代数计数；rsqrt、类型转换与临时 FP32 张量分列／不推断 HBM spill。
24,q_proj,linear,"{""input"": [1, 4096], ""weight_math"": [4096, 8192], ""weight_storage"": [8192, 4096], ""output"": [1, 8192]}",67108864,0,{},67108864,8192,16384,独立 GEMM：权重与输入各读一次、输出写一次的操作数载荷；不预测 tile 重读。
24,k_proj,linear,"{""input"": [1, 4096], ""weight_math"": [4096, 512], ""weight_storage"": [512, 4096], ""output"": [1, 512]}",4194304,0,{},4194304,8192,1024,独立 GEMM：权重与输入各读一次、输出写一次的操作数载荷；不预测 tile 重读。
24,v_proj,linear,"{""input"": [1, 4096], ""weight_math"": [4096, 512], ""weight_storage"": [512, 4096], ""output"": [1, 512]}",4194304,0,{},4194304,8192,1024,独立 GEMM：权重与输入各读一次、输出写一次的操作数载荷；不预测 tile 重读。
24,q_norm,normalization,"{""input"": [64, 128], ""weight"": [128], ""output"": [64, 128]}",0,32832,"{""rsqrt"": 64}",256,16384,16384,按 FP32 行内归约的代数计数；rsqrt、类型转换与临时 FP32 张量分列／不推断 HBM spill。
24,k_norm,normalization,"{""input"": [4, 128], ""weight"": [128], ""output"": [4, 128]}",0,2052,"{""rsqrt"": 4}",256,1024,1024,按 FP32 行内归约的代数计数；rsqrt、类型转换与临时 FP32 张量分列／不推断 HBM spill。
24,apply_rope,position,"{""Q"": [1, 64, 1, 128], ""K"": [1, 4, 1, 128]}",0,26112,"{""negate"": 4352}",0,17920,17408,2 multiply + 1 add/元素，rotate_half 符号翻转分列；表按批／头理想复用。
24,kv_append,state,"{""new_K_and_V_each"": [1, 4, 1, 128]}",0,0,{},0,2048,2048,原位／分页 append 载荷；不假定动态 torch.cat 对旧缓存整段复制。
24,qk,attention,"{""Q"": [1, 64, 1, 128], ""K_shared"": [1, 4, 8193, 128], ""scores_rectangular"": [1, 64, 1, 8193]}",134234112,0,{},0,8406016,2097408,FLOPs 仅有效因果位置；载荷是假定 Q/K 各读一次、GQA 头共享，完整分数矩阵物化。
24,score_scale_mask_softmax,softmax,"{""scores"": [1, 64, 1, 8193]}",0,2097344,"{""exp"": 524352, ""compare_max"": 524288, ""mask_decisions"": 524352}",0,2097408,2097408,选择的融合 scale/mask/softmax 代数工作；屏蔽点不计 exp。物化 FP32 默认概率；非具体 eager trace。
24,pv,attention,"{""P"": [1, 64, 1, 8193], ""V_shared"": [1, 4, 8193, 128], ""output"": [1, 64, 1, 128]}",134234112,0,{},0,10487040,16384,PV/AV：各 Q 头仍计算；V 容量不乘 GQA 复制数。载荷假定 V 在头／查询之间理想复用。
24,o_proj,linear,"{""input"": [1, 8192], ""weight_math"": [8192, 4096], ""weight_storage"": [4096, 8192], ""output"": [1, 4096]}",67108864,0,{},67108864,16384,8192,独立 GEMM：权重与输入各读一次、输出写一次的操作数载荷；不预测 tile 重读。
24,attention_residual,residual,"{""inputs_each"": [1, 4096], ""output"": [1, 4096]}",0,4096,{},0,16384,8192,
24,post_attention_layernorm,normalization,"{""input"": [1, 4096], ""weight"": [4096], ""output"": [1, 4096]}",0,16385,"{""rsqrt"": 1}",8192,8192,8192,按 FP32 行内归约的代数计数；rsqrt、类型转换与临时 FP32 张量分列／不推断 HBM spill。
24,router,linear,"{""input"": [1, 4096], ""weight_math"": [4096, 128], ""weight_storage"": [128, 4096], ""output"": [1, 128]}",1048576,0,{},1048576,8192,256,独立 GEMM：权重与输入各读一次、输出写一次的操作数载荷；不预测 tile 重读。
24,router_softmax,routing,"{""input"": [1, 128], ""probabilities_fp32"": [1, 128]}",0,383,"{""exp"": 128, ""compare_max"": 127}",0,256,512,"FP32 softmax: subtract max, exp, reduction, divide; casts are not FLOPs."
24,router_topk,routing,"{""input_fp32"": [1, 128], ""values_fp32"": [1, 8], ""indices_int64"": [1, 8]}",0,0,"{""topk_rows"": 1, ""topk_candidates"": 128}",0,512,96,Top-k is an explicit selection primitive; candidate counts are not comparisons or FLOPs. Backend selection algorithm is unspecified.
24,router_renormalize_cast,routing,"{""selected_probabilities"": [1, 8]}",0,15,{},0,32,16,"Selected probabilities are renormalized if norm_topk_prob, then cast to activation dtype; row reduction assumed on-chip."
24,routing_one_hot,routing_metadata,"{""selected_int64"": [1, 8], ""mask_int64"": [1, 8, 128]}",0,0,"{""one_hot_entries"": 1024}",0,64,8192,Pinned HF reference materializes one_hot int64; this large routing mask is not assumed in optimized dispatch.
24,routing_where,routing_metadata,"{""mask_int64"": [128, 8, 1], ""top_x_and_slot_each"": [8]}",0,0,"{""integer_nonzero_tests"": 1024}",0,8192,128,Scan each expert mask; two int64 coordinates per assignment. Permute is a view.
24,expert_gather,routing,"{""source"": [1, 4096], ""gathered_rows"": [8, 4096]}",0,0,{},0,65600,65536,Logical gathers summed over experts; n_e and each concrete GEMM shape are in expert_matrices.
24,expert_gate_proj,linear,"{""input_per_expert"": [""n_e"", 4096], ""weight_storage_each"": [1536, 4096], ""output_per_expert"": [""n_e"", 1536], ""nonempty_experts"": 8, ""tokens_per_expert"": [1, 1, 1, 1, 1, 1, 1, 1, 0, 0, 0, 0, 0, 0, 0, 0, 0, 0, 0, 0, 0, 0, 0, 0, 0, 0, 0, 0, 0, 0, 0, 0, 0, 0, 0, 0, 0, 0, 0, 0, 0, 0, 0, 0, 0, 0, 0, 0, 0, 0, 0, 0, 0, 0, 0, 0, 0, 0, 0, 0, 0, 0, 0, 0, 0, 0, 0, 0, 0, 0, 0, 0, 0, 0, 0, 0, 0, 0, 0, 0, 0, 0, 0, 0, 0, 0, 0, 0, 0, 0, 0, 0, 0, 0, 0, 0, 0, 0, 0, 0, 0, 0, 0, 0, 0, 0, 0, 0, 0, 0, 0, 0, 0, 0, 0, 0, 0, 0, 0, 0, 0, 0, 0, 0, 0, 0, 0, 0]}",100663296,0,{},100663296,65536,24576,"Sum of unpadded per-expert GEMMs; each visited expert weight read once per layer, not once per token."
24,expert_up_proj,linear,"{""input_per_expert"": [""n_e"", 4096], ""weight_storage_each"": [1536, 4096], ""output_per_expert"": [""n_e"", 1536], ""nonempty_experts"": 8, ""tokens_per_expert"": [1, 1, 1, 1, 1, 1, 1, 1, 0, 0, 0, 0, 0, 0, 0, 0, 0, 0, 0, 0, 0, 0, 0, 0, 0, 0, 0, 0, 0, 0, 0, 0, 0, 0, 0, 0, 0, 0, 0, 0, 0, 0, 0, 0, 0, 0, 0, 0, 0, 0, 0, 0, 0, 0, 0, 0, 0, 0, 0, 0, 0, 0, 0, 0, 0, 0, 0, 0, 0, 0, 0, 0, 0, 0, 0, 0, 0, 0, 0, 0, 0, 0, 0, 0, 0, 0, 0, 0, 0, 0, 0, 0, 0, 0, 0, 0, 0, 0, 0, 0, 0, 0, 0, 0, 0, 0, 0, 0, 0, 0, 0, 0, 0, 0, 0, 0, 0, 0, 0, 0, 0, 0, 0, 0, 0, 0, 0, 0]}",100663296,0,{},100663296,65536,24576,"Sum of unpadded per-expert GEMMs; each visited expert weight read once per layer, not once per token."
24,expert_silu_mul,activation,"{""gate_and_up_each"": [8, 1536]}",0,49152,"{""exp"": 12288, ""negate"": 12288}",0,49152,24576,
24,expert_down_proj,linear,"{""input_per_expert"": [""n_e"", 1536], ""weight_storage_each"": [4096, 1536], ""output_per_expert"": [""n_e"", 4096], ""nonempty_experts"": 8, ""tokens_per_expert"": [1, 1, 1, 1, 1, 1, 1, 1, 0, 0, 0, 0, 0, 0, 0, 0, 0, 0, 0, 0, 0, 0, 0, 0, 0, 0, 0, 0, 0, 0, 0, 0, 0, 0, 0, 0, 0, 0, 0, 0, 0, 0, 0, 0, 0, 0, 0, 0, 0, 0, 0, 0, 0, 0, 0, 0, 0, 0, 0, 0, 0, 0, 0, 0, 0, 0, 0, 0, 0, 0, 0, 0, 0, 0, 0, 0, 0, 0, 0, 0, 0, 0, 0, 0, 0, 0, 0, 0, 0, 0, 0, 0, 0, 0, 0, 0, 0, 0, 0, 0, 0, 0, 0, 0, 0, 0, 0, 0, 0, 0, 0, 0, 0, 0, 0, 0, 0, 0, 0, 0, 0, 0, 0, 0, 0, 0, 0, 0]}",100663296,0,{},100663296,24576,65536,Unpadded per-expert GEMMs; empty experts have zero arithmetic and no weight payload.
24,expert_probability_multiply,routing,"{""expert_outputs"": [8, 4096], ""routing_weights"": [8]}",0,32768,{},0,65680,65536,Probability broadcast reuses one value per assignment; int64 token/slot indices included.
24,expert_output_zero,routing,"{""output"": [1, 4096]}",0,0,{},0,0,8192,Reference initializes final_hidden_states to zero.
24,expert_index_add,routing,"{""weighted_outputs"": [8, 4096], ""combined_output"": [1, 4096]}",0,32768,{},0,131136,65536,"Reference index_add includes the first add into zero; destination read/update per assignment is logical payload, not measured HBM."
24,ffn_residual,residual,"{""inputs_each"": [1, 4096], ""output"": [1, 4096]}",0,4096,{},0,16384,8192,
25,input_layernorm,normalization,"{""input"": [1, 4096], ""weight"": [4096], ""output"": [1, 4096]}",0,16385,"{""rsqrt"": 1}",8192,8192,8192,按 FP32 行内归约的代数计数；rsqrt、类型转换与临时 FP32 张量分列／不推断 HBM spill。
25,q_proj,linear,"{""input"": [1, 4096], ""weight_math"": [4096, 8192], ""weight_storage"": [8192, 4096], ""output"": [1, 8192]}",67108864,0,{},67108864,8192,16384,独立 GEMM：权重与输入各读一次、输出写一次的操作数载荷；不预测 tile 重读。
25,k_proj,linear,"{""input"": [1, 4096], ""weight_math"": [4096, 512], ""weight_storage"": [512, 4096], ""output"": [1, 512]}",4194304,0,{},4194304,8192,1024,独立 GEMM：权重与输入各读一次、输出写一次的操作数载荷；不预测 tile 重读。
25,v_proj,linear,"{""input"": [1, 4096], ""weight_math"": [4096, 512], ""weight_storage"": [512, 4096], ""output"": [1, 512]}",4194304,0,{},4194304,8192,1024,独立 GEMM：权重与输入各读一次、输出写一次的操作数载荷；不预测 tile 重读。
25,q_norm,normalization,"{""input"": [64, 128], ""weight"": [128], ""output"": [64, 128]}",0,32832,"{""rsqrt"": 64}",256,16384,16384,按 FP32 行内归约的代数计数；rsqrt、类型转换与临时 FP32 张量分列／不推断 HBM spill。
25,k_norm,normalization,"{""input"": [4, 128], ""weight"": [128], ""output"": [4, 128]}",0,2052,"{""rsqrt"": 4}",256,1024,1024,按 FP32 行内归约的代数计数；rsqrt、类型转换与临时 FP32 张量分列／不推断 HBM spill。
25,apply_rope,position,"{""Q"": [1, 64, 1, 128], ""K"": [1, 4, 1, 128]}",0,26112,"{""negate"": 4352}",0,17920,17408,2 multiply + 1 add/元素，rotate_half 符号翻转分列；表按批／头理想复用。
25,kv_append,state,"{""new_K_and_V_each"": [1, 4, 1, 128]}",0,0,{},0,2048,2048,原位／分页 append 载荷；不假定动态 torch.cat 对旧缓存整段复制。
25,qk,attention,"{""Q"": [1, 64, 1, 128], ""K_shared"": [1, 4, 8193, 128], ""scores_rectangular"": [1, 64, 1, 8193]}",134234112,0,{},0,8406016,2097408,FLOPs 仅有效因果位置；载荷是假定 Q/K 各读一次、GQA 头共享，完整分数矩阵物化。
25,score_scale_mask_softmax,softmax,"{""scores"": [1, 64, 1, 8193]}",0,2097344,"{""exp"": 524352, ""compare_max"": 524288, ""mask_decisions"": 524352}",0,2097408,2097408,选择的融合 scale/mask/softmax 代数工作；屏蔽点不计 exp。物化 FP32 默认概率；非具体 eager trace。
25,pv,attention,"{""P"": [1, 64, 1, 8193], ""V_shared"": [1, 4, 8193, 128], ""output"": [1, 64, 1, 128]}",134234112,0,{},0,10487040,16384,PV/AV：各 Q 头仍计算；V 容量不乘 GQA 复制数。载荷假定 V 在头／查询之间理想复用。
25,o_proj,linear,"{""input"": [1, 8192], ""weight_math"": [8192, 4096], ""weight_storage"": [4096, 8192], ""output"": [1, 4096]}",67108864,0,{},67108864,16384,8192,独立 GEMM：权重与输入各读一次、输出写一次的操作数载荷；不预测 tile 重读。
25,attention_residual,residual,"{""inputs_each"": [1, 4096], ""output"": [1, 4096]}",0,4096,{},0,16384,8192,
25,post_attention_layernorm,normalization,"{""input"": [1, 4096], ""weight"": [4096], ""output"": [1, 4096]}",0,16385,"{""rsqrt"": 1}",8192,8192,8192,按 FP32 行内归约的代数计数；rsqrt、类型转换与临时 FP32 张量分列／不推断 HBM spill。
25,router,linear,"{""input"": [1, 4096], ""weight_math"": [4096, 128], ""weight_storage"": [128, 4096], ""output"": [1, 128]}",1048576,0,{},1048576,8192,256,独立 GEMM：权重与输入各读一次、输出写一次的操作数载荷；不预测 tile 重读。
25,router_softmax,routing,"{""input"": [1, 128], ""probabilities_fp32"": [1, 128]}",0,383,"{""exp"": 128, ""compare_max"": 127}",0,256,512,"FP32 softmax: subtract max, exp, reduction, divide; casts are not FLOPs."
25,router_topk,routing,"{""input_fp32"": [1, 128], ""values_fp32"": [1, 8], ""indices_int64"": [1, 8]}",0,0,"{""topk_rows"": 1, ""topk_candidates"": 128}",0,512,96,Top-k is an explicit selection primitive; candidate counts are not comparisons or FLOPs. Backend selection algorithm is unspecified.
25,router_renormalize_cast,routing,"{""selected_probabilities"": [1, 8]}",0,15,{},0,32,16,"Selected probabilities are renormalized if norm_topk_prob, then cast to activation dtype; row reduction assumed on-chip."
25,routing_one_hot,routing_metadata,"{""selected_int64"": [1, 8], ""mask_int64"": [1, 8, 128]}",0,0,"{""one_hot_entries"": 1024}",0,64,8192,Pinned HF reference materializes one_hot int64; this large routing mask is not assumed in optimized dispatch.
25,routing_where,routing_metadata,"{""mask_int64"": [128, 8, 1], ""top_x_and_slot_each"": [8]}",0,0,"{""integer_nonzero_tests"": 1024}",0,8192,128,Scan each expert mask; two int64 coordinates per assignment. Permute is a view.
25,expert_gather,routing,"{""source"": [1, 4096], ""gathered_rows"": [8, 4096]}",0,0,{},0,65600,65536,Logical gathers summed over experts; n_e and each concrete GEMM shape are in expert_matrices.
25,expert_gate_proj,linear,"{""input_per_expert"": [""n_e"", 4096], ""weight_storage_each"": [1536, 4096], ""output_per_expert"": [""n_e"", 1536], ""nonempty_experts"": 8, ""tokens_per_expert"": [1, 1, 1, 1, 1, 1, 1, 1, 0, 0, 0, 0, 0, 0, 0, 0, 0, 0, 0, 0, 0, 0, 0, 0, 0, 0, 0, 0, 0, 0, 0, 0, 0, 0, 0, 0, 0, 0, 0, 0, 0, 0, 0, 0, 0, 0, 0, 0, 0, 0, 0, 0, 0, 0, 0, 0, 0, 0, 0, 0, 0, 0, 0, 0, 0, 0, 0, 0, 0, 0, 0, 0, 0, 0, 0, 0, 0, 0, 0, 0, 0, 0, 0, 0, 0, 0, 0, 0, 0, 0, 0, 0, 0, 0, 0, 0, 0, 0, 0, 0, 0, 0, 0, 0, 0, 0, 0, 0, 0, 0, 0, 0, 0, 0, 0, 0, 0, 0, 0, 0, 0, 0, 0, 0, 0, 0, 0, 0]}",100663296,0,{},100663296,65536,24576,"Sum of unpadded per-expert GEMMs; each visited expert weight read once per layer, not once per token."
25,expert_up_proj,linear,"{""input_per_expert"": [""n_e"", 4096], ""weight_storage_each"": [1536, 4096], ""output_per_expert"": [""n_e"", 1536], ""nonempty_experts"": 8, ""tokens_per_expert"": [1, 1, 1, 1, 1, 1, 1, 1, 0, 0, 0, 0, 0, 0, 0, 0, 0, 0, 0, 0, 0, 0, 0, 0, 0, 0, 0, 0, 0, 0, 0, 0, 0, 0, 0, 0, 0, 0, 0, 0, 0, 0, 0, 0, 0, 0, 0, 0, 0, 0, 0, 0, 0, 0, 0, 0, 0, 0, 0, 0, 0, 0, 0, 0, 0, 0, 0, 0, 0, 0, 0, 0, 0, 0, 0, 0, 0, 0, 0, 0, 0, 0, 0, 0, 0, 0, 0, 0, 0, 0, 0, 0, 0, 0, 0, 0, 0, 0, 0, 0, 0, 0, 0, 0, 0, 0, 0, 0, 0, 0, 0, 0, 0, 0, 0, 0, 0, 0, 0, 0, 0, 0, 0, 0, 0, 0, 0, 0]}",100663296,0,{},100663296,65536,24576,"Sum of unpadded per-expert GEMMs; each visited expert weight read once per layer, not once per token."
25,expert_silu_mul,activation,"{""gate_and_up_each"": [8, 1536]}",0,49152,"{""exp"": 12288, ""negate"": 12288}",0,49152,24576,
25,expert_down_proj,linear,"{""input_per_expert"": [""n_e"", 1536], ""weight_storage_each"": [4096, 1536], ""output_per_expert"": [""n_e"", 4096], ""nonempty_experts"": 8, ""tokens_per_expert"": [1, 1, 1, 1, 1, 1, 1, 1, 0, 0, 0, 0, 0, 0, 0, 0, 0, 0, 0, 0, 0, 0, 0, 0, 0, 0, 0, 0, 0, 0, 0, 0, 0, 0, 0, 0, 0, 0, 0, 0, 0, 0, 0, 0, 0, 0, 0, 0, 0, 0, 0, 0, 0, 0, 0, 0, 0, 0, 0, 0, 0, 0, 0, 0, 0, 0, 0, 0, 0, 0, 0, 0, 0, 0, 0, 0, 0, 0, 0, 0, 0, 0, 0, 0, 0, 0, 0, 0, 0, 0, 0, 0, 0, 0, 0, 0, 0, 0, 0, 0, 0, 0, 0, 0, 0, 0, 0, 0, 0, 0, 0, 0, 0, 0, 0, 0, 0, 0, 0, 0, 0, 0, 0, 0, 0, 0, 0, 0]}",100663296,0,{},100663296,24576,65536,Unpadded per-expert GEMMs; empty experts have zero arithmetic and no weight payload.
25,expert_probability_multiply,routing,"{""expert_outputs"": [8, 4096], ""routing_weights"": [8]}",0,32768,{},0,65680,65536,Probability broadcast reuses one value per assignment; int64 token/slot indices included.
25,expert_output_zero,routing,"{""output"": [1, 4096]}",0,0,{},0,0,8192,Reference initializes final_hidden_states to zero.
25,expert_index_add,routing,"{""weighted_outputs"": [8, 4096], ""combined_output"": [1, 4096]}",0,32768,{},0,131136,65536,"Reference index_add includes the first add into zero; destination read/update per assignment is logical payload, not measured HBM."
25,ffn_residual,residual,"{""inputs_each"": [1, 4096], ""output"": [1, 4096]}",0,4096,{},0,16384,8192,
26,input_layernorm,normalization,"{""input"": [1, 4096], ""weight"": [4096], ""output"": [1, 4096]}",0,16385,"{""rsqrt"": 1}",8192,8192,8192,按 FP32 行内归约的代数计数；rsqrt、类型转换与临时 FP32 张量分列／不推断 HBM spill。
26,q_proj,linear,"{""input"": [1, 4096], ""weight_math"": [4096, 8192], ""weight_storage"": [8192, 4096], ""output"": [1, 8192]}",67108864,0,{},67108864,8192,16384,独立 GEMM：权重与输入各读一次、输出写一次的操作数载荷；不预测 tile 重读。
26,k_proj,linear,"{""input"": [1, 4096], ""weight_math"": [4096, 512], ""weight_storage"": [512, 4096], ""output"": [1, 512]}",4194304,0,{},4194304,8192,1024,独立 GEMM：权重与输入各读一次、输出写一次的操作数载荷；不预测 tile 重读。
26,v_proj,linear,"{""input"": [1, 4096], ""weight_math"": [4096, 512], ""weight_storage"": [512, 4096], ""output"": [1, 512]}",4194304,0,{},4194304,8192,1024,独立 GEMM：权重与输入各读一次、输出写一次的操作数载荷；不预测 tile 重读。
26,q_norm,normalization,"{""input"": [64, 128], ""weight"": [128], ""output"": [64, 128]}",0,32832,"{""rsqrt"": 64}",256,16384,16384,按 FP32 行内归约的代数计数；rsqrt、类型转换与临时 FP32 张量分列／不推断 HBM spill。
26,k_norm,normalization,"{""input"": [4, 128], ""weight"": [128], ""output"": [4, 128]}",0,2052,"{""rsqrt"": 4}",256,1024,1024,按 FP32 行内归约的代数计数；rsqrt、类型转换与临时 FP32 张量分列／不推断 HBM spill。
26,apply_rope,position,"{""Q"": [1, 64, 1, 128], ""K"": [1, 4, 1, 128]}",0,26112,"{""negate"": 4352}",0,17920,17408,2 multiply + 1 add/元素，rotate_half 符号翻转分列；表按批／头理想复用。
26,kv_append,state,"{""new_K_and_V_each"": [1, 4, 1, 128]}",0,0,{},0,2048,2048,原位／分页 append 载荷；不假定动态 torch.cat 对旧缓存整段复制。
26,qk,attention,"{""Q"": [1, 64, 1, 128], ""K_shared"": [1, 4, 8193, 128], ""scores_rectangular"": [1, 64, 1, 8193]}",134234112,0,{},0,8406016,2097408,FLOPs 仅有效因果位置；载荷是假定 Q/K 各读一次、GQA 头共享，完整分数矩阵物化。
26,score_scale_mask_softmax,softmax,"{""scores"": [1, 64, 1, 8193]}",0,2097344,"{""exp"": 524352, ""compare_max"": 524288, ""mask_decisions"": 524352}",0,2097408,2097408,选择的融合 scale/mask/softmax 代数工作；屏蔽点不计 exp。物化 FP32 默认概率；非具体 eager trace。
26,pv,attention,"{""P"": [1, 64, 1, 8193], ""V_shared"": [1, 4, 8193, 128], ""output"": [1, 64, 1, 128]}",134234112,0,{},0,10487040,16384,PV/AV：各 Q 头仍计算；V 容量不乘 GQA 复制数。载荷假定 V 在头／查询之间理想复用。
26,o_proj,linear,"{""input"": [1, 8192], ""weight_math"": [8192, 4096], ""weight_storage"": [4096, 8192], ""output"": [1, 4096]}",67108864,0,{},67108864,16384,8192,独立 GEMM：权重与输入各读一次、输出写一次的操作数载荷；不预测 tile 重读。
26,attention_residual,residual,"{""inputs_each"": [1, 4096], ""output"": [1, 4096]}",0,4096,{},0,16384,8192,
26,post_attention_layernorm,normalization,"{""input"": [1, 4096], ""weight"": [4096], ""output"": [1, 4096]}",0,16385,"{""rsqrt"": 1}",8192,8192,8192,按 FP32 行内归约的代数计数；rsqrt、类型转换与临时 FP32 张量分列／不推断 HBM spill。
26,router,linear,"{""input"": [1, 4096], ""weight_math"": [4096, 128], ""weight_storage"": [128, 4096], ""output"": [1, 128]}",1048576,0,{},1048576,8192,256,独立 GEMM：权重与输入各读一次、输出写一次的操作数载荷；不预测 tile 重读。
26,router_softmax,routing,"{""input"": [1, 128], ""probabilities_fp32"": [1, 128]}",0,383,"{""exp"": 128, ""compare_max"": 127}",0,256,512,"FP32 softmax: subtract max, exp, reduction, divide; casts are not FLOPs."
26,router_topk,routing,"{""input_fp32"": [1, 128], ""values_fp32"": [1, 8], ""indices_int64"": [1, 8]}",0,0,"{""topk_rows"": 1, ""topk_candidates"": 128}",0,512,96,Top-k is an explicit selection primitive; candidate counts are not comparisons or FLOPs. Backend selection algorithm is unspecified.
26,router_renormalize_cast,routing,"{""selected_probabilities"": [1, 8]}",0,15,{},0,32,16,"Selected probabilities are renormalized if norm_topk_prob, then cast to activation dtype; row reduction assumed on-chip."
26,routing_one_hot,routing_metadata,"{""selected_int64"": [1, 8], ""mask_int64"": [1, 8, 128]}",0,0,"{""one_hot_entries"": 1024}",0,64,8192,Pinned HF reference materializes one_hot int64; this large routing mask is not assumed in optimized dispatch.
26,routing_where,routing_metadata,"{""mask_int64"": [128, 8, 1], ""top_x_and_slot_each"": [8]}",0,0,"{""integer_nonzero_tests"": 1024}",0,8192,128,Scan each expert mask; two int64 coordinates per assignment. Permute is a view.
26,expert_gather,routing,"{""source"": [1, 4096], ""gathered_rows"": [8, 4096]}",0,0,{},0,65600,65536,Logical gathers summed over experts; n_e and each concrete GEMM shape are in expert_matrices.
26,expert_gate_proj,linear,"{""input_per_expert"": [""n_e"", 4096], ""weight_storage_each"": [1536, 4096], ""output_per_expert"": [""n_e"", 1536], ""nonempty_experts"": 8, ""tokens_per_expert"": [1, 1, 1, 1, 1, 1, 1, 1, 0, 0, 0, 0, 0, 0, 0, 0, 0, 0, 0, 0, 0, 0, 0, 0, 0, 0, 0, 0, 0, 0, 0, 0, 0, 0, 0, 0, 0, 0, 0, 0, 0, 0, 0, 0, 0, 0, 0, 0, 0, 0, 0, 0, 0, 0, 0, 0, 0, 0, 0, 0, 0, 0, 0, 0, 0, 0, 0, 0, 0, 0, 0, 0, 0, 0, 0, 0, 0, 0, 0, 0, 0, 0, 0, 0, 0, 0, 0, 0, 0, 0, 0, 0, 0, 0, 0, 0, 0, 0, 0, 0, 0, 0, 0, 0, 0, 0, 0, 0, 0, 0, 0, 0, 0, 0, 0, 0, 0, 0, 0, 0, 0, 0, 0, 0, 0, 0, 0, 0]}",100663296,0,{},100663296,65536,24576,"Sum of unpadded per-expert GEMMs; each visited expert weight read once per layer, not once per token."
26,expert_up_proj,linear,"{""input_per_expert"": [""n_e"", 4096], ""weight_storage_each"": [1536, 4096], ""output_per_expert"": [""n_e"", 1536], ""nonempty_experts"": 8, ""tokens_per_expert"": [1, 1, 1, 1, 1, 1, 1, 1, 0, 0, 0, 0, 0, 0, 0, 0, 0, 0, 0, 0, 0, 0, 0, 0, 0, 0, 0, 0, 0, 0, 0, 0, 0, 0, 0, 0, 0, 0, 0, 0, 0, 0, 0, 0, 0, 0, 0, 0, 0, 0, 0, 0, 0, 0, 0, 0, 0, 0, 0, 0, 0, 0, 0, 0, 0, 0, 0, 0, 0, 0, 0, 0, 0, 0, 0, 0, 0, 0, 0, 0, 0, 0, 0, 0, 0, 0, 0, 0, 0, 0, 0, 0, 0, 0, 0, 0, 0, 0, 0, 0, 0, 0, 0, 0, 0, 0, 0, 0, 0, 0, 0, 0, 0, 0, 0, 0, 0, 0, 0, 0, 0, 0, 0, 0, 0, 0, 0, 0]}",100663296,0,{},100663296,65536,24576,"Sum of unpadded per-expert GEMMs; each visited expert weight read once per layer, not once per token."
26,expert_silu_mul,activation,"{""gate_and_up_each"": [8, 1536]}",0,49152,"{""exp"": 12288, ""negate"": 12288}",0,49152,24576,
26,expert_down_proj,linear,"{""input_per_expert"": [""n_e"", 1536], ""weight_storage_each"": [4096, 1536], ""output_per_expert"": [""n_e"", 4096], ""nonempty_experts"": 8, ""tokens_per_expert"": [1, 1, 1, 1, 1, 1, 1, 1, 0, 0, 0, 0, 0, 0, 0, 0, 0, 0, 0, 0, 0, 0, 0, 0, 0, 0, 0, 0, 0, 0, 0, 0, 0, 0, 0, 0, 0, 0, 0, 0, 0, 0, 0, 0, 0, 0, 0, 0, 0, 0, 0, 0, 0, 0, 0, 0, 0, 0, 0, 0, 0, 0, 0, 0, 0, 0, 0, 0, 0, 0, 0, 0, 0, 0, 0, 0, 0, 0, 0, 0, 0, 0, 0, 0, 0, 0, 0, 0, 0, 0, 0, 0, 0, 0, 0, 0, 0, 0, 0, 0, 0, 0, 0, 0, 0, 0, 0, 0, 0, 0, 0, 0, 0, 0, 0, 0, 0, 0, 0, 0, 0, 0, 0, 0, 0, 0, 0, 0]}",100663296,0,{},100663296,24576,65536,Unpadded per-expert GEMMs; empty experts have zero arithmetic and no weight payload.
26,expert_probability_multiply,routing,"{""expert_outputs"": [8, 4096], ""routing_weights"": [8]}",0,32768,{},0,65680,65536,Probability broadcast reuses one value per assignment; int64 token/slot indices included.
26,expert_output_zero,routing,"{""output"": [1, 4096]}",0,0,{},0,0,8192,Reference initializes final_hidden_states to zero.
26,expert_index_add,routing,"{""weighted_outputs"": [8, 4096], ""combined_output"": [1, 4096]}",0,32768,{},0,131136,65536,"Reference index_add includes the first add into zero; destination read/update per assignment is logical payload, not measured HBM."
26,ffn_residual,residual,"{""inputs_each"": [1, 4096], ""output"": [1, 4096]}",0,4096,{},0,16384,8192,
27,input_layernorm,normalization,"{""input"": [1, 4096], ""weight"": [4096], ""output"": [1, 4096]}",0,16385,"{""rsqrt"": 1}",8192,8192,8192,按 FP32 行内归约的代数计数；rsqrt、类型转换与临时 FP32 张量分列／不推断 HBM spill。
27,q_proj,linear,"{""input"": [1, 4096], ""weight_math"": [4096, 8192], ""weight_storage"": [8192, 4096], ""output"": [1, 8192]}",67108864,0,{},67108864,8192,16384,独立 GEMM：权重与输入各读一次、输出写一次的操作数载荷；不预测 tile 重读。
27,k_proj,linear,"{""input"": [1, 4096], ""weight_math"": [4096, 512], ""weight_storage"": [512, 4096], ""output"": [1, 512]}",4194304,0,{},4194304,8192,1024,独立 GEMM：权重与输入各读一次、输出写一次的操作数载荷；不预测 tile 重读。
27,v_proj,linear,"{""input"": [1, 4096], ""weight_math"": [4096, 512], ""weight_storage"": [512, 4096], ""output"": [1, 512]}",4194304,0,{},4194304,8192,1024,独立 GEMM：权重与输入各读一次、输出写一次的操作数载荷；不预测 tile 重读。
27,q_norm,normalization,"{""input"": [64, 128], ""weight"": [128], ""output"": [64, 128]}",0,32832,"{""rsqrt"": 64}",256,16384,16384,按 FP32 行内归约的代数计数；rsqrt、类型转换与临时 FP32 张量分列／不推断 HBM spill。
27,k_norm,normalization,"{""input"": [4, 128], ""weight"": [128], ""output"": [4, 128]}",0,2052,"{""rsqrt"": 4}",256,1024,1024,按 FP32 行内归约的代数计数；rsqrt、类型转换与临时 FP32 张量分列／不推断 HBM spill。
27,apply_rope,position,"{""Q"": [1, 64, 1, 128], ""K"": [1, 4, 1, 128]}",0,26112,"{""negate"": 4352}",0,17920,17408,2 multiply + 1 add/元素，rotate_half 符号翻转分列；表按批／头理想复用。
27,kv_append,state,"{""new_K_and_V_each"": [1, 4, 1, 128]}",0,0,{},0,2048,2048,原位／分页 append 载荷；不假定动态 torch.cat 对旧缓存整段复制。
27,qk,attention,"{""Q"": [1, 64, 1, 128], ""K_shared"": [1, 4, 8193, 128], ""scores_rectangular"": [1, 64, 1, 8193]}",134234112,0,{},0,8406016,2097408,FLOPs 仅有效因果位置；载荷是假定 Q/K 各读一次、GQA 头共享，完整分数矩阵物化。
27,score_scale_mask_softmax,softmax,"{""scores"": [1, 64, 1, 8193]}",0,2097344,"{""exp"": 524352, ""compare_max"": 524288, ""mask_decisions"": 524352}",0,2097408,2097408,选择的融合 scale/mask/softmax 代数工作；屏蔽点不计 exp。物化 FP32 默认概率；非具体 eager trace。
27,pv,attention,"{""P"": [1, 64, 1, 8193], ""V_shared"": [1, 4, 8193, 128], ""output"": [1, 64, 1, 128]}",134234112,0,{},0,10487040,16384,PV/AV：各 Q 头仍计算；V 容量不乘 GQA 复制数。载荷假定 V 在头／查询之间理想复用。
27,o_proj,linear,"{""input"": [1, 8192], ""weight_math"": [8192, 4096], ""weight_storage"": [4096, 8192], ""output"": [1, 4096]}",67108864,0,{},67108864,16384,8192,独立 GEMM：权重与输入各读一次、输出写一次的操作数载荷；不预测 tile 重读。
27,attention_residual,residual,"{""inputs_each"": [1, 4096], ""output"": [1, 4096]}",0,4096,{},0,16384,8192,
27,post_attention_layernorm,normalization,"{""input"": [1, 4096], ""weight"": [4096], ""output"": [1, 4096]}",0,16385,"{""rsqrt"": 1}",8192,8192,8192,按 FP32 行内归约的代数计数；rsqrt、类型转换与临时 FP32 张量分列／不推断 HBM spill。
27,router,linear,"{""input"": [1, 4096], ""weight_math"": [4096, 128], ""weight_storage"": [128, 4096], ""output"": [1, 128]}",1048576,0,{},1048576,8192,256,独立 GEMM：权重与输入各读一次、输出写一次的操作数载荷；不预测 tile 重读。
27,router_softmax,routing,"{""input"": [1, 128], ""probabilities_fp32"": [1, 128]}",0,383,"{""exp"": 128, ""compare_max"": 127}",0,256,512,"FP32 softmax: subtract max, exp, reduction, divide; casts are not FLOPs."
27,router_topk,routing,"{""input_fp32"": [1, 128], ""values_fp32"": [1, 8], ""indices_int64"": [1, 8]}",0,0,"{""topk_rows"": 1, ""topk_candidates"": 128}",0,512,96,Top-k is an explicit selection primitive; candidate counts are not comparisons or FLOPs. Backend selection algorithm is unspecified.
27,router_renormalize_cast,routing,"{""selected_probabilities"": [1, 8]}",0,15,{},0,32,16,"Selected probabilities are renormalized if norm_topk_prob, then cast to activation dtype; row reduction assumed on-chip."
27,routing_one_hot,routing_metadata,"{""selected_int64"": [1, 8], ""mask_int64"": [1, 8, 128]}",0,0,"{""one_hot_entries"": 1024}",0,64,8192,Pinned HF reference materializes one_hot int64; this large routing mask is not assumed in optimized dispatch.
27,routing_where,routing_metadata,"{""mask_int64"": [128, 8, 1], ""top_x_and_slot_each"": [8]}",0,0,"{""integer_nonzero_tests"": 1024}",0,8192,128,Scan each expert mask; two int64 coordinates per assignment. Permute is a view.
27,expert_gather,routing,"{""source"": [1, 4096], ""gathered_rows"": [8, 4096]}",0,0,{},0,65600,65536,Logical gathers summed over experts; n_e and each concrete GEMM shape are in expert_matrices.
27,expert_gate_proj,linear,"{""input_per_expert"": [""n_e"", 4096], ""weight_storage_each"": [1536, 4096], ""output_per_expert"": [""n_e"", 1536], ""nonempty_experts"": 8, ""tokens_per_expert"": [1, 1, 1, 1, 1, 1, 1, 1, 0, 0, 0, 0, 0, 0, 0, 0, 0, 0, 0, 0, 0, 0, 0, 0, 0, 0, 0, 0, 0, 0, 0, 0, 0, 0, 0, 0, 0, 0, 0, 0, 0, 0, 0, 0, 0, 0, 0, 0, 0, 0, 0, 0, 0, 0, 0, 0, 0, 0, 0, 0, 0, 0, 0, 0, 0, 0, 0, 0, 0, 0, 0, 0, 0, 0, 0, 0, 0, 0, 0, 0, 0, 0, 0, 0, 0, 0, 0, 0, 0, 0, 0, 0, 0, 0, 0, 0, 0, 0, 0, 0, 0, 0, 0, 0, 0, 0, 0, 0, 0, 0, 0, 0, 0, 0, 0, 0, 0, 0, 0, 0, 0, 0, 0, 0, 0, 0, 0, 0]}",100663296,0,{},100663296,65536,24576,"Sum of unpadded per-expert GEMMs; each visited expert weight read once per layer, not once per token."
27,expert_up_proj,linear,"{""input_per_expert"": [""n_e"", 4096], ""weight_storage_each"": [1536, 4096], ""output_per_expert"": [""n_e"", 1536], ""nonempty_experts"": 8, ""tokens_per_expert"": [1, 1, 1, 1, 1, 1, 1, 1, 0, 0, 0, 0, 0, 0, 0, 0, 0, 0, 0, 0, 0, 0, 0, 0, 0, 0, 0, 0, 0, 0, 0, 0, 0, 0, 0, 0, 0, 0, 0, 0, 0, 0, 0, 0, 0, 0, 0, 0, 0, 0, 0, 0, 0, 0, 0, 0, 0, 0, 0, 0, 0, 0, 0, 0, 0, 0, 0, 0, 0, 0, 0, 0, 0, 0, 0, 0, 0, 0, 0, 0, 0, 0, 0, 0, 0, 0, 0, 0, 0, 0, 0, 0, 0, 0, 0, 0, 0, 0, 0, 0, 0, 0, 0, 0, 0, 0, 0, 0, 0, 0, 0, 0, 0, 0, 0, 0, 0, 0, 0, 0, 0, 0, 0, 0, 0, 0, 0, 0]}",100663296,0,{},100663296,65536,24576,"Sum of unpadded per-expert GEMMs; each visited expert weight read once per layer, not once per token."
27,expert_silu_mul,activation,"{""gate_and_up_each"": [8, 1536]}",0,49152,"{""exp"": 12288, ""negate"": 12288}",0,49152,24576,
27,expert_down_proj,linear,"{""input_per_expert"": [""n_e"", 1536], ""weight_storage_each"": [4096, 1536], ""output_per_expert"": [""n_e"", 4096], ""nonempty_experts"": 8, ""tokens_per_expert"": [1, 1, 1, 1, 1, 1, 1, 1, 0, 0, 0, 0, 0, 0, 0, 0, 0, 0, 0, 0, 0, 0, 0, 0, 0, 0, 0, 0, 0, 0, 0, 0, 0, 0, 0, 0, 0, 0, 0, 0, 0, 0, 0, 0, 0, 0, 0, 0, 0, 0, 0, 0, 0, 0, 0, 0, 0, 0, 0, 0, 0, 0, 0, 0, 0, 0, 0, 0, 0, 0, 0, 0, 0, 0, 0, 0, 0, 0, 0, 0, 0, 0, 0, 0, 0, 0, 0, 0, 0, 0, 0, 0, 0, 0, 0, 0, 0, 0, 0, 0, 0, 0, 0, 0, 0, 0, 0, 0, 0, 0, 0, 0, 0, 0, 0, 0, 0, 0, 0, 0, 0, 0, 0, 0, 0, 0, 0, 0]}",100663296,0,{},100663296,24576,65536,Unpadded per-expert GEMMs; empty experts have zero arithmetic and no weight payload.
27,expert_probability_multiply,routing,"{""expert_outputs"": [8, 4096], ""routing_weights"": [8]}",0,32768,{},0,65680,65536,Probability broadcast reuses one value per assignment; int64 token/slot indices included.
27,expert_output_zero,routing,"{""output"": [1, 4096]}",0,0,{},0,0,8192,Reference initializes final_hidden_states to zero.
27,expert_index_add,routing,"{""weighted_outputs"": [8, 4096], ""combined_output"": [1, 4096]}",0,32768,{},0,131136,65536,"Reference index_add includes the first add into zero; destination read/update per assignment is logical payload, not measured HBM."
27,ffn_residual,residual,"{""inputs_each"": [1, 4096], ""output"": [1, 4096]}",0,4096,{},0,16384,8192,
28,input_layernorm,normalization,"{""input"": [1, 4096], ""weight"": [4096], ""output"": [1, 4096]}",0,16385,"{""rsqrt"": 1}",8192,8192,8192,按 FP32 行内归约的代数计数；rsqrt、类型转换与临时 FP32 张量分列／不推断 HBM spill。
28,q_proj,linear,"{""input"": [1, 4096], ""weight_math"": [4096, 8192], ""weight_storage"": [8192, 4096], ""output"": [1, 8192]}",67108864,0,{},67108864,8192,16384,独立 GEMM：权重与输入各读一次、输出写一次的操作数载荷；不预测 tile 重读。
28,k_proj,linear,"{""input"": [1, 4096], ""weight_math"": [4096, 512], ""weight_storage"": [512, 4096], ""output"": [1, 512]}",4194304,0,{},4194304,8192,1024,独立 GEMM：权重与输入各读一次、输出写一次的操作数载荷；不预测 tile 重读。
28,v_proj,linear,"{""input"": [1, 4096], ""weight_math"": [4096, 512], ""weight_storage"": [512, 4096], ""output"": [1, 512]}",4194304,0,{},4194304,8192,1024,独立 GEMM：权重与输入各读一次、输出写一次的操作数载荷；不预测 tile 重读。
28,q_norm,normalization,"{""input"": [64, 128], ""weight"": [128], ""output"": [64, 128]}",0,32832,"{""rsqrt"": 64}",256,16384,16384,按 FP32 行内归约的代数计数；rsqrt、类型转换与临时 FP32 张量分列／不推断 HBM spill。
28,k_norm,normalization,"{""input"": [4, 128], ""weight"": [128], ""output"": [4, 128]}",0,2052,"{""rsqrt"": 4}",256,1024,1024,按 FP32 行内归约的代数计数；rsqrt、类型转换与临时 FP32 张量分列／不推断 HBM spill。
28,apply_rope,position,"{""Q"": [1, 64, 1, 128], ""K"": [1, 4, 1, 128]}",0,26112,"{""negate"": 4352}",0,17920,17408,2 multiply + 1 add/元素，rotate_half 符号翻转分列；表按批／头理想复用。
28,kv_append,state,"{""new_K_and_V_each"": [1, 4, 1, 128]}",0,0,{},0,2048,2048,原位／分页 append 载荷；不假定动态 torch.cat 对旧缓存整段复制。
28,qk,attention,"{""Q"": [1, 64, 1, 128], ""K_shared"": [1, 4, 8193, 128], ""scores_rectangular"": [1, 64, 1, 8193]}",134234112,0,{},0,8406016,2097408,FLOPs 仅有效因果位置；载荷是假定 Q/K 各读一次、GQA 头共享，完整分数矩阵物化。
28,score_scale_mask_softmax,softmax,"{""scores"": [1, 64, 1, 8193]}",0,2097344,"{""exp"": 524352, ""compare_max"": 524288, ""mask_decisions"": 524352}",0,2097408,2097408,选择的融合 scale/mask/softmax 代数工作；屏蔽点不计 exp。物化 FP32 默认概率；非具体 eager trace。
28,pv,attention,"{""P"": [1, 64, 1, 8193], ""V_shared"": [1, 4, 8193, 128], ""output"": [1, 64, 1, 128]}",134234112,0,{},0,10487040,16384,PV/AV：各 Q 头仍计算；V 容量不乘 GQA 复制数。载荷假定 V 在头／查询之间理想复用。
28,o_proj,linear,"{""input"": [1, 8192], ""weight_math"": [8192, 4096], ""weight_storage"": [4096, 8192], ""output"": [1, 4096]}",67108864,0,{},67108864,16384,8192,独立 GEMM：权重与输入各读一次、输出写一次的操作数载荷；不预测 tile 重读。
28,attention_residual,residual,"{""inputs_each"": [1, 4096], ""output"": [1, 4096]}",0,4096,{},0,16384,8192,
28,post_attention_layernorm,normalization,"{""input"": [1, 4096], ""weight"": [4096], ""output"": [1, 4096]}",0,16385,"{""rsqrt"": 1}",8192,8192,8192,按 FP32 行内归约的代数计数；rsqrt、类型转换与临时 FP32 张量分列／不推断 HBM spill。
28,router,linear,"{""input"": [1, 4096], ""weight_math"": [4096, 128], ""weight_storage"": [128, 4096], ""output"": [1, 128]}",1048576,0,{},1048576,8192,256,独立 GEMM：权重与输入各读一次、输出写一次的操作数载荷；不预测 tile 重读。
28,router_softmax,routing,"{""input"": [1, 128], ""probabilities_fp32"": [1, 128]}",0,383,"{""exp"": 128, ""compare_max"": 127}",0,256,512,"FP32 softmax: subtract max, exp, reduction, divide; casts are not FLOPs."
28,router_topk,routing,"{""input_fp32"": [1, 128], ""values_fp32"": [1, 8], ""indices_int64"": [1, 8]}",0,0,"{""topk_rows"": 1, ""topk_candidates"": 128}",0,512,96,Top-k is an explicit selection primitive; candidate counts are not comparisons or FLOPs. Backend selection algorithm is unspecified.
28,router_renormalize_cast,routing,"{""selected_probabilities"": [1, 8]}",0,15,{},0,32,16,"Selected probabilities are renormalized if norm_topk_prob, then cast to activation dtype; row reduction assumed on-chip."
28,routing_one_hot,routing_metadata,"{""selected_int64"": [1, 8], ""mask_int64"": [1, 8, 128]}",0,0,"{""one_hot_entries"": 1024}",0,64,8192,Pinned HF reference materializes one_hot int64; this large routing mask is not assumed in optimized dispatch.
28,routing_where,routing_metadata,"{""mask_int64"": [128, 8, 1], ""top_x_and_slot_each"": [8]}",0,0,"{""integer_nonzero_tests"": 1024}",0,8192,128,Scan each expert mask; two int64 coordinates per assignment. Permute is a view.
28,expert_gather,routing,"{""source"": [1, 4096], ""gathered_rows"": [8, 4096]}",0,0,{},0,65600,65536,Logical gathers summed over experts; n_e and each concrete GEMM shape are in expert_matrices.
28,expert_gate_proj,linear,"{""input_per_expert"": [""n_e"", 4096], ""weight_storage_each"": [1536, 4096], ""output_per_expert"": [""n_e"", 1536], ""nonempty_experts"": 8, ""tokens_per_expert"": [1, 1, 1, 1, 1, 1, 1, 1, 0, 0, 0, 0, 0, 0, 0, 0, 0, 0, 0, 0, 0, 0, 0, 0, 0, 0, 0, 0, 0, 0, 0, 0, 0, 0, 0, 0, 0, 0, 0, 0, 0, 0, 0, 0, 0, 0, 0, 0, 0, 0, 0, 0, 0, 0, 0, 0, 0, 0, 0, 0, 0, 0, 0, 0, 0, 0, 0, 0, 0, 0, 0, 0, 0, 0, 0, 0, 0, 0, 0, 0, 0, 0, 0, 0, 0, 0, 0, 0, 0, 0, 0, 0, 0, 0, 0, 0, 0, 0, 0, 0, 0, 0, 0, 0, 0, 0, 0, 0, 0, 0, 0, 0, 0, 0, 0, 0, 0, 0, 0, 0, 0, 0, 0, 0, 0, 0, 0, 0]}",100663296,0,{},100663296,65536,24576,"Sum of unpadded per-expert GEMMs; each visited expert weight read once per layer, not once per token."
28,expert_up_proj,linear,"{""input_per_expert"": [""n_e"", 4096], ""weight_storage_each"": [1536, 4096], ""output_per_expert"": [""n_e"", 1536], ""nonempty_experts"": 8, ""tokens_per_expert"": [1, 1, 1, 1, 1, 1, 1, 1, 0, 0, 0, 0, 0, 0, 0, 0, 0, 0, 0, 0, 0, 0, 0, 0, 0, 0, 0, 0, 0, 0, 0, 0, 0, 0, 0, 0, 0, 0, 0, 0, 0, 0, 0, 0, 0, 0, 0, 0, 0, 0, 0, 0, 0, 0, 0, 0, 0, 0, 0, 0, 0, 0, 0, 0, 0, 0, 0, 0, 0, 0, 0, 0, 0, 0, 0, 0, 0, 0, 0, 0, 0, 0, 0, 0, 0, 0, 0, 0, 0, 0, 0, 0, 0, 0, 0, 0, 0, 0, 0, 0, 0, 0, 0, 0, 0, 0, 0, 0, 0, 0, 0, 0, 0, 0, 0, 0, 0, 0, 0, 0, 0, 0, 0, 0, 0, 0, 0, 0]}",100663296,0,{},100663296,65536,24576,"Sum of unpadded per-expert GEMMs; each visited expert weight read once per layer, not once per token."
28,expert_silu_mul,activation,"{""gate_and_up_each"": [8, 1536]}",0,49152,"{""exp"": 12288, ""negate"": 12288}",0,49152,24576,
28,expert_down_proj,linear,"{""input_per_expert"": [""n_e"", 1536], ""weight_storage_each"": [4096, 1536], ""output_per_expert"": [""n_e"", 4096], ""nonempty_experts"": 8, ""tokens_per_expert"": [1, 1, 1, 1, 1, 1, 1, 1, 0, 0, 0, 0, 0, 0, 0, 0, 0, 0, 0, 0, 0, 0, 0, 0, 0, 0, 0, 0, 0, 0, 0, 0, 0, 0, 0, 0, 0, 0, 0, 0, 0, 0, 0, 0, 0, 0, 0, 0, 0, 0, 0, 0, 0, 0, 0, 0, 0, 0, 0, 0, 0, 0, 0, 0, 0, 0, 0, 0, 0, 0, 0, 0, 0, 0, 0, 0, 0, 0, 0, 0, 0, 0, 0, 0, 0, 0, 0, 0, 0, 0, 0, 0, 0, 0, 0, 0, 0, 0, 0, 0, 0, 0, 0, 0, 0, 0, 0, 0, 0, 0, 0, 0, 0, 0, 0, 0, 0, 0, 0, 0, 0, 0, 0, 0, 0, 0, 0, 0]}",100663296,0,{},100663296,24576,65536,Unpadded per-expert GEMMs; empty experts have zero arithmetic and no weight payload.
28,expert_probability_multiply,routing,"{""expert_outputs"": [8, 4096], ""routing_weights"": [8]}",0,32768,{},0,65680,65536,Probability broadcast reuses one value per assignment; int64 token/slot indices included.
28,expert_output_zero,routing,"{""output"": [1, 4096]}",0,0,{},0,0,8192,Reference initializes final_hidden_states to zero.
28,expert_index_add,routing,"{""weighted_outputs"": [8, 4096], ""combined_output"": [1, 4096]}",0,32768,{},0,131136,65536,"Reference index_add includes the first add into zero; destination read/update per assignment is logical payload, not measured HBM."
28,ffn_residual,residual,"{""inputs_each"": [1, 4096], ""output"": [1, 4096]}",0,4096,{},0,16384,8192,
29,input_layernorm,normalization,"{""input"": [1, 4096], ""weight"": [4096], ""output"": [1, 4096]}",0,16385,"{""rsqrt"": 1}",8192,8192,8192,按 FP32 行内归约的代数计数；rsqrt、类型转换与临时 FP32 张量分列／不推断 HBM spill。
29,q_proj,linear,"{""input"": [1, 4096], ""weight_math"": [4096, 8192], ""weight_storage"": [8192, 4096], ""output"": [1, 8192]}",67108864,0,{},67108864,8192,16384,独立 GEMM：权重与输入各读一次、输出写一次的操作数载荷；不预测 tile 重读。
29,k_proj,linear,"{""input"": [1, 4096], ""weight_math"": [4096, 512], ""weight_storage"": [512, 4096], ""output"": [1, 512]}",4194304,0,{},4194304,8192,1024,独立 GEMM：权重与输入各读一次、输出写一次的操作数载荷；不预测 tile 重读。
29,v_proj,linear,"{""input"": [1, 4096], ""weight_math"": [4096, 512], ""weight_storage"": [512, 4096], ""output"": [1, 512]}",4194304,0,{},4194304,8192,1024,独立 GEMM：权重与输入各读一次、输出写一次的操作数载荷；不预测 tile 重读。
29,q_norm,normalization,"{""input"": [64, 128], ""weight"": [128], ""output"": [64, 128]}",0,32832,"{""rsqrt"": 64}",256,16384,16384,按 FP32 行内归约的代数计数；rsqrt、类型转换与临时 FP32 张量分列／不推断 HBM spill。
29,k_norm,normalization,"{""input"": [4, 128], ""weight"": [128], ""output"": [4, 128]}",0,2052,"{""rsqrt"": 4}",256,1024,1024,按 FP32 行内归约的代数计数；rsqrt、类型转换与临时 FP32 张量分列／不推断 HBM spill。
29,apply_rope,position,"{""Q"": [1, 64, 1, 128], ""K"": [1, 4, 1, 128]}",0,26112,"{""negate"": 4352}",0,17920,17408,2 multiply + 1 add/元素，rotate_half 符号翻转分列；表按批／头理想复用。
29,kv_append,state,"{""new_K_and_V_each"": [1, 4, 1, 128]}",0,0,{},0,2048,2048,原位／分页 append 载荷；不假定动态 torch.cat 对旧缓存整段复制。
29,qk,attention,"{""Q"": [1, 64, 1, 128], ""K_shared"": [1, 4, 8193, 128], ""scores_rectangular"": [1, 64, 1, 8193]}",134234112,0,{},0,8406016,2097408,FLOPs 仅有效因果位置；载荷是假定 Q/K 各读一次、GQA 头共享，完整分数矩阵物化。
29,score_scale_mask_softmax,softmax,"{""scores"": [1, 64, 1, 8193]}",0,2097344,"{""exp"": 524352, ""compare_max"": 524288, ""mask_decisions"": 524352}",0,2097408,2097408,选择的融合 scale/mask/softmax 代数工作；屏蔽点不计 exp。物化 FP32 默认概率；非具体 eager trace。
29,pv,attention,"{""P"": [1, 64, 1, 8193], ""V_shared"": [1, 4, 8193, 128], ""output"": [1, 64, 1, 128]}",134234112,0,{},0,10487040,16384,PV/AV：各 Q 头仍计算；V 容量不乘 GQA 复制数。载荷假定 V 在头／查询之间理想复用。
29,o_proj,linear,"{""input"": [1, 8192], ""weight_math"": [8192, 4096], ""weight_storage"": [4096, 8192], ""output"": [1, 4096]}",67108864,0,{},67108864,16384,8192,独立 GEMM：权重与输入各读一次、输出写一次的操作数载荷；不预测 tile 重读。
29,attention_residual,residual,"{""inputs_each"": [1, 4096], ""output"": [1, 4096]}",0,4096,{},0,16384,8192,
29,post_attention_layernorm,normalization,"{""input"": [1, 4096], ""weight"": [4096], ""output"": [1, 4096]}",0,16385,"{""rsqrt"": 1}",8192,8192,8192,按 FP32 行内归约的代数计数；rsqrt、类型转换与临时 FP32 张量分列／不推断 HBM spill。
29,router,linear,"{""input"": [1, 4096], ""weight_math"": [4096, 128], ""weight_storage"": [128, 4096], ""output"": [1, 128]}",1048576,0,{},1048576,8192,256,独立 GEMM：权重与输入各读一次、输出写一次的操作数载荷；不预测 tile 重读。
29,router_softmax,routing,"{""input"": [1, 128], ""probabilities_fp32"": [1, 128]}",0,383,"{""exp"": 128, ""compare_max"": 127}",0,256,512,"FP32 softmax: subtract max, exp, reduction, divide; casts are not FLOPs."
29,router_topk,routing,"{""input_fp32"": [1, 128], ""values_fp32"": [1, 8], ""indices_int64"": [1, 8]}",0,0,"{""topk_rows"": 1, ""topk_candidates"": 128}",0,512,96,Top-k is an explicit selection primitive; candidate counts are not comparisons or FLOPs. Backend selection algorithm is unspecified.
29,router_renormalize_cast,routing,"{""selected_probabilities"": [1, 8]}",0,15,{},0,32,16,"Selected probabilities are renormalized if norm_topk_prob, then cast to activation dtype; row reduction assumed on-chip."
29,routing_one_hot,routing_metadata,"{""selected_int64"": [1, 8], ""mask_int64"": [1, 8, 128]}",0,0,"{""one_hot_entries"": 1024}",0,64,8192,Pinned HF reference materializes one_hot int64; this large routing mask is not assumed in optimized dispatch.
29,routing_where,routing_metadata,"{""mask_int64"": [128, 8, 1], ""top_x_and_slot_each"": [8]}",0,0,"{""integer_nonzero_tests"": 1024}",0,8192,128,Scan each expert mask; two int64 coordinates per assignment. Permute is a view.
29,expert_gather,routing,"{""source"": [1, 4096], ""gathered_rows"": [8, 4096]}",0,0,{},0,65600,65536,Logical gathers summed over experts; n_e and each concrete GEMM shape are in expert_matrices.
29,expert_gate_proj,linear,"{""input_per_expert"": [""n_e"", 4096], ""weight_storage_each"": [1536, 4096], ""output_per_expert"": [""n_e"", 1536], ""nonempty_experts"": 8, ""tokens_per_expert"": [1, 1, 1, 1, 1, 1, 1, 1, 0, 0, 0, 0, 0, 0, 0, 0, 0, 0, 0, 0, 0, 0, 0, 0, 0, 0, 0, 0, 0, 0, 0, 0, 0, 0, 0, 0, 0, 0, 0, 0, 0, 0, 0, 0, 0, 0, 0, 0, 0, 0, 0, 0, 0, 0, 0, 0, 0, 0, 0, 0, 0, 0, 0, 0, 0, 0, 0, 0, 0, 0, 0, 0, 0, 0, 0, 0, 0, 0, 0, 0, 0, 0, 0, 0, 0, 0, 0, 0, 0, 0, 0, 0, 0, 0, 0, 0, 0, 0, 0, 0, 0, 0, 0, 0, 0, 0, 0, 0, 0, 0, 0, 0, 0, 0, 0, 0, 0, 0, 0, 0, 0, 0, 0, 0, 0, 0, 0, 0]}",100663296,0,{},100663296,65536,24576,"Sum of unpadded per-expert GEMMs; each visited expert weight read once per layer, not once per token."
29,expert_up_proj,linear,"{""input_per_expert"": [""n_e"", 4096], ""weight_storage_each"": [1536, 4096], ""output_per_expert"": [""n_e"", 1536], ""nonempty_experts"": 8, ""tokens_per_expert"": [1, 1, 1, 1, 1, 1, 1, 1, 0, 0, 0, 0, 0, 0, 0, 0, 0, 0, 0, 0, 0, 0, 0, 0, 0, 0, 0, 0, 0, 0, 0, 0, 0, 0, 0, 0, 0, 0, 0, 0, 0, 0, 0, 0, 0, 0, 0, 0, 0, 0, 0, 0, 0, 0, 0, 0, 0, 0, 0, 0, 0, 0, 0, 0, 0, 0, 0, 0, 0, 0, 0, 0, 0, 0, 0, 0, 0, 0, 0, 0, 0, 0, 0, 0, 0, 0, 0, 0, 0, 0, 0, 0, 0, 0, 0, 0, 0, 0, 0, 0, 0, 0, 0, 0, 0, 0, 0, 0, 0, 0, 0, 0, 0, 0, 0, 0, 0, 0, 0, 0, 0, 0, 0, 0, 0, 0, 0, 0]}",100663296,0,{},100663296,65536,24576,"Sum of unpadded per-expert GEMMs; each visited expert weight read once per layer, not once per token."
29,expert_silu_mul,activation,"{""gate_and_up_each"": [8, 1536]}",0,49152,"{""exp"": 12288, ""negate"": 12288}",0,49152,24576,
29,expert_down_proj,linear,"{""input_per_expert"": [""n_e"", 1536], ""weight_storage_each"": [4096, 1536], ""output_per_expert"": [""n_e"", 4096], ""nonempty_experts"": 8, ""tokens_per_expert"": [1, 1, 1, 1, 1, 1, 1, 1, 0, 0, 0, 0, 0, 0, 0, 0, 0, 0, 0, 0, 0, 0, 0, 0, 0, 0, 0, 0, 0, 0, 0, 0, 0, 0, 0, 0, 0, 0, 0, 0, 0, 0, 0, 0, 0, 0, 0, 0, 0, 0, 0, 0, 0, 0, 0, 0, 0, 0, 0, 0, 0, 0, 0, 0, 0, 0, 0, 0, 0, 0, 0, 0, 0, 0, 0, 0, 0, 0, 0, 0, 0, 0, 0, 0, 0, 0, 0, 0, 0, 0, 0, 0, 0, 0, 0, 0, 0, 0, 0, 0, 0, 0, 0, 0, 0, 0, 0, 0, 0, 0, 0, 0, 0, 0, 0, 0, 0, 0, 0, 0, 0, 0, 0, 0, 0, 0, 0, 0]}",100663296,0,{},100663296,24576,65536,Unpadded per-expert GEMMs; empty experts have zero arithmetic and no weight payload.
29,expert_probability_multiply,routing,"{""expert_outputs"": [8, 4096], ""routing_weights"": [8]}",0,32768,{},0,65680,65536,Probability broadcast reuses one value per assignment; int64 token/slot indices included.
29,expert_output_zero,routing,"{""output"": [1, 4096]}",0,0,{},0,0,8192,Reference initializes final_hidden_states to zero.
29,expert_index_add,routing,"{""weighted_outputs"": [8, 4096], ""combined_output"": [1, 4096]}",0,32768,{},0,131136,65536,"Reference index_add includes the first add into zero; destination read/update per assignment is logical payload, not measured HBM."
29,ffn_residual,residual,"{""inputs_each"": [1, 4096], ""output"": [1, 4096]}",0,4096,{},0,16384,8192,
30,input_layernorm,normalization,"{""input"": [1, 4096], ""weight"": [4096], ""output"": [1, 4096]}",0,16385,"{""rsqrt"": 1}",8192,8192,8192,按 FP32 行内归约的代数计数；rsqrt、类型转换与临时 FP32 张量分列／不推断 HBM spill。
30,q_proj,linear,"{""input"": [1, 4096], ""weight_math"": [4096, 8192], ""weight_storage"": [8192, 4096], ""output"": [1, 8192]}",67108864,0,{},67108864,8192,16384,独立 GEMM：权重与输入各读一次、输出写一次的操作数载荷；不预测 tile 重读。
30,k_proj,linear,"{""input"": [1, 4096], ""weight_math"": [4096, 512], ""weight_storage"": [512, 4096], ""output"": [1, 512]}",4194304,0,{},4194304,8192,1024,独立 GEMM：权重与输入各读一次、输出写一次的操作数载荷；不预测 tile 重读。
30,v_proj,linear,"{""input"": [1, 4096], ""weight_math"": [4096, 512], ""weight_storage"": [512, 4096], ""output"": [1, 512]}",4194304,0,{},4194304,8192,1024,独立 GEMM：权重与输入各读一次、输出写一次的操作数载荷；不预测 tile 重读。
30,q_norm,normalization,"{""input"": [64, 128], ""weight"": [128], ""output"": [64, 128]}",0,32832,"{""rsqrt"": 64}",256,16384,16384,按 FP32 行内归约的代数计数；rsqrt、类型转换与临时 FP32 张量分列／不推断 HBM spill。
30,k_norm,normalization,"{""input"": [4, 128], ""weight"": [128], ""output"": [4, 128]}",0,2052,"{""rsqrt"": 4}",256,1024,1024,按 FP32 行内归约的代数计数；rsqrt、类型转换与临时 FP32 张量分列／不推断 HBM spill。
30,apply_rope,position,"{""Q"": [1, 64, 1, 128], ""K"": [1, 4, 1, 128]}",0,26112,"{""negate"": 4352}",0,17920,17408,2 multiply + 1 add/元素，rotate_half 符号翻转分列；表按批／头理想复用。
30,kv_append,state,"{""new_K_and_V_each"": [1, 4, 1, 128]}",0,0,{},0,2048,2048,原位／分页 append 载荷；不假定动态 torch.cat 对旧缓存整段复制。
30,qk,attention,"{""Q"": [1, 64, 1, 128], ""K_shared"": [1, 4, 8193, 128], ""scores_rectangular"": [1, 64, 1, 8193]}",134234112,0,{},0,8406016,2097408,FLOPs 仅有效因果位置；载荷是假定 Q/K 各读一次、GQA 头共享，完整分数矩阵物化。
30,score_scale_mask_softmax,softmax,"{""scores"": [1, 64, 1, 8193]}",0,2097344,"{""exp"": 524352, ""compare_max"": 524288, ""mask_decisions"": 524352}",0,2097408,2097408,选择的融合 scale/mask/softmax 代数工作；屏蔽点不计 exp。物化 FP32 默认概率；非具体 eager trace。
30,pv,attention,"{""P"": [1, 64, 1, 8193], ""V_shared"": [1, 4, 8193, 128], ""output"": [1, 64, 1, 128]}",134234112,0,{},0,10487040,16384,PV/AV：各 Q 头仍计算；V 容量不乘 GQA 复制数。载荷假定 V 在头／查询之间理想复用。
30,o_proj,linear,"{""input"": [1, 8192], ""weight_math"": [8192, 4096], ""weight_storage"": [4096, 8192], ""output"": [1, 4096]}",67108864,0,{},67108864,16384,8192,独立 GEMM：权重与输入各读一次、输出写一次的操作数载荷；不预测 tile 重读。
30,attention_residual,residual,"{""inputs_each"": [1, 4096], ""output"": [1, 4096]}",0,4096,{},0,16384,8192,
30,post_attention_layernorm,normalization,"{""input"": [1, 4096], ""weight"": [4096], ""output"": [1, 4096]}",0,16385,"{""rsqrt"": 1}",8192,8192,8192,按 FP32 行内归约的代数计数；rsqrt、类型转换与临时 FP32 张量分列／不推断 HBM spill。
30,router,linear,"{""input"": [1, 4096], ""weight_math"": [4096, 128], ""weight_storage"": [128, 4096], ""output"": [1, 128]}",1048576,0,{},1048576,8192,256,独立 GEMM：权重与输入各读一次、输出写一次的操作数载荷；不预测 tile 重读。
30,router_softmax,routing,"{""input"": [1, 128], ""probabilities_fp32"": [1, 128]}",0,383,"{""exp"": 128, ""compare_max"": 127}",0,256,512,"FP32 softmax: subtract max, exp, reduction, divide; casts are not FLOPs."
30,router_topk,routing,"{""input_fp32"": [1, 128], ""values_fp32"": [1, 8], ""indices_int64"": [1, 8]}",0,0,"{""topk_rows"": 1, ""topk_candidates"": 128}",0,512,96,Top-k is an explicit selection primitive; candidate counts are not comparisons or FLOPs. Backend selection algorithm is unspecified.
30,router_renormalize_cast,routing,"{""selected_probabilities"": [1, 8]}",0,15,{},0,32,16,"Selected probabilities are renormalized if norm_topk_prob, then cast to activation dtype; row reduction assumed on-chip."
30,routing_one_hot,routing_metadata,"{""selected_int64"": [1, 8], ""mask_int64"": [1, 8, 128]}",0,0,"{""one_hot_entries"": 1024}",0,64,8192,Pinned HF reference materializes one_hot int64; this large routing mask is not assumed in optimized dispatch.
30,routing_where,routing_metadata,"{""mask_int64"": [128, 8, 1], ""top_x_and_slot_each"": [8]}",0,0,"{""integer_nonzero_tests"": 1024}",0,8192,128,Scan each expert mask; two int64 coordinates per assignment. Permute is a view.
30,expert_gather,routing,"{""source"": [1, 4096], ""gathered_rows"": [8, 4096]}",0,0,{},0,65600,65536,Logical gathers summed over experts; n_e and each concrete GEMM shape are in expert_matrices.
30,expert_gate_proj,linear,"{""input_per_expert"": [""n_e"", 4096], ""weight_storage_each"": [1536, 4096], ""output_per_expert"": [""n_e"", 1536], ""nonempty_experts"": 8, ""tokens_per_expert"": [1, 1, 1, 1, 1, 1, 1, 1, 0, 0, 0, 0, 0, 0, 0, 0, 0, 0, 0, 0, 0, 0, 0, 0, 0, 0, 0, 0, 0, 0, 0, 0, 0, 0, 0, 0, 0, 0, 0, 0, 0, 0, 0, 0, 0, 0, 0, 0, 0, 0, 0, 0, 0, 0, 0, 0, 0, 0, 0, 0, 0, 0, 0, 0, 0, 0, 0, 0, 0, 0, 0, 0, 0, 0, 0, 0, 0, 0, 0, 0, 0, 0, 0, 0, 0, 0, 0, 0, 0, 0, 0, 0, 0, 0, 0, 0, 0, 0, 0, 0, 0, 0, 0, 0, 0, 0, 0, 0, 0, 0, 0, 0, 0, 0, 0, 0, 0, 0, 0, 0, 0, 0, 0, 0, 0, 0, 0, 0]}",100663296,0,{},100663296,65536,24576,"Sum of unpadded per-expert GEMMs; each visited expert weight read once per layer, not once per token."
30,expert_up_proj,linear,"{""input_per_expert"": [""n_e"", 4096], ""weight_storage_each"": [1536, 4096], ""output_per_expert"": [""n_e"", 1536], ""nonempty_experts"": 8, ""tokens_per_expert"": [1, 1, 1, 1, 1, 1, 1, 1, 0, 0, 0, 0, 0, 0, 0, 0, 0, 0, 0, 0, 0, 0, 0, 0, 0, 0, 0, 0, 0, 0, 0, 0, 0, 0, 0, 0, 0, 0, 0, 0, 0, 0, 0, 0, 0, 0, 0, 0, 0, 0, 0, 0, 0, 0, 0, 0, 0, 0, 0, 0, 0, 0, 0, 0, 0, 0, 0, 0, 0, 0, 0, 0, 0, 0, 0, 0, 0, 0, 0, 0, 0, 0, 0, 0, 0, 0, 0, 0, 0, 0, 0, 0, 0, 0, 0, 0, 0, 0, 0, 0, 0, 0, 0, 0, 0, 0, 0, 0, 0, 0, 0, 0, 0, 0, 0, 0, 0, 0, 0, 0, 0, 0, 0, 0, 0, 0, 0, 0]}",100663296,0,{},100663296,65536,24576,"Sum of unpadded per-expert GEMMs; each visited expert weight read once per layer, not once per token."
30,expert_silu_mul,activation,"{""gate_and_up_each"": [8, 1536]}",0,49152,"{""exp"": 12288, ""negate"": 12288}",0,49152,24576,
30,expert_down_proj,linear,"{""input_per_expert"": [""n_e"", 1536], ""weight_storage_each"": [4096, 1536], ""output_per_expert"": [""n_e"", 4096], ""nonempty_experts"": 8, ""tokens_per_expert"": [1, 1, 1, 1, 1, 1, 1, 1, 0, 0, 0, 0, 0, 0, 0, 0, 0, 0, 0, 0, 0, 0, 0, 0, 0, 0, 0, 0, 0, 0, 0, 0, 0, 0, 0, 0, 0, 0, 0, 0, 0, 0, 0, 0, 0, 0, 0, 0, 0, 0, 0, 0, 0, 0, 0, 0, 0, 0, 0, 0, 0, 0, 0, 0, 0, 0, 0, 0, 0, 0, 0, 0, 0, 0, 0, 0, 0, 0, 0, 0, 0, 0, 0, 0, 0, 0, 0, 0, 0, 0, 0, 0, 0, 0, 0, 0, 0, 0, 0, 0, 0, 0, 0, 0, 0, 0, 0, 0, 0, 0, 0, 0, 0, 0, 0, 0, 0, 0, 0, 0, 0, 0, 0, 0, 0, 0, 0, 0]}",100663296,0,{},100663296,24576,65536,Unpadded per-expert GEMMs; empty experts have zero arithmetic and no weight payload.
30,expert_probability_multiply,routing,"{""expert_outputs"": [8, 4096], ""routing_weights"": [8]}",0,32768,{},0,65680,65536,Probability broadcast reuses one value per assignment; int64 token/slot indices included.
30,expert_output_zero,routing,"{""output"": [1, 4096]}",0,0,{},0,0,8192,Reference initializes final_hidden_states to zero.
30,expert_index_add,routing,"{""weighted_outputs"": [8, 4096], ""combined_output"": [1, 4096]}",0,32768,{},0,131136,65536,"Reference index_add includes the first add into zero; destination read/update per assignment is logical payload, not measured HBM."
30,ffn_residual,residual,"{""inputs_each"": [1, 4096], ""output"": [1, 4096]}",0,4096,{},0,16384,8192,
31,input_layernorm,normalization,"{""input"": [1, 4096], ""weight"": [4096], ""output"": [1, 4096]}",0,16385,"{""rsqrt"": 1}",8192,8192,8192,按 FP32 行内归约的代数计数；rsqrt、类型转换与临时 FP32 张量分列／不推断 HBM spill。
31,q_proj,linear,"{""input"": [1, 4096], ""weight_math"": [4096, 8192], ""weight_storage"": [8192, 4096], ""output"": [1, 8192]}",67108864,0,{},67108864,8192,16384,独立 GEMM：权重与输入各读一次、输出写一次的操作数载荷；不预测 tile 重读。
31,k_proj,linear,"{""input"": [1, 4096], ""weight_math"": [4096, 512], ""weight_storage"": [512, 4096], ""output"": [1, 512]}",4194304,0,{},4194304,8192,1024,独立 GEMM：权重与输入各读一次、输出写一次的操作数载荷；不预测 tile 重读。
31,v_proj,linear,"{""input"": [1, 4096], ""weight_math"": [4096, 512], ""weight_storage"": [512, 4096], ""output"": [1, 512]}",4194304,0,{},4194304,8192,1024,独立 GEMM：权重与输入各读一次、输出写一次的操作数载荷；不预测 tile 重读。
31,q_norm,normalization,"{""input"": [64, 128], ""weight"": [128], ""output"": [64, 128]}",0,32832,"{""rsqrt"": 64}",256,16384,16384,按 FP32 行内归约的代数计数；rsqrt、类型转换与临时 FP32 张量分列／不推断 HBM spill。
31,k_norm,normalization,"{""input"": [4, 128], ""weight"": [128], ""output"": [4, 128]}",0,2052,"{""rsqrt"": 4}",256,1024,1024,按 FP32 行内归约的代数计数；rsqrt、类型转换与临时 FP32 张量分列／不推断 HBM spill。
31,apply_rope,position,"{""Q"": [1, 64, 1, 128], ""K"": [1, 4, 1, 128]}",0,26112,"{""negate"": 4352}",0,17920,17408,2 multiply + 1 add/元素，rotate_half 符号翻转分列；表按批／头理想复用。
31,kv_append,state,"{""new_K_and_V_each"": [1, 4, 1, 128]}",0,0,{},0,2048,2048,原位／分页 append 载荷；不假定动态 torch.cat 对旧缓存整段复制。
31,qk,attention,"{""Q"": [1, 64, 1, 128], ""K_shared"": [1, 4, 8193, 128], ""scores_rectangular"": [1, 64, 1, 8193]}",134234112,0,{},0,8406016,2097408,FLOPs 仅有效因果位置；载荷是假定 Q/K 各读一次、GQA 头共享，完整分数矩阵物化。
31,score_scale_mask_softmax,softmax,"{""scores"": [1, 64, 1, 8193]}",0,2097344,"{""exp"": 524352, ""compare_max"": 524288, ""mask_decisions"": 524352}",0,2097408,2097408,选择的融合 scale/mask/softmax 代数工作；屏蔽点不计 exp。物化 FP32 默认概率；非具体 eager trace。
31,pv,attention,"{""P"": [1, 64, 1, 8193], ""V_shared"": [1, 4, 8193, 128], ""output"": [1, 64, 1, 128]}",134234112,0,{},0,10487040,16384,PV/AV：各 Q 头仍计算；V 容量不乘 GQA 复制数。载荷假定 V 在头／查询之间理想复用。
31,o_proj,linear,"{""input"": [1, 8192], ""weight_math"": [8192, 4096], ""weight_storage"": [4096, 8192], ""output"": [1, 4096]}",67108864,0,{},67108864,16384,8192,独立 GEMM：权重与输入各读一次、输出写一次的操作数载荷；不预测 tile 重读。
31,attention_residual,residual,"{""inputs_each"": [1, 4096], ""output"": [1, 4096]}",0,4096,{},0,16384,8192,
31,post_attention_layernorm,normalization,"{""input"": [1, 4096], ""weight"": [4096], ""output"": [1, 4096]}",0,16385,"{""rsqrt"": 1}",8192,8192,8192,按 FP32 行内归约的代数计数；rsqrt、类型转换与临时 FP32 张量分列／不推断 HBM spill。
31,router,linear,"{""input"": [1, 4096], ""weight_math"": [4096, 128], ""weight_storage"": [128, 4096], ""output"": [1, 128]}",1048576,0,{},1048576,8192,256,独立 GEMM：权重与输入各读一次、输出写一次的操作数载荷；不预测 tile 重读。
31,router_softmax,routing,"{""input"": [1, 128], ""probabilities_fp32"": [1, 128]}",0,383,"{""exp"": 128, ""compare_max"": 127}",0,256,512,"FP32 softmax: subtract max, exp, reduction, divide; casts are not FLOPs."
31,router_topk,routing,"{""input_fp32"": [1, 128], ""values_fp32"": [1, 8], ""indices_int64"": [1, 8]}",0,0,"{""topk_rows"": 1, ""topk_candidates"": 128}",0,512,96,Top-k is an explicit selection primitive; candidate counts are not comparisons or FLOPs. Backend selection algorithm is unspecified.
31,router_renormalize_cast,routing,"{""selected_probabilities"": [1, 8]}",0,15,{},0,32,16,"Selected probabilities are renormalized if norm_topk_prob, then cast to activation dtype; row reduction assumed on-chip."
31,routing_one_hot,routing_metadata,"{""selected_int64"": [1, 8], ""mask_int64"": [1, 8, 128]}",0,0,"{""one_hot_entries"": 1024}",0,64,8192,Pinned HF reference materializes one_hot int64; this large routing mask is not assumed in optimized dispatch.
31,routing_where,routing_metadata,"{""mask_int64"": [128, 8, 1], ""top_x_and_slot_each"": [8]}",0,0,"{""integer_nonzero_tests"": 1024}",0,8192,128,Scan each expert mask; two int64 coordinates per assignment. Permute is a view.
31,expert_gather,routing,"{""source"": [1, 4096], ""gathered_rows"": [8, 4096]}",0,0,{},0,65600,65536,Logical gathers summed over experts; n_e and each concrete GEMM shape are in expert_matrices.
31,expert_gate_proj,linear,"{""input_per_expert"": [""n_e"", 4096], ""weight_storage_each"": [1536, 4096], ""output_per_expert"": [""n_e"", 1536], ""nonempty_experts"": 8, ""tokens_per_expert"": [1, 1, 1, 1, 1, 1, 1, 1, 0, 0, 0, 0, 0, 0, 0, 0, 0, 0, 0, 0, 0, 0, 0, 0, 0, 0, 0, 0, 0, 0, 0, 0, 0, 0, 0, 0, 0, 0, 0, 0, 0, 0, 0, 0, 0, 0, 0, 0, 0, 0, 0, 0, 0, 0, 0, 0, 0, 0, 0, 0, 0, 0, 0, 0, 0, 0, 0, 0, 0, 0, 0, 0, 0, 0, 0, 0, 0, 0, 0, 0, 0, 0, 0, 0, 0, 0, 0, 0, 0, 0, 0, 0, 0, 0, 0, 0, 0, 0, 0, 0, 0, 0, 0, 0, 0, 0, 0, 0, 0, 0, 0, 0, 0, 0, 0, 0, 0, 0, 0, 0, 0, 0, 0, 0, 0, 0, 0, 0]}",100663296,0,{},100663296,65536,24576,"Sum of unpadded per-expert GEMMs; each visited expert weight read once per layer, not once per token."
31,expert_up_proj,linear,"{""input_per_expert"": [""n_e"", 4096], ""weight_storage_each"": [1536, 4096], ""output_per_expert"": [""n_e"", 1536], ""nonempty_experts"": 8, ""tokens_per_expert"": [1, 1, 1, 1, 1, 1, 1, 1, 0, 0, 0, 0, 0, 0, 0, 0, 0, 0, 0, 0, 0, 0, 0, 0, 0, 0, 0, 0, 0, 0, 0, 0, 0, 0, 0, 0, 0, 0, 0, 0, 0, 0, 0, 0, 0, 0, 0, 0, 0, 0, 0, 0, 0, 0, 0, 0, 0, 0, 0, 0, 0, 0, 0, 0, 0, 0, 0, 0, 0, 0, 0, 0, 0, 0, 0, 0, 0, 0, 0, 0, 0, 0, 0, 0, 0, 0, 0, 0, 0, 0, 0, 0, 0, 0, 0, 0, 0, 0, 0, 0, 0, 0, 0, 0, 0, 0, 0, 0, 0, 0, 0, 0, 0, 0, 0, 0, 0, 0, 0, 0, 0, 0, 0, 0, 0, 0, 0, 0]}",100663296,0,{},100663296,65536,24576,"Sum of unpadded per-expert GEMMs; each visited expert weight read once per layer, not once per token."
31,expert_silu_mul,activation,"{""gate_and_up_each"": [8, 1536]}",0,49152,"{""exp"": 12288, ""negate"": 12288}",0,49152,24576,
31,expert_down_proj,linear,"{""input_per_expert"": [""n_e"", 1536], ""weight_storage_each"": [4096, 1536], ""output_per_expert"": [""n_e"", 4096], ""nonempty_experts"": 8, ""tokens_per_expert"": [1, 1, 1, 1, 1, 1, 1, 1, 0, 0, 0, 0, 0, 0, 0, 0, 0, 0, 0, 0, 0, 0, 0, 0, 0, 0, 0, 0, 0, 0, 0, 0, 0, 0, 0, 0, 0, 0, 0, 0, 0, 0, 0, 0, 0, 0, 0, 0, 0, 0, 0, 0, 0, 0, 0, 0, 0, 0, 0, 0, 0, 0, 0, 0, 0, 0, 0, 0, 0, 0, 0, 0, 0, 0, 0, 0, 0, 0, 0, 0, 0, 0, 0, 0, 0, 0, 0, 0, 0, 0, 0, 0, 0, 0, 0, 0, 0, 0, 0, 0, 0, 0, 0, 0, 0, 0, 0, 0, 0, 0, 0, 0, 0, 0, 0, 0, 0, 0, 0, 0, 0, 0, 0, 0, 0, 0, 0, 0]}",100663296,0,{},100663296,24576,65536,Unpadded per-expert GEMMs; empty experts have zero arithmetic and no weight payload.
31,expert_probability_multiply,routing,"{""expert_outputs"": [8, 4096], ""routing_weights"": [8]}",0,32768,{},0,65680,65536,Probability broadcast reuses one value per assignment; int64 token/slot indices included.
31,expert_output_zero,routing,"{""output"": [1, 4096]}",0,0,{},0,0,8192,Reference initializes final_hidden_states to zero.
31,expert_index_add,routing,"{""weighted_outputs"": [8, 4096], ""combined_output"": [1, 4096]}",0,32768,{},0,131136,65536,"Reference index_add includes the first add into zero; destination read/update per assignment is logical payload, not measured HBM."
31,ffn_residual,residual,"{""inputs_each"": [1, 4096], ""output"": [1, 4096]}",0,4096,{},0,16384,8192,
32,input_layernorm,normalization,"{""input"": [1, 4096], ""weight"": [4096], ""output"": [1, 4096]}",0,16385,"{""rsqrt"": 1}",8192,8192,8192,按 FP32 行内归约的代数计数；rsqrt、类型转换与临时 FP32 张量分列／不推断 HBM spill。
32,q_proj,linear,"{""input"": [1, 4096], ""weight_math"": [4096, 8192], ""weight_storage"": [8192, 4096], ""output"": [1, 8192]}",67108864,0,{},67108864,8192,16384,独立 GEMM：权重与输入各读一次、输出写一次的操作数载荷；不预测 tile 重读。
32,k_proj,linear,"{""input"": [1, 4096], ""weight_math"": [4096, 512], ""weight_storage"": [512, 4096], ""output"": [1, 512]}",4194304,0,{},4194304,8192,1024,独立 GEMM：权重与输入各读一次、输出写一次的操作数载荷；不预测 tile 重读。
32,v_proj,linear,"{""input"": [1, 4096], ""weight_math"": [4096, 512], ""weight_storage"": [512, 4096], ""output"": [1, 512]}",4194304,0,{},4194304,8192,1024,独立 GEMM：权重与输入各读一次、输出写一次的操作数载荷；不预测 tile 重读。
32,q_norm,normalization,"{""input"": [64, 128], ""weight"": [128], ""output"": [64, 128]}",0,32832,"{""rsqrt"": 64}",256,16384,16384,按 FP32 行内归约的代数计数；rsqrt、类型转换与临时 FP32 张量分列／不推断 HBM spill。
32,k_norm,normalization,"{""input"": [4, 128], ""weight"": [128], ""output"": [4, 128]}",0,2052,"{""rsqrt"": 4}",256,1024,1024,按 FP32 行内归约的代数计数；rsqrt、类型转换与临时 FP32 张量分列／不推断 HBM spill。
32,apply_rope,position,"{""Q"": [1, 64, 1, 128], ""K"": [1, 4, 1, 128]}",0,26112,"{""negate"": 4352}",0,17920,17408,2 multiply + 1 add/元素，rotate_half 符号翻转分列；表按批／头理想复用。
32,kv_append,state,"{""new_K_and_V_each"": [1, 4, 1, 128]}",0,0,{},0,2048,2048,原位／分页 append 载荷；不假定动态 torch.cat 对旧缓存整段复制。
32,qk,attention,"{""Q"": [1, 64, 1, 128], ""K_shared"": [1, 4, 8193, 128], ""scores_rectangular"": [1, 64, 1, 8193]}",134234112,0,{},0,8406016,2097408,FLOPs 仅有效因果位置；载荷是假定 Q/K 各读一次、GQA 头共享，完整分数矩阵物化。
32,score_scale_mask_softmax,softmax,"{""scores"": [1, 64, 1, 8193]}",0,2097344,"{""exp"": 524352, ""compare_max"": 524288, ""mask_decisions"": 524352}",0,2097408,2097408,选择的融合 scale/mask/softmax 代数工作；屏蔽点不计 exp。物化 FP32 默认概率；非具体 eager trace。
32,pv,attention,"{""P"": [1, 64, 1, 8193], ""V_shared"": [1, 4, 8193, 128], ""output"": [1, 64, 1, 128]}",134234112,0,{},0,10487040,16384,PV/AV：各 Q 头仍计算；V 容量不乘 GQA 复制数。载荷假定 V 在头／查询之间理想复用。
32,o_proj,linear,"{""input"": [1, 8192], ""weight_math"": [8192, 4096], ""weight_storage"": [4096, 8192], ""output"": [1, 4096]}",67108864,0,{},67108864,16384,8192,独立 GEMM：权重与输入各读一次、输出写一次的操作数载荷；不预测 tile 重读。
32,attention_residual,residual,"{""inputs_each"": [1, 4096], ""output"": [1, 4096]}",0,4096,{},0,16384,8192,
32,post_attention_layernorm,normalization,"{""input"": [1, 4096], ""weight"": [4096], ""output"": [1, 4096]}",0,16385,"{""rsqrt"": 1}",8192,8192,8192,按 FP32 行内归约的代数计数；rsqrt、类型转换与临时 FP32 张量分列／不推断 HBM spill。
32,router,linear,"{""input"": [1, 4096], ""weight_math"": [4096, 128], ""weight_storage"": [128, 4096], ""output"": [1, 128]}",1048576,0,{},1048576,8192,256,独立 GEMM：权重与输入各读一次、输出写一次的操作数载荷；不预测 tile 重读。
32,router_softmax,routing,"{""input"": [1, 128], ""probabilities_fp32"": [1, 128]}",0,383,"{""exp"": 128, ""compare_max"": 127}",0,256,512,"FP32 softmax: subtract max, exp, reduction, divide; casts are not FLOPs."
32,router_topk,routing,"{""input_fp32"": [1, 128], ""values_fp32"": [1, 8], ""indices_int64"": [1, 8]}",0,0,"{""topk_rows"": 1, ""topk_candidates"": 128}",0,512,96,Top-k is an explicit selection primitive; candidate counts are not comparisons or FLOPs. Backend selection algorithm is unspecified.
32,router_renormalize_cast,routing,"{""selected_probabilities"": [1, 8]}",0,15,{},0,32,16,"Selected probabilities are renormalized if norm_topk_prob, then cast to activation dtype; row reduction assumed on-chip."
32,routing_one_hot,routing_metadata,"{""selected_int64"": [1, 8], ""mask_int64"": [1, 8, 128]}",0,0,"{""one_hot_entries"": 1024}",0,64,8192,Pinned HF reference materializes one_hot int64; this large routing mask is not assumed in optimized dispatch.
32,routing_where,routing_metadata,"{""mask_int64"": [128, 8, 1], ""top_x_and_slot_each"": [8]}",0,0,"{""integer_nonzero_tests"": 1024}",0,8192,128,Scan each expert mask; two int64 coordinates per assignment. Permute is a view.
32,expert_gather,routing,"{""source"": [1, 4096], ""gathered_rows"": [8, 4096]}",0,0,{},0,65600,65536,Logical gathers summed over experts; n_e and each concrete GEMM shape are in expert_matrices.
32,expert_gate_proj,linear,"{""input_per_expert"": [""n_e"", 4096], ""weight_storage_each"": [1536, 4096], ""output_per_expert"": [""n_e"", 1536], ""nonempty_experts"": 8, ""tokens_per_expert"": [1, 1, 1, 1, 1, 1, 1, 1, 0, 0, 0, 0, 0, 0, 0, 0, 0, 0, 0, 0, 0, 0, 0, 0, 0, 0, 0, 0, 0, 0, 0, 0, 0, 0, 0, 0, 0, 0, 0, 0, 0, 0, 0, 0, 0, 0, 0, 0, 0, 0, 0, 0, 0, 0, 0, 0, 0, 0, 0, 0, 0, 0, 0, 0, 0, 0, 0, 0, 0, 0, 0, 0, 0, 0, 0, 0, 0, 0, 0, 0, 0, 0, 0, 0, 0, 0, 0, 0, 0, 0, 0, 0, 0, 0, 0, 0, 0, 0, 0, 0, 0, 0, 0, 0, 0, 0, 0, 0, 0, 0, 0, 0, 0, 0, 0, 0, 0, 0, 0, 0, 0, 0, 0, 0, 0, 0, 0, 0]}",100663296,0,{},100663296,65536,24576,"Sum of unpadded per-expert GEMMs; each visited expert weight read once per layer, not once per token."
32,expert_up_proj,linear,"{""input_per_expert"": [""n_e"", 4096], ""weight_storage_each"": [1536, 4096], ""output_per_expert"": [""n_e"", 1536], ""nonempty_experts"": 8, ""tokens_per_expert"": [1, 1, 1, 1, 1, 1, 1, 1, 0, 0, 0, 0, 0, 0, 0, 0, 0, 0, 0, 0, 0, 0, 0, 0, 0, 0, 0, 0, 0, 0, 0, 0, 0, 0, 0, 0, 0, 0, 0, 0, 0, 0, 0, 0, 0, 0, 0, 0, 0, 0, 0, 0, 0, 0, 0, 0, 0, 0, 0, 0, 0, 0, 0, 0, 0, 0, 0, 0, 0, 0, 0, 0, 0, 0, 0, 0, 0, 0, 0, 0, 0, 0, 0, 0, 0, 0, 0, 0, 0, 0, 0, 0, 0, 0, 0, 0, 0, 0, 0, 0, 0, 0, 0, 0, 0, 0, 0, 0, 0, 0, 0, 0, 0, 0, 0, 0, 0, 0, 0, 0, 0, 0, 0, 0, 0, 0, 0, 0]}",100663296,0,{},100663296,65536,24576,"Sum of unpadded per-expert GEMMs; each visited expert weight read once per layer, not once per token."
32,expert_silu_mul,activation,"{""gate_and_up_each"": [8, 1536]}",0,49152,"{""exp"": 12288, ""negate"": 12288}",0,49152,24576,
32,expert_down_proj,linear,"{""input_per_expert"": [""n_e"", 1536], ""weight_storage_each"": [4096, 1536], ""output_per_expert"": [""n_e"", 4096], ""nonempty_experts"": 8, ""tokens_per_expert"": [1, 1, 1, 1, 1, 1, 1, 1, 0, 0, 0, 0, 0, 0, 0, 0, 0, 0, 0, 0, 0, 0, 0, 0, 0, 0, 0, 0, 0, 0, 0, 0, 0, 0, 0, 0, 0, 0, 0, 0, 0, 0, 0, 0, 0, 0, 0, 0, 0, 0, 0, 0, 0, 0, 0, 0, 0, 0, 0, 0, 0, 0, 0, 0, 0, 0, 0, 0, 0, 0, 0, 0, 0, 0, 0, 0, 0, 0, 0, 0, 0, 0, 0, 0, 0, 0, 0, 0, 0, 0, 0, 0, 0, 0, 0, 0, 0, 0, 0, 0, 0, 0, 0, 0, 0, 0, 0, 0, 0, 0, 0, 0, 0, 0, 0, 0, 0, 0, 0, 0, 0, 0, 0, 0, 0, 0, 0, 0]}",100663296,0,{},100663296,24576,65536,Unpadded per-expert GEMMs; empty experts have zero arithmetic and no weight payload.
32,expert_probability_multiply,routing,"{""expert_outputs"": [8, 4096], ""routing_weights"": [8]}",0,32768,{},0,65680,65536,Probability broadcast reuses one value per assignment; int64 token/slot indices included.
32,expert_output_zero,routing,"{""output"": [1, 4096]}",0,0,{},0,0,8192,Reference initializes final_hidden_states to zero.
32,expert_index_add,routing,"{""weighted_outputs"": [8, 4096], ""combined_output"": [1, 4096]}",0,32768,{},0,131136,65536,"Reference index_add includes the first add into zero; destination read/update per assignment is logical payload, not measured HBM."
32,ffn_residual,residual,"{""inputs_each"": [1, 4096], ""output"": [1, 4096]}",0,4096,{},0,16384,8192,
33,input_layernorm,normalization,"{""input"": [1, 4096], ""weight"": [4096], ""output"": [1, 4096]}",0,16385,"{""rsqrt"": 1}",8192,8192,8192,按 FP32 行内归约的代数计数；rsqrt、类型转换与临时 FP32 张量分列／不推断 HBM spill。
33,q_proj,linear,"{""input"": [1, 4096], ""weight_math"": [4096, 8192], ""weight_storage"": [8192, 4096], ""output"": [1, 8192]}",67108864,0,{},67108864,8192,16384,独立 GEMM：权重与输入各读一次、输出写一次的操作数载荷；不预测 tile 重读。
33,k_proj,linear,"{""input"": [1, 4096], ""weight_math"": [4096, 512], ""weight_storage"": [512, 4096], ""output"": [1, 512]}",4194304,0,{},4194304,8192,1024,独立 GEMM：权重与输入各读一次、输出写一次的操作数载荷；不预测 tile 重读。
33,v_proj,linear,"{""input"": [1, 4096], ""weight_math"": [4096, 512], ""weight_storage"": [512, 4096], ""output"": [1, 512]}",4194304,0,{},4194304,8192,1024,独立 GEMM：权重与输入各读一次、输出写一次的操作数载荷；不预测 tile 重读。
33,q_norm,normalization,"{""input"": [64, 128], ""weight"": [128], ""output"": [64, 128]}",0,32832,"{""rsqrt"": 64}",256,16384,16384,按 FP32 行内归约的代数计数；rsqrt、类型转换与临时 FP32 张量分列／不推断 HBM spill。
33,k_norm,normalization,"{""input"": [4, 128], ""weight"": [128], ""output"": [4, 128]}",0,2052,"{""rsqrt"": 4}",256,1024,1024,按 FP32 行内归约的代数计数；rsqrt、类型转换与临时 FP32 张量分列／不推断 HBM spill。
33,apply_rope,position,"{""Q"": [1, 64, 1, 128], ""K"": [1, 4, 1, 128]}",0,26112,"{""negate"": 4352}",0,17920,17408,2 multiply + 1 add/元素，rotate_half 符号翻转分列；表按批／头理想复用。
33,kv_append,state,"{""new_K_and_V_each"": [1, 4, 1, 128]}",0,0,{},0,2048,2048,原位／分页 append 载荷；不假定动态 torch.cat 对旧缓存整段复制。
33,qk,attention,"{""Q"": [1, 64, 1, 128], ""K_shared"": [1, 4, 8193, 128], ""scores_rectangular"": [1, 64, 1, 8193]}",134234112,0,{},0,8406016,2097408,FLOPs 仅有效因果位置；载荷是假定 Q/K 各读一次、GQA 头共享，完整分数矩阵物化。
33,score_scale_mask_softmax,softmax,"{""scores"": [1, 64, 1, 8193]}",0,2097344,"{""exp"": 524352, ""compare_max"": 524288, ""mask_decisions"": 524352}",0,2097408,2097408,选择的融合 scale/mask/softmax 代数工作；屏蔽点不计 exp。物化 FP32 默认概率；非具体 eager trace。
33,pv,attention,"{""P"": [1, 64, 1, 8193], ""V_shared"": [1, 4, 8193, 128], ""output"": [1, 64, 1, 128]}",134234112,0,{},0,10487040,16384,PV/AV：各 Q 头仍计算；V 容量不乘 GQA 复制数。载荷假定 V 在头／查询之间理想复用。
33,o_proj,linear,"{""input"": [1, 8192], ""weight_math"": [8192, 4096], ""weight_storage"": [4096, 8192], ""output"": [1, 4096]}",67108864,0,{},67108864,16384,8192,独立 GEMM：权重与输入各读一次、输出写一次的操作数载荷；不预测 tile 重读。
33,attention_residual,residual,"{""inputs_each"": [1, 4096], ""output"": [1, 4096]}",0,4096,{},0,16384,8192,
33,post_attention_layernorm,normalization,"{""input"": [1, 4096], ""weight"": [4096], ""output"": [1, 4096]}",0,16385,"{""rsqrt"": 1}",8192,8192,8192,按 FP32 行内归约的代数计数；rsqrt、类型转换与临时 FP32 张量分列／不推断 HBM spill。
33,router,linear,"{""input"": [1, 4096], ""weight_math"": [4096, 128], ""weight_storage"": [128, 4096], ""output"": [1, 128]}",1048576,0,{},1048576,8192,256,独立 GEMM：权重与输入各读一次、输出写一次的操作数载荷；不预测 tile 重读。
33,router_softmax,routing,"{""input"": [1, 128], ""probabilities_fp32"": [1, 128]}",0,383,"{""exp"": 128, ""compare_max"": 127}",0,256,512,"FP32 softmax: subtract max, exp, reduction, divide; casts are not FLOPs."
33,router_topk,routing,"{""input_fp32"": [1, 128], ""values_fp32"": [1, 8], ""indices_int64"": [1, 8]}",0,0,"{""topk_rows"": 1, ""topk_candidates"": 128}",0,512,96,Top-k is an explicit selection primitive; candidate counts are not comparisons or FLOPs. Backend selection algorithm is unspecified.
33,router_renormalize_cast,routing,"{""selected_probabilities"": [1, 8]}",0,15,{},0,32,16,"Selected probabilities are renormalized if norm_topk_prob, then cast to activation dtype; row reduction assumed on-chip."
33,routing_one_hot,routing_metadata,"{""selected_int64"": [1, 8], ""mask_int64"": [1, 8, 128]}",0,0,"{""one_hot_entries"": 1024}",0,64,8192,Pinned HF reference materializes one_hot int64; this large routing mask is not assumed in optimized dispatch.
33,routing_where,routing_metadata,"{""mask_int64"": [128, 8, 1], ""top_x_and_slot_each"": [8]}",0,0,"{""integer_nonzero_tests"": 1024}",0,8192,128,Scan each expert mask; two int64 coordinates per assignment. Permute is a view.
33,expert_gather,routing,"{""source"": [1, 4096], ""gathered_rows"": [8, 4096]}",0,0,{},0,65600,65536,Logical gathers summed over experts; n_e and each concrete GEMM shape are in expert_matrices.
33,expert_gate_proj,linear,"{""input_per_expert"": [""n_e"", 4096], ""weight_storage_each"": [1536, 4096], ""output_per_expert"": [""n_e"", 1536], ""nonempty_experts"": 8, ""tokens_per_expert"": [1, 1, 1, 1, 1, 1, 1, 1, 0, 0, 0, 0, 0, 0, 0, 0, 0, 0, 0, 0, 0, 0, 0, 0, 0, 0, 0, 0, 0, 0, 0, 0, 0, 0, 0, 0, 0, 0, 0, 0, 0, 0, 0, 0, 0, 0, 0, 0, 0, 0, 0, 0, 0, 0, 0, 0, 0, 0, 0, 0, 0, 0, 0, 0, 0, 0, 0, 0, 0, 0, 0, 0, 0, 0, 0, 0, 0, 0, 0, 0, 0, 0, 0, 0, 0, 0, 0, 0, 0, 0, 0, 0, 0, 0, 0, 0, 0, 0, 0, 0, 0, 0, 0, 0, 0, 0, 0, 0, 0, 0, 0, 0, 0, 0, 0, 0, 0, 0, 0, 0, 0, 0, 0, 0, 0, 0, 0, 0]}",100663296,0,{},100663296,65536,24576,"Sum of unpadded per-expert GEMMs; each visited expert weight read once per layer, not once per token."
33,expert_up_proj,linear,"{""input_per_expert"": [""n_e"", 4096], ""weight_storage_each"": [1536, 4096], ""output_per_expert"": [""n_e"", 1536], ""nonempty_experts"": 8, ""tokens_per_expert"": [1, 1, 1, 1, 1, 1, 1, 1, 0, 0, 0, 0, 0, 0, 0, 0, 0, 0, 0, 0, 0, 0, 0, 0, 0, 0, 0, 0, 0, 0, 0, 0, 0, 0, 0, 0, 0, 0, 0, 0, 0, 0, 0, 0, 0, 0, 0, 0, 0, 0, 0, 0, 0, 0, 0, 0, 0, 0, 0, 0, 0, 0, 0, 0, 0, 0, 0, 0, 0, 0, 0, 0, 0, 0, 0, 0, 0, 0, 0, 0, 0, 0, 0, 0, 0, 0, 0, 0, 0, 0, 0, 0, 0, 0, 0, 0, 0, 0, 0, 0, 0, 0, 0, 0, 0, 0, 0, 0, 0, 0, 0, 0, 0, 0, 0, 0, 0, 0, 0, 0, 0, 0, 0, 0, 0, 0, 0, 0]}",100663296,0,{},100663296,65536,24576,"Sum of unpadded per-expert GEMMs; each visited expert weight read once per layer, not once per token."
33,expert_silu_mul,activation,"{""gate_and_up_each"": [8, 1536]}",0,49152,"{""exp"": 12288, ""negate"": 12288}",0,49152,24576,
33,expert_down_proj,linear,"{""input_per_expert"": [""n_e"", 1536], ""weight_storage_each"": [4096, 1536], ""output_per_expert"": [""n_e"", 4096], ""nonempty_experts"": 8, ""tokens_per_expert"": [1, 1, 1, 1, 1, 1, 1, 1, 0, 0, 0, 0, 0, 0, 0, 0, 0, 0, 0, 0, 0, 0, 0, 0, 0, 0, 0, 0, 0, 0, 0, 0, 0, 0, 0, 0, 0, 0, 0, 0, 0, 0, 0, 0, 0, 0, 0, 0, 0, 0, 0, 0, 0, 0, 0, 0, 0, 0, 0, 0, 0, 0, 0, 0, 0, 0, 0, 0, 0, 0, 0, 0, 0, 0, 0, 0, 0, 0, 0, 0, 0, 0, 0, 0, 0, 0, 0, 0, 0, 0, 0, 0, 0, 0, 0, 0, 0, 0, 0, 0, 0, 0, 0, 0, 0, 0, 0, 0, 0, 0, 0, 0, 0, 0, 0, 0, 0, 0, 0, 0, 0, 0, 0, 0, 0, 0, 0, 0]}",100663296,0,{},100663296,24576,65536,Unpadded per-expert GEMMs; empty experts have zero arithmetic and no weight payload.
33,expert_probability_multiply,routing,"{""expert_outputs"": [8, 4096], ""routing_weights"": [8]}",0,32768,{},0,65680,65536,Probability broadcast reuses one value per assignment; int64 token/slot indices included.
33,expert_output_zero,routing,"{""output"": [1, 4096]}",0,0,{},0,0,8192,Reference initializes final_hidden_states to zero.
33,expert_index_add,routing,"{""weighted_outputs"": [8, 4096], ""combined_output"": [1, 4096]}",0,32768,{},0,131136,65536,"Reference index_add includes the first add into zero; destination read/update per assignment is logical payload, not measured HBM."
33,ffn_residual,residual,"{""inputs_each"": [1, 4096], ""output"": [1, 4096]}",0,4096,{},0,16384,8192,
34,input_layernorm,normalization,"{""input"": [1, 4096], ""weight"": [4096], ""output"": [1, 4096]}",0,16385,"{""rsqrt"": 1}",8192,8192,8192,按 FP32 行内归约的代数计数；rsqrt、类型转换与临时 FP32 张量分列／不推断 HBM spill。
34,q_proj,linear,"{""input"": [1, 4096], ""weight_math"": [4096, 8192], ""weight_storage"": [8192, 4096], ""output"": [1, 8192]}",67108864,0,{},67108864,8192,16384,独立 GEMM：权重与输入各读一次、输出写一次的操作数载荷；不预测 tile 重读。
34,k_proj,linear,"{""input"": [1, 4096], ""weight_math"": [4096, 512], ""weight_storage"": [512, 4096], ""output"": [1, 512]}",4194304,0,{},4194304,8192,1024,独立 GEMM：权重与输入各读一次、输出写一次的操作数载荷；不预测 tile 重读。
34,v_proj,linear,"{""input"": [1, 4096], ""weight_math"": [4096, 512], ""weight_storage"": [512, 4096], ""output"": [1, 512]}",4194304,0,{},4194304,8192,1024,独立 GEMM：权重与输入各读一次、输出写一次的操作数载荷；不预测 tile 重读。
34,q_norm,normalization,"{""input"": [64, 128], ""weight"": [128], ""output"": [64, 128]}",0,32832,"{""rsqrt"": 64}",256,16384,16384,按 FP32 行内归约的代数计数；rsqrt、类型转换与临时 FP32 张量分列／不推断 HBM spill。
34,k_norm,normalization,"{""input"": [4, 128], ""weight"": [128], ""output"": [4, 128]}",0,2052,"{""rsqrt"": 4}",256,1024,1024,按 FP32 行内归约的代数计数；rsqrt、类型转换与临时 FP32 张量分列／不推断 HBM spill。
34,apply_rope,position,"{""Q"": [1, 64, 1, 128], ""K"": [1, 4, 1, 128]}",0,26112,"{""negate"": 4352}",0,17920,17408,2 multiply + 1 add/元素，rotate_half 符号翻转分列；表按批／头理想复用。
34,kv_append,state,"{""new_K_and_V_each"": [1, 4, 1, 128]}",0,0,{},0,2048,2048,原位／分页 append 载荷；不假定动态 torch.cat 对旧缓存整段复制。
34,qk,attention,"{""Q"": [1, 64, 1, 128], ""K_shared"": [1, 4, 8193, 128], ""scores_rectangular"": [1, 64, 1, 8193]}",134234112,0,{},0,8406016,2097408,FLOPs 仅有效因果位置；载荷是假定 Q/K 各读一次、GQA 头共享，完整分数矩阵物化。
34,score_scale_mask_softmax,softmax,"{""scores"": [1, 64, 1, 8193]}",0,2097344,"{""exp"": 524352, ""compare_max"": 524288, ""mask_decisions"": 524352}",0,2097408,2097408,选择的融合 scale/mask/softmax 代数工作；屏蔽点不计 exp。物化 FP32 默认概率；非具体 eager trace。
34,pv,attention,"{""P"": [1, 64, 1, 8193], ""V_shared"": [1, 4, 8193, 128], ""output"": [1, 64, 1, 128]}",134234112,0,{},0,10487040,16384,PV/AV：各 Q 头仍计算；V 容量不乘 GQA 复制数。载荷假定 V 在头／查询之间理想复用。
34,o_proj,linear,"{""input"": [1, 8192], ""weight_math"": [8192, 4096], ""weight_storage"": [4096, 8192], ""output"": [1, 4096]}",67108864,0,{},67108864,16384,8192,独立 GEMM：权重与输入各读一次、输出写一次的操作数载荷；不预测 tile 重读。
34,attention_residual,residual,"{""inputs_each"": [1, 4096], ""output"": [1, 4096]}",0,4096,{},0,16384,8192,
34,post_attention_layernorm,normalization,"{""input"": [1, 4096], ""weight"": [4096], ""output"": [1, 4096]}",0,16385,"{""rsqrt"": 1}",8192,8192,8192,按 FP32 行内归约的代数计数；rsqrt、类型转换与临时 FP32 张量分列／不推断 HBM spill。
34,router,linear,"{""input"": [1, 4096], ""weight_math"": [4096, 128], ""weight_storage"": [128, 4096], ""output"": [1, 128]}",1048576,0,{},1048576,8192,256,独立 GEMM：权重与输入各读一次、输出写一次的操作数载荷；不预测 tile 重读。
34,router_softmax,routing,"{""input"": [1, 128], ""probabilities_fp32"": [1, 128]}",0,383,"{""exp"": 128, ""compare_max"": 127}",0,256,512,"FP32 softmax: subtract max, exp, reduction, divide; casts are not FLOPs."
34,router_topk,routing,"{""input_fp32"": [1, 128], ""values_fp32"": [1, 8], ""indices_int64"": [1, 8]}",0,0,"{""topk_rows"": 1, ""topk_candidates"": 128}",0,512,96,Top-k is an explicit selection primitive; candidate counts are not comparisons or FLOPs. Backend selection algorithm is unspecified.
34,router_renormalize_cast,routing,"{""selected_probabilities"": [1, 8]}",0,15,{},0,32,16,"Selected probabilities are renormalized if norm_topk_prob, then cast to activation dtype; row reduction assumed on-chip."
34,routing_one_hot,routing_metadata,"{""selected_int64"": [1, 8], ""mask_int64"": [1, 8, 128]}",0,0,"{""one_hot_entries"": 1024}",0,64,8192,Pinned HF reference materializes one_hot int64; this large routing mask is not assumed in optimized dispatch.
34,routing_where,routing_metadata,"{""mask_int64"": [128, 8, 1], ""top_x_and_slot_each"": [8]}",0,0,"{""integer_nonzero_tests"": 1024}",0,8192,128,Scan each expert mask; two int64 coordinates per assignment. Permute is a view.
34,expert_gather,routing,"{""source"": [1, 4096], ""gathered_rows"": [8, 4096]}",0,0,{},0,65600,65536,Logical gathers summed over experts; n_e and each concrete GEMM shape are in expert_matrices.
34,expert_gate_proj,linear,"{""input_per_expert"": [""n_e"", 4096], ""weight_storage_each"": [1536, 4096], ""output_per_expert"": [""n_e"", 1536], ""nonempty_experts"": 8, ""tokens_per_expert"": [1, 1, 1, 1, 1, 1, 1, 1, 0, 0, 0, 0, 0, 0, 0, 0, 0, 0, 0, 0, 0, 0, 0, 0, 0, 0, 0, 0, 0, 0, 0, 0, 0, 0, 0, 0, 0, 0, 0, 0, 0, 0, 0, 0, 0, 0, 0, 0, 0, 0, 0, 0, 0, 0, 0, 0, 0, 0, 0, 0, 0, 0, 0, 0, 0, 0, 0, 0, 0, 0, 0, 0, 0, 0, 0, 0, 0, 0, 0, 0, 0, 0, 0, 0, 0, 0, 0, 0, 0, 0, 0, 0, 0, 0, 0, 0, 0, 0, 0, 0, 0, 0, 0, 0, 0, 0, 0, 0, 0, 0, 0, 0, 0, 0, 0, 0, 0, 0, 0, 0, 0, 0, 0, 0, 0, 0, 0, 0]}",100663296,0,{},100663296,65536,24576,"Sum of unpadded per-expert GEMMs; each visited expert weight read once per layer, not once per token."
34,expert_up_proj,linear,"{""input_per_expert"": [""n_e"", 4096], ""weight_storage_each"": [1536, 4096], ""output_per_expert"": [""n_e"", 1536], ""nonempty_experts"": 8, ""tokens_per_expert"": [1, 1, 1, 1, 1, 1, 1, 1, 0, 0, 0, 0, 0, 0, 0, 0, 0, 0, 0, 0, 0, 0, 0, 0, 0, 0, 0, 0, 0, 0, 0, 0, 0, 0, 0, 0, 0, 0, 0, 0, 0, 0, 0, 0, 0, 0, 0, 0, 0, 0, 0, 0, 0, 0, 0, 0, 0, 0, 0, 0, 0, 0, 0, 0, 0, 0, 0, 0, 0, 0, 0, 0, 0, 0, 0, 0, 0, 0, 0, 0, 0, 0, 0, 0, 0, 0, 0, 0, 0, 0, 0, 0, 0, 0, 0, 0, 0, 0, 0, 0, 0, 0, 0, 0, 0, 0, 0, 0, 0, 0, 0, 0, 0, 0, 0, 0, 0, 0, 0, 0, 0, 0, 0, 0, 0, 0, 0, 0]}",100663296,0,{},100663296,65536,24576,"Sum of unpadded per-expert GEMMs; each visited expert weight read once per layer, not once per token."
34,expert_silu_mul,activation,"{""gate_and_up_each"": [8, 1536]}",0,49152,"{""exp"": 12288, ""negate"": 12288}",0,49152,24576,
34,expert_down_proj,linear,"{""input_per_expert"": [""n_e"", 1536], ""weight_storage_each"": [4096, 1536], ""output_per_expert"": [""n_e"", 4096], ""nonempty_experts"": 8, ""tokens_per_expert"": [1, 1, 1, 1, 1, 1, 1, 1, 0, 0, 0, 0, 0, 0, 0, 0, 0, 0, 0, 0, 0, 0, 0, 0, 0, 0, 0, 0, 0, 0, 0, 0, 0, 0, 0, 0, 0, 0, 0, 0, 0, 0, 0, 0, 0, 0, 0, 0, 0, 0, 0, 0, 0, 0, 0, 0, 0, 0, 0, 0, 0, 0, 0, 0, 0, 0, 0, 0, 0, 0, 0, 0, 0, 0, 0, 0, 0, 0, 0, 0, 0, 0, 0, 0, 0, 0, 0, 0, 0, 0, 0, 0, 0, 0, 0, 0, 0, 0, 0, 0, 0, 0, 0, 0, 0, 0, 0, 0, 0, 0, 0, 0, 0, 0, 0, 0, 0, 0, 0, 0, 0, 0, 0, 0, 0, 0, 0, 0]}",100663296,0,{},100663296,24576,65536,Unpadded per-expert GEMMs; empty experts have zero arithmetic and no weight payload.
34,expert_probability_multiply,routing,"{""expert_outputs"": [8, 4096], ""routing_weights"": [8]}",0,32768,{},0,65680,65536,Probability broadcast reuses one value per assignment; int64 token/slot indices included.
34,expert_output_zero,routing,"{""output"": [1, 4096]}",0,0,{},0,0,8192,Reference initializes final_hidden_states to zero.
34,expert_index_add,routing,"{""weighted_outputs"": [8, 4096], ""combined_output"": [1, 4096]}",0,32768,{},0,131136,65536,"Reference index_add includes the first add into zero; destination read/update per assignment is logical payload, not measured HBM."
34,ffn_residual,residual,"{""inputs_each"": [1, 4096], ""output"": [1, 4096]}",0,4096,{},0,16384,8192,
35,input_layernorm,normalization,"{""input"": [1, 4096], ""weight"": [4096], ""output"": [1, 4096]}",0,16385,"{""rsqrt"": 1}",8192,8192,8192,按 FP32 行内归约的代数计数；rsqrt、类型转换与临时 FP32 张量分列／不推断 HBM spill。
35,q_proj,linear,"{""input"": [1, 4096], ""weight_math"": [4096, 8192], ""weight_storage"": [8192, 4096], ""output"": [1, 8192]}",67108864,0,{},67108864,8192,16384,独立 GEMM：权重与输入各读一次、输出写一次的操作数载荷；不预测 tile 重读。
35,k_proj,linear,"{""input"": [1, 4096], ""weight_math"": [4096, 512], ""weight_storage"": [512, 4096], ""output"": [1, 512]}",4194304,0,{},4194304,8192,1024,独立 GEMM：权重与输入各读一次、输出写一次的操作数载荷；不预测 tile 重读。
35,v_proj,linear,"{""input"": [1, 4096], ""weight_math"": [4096, 512], ""weight_storage"": [512, 4096], ""output"": [1, 512]}",4194304,0,{},4194304,8192,1024,独立 GEMM：权重与输入各读一次、输出写一次的操作数载荷；不预测 tile 重读。
35,q_norm,normalization,"{""input"": [64, 128], ""weight"": [128], ""output"": [64, 128]}",0,32832,"{""rsqrt"": 64}",256,16384,16384,按 FP32 行内归约的代数计数；rsqrt、类型转换与临时 FP32 张量分列／不推断 HBM spill。
35,k_norm,normalization,"{""input"": [4, 128], ""weight"": [128], ""output"": [4, 128]}",0,2052,"{""rsqrt"": 4}",256,1024,1024,按 FP32 行内归约的代数计数；rsqrt、类型转换与临时 FP32 张量分列／不推断 HBM spill。
35,apply_rope,position,"{""Q"": [1, 64, 1, 128], ""K"": [1, 4, 1, 128]}",0,26112,"{""negate"": 4352}",0,17920,17408,2 multiply + 1 add/元素，rotate_half 符号翻转分列；表按批／头理想复用。
35,kv_append,state,"{""new_K_and_V_each"": [1, 4, 1, 128]}",0,0,{},0,2048,2048,原位／分页 append 载荷；不假定动态 torch.cat 对旧缓存整段复制。
35,qk,attention,"{""Q"": [1, 64, 1, 128], ""K_shared"": [1, 4, 8193, 128], ""scores_rectangular"": [1, 64, 1, 8193]}",134234112,0,{},0,8406016,2097408,FLOPs 仅有效因果位置；载荷是假定 Q/K 各读一次、GQA 头共享，完整分数矩阵物化。
35,score_scale_mask_softmax,softmax,"{""scores"": [1, 64, 1, 8193]}",0,2097344,"{""exp"": 524352, ""compare_max"": 524288, ""mask_decisions"": 524352}",0,2097408,2097408,选择的融合 scale/mask/softmax 代数工作；屏蔽点不计 exp。物化 FP32 默认概率；非具体 eager trace。
35,pv,attention,"{""P"": [1, 64, 1, 8193], ""V_shared"": [1, 4, 8193, 128], ""output"": [1, 64, 1, 128]}",134234112,0,{},0,10487040,16384,PV/AV：各 Q 头仍计算；V 容量不乘 GQA 复制数。载荷假定 V 在头／查询之间理想复用。
35,o_proj,linear,"{""input"": [1, 8192], ""weight_math"": [8192, 4096], ""weight_storage"": [4096, 8192], ""output"": [1, 4096]}",67108864,0,{},67108864,16384,8192,独立 GEMM：权重与输入各读一次、输出写一次的操作数载荷；不预测 tile 重读。
35,attention_residual,residual,"{""inputs_each"": [1, 4096], ""output"": [1, 4096]}",0,4096,{},0,16384,8192,
35,post_attention_layernorm,normalization,"{""input"": [1, 4096], ""weight"": [4096], ""output"": [1, 4096]}",0,16385,"{""rsqrt"": 1}",8192,8192,8192,按 FP32 行内归约的代数计数；rsqrt、类型转换与临时 FP32 张量分列／不推断 HBM spill。
35,router,linear,"{""input"": [1, 4096], ""weight_math"": [4096, 128], ""weight_storage"": [128, 4096], ""output"": [1, 128]}",1048576,0,{},1048576,8192,256,独立 GEMM：权重与输入各读一次、输出写一次的操作数载荷；不预测 tile 重读。
35,router_softmax,routing,"{""input"": [1, 128], ""probabilities_fp32"": [1, 128]}",0,383,"{""exp"": 128, ""compare_max"": 127}",0,256,512,"FP32 softmax: subtract max, exp, reduction, divide; casts are not FLOPs."
35,router_topk,routing,"{""input_fp32"": [1, 128], ""values_fp32"": [1, 8], ""indices_int64"": [1, 8]}",0,0,"{""topk_rows"": 1, ""topk_candidates"": 128}",0,512,96,Top-k is an explicit selection primitive; candidate counts are not comparisons or FLOPs. Backend selection algorithm is unspecified.
35,router_renormalize_cast,routing,"{""selected_probabilities"": [1, 8]}",0,15,{},0,32,16,"Selected probabilities are renormalized if norm_topk_prob, then cast to activation dtype; row reduction assumed on-chip."
35,routing_one_hot,routing_metadata,"{""selected_int64"": [1, 8], ""mask_int64"": [1, 8, 128]}",0,0,"{""one_hot_entries"": 1024}",0,64,8192,Pinned HF reference materializes one_hot int64; this large routing mask is not assumed in optimized dispatch.
35,routing_where,routing_metadata,"{""mask_int64"": [128, 8, 1], ""top_x_and_slot_each"": [8]}",0,0,"{""integer_nonzero_tests"": 1024}",0,8192,128,Scan each expert mask; two int64 coordinates per assignment. Permute is a view.
35,expert_gather,routing,"{""source"": [1, 4096], ""gathered_rows"": [8, 4096]}",0,0,{},0,65600,65536,Logical gathers summed over experts; n_e and each concrete GEMM shape are in expert_matrices.
35,expert_gate_proj,linear,"{""input_per_expert"": [""n_e"", 4096], ""weight_storage_each"": [1536, 4096], ""output_per_expert"": [""n_e"", 1536], ""nonempty_experts"": 8, ""tokens_per_expert"": [1, 1, 1, 1, 1, 1, 1, 1, 0, 0, 0, 0, 0, 0, 0, 0, 0, 0, 0, 0, 0, 0, 0, 0, 0, 0, 0, 0, 0, 0, 0, 0, 0, 0, 0, 0, 0, 0, 0, 0, 0, 0, 0, 0, 0, 0, 0, 0, 0, 0, 0, 0, 0, 0, 0, 0, 0, 0, 0, 0, 0, 0, 0, 0, 0, 0, 0, 0, 0, 0, 0, 0, 0, 0, 0, 0, 0, 0, 0, 0, 0, 0, 0, 0, 0, 0, 0, 0, 0, 0, 0, 0, 0, 0, 0, 0, 0, 0, 0, 0, 0, 0, 0, 0, 0, 0, 0, 0, 0, 0, 0, 0, 0, 0, 0, 0, 0, 0, 0, 0, 0, 0, 0, 0, 0, 0, 0, 0]}",100663296,0,{},100663296,65536,24576,"Sum of unpadded per-expert GEMMs; each visited expert weight read once per layer, not once per token."
35,expert_up_proj,linear,"{""input_per_expert"": [""n_e"", 4096], ""weight_storage_each"": [1536, 4096], ""output_per_expert"": [""n_e"", 1536], ""nonempty_experts"": 8, ""tokens_per_expert"": [1, 1, 1, 1, 1, 1, 1, 1, 0, 0, 0, 0, 0, 0, 0, 0, 0, 0, 0, 0, 0, 0, 0, 0, 0, 0, 0, 0, 0, 0, 0, 0, 0, 0, 0, 0, 0, 0, 0, 0, 0, 0, 0, 0, 0, 0, 0, 0, 0, 0, 0, 0, 0, 0, 0, 0, 0, 0, 0, 0, 0, 0, 0, 0, 0, 0, 0, 0, 0, 0, 0, 0, 0, 0, 0, 0, 0, 0, 0, 0, 0, 0, 0, 0, 0, 0, 0, 0, 0, 0, 0, 0, 0, 0, 0, 0, 0, 0, 0, 0, 0, 0, 0, 0, 0, 0, 0, 0, 0, 0, 0, 0, 0, 0, 0, 0, 0, 0, 0, 0, 0, 0, 0, 0, 0, 0, 0, 0]}",100663296,0,{},100663296,65536,24576,"Sum of unpadded per-expert GEMMs; each visited expert weight read once per layer, not once per token."
35,expert_silu_mul,activation,"{""gate_and_up_each"": [8, 1536]}",0,49152,"{""exp"": 12288, ""negate"": 12288}",0,49152,24576,
35,expert_down_proj,linear,"{""input_per_expert"": [""n_e"", 1536], ""weight_storage_each"": [4096, 1536], ""output_per_expert"": [""n_e"", 4096], ""nonempty_experts"": 8, ""tokens_per_expert"": [1, 1, 1, 1, 1, 1, 1, 1, 0, 0, 0, 0, 0, 0, 0, 0, 0, 0, 0, 0, 0, 0, 0, 0, 0, 0, 0, 0, 0, 0, 0, 0, 0, 0, 0, 0, 0, 0, 0, 0, 0, 0, 0, 0, 0, 0, 0, 0, 0, 0, 0, 0, 0, 0, 0, 0, 0, 0, 0, 0, 0, 0, 0, 0, 0, 0, 0, 0, 0, 0, 0, 0, 0, 0, 0, 0, 0, 0, 0, 0, 0, 0, 0, 0, 0, 0, 0, 0, 0, 0, 0, 0, 0, 0, 0, 0, 0, 0, 0, 0, 0, 0, 0, 0, 0, 0, 0, 0, 0, 0, 0, 0, 0, 0, 0, 0, 0, 0, 0, 0, 0, 0, 0, 0, 0, 0, 0, 0]}",100663296,0,{},100663296,24576,65536,Unpadded per-expert GEMMs; empty experts have zero arithmetic and no weight payload.
35,expert_probability_multiply,routing,"{""expert_outputs"": [8, 4096], ""routing_weights"": [8]}",0,32768,{},0,65680,65536,Probability broadcast reuses one value per assignment; int64 token/slot indices included.
35,expert_output_zero,routing,"{""output"": [1, 4096]}",0,0,{},0,0,8192,Reference initializes final_hidden_states to zero.
35,expert_index_add,routing,"{""weighted_outputs"": [8, 4096], ""combined_output"": [1, 4096]}",0,32768,{},0,131136,65536,"Reference index_add includes the first add into zero; destination read/update per assignment is logical payload, not measured HBM."
35,ffn_residual,residual,"{""inputs_each"": [1, 4096], ""output"": [1, 4096]}",0,4096,{},0,16384,8192,
36,input_layernorm,normalization,"{""input"": [1, 4096], ""weight"": [4096], ""output"": [1, 4096]}",0,16385,"{""rsqrt"": 1}",8192,8192,8192,按 FP32 行内归约的代数计数；rsqrt、类型转换与临时 FP32 张量分列／不推断 HBM spill。
36,q_proj,linear,"{""input"": [1, 4096], ""weight_math"": [4096, 8192], ""weight_storage"": [8192, 4096], ""output"": [1, 8192]}",67108864,0,{},67108864,8192,16384,独立 GEMM：权重与输入各读一次、输出写一次的操作数载荷；不预测 tile 重读。
36,k_proj,linear,"{""input"": [1, 4096], ""weight_math"": [4096, 512], ""weight_storage"": [512, 4096], ""output"": [1, 512]}",4194304,0,{},4194304,8192,1024,独立 GEMM：权重与输入各读一次、输出写一次的操作数载荷；不预测 tile 重读。
36,v_proj,linear,"{""input"": [1, 4096], ""weight_math"": [4096, 512], ""weight_storage"": [512, 4096], ""output"": [1, 512]}",4194304,0,{},4194304,8192,1024,独立 GEMM：权重与输入各读一次、输出写一次的操作数载荷；不预测 tile 重读。
36,q_norm,normalization,"{""input"": [64, 128], ""weight"": [128], ""output"": [64, 128]}",0,32832,"{""rsqrt"": 64}",256,16384,16384,按 FP32 行内归约的代数计数；rsqrt、类型转换与临时 FP32 张量分列／不推断 HBM spill。
36,k_norm,normalization,"{""input"": [4, 128], ""weight"": [128], ""output"": [4, 128]}",0,2052,"{""rsqrt"": 4}",256,1024,1024,按 FP32 行内归约的代数计数；rsqrt、类型转换与临时 FP32 张量分列／不推断 HBM spill。
36,apply_rope,position,"{""Q"": [1, 64, 1, 128], ""K"": [1, 4, 1, 128]}",0,26112,"{""negate"": 4352}",0,17920,17408,2 multiply + 1 add/元素，rotate_half 符号翻转分列；表按批／头理想复用。
36,kv_append,state,"{""new_K_and_V_each"": [1, 4, 1, 128]}",0,0,{},0,2048,2048,原位／分页 append 载荷；不假定动态 torch.cat 对旧缓存整段复制。
36,qk,attention,"{""Q"": [1, 64, 1, 128], ""K_shared"": [1, 4, 8193, 128], ""scores_rectangular"": [1, 64, 1, 8193]}",134234112,0,{},0,8406016,2097408,FLOPs 仅有效因果位置；载荷是假定 Q/K 各读一次、GQA 头共享，完整分数矩阵物化。
36,score_scale_mask_softmax,softmax,"{""scores"": [1, 64, 1, 8193]}",0,2097344,"{""exp"": 524352, ""compare_max"": 524288, ""mask_decisions"": 524352}",0,2097408,2097408,选择的融合 scale/mask/softmax 代数工作；屏蔽点不计 exp。物化 FP32 默认概率；非具体 eager trace。
36,pv,attention,"{""P"": [1, 64, 1, 8193], ""V_shared"": [1, 4, 8193, 128], ""output"": [1, 64, 1, 128]}",134234112,0,{},0,10487040,16384,PV/AV：各 Q 头仍计算；V 容量不乘 GQA 复制数。载荷假定 V 在头／查询之间理想复用。
36,o_proj,linear,"{""input"": [1, 8192], ""weight_math"": [8192, 4096], ""weight_storage"": [4096, 8192], ""output"": [1, 4096]}",67108864,0,{},67108864,16384,8192,独立 GEMM：权重与输入各读一次、输出写一次的操作数载荷；不预测 tile 重读。
36,attention_residual,residual,"{""inputs_each"": [1, 4096], ""output"": [1, 4096]}",0,4096,{},0,16384,8192,
36,post_attention_layernorm,normalization,"{""input"": [1, 4096], ""weight"": [4096], ""output"": [1, 4096]}",0,16385,"{""rsqrt"": 1}",8192,8192,8192,按 FP32 行内归约的代数计数；rsqrt、类型转换与临时 FP32 张量分列／不推断 HBM spill。
36,router,linear,"{""input"": [1, 4096], ""weight_math"": [4096, 128], ""weight_storage"": [128, 4096], ""output"": [1, 128]}",1048576,0,{},1048576,8192,256,独立 GEMM：权重与输入各读一次、输出写一次的操作数载荷；不预测 tile 重读。
36,router_softmax,routing,"{""input"": [1, 128], ""probabilities_fp32"": [1, 128]}",0,383,"{""exp"": 128, ""compare_max"": 127}",0,256,512,"FP32 softmax: subtract max, exp, reduction, divide; casts are not FLOPs."
36,router_topk,routing,"{""input_fp32"": [1, 128], ""values_fp32"": [1, 8], ""indices_int64"": [1, 8]}",0,0,"{""topk_rows"": 1, ""topk_candidates"": 128}",0,512,96,Top-k is an explicit selection primitive; candidate counts are not comparisons or FLOPs. Backend selection algorithm is unspecified.
36,router_renormalize_cast,routing,"{""selected_probabilities"": [1, 8]}",0,15,{},0,32,16,"Selected probabilities are renormalized if norm_topk_prob, then cast to activation dtype; row reduction assumed on-chip."
36,routing_one_hot,routing_metadata,"{""selected_int64"": [1, 8], ""mask_int64"": [1, 8, 128]}",0,0,"{""one_hot_entries"": 1024}",0,64,8192,Pinned HF reference materializes one_hot int64; this large routing mask is not assumed in optimized dispatch.
36,routing_where,routing_metadata,"{""mask_int64"": [128, 8, 1], ""top_x_and_slot_each"": [8]}",0,0,"{""integer_nonzero_tests"": 1024}",0,8192,128,Scan each expert mask; two int64 coordinates per assignment. Permute is a view.
36,expert_gather,routing,"{""source"": [1, 4096], ""gathered_rows"": [8, 4096]}",0,0,{},0,65600,65536,Logical gathers summed over experts; n_e and each concrete GEMM shape are in expert_matrices.
36,expert_gate_proj,linear,"{""input_per_expert"": [""n_e"", 4096], ""weight_storage_each"": [1536, 4096], ""output_per_expert"": [""n_e"", 1536], ""nonempty_experts"": 8, ""tokens_per_expert"": [1, 1, 1, 1, 1, 1, 1, 1, 0, 0, 0, 0, 0, 0, 0, 0, 0, 0, 0, 0, 0, 0, 0, 0, 0, 0, 0, 0, 0, 0, 0, 0, 0, 0, 0, 0, 0, 0, 0, 0, 0, 0, 0, 0, 0, 0, 0, 0, 0, 0, 0, 0, 0, 0, 0, 0, 0, 0, 0, 0, 0, 0, 0, 0, 0, 0, 0, 0, 0, 0, 0, 0, 0, 0, 0, 0, 0, 0, 0, 0, 0, 0, 0, 0, 0, 0, 0, 0, 0, 0, 0, 0, 0, 0, 0, 0, 0, 0, 0, 0, 0, 0, 0, 0, 0, 0, 0, 0, 0, 0, 0, 0, 0, 0, 0, 0, 0, 0, 0, 0, 0, 0, 0, 0, 0, 0, 0, 0]}",100663296,0,{},100663296,65536,24576,"Sum of unpadded per-expert GEMMs; each visited expert weight read once per layer, not once per token."
36,expert_up_proj,linear,"{""input_per_expert"": [""n_e"", 4096], ""weight_storage_each"": [1536, 4096], ""output_per_expert"": [""n_e"", 1536], ""nonempty_experts"": 8, ""tokens_per_expert"": [1, 1, 1, 1, 1, 1, 1, 1, 0, 0, 0, 0, 0, 0, 0, 0, 0, 0, 0, 0, 0, 0, 0, 0, 0, 0, 0, 0, 0, 0, 0, 0, 0, 0, 0, 0, 0, 0, 0, 0, 0, 0, 0, 0, 0, 0, 0, 0, 0, 0, 0, 0, 0, 0, 0, 0, 0, 0, 0, 0, 0, 0, 0, 0, 0, 0, 0, 0, 0, 0, 0, 0, 0, 0, 0, 0, 0, 0, 0, 0, 0, 0, 0, 0, 0, 0, 0, 0, 0, 0, 0, 0, 0, 0, 0, 0, 0, 0, 0, 0, 0, 0, 0, 0, 0, 0, 0, 0, 0, 0, 0, 0, 0, 0, 0, 0, 0, 0, 0, 0, 0, 0, 0, 0, 0, 0, 0, 0]}",100663296,0,{},100663296,65536,24576,"Sum of unpadded per-expert GEMMs; each visited expert weight read once per layer, not once per token."
36,expert_silu_mul,activation,"{""gate_and_up_each"": [8, 1536]}",0,49152,"{""exp"": 12288, ""negate"": 12288}",0,49152,24576,
36,expert_down_proj,linear,"{""input_per_expert"": [""n_e"", 1536], ""weight_storage_each"": [4096, 1536], ""output_per_expert"": [""n_e"", 4096], ""nonempty_experts"": 8, ""tokens_per_expert"": [1, 1, 1, 1, 1, 1, 1, 1, 0, 0, 0, 0, 0, 0, 0, 0, 0, 0, 0, 0, 0, 0, 0, 0, 0, 0, 0, 0, 0, 0, 0, 0, 0, 0, 0, 0, 0, 0, 0, 0, 0, 0, 0, 0, 0, 0, 0, 0, 0, 0, 0, 0, 0, 0, 0, 0, 0, 0, 0, 0, 0, 0, 0, 0, 0, 0, 0, 0, 0, 0, 0, 0, 0, 0, 0, 0, 0, 0, 0, 0, 0, 0, 0, 0, 0, 0, 0, 0, 0, 0, 0, 0, 0, 0, 0, 0, 0, 0, 0, 0, 0, 0, 0, 0, 0, 0, 0, 0, 0, 0, 0, 0, 0, 0, 0, 0, 0, 0, 0, 0, 0, 0, 0, 0, 0, 0, 0, 0]}",100663296,0,{},100663296,24576,65536,Unpadded per-expert GEMMs; empty experts have zero arithmetic and no weight payload.
36,expert_probability_multiply,routing,"{""expert_outputs"": [8, 4096], ""routing_weights"": [8]}",0,32768,{},0,65680,65536,Probability broadcast reuses one value per assignment; int64 token/slot indices included.
36,expert_output_zero,routing,"{""output"": [1, 4096]}",0,0,{},0,0,8192,Reference initializes final_hidden_states to zero.
36,expert_index_add,routing,"{""weighted_outputs"": [8, 4096], ""combined_output"": [1, 4096]}",0,32768,{},0,131136,65536,"Reference index_add includes the first add into zero; destination read/update per assignment is logical payload, not measured HBM."
36,ffn_residual,residual,"{""inputs_each"": [1, 4096], ""output"": [1, 4096]}",0,4096,{},0,16384,8192,
37,input_layernorm,normalization,"{""input"": [1, 4096], ""weight"": [4096], ""output"": [1, 4096]}",0,16385,"{""rsqrt"": 1}",8192,8192,8192,按 FP32 行内归约的代数计数；rsqrt、类型转换与临时 FP32 张量分列／不推断 HBM spill。
37,q_proj,linear,"{""input"": [1, 4096], ""weight_math"": [4096, 8192], ""weight_storage"": [8192, 4096], ""output"": [1, 8192]}",67108864,0,{},67108864,8192,16384,独立 GEMM：权重与输入各读一次、输出写一次的操作数载荷；不预测 tile 重读。
37,k_proj,linear,"{""input"": [1, 4096], ""weight_math"": [4096, 512], ""weight_storage"": [512, 4096], ""output"": [1, 512]}",4194304,0,{},4194304,8192,1024,独立 GEMM：权重与输入各读一次、输出写一次的操作数载荷；不预测 tile 重读。
37,v_proj,linear,"{""input"": [1, 4096], ""weight_math"": [4096, 512], ""weight_storage"": [512, 4096], ""output"": [1, 512]}",4194304,0,{},4194304,8192,1024,独立 GEMM：权重与输入各读一次、输出写一次的操作数载荷；不预测 tile 重读。
37,q_norm,normalization,"{""input"": [64, 128], ""weight"": [128], ""output"": [64, 128]}",0,32832,"{""rsqrt"": 64}",256,16384,16384,按 FP32 行内归约的代数计数；rsqrt、类型转换与临时 FP32 张量分列／不推断 HBM spill。
37,k_norm,normalization,"{""input"": [4, 128], ""weight"": [128], ""output"": [4, 128]}",0,2052,"{""rsqrt"": 4}",256,1024,1024,按 FP32 行内归约的代数计数；rsqrt、类型转换与临时 FP32 张量分列／不推断 HBM spill。
37,apply_rope,position,"{""Q"": [1, 64, 1, 128], ""K"": [1, 4, 1, 128]}",0,26112,"{""negate"": 4352}",0,17920,17408,2 multiply + 1 add/元素，rotate_half 符号翻转分列；表按批／头理想复用。
37,kv_append,state,"{""new_K_and_V_each"": [1, 4, 1, 128]}",0,0,{},0,2048,2048,原位／分页 append 载荷；不假定动态 torch.cat 对旧缓存整段复制。
37,qk,attention,"{""Q"": [1, 64, 1, 128], ""K_shared"": [1, 4, 8193, 128], ""scores_rectangular"": [1, 64, 1, 8193]}",134234112,0,{},0,8406016,2097408,FLOPs 仅有效因果位置；载荷是假定 Q/K 各读一次、GQA 头共享，完整分数矩阵物化。
37,score_scale_mask_softmax,softmax,"{""scores"": [1, 64, 1, 8193]}",0,2097344,"{""exp"": 524352, ""compare_max"": 524288, ""mask_decisions"": 524352}",0,2097408,2097408,选择的融合 scale/mask/softmax 代数工作；屏蔽点不计 exp。物化 FP32 默认概率；非具体 eager trace。
37,pv,attention,"{""P"": [1, 64, 1, 8193], ""V_shared"": [1, 4, 8193, 128], ""output"": [1, 64, 1, 128]}",134234112,0,{},0,10487040,16384,PV/AV：各 Q 头仍计算；V 容量不乘 GQA 复制数。载荷假定 V 在头／查询之间理想复用。
37,o_proj,linear,"{""input"": [1, 8192], ""weight_math"": [8192, 4096], ""weight_storage"": [4096, 8192], ""output"": [1, 4096]}",67108864,0,{},67108864,16384,8192,独立 GEMM：权重与输入各读一次、输出写一次的操作数载荷；不预测 tile 重读。
37,attention_residual,residual,"{""inputs_each"": [1, 4096], ""output"": [1, 4096]}",0,4096,{},0,16384,8192,
37,post_attention_layernorm,normalization,"{""input"": [1, 4096], ""weight"": [4096], ""output"": [1, 4096]}",0,16385,"{""rsqrt"": 1}",8192,8192,8192,按 FP32 行内归约的代数计数；rsqrt、类型转换与临时 FP32 张量分列／不推断 HBM spill。
37,router,linear,"{""input"": [1, 4096], ""weight_math"": [4096, 128], ""weight_storage"": [128, 4096], ""output"": [1, 128]}",1048576,0,{},1048576,8192,256,独立 GEMM：权重与输入各读一次、输出写一次的操作数载荷；不预测 tile 重读。
37,router_softmax,routing,"{""input"": [1, 128], ""probabilities_fp32"": [1, 128]}",0,383,"{""exp"": 128, ""compare_max"": 127}",0,256,512,"FP32 softmax: subtract max, exp, reduction, divide; casts are not FLOPs."
37,router_topk,routing,"{""input_fp32"": [1, 128], ""values_fp32"": [1, 8], ""indices_int64"": [1, 8]}",0,0,"{""topk_rows"": 1, ""topk_candidates"": 128}",0,512,96,Top-k is an explicit selection primitive; candidate counts are not comparisons or FLOPs. Backend selection algorithm is unspecified.
37,router_renormalize_cast,routing,"{""selected_probabilities"": [1, 8]}",0,15,{},0,32,16,"Selected probabilities are renormalized if norm_topk_prob, then cast to activation dtype; row reduction assumed on-chip."
37,routing_one_hot,routing_metadata,"{""selected_int64"": [1, 8], ""mask_int64"": [1, 8, 128]}",0,0,"{""one_hot_entries"": 1024}",0,64,8192,Pinned HF reference materializes one_hot int64; this large routing mask is not assumed in optimized dispatch.
37,routing_where,routing_metadata,"{""mask_int64"": [128, 8, 1], ""top_x_and_slot_each"": [8]}",0,0,"{""integer_nonzero_tests"": 1024}",0,8192,128,Scan each expert mask; two int64 coordinates per assignment. Permute is a view.
37,expert_gather,routing,"{""source"": [1, 4096], ""gathered_rows"": [8, 4096]}",0,0,{},0,65600,65536,Logical gathers summed over experts; n_e and each concrete GEMM shape are in expert_matrices.
37,expert_gate_proj,linear,"{""input_per_expert"": [""n_e"", 4096], ""weight_storage_each"": [1536, 4096], ""output_per_expert"": [""n_e"", 1536], ""nonempty_experts"": 8, ""tokens_per_expert"": [1, 1, 1, 1, 1, 1, 1, 1, 0, 0, 0, 0, 0, 0, 0, 0, 0, 0, 0, 0, 0, 0, 0, 0, 0, 0, 0, 0, 0, 0, 0, 0, 0, 0, 0, 0, 0, 0, 0, 0, 0, 0, 0, 0, 0, 0, 0, 0, 0, 0, 0, 0, 0, 0, 0, 0, 0, 0, 0, 0, 0, 0, 0, 0, 0, 0, 0, 0, 0, 0, 0, 0, 0, 0, 0, 0, 0, 0, 0, 0, 0, 0, 0, 0, 0, 0, 0, 0, 0, 0, 0, 0, 0, 0, 0, 0, 0, 0, 0, 0, 0, 0, 0, 0, 0, 0, 0, 0, 0, 0, 0, 0, 0, 0, 0, 0, 0, 0, 0, 0, 0, 0, 0, 0, 0, 0, 0, 0]}",100663296,0,{},100663296,65536,24576,"Sum of unpadded per-expert GEMMs; each visited expert weight read once per layer, not once per token."
37,expert_up_proj,linear,"{""input_per_expert"": [""n_e"", 4096], ""weight_storage_each"": [1536, 4096], ""output_per_expert"": [""n_e"", 1536], ""nonempty_experts"": 8, ""tokens_per_expert"": [1, 1, 1, 1, 1, 1, 1, 1, 0, 0, 0, 0, 0, 0, 0, 0, 0, 0, 0, 0, 0, 0, 0, 0, 0, 0, 0, 0, 0, 0, 0, 0, 0, 0, 0, 0, 0, 0, 0, 0, 0, 0, 0, 0, 0, 0, 0, 0, 0, 0, 0, 0, 0, 0, 0, 0, 0, 0, 0, 0, 0, 0, 0, 0, 0, 0, 0, 0, 0, 0, 0, 0, 0, 0, 0, 0, 0, 0, 0, 0, 0, 0, 0, 0, 0, 0, 0, 0, 0, 0, 0, 0, 0, 0, 0, 0, 0, 0, 0, 0, 0, 0, 0, 0, 0, 0, 0, 0, 0, 0, 0, 0, 0, 0, 0, 0, 0, 0, 0, 0, 0, 0, 0, 0, 0, 0, 0, 0]}",100663296,0,{},100663296,65536,24576,"Sum of unpadded per-expert GEMMs; each visited expert weight read once per layer, not once per token."
37,expert_silu_mul,activation,"{""gate_and_up_each"": [8, 1536]}",0,49152,"{""exp"": 12288, ""negate"": 12288}",0,49152,24576,
37,expert_down_proj,linear,"{""input_per_expert"": [""n_e"", 1536], ""weight_storage_each"": [4096, 1536], ""output_per_expert"": [""n_e"", 4096], ""nonempty_experts"": 8, ""tokens_per_expert"": [1, 1, 1, 1, 1, 1, 1, 1, 0, 0, 0, 0, 0, 0, 0, 0, 0, 0, 0, 0, 0, 0, 0, 0, 0, 0, 0, 0, 0, 0, 0, 0, 0, 0, 0, 0, 0, 0, 0, 0, 0, 0, 0, 0, 0, 0, 0, 0, 0, 0, 0, 0, 0, 0, 0, 0, 0, 0, 0, 0, 0, 0, 0, 0, 0, 0, 0, 0, 0, 0, 0, 0, 0, 0, 0, 0, 0, 0, 0, 0, 0, 0, 0, 0, 0, 0, 0, 0, 0, 0, 0, 0, 0, 0, 0, 0, 0, 0, 0, 0, 0, 0, 0, 0, 0, 0, 0, 0, 0, 0, 0, 0, 0, 0, 0, 0, 0, 0, 0, 0, 0, 0, 0, 0, 0, 0, 0, 0]}",100663296,0,{},100663296,24576,65536,Unpadded per-expert GEMMs; empty experts have zero arithmetic and no weight payload.
37,expert_probability_multiply,routing,"{""expert_outputs"": [8, 4096], ""routing_weights"": [8]}",0,32768,{},0,65680,65536,Probability broadcast reuses one value per assignment; int64 token/slot indices included.
37,expert_output_zero,routing,"{""output"": [1, 4096]}",0,0,{},0,0,8192,Reference initializes final_hidden_states to zero.
37,expert_index_add,routing,"{""weighted_outputs"": [8, 4096], ""combined_output"": [1, 4096]}",0,32768,{},0,131136,65536,"Reference index_add includes the first add into zero; destination read/update per assignment is logical payload, not measured HBM."
37,ffn_residual,residual,"{""inputs_each"": [1, 4096], ""output"": [1, 4096]}",0,4096,{},0,16384,8192,
38,input_layernorm,normalization,"{""input"": [1, 4096], ""weight"": [4096], ""output"": [1, 4096]}",0,16385,"{""rsqrt"": 1}",8192,8192,8192,按 FP32 行内归约的代数计数；rsqrt、类型转换与临时 FP32 张量分列／不推断 HBM spill。
38,q_proj,linear,"{""input"": [1, 4096], ""weight_math"": [4096, 8192], ""weight_storage"": [8192, 4096], ""output"": [1, 8192]}",67108864,0,{},67108864,8192,16384,独立 GEMM：权重与输入各读一次、输出写一次的操作数载荷；不预测 tile 重读。
38,k_proj,linear,"{""input"": [1, 4096], ""weight_math"": [4096, 512], ""weight_storage"": [512, 4096], ""output"": [1, 512]}",4194304,0,{},4194304,8192,1024,独立 GEMM：权重与输入各读一次、输出写一次的操作数载荷；不预测 tile 重读。
38,v_proj,linear,"{""input"": [1, 4096], ""weight_math"": [4096, 512], ""weight_storage"": [512, 4096], ""output"": [1, 512]}",4194304,0,{},4194304,8192,1024,独立 GEMM：权重与输入各读一次、输出写一次的操作数载荷；不预测 tile 重读。
38,q_norm,normalization,"{""input"": [64, 128], ""weight"": [128], ""output"": [64, 128]}",0,32832,"{""rsqrt"": 64}",256,16384,16384,按 FP32 行内归约的代数计数；rsqrt、类型转换与临时 FP32 张量分列／不推断 HBM spill。
38,k_norm,normalization,"{""input"": [4, 128], ""weight"": [128], ""output"": [4, 128]}",0,2052,"{""rsqrt"": 4}",256,1024,1024,按 FP32 行内归约的代数计数；rsqrt、类型转换与临时 FP32 张量分列／不推断 HBM spill。
38,apply_rope,position,"{""Q"": [1, 64, 1, 128], ""K"": [1, 4, 1, 128]}",0,26112,"{""negate"": 4352}",0,17920,17408,2 multiply + 1 add/元素，rotate_half 符号翻转分列；表按批／头理想复用。
38,kv_append,state,"{""new_K_and_V_each"": [1, 4, 1, 128]}",0,0,{},0,2048,2048,原位／分页 append 载荷；不假定动态 torch.cat 对旧缓存整段复制。
38,qk,attention,"{""Q"": [1, 64, 1, 128], ""K_shared"": [1, 4, 8193, 128], ""scores_rectangular"": [1, 64, 1, 8193]}",134234112,0,{},0,8406016,2097408,FLOPs 仅有效因果位置；载荷是假定 Q/K 各读一次、GQA 头共享，完整分数矩阵物化。
38,score_scale_mask_softmax,softmax,"{""scores"": [1, 64, 1, 8193]}",0,2097344,"{""exp"": 524352, ""compare_max"": 524288, ""mask_decisions"": 524352}",0,2097408,2097408,选择的融合 scale/mask/softmax 代数工作；屏蔽点不计 exp。物化 FP32 默认概率；非具体 eager trace。
38,pv,attention,"{""P"": [1, 64, 1, 8193], ""V_shared"": [1, 4, 8193, 128], ""output"": [1, 64, 1, 128]}",134234112,0,{},0,10487040,16384,PV/AV：各 Q 头仍计算；V 容量不乘 GQA 复制数。载荷假定 V 在头／查询之间理想复用。
38,o_proj,linear,"{""input"": [1, 8192], ""weight_math"": [8192, 4096], ""weight_storage"": [4096, 8192], ""output"": [1, 4096]}",67108864,0,{},67108864,16384,8192,独立 GEMM：权重与输入各读一次、输出写一次的操作数载荷；不预测 tile 重读。
38,attention_residual,residual,"{""inputs_each"": [1, 4096], ""output"": [1, 4096]}",0,4096,{},0,16384,8192,
38,post_attention_layernorm,normalization,"{""input"": [1, 4096], ""weight"": [4096], ""output"": [1, 4096]}",0,16385,"{""rsqrt"": 1}",8192,8192,8192,按 FP32 行内归约的代数计数；rsqrt、类型转换与临时 FP32 张量分列／不推断 HBM spill。
38,router,linear,"{""input"": [1, 4096], ""weight_math"": [4096, 128], ""weight_storage"": [128, 4096], ""output"": [1, 128]}",1048576,0,{},1048576,8192,256,独立 GEMM：权重与输入各读一次、输出写一次的操作数载荷；不预测 tile 重读。
38,router_softmax,routing,"{""input"": [1, 128], ""probabilities_fp32"": [1, 128]}",0,383,"{""exp"": 128, ""compare_max"": 127}",0,256,512,"FP32 softmax: subtract max, exp, reduction, divide; casts are not FLOPs."
38,router_topk,routing,"{""input_fp32"": [1, 128], ""values_fp32"": [1, 8], ""indices_int64"": [1, 8]}",0,0,"{""topk_rows"": 1, ""topk_candidates"": 128}",0,512,96,Top-k is an explicit selection primitive; candidate counts are not comparisons or FLOPs. Backend selection algorithm is unspecified.
38,router_renormalize_cast,routing,"{""selected_probabilities"": [1, 8]}",0,15,{},0,32,16,"Selected probabilities are renormalized if norm_topk_prob, then cast to activation dtype; row reduction assumed on-chip."
38,routing_one_hot,routing_metadata,"{""selected_int64"": [1, 8], ""mask_int64"": [1, 8, 128]}",0,0,"{""one_hot_entries"": 1024}",0,64,8192,Pinned HF reference materializes one_hot int64; this large routing mask is not assumed in optimized dispatch.
38,routing_where,routing_metadata,"{""mask_int64"": [128, 8, 1], ""top_x_and_slot_each"": [8]}",0,0,"{""integer_nonzero_tests"": 1024}",0,8192,128,Scan each expert mask; two int64 coordinates per assignment. Permute is a view.
38,expert_gather,routing,"{""source"": [1, 4096], ""gathered_rows"": [8, 4096]}",0,0,{},0,65600,65536,Logical gathers summed over experts; n_e and each concrete GEMM shape are in expert_matrices.
38,expert_gate_proj,linear,"{""input_per_expert"": [""n_e"", 4096], ""weight_storage_each"": [1536, 4096], ""output_per_expert"": [""n_e"", 1536], ""nonempty_experts"": 8, ""tokens_per_expert"": [1, 1, 1, 1, 1, 1, 1, 1, 0, 0, 0, 0, 0, 0, 0, 0, 0, 0, 0, 0, 0, 0, 0, 0, 0, 0, 0, 0, 0, 0, 0, 0, 0, 0, 0, 0, 0, 0, 0, 0, 0, 0, 0, 0, 0, 0, 0, 0, 0, 0, 0, 0, 0, 0, 0, 0, 0, 0, 0, 0, 0, 0, 0, 0, 0, 0, 0, 0, 0, 0, 0, 0, 0, 0, 0, 0, 0, 0, 0, 0, 0, 0, 0, 0, 0, 0, 0, 0, 0, 0, 0, 0, 0, 0, 0, 0, 0, 0, 0, 0, 0, 0, 0, 0, 0, 0, 0, 0, 0, 0, 0, 0, 0, 0, 0, 0, 0, 0, 0, 0, 0, 0, 0, 0, 0, 0, 0, 0]}",100663296,0,{},100663296,65536,24576,"Sum of unpadded per-expert GEMMs; each visited expert weight read once per layer, not once per token."
38,expert_up_proj,linear,"{""input_per_expert"": [""n_e"", 4096], ""weight_storage_each"": [1536, 4096], ""output_per_expert"": [""n_e"", 1536], ""nonempty_experts"": 8, ""tokens_per_expert"": [1, 1, 1, 1, 1, 1, 1, 1, 0, 0, 0, 0, 0, 0, 0, 0, 0, 0, 0, 0, 0, 0, 0, 0, 0, 0, 0, 0, 0, 0, 0, 0, 0, 0, 0, 0, 0, 0, 0, 0, 0, 0, 0, 0, 0, 0, 0, 0, 0, 0, 0, 0, 0, 0, 0, 0, 0, 0, 0, 0, 0, 0, 0, 0, 0, 0, 0, 0, 0, 0, 0, 0, 0, 0, 0, 0, 0, 0, 0, 0, 0, 0, 0, 0, 0, 0, 0, 0, 0, 0, 0, 0, 0, 0, 0, 0, 0, 0, 0, 0, 0, 0, 0, 0, 0, 0, 0, 0, 0, 0, 0, 0, 0, 0, 0, 0, 0, 0, 0, 0, 0, 0, 0, 0, 0, 0, 0, 0]}",100663296,0,{},100663296,65536,24576,"Sum of unpadded per-expert GEMMs; each visited expert weight read once per layer, not once per token."
38,expert_silu_mul,activation,"{""gate_and_up_each"": [8, 1536]}",0,49152,"{""exp"": 12288, ""negate"": 12288}",0,49152,24576,
38,expert_down_proj,linear,"{""input_per_expert"": [""n_e"", 1536], ""weight_storage_each"": [4096, 1536], ""output_per_expert"": [""n_e"", 4096], ""nonempty_experts"": 8, ""tokens_per_expert"": [1, 1, 1, 1, 1, 1, 1, 1, 0, 0, 0, 0, 0, 0, 0, 0, 0, 0, 0, 0, 0, 0, 0, 0, 0, 0, 0, 0, 0, 0, 0, 0, 0, 0, 0, 0, 0, 0, 0, 0, 0, 0, 0, 0, 0, 0, 0, 0, 0, 0, 0, 0, 0, 0, 0, 0, 0, 0, 0, 0, 0, 0, 0, 0, 0, 0, 0, 0, 0, 0, 0, 0, 0, 0, 0, 0, 0, 0, 0, 0, 0, 0, 0, 0, 0, 0, 0, 0, 0, 0, 0, 0, 0, 0, 0, 0, 0, 0, 0, 0, 0, 0, 0, 0, 0, 0, 0, 0, 0, 0, 0, 0, 0, 0, 0, 0, 0, 0, 0, 0, 0, 0, 0, 0, 0, 0, 0, 0]}",100663296,0,{},100663296,24576,65536,Unpadded per-expert GEMMs; empty experts have zero arithmetic and no weight payload.
38,expert_probability_multiply,routing,"{""expert_outputs"": [8, 4096], ""routing_weights"": [8]}",0,32768,{},0,65680,65536,Probability broadcast reuses one value per assignment; int64 token/slot indices included.
38,expert_output_zero,routing,"{""output"": [1, 4096]}",0,0,{},0,0,8192,Reference initializes final_hidden_states to zero.
38,expert_index_add,routing,"{""weighted_outputs"": [8, 4096], ""combined_output"": [1, 4096]}",0,32768,{},0,131136,65536,"Reference index_add includes the first add into zero; destination read/update per assignment is logical payload, not measured HBM."
38,ffn_residual,residual,"{""inputs_each"": [1, 4096], ""output"": [1, 4096]}",0,4096,{},0,16384,8192,
39,input_layernorm,normalization,"{""input"": [1, 4096], ""weight"": [4096], ""output"": [1, 4096]}",0,16385,"{""rsqrt"": 1}",8192,8192,8192,按 FP32 行内归约的代数计数；rsqrt、类型转换与临时 FP32 张量分列／不推断 HBM spill。
39,q_proj,linear,"{""input"": [1, 4096], ""weight_math"": [4096, 8192], ""weight_storage"": [8192, 4096], ""output"": [1, 8192]}",67108864,0,{},67108864,8192,16384,独立 GEMM：权重与输入各读一次、输出写一次的操作数载荷；不预测 tile 重读。
39,k_proj,linear,"{""input"": [1, 4096], ""weight_math"": [4096, 512], ""weight_storage"": [512, 4096], ""output"": [1, 512]}",4194304,0,{},4194304,8192,1024,独立 GEMM：权重与输入各读一次、输出写一次的操作数载荷；不预测 tile 重读。
39,v_proj,linear,"{""input"": [1, 4096], ""weight_math"": [4096, 512], ""weight_storage"": [512, 4096], ""output"": [1, 512]}",4194304,0,{},4194304,8192,1024,独立 GEMM：权重与输入各读一次、输出写一次的操作数载荷；不预测 tile 重读。
39,q_norm,normalization,"{""input"": [64, 128], ""weight"": [128], ""output"": [64, 128]}",0,32832,"{""rsqrt"": 64}",256,16384,16384,按 FP32 行内归约的代数计数；rsqrt、类型转换与临时 FP32 张量分列／不推断 HBM spill。
39,k_norm,normalization,"{""input"": [4, 128], ""weight"": [128], ""output"": [4, 128]}",0,2052,"{""rsqrt"": 4}",256,1024,1024,按 FP32 行内归约的代数计数；rsqrt、类型转换与临时 FP32 张量分列／不推断 HBM spill。
39,apply_rope,position,"{""Q"": [1, 64, 1, 128], ""K"": [1, 4, 1, 128]}",0,26112,"{""negate"": 4352}",0,17920,17408,2 multiply + 1 add/元素，rotate_half 符号翻转分列；表按批／头理想复用。
39,kv_append,state,"{""new_K_and_V_each"": [1, 4, 1, 128]}",0,0,{},0,2048,2048,原位／分页 append 载荷；不假定动态 torch.cat 对旧缓存整段复制。
39,qk,attention,"{""Q"": [1, 64, 1, 128], ""K_shared"": [1, 4, 8193, 128], ""scores_rectangular"": [1, 64, 1, 8193]}",134234112,0,{},0,8406016,2097408,FLOPs 仅有效因果位置；载荷是假定 Q/K 各读一次、GQA 头共享，完整分数矩阵物化。
39,score_scale_mask_softmax,softmax,"{""scores"": [1, 64, 1, 8193]}",0,2097344,"{""exp"": 524352, ""compare_max"": 524288, ""mask_decisions"": 524352}",0,2097408,2097408,选择的融合 scale/mask/softmax 代数工作；屏蔽点不计 exp。物化 FP32 默认概率；非具体 eager trace。
39,pv,attention,"{""P"": [1, 64, 1, 8193], ""V_shared"": [1, 4, 8193, 128], ""output"": [1, 64, 1, 128]}",134234112,0,{},0,10487040,16384,PV/AV：各 Q 头仍计算；V 容量不乘 GQA 复制数。载荷假定 V 在头／查询之间理想复用。
39,o_proj,linear,"{""input"": [1, 8192], ""weight_math"": [8192, 4096], ""weight_storage"": [4096, 8192], ""output"": [1, 4096]}",67108864,0,{},67108864,16384,8192,独立 GEMM：权重与输入各读一次、输出写一次的操作数载荷；不预测 tile 重读。
39,attention_residual,residual,"{""inputs_each"": [1, 4096], ""output"": [1, 4096]}",0,4096,{},0,16384,8192,
39,post_attention_layernorm,normalization,"{""input"": [1, 4096], ""weight"": [4096], ""output"": [1, 4096]}",0,16385,"{""rsqrt"": 1}",8192,8192,8192,按 FP32 行内归约的代数计数；rsqrt、类型转换与临时 FP32 张量分列／不推断 HBM spill。
39,router,linear,"{""input"": [1, 4096], ""weight_math"": [4096, 128], ""weight_storage"": [128, 4096], ""output"": [1, 128]}",1048576,0,{},1048576,8192,256,独立 GEMM：权重与输入各读一次、输出写一次的操作数载荷；不预测 tile 重读。
39,router_softmax,routing,"{""input"": [1, 128], ""probabilities_fp32"": [1, 128]}",0,383,"{""exp"": 128, ""compare_max"": 127}",0,256,512,"FP32 softmax: subtract max, exp, reduction, divide; casts are not FLOPs."
39,router_topk,routing,"{""input_fp32"": [1, 128], ""values_fp32"": [1, 8], ""indices_int64"": [1, 8]}",0,0,"{""topk_rows"": 1, ""topk_candidates"": 128}",0,512,96,Top-k is an explicit selection primitive; candidate counts are not comparisons or FLOPs. Backend selection algorithm is unspecified.
39,router_renormalize_cast,routing,"{""selected_probabilities"": [1, 8]}",0,15,{},0,32,16,"Selected probabilities are renormalized if norm_topk_prob, then cast to activation dtype; row reduction assumed on-chip."
39,routing_one_hot,routing_metadata,"{""selected_int64"": [1, 8], ""mask_int64"": [1, 8, 128]}",0,0,"{""one_hot_entries"": 1024}",0,64,8192,Pinned HF reference materializes one_hot int64; this large routing mask is not assumed in optimized dispatch.
39,routing_where,routing_metadata,"{""mask_int64"": [128, 8, 1], ""top_x_and_slot_each"": [8]}",0,0,"{""integer_nonzero_tests"": 1024}",0,8192,128,Scan each expert mask; two int64 coordinates per assignment. Permute is a view.
39,expert_gather,routing,"{""source"": [1, 4096], ""gathered_rows"": [8, 4096]}",0,0,{},0,65600,65536,Logical gathers summed over experts; n_e and each concrete GEMM shape are in expert_matrices.
39,expert_gate_proj,linear,"{""input_per_expert"": [""n_e"", 4096], ""weight_storage_each"": [1536, 4096], ""output_per_expert"": [""n_e"", 1536], ""nonempty_experts"": 8, ""tokens_per_expert"": [1, 1, 1, 1, 1, 1, 1, 1, 0, 0, 0, 0, 0, 0, 0, 0, 0, 0, 0, 0, 0, 0, 0, 0, 0, 0, 0, 0, 0, 0, 0, 0, 0, 0, 0, 0, 0, 0, 0, 0, 0, 0, 0, 0, 0, 0, 0, 0, 0, 0, 0, 0, 0, 0, 0, 0, 0, 0, 0, 0, 0, 0, 0, 0, 0, 0, 0, 0, 0, 0, 0, 0, 0, 0, 0, 0, 0, 0, 0, 0, 0, 0, 0, 0, 0, 0, 0, 0, 0, 0, 0, 0, 0, 0, 0, 0, 0, 0, 0, 0, 0, 0, 0, 0, 0, 0, 0, 0, 0, 0, 0, 0, 0, 0, 0, 0, 0, 0, 0, 0, 0, 0, 0, 0, 0, 0, 0, 0]}",100663296,0,{},100663296,65536,24576,"Sum of unpadded per-expert GEMMs; each visited expert weight read once per layer, not once per token."
39,expert_up_proj,linear,"{""input_per_expert"": [""n_e"", 4096], ""weight_storage_each"": [1536, 4096], ""output_per_expert"": [""n_e"", 1536], ""nonempty_experts"": 8, ""tokens_per_expert"": [1, 1, 1, 1, 1, 1, 1, 1, 0, 0, 0, 0, 0, 0, 0, 0, 0, 0, 0, 0, 0, 0, 0, 0, 0, 0, 0, 0, 0, 0, 0, 0, 0, 0, 0, 0, 0, 0, 0, 0, 0, 0, 0, 0, 0, 0, 0, 0, 0, 0, 0, 0, 0, 0, 0, 0, 0, 0, 0, 0, 0, 0, 0, 0, 0, 0, 0, 0, 0, 0, 0, 0, 0, 0, 0, 0, 0, 0, 0, 0, 0, 0, 0, 0, 0, 0, 0, 0, 0, 0, 0, 0, 0, 0, 0, 0, 0, 0, 0, 0, 0, 0, 0, 0, 0, 0, 0, 0, 0, 0, 0, 0, 0, 0, 0, 0, 0, 0, 0, 0, 0, 0, 0, 0, 0, 0, 0, 0]}",100663296,0,{},100663296,65536,24576,"Sum of unpadded per-expert GEMMs; each visited expert weight read once per layer, not once per token."
39,expert_silu_mul,activation,"{""gate_and_up_each"": [8, 1536]}",0,49152,"{""exp"": 12288, ""negate"": 12288}",0,49152,24576,
39,expert_down_proj,linear,"{""input_per_expert"": [""n_e"", 1536], ""weight_storage_each"": [4096, 1536], ""output_per_expert"": [""n_e"", 4096], ""nonempty_experts"": 8, ""tokens_per_expert"": [1, 1, 1, 1, 1, 1, 1, 1, 0, 0, 0, 0, 0, 0, 0, 0, 0, 0, 0, 0, 0, 0, 0, 0, 0, 0, 0, 0, 0, 0, 0, 0, 0, 0, 0, 0, 0, 0, 0, 0, 0, 0, 0, 0, 0, 0, 0, 0, 0, 0, 0, 0, 0, 0, 0, 0, 0, 0, 0, 0, 0, 0, 0, 0, 0, 0, 0, 0, 0, 0, 0, 0, 0, 0, 0, 0, 0, 0, 0, 0, 0, 0, 0, 0, 0, 0, 0, 0, 0, 0, 0, 0, 0, 0, 0, 0, 0, 0, 0, 0, 0, 0, 0, 0, 0, 0, 0, 0, 0, 0, 0, 0, 0, 0, 0, 0, 0, 0, 0, 0, 0, 0, 0, 0, 0, 0, 0, 0]}",100663296,0,{},100663296,24576,65536,Unpadded per-expert GEMMs; empty experts have zero arithmetic and no weight payload.
39,expert_probability_multiply,routing,"{""expert_outputs"": [8, 4096], ""routing_weights"": [8]}",0,32768,{},0,65680,65536,Probability broadcast reuses one value per assignment; int64 token/slot indices included.
39,expert_output_zero,routing,"{""output"": [1, 4096]}",0,0,{},0,0,8192,Reference initializes final_hidden_states to zero.
39,expert_index_add,routing,"{""weighted_outputs"": [8, 4096], ""combined_output"": [1, 4096]}",0,32768,{},0,131136,65536,"Reference index_add includes the first add into zero; destination read/update per assignment is logical payload, not measured HBM."
39,ffn_residual,residual,"{""inputs_each"": [1, 4096], ""output"": [1, 4096]}",0,4096,{},0,16384,8192,
40,input_layernorm,normalization,"{""input"": [1, 4096], ""weight"": [4096], ""output"": [1, 4096]}",0,16385,"{""rsqrt"": 1}",8192,8192,8192,按 FP32 行内归约的代数计数；rsqrt、类型转换与临时 FP32 张量分列／不推断 HBM spill。
40,q_proj,linear,"{""input"": [1, 4096], ""weight_math"": [4096, 8192], ""weight_storage"": [8192, 4096], ""output"": [1, 8192]}",67108864,0,{},67108864,8192,16384,独立 GEMM：权重与输入各读一次、输出写一次的操作数载荷；不预测 tile 重读。
40,k_proj,linear,"{""input"": [1, 4096], ""weight_math"": [4096, 512], ""weight_storage"": [512, 4096], ""output"": [1, 512]}",4194304,0,{},4194304,8192,1024,独立 GEMM：权重与输入各读一次、输出写一次的操作数载荷；不预测 tile 重读。
40,v_proj,linear,"{""input"": [1, 4096], ""weight_math"": [4096, 512], ""weight_storage"": [512, 4096], ""output"": [1, 512]}",4194304,0,{},4194304,8192,1024,独立 GEMM：权重与输入各读一次、输出写一次的操作数载荷；不预测 tile 重读。
40,q_norm,normalization,"{""input"": [64, 128], ""weight"": [128], ""output"": [64, 128]}",0,32832,"{""rsqrt"": 64}",256,16384,16384,按 FP32 行内归约的代数计数；rsqrt、类型转换与临时 FP32 张量分列／不推断 HBM spill。
40,k_norm,normalization,"{""input"": [4, 128], ""weight"": [128], ""output"": [4, 128]}",0,2052,"{""rsqrt"": 4}",256,1024,1024,按 FP32 行内归约的代数计数；rsqrt、类型转换与临时 FP32 张量分列／不推断 HBM spill。
40,apply_rope,position,"{""Q"": [1, 64, 1, 128], ""K"": [1, 4, 1, 128]}",0,26112,"{""negate"": 4352}",0,17920,17408,2 multiply + 1 add/元素，rotate_half 符号翻转分列；表按批／头理想复用。
40,kv_append,state,"{""new_K_and_V_each"": [1, 4, 1, 128]}",0,0,{},0,2048,2048,原位／分页 append 载荷；不假定动态 torch.cat 对旧缓存整段复制。
40,qk,attention,"{""Q"": [1, 64, 1, 128], ""K_shared"": [1, 4, 8193, 128], ""scores_rectangular"": [1, 64, 1, 8193]}",134234112,0,{},0,8406016,2097408,FLOPs 仅有效因果位置；载荷是假定 Q/K 各读一次、GQA 头共享，完整分数矩阵物化。
40,score_scale_mask_softmax,softmax,"{""scores"": [1, 64, 1, 8193]}",0,2097344,"{""exp"": 524352, ""compare_max"": 524288, ""mask_decisions"": 524352}",0,2097408,2097408,选择的融合 scale/mask/softmax 代数工作；屏蔽点不计 exp。物化 FP32 默认概率；非具体 eager trace。
40,pv,attention,"{""P"": [1, 64, 1, 8193], ""V_shared"": [1, 4, 8193, 128], ""output"": [1, 64, 1, 128]}",134234112,0,{},0,10487040,16384,PV/AV：各 Q 头仍计算；V 容量不乘 GQA 复制数。载荷假定 V 在头／查询之间理想复用。
40,o_proj,linear,"{""input"": [1, 8192], ""weight_math"": [8192, 4096], ""weight_storage"": [4096, 8192], ""output"": [1, 4096]}",67108864,0,{},67108864,16384,8192,独立 GEMM：权重与输入各读一次、输出写一次的操作数载荷；不预测 tile 重读。
40,attention_residual,residual,"{""inputs_each"": [1, 4096], ""output"": [1, 4096]}",0,4096,{},0,16384,8192,
40,post_attention_layernorm,normalization,"{""input"": [1, 4096], ""weight"": [4096], ""output"": [1, 4096]}",0,16385,"{""rsqrt"": 1}",8192,8192,8192,按 FP32 行内归约的代数计数；rsqrt、类型转换与临时 FP32 张量分列／不推断 HBM spill。
40,router,linear,"{""input"": [1, 4096], ""weight_math"": [4096, 128], ""weight_storage"": [128, 4096], ""output"": [1, 128]}",1048576,0,{},1048576,8192,256,独立 GEMM：权重与输入各读一次、输出写一次的操作数载荷；不预测 tile 重读。
40,router_softmax,routing,"{""input"": [1, 128], ""probabilities_fp32"": [1, 128]}",0,383,"{""exp"": 128, ""compare_max"": 127}",0,256,512,"FP32 softmax: subtract max, exp, reduction, divide; casts are not FLOPs."
40,router_topk,routing,"{""input_fp32"": [1, 128], ""values_fp32"": [1, 8], ""indices_int64"": [1, 8]}",0,0,"{""topk_rows"": 1, ""topk_candidates"": 128}",0,512,96,Top-k is an explicit selection primitive; candidate counts are not comparisons or FLOPs. Backend selection algorithm is unspecified.
40,router_renormalize_cast,routing,"{""selected_probabilities"": [1, 8]}",0,15,{},0,32,16,"Selected probabilities are renormalized if norm_topk_prob, then cast to activation dtype; row reduction assumed on-chip."
40,routing_one_hot,routing_metadata,"{""selected_int64"": [1, 8], ""mask_int64"": [1, 8, 128]}",0,0,"{""one_hot_entries"": 1024}",0,64,8192,Pinned HF reference materializes one_hot int64; this large routing mask is not assumed in optimized dispatch.
40,routing_where,routing_metadata,"{""mask_int64"": [128, 8, 1], ""top_x_and_slot_each"": [8]}",0,0,"{""integer_nonzero_tests"": 1024}",0,8192,128,Scan each expert mask; two int64 coordinates per assignment. Permute is a view.
40,expert_gather,routing,"{""source"": [1, 4096], ""gathered_rows"": [8, 4096]}",0,0,{},0,65600,65536,Logical gathers summed over experts; n_e and each concrete GEMM shape are in expert_matrices.
40,expert_gate_proj,linear,"{""input_per_expert"": [""n_e"", 4096], ""weight_storage_each"": [1536, 4096], ""output_per_expert"": [""n_e"", 1536], ""nonempty_experts"": 8, ""tokens_per_expert"": [1, 1, 1, 1, 1, 1, 1, 1, 0, 0, 0, 0, 0, 0, 0, 0, 0, 0, 0, 0, 0, 0, 0, 0, 0, 0, 0, 0, 0, 0, 0, 0, 0, 0, 0, 0, 0, 0, 0, 0, 0, 0, 0, 0, 0, 0, 0, 0, 0, 0, 0, 0, 0, 0, 0, 0, 0, 0, 0, 0, 0, 0, 0, 0, 0, 0, 0, 0, 0, 0, 0, 0, 0, 0, 0, 0, 0, 0, 0, 0, 0, 0, 0, 0, 0, 0, 0, 0, 0, 0, 0, 0, 0, 0, 0, 0, 0, 0, 0, 0, 0, 0, 0, 0, 0, 0, 0, 0, 0, 0, 0, 0, 0, 0, 0, 0, 0, 0, 0, 0, 0, 0, 0, 0, 0, 0, 0, 0]}",100663296,0,{},100663296,65536,24576,"Sum of unpadded per-expert GEMMs; each visited expert weight read once per layer, not once per token."
40,expert_up_proj,linear,"{""input_per_expert"": [""n_e"", 4096], ""weight_storage_each"": [1536, 4096], ""output_per_expert"": [""n_e"", 1536], ""nonempty_experts"": 8, ""tokens_per_expert"": [1, 1, 1, 1, 1, 1, 1, 1, 0, 0, 0, 0, 0, 0, 0, 0, 0, 0, 0, 0, 0, 0, 0, 0, 0, 0, 0, 0, 0, 0, 0, 0, 0, 0, 0, 0, 0, 0, 0, 0, 0, 0, 0, 0, 0, 0, 0, 0, 0, 0, 0, 0, 0, 0, 0, 0, 0, 0, 0, 0, 0, 0, 0, 0, 0, 0, 0, 0, 0, 0, 0, 0, 0, 0, 0, 0, 0, 0, 0, 0, 0, 0, 0, 0, 0, 0, 0, 0, 0, 0, 0, 0, 0, 0, 0, 0, 0, 0, 0, 0, 0, 0, 0, 0, 0, 0, 0, 0, 0, 0, 0, 0, 0, 0, 0, 0, 0, 0, 0, 0, 0, 0, 0, 0, 0, 0, 0, 0]}",100663296,0,{},100663296,65536,24576,"Sum of unpadded per-expert GEMMs; each visited expert weight read once per layer, not once per token."
40,expert_silu_mul,activation,"{""gate_and_up_each"": [8, 1536]}",0,49152,"{""exp"": 12288, ""negate"": 12288}",0,49152,24576,
40,expert_down_proj,linear,"{""input_per_expert"": [""n_e"", 1536], ""weight_storage_each"": [4096, 1536], ""output_per_expert"": [""n_e"", 4096], ""nonempty_experts"": 8, ""tokens_per_expert"": [1, 1, 1, 1, 1, 1, 1, 1, 0, 0, 0, 0, 0, 0, 0, 0, 0, 0, 0, 0, 0, 0, 0, 0, 0, 0, 0, 0, 0, 0, 0, 0, 0, 0, 0, 0, 0, 0, 0, 0, 0, 0, 0, 0, 0, 0, 0, 0, 0, 0, 0, 0, 0, 0, 0, 0, 0, 0, 0, 0, 0, 0, 0, 0, 0, 0, 0, 0, 0, 0, 0, 0, 0, 0, 0, 0, 0, 0, 0, 0, 0, 0, 0, 0, 0, 0, 0, 0, 0, 0, 0, 0, 0, 0, 0, 0, 0, 0, 0, 0, 0, 0, 0, 0, 0, 0, 0, 0, 0, 0, 0, 0, 0, 0, 0, 0, 0, 0, 0, 0, 0, 0, 0, 0, 0, 0, 0, 0]}",100663296,0,{},100663296,24576,65536,Unpadded per-expert GEMMs; empty experts have zero arithmetic and no weight payload.
40,expert_probability_multiply,routing,"{""expert_outputs"": [8, 4096], ""routing_weights"": [8]}",0,32768,{},0,65680,65536,Probability broadcast reuses one value per assignment; int64 token/slot indices included.
40,expert_output_zero,routing,"{""output"": [1, 4096]}",0,0,{},0,0,8192,Reference initializes final_hidden_states to zero.
40,expert_index_add,routing,"{""weighted_outputs"": [8, 4096], ""combined_output"": [1, 4096]}",0,32768,{},0,131136,65536,"Reference index_add includes the first add into zero; destination read/update per assignment is logical payload, not measured HBM."
40,ffn_residual,residual,"{""inputs_each"": [1, 4096], ""output"": [1, 4096]}",0,4096,{},0,16384,8192,
41,input_layernorm,normalization,"{""input"": [1, 4096], ""weight"": [4096], ""output"": [1, 4096]}",0,16385,"{""rsqrt"": 1}",8192,8192,8192,按 FP32 行内归约的代数计数；rsqrt、类型转换与临时 FP32 张量分列／不推断 HBM spill。
41,q_proj,linear,"{""input"": [1, 4096], ""weight_math"": [4096, 8192], ""weight_storage"": [8192, 4096], ""output"": [1, 8192]}",67108864,0,{},67108864,8192,16384,独立 GEMM：权重与输入各读一次、输出写一次的操作数载荷；不预测 tile 重读。
41,k_proj,linear,"{""input"": [1, 4096], ""weight_math"": [4096, 512], ""weight_storage"": [512, 4096], ""output"": [1, 512]}",4194304,0,{},4194304,8192,1024,独立 GEMM：权重与输入各读一次、输出写一次的操作数载荷；不预测 tile 重读。
41,v_proj,linear,"{""input"": [1, 4096], ""weight_math"": [4096, 512], ""weight_storage"": [512, 4096], ""output"": [1, 512]}",4194304,0,{},4194304,8192,1024,独立 GEMM：权重与输入各读一次、输出写一次的操作数载荷；不预测 tile 重读。
41,q_norm,normalization,"{""input"": [64, 128], ""weight"": [128], ""output"": [64, 128]}",0,32832,"{""rsqrt"": 64}",256,16384,16384,按 FP32 行内归约的代数计数；rsqrt、类型转换与临时 FP32 张量分列／不推断 HBM spill。
41,k_norm,normalization,"{""input"": [4, 128], ""weight"": [128], ""output"": [4, 128]}",0,2052,"{""rsqrt"": 4}",256,1024,1024,按 FP32 行内归约的代数计数；rsqrt、类型转换与临时 FP32 张量分列／不推断 HBM spill。
41,apply_rope,position,"{""Q"": [1, 64, 1, 128], ""K"": [1, 4, 1, 128]}",0,26112,"{""negate"": 4352}",0,17920,17408,2 multiply + 1 add/元素，rotate_half 符号翻转分列；表按批／头理想复用。
41,kv_append,state,"{""new_K_and_V_each"": [1, 4, 1, 128]}",0,0,{},0,2048,2048,原位／分页 append 载荷；不假定动态 torch.cat 对旧缓存整段复制。
41,qk,attention,"{""Q"": [1, 64, 1, 128], ""K_shared"": [1, 4, 8193, 128], ""scores_rectangular"": [1, 64, 1, 8193]}",134234112,0,{},0,8406016,2097408,FLOPs 仅有效因果位置；载荷是假定 Q/K 各读一次、GQA 头共享，完整分数矩阵物化。
41,score_scale_mask_softmax,softmax,"{""scores"": [1, 64, 1, 8193]}",0,2097344,"{""exp"": 524352, ""compare_max"": 524288, ""mask_decisions"": 524352}",0,2097408,2097408,选择的融合 scale/mask/softmax 代数工作；屏蔽点不计 exp。物化 FP32 默认概率；非具体 eager trace。
41,pv,attention,"{""P"": [1, 64, 1, 8193], ""V_shared"": [1, 4, 8193, 128], ""output"": [1, 64, 1, 128]}",134234112,0,{},0,10487040,16384,PV/AV：各 Q 头仍计算；V 容量不乘 GQA 复制数。载荷假定 V 在头／查询之间理想复用。
41,o_proj,linear,"{""input"": [1, 8192], ""weight_math"": [8192, 4096], ""weight_storage"": [4096, 8192], ""output"": [1, 4096]}",67108864,0,{},67108864,16384,8192,独立 GEMM：权重与输入各读一次、输出写一次的操作数载荷；不预测 tile 重读。
41,attention_residual,residual,"{""inputs_each"": [1, 4096], ""output"": [1, 4096]}",0,4096,{},0,16384,8192,
41,post_attention_layernorm,normalization,"{""input"": [1, 4096], ""weight"": [4096], ""output"": [1, 4096]}",0,16385,"{""rsqrt"": 1}",8192,8192,8192,按 FP32 行内归约的代数计数；rsqrt、类型转换与临时 FP32 张量分列／不推断 HBM spill。
41,router,linear,"{""input"": [1, 4096], ""weight_math"": [4096, 128], ""weight_storage"": [128, 4096], ""output"": [1, 128]}",1048576,0,{},1048576,8192,256,独立 GEMM：权重与输入各读一次、输出写一次的操作数载荷；不预测 tile 重读。
41,router_softmax,routing,"{""input"": [1, 128], ""probabilities_fp32"": [1, 128]}",0,383,"{""exp"": 128, ""compare_max"": 127}",0,256,512,"FP32 softmax: subtract max, exp, reduction, divide; casts are not FLOPs."
41,router_topk,routing,"{""input_fp32"": [1, 128], ""values_fp32"": [1, 8], ""indices_int64"": [1, 8]}",0,0,"{""topk_rows"": 1, ""topk_candidates"": 128}",0,512,96,Top-k is an explicit selection primitive; candidate counts are not comparisons or FLOPs. Backend selection algorithm is unspecified.
41,router_renormalize_cast,routing,"{""selected_probabilities"": [1, 8]}",0,15,{},0,32,16,"Selected probabilities are renormalized if norm_topk_prob, then cast to activation dtype; row reduction assumed on-chip."
41,routing_one_hot,routing_metadata,"{""selected_int64"": [1, 8], ""mask_int64"": [1, 8, 128]}",0,0,"{""one_hot_entries"": 1024}",0,64,8192,Pinned HF reference materializes one_hot int64; this large routing mask is not assumed in optimized dispatch.
41,routing_where,routing_metadata,"{""mask_int64"": [128, 8, 1], ""top_x_and_slot_each"": [8]}",0,0,"{""integer_nonzero_tests"": 1024}",0,8192,128,Scan each expert mask; two int64 coordinates per assignment. Permute is a view.
41,expert_gather,routing,"{""source"": [1, 4096], ""gathered_rows"": [8, 4096]}",0,0,{},0,65600,65536,Logical gathers summed over experts; n_e and each concrete GEMM shape are in expert_matrices.
41,expert_gate_proj,linear,"{""input_per_expert"": [""n_e"", 4096], ""weight_storage_each"": [1536, 4096], ""output_per_expert"": [""n_e"", 1536], ""nonempty_experts"": 8, ""tokens_per_expert"": [1, 1, 1, 1, 1, 1, 1, 1, 0, 0, 0, 0, 0, 0, 0, 0, 0, 0, 0, 0, 0, 0, 0, 0, 0, 0, 0, 0, 0, 0, 0, 0, 0, 0, 0, 0, 0, 0, 0, 0, 0, 0, 0, 0, 0, 0, 0, 0, 0, 0, 0, 0, 0, 0, 0, 0, 0, 0, 0, 0, 0, 0, 0, 0, 0, 0, 0, 0, 0, 0, 0, 0, 0, 0, 0, 0, 0, 0, 0, 0, 0, 0, 0, 0, 0, 0, 0, 0, 0, 0, 0, 0, 0, 0, 0, 0, 0, 0, 0, 0, 0, 0, 0, 0, 0, 0, 0, 0, 0, 0, 0, 0, 0, 0, 0, 0, 0, 0, 0, 0, 0, 0, 0, 0, 0, 0, 0, 0]}",100663296,0,{},100663296,65536,24576,"Sum of unpadded per-expert GEMMs; each visited expert weight read once per layer, not once per token."
41,expert_up_proj,linear,"{""input_per_expert"": [""n_e"", 4096], ""weight_storage_each"": [1536, 4096], ""output_per_expert"": [""n_e"", 1536], ""nonempty_experts"": 8, ""tokens_per_expert"": [1, 1, 1, 1, 1, 1, 1, 1, 0, 0, 0, 0, 0, 0, 0, 0, 0, 0, 0, 0, 0, 0, 0, 0, 0, 0, 0, 0, 0, 0, 0, 0, 0, 0, 0, 0, 0, 0, 0, 0, 0, 0, 0, 0, 0, 0, 0, 0, 0, 0, 0, 0, 0, 0, 0, 0, 0, 0, 0, 0, 0, 0, 0, 0, 0, 0, 0, 0, 0, 0, 0, 0, 0, 0, 0, 0, 0, 0, 0, 0, 0, 0, 0, 0, 0, 0, 0, 0, 0, 0, 0, 0, 0, 0, 0, 0, 0, 0, 0, 0, 0, 0, 0, 0, 0, 0, 0, 0, 0, 0, 0, 0, 0, 0, 0, 0, 0, 0, 0, 0, 0, 0, 0, 0, 0, 0, 0, 0]}",100663296,0,{},100663296,65536,24576,"Sum of unpadded per-expert GEMMs; each visited expert weight read once per layer, not once per token."
41,expert_silu_mul,activation,"{""gate_and_up_each"": [8, 1536]}",0,49152,"{""exp"": 12288, ""negate"": 12288}",0,49152,24576,
41,expert_down_proj,linear,"{""input_per_expert"": [""n_e"", 1536], ""weight_storage_each"": [4096, 1536], ""output_per_expert"": [""n_e"", 4096], ""nonempty_experts"": 8, ""tokens_per_expert"": [1, 1, 1, 1, 1, 1, 1, 1, 0, 0, 0, 0, 0, 0, 0, 0, 0, 0, 0, 0, 0, 0, 0, 0, 0, 0, 0, 0, 0, 0, 0, 0, 0, 0, 0, 0, 0, 0, 0, 0, 0, 0, 0, 0, 0, 0, 0, 0, 0, 0, 0, 0, 0, 0, 0, 0, 0, 0, 0, 0, 0, 0, 0, 0, 0, 0, 0, 0, 0, 0, 0, 0, 0, 0, 0, 0, 0, 0, 0, 0, 0, 0, 0, 0, 0, 0, 0, 0, 0, 0, 0, 0, 0, 0, 0, 0, 0, 0, 0, 0, 0, 0, 0, 0, 0, 0, 0, 0, 0, 0, 0, 0, 0, 0, 0, 0, 0, 0, 0, 0, 0, 0, 0, 0, 0, 0, 0, 0]}",100663296,0,{},100663296,24576,65536,Unpadded per-expert GEMMs; empty experts have zero arithmetic and no weight payload.
41,expert_probability_multiply,routing,"{""expert_outputs"": [8, 4096], ""routing_weights"": [8]}",0,32768,{},0,65680,65536,Probability broadcast reuses one value per assignment; int64 token/slot indices included.
41,expert_output_zero,routing,"{""output"": [1, 4096]}",0,0,{},0,0,8192,Reference initializes final_hidden_states to zero.
41,expert_index_add,routing,"{""weighted_outputs"": [8, 4096], ""combined_output"": [1, 4096]}",0,32768,{},0,131136,65536,"Reference index_add includes the first add into zero; destination read/update per assignment is logical payload, not measured HBM."
41,ffn_residual,residual,"{""inputs_each"": [1, 4096], ""output"": [1, 4096]}",0,4096,{},0,16384,8192,
42,input_layernorm,normalization,"{""input"": [1, 4096], ""weight"": [4096], ""output"": [1, 4096]}",0,16385,"{""rsqrt"": 1}",8192,8192,8192,按 FP32 行内归约的代数计数；rsqrt、类型转换与临时 FP32 张量分列／不推断 HBM spill。
42,q_proj,linear,"{""input"": [1, 4096], ""weight_math"": [4096, 8192], ""weight_storage"": [8192, 4096], ""output"": [1, 8192]}",67108864,0,{},67108864,8192,16384,独立 GEMM：权重与输入各读一次、输出写一次的操作数载荷；不预测 tile 重读。
42,k_proj,linear,"{""input"": [1, 4096], ""weight_math"": [4096, 512], ""weight_storage"": [512, 4096], ""output"": [1, 512]}",4194304,0,{},4194304,8192,1024,独立 GEMM：权重与输入各读一次、输出写一次的操作数载荷；不预测 tile 重读。
42,v_proj,linear,"{""input"": [1, 4096], ""weight_math"": [4096, 512], ""weight_storage"": [512, 4096], ""output"": [1, 512]}",4194304,0,{},4194304,8192,1024,独立 GEMM：权重与输入各读一次、输出写一次的操作数载荷；不预测 tile 重读。
42,q_norm,normalization,"{""input"": [64, 128], ""weight"": [128], ""output"": [64, 128]}",0,32832,"{""rsqrt"": 64}",256,16384,16384,按 FP32 行内归约的代数计数；rsqrt、类型转换与临时 FP32 张量分列／不推断 HBM spill。
42,k_norm,normalization,"{""input"": [4, 128], ""weight"": [128], ""output"": [4, 128]}",0,2052,"{""rsqrt"": 4}",256,1024,1024,按 FP32 行内归约的代数计数；rsqrt、类型转换与临时 FP32 张量分列／不推断 HBM spill。
42,apply_rope,position,"{""Q"": [1, 64, 1, 128], ""K"": [1, 4, 1, 128]}",0,26112,"{""negate"": 4352}",0,17920,17408,2 multiply + 1 add/元素，rotate_half 符号翻转分列；表按批／头理想复用。
42,kv_append,state,"{""new_K_and_V_each"": [1, 4, 1, 128]}",0,0,{},0,2048,2048,原位／分页 append 载荷；不假定动态 torch.cat 对旧缓存整段复制。
42,qk,attention,"{""Q"": [1, 64, 1, 128], ""K_shared"": [1, 4, 8193, 128], ""scores_rectangular"": [1, 64, 1, 8193]}",134234112,0,{},0,8406016,2097408,FLOPs 仅有效因果位置；载荷是假定 Q/K 各读一次、GQA 头共享，完整分数矩阵物化。
42,score_scale_mask_softmax,softmax,"{""scores"": [1, 64, 1, 8193]}",0,2097344,"{""exp"": 524352, ""compare_max"": 524288, ""mask_decisions"": 524352}",0,2097408,2097408,选择的融合 scale/mask/softmax 代数工作；屏蔽点不计 exp。物化 FP32 默认概率；非具体 eager trace。
42,pv,attention,"{""P"": [1, 64, 1, 8193], ""V_shared"": [1, 4, 8193, 128], ""output"": [1, 64, 1, 128]}",134234112,0,{},0,10487040,16384,PV/AV：各 Q 头仍计算；V 容量不乘 GQA 复制数。载荷假定 V 在头／查询之间理想复用。
42,o_proj,linear,"{""input"": [1, 8192], ""weight_math"": [8192, 4096], ""weight_storage"": [4096, 8192], ""output"": [1, 4096]}",67108864,0,{},67108864,16384,8192,独立 GEMM：权重与输入各读一次、输出写一次的操作数载荷；不预测 tile 重读。
42,attention_residual,residual,"{""inputs_each"": [1, 4096], ""output"": [1, 4096]}",0,4096,{},0,16384,8192,
42,post_attention_layernorm,normalization,"{""input"": [1, 4096], ""weight"": [4096], ""output"": [1, 4096]}",0,16385,"{""rsqrt"": 1}",8192,8192,8192,按 FP32 行内归约的代数计数；rsqrt、类型转换与临时 FP32 张量分列／不推断 HBM spill。
42,router,linear,"{""input"": [1, 4096], ""weight_math"": [4096, 128], ""weight_storage"": [128, 4096], ""output"": [1, 128]}",1048576,0,{},1048576,8192,256,独立 GEMM：权重与输入各读一次、输出写一次的操作数载荷；不预测 tile 重读。
42,router_softmax,routing,"{""input"": [1, 128], ""probabilities_fp32"": [1, 128]}",0,383,"{""exp"": 128, ""compare_max"": 127}",0,256,512,"FP32 softmax: subtract max, exp, reduction, divide; casts are not FLOPs."
42,router_topk,routing,"{""input_fp32"": [1, 128], ""values_fp32"": [1, 8], ""indices_int64"": [1, 8]}",0,0,"{""topk_rows"": 1, ""topk_candidates"": 128}",0,512,96,Top-k is an explicit selection primitive; candidate counts are not comparisons or FLOPs. Backend selection algorithm is unspecified.
42,router_renormalize_cast,routing,"{""selected_probabilities"": [1, 8]}",0,15,{},0,32,16,"Selected probabilities are renormalized if norm_topk_prob, then cast to activation dtype; row reduction assumed on-chip."
42,routing_one_hot,routing_metadata,"{""selected_int64"": [1, 8], ""mask_int64"": [1, 8, 128]}",0,0,"{""one_hot_entries"": 1024}",0,64,8192,Pinned HF reference materializes one_hot int64; this large routing mask is not assumed in optimized dispatch.
42,routing_where,routing_metadata,"{""mask_int64"": [128, 8, 1], ""top_x_and_slot_each"": [8]}",0,0,"{""integer_nonzero_tests"": 1024}",0,8192,128,Scan each expert mask; two int64 coordinates per assignment. Permute is a view.
42,expert_gather,routing,"{""source"": [1, 4096], ""gathered_rows"": [8, 4096]}",0,0,{},0,65600,65536,Logical gathers summed over experts; n_e and each concrete GEMM shape are in expert_matrices.
42,expert_gate_proj,linear,"{""input_per_expert"": [""n_e"", 4096], ""weight_storage_each"": [1536, 4096], ""output_per_expert"": [""n_e"", 1536], ""nonempty_experts"": 8, ""tokens_per_expert"": [1, 1, 1, 1, 1, 1, 1, 1, 0, 0, 0, 0, 0, 0, 0, 0, 0, 0, 0, 0, 0, 0, 0, 0, 0, 0, 0, 0, 0, 0, 0, 0, 0, 0, 0, 0, 0, 0, 0, 0, 0, 0, 0, 0, 0, 0, 0, 0, 0, 0, 0, 0, 0, 0, 0, 0, 0, 0, 0, 0, 0, 0, 0, 0, 0, 0, 0, 0, 0, 0, 0, 0, 0, 0, 0, 0, 0, 0, 0, 0, 0, 0, 0, 0, 0, 0, 0, 0, 0, 0, 0, 0, 0, 0, 0, 0, 0, 0, 0, 0, 0, 0, 0, 0, 0, 0, 0, 0, 0, 0, 0, 0, 0, 0, 0, 0, 0, 0, 0, 0, 0, 0, 0, 0, 0, 0, 0, 0]}",100663296,0,{},100663296,65536,24576,"Sum of unpadded per-expert GEMMs; each visited expert weight read once per layer, not once per token."
42,expert_up_proj,linear,"{""input_per_expert"": [""n_e"", 4096], ""weight_storage_each"": [1536, 4096], ""output_per_expert"": [""n_e"", 1536], ""nonempty_experts"": 8, ""tokens_per_expert"": [1, 1, 1, 1, 1, 1, 1, 1, 0, 0, 0, 0, 0, 0, 0, 0, 0, 0, 0, 0, 0, 0, 0, 0, 0, 0, 0, 0, 0, 0, 0, 0, 0, 0, 0, 0, 0, 0, 0, 0, 0, 0, 0, 0, 0, 0, 0, 0, 0, 0, 0, 0, 0, 0, 0, 0, 0, 0, 0, 0, 0, 0, 0, 0, 0, 0, 0, 0, 0, 0, 0, 0, 0, 0, 0, 0, 0, 0, 0, 0, 0, 0, 0, 0, 0, 0, 0, 0, 0, 0, 0, 0, 0, 0, 0, 0, 0, 0, 0, 0, 0, 0, 0, 0, 0, 0, 0, 0, 0, 0, 0, 0, 0, 0, 0, 0, 0, 0, 0, 0, 0, 0, 0, 0, 0, 0, 0, 0]}",100663296,0,{},100663296,65536,24576,"Sum of unpadded per-expert GEMMs; each visited expert weight read once per layer, not once per token."
42,expert_silu_mul,activation,"{""gate_and_up_each"": [8, 1536]}",0,49152,"{""exp"": 12288, ""negate"": 12288}",0,49152,24576,
42,expert_down_proj,linear,"{""input_per_expert"": [""n_e"", 1536], ""weight_storage_each"": [4096, 1536], ""output_per_expert"": [""n_e"", 4096], ""nonempty_experts"": 8, ""tokens_per_expert"": [1, 1, 1, 1, 1, 1, 1, 1, 0, 0, 0, 0, 0, 0, 0, 0, 0, 0, 0, 0, 0, 0, 0, 0, 0, 0, 0, 0, 0, 0, 0, 0, 0, 0, 0, 0, 0, 0, 0, 0, 0, 0, 0, 0, 0, 0, 0, 0, 0, 0, 0, 0, 0, 0, 0, 0, 0, 0, 0, 0, 0, 0, 0, 0, 0, 0, 0, 0, 0, 0, 0, 0, 0, 0, 0, 0, 0, 0, 0, 0, 0, 0, 0, 0, 0, 0, 0, 0, 0, 0, 0, 0, 0, 0, 0, 0, 0, 0, 0, 0, 0, 0, 0, 0, 0, 0, 0, 0, 0, 0, 0, 0, 0, 0, 0, 0, 0, 0, 0, 0, 0, 0, 0, 0, 0, 0, 0, 0]}",100663296,0,{},100663296,24576,65536,Unpadded per-expert GEMMs; empty experts have zero arithmetic and no weight payload.
42,expert_probability_multiply,routing,"{""expert_outputs"": [8, 4096], ""routing_weights"": [8]}",0,32768,{},0,65680,65536,Probability broadcast reuses one value per assignment; int64 token/slot indices included.
42,expert_output_zero,routing,"{""output"": [1, 4096]}",0,0,{},0,0,8192,Reference initializes final_hidden_states to zero.
42,expert_index_add,routing,"{""weighted_outputs"": [8, 4096], ""combined_output"": [1, 4096]}",0,32768,{},0,131136,65536,"Reference index_add includes the first add into zero; destination read/update per assignment is logical payload, not measured HBM."
42,ffn_residual,residual,"{""inputs_each"": [1, 4096], ""output"": [1, 4096]}",0,4096,{},0,16384,8192,
43,input_layernorm,normalization,"{""input"": [1, 4096], ""weight"": [4096], ""output"": [1, 4096]}",0,16385,"{""rsqrt"": 1}",8192,8192,8192,按 FP32 行内归约的代数计数；rsqrt、类型转换与临时 FP32 张量分列／不推断 HBM spill。
43,q_proj,linear,"{""input"": [1, 4096], ""weight_math"": [4096, 8192], ""weight_storage"": [8192, 4096], ""output"": [1, 8192]}",67108864,0,{},67108864,8192,16384,独立 GEMM：权重与输入各读一次、输出写一次的操作数载荷；不预测 tile 重读。
43,k_proj,linear,"{""input"": [1, 4096], ""weight_math"": [4096, 512], ""weight_storage"": [512, 4096], ""output"": [1, 512]}",4194304,0,{},4194304,8192,1024,独立 GEMM：权重与输入各读一次、输出写一次的操作数载荷；不预测 tile 重读。
43,v_proj,linear,"{""input"": [1, 4096], ""weight_math"": [4096, 512], ""weight_storage"": [512, 4096], ""output"": [1, 512]}",4194304,0,{},4194304,8192,1024,独立 GEMM：权重与输入各读一次、输出写一次的操作数载荷；不预测 tile 重读。
43,q_norm,normalization,"{""input"": [64, 128], ""weight"": [128], ""output"": [64, 128]}",0,32832,"{""rsqrt"": 64}",256,16384,16384,按 FP32 行内归约的代数计数；rsqrt、类型转换与临时 FP32 张量分列／不推断 HBM spill。
43,k_norm,normalization,"{""input"": [4, 128], ""weight"": [128], ""output"": [4, 128]}",0,2052,"{""rsqrt"": 4}",256,1024,1024,按 FP32 行内归约的代数计数；rsqrt、类型转换与临时 FP32 张量分列／不推断 HBM spill。
43,apply_rope,position,"{""Q"": [1, 64, 1, 128], ""K"": [1, 4, 1, 128]}",0,26112,"{""negate"": 4352}",0,17920,17408,2 multiply + 1 add/元素，rotate_half 符号翻转分列；表按批／头理想复用。
43,kv_append,state,"{""new_K_and_V_each"": [1, 4, 1, 128]}",0,0,{},0,2048,2048,原位／分页 append 载荷；不假定动态 torch.cat 对旧缓存整段复制。
43,qk,attention,"{""Q"": [1, 64, 1, 128], ""K_shared"": [1, 4, 8193, 128], ""scores_rectangular"": [1, 64, 1, 8193]}",134234112,0,{},0,8406016,2097408,FLOPs 仅有效因果位置；载荷是假定 Q/K 各读一次、GQA 头共享，完整分数矩阵物化。
43,score_scale_mask_softmax,softmax,"{""scores"": [1, 64, 1, 8193]}",0,2097344,"{""exp"": 524352, ""compare_max"": 524288, ""mask_decisions"": 524352}",0,2097408,2097408,选择的融合 scale/mask/softmax 代数工作；屏蔽点不计 exp。物化 FP32 默认概率；非具体 eager trace。
43,pv,attention,"{""P"": [1, 64, 1, 8193], ""V_shared"": [1, 4, 8193, 128], ""output"": [1, 64, 1, 128]}",134234112,0,{},0,10487040,16384,PV/AV：各 Q 头仍计算；V 容量不乘 GQA 复制数。载荷假定 V 在头／查询之间理想复用。
43,o_proj,linear,"{""input"": [1, 8192], ""weight_math"": [8192, 4096], ""weight_storage"": [4096, 8192], ""output"": [1, 4096]}",67108864,0,{},67108864,16384,8192,独立 GEMM：权重与输入各读一次、输出写一次的操作数载荷；不预测 tile 重读。
43,attention_residual,residual,"{""inputs_each"": [1, 4096], ""output"": [1, 4096]}",0,4096,{},0,16384,8192,
43,post_attention_layernorm,normalization,"{""input"": [1, 4096], ""weight"": [4096], ""output"": [1, 4096]}",0,16385,"{""rsqrt"": 1}",8192,8192,8192,按 FP32 行内归约的代数计数；rsqrt、类型转换与临时 FP32 张量分列／不推断 HBM spill。
43,router,linear,"{""input"": [1, 4096], ""weight_math"": [4096, 128], ""weight_storage"": [128, 4096], ""output"": [1, 128]}",1048576,0,{},1048576,8192,256,独立 GEMM：权重与输入各读一次、输出写一次的操作数载荷；不预测 tile 重读。
43,router_softmax,routing,"{""input"": [1, 128], ""probabilities_fp32"": [1, 128]}",0,383,"{""exp"": 128, ""compare_max"": 127}",0,256,512,"FP32 softmax: subtract max, exp, reduction, divide; casts are not FLOPs."
43,router_topk,routing,"{""input_fp32"": [1, 128], ""values_fp32"": [1, 8], ""indices_int64"": [1, 8]}",0,0,"{""topk_rows"": 1, ""topk_candidates"": 128}",0,512,96,Top-k is an explicit selection primitive; candidate counts are not comparisons or FLOPs. Backend selection algorithm is unspecified.
43,router_renormalize_cast,routing,"{""selected_probabilities"": [1, 8]}",0,15,{},0,32,16,"Selected probabilities are renormalized if norm_topk_prob, then cast to activation dtype; row reduction assumed on-chip."
43,routing_one_hot,routing_metadata,"{""selected_int64"": [1, 8], ""mask_int64"": [1, 8, 128]}",0,0,"{""one_hot_entries"": 1024}",0,64,8192,Pinned HF reference materializes one_hot int64; this large routing mask is not assumed in optimized dispatch.
43,routing_where,routing_metadata,"{""mask_int64"": [128, 8, 1], ""top_x_and_slot_each"": [8]}",0,0,"{""integer_nonzero_tests"": 1024}",0,8192,128,Scan each expert mask; two int64 coordinates per assignment. Permute is a view.
43,expert_gather,routing,"{""source"": [1, 4096], ""gathered_rows"": [8, 4096]}",0,0,{},0,65600,65536,Logical gathers summed over experts; n_e and each concrete GEMM shape are in expert_matrices.
43,expert_gate_proj,linear,"{""input_per_expert"": [""n_e"", 4096], ""weight_storage_each"": [1536, 4096], ""output_per_expert"": [""n_e"", 1536], ""nonempty_experts"": 8, ""tokens_per_expert"": [1, 1, 1, 1, 1, 1, 1, 1, 0, 0, 0, 0, 0, 0, 0, 0, 0, 0, 0, 0, 0, 0, 0, 0, 0, 0, 0, 0, 0, 0, 0, 0, 0, 0, 0, 0, 0, 0, 0, 0, 0, 0, 0, 0, 0, 0, 0, 0, 0, 0, 0, 0, 0, 0, 0, 0, 0, 0, 0, 0, 0, 0, 0, 0, 0, 0, 0, 0, 0, 0, 0, 0, 0, 0, 0, 0, 0, 0, 0, 0, 0, 0, 0, 0, 0, 0, 0, 0, 0, 0, 0, 0, 0, 0, 0, 0, 0, 0, 0, 0, 0, 0, 0, 0, 0, 0, 0, 0, 0, 0, 0, 0, 0, 0, 0, 0, 0, 0, 0, 0, 0, 0, 0, 0, 0, 0, 0, 0]}",100663296,0,{},100663296,65536,24576,"Sum of unpadded per-expert GEMMs; each visited expert weight read once per layer, not once per token."
43,expert_up_proj,linear,"{""input_per_expert"": [""n_e"", 4096], ""weight_storage_each"": [1536, 4096], ""output_per_expert"": [""n_e"", 1536], ""nonempty_experts"": 8, ""tokens_per_expert"": [1, 1, 1, 1, 1, 1, 1, 1, 0, 0, 0, 0, 0, 0, 0, 0, 0, 0, 0, 0, 0, 0, 0, 0, 0, 0, 0, 0, 0, 0, 0, 0, 0, 0, 0, 0, 0, 0, 0, 0, 0, 0, 0, 0, 0, 0, 0, 0, 0, 0, 0, 0, 0, 0, 0, 0, 0, 0, 0, 0, 0, 0, 0, 0, 0, 0, 0, 0, 0, 0, 0, 0, 0, 0, 0, 0, 0, 0, 0, 0, 0, 0, 0, 0, 0, 0, 0, 0, 0, 0, 0, 0, 0, 0, 0, 0, 0, 0, 0, 0, 0, 0, 0, 0, 0, 0, 0, 0, 0, 0, 0, 0, 0, 0, 0, 0, 0, 0, 0, 0, 0, 0, 0, 0, 0, 0, 0, 0]}",100663296,0,{},100663296,65536,24576,"Sum of unpadded per-expert GEMMs; each visited expert weight read once per layer, not once per token."
43,expert_silu_mul,activation,"{""gate_and_up_each"": [8, 1536]}",0,49152,"{""exp"": 12288, ""negate"": 12288}",0,49152,24576,
43,expert_down_proj,linear,"{""input_per_expert"": [""n_e"", 1536], ""weight_storage_each"": [4096, 1536], ""output_per_expert"": [""n_e"", 4096], ""nonempty_experts"": 8, ""tokens_per_expert"": [1, 1, 1, 1, 1, 1, 1, 1, 0, 0, 0, 0, 0, 0, 0, 0, 0, 0, 0, 0, 0, 0, 0, 0, 0, 0, 0, 0, 0, 0, 0, 0, 0, 0, 0, 0, 0, 0, 0, 0, 0, 0, 0, 0, 0, 0, 0, 0, 0, 0, 0, 0, 0, 0, 0, 0, 0, 0, 0, 0, 0, 0, 0, 0, 0, 0, 0, 0, 0, 0, 0, 0, 0, 0, 0, 0, 0, 0, 0, 0, 0, 0, 0, 0, 0, 0, 0, 0, 0, 0, 0, 0, 0, 0, 0, 0, 0, 0, 0, 0, 0, 0, 0, 0, 0, 0, 0, 0, 0, 0, 0, 0, 0, 0, 0, 0, 0, 0, 0, 0, 0, 0, 0, 0, 0, 0, 0, 0]}",100663296,0,{},100663296,24576,65536,Unpadded per-expert GEMMs; empty experts have zero arithmetic and no weight payload.
43,expert_probability_multiply,routing,"{""expert_outputs"": [8, 4096], ""routing_weights"": [8]}",0,32768,{},0,65680,65536,Probability broadcast reuses one value per assignment; int64 token/slot indices included.
43,expert_output_zero,routing,"{""output"": [1, 4096]}",0,0,{},0,0,8192,Reference initializes final_hidden_states to zero.
43,expert_index_add,routing,"{""weighted_outputs"": [8, 4096], ""combined_output"": [1, 4096]}",0,32768,{},0,131136,65536,"Reference index_add includes the first add into zero; destination read/update per assignment is logical payload, not measured HBM."
43,ffn_residual,residual,"{""inputs_each"": [1, 4096], ""output"": [1, 4096]}",0,4096,{},0,16384,8192,
44,input_layernorm,normalization,"{""input"": [1, 4096], ""weight"": [4096], ""output"": [1, 4096]}",0,16385,"{""rsqrt"": 1}",8192,8192,8192,按 FP32 行内归约的代数计数；rsqrt、类型转换与临时 FP32 张量分列／不推断 HBM spill。
44,q_proj,linear,"{""input"": [1, 4096], ""weight_math"": [4096, 8192], ""weight_storage"": [8192, 4096], ""output"": [1, 8192]}",67108864,0,{},67108864,8192,16384,独立 GEMM：权重与输入各读一次、输出写一次的操作数载荷；不预测 tile 重读。
44,k_proj,linear,"{""input"": [1, 4096], ""weight_math"": [4096, 512], ""weight_storage"": [512, 4096], ""output"": [1, 512]}",4194304,0,{},4194304,8192,1024,独立 GEMM：权重与输入各读一次、输出写一次的操作数载荷；不预测 tile 重读。
44,v_proj,linear,"{""input"": [1, 4096], ""weight_math"": [4096, 512], ""weight_storage"": [512, 4096], ""output"": [1, 512]}",4194304,0,{},4194304,8192,1024,独立 GEMM：权重与输入各读一次、输出写一次的操作数载荷；不预测 tile 重读。
44,q_norm,normalization,"{""input"": [64, 128], ""weight"": [128], ""output"": [64, 128]}",0,32832,"{""rsqrt"": 64}",256,16384,16384,按 FP32 行内归约的代数计数；rsqrt、类型转换与临时 FP32 张量分列／不推断 HBM spill。
44,k_norm,normalization,"{""input"": [4, 128], ""weight"": [128], ""output"": [4, 128]}",0,2052,"{""rsqrt"": 4}",256,1024,1024,按 FP32 行内归约的代数计数；rsqrt、类型转换与临时 FP32 张量分列／不推断 HBM spill。
44,apply_rope,position,"{""Q"": [1, 64, 1, 128], ""K"": [1, 4, 1, 128]}",0,26112,"{""negate"": 4352}",0,17920,17408,2 multiply + 1 add/元素，rotate_half 符号翻转分列；表按批／头理想复用。
44,kv_append,state,"{""new_K_and_V_each"": [1, 4, 1, 128]}",0,0,{},0,2048,2048,原位／分页 append 载荷；不假定动态 torch.cat 对旧缓存整段复制。
44,qk,attention,"{""Q"": [1, 64, 1, 128], ""K_shared"": [1, 4, 8193, 128], ""scores_rectangular"": [1, 64, 1, 8193]}",134234112,0,{},0,8406016,2097408,FLOPs 仅有效因果位置；载荷是假定 Q/K 各读一次、GQA 头共享，完整分数矩阵物化。
44,score_scale_mask_softmax,softmax,"{""scores"": [1, 64, 1, 8193]}",0,2097344,"{""exp"": 524352, ""compare_max"": 524288, ""mask_decisions"": 524352}",0,2097408,2097408,选择的融合 scale/mask/softmax 代数工作；屏蔽点不计 exp。物化 FP32 默认概率；非具体 eager trace。
44,pv,attention,"{""P"": [1, 64, 1, 8193], ""V_shared"": [1, 4, 8193, 128], ""output"": [1, 64, 1, 128]}",134234112,0,{},0,10487040,16384,PV/AV：各 Q 头仍计算；V 容量不乘 GQA 复制数。载荷假定 V 在头／查询之间理想复用。
44,o_proj,linear,"{""input"": [1, 8192], ""weight_math"": [8192, 4096], ""weight_storage"": [4096, 8192], ""output"": [1, 4096]}",67108864,0,{},67108864,16384,8192,独立 GEMM：权重与输入各读一次、输出写一次的操作数载荷；不预测 tile 重读。
44,attention_residual,residual,"{""inputs_each"": [1, 4096], ""output"": [1, 4096]}",0,4096,{},0,16384,8192,
44,post_attention_layernorm,normalization,"{""input"": [1, 4096], ""weight"": [4096], ""output"": [1, 4096]}",0,16385,"{""rsqrt"": 1}",8192,8192,8192,按 FP32 行内归约的代数计数；rsqrt、类型转换与临时 FP32 张量分列／不推断 HBM spill。
44,router,linear,"{""input"": [1, 4096], ""weight_math"": [4096, 128], ""weight_storage"": [128, 4096], ""output"": [1, 128]}",1048576,0,{},1048576,8192,256,独立 GEMM：权重与输入各读一次、输出写一次的操作数载荷；不预测 tile 重读。
44,router_softmax,routing,"{""input"": [1, 128], ""probabilities_fp32"": [1, 128]}",0,383,"{""exp"": 128, ""compare_max"": 127}",0,256,512,"FP32 softmax: subtract max, exp, reduction, divide; casts are not FLOPs."
44,router_topk,routing,"{""input_fp32"": [1, 128], ""values_fp32"": [1, 8], ""indices_int64"": [1, 8]}",0,0,"{""topk_rows"": 1, ""topk_candidates"": 128}",0,512,96,Top-k is an explicit selection primitive; candidate counts are not comparisons or FLOPs. Backend selection algorithm is unspecified.
44,router_renormalize_cast,routing,"{""selected_probabilities"": [1, 8]}",0,15,{},0,32,16,"Selected probabilities are renormalized if norm_topk_prob, then cast to activation dtype; row reduction assumed on-chip."
44,routing_one_hot,routing_metadata,"{""selected_int64"": [1, 8], ""mask_int64"": [1, 8, 128]}",0,0,"{""one_hot_entries"": 1024}",0,64,8192,Pinned HF reference materializes one_hot int64; this large routing mask is not assumed in optimized dispatch.
44,routing_where,routing_metadata,"{""mask_int64"": [128, 8, 1], ""top_x_and_slot_each"": [8]}",0,0,"{""integer_nonzero_tests"": 1024}",0,8192,128,Scan each expert mask; two int64 coordinates per assignment. Permute is a view.
44,expert_gather,routing,"{""source"": [1, 4096], ""gathered_rows"": [8, 4096]}",0,0,{},0,65600,65536,Logical gathers summed over experts; n_e and each concrete GEMM shape are in expert_matrices.
44,expert_gate_proj,linear,"{""input_per_expert"": [""n_e"", 4096], ""weight_storage_each"": [1536, 4096], ""output_per_expert"": [""n_e"", 1536], ""nonempty_experts"": 8, ""tokens_per_expert"": [1, 1, 1, 1, 1, 1, 1, 1, 0, 0, 0, 0, 0, 0, 0, 0, 0, 0, 0, 0, 0, 0, 0, 0, 0, 0, 0, 0, 0, 0, 0, 0, 0, 0, 0, 0, 0, 0, 0, 0, 0, 0, 0, 0, 0, 0, 0, 0, 0, 0, 0, 0, 0, 0, 0, 0, 0, 0, 0, 0, 0, 0, 0, 0, 0, 0, 0, 0, 0, 0, 0, 0, 0, 0, 0, 0, 0, 0, 0, 0, 0, 0, 0, 0, 0, 0, 0, 0, 0, 0, 0, 0, 0, 0, 0, 0, 0, 0, 0, 0, 0, 0, 0, 0, 0, 0, 0, 0, 0, 0, 0, 0, 0, 0, 0, 0, 0, 0, 0, 0, 0, 0, 0, 0, 0, 0, 0, 0]}",100663296,0,{},100663296,65536,24576,"Sum of unpadded per-expert GEMMs; each visited expert weight read once per layer, not once per token."
44,expert_up_proj,linear,"{""input_per_expert"": [""n_e"", 4096], ""weight_storage_each"": [1536, 4096], ""output_per_expert"": [""n_e"", 1536], ""nonempty_experts"": 8, ""tokens_per_expert"": [1, 1, 1, 1, 1, 1, 1, 1, 0, 0, 0, 0, 0, 0, 0, 0, 0, 0, 0, 0, 0, 0, 0, 0, 0, 0, 0, 0, 0, 0, 0, 0, 0, 0, 0, 0, 0, 0, 0, 0, 0, 0, 0, 0, 0, 0, 0, 0, 0, 0, 0, 0, 0, 0, 0, 0, 0, 0, 0, 0, 0, 0, 0, 0, 0, 0, 0, 0, 0, 0, 0, 0, 0, 0, 0, 0, 0, 0, 0, 0, 0, 0, 0, 0, 0, 0, 0, 0, 0, 0, 0, 0, 0, 0, 0, 0, 0, 0, 0, 0, 0, 0, 0, 0, 0, 0, 0, 0, 0, 0, 0, 0, 0, 0, 0, 0, 0, 0, 0, 0, 0, 0, 0, 0, 0, 0, 0, 0]}",100663296,0,{},100663296,65536,24576,"Sum of unpadded per-expert GEMMs; each visited expert weight read once per layer, not once per token."
44,expert_silu_mul,activation,"{""gate_and_up_each"": [8, 1536]}",0,49152,"{""exp"": 12288, ""negate"": 12288}",0,49152,24576,
44,expert_down_proj,linear,"{""input_per_expert"": [""n_e"", 1536], ""weight_storage_each"": [4096, 1536], ""output_per_expert"": [""n_e"", 4096], ""nonempty_experts"": 8, ""tokens_per_expert"": [1, 1, 1, 1, 1, 1, 1, 1, 0, 0, 0, 0, 0, 0, 0, 0, 0, 0, 0, 0, 0, 0, 0, 0, 0, 0, 0, 0, 0, 0, 0, 0, 0, 0, 0, 0, 0, 0, 0, 0, 0, 0, 0, 0, 0, 0, 0, 0, 0, 0, 0, 0, 0, 0, 0, 0, 0, 0, 0, 0, 0, 0, 0, 0, 0, 0, 0, 0, 0, 0, 0, 0, 0, 0, 0, 0, 0, 0, 0, 0, 0, 0, 0, 0, 0, 0, 0, 0, 0, 0, 0, 0, 0, 0, 0, 0, 0, 0, 0, 0, 0, 0, 0, 0, 0, 0, 0, 0, 0, 0, 0, 0, 0, 0, 0, 0, 0, 0, 0, 0, 0, 0, 0, 0, 0, 0, 0, 0]}",100663296,0,{},100663296,24576,65536,Unpadded per-expert GEMMs; empty experts have zero arithmetic and no weight payload.
44,expert_probability_multiply,routing,"{""expert_outputs"": [8, 4096], ""routing_weights"": [8]}",0,32768,{},0,65680,65536,Probability broadcast reuses one value per assignment; int64 token/slot indices included.
44,expert_output_zero,routing,"{""output"": [1, 4096]}",0,0,{},0,0,8192,Reference initializes final_hidden_states to zero.
44,expert_index_add,routing,"{""weighted_outputs"": [8, 4096], ""combined_output"": [1, 4096]}",0,32768,{},0,131136,65536,"Reference index_add includes the first add into zero; destination read/update per assignment is logical payload, not measured HBM."
44,ffn_residual,residual,"{""inputs_each"": [1, 4096], ""output"": [1, 4096]}",0,4096,{},0,16384,8192,
45,input_layernorm,normalization,"{""input"": [1, 4096], ""weight"": [4096], ""output"": [1, 4096]}",0,16385,"{""rsqrt"": 1}",8192,8192,8192,按 FP32 行内归约的代数计数；rsqrt、类型转换与临时 FP32 张量分列／不推断 HBM spill。
45,q_proj,linear,"{""input"": [1, 4096], ""weight_math"": [4096, 8192], ""weight_storage"": [8192, 4096], ""output"": [1, 8192]}",67108864,0,{},67108864,8192,16384,独立 GEMM：权重与输入各读一次、输出写一次的操作数载荷；不预测 tile 重读。
45,k_proj,linear,"{""input"": [1, 4096], ""weight_math"": [4096, 512], ""weight_storage"": [512, 4096], ""output"": [1, 512]}",4194304,0,{},4194304,8192,1024,独立 GEMM：权重与输入各读一次、输出写一次的操作数载荷；不预测 tile 重读。
45,v_proj,linear,"{""input"": [1, 4096], ""weight_math"": [4096, 512], ""weight_storage"": [512, 4096], ""output"": [1, 512]}",4194304,0,{},4194304,8192,1024,独立 GEMM：权重与输入各读一次、输出写一次的操作数载荷；不预测 tile 重读。
45,q_norm,normalization,"{""input"": [64, 128], ""weight"": [128], ""output"": [64, 128]}",0,32832,"{""rsqrt"": 64}",256,16384,16384,按 FP32 行内归约的代数计数；rsqrt、类型转换与临时 FP32 张量分列／不推断 HBM spill。
45,k_norm,normalization,"{""input"": [4, 128], ""weight"": [128], ""output"": [4, 128]}",0,2052,"{""rsqrt"": 4}",256,1024,1024,按 FP32 行内归约的代数计数；rsqrt、类型转换与临时 FP32 张量分列／不推断 HBM spill。
45,apply_rope,position,"{""Q"": [1, 64, 1, 128], ""K"": [1, 4, 1, 128]}",0,26112,"{""negate"": 4352}",0,17920,17408,2 multiply + 1 add/元素，rotate_half 符号翻转分列；表按批／头理想复用。
45,kv_append,state,"{""new_K_and_V_each"": [1, 4, 1, 128]}",0,0,{},0,2048,2048,原位／分页 append 载荷；不假定动态 torch.cat 对旧缓存整段复制。
45,qk,attention,"{""Q"": [1, 64, 1, 128], ""K_shared"": [1, 4, 8193, 128], ""scores_rectangular"": [1, 64, 1, 8193]}",134234112,0,{},0,8406016,2097408,FLOPs 仅有效因果位置；载荷是假定 Q/K 各读一次、GQA 头共享，完整分数矩阵物化。
45,score_scale_mask_softmax,softmax,"{""scores"": [1, 64, 1, 8193]}",0,2097344,"{""exp"": 524352, ""compare_max"": 524288, ""mask_decisions"": 524352}",0,2097408,2097408,选择的融合 scale/mask/softmax 代数工作；屏蔽点不计 exp。物化 FP32 默认概率；非具体 eager trace。
45,pv,attention,"{""P"": [1, 64, 1, 8193], ""V_shared"": [1, 4, 8193, 128], ""output"": [1, 64, 1, 128]}",134234112,0,{},0,10487040,16384,PV/AV：各 Q 头仍计算；V 容量不乘 GQA 复制数。载荷假定 V 在头／查询之间理想复用。
45,o_proj,linear,"{""input"": [1, 8192], ""weight_math"": [8192, 4096], ""weight_storage"": [4096, 8192], ""output"": [1, 4096]}",67108864,0,{},67108864,16384,8192,独立 GEMM：权重与输入各读一次、输出写一次的操作数载荷；不预测 tile 重读。
45,attention_residual,residual,"{""inputs_each"": [1, 4096], ""output"": [1, 4096]}",0,4096,{},0,16384,8192,
45,post_attention_layernorm,normalization,"{""input"": [1, 4096], ""weight"": [4096], ""output"": [1, 4096]}",0,16385,"{""rsqrt"": 1}",8192,8192,8192,按 FP32 行内归约的代数计数；rsqrt、类型转换与临时 FP32 张量分列／不推断 HBM spill。
45,router,linear,"{""input"": [1, 4096], ""weight_math"": [4096, 128], ""weight_storage"": [128, 4096], ""output"": [1, 128]}",1048576,0,{},1048576,8192,256,独立 GEMM：权重与输入各读一次、输出写一次的操作数载荷；不预测 tile 重读。
45,router_softmax,routing,"{""input"": [1, 128], ""probabilities_fp32"": [1, 128]}",0,383,"{""exp"": 128, ""compare_max"": 127}",0,256,512,"FP32 softmax: subtract max, exp, reduction, divide; casts are not FLOPs."
45,router_topk,routing,"{""input_fp32"": [1, 128], ""values_fp32"": [1, 8], ""indices_int64"": [1, 8]}",0,0,"{""topk_rows"": 1, ""topk_candidates"": 128}",0,512,96,Top-k is an explicit selection primitive; candidate counts are not comparisons or FLOPs. Backend selection algorithm is unspecified.
45,router_renormalize_cast,routing,"{""selected_probabilities"": [1, 8]}",0,15,{},0,32,16,"Selected probabilities are renormalized if norm_topk_prob, then cast to activation dtype; row reduction assumed on-chip."
45,routing_one_hot,routing_metadata,"{""selected_int64"": [1, 8], ""mask_int64"": [1, 8, 128]}",0,0,"{""one_hot_entries"": 1024}",0,64,8192,Pinned HF reference materializes one_hot int64; this large routing mask is not assumed in optimized dispatch.
45,routing_where,routing_metadata,"{""mask_int64"": [128, 8, 1], ""top_x_and_slot_each"": [8]}",0,0,"{""integer_nonzero_tests"": 1024}",0,8192,128,Scan each expert mask; two int64 coordinates per assignment. Permute is a view.
45,expert_gather,routing,"{""source"": [1, 4096], ""gathered_rows"": [8, 4096]}",0,0,{},0,65600,65536,Logical gathers summed over experts; n_e and each concrete GEMM shape are in expert_matrices.
45,expert_gate_proj,linear,"{""input_per_expert"": [""n_e"", 4096], ""weight_storage_each"": [1536, 4096], ""output_per_expert"": [""n_e"", 1536], ""nonempty_experts"": 8, ""tokens_per_expert"": [1, 1, 1, 1, 1, 1, 1, 1, 0, 0, 0, 0, 0, 0, 0, 0, 0, 0, 0, 0, 0, 0, 0, 0, 0, 0, 0, 0, 0, 0, 0, 0, 0, 0, 0, 0, 0, 0, 0, 0, 0, 0, 0, 0, 0, 0, 0, 0, 0, 0, 0, 0, 0, 0, 0, 0, 0, 0, 0, 0, 0, 0, 0, 0, 0, 0, 0, 0, 0, 0, 0, 0, 0, 0, 0, 0, 0, 0, 0, 0, 0, 0, 0, 0, 0, 0, 0, 0, 0, 0, 0, 0, 0, 0, 0, 0, 0, 0, 0, 0, 0, 0, 0, 0, 0, 0, 0, 0, 0, 0, 0, 0, 0, 0, 0, 0, 0, 0, 0, 0, 0, 0, 0, 0, 0, 0, 0, 0]}",100663296,0,{},100663296,65536,24576,"Sum of unpadded per-expert GEMMs; each visited expert weight read once per layer, not once per token."
45,expert_up_proj,linear,"{""input_per_expert"": [""n_e"", 4096], ""weight_storage_each"": [1536, 4096], ""output_per_expert"": [""n_e"", 1536], ""nonempty_experts"": 8, ""tokens_per_expert"": [1, 1, 1, 1, 1, 1, 1, 1, 0, 0, 0, 0, 0, 0, 0, 0, 0, 0, 0, 0, 0, 0, 0, 0, 0, 0, 0, 0, 0, 0, 0, 0, 0, 0, 0, 0, 0, 0, 0, 0, 0, 0, 0, 0, 0, 0, 0, 0, 0, 0, 0, 0, 0, 0, 0, 0, 0, 0, 0, 0, 0, 0, 0, 0, 0, 0, 0, 0, 0, 0, 0, 0, 0, 0, 0, 0, 0, 0, 0, 0, 0, 0, 0, 0, 0, 0, 0, 0, 0, 0, 0, 0, 0, 0, 0, 0, 0, 0, 0, 0, 0, 0, 0, 0, 0, 0, 0, 0, 0, 0, 0, 0, 0, 0, 0, 0, 0, 0, 0, 0, 0, 0, 0, 0, 0, 0, 0, 0]}",100663296,0,{},100663296,65536,24576,"Sum of unpadded per-expert GEMMs; each visited expert weight read once per layer, not once per token."
45,expert_silu_mul,activation,"{""gate_and_up_each"": [8, 1536]}",0,49152,"{""exp"": 12288, ""negate"": 12288}",0,49152,24576,
45,expert_down_proj,linear,"{""input_per_expert"": [""n_e"", 1536], ""weight_storage_each"": [4096, 1536], ""output_per_expert"": [""n_e"", 4096], ""nonempty_experts"": 8, ""tokens_per_expert"": [1, 1, 1, 1, 1, 1, 1, 1, 0, 0, 0, 0, 0, 0, 0, 0, 0, 0, 0, 0, 0, 0, 0, 0, 0, 0, 0, 0, 0, 0, 0, 0, 0, 0, 0, 0, 0, 0, 0, 0, 0, 0, 0, 0, 0, 0, 0, 0, 0, 0, 0, 0, 0, 0, 0, 0, 0, 0, 0, 0, 0, 0, 0, 0, 0, 0, 0, 0, 0, 0, 0, 0, 0, 0, 0, 0, 0, 0, 0, 0, 0, 0, 0, 0, 0, 0, 0, 0, 0, 0, 0, 0, 0, 0, 0, 0, 0, 0, 0, 0, 0, 0, 0, 0, 0, 0, 0, 0, 0, 0, 0, 0, 0, 0, 0, 0, 0, 0, 0, 0, 0, 0, 0, 0, 0, 0, 0, 0]}",100663296,0,{},100663296,24576,65536,Unpadded per-expert GEMMs; empty experts have zero arithmetic and no weight payload.
45,expert_probability_multiply,routing,"{""expert_outputs"": [8, 4096], ""routing_weights"": [8]}",0,32768,{},0,65680,65536,Probability broadcast reuses one value per assignment; int64 token/slot indices included.
45,expert_output_zero,routing,"{""output"": [1, 4096]}",0,0,{},0,0,8192,Reference initializes final_hidden_states to zero.
45,expert_index_add,routing,"{""weighted_outputs"": [8, 4096], ""combined_output"": [1, 4096]}",0,32768,{},0,131136,65536,"Reference index_add includes the first add into zero; destination read/update per assignment is logical payload, not measured HBM."
45,ffn_residual,residual,"{""inputs_each"": [1, 4096], ""output"": [1, 4096]}",0,4096,{},0,16384,8192,
46,input_layernorm,normalization,"{""input"": [1, 4096], ""weight"": [4096], ""output"": [1, 4096]}",0,16385,"{""rsqrt"": 1}",8192,8192,8192,按 FP32 行内归约的代数计数；rsqrt、类型转换与临时 FP32 张量分列／不推断 HBM spill。
46,q_proj,linear,"{""input"": [1, 4096], ""weight_math"": [4096, 8192], ""weight_storage"": [8192, 4096], ""output"": [1, 8192]}",67108864,0,{},67108864,8192,16384,独立 GEMM：权重与输入各读一次、输出写一次的操作数载荷；不预测 tile 重读。
46,k_proj,linear,"{""input"": [1, 4096], ""weight_math"": [4096, 512], ""weight_storage"": [512, 4096], ""output"": [1, 512]}",4194304,0,{},4194304,8192,1024,独立 GEMM：权重与输入各读一次、输出写一次的操作数载荷；不预测 tile 重读。
46,v_proj,linear,"{""input"": [1, 4096], ""weight_math"": [4096, 512], ""weight_storage"": [512, 4096], ""output"": [1, 512]}",4194304,0,{},4194304,8192,1024,独立 GEMM：权重与输入各读一次、输出写一次的操作数载荷；不预测 tile 重读。
46,q_norm,normalization,"{""input"": [64, 128], ""weight"": [128], ""output"": [64, 128]}",0,32832,"{""rsqrt"": 64}",256,16384,16384,按 FP32 行内归约的代数计数；rsqrt、类型转换与临时 FP32 张量分列／不推断 HBM spill。
46,k_norm,normalization,"{""input"": [4, 128], ""weight"": [128], ""output"": [4, 128]}",0,2052,"{""rsqrt"": 4}",256,1024,1024,按 FP32 行内归约的代数计数；rsqrt、类型转换与临时 FP32 张量分列／不推断 HBM spill。
46,apply_rope,position,"{""Q"": [1, 64, 1, 128], ""K"": [1, 4, 1, 128]}",0,26112,"{""negate"": 4352}",0,17920,17408,2 multiply + 1 add/元素，rotate_half 符号翻转分列；表按批／头理想复用。
46,kv_append,state,"{""new_K_and_V_each"": [1, 4, 1, 128]}",0,0,{},0,2048,2048,原位／分页 append 载荷；不假定动态 torch.cat 对旧缓存整段复制。
46,qk,attention,"{""Q"": [1, 64, 1, 128], ""K_shared"": [1, 4, 8193, 128], ""scores_rectangular"": [1, 64, 1, 8193]}",134234112,0,{},0,8406016,2097408,FLOPs 仅有效因果位置；载荷是假定 Q/K 各读一次、GQA 头共享，完整分数矩阵物化。
46,score_scale_mask_softmax,softmax,"{""scores"": [1, 64, 1, 8193]}",0,2097344,"{""exp"": 524352, ""compare_max"": 524288, ""mask_decisions"": 524352}",0,2097408,2097408,选择的融合 scale/mask/softmax 代数工作；屏蔽点不计 exp。物化 FP32 默认概率；非具体 eager trace。
46,pv,attention,"{""P"": [1, 64, 1, 8193], ""V_shared"": [1, 4, 8193, 128], ""output"": [1, 64, 1, 128]}",134234112,0,{},0,10487040,16384,PV/AV：各 Q 头仍计算；V 容量不乘 GQA 复制数。载荷假定 V 在头／查询之间理想复用。
46,o_proj,linear,"{""input"": [1, 8192], ""weight_math"": [8192, 4096], ""weight_storage"": [4096, 8192], ""output"": [1, 4096]}",67108864,0,{},67108864,16384,8192,独立 GEMM：权重与输入各读一次、输出写一次的操作数载荷；不预测 tile 重读。
46,attention_residual,residual,"{""inputs_each"": [1, 4096], ""output"": [1, 4096]}",0,4096,{},0,16384,8192,
46,post_attention_layernorm,normalization,"{""input"": [1, 4096], ""weight"": [4096], ""output"": [1, 4096]}",0,16385,"{""rsqrt"": 1}",8192,8192,8192,按 FP32 行内归约的代数计数；rsqrt、类型转换与临时 FP32 张量分列／不推断 HBM spill。
46,router,linear,"{""input"": [1, 4096], ""weight_math"": [4096, 128], ""weight_storage"": [128, 4096], ""output"": [1, 128]}",1048576,0,{},1048576,8192,256,独立 GEMM：权重与输入各读一次、输出写一次的操作数载荷；不预测 tile 重读。
46,router_softmax,routing,"{""input"": [1, 128], ""probabilities_fp32"": [1, 128]}",0,383,"{""exp"": 128, ""compare_max"": 127}",0,256,512,"FP32 softmax: subtract max, exp, reduction, divide; casts are not FLOPs."
46,router_topk,routing,"{""input_fp32"": [1, 128], ""values_fp32"": [1, 8], ""indices_int64"": [1, 8]}",0,0,"{""topk_rows"": 1, ""topk_candidates"": 128}",0,512,96,Top-k is an explicit selection primitive; candidate counts are not comparisons or FLOPs. Backend selection algorithm is unspecified.
46,router_renormalize_cast,routing,"{""selected_probabilities"": [1, 8]}",0,15,{},0,32,16,"Selected probabilities are renormalized if norm_topk_prob, then cast to activation dtype; row reduction assumed on-chip."
46,routing_one_hot,routing_metadata,"{""selected_int64"": [1, 8], ""mask_int64"": [1, 8, 128]}",0,0,"{""one_hot_entries"": 1024}",0,64,8192,Pinned HF reference materializes one_hot int64; this large routing mask is not assumed in optimized dispatch.
46,routing_where,routing_metadata,"{""mask_int64"": [128, 8, 1], ""top_x_and_slot_each"": [8]}",0,0,"{""integer_nonzero_tests"": 1024}",0,8192,128,Scan each expert mask; two int64 coordinates per assignment. Permute is a view.
46,expert_gather,routing,"{""source"": [1, 4096], ""gathered_rows"": [8, 4096]}",0,0,{},0,65600,65536,Logical gathers summed over experts; n_e and each concrete GEMM shape are in expert_matrices.
46,expert_gate_proj,linear,"{""input_per_expert"": [""n_e"", 4096], ""weight_storage_each"": [1536, 4096], ""output_per_expert"": [""n_e"", 1536], ""nonempty_experts"": 8, ""tokens_per_expert"": [1, 1, 1, 1, 1, 1, 1, 1, 0, 0, 0, 0, 0, 0, 0, 0, 0, 0, 0, 0, 0, 0, 0, 0, 0, 0, 0, 0, 0, 0, 0, 0, 0, 0, 0, 0, 0, 0, 0, 0, 0, 0, 0, 0, 0, 0, 0, 0, 0, 0, 0, 0, 0, 0, 0, 0, 0, 0, 0, 0, 0, 0, 0, 0, 0, 0, 0, 0, 0, 0, 0, 0, 0, 0, 0, 0, 0, 0, 0, 0, 0, 0, 0, 0, 0, 0, 0, 0, 0, 0, 0, 0, 0, 0, 0, 0, 0, 0, 0, 0, 0, 0, 0, 0, 0, 0, 0, 0, 0, 0, 0, 0, 0, 0, 0, 0, 0, 0, 0, 0, 0, 0, 0, 0, 0, 0, 0, 0]}",100663296,0,{},100663296,65536,24576,"Sum of unpadded per-expert GEMMs; each visited expert weight read once per layer, not once per token."
46,expert_up_proj,linear,"{""input_per_expert"": [""n_e"", 4096], ""weight_storage_each"": [1536, 4096], ""output_per_expert"": [""n_e"", 1536], ""nonempty_experts"": 8, ""tokens_per_expert"": [1, 1, 1, 1, 1, 1, 1, 1, 0, 0, 0, 0, 0, 0, 0, 0, 0, 0, 0, 0, 0, 0, 0, 0, 0, 0, 0, 0, 0, 0, 0, 0, 0, 0, 0, 0, 0, 0, 0, 0, 0, 0, 0, 0, 0, 0, 0, 0, 0, 0, 0, 0, 0, 0, 0, 0, 0, 0, 0, 0, 0, 0, 0, 0, 0, 0, 0, 0, 0, 0, 0, 0, 0, 0, 0, 0, 0, 0, 0, 0, 0, 0, 0, 0, 0, 0, 0, 0, 0, 0, 0, 0, 0, 0, 0, 0, 0, 0, 0, 0, 0, 0, 0, 0, 0, 0, 0, 0, 0, 0, 0, 0, 0, 0, 0, 0, 0, 0, 0, 0, 0, 0, 0, 0, 0, 0, 0, 0]}",100663296,0,{},100663296,65536,24576,"Sum of unpadded per-expert GEMMs; each visited expert weight read once per layer, not once per token."
46,expert_silu_mul,activation,"{""gate_and_up_each"": [8, 1536]}",0,49152,"{""exp"": 12288, ""negate"": 12288}",0,49152,24576,
46,expert_down_proj,linear,"{""input_per_expert"": [""n_e"", 1536], ""weight_storage_each"": [4096, 1536], ""output_per_expert"": [""n_e"", 4096], ""nonempty_experts"": 8, ""tokens_per_expert"": [1, 1, 1, 1, 1, 1, 1, 1, 0, 0, 0, 0, 0, 0, 0, 0, 0, 0, 0, 0, 0, 0, 0, 0, 0, 0, 0, 0, 0, 0, 0, 0, 0, 0, 0, 0, 0, 0, 0, 0, 0, 0, 0, 0, 0, 0, 0, 0, 0, 0, 0, 0, 0, 0, 0, 0, 0, 0, 0, 0, 0, 0, 0, 0, 0, 0, 0, 0, 0, 0, 0, 0, 0, 0, 0, 0, 0, 0, 0, 0, 0, 0, 0, 0, 0, 0, 0, 0, 0, 0, 0, 0, 0, 0, 0, 0, 0, 0, 0, 0, 0, 0, 0, 0, 0, 0, 0, 0, 0, 0, 0, 0, 0, 0, 0, 0, 0, 0, 0, 0, 0, 0, 0, 0, 0, 0, 0, 0]}",100663296,0,{},100663296,24576,65536,Unpadded per-expert GEMMs; empty experts have zero arithmetic and no weight payload.
46,expert_probability_multiply,routing,"{""expert_outputs"": [8, 4096], ""routing_weights"": [8]}",0,32768,{},0,65680,65536,Probability broadcast reuses one value per assignment; int64 token/slot indices included.
46,expert_output_zero,routing,"{""output"": [1, 4096]}",0,0,{},0,0,8192,Reference initializes final_hidden_states to zero.
46,expert_index_add,routing,"{""weighted_outputs"": [8, 4096], ""combined_output"": [1, 4096]}",0,32768,{},0,131136,65536,"Reference index_add includes the first add into zero; destination read/update per assignment is logical payload, not measured HBM."
46,ffn_residual,residual,"{""inputs_each"": [1, 4096], ""output"": [1, 4096]}",0,4096,{},0,16384,8192,
47,input_layernorm,normalization,"{""input"": [1, 4096], ""weight"": [4096], ""output"": [1, 4096]}",0,16385,"{""rsqrt"": 1}",8192,8192,8192,按 FP32 行内归约的代数计数；rsqrt、类型转换与临时 FP32 张量分列／不推断 HBM spill。
47,q_proj,linear,"{""input"": [1, 4096], ""weight_math"": [4096, 8192], ""weight_storage"": [8192, 4096], ""output"": [1, 8192]}",67108864,0,{},67108864,8192,16384,独立 GEMM：权重与输入各读一次、输出写一次的操作数载荷；不预测 tile 重读。
47,k_proj,linear,"{""input"": [1, 4096], ""weight_math"": [4096, 512], ""weight_storage"": [512, 4096], ""output"": [1, 512]}",4194304,0,{},4194304,8192,1024,独立 GEMM：权重与输入各读一次、输出写一次的操作数载荷；不预测 tile 重读。
47,v_proj,linear,"{""input"": [1, 4096], ""weight_math"": [4096, 512], ""weight_storage"": [512, 4096], ""output"": [1, 512]}",4194304,0,{},4194304,8192,1024,独立 GEMM：权重与输入各读一次、输出写一次的操作数载荷；不预测 tile 重读。
47,q_norm,normalization,"{""input"": [64, 128], ""weight"": [128], ""output"": [64, 128]}",0,32832,"{""rsqrt"": 64}",256,16384,16384,按 FP32 行内归约的代数计数；rsqrt、类型转换与临时 FP32 张量分列／不推断 HBM spill。
47,k_norm,normalization,"{""input"": [4, 128], ""weight"": [128], ""output"": [4, 128]}",0,2052,"{""rsqrt"": 4}",256,1024,1024,按 FP32 行内归约的代数计数；rsqrt、类型转换与临时 FP32 张量分列／不推断 HBM spill。
47,apply_rope,position,"{""Q"": [1, 64, 1, 128], ""K"": [1, 4, 1, 128]}",0,26112,"{""negate"": 4352}",0,17920,17408,2 multiply + 1 add/元素，rotate_half 符号翻转分列；表按批／头理想复用。
47,kv_append,state,"{""new_K_and_V_each"": [1, 4, 1, 128]}",0,0,{},0,2048,2048,原位／分页 append 载荷；不假定动态 torch.cat 对旧缓存整段复制。
47,qk,attention,"{""Q"": [1, 64, 1, 128], ""K_shared"": [1, 4, 8193, 128], ""scores_rectangular"": [1, 64, 1, 8193]}",134234112,0,{},0,8406016,2097408,FLOPs 仅有效因果位置；载荷是假定 Q/K 各读一次、GQA 头共享，完整分数矩阵物化。
47,score_scale_mask_softmax,softmax,"{""scores"": [1, 64, 1, 8193]}",0,2097344,"{""exp"": 524352, ""compare_max"": 524288, ""mask_decisions"": 524352}",0,2097408,2097408,选择的融合 scale/mask/softmax 代数工作；屏蔽点不计 exp。物化 FP32 默认概率；非具体 eager trace。
47,pv,attention,"{""P"": [1, 64, 1, 8193], ""V_shared"": [1, 4, 8193, 128], ""output"": [1, 64, 1, 128]}",134234112,0,{},0,10487040,16384,PV/AV：各 Q 头仍计算；V 容量不乘 GQA 复制数。载荷假定 V 在头／查询之间理想复用。
47,o_proj,linear,"{""input"": [1, 8192], ""weight_math"": [8192, 4096], ""weight_storage"": [4096, 8192], ""output"": [1, 4096]}",67108864,0,{},67108864,16384,8192,独立 GEMM：权重与输入各读一次、输出写一次的操作数载荷；不预测 tile 重读。
47,attention_residual,residual,"{""inputs_each"": [1, 4096], ""output"": [1, 4096]}",0,4096,{},0,16384,8192,
47,post_attention_layernorm,normalization,"{""input"": [1, 4096], ""weight"": [4096], ""output"": [1, 4096]}",0,16385,"{""rsqrt"": 1}",8192,8192,8192,按 FP32 行内归约的代数计数；rsqrt、类型转换与临时 FP32 张量分列／不推断 HBM spill。
47,router,linear,"{""input"": [1, 4096], ""weight_math"": [4096, 128], ""weight_storage"": [128, 4096], ""output"": [1, 128]}",1048576,0,{},1048576,8192,256,独立 GEMM：权重与输入各读一次、输出写一次的操作数载荷；不预测 tile 重读。
47,router_softmax,routing,"{""input"": [1, 128], ""probabilities_fp32"": [1, 128]}",0,383,"{""exp"": 128, ""compare_max"": 127}",0,256,512,"FP32 softmax: subtract max, exp, reduction, divide; casts are not FLOPs."
47,router_topk,routing,"{""input_fp32"": [1, 128], ""values_fp32"": [1, 8], ""indices_int64"": [1, 8]}",0,0,"{""topk_rows"": 1, ""topk_candidates"": 128}",0,512,96,Top-k is an explicit selection primitive; candidate counts are not comparisons or FLOPs. Backend selection algorithm is unspecified.
47,router_renormalize_cast,routing,"{""selected_probabilities"": [1, 8]}",0,15,{},0,32,16,"Selected probabilities are renormalized if norm_topk_prob, then cast to activation dtype; row reduction assumed on-chip."
47,routing_one_hot,routing_metadata,"{""selected_int64"": [1, 8], ""mask_int64"": [1, 8, 128]}",0,0,"{""one_hot_entries"": 1024}",0,64,8192,Pinned HF reference materializes one_hot int64; this large routing mask is not assumed in optimized dispatch.
47,routing_where,routing_metadata,"{""mask_int64"": [128, 8, 1], ""top_x_and_slot_each"": [8]}",0,0,"{""integer_nonzero_tests"": 1024}",0,8192,128,Scan each expert mask; two int64 coordinates per assignment. Permute is a view.
47,expert_gather,routing,"{""source"": [1, 4096], ""gathered_rows"": [8, 4096]}",0,0,{},0,65600,65536,Logical gathers summed over experts; n_e and each concrete GEMM shape are in expert_matrices.
47,expert_gate_proj,linear,"{""input_per_expert"": [""n_e"", 4096], ""weight_storage_each"": [1536, 4096], ""output_per_expert"": [""n_e"", 1536], ""nonempty_experts"": 8, ""tokens_per_expert"": [1, 1, 1, 1, 1, 1, 1, 1, 0, 0, 0, 0, 0, 0, 0, 0, 0, 0, 0, 0, 0, 0, 0, 0, 0, 0, 0, 0, 0, 0, 0, 0, 0, 0, 0, 0, 0, 0, 0, 0, 0, 0, 0, 0, 0, 0, 0, 0, 0, 0, 0, 0, 0, 0, 0, 0, 0, 0, 0, 0, 0, 0, 0, 0, 0, 0, 0, 0, 0, 0, 0, 0, 0, 0, 0, 0, 0, 0, 0, 0, 0, 0, 0, 0, 0, 0, 0, 0, 0, 0, 0, 0, 0, 0, 0, 0, 0, 0, 0, 0, 0, 0, 0, 0, 0, 0, 0, 0, 0, 0, 0, 0, 0, 0, 0, 0, 0, 0, 0, 0, 0, 0, 0, 0, 0, 0, 0, 0]}",100663296,0,{},100663296,65536,24576,"Sum of unpadded per-expert GEMMs; each visited expert weight read once per layer, not once per token."
47,expert_up_proj,linear,"{""input_per_expert"": [""n_e"", 4096], ""weight_storage_each"": [1536, 4096], ""output_per_expert"": [""n_e"", 1536], ""nonempty_experts"": 8, ""tokens_per_expert"": [1, 1, 1, 1, 1, 1, 1, 1, 0, 0, 0, 0, 0, 0, 0, 0, 0, 0, 0, 0, 0, 0, 0, 0, 0, 0, 0, 0, 0, 0, 0, 0, 0, 0, 0, 0, 0, 0, 0, 0, 0, 0, 0, 0, 0, 0, 0, 0, 0, 0, 0, 0, 0, 0, 0, 0, 0, 0, 0, 0, 0, 0, 0, 0, 0, 0, 0, 0, 0, 0, 0, 0, 0, 0, 0, 0, 0, 0, 0, 0, 0, 0, 0, 0, 0, 0, 0, 0, 0, 0, 0, 0, 0, 0, 0, 0, 0, 0, 0, 0, 0, 0, 0, 0, 0, 0, 0, 0, 0, 0, 0, 0, 0, 0, 0, 0, 0, 0, 0, 0, 0, 0, 0, 0, 0, 0, 0, 0]}",100663296,0,{},100663296,65536,24576,"Sum of unpadded per-expert GEMMs; each visited expert weight read once per layer, not once per token."
47,expert_silu_mul,activation,"{""gate_and_up_each"": [8, 1536]}",0,49152,"{""exp"": 12288, ""negate"": 12288}",0,49152,24576,
47,expert_down_proj,linear,"{""input_per_expert"": [""n_e"", 1536], ""weight_storage_each"": [4096, 1536], ""output_per_expert"": [""n_e"", 4096], ""nonempty_experts"": 8, ""tokens_per_expert"": [1, 1, 1, 1, 1, 1, 1, 1, 0, 0, 0, 0, 0, 0, 0, 0, 0, 0, 0, 0, 0, 0, 0, 0, 0, 0, 0, 0, 0, 0, 0, 0, 0, 0, 0, 0, 0, 0, 0, 0, 0, 0, 0, 0, 0, 0, 0, 0, 0, 0, 0, 0, 0, 0, 0, 0, 0, 0, 0, 0, 0, 0, 0, 0, 0, 0, 0, 0, 0, 0, 0, 0, 0, 0, 0, 0, 0, 0, 0, 0, 0, 0, 0, 0, 0, 0, 0, 0, 0, 0, 0, 0, 0, 0, 0, 0, 0, 0, 0, 0, 0, 0, 0, 0, 0, 0, 0, 0, 0, 0, 0, 0, 0, 0, 0, 0, 0, 0, 0, 0, 0, 0, 0, 0, 0, 0, 0, 0]}",100663296,0,{},100663296,24576,65536,Unpadded per-expert GEMMs; empty experts have zero arithmetic and no weight payload.
47,expert_probability_multiply,routing,"{""expert_outputs"": [8, 4096], ""routing_weights"": [8]}",0,32768,{},0,65680,65536,Probability broadcast reuses one value per assignment; int64 token/slot indices included.
47,expert_output_zero,routing,"{""output"": [1, 4096]}",0,0,{},0,0,8192,Reference initializes final_hidden_states to zero.
47,expert_index_add,routing,"{""weighted_outputs"": [8, 4096], ""combined_output"": [1, 4096]}",0,32768,{},0,131136,65536,"Reference index_add includes the first add into zero; destination read/update per assignment is logical payload, not measured HBM."
47,ffn_residual,residual,"{""inputs_each"": [1, 4096], ""output"": [1, 4096]}",0,4096,{},0,16384,8192,
48,input_layernorm,normalization,"{""input"": [1, 4096], ""weight"": [4096], ""output"": [1, 4096]}",0,16385,"{""rsqrt"": 1}",8192,8192,8192,按 FP32 行内归约的代数计数；rsqrt、类型转换与临时 FP32 张量分列／不推断 HBM spill。
48,q_proj,linear,"{""input"": [1, 4096], ""weight_math"": [4096, 8192], ""weight_storage"": [8192, 4096], ""output"": [1, 8192]}",67108864,0,{},67108864,8192,16384,独立 GEMM：权重与输入各读一次、输出写一次的操作数载荷；不预测 tile 重读。
48,k_proj,linear,"{""input"": [1, 4096], ""weight_math"": [4096, 512], ""weight_storage"": [512, 4096], ""output"": [1, 512]}",4194304,0,{},4194304,8192,1024,独立 GEMM：权重与输入各读一次、输出写一次的操作数载荷；不预测 tile 重读。
48,v_proj,linear,"{""input"": [1, 4096], ""weight_math"": [4096, 512], ""weight_storage"": [512, 4096], ""output"": [1, 512]}",4194304,0,{},4194304,8192,1024,独立 GEMM：权重与输入各读一次、输出写一次的操作数载荷；不预测 tile 重读。
48,q_norm,normalization,"{""input"": [64, 128], ""weight"": [128], ""output"": [64, 128]}",0,32832,"{""rsqrt"": 64}",256,16384,16384,按 FP32 行内归约的代数计数；rsqrt、类型转换与临时 FP32 张量分列／不推断 HBM spill。
48,k_norm,normalization,"{""input"": [4, 128], ""weight"": [128], ""output"": [4, 128]}",0,2052,"{""rsqrt"": 4}",256,1024,1024,按 FP32 行内归约的代数计数；rsqrt、类型转换与临时 FP32 张量分列／不推断 HBM spill。
48,apply_rope,position,"{""Q"": [1, 64, 1, 128], ""K"": [1, 4, 1, 128]}",0,26112,"{""negate"": 4352}",0,17920,17408,2 multiply + 1 add/元素，rotate_half 符号翻转分列；表按批／头理想复用。
48,kv_append,state,"{""new_K_and_V_each"": [1, 4, 1, 128]}",0,0,{},0,2048,2048,原位／分页 append 载荷；不假定动态 torch.cat 对旧缓存整段复制。
48,qk,attention,"{""Q"": [1, 64, 1, 128], ""K_shared"": [1, 4, 8193, 128], ""scores_rectangular"": [1, 64, 1, 8193]}",134234112,0,{},0,8406016,2097408,FLOPs 仅有效因果位置；载荷是假定 Q/K 各读一次、GQA 头共享，完整分数矩阵物化。
48,score_scale_mask_softmax,softmax,"{""scores"": [1, 64, 1, 8193]}",0,2097344,"{""exp"": 524352, ""compare_max"": 524288, ""mask_decisions"": 524352}",0,2097408,2097408,选择的融合 scale/mask/softmax 代数工作；屏蔽点不计 exp。物化 FP32 默认概率；非具体 eager trace。
48,pv,attention,"{""P"": [1, 64, 1, 8193], ""V_shared"": [1, 4, 8193, 128], ""output"": [1, 64, 1, 128]}",134234112,0,{},0,10487040,16384,PV/AV：各 Q 头仍计算；V 容量不乘 GQA 复制数。载荷假定 V 在头／查询之间理想复用。
48,o_proj,linear,"{""input"": [1, 8192], ""weight_math"": [8192, 4096], ""weight_storage"": [4096, 8192], ""output"": [1, 4096]}",67108864,0,{},67108864,16384,8192,独立 GEMM：权重与输入各读一次、输出写一次的操作数载荷；不预测 tile 重读。
48,attention_residual,residual,"{""inputs_each"": [1, 4096], ""output"": [1, 4096]}",0,4096,{},0,16384,8192,
48,post_attention_layernorm,normalization,"{""input"": [1, 4096], ""weight"": [4096], ""output"": [1, 4096]}",0,16385,"{""rsqrt"": 1}",8192,8192,8192,按 FP32 行内归约的代数计数；rsqrt、类型转换与临时 FP32 张量分列／不推断 HBM spill。
48,router,linear,"{""input"": [1, 4096], ""weight_math"": [4096, 128], ""weight_storage"": [128, 4096], ""output"": [1, 128]}",1048576,0,{},1048576,8192,256,独立 GEMM：权重与输入各读一次、输出写一次的操作数载荷；不预测 tile 重读。
48,router_softmax,routing,"{""input"": [1, 128], ""probabilities_fp32"": [1, 128]}",0,383,"{""exp"": 128, ""compare_max"": 127}",0,256,512,"FP32 softmax: subtract max, exp, reduction, divide; casts are not FLOPs."
48,router_topk,routing,"{""input_fp32"": [1, 128], ""values_fp32"": [1, 8], ""indices_int64"": [1, 8]}",0,0,"{""topk_rows"": 1, ""topk_candidates"": 128}",0,512,96,Top-k is an explicit selection primitive; candidate counts are not comparisons or FLOPs. Backend selection algorithm is unspecified.
48,router_renormalize_cast,routing,"{""selected_probabilities"": [1, 8]}",0,15,{},0,32,16,"Selected probabilities are renormalized if norm_topk_prob, then cast to activation dtype; row reduction assumed on-chip."
48,routing_one_hot,routing_metadata,"{""selected_int64"": [1, 8], ""mask_int64"": [1, 8, 128]}",0,0,"{""one_hot_entries"": 1024}",0,64,8192,Pinned HF reference materializes one_hot int64; this large routing mask is not assumed in optimized dispatch.
48,routing_where,routing_metadata,"{""mask_int64"": [128, 8, 1], ""top_x_and_slot_each"": [8]}",0,0,"{""integer_nonzero_tests"": 1024}",0,8192,128,Scan each expert mask; two int64 coordinates per assignment. Permute is a view.
48,expert_gather,routing,"{""source"": [1, 4096], ""gathered_rows"": [8, 4096]}",0,0,{},0,65600,65536,Logical gathers summed over experts; n_e and each concrete GEMM shape are in expert_matrices.
48,expert_gate_proj,linear,"{""input_per_expert"": [""n_e"", 4096], ""weight_storage_each"": [1536, 4096], ""output_per_expert"": [""n_e"", 1536], ""nonempty_experts"": 8, ""tokens_per_expert"": [1, 1, 1, 1, 1, 1, 1, 1, 0, 0, 0, 0, 0, 0, 0, 0, 0, 0, 0, 0, 0, 0, 0, 0, 0, 0, 0, 0, 0, 0, 0, 0, 0, 0, 0, 0, 0, 0, 0, 0, 0, 0, 0, 0, 0, 0, 0, 0, 0, 0, 0, 0, 0, 0, 0, 0, 0, 0, 0, 0, 0, 0, 0, 0, 0, 0, 0, 0, 0, 0, 0, 0, 0, 0, 0, 0, 0, 0, 0, 0, 0, 0, 0, 0, 0, 0, 0, 0, 0, 0, 0, 0, 0, 0, 0, 0, 0, 0, 0, 0, 0, 0, 0, 0, 0, 0, 0, 0, 0, 0, 0, 0, 0, 0, 0, 0, 0, 0, 0, 0, 0, 0, 0, 0, 0, 0, 0, 0]}",100663296,0,{},100663296,65536,24576,"Sum of unpadded per-expert GEMMs; each visited expert weight read once per layer, not once per token."
48,expert_up_proj,linear,"{""input_per_expert"": [""n_e"", 4096], ""weight_storage_each"": [1536, 4096], ""output_per_expert"": [""n_e"", 1536], ""nonempty_experts"": 8, ""tokens_per_expert"": [1, 1, 1, 1, 1, 1, 1, 1, 0, 0, 0, 0, 0, 0, 0, 0, 0, 0, 0, 0, 0, 0, 0, 0, 0, 0, 0, 0, 0, 0, 0, 0, 0, 0, 0, 0, 0, 0, 0, 0, 0, 0, 0, 0, 0, 0, 0, 0, 0, 0, 0, 0, 0, 0, 0, 0, 0, 0, 0, 0, 0, 0, 0, 0, 0, 0, 0, 0, 0, 0, 0, 0, 0, 0, 0, 0, 0, 0, 0, 0, 0, 0, 0, 0, 0, 0, 0, 0, 0, 0, 0, 0, 0, 0, 0, 0, 0, 0, 0, 0, 0, 0, 0, 0, 0, 0, 0, 0, 0, 0, 0, 0, 0, 0, 0, 0, 0, 0, 0, 0, 0, 0, 0, 0, 0, 0, 0, 0]}",100663296,0,{},100663296,65536,24576,"Sum of unpadded per-expert GEMMs; each visited expert weight read once per layer, not once per token."
48,expert_silu_mul,activation,"{""gate_and_up_each"": [8, 1536]}",0,49152,"{""exp"": 12288, ""negate"": 12288}",0,49152,24576,
48,expert_down_proj,linear,"{""input_per_expert"": [""n_e"", 1536], ""weight_storage_each"": [4096, 1536], ""output_per_expert"": [""n_e"", 4096], ""nonempty_experts"": 8, ""tokens_per_expert"": [1, 1, 1, 1, 1, 1, 1, 1, 0, 0, 0, 0, 0, 0, 0, 0, 0, 0, 0, 0, 0, 0, 0, 0, 0, 0, 0, 0, 0, 0, 0, 0, 0, 0, 0, 0, 0, 0, 0, 0, 0, 0, 0, 0, 0, 0, 0, 0, 0, 0, 0, 0, 0, 0, 0, 0, 0, 0, 0, 0, 0, 0, 0, 0, 0, 0, 0, 0, 0, 0, 0, 0, 0, 0, 0, 0, 0, 0, 0, 0, 0, 0, 0, 0, 0, 0, 0, 0, 0, 0, 0, 0, 0, 0, 0, 0, 0, 0, 0, 0, 0, 0, 0, 0, 0, 0, 0, 0, 0, 0, 0, 0, 0, 0, 0, 0, 0, 0, 0, 0, 0, 0, 0, 0, 0, 0, 0, 0]}",100663296,0,{},100663296,24576,65536,Unpadded per-expert GEMMs; empty experts have zero arithmetic and no weight payload.
48,expert_probability_multiply,routing,"{""expert_outputs"": [8, 4096], ""routing_weights"": [8]}",0,32768,{},0,65680,65536,Probability broadcast reuses one value per assignment; int64 token/slot indices included.
48,expert_output_zero,routing,"{""output"": [1, 4096]}",0,0,{},0,0,8192,Reference initializes final_hidden_states to zero.
48,expert_index_add,routing,"{""weighted_outputs"": [8, 4096], ""combined_output"": [1, 4096]}",0,32768,{},0,131136,65536,"Reference index_add includes the first add into zero; destination read/update per assignment is logical payload, not measured HBM."
48,ffn_residual,residual,"{""inputs_each"": [1, 4096], ""output"": [1, 4096]}",0,4096,{},0,16384,8192,
49,input_layernorm,normalization,"{""input"": [1, 4096], ""weight"": [4096], ""output"": [1, 4096]}",0,16385,"{""rsqrt"": 1}",8192,8192,8192,按 FP32 行内归约的代数计数；rsqrt、类型转换与临时 FP32 张量分列／不推断 HBM spill。
49,q_proj,linear,"{""input"": [1, 4096], ""weight_math"": [4096, 8192], ""weight_storage"": [8192, 4096], ""output"": [1, 8192]}",67108864,0,{},67108864,8192,16384,独立 GEMM：权重与输入各读一次、输出写一次的操作数载荷；不预测 tile 重读。
49,k_proj,linear,"{""input"": [1, 4096], ""weight_math"": [4096, 512], ""weight_storage"": [512, 4096], ""output"": [1, 512]}",4194304,0,{},4194304,8192,1024,独立 GEMM：权重与输入各读一次、输出写一次的操作数载荷；不预测 tile 重读。
49,v_proj,linear,"{""input"": [1, 4096], ""weight_math"": [4096, 512], ""weight_storage"": [512, 4096], ""output"": [1, 512]}",4194304,0,{},4194304,8192,1024,独立 GEMM：权重与输入各读一次、输出写一次的操作数载荷；不预测 tile 重读。
49,q_norm,normalization,"{""input"": [64, 128], ""weight"": [128], ""output"": [64, 128]}",0,32832,"{""rsqrt"": 64}",256,16384,16384,按 FP32 行内归约的代数计数；rsqrt、类型转换与临时 FP32 张量分列／不推断 HBM spill。
49,k_norm,normalization,"{""input"": [4, 128], ""weight"": [128], ""output"": [4, 128]}",0,2052,"{""rsqrt"": 4}",256,1024,1024,按 FP32 行内归约的代数计数；rsqrt、类型转换与临时 FP32 张量分列／不推断 HBM spill。
49,apply_rope,position,"{""Q"": [1, 64, 1, 128], ""K"": [1, 4, 1, 128]}",0,26112,"{""negate"": 4352}",0,17920,17408,2 multiply + 1 add/元素，rotate_half 符号翻转分列；表按批／头理想复用。
49,kv_append,state,"{""new_K_and_V_each"": [1, 4, 1, 128]}",0,0,{},0,2048,2048,原位／分页 append 载荷；不假定动态 torch.cat 对旧缓存整段复制。
49,qk,attention,"{""Q"": [1, 64, 1, 128], ""K_shared"": [1, 4, 8193, 128], ""scores_rectangular"": [1, 64, 1, 8193]}",134234112,0,{},0,8406016,2097408,FLOPs 仅有效因果位置；载荷是假定 Q/K 各读一次、GQA 头共享，完整分数矩阵物化。
49,score_scale_mask_softmax,softmax,"{""scores"": [1, 64, 1, 8193]}",0,2097344,"{""exp"": 524352, ""compare_max"": 524288, ""mask_decisions"": 524352}",0,2097408,2097408,选择的融合 scale/mask/softmax 代数工作；屏蔽点不计 exp。物化 FP32 默认概率；非具体 eager trace。
49,pv,attention,"{""P"": [1, 64, 1, 8193], ""V_shared"": [1, 4, 8193, 128], ""output"": [1, 64, 1, 128]}",134234112,0,{},0,10487040,16384,PV/AV：各 Q 头仍计算；V 容量不乘 GQA 复制数。载荷假定 V 在头／查询之间理想复用。
49,o_proj,linear,"{""input"": [1, 8192], ""weight_math"": [8192, 4096], ""weight_storage"": [4096, 8192], ""output"": [1, 4096]}",67108864,0,{},67108864,16384,8192,独立 GEMM：权重与输入各读一次、输出写一次的操作数载荷；不预测 tile 重读。
49,attention_residual,residual,"{""inputs_each"": [1, 4096], ""output"": [1, 4096]}",0,4096,{},0,16384,8192,
49,post_attention_layernorm,normalization,"{""input"": [1, 4096], ""weight"": [4096], ""output"": [1, 4096]}",0,16385,"{""rsqrt"": 1}",8192,8192,8192,按 FP32 行内归约的代数计数；rsqrt、类型转换与临时 FP32 张量分列／不推断 HBM spill。
49,router,linear,"{""input"": [1, 4096], ""weight_math"": [4096, 128], ""weight_storage"": [128, 4096], ""output"": [1, 128]}",1048576,0,{},1048576,8192,256,独立 GEMM：权重与输入各读一次、输出写一次的操作数载荷；不预测 tile 重读。
49,router_softmax,routing,"{""input"": [1, 128], ""probabilities_fp32"": [1, 128]}",0,383,"{""exp"": 128, ""compare_max"": 127}",0,256,512,"FP32 softmax: subtract max, exp, reduction, divide; casts are not FLOPs."
49,router_topk,routing,"{""input_fp32"": [1, 128], ""values_fp32"": [1, 8], ""indices_int64"": [1, 8]}",0,0,"{""topk_rows"": 1, ""topk_candidates"": 128}",0,512,96,Top-k is an explicit selection primitive; candidate counts are not comparisons or FLOPs. Backend selection algorithm is unspecified.
49,router_renormalize_cast,routing,"{""selected_probabilities"": [1, 8]}",0,15,{},0,32,16,"Selected probabilities are renormalized if norm_topk_prob, then cast to activation dtype; row reduction assumed on-chip."
49,routing_one_hot,routing_metadata,"{""selected_int64"": [1, 8], ""mask_int64"": [1, 8, 128]}",0,0,"{""one_hot_entries"": 1024}",0,64,8192,Pinned HF reference materializes one_hot int64; this large routing mask is not assumed in optimized dispatch.
49,routing_where,routing_metadata,"{""mask_int64"": [128, 8, 1], ""top_x_and_slot_each"": [8]}",0,0,"{""integer_nonzero_tests"": 1024}",0,8192,128,Scan each expert mask; two int64 coordinates per assignment. Permute is a view.
49,expert_gather,routing,"{""source"": [1, 4096], ""gathered_rows"": [8, 4096]}",0,0,{},0,65600,65536,Logical gathers summed over experts; n_e and each concrete GEMM shape are in expert_matrices.
49,expert_gate_proj,linear,"{""input_per_expert"": [""n_e"", 4096], ""weight_storage_each"": [1536, 4096], ""output_per_expert"": [""n_e"", 1536], ""nonempty_experts"": 8, ""tokens_per_expert"": [1, 1, 1, 1, 1, 1, 1, 1, 0, 0, 0, 0, 0, 0, 0, 0, 0, 0, 0, 0, 0, 0, 0, 0, 0, 0, 0, 0, 0, 0, 0, 0, 0, 0, 0, 0, 0, 0, 0, 0, 0, 0, 0, 0, 0, 0, 0, 0, 0, 0, 0, 0, 0, 0, 0, 0, 0, 0, 0, 0, 0, 0, 0, 0, 0, 0, 0, 0, 0, 0, 0, 0, 0, 0, 0, 0, 0, 0, 0, 0, 0, 0, 0, 0, 0, 0, 0, 0, 0, 0, 0, 0, 0, 0, 0, 0, 0, 0, 0, 0, 0, 0, 0, 0, 0, 0, 0, 0, 0, 0, 0, 0, 0, 0, 0, 0, 0, 0, 0, 0, 0, 0, 0, 0, 0, 0, 0, 0]}",100663296,0,{},100663296,65536,24576,"Sum of unpadded per-expert GEMMs; each visited expert weight read once per layer, not once per token."
49,expert_up_proj,linear,"{""input_per_expert"": [""n_e"", 4096], ""weight_storage_each"": [1536, 4096], ""output_per_expert"": [""n_e"", 1536], ""nonempty_experts"": 8, ""tokens_per_expert"": [1, 1, 1, 1, 1, 1, 1, 1, 0, 0, 0, 0, 0, 0, 0, 0, 0, 0, 0, 0, 0, 0, 0, 0, 0, 0, 0, 0, 0, 0, 0, 0, 0, 0, 0, 0, 0, 0, 0, 0, 0, 0, 0, 0, 0, 0, 0, 0, 0, 0, 0, 0, 0, 0, 0, 0, 0, 0, 0, 0, 0, 0, 0, 0, 0, 0, 0, 0, 0, 0, 0, 0, 0, 0, 0, 0, 0, 0, 0, 0, 0, 0, 0, 0, 0, 0, 0, 0, 0, 0, 0, 0, 0, 0, 0, 0, 0, 0, 0, 0, 0, 0, 0, 0, 0, 0, 0, 0, 0, 0, 0, 0, 0, 0, 0, 0, 0, 0, 0, 0, 0, 0, 0, 0, 0, 0, 0, 0]}",100663296,0,{},100663296,65536,24576,"Sum of unpadded per-expert GEMMs; each visited expert weight read once per layer, not once per token."
49,expert_silu_mul,activation,"{""gate_and_up_each"": [8, 1536]}",0,49152,"{""exp"": 12288, ""negate"": 12288}",0,49152,24576,
49,expert_down_proj,linear,"{""input_per_expert"": [""n_e"", 1536], ""weight_storage_each"": [4096, 1536], ""output_per_expert"": [""n_e"", 4096], ""nonempty_experts"": 8, ""tokens_per_expert"": [1, 1, 1, 1, 1, 1, 1, 1, 0, 0, 0, 0, 0, 0, 0, 0, 0, 0, 0, 0, 0, 0, 0, 0, 0, 0, 0, 0, 0, 0, 0, 0, 0, 0, 0, 0, 0, 0, 0, 0, 0, 0, 0, 0, 0, 0, 0, 0, 0, 0, 0, 0, 0, 0, 0, 0, 0, 0, 0, 0, 0, 0, 0, 0, 0, 0, 0, 0, 0, 0, 0, 0, 0, 0, 0, 0, 0, 0, 0, 0, 0, 0, 0, 0, 0, 0, 0, 0, 0, 0, 0, 0, 0, 0, 0, 0, 0, 0, 0, 0, 0, 0, 0, 0, 0, 0, 0, 0, 0, 0, 0, 0, 0, 0, 0, 0, 0, 0, 0, 0, 0, 0, 0, 0, 0, 0, 0, 0]}",100663296,0,{},100663296,24576,65536,Unpadded per-expert GEMMs; empty experts have zero arithmetic and no weight payload.
49,expert_probability_multiply,routing,"{""expert_outputs"": [8, 4096], ""routing_weights"": [8]}",0,32768,{},0,65680,65536,Probability broadcast reuses one value per assignment; int64 token/slot indices included.
49,expert_output_zero,routing,"{""output"": [1, 4096]}",0,0,{},0,0,8192,Reference initializes final_hidden_states to zero.
49,expert_index_add,routing,"{""weighted_outputs"": [8, 4096], ""combined_output"": [1, 4096]}",0,32768,{},0,131136,65536,"Reference index_add includes the first add into zero; destination read/update per assignment is logical payload, not measured HBM."
49,ffn_residual,residual,"{""inputs_each"": [1, 4096], ""output"": [1, 4096]}",0,4096,{},0,16384,8192,
50,input_layernorm,normalization,"{""input"": [1, 4096], ""weight"": [4096], ""output"": [1, 4096]}",0,16385,"{""rsqrt"": 1}",8192,8192,8192,按 FP32 行内归约的代数计数；rsqrt、类型转换与临时 FP32 张量分列／不推断 HBM spill。
50,q_proj,linear,"{""input"": [1, 4096], ""weight_math"": [4096, 8192], ""weight_storage"": [8192, 4096], ""output"": [1, 8192]}",67108864,0,{},67108864,8192,16384,独立 GEMM：权重与输入各读一次、输出写一次的操作数载荷；不预测 tile 重读。
50,k_proj,linear,"{""input"": [1, 4096], ""weight_math"": [4096, 512], ""weight_storage"": [512, 4096], ""output"": [1, 512]}",4194304,0,{},4194304,8192,1024,独立 GEMM：权重与输入各读一次、输出写一次的操作数载荷；不预测 tile 重读。
50,v_proj,linear,"{""input"": [1, 4096], ""weight_math"": [4096, 512], ""weight_storage"": [512, 4096], ""output"": [1, 512]}",4194304,0,{},4194304,8192,1024,独立 GEMM：权重与输入各读一次、输出写一次的操作数载荷；不预测 tile 重读。
50,q_norm,normalization,"{""input"": [64, 128], ""weight"": [128], ""output"": [64, 128]}",0,32832,"{""rsqrt"": 64}",256,16384,16384,按 FP32 行内归约的代数计数；rsqrt、类型转换与临时 FP32 张量分列／不推断 HBM spill。
50,k_norm,normalization,"{""input"": [4, 128], ""weight"": [128], ""output"": [4, 128]}",0,2052,"{""rsqrt"": 4}",256,1024,1024,按 FP32 行内归约的代数计数；rsqrt、类型转换与临时 FP32 张量分列／不推断 HBM spill。
50,apply_rope,position,"{""Q"": [1, 64, 1, 128], ""K"": [1, 4, 1, 128]}",0,26112,"{""negate"": 4352}",0,17920,17408,2 multiply + 1 add/元素，rotate_half 符号翻转分列；表按批／头理想复用。
50,kv_append,state,"{""new_K_and_V_each"": [1, 4, 1, 128]}",0,0,{},0,2048,2048,原位／分页 append 载荷；不假定动态 torch.cat 对旧缓存整段复制。
50,qk,attention,"{""Q"": [1, 64, 1, 128], ""K_shared"": [1, 4, 8193, 128], ""scores_rectangular"": [1, 64, 1, 8193]}",134234112,0,{},0,8406016,2097408,FLOPs 仅有效因果位置；载荷是假定 Q/K 各读一次、GQA 头共享，完整分数矩阵物化。
50,score_scale_mask_softmax,softmax,"{""scores"": [1, 64, 1, 8193]}",0,2097344,"{""exp"": 524352, ""compare_max"": 524288, ""mask_decisions"": 524352}",0,2097408,2097408,选择的融合 scale/mask/softmax 代数工作；屏蔽点不计 exp。物化 FP32 默认概率；非具体 eager trace。
50,pv,attention,"{""P"": [1, 64, 1, 8193], ""V_shared"": [1, 4, 8193, 128], ""output"": [1, 64, 1, 128]}",134234112,0,{},0,10487040,16384,PV/AV：各 Q 头仍计算；V 容量不乘 GQA 复制数。载荷假定 V 在头／查询之间理想复用。
50,o_proj,linear,"{""input"": [1, 8192], ""weight_math"": [8192, 4096], ""weight_storage"": [4096, 8192], ""output"": [1, 4096]}",67108864,0,{},67108864,16384,8192,独立 GEMM：权重与输入各读一次、输出写一次的操作数载荷；不预测 tile 重读。
50,attention_residual,residual,"{""inputs_each"": [1, 4096], ""output"": [1, 4096]}",0,4096,{},0,16384,8192,
50,post_attention_layernorm,normalization,"{""input"": [1, 4096], ""weight"": [4096], ""output"": [1, 4096]}",0,16385,"{""rsqrt"": 1}",8192,8192,8192,按 FP32 行内归约的代数计数；rsqrt、类型转换与临时 FP32 张量分列／不推断 HBM spill。
50,router,linear,"{""input"": [1, 4096], ""weight_math"": [4096, 128], ""weight_storage"": [128, 4096], ""output"": [1, 128]}",1048576,0,{},1048576,8192,256,独立 GEMM：权重与输入各读一次、输出写一次的操作数载荷；不预测 tile 重读。
50,router_softmax,routing,"{""input"": [1, 128], ""probabilities_fp32"": [1, 128]}",0,383,"{""exp"": 128, ""compare_max"": 127}",0,256,512,"FP32 softmax: subtract max, exp, reduction, divide; casts are not FLOPs."
50,router_topk,routing,"{""input_fp32"": [1, 128], ""values_fp32"": [1, 8], ""indices_int64"": [1, 8]}",0,0,"{""topk_rows"": 1, ""topk_candidates"": 128}",0,512,96,Top-k is an explicit selection primitive; candidate counts are not comparisons or FLOPs. Backend selection algorithm is unspecified.
50,router_renormalize_cast,routing,"{""selected_probabilities"": [1, 8]}",0,15,{},0,32,16,"Selected probabilities are renormalized if norm_topk_prob, then cast to activation dtype; row reduction assumed on-chip."
50,routing_one_hot,routing_metadata,"{""selected_int64"": [1, 8], ""mask_int64"": [1, 8, 128]}",0,0,"{""one_hot_entries"": 1024}",0,64,8192,Pinned HF reference materializes one_hot int64; this large routing mask is not assumed in optimized dispatch.
50,routing_where,routing_metadata,"{""mask_int64"": [128, 8, 1], ""top_x_and_slot_each"": [8]}",0,0,"{""integer_nonzero_tests"": 1024}",0,8192,128,Scan each expert mask; two int64 coordinates per assignment. Permute is a view.
50,expert_gather,routing,"{""source"": [1, 4096], ""gathered_rows"": [8, 4096]}",0,0,{},0,65600,65536,Logical gathers summed over experts; n_e and each concrete GEMM shape are in expert_matrices.
50,expert_gate_proj,linear,"{""input_per_expert"": [""n_e"", 4096], ""weight_storage_each"": [1536, 4096], ""output_per_expert"": [""n_e"", 1536], ""nonempty_experts"": 8, ""tokens_per_expert"": [1, 1, 1, 1, 1, 1, 1, 1, 0, 0, 0, 0, 0, 0, 0, 0, 0, 0, 0, 0, 0, 0, 0, 0, 0, 0, 0, 0, 0, 0, 0, 0, 0, 0, 0, 0, 0, 0, 0, 0, 0, 0, 0, 0, 0, 0, 0, 0, 0, 0, 0, 0, 0, 0, 0, 0, 0, 0, 0, 0, 0, 0, 0, 0, 0, 0, 0, 0, 0, 0, 0, 0, 0, 0, 0, 0, 0, 0, 0, 0, 0, 0, 0, 0, 0, 0, 0, 0, 0, 0, 0, 0, 0, 0, 0, 0, 0, 0, 0, 0, 0, 0, 0, 0, 0, 0, 0, 0, 0, 0, 0, 0, 0, 0, 0, 0, 0, 0, 0, 0, 0, 0, 0, 0, 0, 0, 0, 0]}",100663296,0,{},100663296,65536,24576,"Sum of unpadded per-expert GEMMs; each visited expert weight read once per layer, not once per token."
50,expert_up_proj,linear,"{""input_per_expert"": [""n_e"", 4096], ""weight_storage_each"": [1536, 4096], ""output_per_expert"": [""n_e"", 1536], ""nonempty_experts"": 8, ""tokens_per_expert"": [1, 1, 1, 1, 1, 1, 1, 1, 0, 0, 0, 0, 0, 0, 0, 0, 0, 0, 0, 0, 0, 0, 0, 0, 0, 0, 0, 0, 0, 0, 0, 0, 0, 0, 0, 0, 0, 0, 0, 0, 0, 0, 0, 0, 0, 0, 0, 0, 0, 0, 0, 0, 0, 0, 0, 0, 0, 0, 0, 0, 0, 0, 0, 0, 0, 0, 0, 0, 0, 0, 0, 0, 0, 0, 0, 0, 0, 0, 0, 0, 0, 0, 0, 0, 0, 0, 0, 0, 0, 0, 0, 0, 0, 0, 0, 0, 0, 0, 0, 0, 0, 0, 0, 0, 0, 0, 0, 0, 0, 0, 0, 0, 0, 0, 0, 0, 0, 0, 0, 0, 0, 0, 0, 0, 0, 0, 0, 0]}",100663296,0,{},100663296,65536,24576,"Sum of unpadded per-expert GEMMs; each visited expert weight read once per layer, not once per token."
50,expert_silu_mul,activation,"{""gate_and_up_each"": [8, 1536]}",0,49152,"{""exp"": 12288, ""negate"": 12288}",0,49152,24576,
50,expert_down_proj,linear,"{""input_per_expert"": [""n_e"", 1536], ""weight_storage_each"": [4096, 1536], ""output_per_expert"": [""n_e"", 4096], ""nonempty_experts"": 8, ""tokens_per_expert"": [1, 1, 1, 1, 1, 1, 1, 1, 0, 0, 0, 0, 0, 0, 0, 0, 0, 0, 0, 0, 0, 0, 0, 0, 0, 0, 0, 0, 0, 0, 0, 0, 0, 0, 0, 0, 0, 0, 0, 0, 0, 0, 0, 0, 0, 0, 0, 0, 0, 0, 0, 0, 0, 0, 0, 0, 0, 0, 0, 0, 0, 0, 0, 0, 0, 0, 0, 0, 0, 0, 0, 0, 0, 0, 0, 0, 0, 0, 0, 0, 0, 0, 0, 0, 0, 0, 0, 0, 0, 0, 0, 0, 0, 0, 0, 0, 0, 0, 0, 0, 0, 0, 0, 0, 0, 0, 0, 0, 0, 0, 0, 0, 0, 0, 0, 0, 0, 0, 0, 0, 0, 0, 0, 0, 0, 0, 0, 0]}",100663296,0,{},100663296,24576,65536,Unpadded per-expert GEMMs; empty experts have zero arithmetic and no weight payload.
50,expert_probability_multiply,routing,"{""expert_outputs"": [8, 4096], ""routing_weights"": [8]}",0,32768,{},0,65680,65536,Probability broadcast reuses one value per assignment; int64 token/slot indices included.
50,expert_output_zero,routing,"{""output"": [1, 4096]}",0,0,{},0,0,8192,Reference initializes final_hidden_states to zero.
50,expert_index_add,routing,"{""weighted_outputs"": [8, 4096], ""combined_output"": [1, 4096]}",0,32768,{},0,131136,65536,"Reference index_add includes the first add into zero; destination read/update per assignment is logical payload, not measured HBM."
50,ffn_residual,residual,"{""inputs_each"": [1, 4096], ""output"": [1, 4096]}",0,4096,{},0,16384,8192,
51,input_layernorm,normalization,"{""input"": [1, 4096], ""weight"": [4096], ""output"": [1, 4096]}",0,16385,"{""rsqrt"": 1}",8192,8192,8192,按 FP32 行内归约的代数计数；rsqrt、类型转换与临时 FP32 张量分列／不推断 HBM spill。
51,q_proj,linear,"{""input"": [1, 4096], ""weight_math"": [4096, 8192], ""weight_storage"": [8192, 4096], ""output"": [1, 8192]}",67108864,0,{},67108864,8192,16384,独立 GEMM：权重与输入各读一次、输出写一次的操作数载荷；不预测 tile 重读。
51,k_proj,linear,"{""input"": [1, 4096], ""weight_math"": [4096, 512], ""weight_storage"": [512, 4096], ""output"": [1, 512]}",4194304,0,{},4194304,8192,1024,独立 GEMM：权重与输入各读一次、输出写一次的操作数载荷；不预测 tile 重读。
51,v_proj,linear,"{""input"": [1, 4096], ""weight_math"": [4096, 512], ""weight_storage"": [512, 4096], ""output"": [1, 512]}",4194304,0,{},4194304,8192,1024,独立 GEMM：权重与输入各读一次、输出写一次的操作数载荷；不预测 tile 重读。
51,q_norm,normalization,"{""input"": [64, 128], ""weight"": [128], ""output"": [64, 128]}",0,32832,"{""rsqrt"": 64}",256,16384,16384,按 FP32 行内归约的代数计数；rsqrt、类型转换与临时 FP32 张量分列／不推断 HBM spill。
51,k_norm,normalization,"{""input"": [4, 128], ""weight"": [128], ""output"": [4, 128]}",0,2052,"{""rsqrt"": 4}",256,1024,1024,按 FP32 行内归约的代数计数；rsqrt、类型转换与临时 FP32 张量分列／不推断 HBM spill。
51,apply_rope,position,"{""Q"": [1, 64, 1, 128], ""K"": [1, 4, 1, 128]}",0,26112,"{""negate"": 4352}",0,17920,17408,2 multiply + 1 add/元素，rotate_half 符号翻转分列；表按批／头理想复用。
51,kv_append,state,"{""new_K_and_V_each"": [1, 4, 1, 128]}",0,0,{},0,2048,2048,原位／分页 append 载荷；不假定动态 torch.cat 对旧缓存整段复制。
51,qk,attention,"{""Q"": [1, 64, 1, 128], ""K_shared"": [1, 4, 8193, 128], ""scores_rectangular"": [1, 64, 1, 8193]}",134234112,0,{},0,8406016,2097408,FLOPs 仅有效因果位置；载荷是假定 Q/K 各读一次、GQA 头共享，完整分数矩阵物化。
51,score_scale_mask_softmax,softmax,"{""scores"": [1, 64, 1, 8193]}",0,2097344,"{""exp"": 524352, ""compare_max"": 524288, ""mask_decisions"": 524352}",0,2097408,2097408,选择的融合 scale/mask/softmax 代数工作；屏蔽点不计 exp。物化 FP32 默认概率；非具体 eager trace。
51,pv,attention,"{""P"": [1, 64, 1, 8193], ""V_shared"": [1, 4, 8193, 128], ""output"": [1, 64, 1, 128]}",134234112,0,{},0,10487040,16384,PV/AV：各 Q 头仍计算；V 容量不乘 GQA 复制数。载荷假定 V 在头／查询之间理想复用。
51,o_proj,linear,"{""input"": [1, 8192], ""weight_math"": [8192, 4096], ""weight_storage"": [4096, 8192], ""output"": [1, 4096]}",67108864,0,{},67108864,16384,8192,独立 GEMM：权重与输入各读一次、输出写一次的操作数载荷；不预测 tile 重读。
51,attention_residual,residual,"{""inputs_each"": [1, 4096], ""output"": [1, 4096]}",0,4096,{},0,16384,8192,
51,post_attention_layernorm,normalization,"{""input"": [1, 4096], ""weight"": [4096], ""output"": [1, 4096]}",0,16385,"{""rsqrt"": 1}",8192,8192,8192,按 FP32 行内归约的代数计数；rsqrt、类型转换与临时 FP32 张量分列／不推断 HBM spill。
51,router,linear,"{""input"": [1, 4096], ""weight_math"": [4096, 128], ""weight_storage"": [128, 4096], ""output"": [1, 128]}",1048576,0,{},1048576,8192,256,独立 GEMM：权重与输入各读一次、输出写一次的操作数载荷；不预测 tile 重读。
51,router_softmax,routing,"{""input"": [1, 128], ""probabilities_fp32"": [1, 128]}",0,383,"{""exp"": 128, ""compare_max"": 127}",0,256,512,"FP32 softmax: subtract max, exp, reduction, divide; casts are not FLOPs."
51,router_topk,routing,"{""input_fp32"": [1, 128], ""values_fp32"": [1, 8], ""indices_int64"": [1, 8]}",0,0,"{""topk_rows"": 1, ""topk_candidates"": 128}",0,512,96,Top-k is an explicit selection primitive; candidate counts are not comparisons or FLOPs. Backend selection algorithm is unspecified.
51,router_renormalize_cast,routing,"{""selected_probabilities"": [1, 8]}",0,15,{},0,32,16,"Selected probabilities are renormalized if norm_topk_prob, then cast to activation dtype; row reduction assumed on-chip."
51,routing_one_hot,routing_metadata,"{""selected_int64"": [1, 8], ""mask_int64"": [1, 8, 128]}",0,0,"{""one_hot_entries"": 1024}",0,64,8192,Pinned HF reference materializes one_hot int64; this large routing mask is not assumed in optimized dispatch.
51,routing_where,routing_metadata,"{""mask_int64"": [128, 8, 1], ""top_x_and_slot_each"": [8]}",0,0,"{""integer_nonzero_tests"": 1024}",0,8192,128,Scan each expert mask; two int64 coordinates per assignment. Permute is a view.
51,expert_gather,routing,"{""source"": [1, 4096], ""gathered_rows"": [8, 4096]}",0,0,{},0,65600,65536,Logical gathers summed over experts; n_e and each concrete GEMM shape are in expert_matrices.
51,expert_gate_proj,linear,"{""input_per_expert"": [""n_e"", 4096], ""weight_storage_each"": [1536, 4096], ""output_per_expert"": [""n_e"", 1536], ""nonempty_experts"": 8, ""tokens_per_expert"": [1, 1, 1, 1, 1, 1, 1, 1, 0, 0, 0, 0, 0, 0, 0, 0, 0, 0, 0, 0, 0, 0, 0, 0, 0, 0, 0, 0, 0, 0, 0, 0, 0, 0, 0, 0, 0, 0, 0, 0, 0, 0, 0, 0, 0, 0, 0, 0, 0, 0, 0, 0, 0, 0, 0, 0, 0, 0, 0, 0, 0, 0, 0, 0, 0, 0, 0, 0, 0, 0, 0, 0, 0, 0, 0, 0, 0, 0, 0, 0, 0, 0, 0, 0, 0, 0, 0, 0, 0, 0, 0, 0, 0, 0, 0, 0, 0, 0, 0, 0, 0, 0, 0, 0, 0, 0, 0, 0, 0, 0, 0, 0, 0, 0, 0, 0, 0, 0, 0, 0, 0, 0, 0, 0, 0, 0, 0, 0]}",100663296,0,{},100663296,65536,24576,"Sum of unpadded per-expert GEMMs; each visited expert weight read once per layer, not once per token."
51,expert_up_proj,linear,"{""input_per_expert"": [""n_e"", 4096], ""weight_storage_each"": [1536, 4096], ""output_per_expert"": [""n_e"", 1536], ""nonempty_experts"": 8, ""tokens_per_expert"": [1, 1, 1, 1, 1, 1, 1, 1, 0, 0, 0, 0, 0, 0, 0, 0, 0, 0, 0, 0, 0, 0, 0, 0, 0, 0, 0, 0, 0, 0, 0, 0, 0, 0, 0, 0, 0, 0, 0, 0, 0, 0, 0, 0, 0, 0, 0, 0, 0, 0, 0, 0, 0, 0, 0, 0, 0, 0, 0, 0, 0, 0, 0, 0, 0, 0, 0, 0, 0, 0, 0, 0, 0, 0, 0, 0, 0, 0, 0, 0, 0, 0, 0, 0, 0, 0, 0, 0, 0, 0, 0, 0, 0, 0, 0, 0, 0, 0, 0, 0, 0, 0, 0, 0, 0, 0, 0, 0, 0, 0, 0, 0, 0, 0, 0, 0, 0, 0, 0, 0, 0, 0, 0, 0, 0, 0, 0, 0]}",100663296,0,{},100663296,65536,24576,"Sum of unpadded per-expert GEMMs; each visited expert weight read once per layer, not once per token."
51,expert_silu_mul,activation,"{""gate_and_up_each"": [8, 1536]}",0,49152,"{""exp"": 12288, ""negate"": 12288}",0,49152,24576,
51,expert_down_proj,linear,"{""input_per_expert"": [""n_e"", 1536], ""weight_storage_each"": [4096, 1536], ""output_per_expert"": [""n_e"", 4096], ""nonempty_experts"": 8, ""tokens_per_expert"": [1, 1, 1, 1, 1, 1, 1, 1, 0, 0, 0, 0, 0, 0, 0, 0, 0, 0, 0, 0, 0, 0, 0, 0, 0, 0, 0, 0, 0, 0, 0, 0, 0, 0, 0, 0, 0, 0, 0, 0, 0, 0, 0, 0, 0, 0, 0, 0, 0, 0, 0, 0, 0, 0, 0, 0, 0, 0, 0, 0, 0, 0, 0, 0, 0, 0, 0, 0, 0, 0, 0, 0, 0, 0, 0, 0, 0, 0, 0, 0, 0, 0, 0, 0, 0, 0, 0, 0, 0, 0, 0, 0, 0, 0, 0, 0, 0, 0, 0, 0, 0, 0, 0, 0, 0, 0, 0, 0, 0, 0, 0, 0, 0, 0, 0, 0, 0, 0, 0, 0, 0, 0, 0, 0, 0, 0, 0, 0]}",100663296,0,{},100663296,24576,65536,Unpadded per-expert GEMMs; empty experts have zero arithmetic and no weight payload.
51,expert_probability_multiply,routing,"{""expert_outputs"": [8, 4096], ""routing_weights"": [8]}",0,32768,{},0,65680,65536,Probability broadcast reuses one value per assignment; int64 token/slot indices included.
51,expert_output_zero,routing,"{""output"": [1, 4096]}",0,0,{},0,0,8192,Reference initializes final_hidden_states to zero.
51,expert_index_add,routing,"{""weighted_outputs"": [8, 4096], ""combined_output"": [1, 4096]}",0,32768,{},0,131136,65536,"Reference index_add includes the first add into zero; destination read/update per assignment is logical payload, not measured HBM."
51,ffn_residual,residual,"{""inputs_each"": [1, 4096], ""output"": [1, 4096]}",0,4096,{},0,16384,8192,
52,input_layernorm,normalization,"{""input"": [1, 4096], ""weight"": [4096], ""output"": [1, 4096]}",0,16385,"{""rsqrt"": 1}",8192,8192,8192,按 FP32 行内归约的代数计数；rsqrt、类型转换与临时 FP32 张量分列／不推断 HBM spill。
52,q_proj,linear,"{""input"": [1, 4096], ""weight_math"": [4096, 8192], ""weight_storage"": [8192, 4096], ""output"": [1, 8192]}",67108864,0,{},67108864,8192,16384,独立 GEMM：权重与输入各读一次、输出写一次的操作数载荷；不预测 tile 重读。
52,k_proj,linear,"{""input"": [1, 4096], ""weight_math"": [4096, 512], ""weight_storage"": [512, 4096], ""output"": [1, 512]}",4194304,0,{},4194304,8192,1024,独立 GEMM：权重与输入各读一次、输出写一次的操作数载荷；不预测 tile 重读。
52,v_proj,linear,"{""input"": [1, 4096], ""weight_math"": [4096, 512], ""weight_storage"": [512, 4096], ""output"": [1, 512]}",4194304,0,{},4194304,8192,1024,独立 GEMM：权重与输入各读一次、输出写一次的操作数载荷；不预测 tile 重读。
52,q_norm,normalization,"{""input"": [64, 128], ""weight"": [128], ""output"": [64, 128]}",0,32832,"{""rsqrt"": 64}",256,16384,16384,按 FP32 行内归约的代数计数；rsqrt、类型转换与临时 FP32 张量分列／不推断 HBM spill。
52,k_norm,normalization,"{""input"": [4, 128], ""weight"": [128], ""output"": [4, 128]}",0,2052,"{""rsqrt"": 4}",256,1024,1024,按 FP32 行内归约的代数计数；rsqrt、类型转换与临时 FP32 张量分列／不推断 HBM spill。
52,apply_rope,position,"{""Q"": [1, 64, 1, 128], ""K"": [1, 4, 1, 128]}",0,26112,"{""negate"": 4352}",0,17920,17408,2 multiply + 1 add/元素，rotate_half 符号翻转分列；表按批／头理想复用。
52,kv_append,state,"{""new_K_and_V_each"": [1, 4, 1, 128]}",0,0,{},0,2048,2048,原位／分页 append 载荷；不假定动态 torch.cat 对旧缓存整段复制。
52,qk,attention,"{""Q"": [1, 64, 1, 128], ""K_shared"": [1, 4, 8193, 128], ""scores_rectangular"": [1, 64, 1, 8193]}",134234112,0,{},0,8406016,2097408,FLOPs 仅有效因果位置；载荷是假定 Q/K 各读一次、GQA 头共享，完整分数矩阵物化。
52,score_scale_mask_softmax,softmax,"{""scores"": [1, 64, 1, 8193]}",0,2097344,"{""exp"": 524352, ""compare_max"": 524288, ""mask_decisions"": 524352}",0,2097408,2097408,选择的融合 scale/mask/softmax 代数工作；屏蔽点不计 exp。物化 FP32 默认概率；非具体 eager trace。
52,pv,attention,"{""P"": [1, 64, 1, 8193], ""V_shared"": [1, 4, 8193, 128], ""output"": [1, 64, 1, 128]}",134234112,0,{},0,10487040,16384,PV/AV：各 Q 头仍计算；V 容量不乘 GQA 复制数。载荷假定 V 在头／查询之间理想复用。
52,o_proj,linear,"{""input"": [1, 8192], ""weight_math"": [8192, 4096], ""weight_storage"": [4096, 8192], ""output"": [1, 4096]}",67108864,0,{},67108864,16384,8192,独立 GEMM：权重与输入各读一次、输出写一次的操作数载荷；不预测 tile 重读。
52,attention_residual,residual,"{""inputs_each"": [1, 4096], ""output"": [1, 4096]}",0,4096,{},0,16384,8192,
52,post_attention_layernorm,normalization,"{""input"": [1, 4096], ""weight"": [4096], ""output"": [1, 4096]}",0,16385,"{""rsqrt"": 1}",8192,8192,8192,按 FP32 行内归约的代数计数；rsqrt、类型转换与临时 FP32 张量分列／不推断 HBM spill。
52,router,linear,"{""input"": [1, 4096], ""weight_math"": [4096, 128], ""weight_storage"": [128, 4096], ""output"": [1, 128]}",1048576,0,{},1048576,8192,256,独立 GEMM：权重与输入各读一次、输出写一次的操作数载荷；不预测 tile 重读。
52,router_softmax,routing,"{""input"": [1, 128], ""probabilities_fp32"": [1, 128]}",0,383,"{""exp"": 128, ""compare_max"": 127}",0,256,512,"FP32 softmax: subtract max, exp, reduction, divide; casts are not FLOPs."
52,router_topk,routing,"{""input_fp32"": [1, 128], ""values_fp32"": [1, 8], ""indices_int64"": [1, 8]}",0,0,"{""topk_rows"": 1, ""topk_candidates"": 128}",0,512,96,Top-k is an explicit selection primitive; candidate counts are not comparisons or FLOPs. Backend selection algorithm is unspecified.
52,router_renormalize_cast,routing,"{""selected_probabilities"": [1, 8]}",0,15,{},0,32,16,"Selected probabilities are renormalized if norm_topk_prob, then cast to activation dtype; row reduction assumed on-chip."
52,routing_one_hot,routing_metadata,"{""selected_int64"": [1, 8], ""mask_int64"": [1, 8, 128]}",0,0,"{""one_hot_entries"": 1024}",0,64,8192,Pinned HF reference materializes one_hot int64; this large routing mask is not assumed in optimized dispatch.
52,routing_where,routing_metadata,"{""mask_int64"": [128, 8, 1], ""top_x_and_slot_each"": [8]}",0,0,"{""integer_nonzero_tests"": 1024}",0,8192,128,Scan each expert mask; two int64 coordinates per assignment. Permute is a view.
52,expert_gather,routing,"{""source"": [1, 4096], ""gathered_rows"": [8, 4096]}",0,0,{},0,65600,65536,Logical gathers summed over experts; n_e and each concrete GEMM shape are in expert_matrices.
52,expert_gate_proj,linear,"{""input_per_expert"": [""n_e"", 4096], ""weight_storage_each"": [1536, 4096], ""output_per_expert"": [""n_e"", 1536], ""nonempty_experts"": 8, ""tokens_per_expert"": [1, 1, 1, 1, 1, 1, 1, 1, 0, 0, 0, 0, 0, 0, 0, 0, 0, 0, 0, 0, 0, 0, 0, 0, 0, 0, 0, 0, 0, 0, 0, 0, 0, 0, 0, 0, 0, 0, 0, 0, 0, 0, 0, 0, 0, 0, 0, 0, 0, 0, 0, 0, 0, 0, 0, 0, 0, 0, 0, 0, 0, 0, 0, 0, 0, 0, 0, 0, 0, 0, 0, 0, 0, 0, 0, 0, 0, 0, 0, 0, 0, 0, 0, 0, 0, 0, 0, 0, 0, 0, 0, 0, 0, 0, 0, 0, 0, 0, 0, 0, 0, 0, 0, 0, 0, 0, 0, 0, 0, 0, 0, 0, 0, 0, 0, 0, 0, 0, 0, 0, 0, 0, 0, 0, 0, 0, 0, 0]}",100663296,0,{},100663296,65536,24576,"Sum of unpadded per-expert GEMMs; each visited expert weight read once per layer, not once per token."
52,expert_up_proj,linear,"{""input_per_expert"": [""n_e"", 4096], ""weight_storage_each"": [1536, 4096], ""output_per_expert"": [""n_e"", 1536], ""nonempty_experts"": 8, ""tokens_per_expert"": [1, 1, 1, 1, 1, 1, 1, 1, 0, 0, 0, 0, 0, 0, 0, 0, 0, 0, 0, 0, 0, 0, 0, 0, 0, 0, 0, 0, 0, 0, 0, 0, 0, 0, 0, 0, 0, 0, 0, 0, 0, 0, 0, 0, 0, 0, 0, 0, 0, 0, 0, 0, 0, 0, 0, 0, 0, 0, 0, 0, 0, 0, 0, 0, 0, 0, 0, 0, 0, 0, 0, 0, 0, 0, 0, 0, 0, 0, 0, 0, 0, 0, 0, 0, 0, 0, 0, 0, 0, 0, 0, 0, 0, 0, 0, 0, 0, 0, 0, 0, 0, 0, 0, 0, 0, 0, 0, 0, 0, 0, 0, 0, 0, 0, 0, 0, 0, 0, 0, 0, 0, 0, 0, 0, 0, 0, 0, 0]}",100663296,0,{},100663296,65536,24576,"Sum of unpadded per-expert GEMMs; each visited expert weight read once per layer, not once per token."
52,expert_silu_mul,activation,"{""gate_and_up_each"": [8, 1536]}",0,49152,"{""exp"": 12288, ""negate"": 12288}",0,49152,24576,
52,expert_down_proj,linear,"{""input_per_expert"": [""n_e"", 1536], ""weight_storage_each"": [4096, 1536], ""output_per_expert"": [""n_e"", 4096], ""nonempty_experts"": 8, ""tokens_per_expert"": [1, 1, 1, 1, 1, 1, 1, 1, 0, 0, 0, 0, 0, 0, 0, 0, 0, 0, 0, 0, 0, 0, 0, 0, 0, 0, 0, 0, 0, 0, 0, 0, 0, 0, 0, 0, 0, 0, 0, 0, 0, 0, 0, 0, 0, 0, 0, 0, 0, 0, 0, 0, 0, 0, 0, 0, 0, 0, 0, 0, 0, 0, 0, 0, 0, 0, 0, 0, 0, 0, 0, 0, 0, 0, 0, 0, 0, 0, 0, 0, 0, 0, 0, 0, 0, 0, 0, 0, 0, 0, 0, 0, 0, 0, 0, 0, 0, 0, 0, 0, 0, 0, 0, 0, 0, 0, 0, 0, 0, 0, 0, 0, 0, 0, 0, 0, 0, 0, 0, 0, 0, 0, 0, 0, 0, 0, 0, 0]}",100663296,0,{},100663296,24576,65536,Unpadded per-expert GEMMs; empty experts have zero arithmetic and no weight payload.
52,expert_probability_multiply,routing,"{""expert_outputs"": [8, 4096], ""routing_weights"": [8]}",0,32768,{},0,65680,65536,Probability broadcast reuses one value per assignment; int64 token/slot indices included.
52,expert_output_zero,routing,"{""output"": [1, 4096]}",0,0,{},0,0,8192,Reference initializes final_hidden_states to zero.
52,expert_index_add,routing,"{""weighted_outputs"": [8, 4096], ""combined_output"": [1, 4096]}",0,32768,{},0,131136,65536,"Reference index_add includes the first add into zero; destination read/update per assignment is logical payload, not measured HBM."
52,ffn_residual,residual,"{""inputs_each"": [1, 4096], ""output"": [1, 4096]}",0,4096,{},0,16384,8192,
53,input_layernorm,normalization,"{""input"": [1, 4096], ""weight"": [4096], ""output"": [1, 4096]}",0,16385,"{""rsqrt"": 1}",8192,8192,8192,按 FP32 行内归约的代数计数；rsqrt、类型转换与临时 FP32 张量分列／不推断 HBM spill。
53,q_proj,linear,"{""input"": [1, 4096], ""weight_math"": [4096, 8192], ""weight_storage"": [8192, 4096], ""output"": [1, 8192]}",67108864,0,{},67108864,8192,16384,独立 GEMM：权重与输入各读一次、输出写一次的操作数载荷；不预测 tile 重读。
53,k_proj,linear,"{""input"": [1, 4096], ""weight_math"": [4096, 512], ""weight_storage"": [512, 4096], ""output"": [1, 512]}",4194304,0,{},4194304,8192,1024,独立 GEMM：权重与输入各读一次、输出写一次的操作数载荷；不预测 tile 重读。
53,v_proj,linear,"{""input"": [1, 4096], ""weight_math"": [4096, 512], ""weight_storage"": [512, 4096], ""output"": [1, 512]}",4194304,0,{},4194304,8192,1024,独立 GEMM：权重与输入各读一次、输出写一次的操作数载荷；不预测 tile 重读。
53,q_norm,normalization,"{""input"": [64, 128], ""weight"": [128], ""output"": [64, 128]}",0,32832,"{""rsqrt"": 64}",256,16384,16384,按 FP32 行内归约的代数计数；rsqrt、类型转换与临时 FP32 张量分列／不推断 HBM spill。
53,k_norm,normalization,"{""input"": [4, 128], ""weight"": [128], ""output"": [4, 128]}",0,2052,"{""rsqrt"": 4}",256,1024,1024,按 FP32 行内归约的代数计数；rsqrt、类型转换与临时 FP32 张量分列／不推断 HBM spill。
53,apply_rope,position,"{""Q"": [1, 64, 1, 128], ""K"": [1, 4, 1, 128]}",0,26112,"{""negate"": 4352}",0,17920,17408,2 multiply + 1 add/元素，rotate_half 符号翻转分列；表按批／头理想复用。
53,kv_append,state,"{""new_K_and_V_each"": [1, 4, 1, 128]}",0,0,{},0,2048,2048,原位／分页 append 载荷；不假定动态 torch.cat 对旧缓存整段复制。
53,qk,attention,"{""Q"": [1, 64, 1, 128], ""K_shared"": [1, 4, 8193, 128], ""scores_rectangular"": [1, 64, 1, 8193]}",134234112,0,{},0,8406016,2097408,FLOPs 仅有效因果位置；载荷是假定 Q/K 各读一次、GQA 头共享，完整分数矩阵物化。
53,score_scale_mask_softmax,softmax,"{""scores"": [1, 64, 1, 8193]}",0,2097344,"{""exp"": 524352, ""compare_max"": 524288, ""mask_decisions"": 524352}",0,2097408,2097408,选择的融合 scale/mask/softmax 代数工作；屏蔽点不计 exp。物化 FP32 默认概率；非具体 eager trace。
53,pv,attention,"{""P"": [1, 64, 1, 8193], ""V_shared"": [1, 4, 8193, 128], ""output"": [1, 64, 1, 128]}",134234112,0,{},0,10487040,16384,PV/AV：各 Q 头仍计算；V 容量不乘 GQA 复制数。载荷假定 V 在头／查询之间理想复用。
53,o_proj,linear,"{""input"": [1, 8192], ""weight_math"": [8192, 4096], ""weight_storage"": [4096, 8192], ""output"": [1, 4096]}",67108864,0,{},67108864,16384,8192,独立 GEMM：权重与输入各读一次、输出写一次的操作数载荷；不预测 tile 重读。
53,attention_residual,residual,"{""inputs_each"": [1, 4096], ""output"": [1, 4096]}",0,4096,{},0,16384,8192,
53,post_attention_layernorm,normalization,"{""input"": [1, 4096], ""weight"": [4096], ""output"": [1, 4096]}",0,16385,"{""rsqrt"": 1}",8192,8192,8192,按 FP32 行内归约的代数计数；rsqrt、类型转换与临时 FP32 张量分列／不推断 HBM spill。
53,router,linear,"{""input"": [1, 4096], ""weight_math"": [4096, 128], ""weight_storage"": [128, 4096], ""output"": [1, 128]}",1048576,0,{},1048576,8192,256,独立 GEMM：权重与输入各读一次、输出写一次的操作数载荷；不预测 tile 重读。
53,router_softmax,routing,"{""input"": [1, 128], ""probabilities_fp32"": [1, 128]}",0,383,"{""exp"": 128, ""compare_max"": 127}",0,256,512,"FP32 softmax: subtract max, exp, reduction, divide; casts are not FLOPs."
53,router_topk,routing,"{""input_fp32"": [1, 128], ""values_fp32"": [1, 8], ""indices_int64"": [1, 8]}",0,0,"{""topk_rows"": 1, ""topk_candidates"": 128}",0,512,96,Top-k is an explicit selection primitive; candidate counts are not comparisons or FLOPs. Backend selection algorithm is unspecified.
53,router_renormalize_cast,routing,"{""selected_probabilities"": [1, 8]}",0,15,{},0,32,16,"Selected probabilities are renormalized if norm_topk_prob, then cast to activation dtype; row reduction assumed on-chip."
53,routing_one_hot,routing_metadata,"{""selected_int64"": [1, 8], ""mask_int64"": [1, 8, 128]}",0,0,"{""one_hot_entries"": 1024}",0,64,8192,Pinned HF reference materializes one_hot int64; this large routing mask is not assumed in optimized dispatch.
53,routing_where,routing_metadata,"{""mask_int64"": [128, 8, 1], ""top_x_and_slot_each"": [8]}",0,0,"{""integer_nonzero_tests"": 1024}",0,8192,128,Scan each expert mask; two int64 coordinates per assignment. Permute is a view.
53,expert_gather,routing,"{""source"": [1, 4096], ""gathered_rows"": [8, 4096]}",0,0,{},0,65600,65536,Logical gathers summed over experts; n_e and each concrete GEMM shape are in expert_matrices.
53,expert_gate_proj,linear,"{""input_per_expert"": [""n_e"", 4096], ""weight_storage_each"": [1536, 4096], ""output_per_expert"": [""n_e"", 1536], ""nonempty_experts"": 8, ""tokens_per_expert"": [1, 1, 1, 1, 1, 1, 1, 1, 0, 0, 0, 0, 0, 0, 0, 0, 0, 0, 0, 0, 0, 0, 0, 0, 0, 0, 0, 0, 0, 0, 0, 0, 0, 0, 0, 0, 0, 0, 0, 0, 0, 0, 0, 0, 0, 0, 0, 0, 0, 0, 0, 0, 0, 0, 0, 0, 0, 0, 0, 0, 0, 0, 0, 0, 0, 0, 0, 0, 0, 0, 0, 0, 0, 0, 0, 0, 0, 0, 0, 0, 0, 0, 0, 0, 0, 0, 0, 0, 0, 0, 0, 0, 0, 0, 0, 0, 0, 0, 0, 0, 0, 0, 0, 0, 0, 0, 0, 0, 0, 0, 0, 0, 0, 0, 0, 0, 0, 0, 0, 0, 0, 0, 0, 0, 0, 0, 0, 0]}",100663296,0,{},100663296,65536,24576,"Sum of unpadded per-expert GEMMs; each visited expert weight read once per layer, not once per token."
53,expert_up_proj,linear,"{""input_per_expert"": [""n_e"", 4096], ""weight_storage_each"": [1536, 4096], ""output_per_expert"": [""n_e"", 1536], ""nonempty_experts"": 8, ""tokens_per_expert"": [1, 1, 1, 1, 1, 1, 1, 1, 0, 0, 0, 0, 0, 0, 0, 0, 0, 0, 0, 0, 0, 0, 0, 0, 0, 0, 0, 0, 0, 0, 0, 0, 0, 0, 0, 0, 0, 0, 0, 0, 0, 0, 0, 0, 0, 0, 0, 0, 0, 0, 0, 0, 0, 0, 0, 0, 0, 0, 0, 0, 0, 0, 0, 0, 0, 0, 0, 0, 0, 0, 0, 0, 0, 0, 0, 0, 0, 0, 0, 0, 0, 0, 0, 0, 0, 0, 0, 0, 0, 0, 0, 0, 0, 0, 0, 0, 0, 0, 0, 0, 0, 0, 0, 0, 0, 0, 0, 0, 0, 0, 0, 0, 0, 0, 0, 0, 0, 0, 0, 0, 0, 0, 0, 0, 0, 0, 0, 0]}",100663296,0,{},100663296,65536,24576,"Sum of unpadded per-expert GEMMs; each visited expert weight read once per layer, not once per token."
53,expert_silu_mul,activation,"{""gate_and_up_each"": [8, 1536]}",0,49152,"{""exp"": 12288, ""negate"": 12288}",0,49152,24576,
53,expert_down_proj,linear,"{""input_per_expert"": [""n_e"", 1536], ""weight_storage_each"": [4096, 1536], ""output_per_expert"": [""n_e"", 4096], ""nonempty_experts"": 8, ""tokens_per_expert"": [1, 1, 1, 1, 1, 1, 1, 1, 0, 0, 0, 0, 0, 0, 0, 0, 0, 0, 0, 0, 0, 0, 0, 0, 0, 0, 0, 0, 0, 0, 0, 0, 0, 0, 0, 0, 0, 0, 0, 0, 0, 0, 0, 0, 0, 0, 0, 0, 0, 0, 0, 0, 0, 0, 0, 0, 0, 0, 0, 0, 0, 0, 0, 0, 0, 0, 0, 0, 0, 0, 0, 0, 0, 0, 0, 0, 0, 0, 0, 0, 0, 0, 0, 0, 0, 0, 0, 0, 0, 0, 0, 0, 0, 0, 0, 0, 0, 0, 0, 0, 0, 0, 0, 0, 0, 0, 0, 0, 0, 0, 0, 0, 0, 0, 0, 0, 0, 0, 0, 0, 0, 0, 0, 0, 0, 0, 0, 0]}",100663296,0,{},100663296,24576,65536,Unpadded per-expert GEMMs; empty experts have zero arithmetic and no weight payload.
53,expert_probability_multiply,routing,"{""expert_outputs"": [8, 4096], ""routing_weights"": [8]}",0,32768,{},0,65680,65536,Probability broadcast reuses one value per assignment; int64 token/slot indices included.
53,expert_output_zero,routing,"{""output"": [1, 4096]}",0,0,{},0,0,8192,Reference initializes final_hidden_states to zero.
53,expert_index_add,routing,"{""weighted_outputs"": [8, 4096], ""combined_output"": [1, 4096]}",0,32768,{},0,131136,65536,"Reference index_add includes the first add into zero; destination read/update per assignment is logical payload, not measured HBM."
53,ffn_residual,residual,"{""inputs_each"": [1, 4096], ""output"": [1, 4096]}",0,4096,{},0,16384,8192,
54,input_layernorm,normalization,"{""input"": [1, 4096], ""weight"": [4096], ""output"": [1, 4096]}",0,16385,"{""rsqrt"": 1}",8192,8192,8192,按 FP32 行内归约的代数计数；rsqrt、类型转换与临时 FP32 张量分列／不推断 HBM spill。
54,q_proj,linear,"{""input"": [1, 4096], ""weight_math"": [4096, 8192], ""weight_storage"": [8192, 4096], ""output"": [1, 8192]}",67108864,0,{},67108864,8192,16384,独立 GEMM：权重与输入各读一次、输出写一次的操作数载荷；不预测 tile 重读。
54,k_proj,linear,"{""input"": [1, 4096], ""weight_math"": [4096, 512], ""weight_storage"": [512, 4096], ""output"": [1, 512]}",4194304,0,{},4194304,8192,1024,独立 GEMM：权重与输入各读一次、输出写一次的操作数载荷；不预测 tile 重读。
54,v_proj,linear,"{""input"": [1, 4096], ""weight_math"": [4096, 512], ""weight_storage"": [512, 4096], ""output"": [1, 512]}",4194304,0,{},4194304,8192,1024,独立 GEMM：权重与输入各读一次、输出写一次的操作数载荷；不预测 tile 重读。
54,q_norm,normalization,"{""input"": [64, 128], ""weight"": [128], ""output"": [64, 128]}",0,32832,"{""rsqrt"": 64}",256,16384,16384,按 FP32 行内归约的代数计数；rsqrt、类型转换与临时 FP32 张量分列／不推断 HBM spill。
54,k_norm,normalization,"{""input"": [4, 128], ""weight"": [128], ""output"": [4, 128]}",0,2052,"{""rsqrt"": 4}",256,1024,1024,按 FP32 行内归约的代数计数；rsqrt、类型转换与临时 FP32 张量分列／不推断 HBM spill。
54,apply_rope,position,"{""Q"": [1, 64, 1, 128], ""K"": [1, 4, 1, 128]}",0,26112,"{""negate"": 4352}",0,17920,17408,2 multiply + 1 add/元素，rotate_half 符号翻转分列；表按批／头理想复用。
54,kv_append,state,"{""new_K_and_V_each"": [1, 4, 1, 128]}",0,0,{},0,2048,2048,原位／分页 append 载荷；不假定动态 torch.cat 对旧缓存整段复制。
54,qk,attention,"{""Q"": [1, 64, 1, 128], ""K_shared"": [1, 4, 8193, 128], ""scores_rectangular"": [1, 64, 1, 8193]}",134234112,0,{},0,8406016,2097408,FLOPs 仅有效因果位置；载荷是假定 Q/K 各读一次、GQA 头共享，完整分数矩阵物化。
54,score_scale_mask_softmax,softmax,"{""scores"": [1, 64, 1, 8193]}",0,2097344,"{""exp"": 524352, ""compare_max"": 524288, ""mask_decisions"": 524352}",0,2097408,2097408,选择的融合 scale/mask/softmax 代数工作；屏蔽点不计 exp。物化 FP32 默认概率；非具体 eager trace。
54,pv,attention,"{""P"": [1, 64, 1, 8193], ""V_shared"": [1, 4, 8193, 128], ""output"": [1, 64, 1, 128]}",134234112,0,{},0,10487040,16384,PV/AV：各 Q 头仍计算；V 容量不乘 GQA 复制数。载荷假定 V 在头／查询之间理想复用。
54,o_proj,linear,"{""input"": [1, 8192], ""weight_math"": [8192, 4096], ""weight_storage"": [4096, 8192], ""output"": [1, 4096]}",67108864,0,{},67108864,16384,8192,独立 GEMM：权重与输入各读一次、输出写一次的操作数载荷；不预测 tile 重读。
54,attention_residual,residual,"{""inputs_each"": [1, 4096], ""output"": [1, 4096]}",0,4096,{},0,16384,8192,
54,post_attention_layernorm,normalization,"{""input"": [1, 4096], ""weight"": [4096], ""output"": [1, 4096]}",0,16385,"{""rsqrt"": 1}",8192,8192,8192,按 FP32 行内归约的代数计数；rsqrt、类型转换与临时 FP32 张量分列／不推断 HBM spill。
54,router,linear,"{""input"": [1, 4096], ""weight_math"": [4096, 128], ""weight_storage"": [128, 4096], ""output"": [1, 128]}",1048576,0,{},1048576,8192,256,独立 GEMM：权重与输入各读一次、输出写一次的操作数载荷；不预测 tile 重读。
54,router_softmax,routing,"{""input"": [1, 128], ""probabilities_fp32"": [1, 128]}",0,383,"{""exp"": 128, ""compare_max"": 127}",0,256,512,"FP32 softmax: subtract max, exp, reduction, divide; casts are not FLOPs."
54,router_topk,routing,"{""input_fp32"": [1, 128], ""values_fp32"": [1, 8], ""indices_int64"": [1, 8]}",0,0,"{""topk_rows"": 1, ""topk_candidates"": 128}",0,512,96,Top-k is an explicit selection primitive; candidate counts are not comparisons or FLOPs. Backend selection algorithm is unspecified.
54,router_renormalize_cast,routing,"{""selected_probabilities"": [1, 8]}",0,15,{},0,32,16,"Selected probabilities are renormalized if norm_topk_prob, then cast to activation dtype; row reduction assumed on-chip."
54,routing_one_hot,routing_metadata,"{""selected_int64"": [1, 8], ""mask_int64"": [1, 8, 128]}",0,0,"{""one_hot_entries"": 1024}",0,64,8192,Pinned HF reference materializes one_hot int64; this large routing mask is not assumed in optimized dispatch.
54,routing_where,routing_metadata,"{""mask_int64"": [128, 8, 1], ""top_x_and_slot_each"": [8]}",0,0,"{""integer_nonzero_tests"": 1024}",0,8192,128,Scan each expert mask; two int64 coordinates per assignment. Permute is a view.
54,expert_gather,routing,"{""source"": [1, 4096], ""gathered_rows"": [8, 4096]}",0,0,{},0,65600,65536,Logical gathers summed over experts; n_e and each concrete GEMM shape are in expert_matrices.
54,expert_gate_proj,linear,"{""input_per_expert"": [""n_e"", 4096], ""weight_storage_each"": [1536, 4096], ""output_per_expert"": [""n_e"", 1536], ""nonempty_experts"": 8, ""tokens_per_expert"": [1, 1, 1, 1, 1, 1, 1, 1, 0, 0, 0, 0, 0, 0, 0, 0, 0, 0, 0, 0, 0, 0, 0, 0, 0, 0, 0, 0, 0, 0, 0, 0, 0, 0, 0, 0, 0, 0, 0, 0, 0, 0, 0, 0, 0, 0, 0, 0, 0, 0, 0, 0, 0, 0, 0, 0, 0, 0, 0, 0, 0, 0, 0, 0, 0, 0, 0, 0, 0, 0, 0, 0, 0, 0, 0, 0, 0, 0, 0, 0, 0, 0, 0, 0, 0, 0, 0, 0, 0, 0, 0, 0, 0, 0, 0, 0, 0, 0, 0, 0, 0, 0, 0, 0, 0, 0, 0, 0, 0, 0, 0, 0, 0, 0, 0, 0, 0, 0, 0, 0, 0, 0, 0, 0, 0, 0, 0, 0]}",100663296,0,{},100663296,65536,24576,"Sum of unpadded per-expert GEMMs; each visited expert weight read once per layer, not once per token."
54,expert_up_proj,linear,"{""input_per_expert"": [""n_e"", 4096], ""weight_storage_each"": [1536, 4096], ""output_per_expert"": [""n_e"", 1536], ""nonempty_experts"": 8, ""tokens_per_expert"": [1, 1, 1, 1, 1, 1, 1, 1, 0, 0, 0, 0, 0, 0, 0, 0, 0, 0, 0, 0, 0, 0, 0, 0, 0, 0, 0, 0, 0, 0, 0, 0, 0, 0, 0, 0, 0, 0, 0, 0, 0, 0, 0, 0, 0, 0, 0, 0, 0, 0, 0, 0, 0, 0, 0, 0, 0, 0, 0, 0, 0, 0, 0, 0, 0, 0, 0, 0, 0, 0, 0, 0, 0, 0, 0, 0, 0, 0, 0, 0, 0, 0, 0, 0, 0, 0, 0, 0, 0, 0, 0, 0, 0, 0, 0, 0, 0, 0, 0, 0, 0, 0, 0, 0, 0, 0, 0, 0, 0, 0, 0, 0, 0, 0, 0, 0, 0, 0, 0, 0, 0, 0, 0, 0, 0, 0, 0, 0]}",100663296,0,{},100663296,65536,24576,"Sum of unpadded per-expert GEMMs; each visited expert weight read once per layer, not once per token."
54,expert_silu_mul,activation,"{""gate_and_up_each"": [8, 1536]}",0,49152,"{""exp"": 12288, ""negate"": 12288}",0,49152,24576,
54,expert_down_proj,linear,"{""input_per_expert"": [""n_e"", 1536], ""weight_storage_each"": [4096, 1536], ""output_per_expert"": [""n_e"", 4096], ""nonempty_experts"": 8, ""tokens_per_expert"": [1, 1, 1, 1, 1, 1, 1, 1, 0, 0, 0, 0, 0, 0, 0, 0, 0, 0, 0, 0, 0, 0, 0, 0, 0, 0, 0, 0, 0, 0, 0, 0, 0, 0, 0, 0, 0, 0, 0, 0, 0, 0, 0, 0, 0, 0, 0, 0, 0, 0, 0, 0, 0, 0, 0, 0, 0, 0, 0, 0, 0, 0, 0, 0, 0, 0, 0, 0, 0, 0, 0, 0, 0, 0, 0, 0, 0, 0, 0, 0, 0, 0, 0, 0, 0, 0, 0, 0, 0, 0, 0, 0, 0, 0, 0, 0, 0, 0, 0, 0, 0, 0, 0, 0, 0, 0, 0, 0, 0, 0, 0, 0, 0, 0, 0, 0, 0, 0, 0, 0, 0, 0, 0, 0, 0, 0, 0, 0]}",100663296,0,{},100663296,24576,65536,Unpadded per-expert GEMMs; empty experts have zero arithmetic and no weight payload.
54,expert_probability_multiply,routing,"{""expert_outputs"": [8, 4096], ""routing_weights"": [8]}",0,32768,{},0,65680,65536,Probability broadcast reuses one value per assignment; int64 token/slot indices included.
54,expert_output_zero,routing,"{""output"": [1, 4096]}",0,0,{},0,0,8192,Reference initializes final_hidden_states to zero.
54,expert_index_add,routing,"{""weighted_outputs"": [8, 4096], ""combined_output"": [1, 4096]}",0,32768,{},0,131136,65536,"Reference index_add includes the first add into zero; destination read/update per assignment is logical payload, not measured HBM."
54,ffn_residual,residual,"{""inputs_each"": [1, 4096], ""output"": [1, 4096]}",0,4096,{},0,16384,8192,
55,input_layernorm,normalization,"{""input"": [1, 4096], ""weight"": [4096], ""output"": [1, 4096]}",0,16385,"{""rsqrt"": 1}",8192,8192,8192,按 FP32 行内归约的代数计数；rsqrt、类型转换与临时 FP32 张量分列／不推断 HBM spill。
55,q_proj,linear,"{""input"": [1, 4096], ""weight_math"": [4096, 8192], ""weight_storage"": [8192, 4096], ""output"": [1, 8192]}",67108864,0,{},67108864,8192,16384,独立 GEMM：权重与输入各读一次、输出写一次的操作数载荷；不预测 tile 重读。
55,k_proj,linear,"{""input"": [1, 4096], ""weight_math"": [4096, 512], ""weight_storage"": [512, 4096], ""output"": [1, 512]}",4194304,0,{},4194304,8192,1024,独立 GEMM：权重与输入各读一次、输出写一次的操作数载荷；不预测 tile 重读。
55,v_proj,linear,"{""input"": [1, 4096], ""weight_math"": [4096, 512], ""weight_storage"": [512, 4096], ""output"": [1, 512]}",4194304,0,{},4194304,8192,1024,独立 GEMM：权重与输入各读一次、输出写一次的操作数载荷；不预测 tile 重读。
55,q_norm,normalization,"{""input"": [64, 128], ""weight"": [128], ""output"": [64, 128]}",0,32832,"{""rsqrt"": 64}",256,16384,16384,按 FP32 行内归约的代数计数；rsqrt、类型转换与临时 FP32 张量分列／不推断 HBM spill。
55,k_norm,normalization,"{""input"": [4, 128], ""weight"": [128], ""output"": [4, 128]}",0,2052,"{""rsqrt"": 4}",256,1024,1024,按 FP32 行内归约的代数计数；rsqrt、类型转换与临时 FP32 张量分列／不推断 HBM spill。
55,apply_rope,position,"{""Q"": [1, 64, 1, 128], ""K"": [1, 4, 1, 128]}",0,26112,"{""negate"": 4352}",0,17920,17408,2 multiply + 1 add/元素，rotate_half 符号翻转分列；表按批／头理想复用。
55,kv_append,state,"{""new_K_and_V_each"": [1, 4, 1, 128]}",0,0,{},0,2048,2048,原位／分页 append 载荷；不假定动态 torch.cat 对旧缓存整段复制。
55,qk,attention,"{""Q"": [1, 64, 1, 128], ""K_shared"": [1, 4, 8193, 128], ""scores_rectangular"": [1, 64, 1, 8193]}",134234112,0,{},0,8406016,2097408,FLOPs 仅有效因果位置；载荷是假定 Q/K 各读一次、GQA 头共享，完整分数矩阵物化。
55,score_scale_mask_softmax,softmax,"{""scores"": [1, 64, 1, 8193]}",0,2097344,"{""exp"": 524352, ""compare_max"": 524288, ""mask_decisions"": 524352}",0,2097408,2097408,选择的融合 scale/mask/softmax 代数工作；屏蔽点不计 exp。物化 FP32 默认概率；非具体 eager trace。
55,pv,attention,"{""P"": [1, 64, 1, 8193], ""V_shared"": [1, 4, 8193, 128], ""output"": [1, 64, 1, 128]}",134234112,0,{},0,10487040,16384,PV/AV：各 Q 头仍计算；V 容量不乘 GQA 复制数。载荷假定 V 在头／查询之间理想复用。
55,o_proj,linear,"{""input"": [1, 8192], ""weight_math"": [8192, 4096], ""weight_storage"": [4096, 8192], ""output"": [1, 4096]}",67108864,0,{},67108864,16384,8192,独立 GEMM：权重与输入各读一次、输出写一次的操作数载荷；不预测 tile 重读。
55,attention_residual,residual,"{""inputs_each"": [1, 4096], ""output"": [1, 4096]}",0,4096,{},0,16384,8192,
55,post_attention_layernorm,normalization,"{""input"": [1, 4096], ""weight"": [4096], ""output"": [1, 4096]}",0,16385,"{""rsqrt"": 1}",8192,8192,8192,按 FP32 行内归约的代数计数；rsqrt、类型转换与临时 FP32 张量分列／不推断 HBM spill。
55,router,linear,"{""input"": [1, 4096], ""weight_math"": [4096, 128], ""weight_storage"": [128, 4096], ""output"": [1, 128]}",1048576,0,{},1048576,8192,256,独立 GEMM：权重与输入各读一次、输出写一次的操作数载荷；不预测 tile 重读。
55,router_softmax,routing,"{""input"": [1, 128], ""probabilities_fp32"": [1, 128]}",0,383,"{""exp"": 128, ""compare_max"": 127}",0,256,512,"FP32 softmax: subtract max, exp, reduction, divide; casts are not FLOPs."
55,router_topk,routing,"{""input_fp32"": [1, 128], ""values_fp32"": [1, 8], ""indices_int64"": [1, 8]}",0,0,"{""topk_rows"": 1, ""topk_candidates"": 128}",0,512,96,Top-k is an explicit selection primitive; candidate counts are not comparisons or FLOPs. Backend selection algorithm is unspecified.
55,router_renormalize_cast,routing,"{""selected_probabilities"": [1, 8]}",0,15,{},0,32,16,"Selected probabilities are renormalized if norm_topk_prob, then cast to activation dtype; row reduction assumed on-chip."
55,routing_one_hot,routing_metadata,"{""selected_int64"": [1, 8], ""mask_int64"": [1, 8, 128]}",0,0,"{""one_hot_entries"": 1024}",0,64,8192,Pinned HF reference materializes one_hot int64; this large routing mask is not assumed in optimized dispatch.
55,routing_where,routing_metadata,"{""mask_int64"": [128, 8, 1], ""top_x_and_slot_each"": [8]}",0,0,"{""integer_nonzero_tests"": 1024}",0,8192,128,Scan each expert mask; two int64 coordinates per assignment. Permute is a view.
55,expert_gather,routing,"{""source"": [1, 4096], ""gathered_rows"": [8, 4096]}",0,0,{},0,65600,65536,Logical gathers summed over experts; n_e and each concrete GEMM shape are in expert_matrices.
55,expert_gate_proj,linear,"{""input_per_expert"": [""n_e"", 4096], ""weight_storage_each"": [1536, 4096], ""output_per_expert"": [""n_e"", 1536], ""nonempty_experts"": 8, ""tokens_per_expert"": [1, 1, 1, 1, 1, 1, 1, 1, 0, 0, 0, 0, 0, 0, 0, 0, 0, 0, 0, 0, 0, 0, 0, 0, 0, 0, 0, 0, 0, 0, 0, 0, 0, 0, 0, 0, 0, 0, 0, 0, 0, 0, 0, 0, 0, 0, 0, 0, 0, 0, 0, 0, 0, 0, 0, 0, 0, 0, 0, 0, 0, 0, 0, 0, 0, 0, 0, 0, 0, 0, 0, 0, 0, 0, 0, 0, 0, 0, 0, 0, 0, 0, 0, 0, 0, 0, 0, 0, 0, 0, 0, 0, 0, 0, 0, 0, 0, 0, 0, 0, 0, 0, 0, 0, 0, 0, 0, 0, 0, 0, 0, 0, 0, 0, 0, 0, 0, 0, 0, 0, 0, 0, 0, 0, 0, 0, 0, 0]}",100663296,0,{},100663296,65536,24576,"Sum of unpadded per-expert GEMMs; each visited expert weight read once per layer, not once per token."
55,expert_up_proj,linear,"{""input_per_expert"": [""n_e"", 4096], ""weight_storage_each"": [1536, 4096], ""output_per_expert"": [""n_e"", 1536], ""nonempty_experts"": 8, ""tokens_per_expert"": [1, 1, 1, 1, 1, 1, 1, 1, 0, 0, 0, 0, 0, 0, 0, 0, 0, 0, 0, 0, 0, 0, 0, 0, 0, 0, 0, 0, 0, 0, 0, 0, 0, 0, 0, 0, 0, 0, 0, 0, 0, 0, 0, 0, 0, 0, 0, 0, 0, 0, 0, 0, 0, 0, 0, 0, 0, 0, 0, 0, 0, 0, 0, 0, 0, 0, 0, 0, 0, 0, 0, 0, 0, 0, 0, 0, 0, 0, 0, 0, 0, 0, 0, 0, 0, 0, 0, 0, 0, 0, 0, 0, 0, 0, 0, 0, 0, 0, 0, 0, 0, 0, 0, 0, 0, 0, 0, 0, 0, 0, 0, 0, 0, 0, 0, 0, 0, 0, 0, 0, 0, 0, 0, 0, 0, 0, 0, 0]}",100663296,0,{},100663296,65536,24576,"Sum of unpadded per-expert GEMMs; each visited expert weight read once per layer, not once per token."
55,expert_silu_mul,activation,"{""gate_and_up_each"": [8, 1536]}",0,49152,"{""exp"": 12288, ""negate"": 12288}",0,49152,24576,
55,expert_down_proj,linear,"{""input_per_expert"": [""n_e"", 1536], ""weight_storage_each"": [4096, 1536], ""output_per_expert"": [""n_e"", 4096], ""nonempty_experts"": 8, ""tokens_per_expert"": [1, 1, 1, 1, 1, 1, 1, 1, 0, 0, 0, 0, 0, 0, 0, 0, 0, 0, 0, 0, 0, 0, 0, 0, 0, 0, 0, 0, 0, 0, 0, 0, 0, 0, 0, 0, 0, 0, 0, 0, 0, 0, 0, 0, 0, 0, 0, 0, 0, 0, 0, 0, 0, 0, 0, 0, 0, 0, 0, 0, 0, 0, 0, 0, 0, 0, 0, 0, 0, 0, 0, 0, 0, 0, 0, 0, 0, 0, 0, 0, 0, 0, 0, 0, 0, 0, 0, 0, 0, 0, 0, 0, 0, 0, 0, 0, 0, 0, 0, 0, 0, 0, 0, 0, 0, 0, 0, 0, 0, 0, 0, 0, 0, 0, 0, 0, 0, 0, 0, 0, 0, 0, 0, 0, 0, 0, 0, 0]}",100663296,0,{},100663296,24576,65536,Unpadded per-expert GEMMs; empty experts have zero arithmetic and no weight payload.
55,expert_probability_multiply,routing,"{""expert_outputs"": [8, 4096], ""routing_weights"": [8]}",0,32768,{},0,65680,65536,Probability broadcast reuses one value per assignment; int64 token/slot indices included.
55,expert_output_zero,routing,"{""output"": [1, 4096]}",0,0,{},0,0,8192,Reference initializes final_hidden_states to zero.
55,expert_index_add,routing,"{""weighted_outputs"": [8, 4096], ""combined_output"": [1, 4096]}",0,32768,{},0,131136,65536,"Reference index_add includes the first add into zero; destination read/update per assignment is logical payload, not measured HBM."
55,ffn_residual,residual,"{""inputs_each"": [1, 4096], ""output"": [1, 4096]}",0,4096,{},0,16384,8192,
56,input_layernorm,normalization,"{""input"": [1, 4096], ""weight"": [4096], ""output"": [1, 4096]}",0,16385,"{""rsqrt"": 1}",8192,8192,8192,按 FP32 行内归约的代数计数；rsqrt、类型转换与临时 FP32 张量分列／不推断 HBM spill。
56,q_proj,linear,"{""input"": [1, 4096], ""weight_math"": [4096, 8192], ""weight_storage"": [8192, 4096], ""output"": [1, 8192]}",67108864,0,{},67108864,8192,16384,独立 GEMM：权重与输入各读一次、输出写一次的操作数载荷；不预测 tile 重读。
56,k_proj,linear,"{""input"": [1, 4096], ""weight_math"": [4096, 512], ""weight_storage"": [512, 4096], ""output"": [1, 512]}",4194304,0,{},4194304,8192,1024,独立 GEMM：权重与输入各读一次、输出写一次的操作数载荷；不预测 tile 重读。
56,v_proj,linear,"{""input"": [1, 4096], ""weight_math"": [4096, 512], ""weight_storage"": [512, 4096], ""output"": [1, 512]}",4194304,0,{},4194304,8192,1024,独立 GEMM：权重与输入各读一次、输出写一次的操作数载荷；不预测 tile 重读。
56,q_norm,normalization,"{""input"": [64, 128], ""weight"": [128], ""output"": [64, 128]}",0,32832,"{""rsqrt"": 64}",256,16384,16384,按 FP32 行内归约的代数计数；rsqrt、类型转换与临时 FP32 张量分列／不推断 HBM spill。
56,k_norm,normalization,"{""input"": [4, 128], ""weight"": [128], ""output"": [4, 128]}",0,2052,"{""rsqrt"": 4}",256,1024,1024,按 FP32 行内归约的代数计数；rsqrt、类型转换与临时 FP32 张量分列／不推断 HBM spill。
56,apply_rope,position,"{""Q"": [1, 64, 1, 128], ""K"": [1, 4, 1, 128]}",0,26112,"{""negate"": 4352}",0,17920,17408,2 multiply + 1 add/元素，rotate_half 符号翻转分列；表按批／头理想复用。
56,kv_append,state,"{""new_K_and_V_each"": [1, 4, 1, 128]}",0,0,{},0,2048,2048,原位／分页 append 载荷；不假定动态 torch.cat 对旧缓存整段复制。
56,qk,attention,"{""Q"": [1, 64, 1, 128], ""K_shared"": [1, 4, 8193, 128], ""scores_rectangular"": [1, 64, 1, 8193]}",134234112,0,{},0,8406016,2097408,FLOPs 仅有效因果位置；载荷是假定 Q/K 各读一次、GQA 头共享，完整分数矩阵物化。
56,score_scale_mask_softmax,softmax,"{""scores"": [1, 64, 1, 8193]}",0,2097344,"{""exp"": 524352, ""compare_max"": 524288, ""mask_decisions"": 524352}",0,2097408,2097408,选择的融合 scale/mask/softmax 代数工作；屏蔽点不计 exp。物化 FP32 默认概率；非具体 eager trace。
56,pv,attention,"{""P"": [1, 64, 1, 8193], ""V_shared"": [1, 4, 8193, 128], ""output"": [1, 64, 1, 128]}",134234112,0,{},0,10487040,16384,PV/AV：各 Q 头仍计算；V 容量不乘 GQA 复制数。载荷假定 V 在头／查询之间理想复用。
56,o_proj,linear,"{""input"": [1, 8192], ""weight_math"": [8192, 4096], ""weight_storage"": [4096, 8192], ""output"": [1, 4096]}",67108864,0,{},67108864,16384,8192,独立 GEMM：权重与输入各读一次、输出写一次的操作数载荷；不预测 tile 重读。
56,attention_residual,residual,"{""inputs_each"": [1, 4096], ""output"": [1, 4096]}",0,4096,{},0,16384,8192,
56,post_attention_layernorm,normalization,"{""input"": [1, 4096], ""weight"": [4096], ""output"": [1, 4096]}",0,16385,"{""rsqrt"": 1}",8192,8192,8192,按 FP32 行内归约的代数计数；rsqrt、类型转换与临时 FP32 张量分列／不推断 HBM spill。
56,router,linear,"{""input"": [1, 4096], ""weight_math"": [4096, 128], ""weight_storage"": [128, 4096], ""output"": [1, 128]}",1048576,0,{},1048576,8192,256,独立 GEMM：权重与输入各读一次、输出写一次的操作数载荷；不预测 tile 重读。
56,router_softmax,routing,"{""input"": [1, 128], ""probabilities_fp32"": [1, 128]}",0,383,"{""exp"": 128, ""compare_max"": 127}",0,256,512,"FP32 softmax: subtract max, exp, reduction, divide; casts are not FLOPs."
56,router_topk,routing,"{""input_fp32"": [1, 128], ""values_fp32"": [1, 8], ""indices_int64"": [1, 8]}",0,0,"{""topk_rows"": 1, ""topk_candidates"": 128}",0,512,96,Top-k is an explicit selection primitive; candidate counts are not comparisons or FLOPs. Backend selection algorithm is unspecified.
56,router_renormalize_cast,routing,"{""selected_probabilities"": [1, 8]}",0,15,{},0,32,16,"Selected probabilities are renormalized if norm_topk_prob, then cast to activation dtype; row reduction assumed on-chip."
56,routing_one_hot,routing_metadata,"{""selected_int64"": [1, 8], ""mask_int64"": [1, 8, 128]}",0,0,"{""one_hot_entries"": 1024}",0,64,8192,Pinned HF reference materializes one_hot int64; this large routing mask is not assumed in optimized dispatch.
56,routing_where,routing_metadata,"{""mask_int64"": [128, 8, 1], ""top_x_and_slot_each"": [8]}",0,0,"{""integer_nonzero_tests"": 1024}",0,8192,128,Scan each expert mask; two int64 coordinates per assignment. Permute is a view.
56,expert_gather,routing,"{""source"": [1, 4096], ""gathered_rows"": [8, 4096]}",0,0,{},0,65600,65536,Logical gathers summed over experts; n_e and each concrete GEMM shape are in expert_matrices.
56,expert_gate_proj,linear,"{""input_per_expert"": [""n_e"", 4096], ""weight_storage_each"": [1536, 4096], ""output_per_expert"": [""n_e"", 1536], ""nonempty_experts"": 8, ""tokens_per_expert"": [1, 1, 1, 1, 1, 1, 1, 1, 0, 0, 0, 0, 0, 0, 0, 0, 0, 0, 0, 0, 0, 0, 0, 0, 0, 0, 0, 0, 0, 0, 0, 0, 0, 0, 0, 0, 0, 0, 0, 0, 0, 0, 0, 0, 0, 0, 0, 0, 0, 0, 0, 0, 0, 0, 0, 0, 0, 0, 0, 0, 0, 0, 0, 0, 0, 0, 0, 0, 0, 0, 0, 0, 0, 0, 0, 0, 0, 0, 0, 0, 0, 0, 0, 0, 0, 0, 0, 0, 0, 0, 0, 0, 0, 0, 0, 0, 0, 0, 0, 0, 0, 0, 0, 0, 0, 0, 0, 0, 0, 0, 0, 0, 0, 0, 0, 0, 0, 0, 0, 0, 0, 0, 0, 0, 0, 0, 0, 0]}",100663296,0,{},100663296,65536,24576,"Sum of unpadded per-expert GEMMs; each visited expert weight read once per layer, not once per token."
56,expert_up_proj,linear,"{""input_per_expert"": [""n_e"", 4096], ""weight_storage_each"": [1536, 4096], ""output_per_expert"": [""n_e"", 1536], ""nonempty_experts"": 8, ""tokens_per_expert"": [1, 1, 1, 1, 1, 1, 1, 1, 0, 0, 0, 0, 0, 0, 0, 0, 0, 0, 0, 0, 0, 0, 0, 0, 0, 0, 0, 0, 0, 0, 0, 0, 0, 0, 0, 0, 0, 0, 0, 0, 0, 0, 0, 0, 0, 0, 0, 0, 0, 0, 0, 0, 0, 0, 0, 0, 0, 0, 0, 0, 0, 0, 0, 0, 0, 0, 0, 0, 0, 0, 0, 0, 0, 0, 0, 0, 0, 0, 0, 0, 0, 0, 0, 0, 0, 0, 0, 0, 0, 0, 0, 0, 0, 0, 0, 0, 0, 0, 0, 0, 0, 0, 0, 0, 0, 0, 0, 0, 0, 0, 0, 0, 0, 0, 0, 0, 0, 0, 0, 0, 0, 0, 0, 0, 0, 0, 0, 0]}",100663296,0,{},100663296,65536,24576,"Sum of unpadded per-expert GEMMs; each visited expert weight read once per layer, not once per token."
56,expert_silu_mul,activation,"{""gate_and_up_each"": [8, 1536]}",0,49152,"{""exp"": 12288, ""negate"": 12288}",0,49152,24576,
56,expert_down_proj,linear,"{""input_per_expert"": [""n_e"", 1536], ""weight_storage_each"": [4096, 1536], ""output_per_expert"": [""n_e"", 4096], ""nonempty_experts"": 8, ""tokens_per_expert"": [1, 1, 1, 1, 1, 1, 1, 1, 0, 0, 0, 0, 0, 0, 0, 0, 0, 0, 0, 0, 0, 0, 0, 0, 0, 0, 0, 0, 0, 0, 0, 0, 0, 0, 0, 0, 0, 0, 0, 0, 0, 0, 0, 0, 0, 0, 0, 0, 0, 0, 0, 0, 0, 0, 0, 0, 0, 0, 0, 0, 0, 0, 0, 0, 0, 0, 0, 0, 0, 0, 0, 0, 0, 0, 0, 0, 0, 0, 0, 0, 0, 0, 0, 0, 0, 0, 0, 0, 0, 0, 0, 0, 0, 0, 0, 0, 0, 0, 0, 0, 0, 0, 0, 0, 0, 0, 0, 0, 0, 0, 0, 0, 0, 0, 0, 0, 0, 0, 0, 0, 0, 0, 0, 0, 0, 0, 0, 0]}",100663296,0,{},100663296,24576,65536,Unpadded per-expert GEMMs; empty experts have zero arithmetic and no weight payload.
56,expert_probability_multiply,routing,"{""expert_outputs"": [8, 4096], ""routing_weights"": [8]}",0,32768,{},0,65680,65536,Probability broadcast reuses one value per assignment; int64 token/slot indices included.
56,expert_output_zero,routing,"{""output"": [1, 4096]}",0,0,{},0,0,8192,Reference initializes final_hidden_states to zero.
56,expert_index_add,routing,"{""weighted_outputs"": [8, 4096], ""combined_output"": [1, 4096]}",0,32768,{},0,131136,65536,"Reference index_add includes the first add into zero; destination read/update per assignment is logical payload, not measured HBM."
56,ffn_residual,residual,"{""inputs_each"": [1, 4096], ""output"": [1, 4096]}",0,4096,{},0,16384,8192,
57,input_layernorm,normalization,"{""input"": [1, 4096], ""weight"": [4096], ""output"": [1, 4096]}",0,16385,"{""rsqrt"": 1}",8192,8192,8192,按 FP32 行内归约的代数计数；rsqrt、类型转换与临时 FP32 张量分列／不推断 HBM spill。
57,q_proj,linear,"{""input"": [1, 4096], ""weight_math"": [4096, 8192], ""weight_storage"": [8192, 4096], ""output"": [1, 8192]}",67108864,0,{},67108864,8192,16384,独立 GEMM：权重与输入各读一次、输出写一次的操作数载荷；不预测 tile 重读。
57,k_proj,linear,"{""input"": [1, 4096], ""weight_math"": [4096, 512], ""weight_storage"": [512, 4096], ""output"": [1, 512]}",4194304,0,{},4194304,8192,1024,独立 GEMM：权重与输入各读一次、输出写一次的操作数载荷；不预测 tile 重读。
57,v_proj,linear,"{""input"": [1, 4096], ""weight_math"": [4096, 512], ""weight_storage"": [512, 4096], ""output"": [1, 512]}",4194304,0,{},4194304,8192,1024,独立 GEMM：权重与输入各读一次、输出写一次的操作数载荷；不预测 tile 重读。
57,q_norm,normalization,"{""input"": [64, 128], ""weight"": [128], ""output"": [64, 128]}",0,32832,"{""rsqrt"": 64}",256,16384,16384,按 FP32 行内归约的代数计数；rsqrt、类型转换与临时 FP32 张量分列／不推断 HBM spill。
57,k_norm,normalization,"{""input"": [4, 128], ""weight"": [128], ""output"": [4, 128]}",0,2052,"{""rsqrt"": 4}",256,1024,1024,按 FP32 行内归约的代数计数；rsqrt、类型转换与临时 FP32 张量分列／不推断 HBM spill。
57,apply_rope,position,"{""Q"": [1, 64, 1, 128], ""K"": [1, 4, 1, 128]}",0,26112,"{""negate"": 4352}",0,17920,17408,2 multiply + 1 add/元素，rotate_half 符号翻转分列；表按批／头理想复用。
57,kv_append,state,"{""new_K_and_V_each"": [1, 4, 1, 128]}",0,0,{},0,2048,2048,原位／分页 append 载荷；不假定动态 torch.cat 对旧缓存整段复制。
57,qk,attention,"{""Q"": [1, 64, 1, 128], ""K_shared"": [1, 4, 8193, 128], ""scores_rectangular"": [1, 64, 1, 8193]}",134234112,0,{},0,8406016,2097408,FLOPs 仅有效因果位置；载荷是假定 Q/K 各读一次、GQA 头共享，完整分数矩阵物化。
57,score_scale_mask_softmax,softmax,"{""scores"": [1, 64, 1, 8193]}",0,2097344,"{""exp"": 524352, ""compare_max"": 524288, ""mask_decisions"": 524352}",0,2097408,2097408,选择的融合 scale/mask/softmax 代数工作；屏蔽点不计 exp。物化 FP32 默认概率；非具体 eager trace。
57,pv,attention,"{""P"": [1, 64, 1, 8193], ""V_shared"": [1, 4, 8193, 128], ""output"": [1, 64, 1, 128]}",134234112,0,{},0,10487040,16384,PV/AV：各 Q 头仍计算；V 容量不乘 GQA 复制数。载荷假定 V 在头／查询之间理想复用。
57,o_proj,linear,"{""input"": [1, 8192], ""weight_math"": [8192, 4096], ""weight_storage"": [4096, 8192], ""output"": [1, 4096]}",67108864,0,{},67108864,16384,8192,独立 GEMM：权重与输入各读一次、输出写一次的操作数载荷；不预测 tile 重读。
57,attention_residual,residual,"{""inputs_each"": [1, 4096], ""output"": [1, 4096]}",0,4096,{},0,16384,8192,
57,post_attention_layernorm,normalization,"{""input"": [1, 4096], ""weight"": [4096], ""output"": [1, 4096]}",0,16385,"{""rsqrt"": 1}",8192,8192,8192,按 FP32 行内归约的代数计数；rsqrt、类型转换与临时 FP32 张量分列／不推断 HBM spill。
57,router,linear,"{""input"": [1, 4096], ""weight_math"": [4096, 128], ""weight_storage"": [128, 4096], ""output"": [1, 128]}",1048576,0,{},1048576,8192,256,独立 GEMM：权重与输入各读一次、输出写一次的操作数载荷；不预测 tile 重读。
57,router_softmax,routing,"{""input"": [1, 128], ""probabilities_fp32"": [1, 128]}",0,383,"{""exp"": 128, ""compare_max"": 127}",0,256,512,"FP32 softmax: subtract max, exp, reduction, divide; casts are not FLOPs."
57,router_topk,routing,"{""input_fp32"": [1, 128], ""values_fp32"": [1, 8], ""indices_int64"": [1, 8]}",0,0,"{""topk_rows"": 1, ""topk_candidates"": 128}",0,512,96,Top-k is an explicit selection primitive; candidate counts are not comparisons or FLOPs. Backend selection algorithm is unspecified.
57,router_renormalize_cast,routing,"{""selected_probabilities"": [1, 8]}",0,15,{},0,32,16,"Selected probabilities are renormalized if norm_topk_prob, then cast to activation dtype; row reduction assumed on-chip."
57,routing_one_hot,routing_metadata,"{""selected_int64"": [1, 8], ""mask_int64"": [1, 8, 128]}",0,0,"{""one_hot_entries"": 1024}",0,64,8192,Pinned HF reference materializes one_hot int64; this large routing mask is not assumed in optimized dispatch.
57,routing_where,routing_metadata,"{""mask_int64"": [128, 8, 1], ""top_x_and_slot_each"": [8]}",0,0,"{""integer_nonzero_tests"": 1024}",0,8192,128,Scan each expert mask; two int64 coordinates per assignment. Permute is a view.
57,expert_gather,routing,"{""source"": [1, 4096], ""gathered_rows"": [8, 4096]}",0,0,{},0,65600,65536,Logical gathers summed over experts; n_e and each concrete GEMM shape are in expert_matrices.
57,expert_gate_proj,linear,"{""input_per_expert"": [""n_e"", 4096], ""weight_storage_each"": [1536, 4096], ""output_per_expert"": [""n_e"", 1536], ""nonempty_experts"": 8, ""tokens_per_expert"": [1, 1, 1, 1, 1, 1, 1, 1, 0, 0, 0, 0, 0, 0, 0, 0, 0, 0, 0, 0, 0, 0, 0, 0, 0, 0, 0, 0, 0, 0, 0, 0, 0, 0, 0, 0, 0, 0, 0, 0, 0, 0, 0, 0, 0, 0, 0, 0, 0, 0, 0, 0, 0, 0, 0, 0, 0, 0, 0, 0, 0, 0, 0, 0, 0, 0, 0, 0, 0, 0, 0, 0, 0, 0, 0, 0, 0, 0, 0, 0, 0, 0, 0, 0, 0, 0, 0, 0, 0, 0, 0, 0, 0, 0, 0, 0, 0, 0, 0, 0, 0, 0, 0, 0, 0, 0, 0, 0, 0, 0, 0, 0, 0, 0, 0, 0, 0, 0, 0, 0, 0, 0, 0, 0, 0, 0, 0, 0]}",100663296,0,{},100663296,65536,24576,"Sum of unpadded per-expert GEMMs; each visited expert weight read once per layer, not once per token."
57,expert_up_proj,linear,"{""input_per_expert"": [""n_e"", 4096], ""weight_storage_each"": [1536, 4096], ""output_per_expert"": [""n_e"", 1536], ""nonempty_experts"": 8, ""tokens_per_expert"": [1, 1, 1, 1, 1, 1, 1, 1, 0, 0, 0, 0, 0, 0, 0, 0, 0, 0, 0, 0, 0, 0, 0, 0, 0, 0, 0, 0, 0, 0, 0, 0, 0, 0, 0, 0, 0, 0, 0, 0, 0, 0, 0, 0, 0, 0, 0, 0, 0, 0, 0, 0, 0, 0, 0, 0, 0, 0, 0, 0, 0, 0, 0, 0, 0, 0, 0, 0, 0, 0, 0, 0, 0, 0, 0, 0, 0, 0, 0, 0, 0, 0, 0, 0, 0, 0, 0, 0, 0, 0, 0, 0, 0, 0, 0, 0, 0, 0, 0, 0, 0, 0, 0, 0, 0, 0, 0, 0, 0, 0, 0, 0, 0, 0, 0, 0, 0, 0, 0, 0, 0, 0, 0, 0, 0, 0, 0, 0]}",100663296,0,{},100663296,65536,24576,"Sum of unpadded per-expert GEMMs; each visited expert weight read once per layer, not once per token."
57,expert_silu_mul,activation,"{""gate_and_up_each"": [8, 1536]}",0,49152,"{""exp"": 12288, ""negate"": 12288}",0,49152,24576,
57,expert_down_proj,linear,"{""input_per_expert"": [""n_e"", 1536], ""weight_storage_each"": [4096, 1536], ""output_per_expert"": [""n_e"", 4096], ""nonempty_experts"": 8, ""tokens_per_expert"": [1, 1, 1, 1, 1, 1, 1, 1, 0, 0, 0, 0, 0, 0, 0, 0, 0, 0, 0, 0, 0, 0, 0, 0, 0, 0, 0, 0, 0, 0, 0, 0, 0, 0, 0, 0, 0, 0, 0, 0, 0, 0, 0, 0, 0, 0, 0, 0, 0, 0, 0, 0, 0, 0, 0, 0, 0, 0, 0, 0, 0, 0, 0, 0, 0, 0, 0, 0, 0, 0, 0, 0, 0, 0, 0, 0, 0, 0, 0, 0, 0, 0, 0, 0, 0, 0, 0, 0, 0, 0, 0, 0, 0, 0, 0, 0, 0, 0, 0, 0, 0, 0, 0, 0, 0, 0, 0, 0, 0, 0, 0, 0, 0, 0, 0, 0, 0, 0, 0, 0, 0, 0, 0, 0, 0, 0, 0, 0]}",100663296,0,{},100663296,24576,65536,Unpadded per-expert GEMMs; empty experts have zero arithmetic and no weight payload.
57,expert_probability_multiply,routing,"{""expert_outputs"": [8, 4096], ""routing_weights"": [8]}",0,32768,{},0,65680,65536,Probability broadcast reuses one value per assignment; int64 token/slot indices included.
57,expert_output_zero,routing,"{""output"": [1, 4096]}",0,0,{},0,0,8192,Reference initializes final_hidden_states to zero.
57,expert_index_add,routing,"{""weighted_outputs"": [8, 4096], ""combined_output"": [1, 4096]}",0,32768,{},0,131136,65536,"Reference index_add includes the first add into zero; destination read/update per assignment is logical payload, not measured HBM."
57,ffn_residual,residual,"{""inputs_each"": [1, 4096], ""output"": [1, 4096]}",0,4096,{},0,16384,8192,
58,input_layernorm,normalization,"{""input"": [1, 4096], ""weight"": [4096], ""output"": [1, 4096]}",0,16385,"{""rsqrt"": 1}",8192,8192,8192,按 FP32 行内归约的代数计数；rsqrt、类型转换与临时 FP32 张量分列／不推断 HBM spill。
58,q_proj,linear,"{""input"": [1, 4096], ""weight_math"": [4096, 8192], ""weight_storage"": [8192, 4096], ""output"": [1, 8192]}",67108864,0,{},67108864,8192,16384,独立 GEMM：权重与输入各读一次、输出写一次的操作数载荷；不预测 tile 重读。
58,k_proj,linear,"{""input"": [1, 4096], ""weight_math"": [4096, 512], ""weight_storage"": [512, 4096], ""output"": [1, 512]}",4194304,0,{},4194304,8192,1024,独立 GEMM：权重与输入各读一次、输出写一次的操作数载荷；不预测 tile 重读。
58,v_proj,linear,"{""input"": [1, 4096], ""weight_math"": [4096, 512], ""weight_storage"": [512, 4096], ""output"": [1, 512]}",4194304,0,{},4194304,8192,1024,独立 GEMM：权重与输入各读一次、输出写一次的操作数载荷；不预测 tile 重读。
58,q_norm,normalization,"{""input"": [64, 128], ""weight"": [128], ""output"": [64, 128]}",0,32832,"{""rsqrt"": 64}",256,16384,16384,按 FP32 行内归约的代数计数；rsqrt、类型转换与临时 FP32 张量分列／不推断 HBM spill。
58,k_norm,normalization,"{""input"": [4, 128], ""weight"": [128], ""output"": [4, 128]}",0,2052,"{""rsqrt"": 4}",256,1024,1024,按 FP32 行内归约的代数计数；rsqrt、类型转换与临时 FP32 张量分列／不推断 HBM spill。
58,apply_rope,position,"{""Q"": [1, 64, 1, 128], ""K"": [1, 4, 1, 128]}",0,26112,"{""negate"": 4352}",0,17920,17408,2 multiply + 1 add/元素，rotate_half 符号翻转分列；表按批／头理想复用。
58,kv_append,state,"{""new_K_and_V_each"": [1, 4, 1, 128]}",0,0,{},0,2048,2048,原位／分页 append 载荷；不假定动态 torch.cat 对旧缓存整段复制。
58,qk,attention,"{""Q"": [1, 64, 1, 128], ""K_shared"": [1, 4, 8193, 128], ""scores_rectangular"": [1, 64, 1, 8193]}",134234112,0,{},0,8406016,2097408,FLOPs 仅有效因果位置；载荷是假定 Q/K 各读一次、GQA 头共享，完整分数矩阵物化。
58,score_scale_mask_softmax,softmax,"{""scores"": [1, 64, 1, 8193]}",0,2097344,"{""exp"": 524352, ""compare_max"": 524288, ""mask_decisions"": 524352}",0,2097408,2097408,选择的融合 scale/mask/softmax 代数工作；屏蔽点不计 exp。物化 FP32 默认概率；非具体 eager trace。
58,pv,attention,"{""P"": [1, 64, 1, 8193], ""V_shared"": [1, 4, 8193, 128], ""output"": [1, 64, 1, 128]}",134234112,0,{},0,10487040,16384,PV/AV：各 Q 头仍计算；V 容量不乘 GQA 复制数。载荷假定 V 在头／查询之间理想复用。
58,o_proj,linear,"{""input"": [1, 8192], ""weight_math"": [8192, 4096], ""weight_storage"": [4096, 8192], ""output"": [1, 4096]}",67108864,0,{},67108864,16384,8192,独立 GEMM：权重与输入各读一次、输出写一次的操作数载荷；不预测 tile 重读。
58,attention_residual,residual,"{""inputs_each"": [1, 4096], ""output"": [1, 4096]}",0,4096,{},0,16384,8192,
58,post_attention_layernorm,normalization,"{""input"": [1, 4096], ""weight"": [4096], ""output"": [1, 4096]}",0,16385,"{""rsqrt"": 1}",8192,8192,8192,按 FP32 行内归约的代数计数；rsqrt、类型转换与临时 FP32 张量分列／不推断 HBM spill。
58,router,linear,"{""input"": [1, 4096], ""weight_math"": [4096, 128], ""weight_storage"": [128, 4096], ""output"": [1, 128]}",1048576,0,{},1048576,8192,256,独立 GEMM：权重与输入各读一次、输出写一次的操作数载荷；不预测 tile 重读。
58,router_softmax,routing,"{""input"": [1, 128], ""probabilities_fp32"": [1, 128]}",0,383,"{""exp"": 128, ""compare_max"": 127}",0,256,512,"FP32 softmax: subtract max, exp, reduction, divide; casts are not FLOPs."
58,router_topk,routing,"{""input_fp32"": [1, 128], ""values_fp32"": [1, 8], ""indices_int64"": [1, 8]}",0,0,"{""topk_rows"": 1, ""topk_candidates"": 128}",0,512,96,Top-k is an explicit selection primitive; candidate counts are not comparisons or FLOPs. Backend selection algorithm is unspecified.
58,router_renormalize_cast,routing,"{""selected_probabilities"": [1, 8]}",0,15,{},0,32,16,"Selected probabilities are renormalized if norm_topk_prob, then cast to activation dtype; row reduction assumed on-chip."
58,routing_one_hot,routing_metadata,"{""selected_int64"": [1, 8], ""mask_int64"": [1, 8, 128]}",0,0,"{""one_hot_entries"": 1024}",0,64,8192,Pinned HF reference materializes one_hot int64; this large routing mask is not assumed in optimized dispatch.
58,routing_where,routing_metadata,"{""mask_int64"": [128, 8, 1], ""top_x_and_slot_each"": [8]}",0,0,"{""integer_nonzero_tests"": 1024}",0,8192,128,Scan each expert mask; two int64 coordinates per assignment. Permute is a view.
58,expert_gather,routing,"{""source"": [1, 4096], ""gathered_rows"": [8, 4096]}",0,0,{},0,65600,65536,Logical gathers summed over experts; n_e and each concrete GEMM shape are in expert_matrices.
58,expert_gate_proj,linear,"{""input_per_expert"": [""n_e"", 4096], ""weight_storage_each"": [1536, 4096], ""output_per_expert"": [""n_e"", 1536], ""nonempty_experts"": 8, ""tokens_per_expert"": [1, 1, 1, 1, 1, 1, 1, 1, 0, 0, 0, 0, 0, 0, 0, 0, 0, 0, 0, 0, 0, 0, 0, 0, 0, 0, 0, 0, 0, 0, 0, 0, 0, 0, 0, 0, 0, 0, 0, 0, 0, 0, 0, 0, 0, 0, 0, 0, 0, 0, 0, 0, 0, 0, 0, 0, 0, 0, 0, 0, 0, 0, 0, 0, 0, 0, 0, 0, 0, 0, 0, 0, 0, 0, 0, 0, 0, 0, 0, 0, 0, 0, 0, 0, 0, 0, 0, 0, 0, 0, 0, 0, 0, 0, 0, 0, 0, 0, 0, 0, 0, 0, 0, 0, 0, 0, 0, 0, 0, 0, 0, 0, 0, 0, 0, 0, 0, 0, 0, 0, 0, 0, 0, 0, 0, 0, 0, 0]}",100663296,0,{},100663296,65536,24576,"Sum of unpadded per-expert GEMMs; each visited expert weight read once per layer, not once per token."
58,expert_up_proj,linear,"{""input_per_expert"": [""n_e"", 4096], ""weight_storage_each"": [1536, 4096], ""output_per_expert"": [""n_e"", 1536], ""nonempty_experts"": 8, ""tokens_per_expert"": [1, 1, 1, 1, 1, 1, 1, 1, 0, 0, 0, 0, 0, 0, 0, 0, 0, 0, 0, 0, 0, 0, 0, 0, 0, 0, 0, 0, 0, 0, 0, 0, 0, 0, 0, 0, 0, 0, 0, 0, 0, 0, 0, 0, 0, 0, 0, 0, 0, 0, 0, 0, 0, 0, 0, 0, 0, 0, 0, 0, 0, 0, 0, 0, 0, 0, 0, 0, 0, 0, 0, 0, 0, 0, 0, 0, 0, 0, 0, 0, 0, 0, 0, 0, 0, 0, 0, 0, 0, 0, 0, 0, 0, 0, 0, 0, 0, 0, 0, 0, 0, 0, 0, 0, 0, 0, 0, 0, 0, 0, 0, 0, 0, 0, 0, 0, 0, 0, 0, 0, 0, 0, 0, 0, 0, 0, 0, 0]}",100663296,0,{},100663296,65536,24576,"Sum of unpadded per-expert GEMMs; each visited expert weight read once per layer, not once per token."
58,expert_silu_mul,activation,"{""gate_and_up_each"": [8, 1536]}",0,49152,"{""exp"": 12288, ""negate"": 12288}",0,49152,24576,
58,expert_down_proj,linear,"{""input_per_expert"": [""n_e"", 1536], ""weight_storage_each"": [4096, 1536], ""output_per_expert"": [""n_e"", 4096], ""nonempty_experts"": 8, ""tokens_per_expert"": [1, 1, 1, 1, 1, 1, 1, 1, 0, 0, 0, 0, 0, 0, 0, 0, 0, 0, 0, 0, 0, 0, 0, 0, 0, 0, 0, 0, 0, 0, 0, 0, 0, 0, 0, 0, 0, 0, 0, 0, 0, 0, 0, 0, 0, 0, 0, 0, 0, 0, 0, 0, 0, 0, 0, 0, 0, 0, 0, 0, 0, 0, 0, 0, 0, 0, 0, 0, 0, 0, 0, 0, 0, 0, 0, 0, 0, 0, 0, 0, 0, 0, 0, 0, 0, 0, 0, 0, 0, 0, 0, 0, 0, 0, 0, 0, 0, 0, 0, 0, 0, 0, 0, 0, 0, 0, 0, 0, 0, 0, 0, 0, 0, 0, 0, 0, 0, 0, 0, 0, 0, 0, 0, 0, 0, 0, 0, 0]}",100663296,0,{},100663296,24576,65536,Unpadded per-expert GEMMs; empty experts have zero arithmetic and no weight payload.
58,expert_probability_multiply,routing,"{""expert_outputs"": [8, 4096], ""routing_weights"": [8]}",0,32768,{},0,65680,65536,Probability broadcast reuses one value per assignment; int64 token/slot indices included.
58,expert_output_zero,routing,"{""output"": [1, 4096]}",0,0,{},0,0,8192,Reference initializes final_hidden_states to zero.
58,expert_index_add,routing,"{""weighted_outputs"": [8, 4096], ""combined_output"": [1, 4096]}",0,32768,{},0,131136,65536,"Reference index_add includes the first add into zero; destination read/update per assignment is logical payload, not measured HBM."
58,ffn_residual,residual,"{""inputs_each"": [1, 4096], ""output"": [1, 4096]}",0,4096,{},0,16384,8192,
59,input_layernorm,normalization,"{""input"": [1, 4096], ""weight"": [4096], ""output"": [1, 4096]}",0,16385,"{""rsqrt"": 1}",8192,8192,8192,按 FP32 行内归约的代数计数；rsqrt、类型转换与临时 FP32 张量分列／不推断 HBM spill。
59,q_proj,linear,"{""input"": [1, 4096], ""weight_math"": [4096, 8192], ""weight_storage"": [8192, 4096], ""output"": [1, 8192]}",67108864,0,{},67108864,8192,16384,独立 GEMM：权重与输入各读一次、输出写一次的操作数载荷；不预测 tile 重读。
59,k_proj,linear,"{""input"": [1, 4096], ""weight_math"": [4096, 512], ""weight_storage"": [512, 4096], ""output"": [1, 512]}",4194304,0,{},4194304,8192,1024,独立 GEMM：权重与输入各读一次、输出写一次的操作数载荷；不预测 tile 重读。
59,v_proj,linear,"{""input"": [1, 4096], ""weight_math"": [4096, 512], ""weight_storage"": [512, 4096], ""output"": [1, 512]}",4194304,0,{},4194304,8192,1024,独立 GEMM：权重与输入各读一次、输出写一次的操作数载荷；不预测 tile 重读。
59,q_norm,normalization,"{""input"": [64, 128], ""weight"": [128], ""output"": [64, 128]}",0,32832,"{""rsqrt"": 64}",256,16384,16384,按 FP32 行内归约的代数计数；rsqrt、类型转换与临时 FP32 张量分列／不推断 HBM spill。
59,k_norm,normalization,"{""input"": [4, 128], ""weight"": [128], ""output"": [4, 128]}",0,2052,"{""rsqrt"": 4}",256,1024,1024,按 FP32 行内归约的代数计数；rsqrt、类型转换与临时 FP32 张量分列／不推断 HBM spill。
59,apply_rope,position,"{""Q"": [1, 64, 1, 128], ""K"": [1, 4, 1, 128]}",0,26112,"{""negate"": 4352}",0,17920,17408,2 multiply + 1 add/元素，rotate_half 符号翻转分列；表按批／头理想复用。
59,kv_append,state,"{""new_K_and_V_each"": [1, 4, 1, 128]}",0,0,{},0,2048,2048,原位／分页 append 载荷；不假定动态 torch.cat 对旧缓存整段复制。
59,qk,attention,"{""Q"": [1, 64, 1, 128], ""K_shared"": [1, 4, 8193, 128], ""scores_rectangular"": [1, 64, 1, 8193]}",134234112,0,{},0,8406016,2097408,FLOPs 仅有效因果位置；载荷是假定 Q/K 各读一次、GQA 头共享，完整分数矩阵物化。
59,score_scale_mask_softmax,softmax,"{""scores"": [1, 64, 1, 8193]}",0,2097344,"{""exp"": 524352, ""compare_max"": 524288, ""mask_decisions"": 524352}",0,2097408,2097408,选择的融合 scale/mask/softmax 代数工作；屏蔽点不计 exp。物化 FP32 默认概率；非具体 eager trace。
59,pv,attention,"{""P"": [1, 64, 1, 8193], ""V_shared"": [1, 4, 8193, 128], ""output"": [1, 64, 1, 128]}",134234112,0,{},0,10487040,16384,PV/AV：各 Q 头仍计算；V 容量不乘 GQA 复制数。载荷假定 V 在头／查询之间理想复用。
59,o_proj,linear,"{""input"": [1, 8192], ""weight_math"": [8192, 4096], ""weight_storage"": [4096, 8192], ""output"": [1, 4096]}",67108864,0,{},67108864,16384,8192,独立 GEMM：权重与输入各读一次、输出写一次的操作数载荷；不预测 tile 重读。
59,attention_residual,residual,"{""inputs_each"": [1, 4096], ""output"": [1, 4096]}",0,4096,{},0,16384,8192,
59,post_attention_layernorm,normalization,"{""input"": [1, 4096], ""weight"": [4096], ""output"": [1, 4096]}",0,16385,"{""rsqrt"": 1}",8192,8192,8192,按 FP32 行内归约的代数计数；rsqrt、类型转换与临时 FP32 张量分列／不推断 HBM spill。
59,router,linear,"{""input"": [1, 4096], ""weight_math"": [4096, 128], ""weight_storage"": [128, 4096], ""output"": [1, 128]}",1048576,0,{},1048576,8192,256,独立 GEMM：权重与输入各读一次、输出写一次的操作数载荷；不预测 tile 重读。
59,router_softmax,routing,"{""input"": [1, 128], ""probabilities_fp32"": [1, 128]}",0,383,"{""exp"": 128, ""compare_max"": 127}",0,256,512,"FP32 softmax: subtract max, exp, reduction, divide; casts are not FLOPs."
59,router_topk,routing,"{""input_fp32"": [1, 128], ""values_fp32"": [1, 8], ""indices_int64"": [1, 8]}",0,0,"{""topk_rows"": 1, ""topk_candidates"": 128}",0,512,96,Top-k is an explicit selection primitive; candidate counts are not comparisons or FLOPs. Backend selection algorithm is unspecified.
59,router_renormalize_cast,routing,"{""selected_probabilities"": [1, 8]}",0,15,{},0,32,16,"Selected probabilities are renormalized if norm_topk_prob, then cast to activation dtype; row reduction assumed on-chip."
59,routing_one_hot,routing_metadata,"{""selected_int64"": [1, 8], ""mask_int64"": [1, 8, 128]}",0,0,"{""one_hot_entries"": 1024}",0,64,8192,Pinned HF reference materializes one_hot int64; this large routing mask is not assumed in optimized dispatch.
59,routing_where,routing_metadata,"{""mask_int64"": [128, 8, 1], ""top_x_and_slot_each"": [8]}",0,0,"{""integer_nonzero_tests"": 1024}",0,8192,128,Scan each expert mask; two int64 coordinates per assignment. Permute is a view.
59,expert_gather,routing,"{""source"": [1, 4096], ""gathered_rows"": [8, 4096]}",0,0,{},0,65600,65536,Logical gathers summed over experts; n_e and each concrete GEMM shape are in expert_matrices.
59,expert_gate_proj,linear,"{""input_per_expert"": [""n_e"", 4096], ""weight_storage_each"": [1536, 4096], ""output_per_expert"": [""n_e"", 1536], ""nonempty_experts"": 8, ""tokens_per_expert"": [1, 1, 1, 1, 1, 1, 1, 1, 0, 0, 0, 0, 0, 0, 0, 0, 0, 0, 0, 0, 0, 0, 0, 0, 0, 0, 0, 0, 0, 0, 0, 0, 0, 0, 0, 0, 0, 0, 0, 0, 0, 0, 0, 0, 0, 0, 0, 0, 0, 0, 0, 0, 0, 0, 0, 0, 0, 0, 0, 0, 0, 0, 0, 0, 0, 0, 0, 0, 0, 0, 0, 0, 0, 0, 0, 0, 0, 0, 0, 0, 0, 0, 0, 0, 0, 0, 0, 0, 0, 0, 0, 0, 0, 0, 0, 0, 0, 0, 0, 0, 0, 0, 0, 0, 0, 0, 0, 0, 0, 0, 0, 0, 0, 0, 0, 0, 0, 0, 0, 0, 0, 0, 0, 0, 0, 0, 0, 0]}",100663296,0,{},100663296,65536,24576,"Sum of unpadded per-expert GEMMs; each visited expert weight read once per layer, not once per token."
59,expert_up_proj,linear,"{""input_per_expert"": [""n_e"", 4096], ""weight_storage_each"": [1536, 4096], ""output_per_expert"": [""n_e"", 1536], ""nonempty_experts"": 8, ""tokens_per_expert"": [1, 1, 1, 1, 1, 1, 1, 1, 0, 0, 0, 0, 0, 0, 0, 0, 0, 0, 0, 0, 0, 0, 0, 0, 0, 0, 0, 0, 0, 0, 0, 0, 0, 0, 0, 0, 0, 0, 0, 0, 0, 0, 0, 0, 0, 0, 0, 0, 0, 0, 0, 0, 0, 0, 0, 0, 0, 0, 0, 0, 0, 0, 0, 0, 0, 0, 0, 0, 0, 0, 0, 0, 0, 0, 0, 0, 0, 0, 0, 0, 0, 0, 0, 0, 0, 0, 0, 0, 0, 0, 0, 0, 0, 0, 0, 0, 0, 0, 0, 0, 0, 0, 0, 0, 0, 0, 0, 0, 0, 0, 0, 0, 0, 0, 0, 0, 0, 0, 0, 0, 0, 0, 0, 0, 0, 0, 0, 0]}",100663296,0,{},100663296,65536,24576,"Sum of unpadded per-expert GEMMs; each visited expert weight read once per layer, not once per token."
59,expert_silu_mul,activation,"{""gate_and_up_each"": [8, 1536]}",0,49152,"{""exp"": 12288, ""negate"": 12288}",0,49152,24576,
59,expert_down_proj,linear,"{""input_per_expert"": [""n_e"", 1536], ""weight_storage_each"": [4096, 1536], ""output_per_expert"": [""n_e"", 4096], ""nonempty_experts"": 8, ""tokens_per_expert"": [1, 1, 1, 1, 1, 1, 1, 1, 0, 0, 0, 0, 0, 0, 0, 0, 0, 0, 0, 0, 0, 0, 0, 0, 0, 0, 0, 0, 0, 0, 0, 0, 0, 0, 0, 0, 0, 0, 0, 0, 0, 0, 0, 0, 0, 0, 0, 0, 0, 0, 0, 0, 0, 0, 0, 0, 0, 0, 0, 0, 0, 0, 0, 0, 0, 0, 0, 0, 0, 0, 0, 0, 0, 0, 0, 0, 0, 0, 0, 0, 0, 0, 0, 0, 0, 0, 0, 0, 0, 0, 0, 0, 0, 0, 0, 0, 0, 0, 0, 0, 0, 0, 0, 0, 0, 0, 0, 0, 0, 0, 0, 0, 0, 0, 0, 0, 0, 0, 0, 0, 0, 0, 0, 0, 0, 0, 0, 0]}",100663296,0,{},100663296,24576,65536,Unpadded per-expert GEMMs; empty experts have zero arithmetic and no weight payload.
59,expert_probability_multiply,routing,"{""expert_outputs"": [8, 4096], ""routing_weights"": [8]}",0,32768,{},0,65680,65536,Probability broadcast reuses one value per assignment; int64 token/slot indices included.
59,expert_output_zero,routing,"{""output"": [1, 4096]}",0,0,{},0,0,8192,Reference initializes final_hidden_states to zero.
59,expert_index_add,routing,"{""weighted_outputs"": [8, 4096], ""combined_output"": [1, 4096]}",0,32768,{},0,131136,65536,"Reference index_add includes the first add into zero; destination read/update per assignment is logical payload, not measured HBM."
59,ffn_residual,residual,"{""inputs_each"": [1, 4096], ""output"": [1, 4096]}",0,4096,{},0,16384,8192,
60,input_layernorm,normalization,"{""input"": [1, 4096], ""weight"": [4096], ""output"": [1, 4096]}",0,16385,"{""rsqrt"": 1}",8192,8192,8192,按 FP32 行内归约的代数计数；rsqrt、类型转换与临时 FP32 张量分列／不推断 HBM spill。
60,q_proj,linear,"{""input"": [1, 4096], ""weight_math"": [4096, 8192], ""weight_storage"": [8192, 4096], ""output"": [1, 8192]}",67108864,0,{},67108864,8192,16384,独立 GEMM：权重与输入各读一次、输出写一次的操作数载荷；不预测 tile 重读。
60,k_proj,linear,"{""input"": [1, 4096], ""weight_math"": [4096, 512], ""weight_storage"": [512, 4096], ""output"": [1, 512]}",4194304,0,{},4194304,8192,1024,独立 GEMM：权重与输入各读一次、输出写一次的操作数载荷；不预测 tile 重读。
60,v_proj,linear,"{""input"": [1, 4096], ""weight_math"": [4096, 512], ""weight_storage"": [512, 4096], ""output"": [1, 512]}",4194304,0,{},4194304,8192,1024,独立 GEMM：权重与输入各读一次、输出写一次的操作数载荷；不预测 tile 重读。
60,q_norm,normalization,"{""input"": [64, 128], ""weight"": [128], ""output"": [64, 128]}",0,32832,"{""rsqrt"": 64}",256,16384,16384,按 FP32 行内归约的代数计数；rsqrt、类型转换与临时 FP32 张量分列／不推断 HBM spill。
60,k_norm,normalization,"{""input"": [4, 128], ""weight"": [128], ""output"": [4, 128]}",0,2052,"{""rsqrt"": 4}",256,1024,1024,按 FP32 行内归约的代数计数；rsqrt、类型转换与临时 FP32 张量分列／不推断 HBM spill。
60,apply_rope,position,"{""Q"": [1, 64, 1, 128], ""K"": [1, 4, 1, 128]}",0,26112,"{""negate"": 4352}",0,17920,17408,2 multiply + 1 add/元素，rotate_half 符号翻转分列；表按批／头理想复用。
60,kv_append,state,"{""new_K_and_V_each"": [1, 4, 1, 128]}",0,0,{},0,2048,2048,原位／分页 append 载荷；不假定动态 torch.cat 对旧缓存整段复制。
60,qk,attention,"{""Q"": [1, 64, 1, 128], ""K_shared"": [1, 4, 8193, 128], ""scores_rectangular"": [1, 64, 1, 8193]}",134234112,0,{},0,8406016,2097408,FLOPs 仅有效因果位置；载荷是假定 Q/K 各读一次、GQA 头共享，完整分数矩阵物化。
60,score_scale_mask_softmax,softmax,"{""scores"": [1, 64, 1, 8193]}",0,2097344,"{""exp"": 524352, ""compare_max"": 524288, ""mask_decisions"": 524352}",0,2097408,2097408,选择的融合 scale/mask/softmax 代数工作；屏蔽点不计 exp。物化 FP32 默认概率；非具体 eager trace。
60,pv,attention,"{""P"": [1, 64, 1, 8193], ""V_shared"": [1, 4, 8193, 128], ""output"": [1, 64, 1, 128]}",134234112,0,{},0,10487040,16384,PV/AV：各 Q 头仍计算；V 容量不乘 GQA 复制数。载荷假定 V 在头／查询之间理想复用。
60,o_proj,linear,"{""input"": [1, 8192], ""weight_math"": [8192, 4096], ""weight_storage"": [4096, 8192], ""output"": [1, 4096]}",67108864,0,{},67108864,16384,8192,独立 GEMM：权重与输入各读一次、输出写一次的操作数载荷；不预测 tile 重读。
60,attention_residual,residual,"{""inputs_each"": [1, 4096], ""output"": [1, 4096]}",0,4096,{},0,16384,8192,
60,post_attention_layernorm,normalization,"{""input"": [1, 4096], ""weight"": [4096], ""output"": [1, 4096]}",0,16385,"{""rsqrt"": 1}",8192,8192,8192,按 FP32 行内归约的代数计数；rsqrt、类型转换与临时 FP32 张量分列／不推断 HBM spill。
60,router,linear,"{""input"": [1, 4096], ""weight_math"": [4096, 128], ""weight_storage"": [128, 4096], ""output"": [1, 128]}",1048576,0,{},1048576,8192,256,独立 GEMM：权重与输入各读一次、输出写一次的操作数载荷；不预测 tile 重读。
60,router_softmax,routing,"{""input"": [1, 128], ""probabilities_fp32"": [1, 128]}",0,383,"{""exp"": 128, ""compare_max"": 127}",0,256,512,"FP32 softmax: subtract max, exp, reduction, divide; casts are not FLOPs."
60,router_topk,routing,"{""input_fp32"": [1, 128], ""values_fp32"": [1, 8], ""indices_int64"": [1, 8]}",0,0,"{""topk_rows"": 1, ""topk_candidates"": 128}",0,512,96,Top-k is an explicit selection primitive; candidate counts are not comparisons or FLOPs. Backend selection algorithm is unspecified.
60,router_renormalize_cast,routing,"{""selected_probabilities"": [1, 8]}",0,15,{},0,32,16,"Selected probabilities are renormalized if norm_topk_prob, then cast to activation dtype; row reduction assumed on-chip."
60,routing_one_hot,routing_metadata,"{""selected_int64"": [1, 8], ""mask_int64"": [1, 8, 128]}",0,0,"{""one_hot_entries"": 1024}",0,64,8192,Pinned HF reference materializes one_hot int64; this large routing mask is not assumed in optimized dispatch.
60,routing_where,routing_metadata,"{""mask_int64"": [128, 8, 1], ""top_x_and_slot_each"": [8]}",0,0,"{""integer_nonzero_tests"": 1024}",0,8192,128,Scan each expert mask; two int64 coordinates per assignment. Permute is a view.
60,expert_gather,routing,"{""source"": [1, 4096], ""gathered_rows"": [8, 4096]}",0,0,{},0,65600,65536,Logical gathers summed over experts; n_e and each concrete GEMM shape are in expert_matrices.
60,expert_gate_proj,linear,"{""input_per_expert"": [""n_e"", 4096], ""weight_storage_each"": [1536, 4096], ""output_per_expert"": [""n_e"", 1536], ""nonempty_experts"": 8, ""tokens_per_expert"": [1, 1, 1, 1, 1, 1, 1, 1, 0, 0, 0, 0, 0, 0, 0, 0, 0, 0, 0, 0, 0, 0, 0, 0, 0, 0, 0, 0, 0, 0, 0, 0, 0, 0, 0, 0, 0, 0, 0, 0, 0, 0, 0, 0, 0, 0, 0, 0, 0, 0, 0, 0, 0, 0, 0, 0, 0, 0, 0, 0, 0, 0, 0, 0, 0, 0, 0, 0, 0, 0, 0, 0, 0, 0, 0, 0, 0, 0, 0, 0, 0, 0, 0, 0, 0, 0, 0, 0, 0, 0, 0, 0, 0, 0, 0, 0, 0, 0, 0, 0, 0, 0, 0, 0, 0, 0, 0, 0, 0, 0, 0, 0, 0, 0, 0, 0, 0, 0, 0, 0, 0, 0, 0, 0, 0, 0, 0, 0]}",100663296,0,{},100663296,65536,24576,"Sum of unpadded per-expert GEMMs; each visited expert weight read once per layer, not once per token."
60,expert_up_proj,linear,"{""input_per_expert"": [""n_e"", 4096], ""weight_storage_each"": [1536, 4096], ""output_per_expert"": [""n_e"", 1536], ""nonempty_experts"": 8, ""tokens_per_expert"": [1, 1, 1, 1, 1, 1, 1, 1, 0, 0, 0, 0, 0, 0, 0, 0, 0, 0, 0, 0, 0, 0, 0, 0, 0, 0, 0, 0, 0, 0, 0, 0, 0, 0, 0, 0, 0, 0, 0, 0, 0, 0, 0, 0, 0, 0, 0, 0, 0, 0, 0, 0, 0, 0, 0, 0, 0, 0, 0, 0, 0, 0, 0, 0, 0, 0, 0, 0, 0, 0, 0, 0, 0, 0, 0, 0, 0, 0, 0, 0, 0, 0, 0, 0, 0, 0, 0, 0, 0, 0, 0, 0, 0, 0, 0, 0, 0, 0, 0, 0, 0, 0, 0, 0, 0, 0, 0, 0, 0, 0, 0, 0, 0, 0, 0, 0, 0, 0, 0, 0, 0, 0, 0, 0, 0, 0, 0, 0]}",100663296,0,{},100663296,65536,24576,"Sum of unpadded per-expert GEMMs; each visited expert weight read once per layer, not once per token."
60,expert_silu_mul,activation,"{""gate_and_up_each"": [8, 1536]}",0,49152,"{""exp"": 12288, ""negate"": 12288}",0,49152,24576,
60,expert_down_proj,linear,"{""input_per_expert"": [""n_e"", 1536], ""weight_storage_each"": [4096, 1536], ""output_per_expert"": [""n_e"", 4096], ""nonempty_experts"": 8, ""tokens_per_expert"": [1, 1, 1, 1, 1, 1, 1, 1, 0, 0, 0, 0, 0, 0, 0, 0, 0, 0, 0, 0, 0, 0, 0, 0, 0, 0, 0, 0, 0, 0, 0, 0, 0, 0, 0, 0, 0, 0, 0, 0, 0, 0, 0, 0, 0, 0, 0, 0, 0, 0, 0, 0, 0, 0, 0, 0, 0, 0, 0, 0, 0, 0, 0, 0, 0, 0, 0, 0, 0, 0, 0, 0, 0, 0, 0, 0, 0, 0, 0, 0, 0, 0, 0, 0, 0, 0, 0, 0, 0, 0, 0, 0, 0, 0, 0, 0, 0, 0, 0, 0, 0, 0, 0, 0, 0, 0, 0, 0, 0, 0, 0, 0, 0, 0, 0, 0, 0, 0, 0, 0, 0, 0, 0, 0, 0, 0, 0, 0]}",100663296,0,{},100663296,24576,65536,Unpadded per-expert GEMMs; empty experts have zero arithmetic and no weight payload.
60,expert_probability_multiply,routing,"{""expert_outputs"": [8, 4096], ""routing_weights"": [8]}",0,32768,{},0,65680,65536,Probability broadcast reuses one value per assignment; int64 token/slot indices included.
60,expert_output_zero,routing,"{""output"": [1, 4096]}",0,0,{},0,0,8192,Reference initializes final_hidden_states to zero.
60,expert_index_add,routing,"{""weighted_outputs"": [8, 4096], ""combined_output"": [1, 4096]}",0,32768,{},0,131136,65536,"Reference index_add includes the first add into zero; destination read/update per assignment is logical payload, not measured HBM."
60,ffn_residual,residual,"{""inputs_each"": [1, 4096], ""output"": [1, 4096]}",0,4096,{},0,16384,8192,
61,input_layernorm,normalization,"{""input"": [1, 4096], ""weight"": [4096], ""output"": [1, 4096]}",0,16385,"{""rsqrt"": 1}",8192,8192,8192,按 FP32 行内归约的代数计数；rsqrt、类型转换与临时 FP32 张量分列／不推断 HBM spill。
61,q_proj,linear,"{""input"": [1, 4096], ""weight_math"": [4096, 8192], ""weight_storage"": [8192, 4096], ""output"": [1, 8192]}",67108864,0,{},67108864,8192,16384,独立 GEMM：权重与输入各读一次、输出写一次的操作数载荷；不预测 tile 重读。
61,k_proj,linear,"{""input"": [1, 4096], ""weight_math"": [4096, 512], ""weight_storage"": [512, 4096], ""output"": [1, 512]}",4194304,0,{},4194304,8192,1024,独立 GEMM：权重与输入各读一次、输出写一次的操作数载荷；不预测 tile 重读。
61,v_proj,linear,"{""input"": [1, 4096], ""weight_math"": [4096, 512], ""weight_storage"": [512, 4096], ""output"": [1, 512]}",4194304,0,{},4194304,8192,1024,独立 GEMM：权重与输入各读一次、输出写一次的操作数载荷；不预测 tile 重读。
61,q_norm,normalization,"{""input"": [64, 128], ""weight"": [128], ""output"": [64, 128]}",0,32832,"{""rsqrt"": 64}",256,16384,16384,按 FP32 行内归约的代数计数；rsqrt、类型转换与临时 FP32 张量分列／不推断 HBM spill。
61,k_norm,normalization,"{""input"": [4, 128], ""weight"": [128], ""output"": [4, 128]}",0,2052,"{""rsqrt"": 4}",256,1024,1024,按 FP32 行内归约的代数计数；rsqrt、类型转换与临时 FP32 张量分列／不推断 HBM spill。
61,apply_rope,position,"{""Q"": [1, 64, 1, 128], ""K"": [1, 4, 1, 128]}",0,26112,"{""negate"": 4352}",0,17920,17408,2 multiply + 1 add/元素，rotate_half 符号翻转分列；表按批／头理想复用。
61,kv_append,state,"{""new_K_and_V_each"": [1, 4, 1, 128]}",0,0,{},0,2048,2048,原位／分页 append 载荷；不假定动态 torch.cat 对旧缓存整段复制。
61,qk,attention,"{""Q"": [1, 64, 1, 128], ""K_shared"": [1, 4, 8193, 128], ""scores_rectangular"": [1, 64, 1, 8193]}",134234112,0,{},0,8406016,2097408,FLOPs 仅有效因果位置；载荷是假定 Q/K 各读一次、GQA 头共享，完整分数矩阵物化。
61,score_scale_mask_softmax,softmax,"{""scores"": [1, 64, 1, 8193]}",0,2097344,"{""exp"": 524352, ""compare_max"": 524288, ""mask_decisions"": 524352}",0,2097408,2097408,选择的融合 scale/mask/softmax 代数工作；屏蔽点不计 exp。物化 FP32 默认概率；非具体 eager trace。
61,pv,attention,"{""P"": [1, 64, 1, 8193], ""V_shared"": [1, 4, 8193, 128], ""output"": [1, 64, 1, 128]}",134234112,0,{},0,10487040,16384,PV/AV：各 Q 头仍计算；V 容量不乘 GQA 复制数。载荷假定 V 在头／查询之间理想复用。
61,o_proj,linear,"{""input"": [1, 8192], ""weight_math"": [8192, 4096], ""weight_storage"": [4096, 8192], ""output"": [1, 4096]}",67108864,0,{},67108864,16384,8192,独立 GEMM：权重与输入各读一次、输出写一次的操作数载荷；不预测 tile 重读。
61,attention_residual,residual,"{""inputs_each"": [1, 4096], ""output"": [1, 4096]}",0,4096,{},0,16384,8192,
61,post_attention_layernorm,normalization,"{""input"": [1, 4096], ""weight"": [4096], ""output"": [1, 4096]}",0,16385,"{""rsqrt"": 1}",8192,8192,8192,按 FP32 行内归约的代数计数；rsqrt、类型转换与临时 FP32 张量分列／不推断 HBM spill。
61,router,linear,"{""input"": [1, 4096], ""weight_math"": [4096, 128], ""weight_storage"": [128, 4096], ""output"": [1, 128]}",1048576,0,{},1048576,8192,256,独立 GEMM：权重与输入各读一次、输出写一次的操作数载荷；不预测 tile 重读。
61,router_softmax,routing,"{""input"": [1, 128], ""probabilities_fp32"": [1, 128]}",0,383,"{""exp"": 128, ""compare_max"": 127}",0,256,512,"FP32 softmax: subtract max, exp, reduction, divide; casts are not FLOPs."
61,router_topk,routing,"{""input_fp32"": [1, 128], ""values_fp32"": [1, 8], ""indices_int64"": [1, 8]}",0,0,"{""topk_rows"": 1, ""topk_candidates"": 128}",0,512,96,Top-k is an explicit selection primitive; candidate counts are not comparisons or FLOPs. Backend selection algorithm is unspecified.
61,router_renormalize_cast,routing,"{""selected_probabilities"": [1, 8]}",0,15,{},0,32,16,"Selected probabilities are renormalized if norm_topk_prob, then cast to activation dtype; row reduction assumed on-chip."
61,routing_one_hot,routing_metadata,"{""selected_int64"": [1, 8], ""mask_int64"": [1, 8, 128]}",0,0,"{""one_hot_entries"": 1024}",0,64,8192,Pinned HF reference materializes one_hot int64; this large routing mask is not assumed in optimized dispatch.
61,routing_where,routing_metadata,"{""mask_int64"": [128, 8, 1], ""top_x_and_slot_each"": [8]}",0,0,"{""integer_nonzero_tests"": 1024}",0,8192,128,Scan each expert mask; two int64 coordinates per assignment. Permute is a view.
61,expert_gather,routing,"{""source"": [1, 4096], ""gathered_rows"": [8, 4096]}",0,0,{},0,65600,65536,Logical gathers summed over experts; n_e and each concrete GEMM shape are in expert_matrices.
61,expert_gate_proj,linear,"{""input_per_expert"": [""n_e"", 4096], ""weight_storage_each"": [1536, 4096], ""output_per_expert"": [""n_e"", 1536], ""nonempty_experts"": 8, ""tokens_per_expert"": [1, 1, 1, 1, 1, 1, 1, 1, 0, 0, 0, 0, 0, 0, 0, 0, 0, 0, 0, 0, 0, 0, 0, 0, 0, 0, 0, 0, 0, 0, 0, 0, 0, 0, 0, 0, 0, 0, 0, 0, 0, 0, 0, 0, 0, 0, 0, 0, 0, 0, 0, 0, 0, 0, 0, 0, 0, 0, 0, 0, 0, 0, 0, 0, 0, 0, 0, 0, 0, 0, 0, 0, 0, 0, 0, 0, 0, 0, 0, 0, 0, 0, 0, 0, 0, 0, 0, 0, 0, 0, 0, 0, 0, 0, 0, 0, 0, 0, 0, 0, 0, 0, 0, 0, 0, 0, 0, 0, 0, 0, 0, 0, 0, 0, 0, 0, 0, 0, 0, 0, 0, 0, 0, 0, 0, 0, 0, 0]}",100663296,0,{},100663296,65536,24576,"Sum of unpadded per-expert GEMMs; each visited expert weight read once per layer, not once per token."
61,expert_up_proj,linear,"{""input_per_expert"": [""n_e"", 4096], ""weight_storage_each"": [1536, 4096], ""output_per_expert"": [""n_e"", 1536], ""nonempty_experts"": 8, ""tokens_per_expert"": [1, 1, 1, 1, 1, 1, 1, 1, 0, 0, 0, 0, 0, 0, 0, 0, 0, 0, 0, 0, 0, 0, 0, 0, 0, 0, 0, 0, 0, 0, 0, 0, 0, 0, 0, 0, 0, 0, 0, 0, 0, 0, 0, 0, 0, 0, 0, 0, 0, 0, 0, 0, 0, 0, 0, 0, 0, 0, 0, 0, 0, 0, 0, 0, 0, 0, 0, 0, 0, 0, 0, 0, 0, 0, 0, 0, 0, 0, 0, 0, 0, 0, 0, 0, 0, 0, 0, 0, 0, 0, 0, 0, 0, 0, 0, 0, 0, 0, 0, 0, 0, 0, 0, 0, 0, 0, 0, 0, 0, 0, 0, 0, 0, 0, 0, 0, 0, 0, 0, 0, 0, 0, 0, 0, 0, 0, 0, 0]}",100663296,0,{},100663296,65536,24576,"Sum of unpadded per-expert GEMMs; each visited expert weight read once per layer, not once per token."
61,expert_silu_mul,activation,"{""gate_and_up_each"": [8, 1536]}",0,49152,"{""exp"": 12288, ""negate"": 12288}",0,49152,24576,
61,expert_down_proj,linear,"{""input_per_expert"": [""n_e"", 1536], ""weight_storage_each"": [4096, 1536], ""output_per_expert"": [""n_e"", 4096], ""nonempty_experts"": 8, ""tokens_per_expert"": [1, 1, 1, 1, 1, 1, 1, 1, 0, 0, 0, 0, 0, 0, 0, 0, 0, 0, 0, 0, 0, 0, 0, 0, 0, 0, 0, 0, 0, 0, 0, 0, 0, 0, 0, 0, 0, 0, 0, 0, 0, 0, 0, 0, 0, 0, 0, 0, 0, 0, 0, 0, 0, 0, 0, 0, 0, 0, 0, 0, 0, 0, 0, 0, 0, 0, 0, 0, 0, 0, 0, 0, 0, 0, 0, 0, 0, 0, 0, 0, 0, 0, 0, 0, 0, 0, 0, 0, 0, 0, 0, 0, 0, 0, 0, 0, 0, 0, 0, 0, 0, 0, 0, 0, 0, 0, 0, 0, 0, 0, 0, 0, 0, 0, 0, 0, 0, 0, 0, 0, 0, 0, 0, 0, 0, 0, 0, 0]}",100663296,0,{},100663296,24576,65536,Unpadded per-expert GEMMs; empty experts have zero arithmetic and no weight payload.
61,expert_probability_multiply,routing,"{""expert_outputs"": [8, 4096], ""routing_weights"": [8]}",0,32768,{},0,65680,65536,Probability broadcast reuses one value per assignment; int64 token/slot indices included.
61,expert_output_zero,routing,"{""output"": [1, 4096]}",0,0,{},0,0,8192,Reference initializes final_hidden_states to zero.
61,expert_index_add,routing,"{""weighted_outputs"": [8, 4096], ""combined_output"": [1, 4096]}",0,32768,{},0,131136,65536,"Reference index_add includes the first add into zero; destination read/update per assignment is logical payload, not measured HBM."
61,ffn_residual,residual,"{""inputs_each"": [1, 4096], ""output"": [1, 4096]}",0,4096,{},0,16384,8192,
62,input_layernorm,normalization,"{""input"": [1, 4096], ""weight"": [4096], ""output"": [1, 4096]}",0,16385,"{""rsqrt"": 1}",8192,8192,8192,按 FP32 行内归约的代数计数；rsqrt、类型转换与临时 FP32 张量分列／不推断 HBM spill。
62,q_proj,linear,"{""input"": [1, 4096], ""weight_math"": [4096, 8192], ""weight_storage"": [8192, 4096], ""output"": [1, 8192]}",67108864,0,{},67108864,8192,16384,独立 GEMM：权重与输入各读一次、输出写一次的操作数载荷；不预测 tile 重读。
62,k_proj,linear,"{""input"": [1, 4096], ""weight_math"": [4096, 512], ""weight_storage"": [512, 4096], ""output"": [1, 512]}",4194304,0,{},4194304,8192,1024,独立 GEMM：权重与输入各读一次、输出写一次的操作数载荷；不预测 tile 重读。
62,v_proj,linear,"{""input"": [1, 4096], ""weight_math"": [4096, 512], ""weight_storage"": [512, 4096], ""output"": [1, 512]}",4194304,0,{},4194304,8192,1024,独立 GEMM：权重与输入各读一次、输出写一次的操作数载荷；不预测 tile 重读。
62,q_norm,normalization,"{""input"": [64, 128], ""weight"": [128], ""output"": [64, 128]}",0,32832,"{""rsqrt"": 64}",256,16384,16384,按 FP32 行内归约的代数计数；rsqrt、类型转换与临时 FP32 张量分列／不推断 HBM spill。
62,k_norm,normalization,"{""input"": [4, 128], ""weight"": [128], ""output"": [4, 128]}",0,2052,"{""rsqrt"": 4}",256,1024,1024,按 FP32 行内归约的代数计数；rsqrt、类型转换与临时 FP32 张量分列／不推断 HBM spill。
62,apply_rope,position,"{""Q"": [1, 64, 1, 128], ""K"": [1, 4, 1, 128]}",0,26112,"{""negate"": 4352}",0,17920,17408,2 multiply + 1 add/元素，rotate_half 符号翻转分列；表按批／头理想复用。
62,kv_append,state,"{""new_K_and_V_each"": [1, 4, 1, 128]}",0,0,{},0,2048,2048,原位／分页 append 载荷；不假定动态 torch.cat 对旧缓存整段复制。
62,qk,attention,"{""Q"": [1, 64, 1, 128], ""K_shared"": [1, 4, 8193, 128], ""scores_rectangular"": [1, 64, 1, 8193]}",134234112,0,{},0,8406016,2097408,FLOPs 仅有效因果位置；载荷是假定 Q/K 各读一次、GQA 头共享，完整分数矩阵物化。
62,score_scale_mask_softmax,softmax,"{""scores"": [1, 64, 1, 8193]}",0,2097344,"{""exp"": 524352, ""compare_max"": 524288, ""mask_decisions"": 524352}",0,2097408,2097408,选择的融合 scale/mask/softmax 代数工作；屏蔽点不计 exp。物化 FP32 默认概率；非具体 eager trace。
62,pv,attention,"{""P"": [1, 64, 1, 8193], ""V_shared"": [1, 4, 8193, 128], ""output"": [1, 64, 1, 128]}",134234112,0,{},0,10487040,16384,PV/AV：各 Q 头仍计算；V 容量不乘 GQA 复制数。载荷假定 V 在头／查询之间理想复用。
62,o_proj,linear,"{""input"": [1, 8192], ""weight_math"": [8192, 4096], ""weight_storage"": [4096, 8192], ""output"": [1, 4096]}",67108864,0,{},67108864,16384,8192,独立 GEMM：权重与输入各读一次、输出写一次的操作数载荷；不预测 tile 重读。
62,attention_residual,residual,"{""inputs_each"": [1, 4096], ""output"": [1, 4096]}",0,4096,{},0,16384,8192,
62,post_attention_layernorm,normalization,"{""input"": [1, 4096], ""weight"": [4096], ""output"": [1, 4096]}",0,16385,"{""rsqrt"": 1}",8192,8192,8192,按 FP32 行内归约的代数计数；rsqrt、类型转换与临时 FP32 张量分列／不推断 HBM spill。
62,router,linear,"{""input"": [1, 4096], ""weight_math"": [4096, 128], ""weight_storage"": [128, 4096], ""output"": [1, 128]}",1048576,0,{},1048576,8192,256,独立 GEMM：权重与输入各读一次、输出写一次的操作数载荷；不预测 tile 重读。
62,router_softmax,routing,"{""input"": [1, 128], ""probabilities_fp32"": [1, 128]}",0,383,"{""exp"": 128, ""compare_max"": 127}",0,256,512,"FP32 softmax: subtract max, exp, reduction, divide; casts are not FLOPs."
62,router_topk,routing,"{""input_fp32"": [1, 128], ""values_fp32"": [1, 8], ""indices_int64"": [1, 8]}",0,0,"{""topk_rows"": 1, ""topk_candidates"": 128}",0,512,96,Top-k is an explicit selection primitive; candidate counts are not comparisons or FLOPs. Backend selection algorithm is unspecified.
62,router_renormalize_cast,routing,"{""selected_probabilities"": [1, 8]}",0,15,{},0,32,16,"Selected probabilities are renormalized if norm_topk_prob, then cast to activation dtype; row reduction assumed on-chip."
62,routing_one_hot,routing_metadata,"{""selected_int64"": [1, 8], ""mask_int64"": [1, 8, 128]}",0,0,"{""one_hot_entries"": 1024}",0,64,8192,Pinned HF reference materializes one_hot int64; this large routing mask is not assumed in optimized dispatch.
62,routing_where,routing_metadata,"{""mask_int64"": [128, 8, 1], ""top_x_and_slot_each"": [8]}",0,0,"{""integer_nonzero_tests"": 1024}",0,8192,128,Scan each expert mask; two int64 coordinates per assignment. Permute is a view.
62,expert_gather,routing,"{""source"": [1, 4096], ""gathered_rows"": [8, 4096]}",0,0,{},0,65600,65536,Logical gathers summed over experts; n_e and each concrete GEMM shape are in expert_matrices.
62,expert_gate_proj,linear,"{""input_per_expert"": [""n_e"", 4096], ""weight_storage_each"": [1536, 4096], ""output_per_expert"": [""n_e"", 1536], ""nonempty_experts"": 8, ""tokens_per_expert"": [1, 1, 1, 1, 1, 1, 1, 1, 0, 0, 0, 0, 0, 0, 0, 0, 0, 0, 0, 0, 0, 0, 0, 0, 0, 0, 0, 0, 0, 0, 0, 0, 0, 0, 0, 0, 0, 0, 0, 0, 0, 0, 0, 0, 0, 0, 0, 0, 0, 0, 0, 0, 0, 0, 0, 0, 0, 0, 0, 0, 0, 0, 0, 0, 0, 0, 0, 0, 0, 0, 0, 0, 0, 0, 0, 0, 0, 0, 0, 0, 0, 0, 0, 0, 0, 0, 0, 0, 0, 0, 0, 0, 0, 0, 0, 0, 0, 0, 0, 0, 0, 0, 0, 0, 0, 0, 0, 0, 0, 0, 0, 0, 0, 0, 0, 0, 0, 0, 0, 0, 0, 0, 0, 0, 0, 0, 0, 0]}",100663296,0,{},100663296,65536,24576,"Sum of unpadded per-expert GEMMs; each visited expert weight read once per layer, not once per token."
62,expert_up_proj,linear,"{""input_per_expert"": [""n_e"", 4096], ""weight_storage_each"": [1536, 4096], ""output_per_expert"": [""n_e"", 1536], ""nonempty_experts"": 8, ""tokens_per_expert"": [1, 1, 1, 1, 1, 1, 1, 1, 0, 0, 0, 0, 0, 0, 0, 0, 0, 0, 0, 0, 0, 0, 0, 0, 0, 0, 0, 0, 0, 0, 0, 0, 0, 0, 0, 0, 0, 0, 0, 0, 0, 0, 0, 0, 0, 0, 0, 0, 0, 0, 0, 0, 0, 0, 0, 0, 0, 0, 0, 0, 0, 0, 0, 0, 0, 0, 0, 0, 0, 0, 0, 0, 0, 0, 0, 0, 0, 0, 0, 0, 0, 0, 0, 0, 0, 0, 0, 0, 0, 0, 0, 0, 0, 0, 0, 0, 0, 0, 0, 0, 0, 0, 0, 0, 0, 0, 0, 0, 0, 0, 0, 0, 0, 0, 0, 0, 0, 0, 0, 0, 0, 0, 0, 0, 0, 0, 0, 0]}",100663296,0,{},100663296,65536,24576,"Sum of unpadded per-expert GEMMs; each visited expert weight read once per layer, not once per token."
62,expert_silu_mul,activation,"{""gate_and_up_each"": [8, 1536]}",0,49152,"{""exp"": 12288, ""negate"": 12288}",0,49152,24576,
62,expert_down_proj,linear,"{""input_per_expert"": [""n_e"", 1536], ""weight_storage_each"": [4096, 1536], ""output_per_expert"": [""n_e"", 4096], ""nonempty_experts"": 8, ""tokens_per_expert"": [1, 1, 1, 1, 1, 1, 1, 1, 0, 0, 0, 0, 0, 0, 0, 0, 0, 0, 0, 0, 0, 0, 0, 0, 0, 0, 0, 0, 0, 0, 0, 0, 0, 0, 0, 0, 0, 0, 0, 0, 0, 0, 0, 0, 0, 0, 0, 0, 0, 0, 0, 0, 0, 0, 0, 0, 0, 0, 0, 0, 0, 0, 0, 0, 0, 0, 0, 0, 0, 0, 0, 0, 0, 0, 0, 0, 0, 0, 0, 0, 0, 0, 0, 0, 0, 0, 0, 0, 0, 0, 0, 0, 0, 0, 0, 0, 0, 0, 0, 0, 0, 0, 0, 0, 0, 0, 0, 0, 0, 0, 0, 0, 0, 0, 0, 0, 0, 0, 0, 0, 0, 0, 0, 0, 0, 0, 0, 0]}",100663296,0,{},100663296,24576,65536,Unpadded per-expert GEMMs; empty experts have zero arithmetic and no weight payload.
62,expert_probability_multiply,routing,"{""expert_outputs"": [8, 4096], ""routing_weights"": [8]}",0,32768,{},0,65680,65536,Probability broadcast reuses one value per assignment; int64 token/slot indices included.
62,expert_output_zero,routing,"{""output"": [1, 4096]}",0,0,{},0,0,8192,Reference initializes final_hidden_states to zero.
62,expert_index_add,routing,"{""weighted_outputs"": [8, 4096], ""combined_output"": [1, 4096]}",0,32768,{},0,131136,65536,"Reference index_add includes the first add into zero; destination read/update per assignment is logical payload, not measured HBM."
62,ffn_residual,residual,"{""inputs_each"": [1, 4096], ""output"": [1, 4096]}",0,4096,{},0,16384,8192,
63,input_layernorm,normalization,"{""input"": [1, 4096], ""weight"": [4096], ""output"": [1, 4096]}",0,16385,"{""rsqrt"": 1}",8192,8192,8192,按 FP32 行内归约的代数计数；rsqrt、类型转换与临时 FP32 张量分列／不推断 HBM spill。
63,q_proj,linear,"{""input"": [1, 4096], ""weight_math"": [4096, 8192], ""weight_storage"": [8192, 4096], ""output"": [1, 8192]}",67108864,0,{},67108864,8192,16384,独立 GEMM：权重与输入各读一次、输出写一次的操作数载荷；不预测 tile 重读。
63,k_proj,linear,"{""input"": [1, 4096], ""weight_math"": [4096, 512], ""weight_storage"": [512, 4096], ""output"": [1, 512]}",4194304,0,{},4194304,8192,1024,独立 GEMM：权重与输入各读一次、输出写一次的操作数载荷；不预测 tile 重读。
63,v_proj,linear,"{""input"": [1, 4096], ""weight_math"": [4096, 512], ""weight_storage"": [512, 4096], ""output"": [1, 512]}",4194304,0,{},4194304,8192,1024,独立 GEMM：权重与输入各读一次、输出写一次的操作数载荷；不预测 tile 重读。
63,q_norm,normalization,"{""input"": [64, 128], ""weight"": [128], ""output"": [64, 128]}",0,32832,"{""rsqrt"": 64}",256,16384,16384,按 FP32 行内归约的代数计数；rsqrt、类型转换与临时 FP32 张量分列／不推断 HBM spill。
63,k_norm,normalization,"{""input"": [4, 128], ""weight"": [128], ""output"": [4, 128]}",0,2052,"{""rsqrt"": 4}",256,1024,1024,按 FP32 行内归约的代数计数；rsqrt、类型转换与临时 FP32 张量分列／不推断 HBM spill。
63,apply_rope,position,"{""Q"": [1, 64, 1, 128], ""K"": [1, 4, 1, 128]}",0,26112,"{""negate"": 4352}",0,17920,17408,2 multiply + 1 add/元素，rotate_half 符号翻转分列；表按批／头理想复用。
63,kv_append,state,"{""new_K_and_V_each"": [1, 4, 1, 128]}",0,0,{},0,2048,2048,原位／分页 append 载荷；不假定动态 torch.cat 对旧缓存整段复制。
63,qk,attention,"{""Q"": [1, 64, 1, 128], ""K_shared"": [1, 4, 8193, 128], ""scores_rectangular"": [1, 64, 1, 8193]}",134234112,0,{},0,8406016,2097408,FLOPs 仅有效因果位置；载荷是假定 Q/K 各读一次、GQA 头共享，完整分数矩阵物化。
63,score_scale_mask_softmax,softmax,"{""scores"": [1, 64, 1, 8193]}",0,2097344,"{""exp"": 524352, ""compare_max"": 524288, ""mask_decisions"": 524352}",0,2097408,2097408,选择的融合 scale/mask/softmax 代数工作；屏蔽点不计 exp。物化 FP32 默认概率；非具体 eager trace。
63,pv,attention,"{""P"": [1, 64, 1, 8193], ""V_shared"": [1, 4, 8193, 128], ""output"": [1, 64, 1, 128]}",134234112,0,{},0,10487040,16384,PV/AV：各 Q 头仍计算；V 容量不乘 GQA 复制数。载荷假定 V 在头／查询之间理想复用。
63,o_proj,linear,"{""input"": [1, 8192], ""weight_math"": [8192, 4096], ""weight_storage"": [4096, 8192], ""output"": [1, 4096]}",67108864,0,{},67108864,16384,8192,独立 GEMM：权重与输入各读一次、输出写一次的操作数载荷；不预测 tile 重读。
63,attention_residual,residual,"{""inputs_each"": [1, 4096], ""output"": [1, 4096]}",0,4096,{},0,16384,8192,
63,post_attention_layernorm,normalization,"{""input"": [1, 4096], ""weight"": [4096], ""output"": [1, 4096]}",0,16385,"{""rsqrt"": 1}",8192,8192,8192,按 FP32 行内归约的代数计数；rsqrt、类型转换与临时 FP32 张量分列／不推断 HBM spill。
63,router,linear,"{""input"": [1, 4096], ""weight_math"": [4096, 128], ""weight_storage"": [128, 4096], ""output"": [1, 128]}",1048576,0,{},1048576,8192,256,独立 GEMM：权重与输入各读一次、输出写一次的操作数载荷；不预测 tile 重读。
63,router_softmax,routing,"{""input"": [1, 128], ""probabilities_fp32"": [1, 128]}",0,383,"{""exp"": 128, ""compare_max"": 127}",0,256,512,"FP32 softmax: subtract max, exp, reduction, divide; casts are not FLOPs."
63,router_topk,routing,"{""input_fp32"": [1, 128], ""values_fp32"": [1, 8], ""indices_int64"": [1, 8]}",0,0,"{""topk_rows"": 1, ""topk_candidates"": 128}",0,512,96,Top-k is an explicit selection primitive; candidate counts are not comparisons or FLOPs. Backend selection algorithm is unspecified.
63,router_renormalize_cast,routing,"{""selected_probabilities"": [1, 8]}",0,15,{},0,32,16,"Selected probabilities are renormalized if norm_topk_prob, then cast to activation dtype; row reduction assumed on-chip."
63,routing_one_hot,routing_metadata,"{""selected_int64"": [1, 8], ""mask_int64"": [1, 8, 128]}",0,0,"{""one_hot_entries"": 1024}",0,64,8192,Pinned HF reference materializes one_hot int64; this large routing mask is not assumed in optimized dispatch.
63,routing_where,routing_metadata,"{""mask_int64"": [128, 8, 1], ""top_x_and_slot_each"": [8]}",0,0,"{""integer_nonzero_tests"": 1024}",0,8192,128,Scan each expert mask; two int64 coordinates per assignment. Permute is a view.
63,expert_gather,routing,"{""source"": [1, 4096], ""gathered_rows"": [8, 4096]}",0,0,{},0,65600,65536,Logical gathers summed over experts; n_e and each concrete GEMM shape are in expert_matrices.
63,expert_gate_proj,linear,"{""input_per_expert"": [""n_e"", 4096], ""weight_storage_each"": [1536, 4096], ""output_per_expert"": [""n_e"", 1536], ""nonempty_experts"": 8, ""tokens_per_expert"": [1, 1, 1, 1, 1, 1, 1, 1, 0, 0, 0, 0, 0, 0, 0, 0, 0, 0, 0, 0, 0, 0, 0, 0, 0, 0, 0, 0, 0, 0, 0, 0, 0, 0, 0, 0, 0, 0, 0, 0, 0, 0, 0, 0, 0, 0, 0, 0, 0, 0, 0, 0, 0, 0, 0, 0, 0, 0, 0, 0, 0, 0, 0, 0, 0, 0, 0, 0, 0, 0, 0, 0, 0, 0, 0, 0, 0, 0, 0, 0, 0, 0, 0, 0, 0, 0, 0, 0, 0, 0, 0, 0, 0, 0, 0, 0, 0, 0, 0, 0, 0, 0, 0, 0, 0, 0, 0, 0, 0, 0, 0, 0, 0, 0, 0, 0, 0, 0, 0, 0, 0, 0, 0, 0, 0, 0, 0, 0]}",100663296,0,{},100663296,65536,24576,"Sum of unpadded per-expert GEMMs; each visited expert weight read once per layer, not once per token."
63,expert_up_proj,linear,"{""input_per_expert"": [""n_e"", 4096], ""weight_storage_each"": [1536, 4096], ""output_per_expert"": [""n_e"", 1536], ""nonempty_experts"": 8, ""tokens_per_expert"": [1, 1, 1, 1, 1, 1, 1, 1, 0, 0, 0, 0, 0, 0, 0, 0, 0, 0, 0, 0, 0, 0, 0, 0, 0, 0, 0, 0, 0, 0, 0, 0, 0, 0, 0, 0, 0, 0, 0, 0, 0, 0, 0, 0, 0, 0, 0, 0, 0, 0, 0, 0, 0, 0, 0, 0, 0, 0, 0, 0, 0, 0, 0, 0, 0, 0, 0, 0, 0, 0, 0, 0, 0, 0, 0, 0, 0, 0, 0, 0, 0, 0, 0, 0, 0, 0, 0, 0, 0, 0, 0, 0, 0, 0, 0, 0, 0, 0, 0, 0, 0, 0, 0, 0, 0, 0, 0, 0, 0, 0, 0, 0, 0, 0, 0, 0, 0, 0, 0, 0, 0, 0, 0, 0, 0, 0, 0, 0]}",100663296,0,{},100663296,65536,24576,"Sum of unpadded per-expert GEMMs; each visited expert weight read once per layer, not once per token."
63,expert_silu_mul,activation,"{""gate_and_up_each"": [8, 1536]}",0,49152,"{""exp"": 12288, ""negate"": 12288}",0,49152,24576,
63,expert_down_proj,linear,"{""input_per_expert"": [""n_e"", 1536], ""weight_storage_each"": [4096, 1536], ""output_per_expert"": [""n_e"", 4096], ""nonempty_experts"": 8, ""tokens_per_expert"": [1, 1, 1, 1, 1, 1, 1, 1, 0, 0, 0, 0, 0, 0, 0, 0, 0, 0, 0, 0, 0, 0, 0, 0, 0, 0, 0, 0, 0, 0, 0, 0, 0, 0, 0, 0, 0, 0, 0, 0, 0, 0, 0, 0, 0, 0, 0, 0, 0, 0, 0, 0, 0, 0, 0, 0, 0, 0, 0, 0, 0, 0, 0, 0, 0, 0, 0, 0, 0, 0, 0, 0, 0, 0, 0, 0, 0, 0, 0, 0, 0, 0, 0, 0, 0, 0, 0, 0, 0, 0, 0, 0, 0, 0, 0, 0, 0, 0, 0, 0, 0, 0, 0, 0, 0, 0, 0, 0, 0, 0, 0, 0, 0, 0, 0, 0, 0, 0, 0, 0, 0, 0, 0, 0, 0, 0, 0, 0]}",100663296,0,{},100663296,24576,65536,Unpadded per-expert GEMMs; empty experts have zero arithmetic and no weight payload.
63,expert_probability_multiply,routing,"{""expert_outputs"": [8, 4096], ""routing_weights"": [8]}",0,32768,{},0,65680,65536,Probability broadcast reuses one value per assignment; int64 token/slot indices included.
63,expert_output_zero,routing,"{""output"": [1, 4096]}",0,0,{},0,0,8192,Reference initializes final_hidden_states to zero.
63,expert_index_add,routing,"{""weighted_outputs"": [8, 4096], ""combined_output"": [1, 4096]}",0,32768,{},0,131136,65536,"Reference index_add includes the first add into zero; destination read/update per assignment is logical payload, not measured HBM."
63,ffn_residual,residual,"{""inputs_each"": [1, 4096], ""output"": [1, 4096]}",0,4096,{},0,16384,8192,
64,input_layernorm,normalization,"{""input"": [1, 4096], ""weight"": [4096], ""output"": [1, 4096]}",0,16385,"{""rsqrt"": 1}",8192,8192,8192,按 FP32 行内归约的代数计数；rsqrt、类型转换与临时 FP32 张量分列／不推断 HBM spill。
64,q_proj,linear,"{""input"": [1, 4096], ""weight_math"": [4096, 8192], ""weight_storage"": [8192, 4096], ""output"": [1, 8192]}",67108864,0,{},67108864,8192,16384,独立 GEMM：权重与输入各读一次、输出写一次的操作数载荷；不预测 tile 重读。
64,k_proj,linear,"{""input"": [1, 4096], ""weight_math"": [4096, 512], ""weight_storage"": [512, 4096], ""output"": [1, 512]}",4194304,0,{},4194304,8192,1024,独立 GEMM：权重与输入各读一次、输出写一次的操作数载荷；不预测 tile 重读。
64,v_proj,linear,"{""input"": [1, 4096], ""weight_math"": [4096, 512], ""weight_storage"": [512, 4096], ""output"": [1, 512]}",4194304,0,{},4194304,8192,1024,独立 GEMM：权重与输入各读一次、输出写一次的操作数载荷；不预测 tile 重读。
64,q_norm,normalization,"{""input"": [64, 128], ""weight"": [128], ""output"": [64, 128]}",0,32832,"{""rsqrt"": 64}",256,16384,16384,按 FP32 行内归约的代数计数；rsqrt、类型转换与临时 FP32 张量分列／不推断 HBM spill。
64,k_norm,normalization,"{""input"": [4, 128], ""weight"": [128], ""output"": [4, 128]}",0,2052,"{""rsqrt"": 4}",256,1024,1024,按 FP32 行内归约的代数计数；rsqrt、类型转换与临时 FP32 张量分列／不推断 HBM spill。
64,apply_rope,position,"{""Q"": [1, 64, 1, 128], ""K"": [1, 4, 1, 128]}",0,26112,"{""negate"": 4352}",0,17920,17408,2 multiply + 1 add/元素，rotate_half 符号翻转分列；表按批／头理想复用。
64,kv_append,state,"{""new_K_and_V_each"": [1, 4, 1, 128]}",0,0,{},0,2048,2048,原位／分页 append 载荷；不假定动态 torch.cat 对旧缓存整段复制。
64,qk,attention,"{""Q"": [1, 64, 1, 128], ""K_shared"": [1, 4, 8193, 128], ""scores_rectangular"": [1, 64, 1, 8193]}",134234112,0,{},0,8406016,2097408,FLOPs 仅有效因果位置；载荷是假定 Q/K 各读一次、GQA 头共享，完整分数矩阵物化。
64,score_scale_mask_softmax,softmax,"{""scores"": [1, 64, 1, 8193]}",0,2097344,"{""exp"": 524352, ""compare_max"": 524288, ""mask_decisions"": 524352}",0,2097408,2097408,选择的融合 scale/mask/softmax 代数工作；屏蔽点不计 exp。物化 FP32 默认概率；非具体 eager trace。
64,pv,attention,"{""P"": [1, 64, 1, 8193], ""V_shared"": [1, 4, 8193, 128], ""output"": [1, 64, 1, 128]}",134234112,0,{},0,10487040,16384,PV/AV：各 Q 头仍计算；V 容量不乘 GQA 复制数。载荷假定 V 在头／查询之间理想复用。
64,o_proj,linear,"{""input"": [1, 8192], ""weight_math"": [8192, 4096], ""weight_storage"": [4096, 8192], ""output"": [1, 4096]}",67108864,0,{},67108864,16384,8192,独立 GEMM：权重与输入各读一次、输出写一次的操作数载荷；不预测 tile 重读。
64,attention_residual,residual,"{""inputs_each"": [1, 4096], ""output"": [1, 4096]}",0,4096,{},0,16384,8192,
64,post_attention_layernorm,normalization,"{""input"": [1, 4096], ""weight"": [4096], ""output"": [1, 4096]}",0,16385,"{""rsqrt"": 1}",8192,8192,8192,按 FP32 行内归约的代数计数；rsqrt、类型转换与临时 FP32 张量分列／不推断 HBM spill。
64,router,linear,"{""input"": [1, 4096], ""weight_math"": [4096, 128], ""weight_storage"": [128, 4096], ""output"": [1, 128]}",1048576,0,{},1048576,8192,256,独立 GEMM：权重与输入各读一次、输出写一次的操作数载荷；不预测 tile 重读。
64,router_softmax,routing,"{""input"": [1, 128], ""probabilities_fp32"": [1, 128]}",0,383,"{""exp"": 128, ""compare_max"": 127}",0,256,512,"FP32 softmax: subtract max, exp, reduction, divide; casts are not FLOPs."
64,router_topk,routing,"{""input_fp32"": [1, 128], ""values_fp32"": [1, 8], ""indices_int64"": [1, 8]}",0,0,"{""topk_rows"": 1, ""topk_candidates"": 128}",0,512,96,Top-k is an explicit selection primitive; candidate counts are not comparisons or FLOPs. Backend selection algorithm is unspecified.
64,router_renormalize_cast,routing,"{""selected_probabilities"": [1, 8]}",0,15,{},0,32,16,"Selected probabilities are renormalized if norm_topk_prob, then cast to activation dtype; row reduction assumed on-chip."
64,routing_one_hot,routing_metadata,"{""selected_int64"": [1, 8], ""mask_int64"": [1, 8, 128]}",0,0,"{""one_hot_entries"": 1024}",0,64,8192,Pinned HF reference materializes one_hot int64; this large routing mask is not assumed in optimized dispatch.
64,routing_where,routing_metadata,"{""mask_int64"": [128, 8, 1], ""top_x_and_slot_each"": [8]}",0,0,"{""integer_nonzero_tests"": 1024}",0,8192,128,Scan each expert mask; two int64 coordinates per assignment. Permute is a view.
64,expert_gather,routing,"{""source"": [1, 4096], ""gathered_rows"": [8, 4096]}",0,0,{},0,65600,65536,Logical gathers summed over experts; n_e and each concrete GEMM shape are in expert_matrices.
64,expert_gate_proj,linear,"{""input_per_expert"": [""n_e"", 4096], ""weight_storage_each"": [1536, 4096], ""output_per_expert"": [""n_e"", 1536], ""nonempty_experts"": 8, ""tokens_per_expert"": [1, 1, 1, 1, 1, 1, 1, 1, 0, 0, 0, 0, 0, 0, 0, 0, 0, 0, 0, 0, 0, 0, 0, 0, 0, 0, 0, 0, 0, 0, 0, 0, 0, 0, 0, 0, 0, 0, 0, 0, 0, 0, 0, 0, 0, 0, 0, 0, 0, 0, 0, 0, 0, 0, 0, 0, 0, 0, 0, 0, 0, 0, 0, 0, 0, 0, 0, 0, 0, 0, 0, 0, 0, 0, 0, 0, 0, 0, 0, 0, 0, 0, 0, 0, 0, 0, 0, 0, 0, 0, 0, 0, 0, 0, 0, 0, 0, 0, 0, 0, 0, 0, 0, 0, 0, 0, 0, 0, 0, 0, 0, 0, 0, 0, 0, 0, 0, 0, 0, 0, 0, 0, 0, 0, 0, 0, 0, 0]}",100663296,0,{},100663296,65536,24576,"Sum of unpadded per-expert GEMMs; each visited expert weight read once per layer, not once per token."
64,expert_up_proj,linear,"{""input_per_expert"": [""n_e"", 4096], ""weight_storage_each"": [1536, 4096], ""output_per_expert"": [""n_e"", 1536], ""nonempty_experts"": 8, ""tokens_per_expert"": [1, 1, 1, 1, 1, 1, 1, 1, 0, 0, 0, 0, 0, 0, 0, 0, 0, 0, 0, 0, 0, 0, 0, 0, 0, 0, 0, 0, 0, 0, 0, 0, 0, 0, 0, 0, 0, 0, 0, 0, 0, 0, 0, 0, 0, 0, 0, 0, 0, 0, 0, 0, 0, 0, 0, 0, 0, 0, 0, 0, 0, 0, 0, 0, 0, 0, 0, 0, 0, 0, 0, 0, 0, 0, 0, 0, 0, 0, 0, 0, 0, 0, 0, 0, 0, 0, 0, 0, 0, 0, 0, 0, 0, 0, 0, 0, 0, 0, 0, 0, 0, 0, 0, 0, 0, 0, 0, 0, 0, 0, 0, 0, 0, 0, 0, 0, 0, 0, 0, 0, 0, 0, 0, 0, 0, 0, 0, 0]}",100663296,0,{},100663296,65536,24576,"Sum of unpadded per-expert GEMMs; each visited expert weight read once per layer, not once per token."
64,expert_silu_mul,activation,"{""gate_and_up_each"": [8, 1536]}",0,49152,"{""exp"": 12288, ""negate"": 12288}",0,49152,24576,
64,expert_down_proj,linear,"{""input_per_expert"": [""n_e"", 1536], ""weight_storage_each"": [4096, 1536], ""output_per_expert"": [""n_e"", 4096], ""nonempty_experts"": 8, ""tokens_per_expert"": [1, 1, 1, 1, 1, 1, 1, 1, 0, 0, 0, 0, 0, 0, 0, 0, 0, 0, 0, 0, 0, 0, 0, 0, 0, 0, 0, 0, 0, 0, 0, 0, 0, 0, 0, 0, 0, 0, 0, 0, 0, 0, 0, 0, 0, 0, 0, 0, 0, 0, 0, 0, 0, 0, 0, 0, 0, 0, 0, 0, 0, 0, 0, 0, 0, 0, 0, 0, 0, 0, 0, 0, 0, 0, 0, 0, 0, 0, 0, 0, 0, 0, 0, 0, 0, 0, 0, 0, 0, 0, 0, 0, 0, 0, 0, 0, 0, 0, 0, 0, 0, 0, 0, 0, 0, 0, 0, 0, 0, 0, 0, 0, 0, 0, 0, 0, 0, 0, 0, 0, 0, 0, 0, 0, 0, 0, 0, 0]}",100663296,0,{},100663296,24576,65536,Unpadded per-expert GEMMs; empty experts have zero arithmetic and no weight payload.
64,expert_probability_multiply,routing,"{""expert_outputs"": [8, 4096], ""routing_weights"": [8]}",0,32768,{},0,65680,65536,Probability broadcast reuses one value per assignment; int64 token/slot indices included.
64,expert_output_zero,routing,"{""output"": [1, 4096]}",0,0,{},0,0,8192,Reference initializes final_hidden_states to zero.
64,expert_index_add,routing,"{""weighted_outputs"": [8, 4096], ""combined_output"": [1, 4096]}",0,32768,{},0,131136,65536,"Reference index_add includes the first add into zero; destination read/update per assignment is logical payload, not measured HBM."
64,ffn_residual,residual,"{""inputs_each"": [1, 4096], ""output"": [1, 4096]}",0,4096,{},0,16384,8192,
65,input_layernorm,normalization,"{""input"": [1, 4096], ""weight"": [4096], ""output"": [1, 4096]}",0,16385,"{""rsqrt"": 1}",8192,8192,8192,按 FP32 行内归约的代数计数；rsqrt、类型转换与临时 FP32 张量分列／不推断 HBM spill。
65,q_proj,linear,"{""input"": [1, 4096], ""weight_math"": [4096, 8192], ""weight_storage"": [8192, 4096], ""output"": [1, 8192]}",67108864,0,{},67108864,8192,16384,独立 GEMM：权重与输入各读一次、输出写一次的操作数载荷；不预测 tile 重读。
65,k_proj,linear,"{""input"": [1, 4096], ""weight_math"": [4096, 512], ""weight_storage"": [512, 4096], ""output"": [1, 512]}",4194304,0,{},4194304,8192,1024,独立 GEMM：权重与输入各读一次、输出写一次的操作数载荷；不预测 tile 重读。
65,v_proj,linear,"{""input"": [1, 4096], ""weight_math"": [4096, 512], ""weight_storage"": [512, 4096], ""output"": [1, 512]}",4194304,0,{},4194304,8192,1024,独立 GEMM：权重与输入各读一次、输出写一次的操作数载荷；不预测 tile 重读。
65,q_norm,normalization,"{""input"": [64, 128], ""weight"": [128], ""output"": [64, 128]}",0,32832,"{""rsqrt"": 64}",256,16384,16384,按 FP32 行内归约的代数计数；rsqrt、类型转换与临时 FP32 张量分列／不推断 HBM spill。
65,k_norm,normalization,"{""input"": [4, 128], ""weight"": [128], ""output"": [4, 128]}",0,2052,"{""rsqrt"": 4}",256,1024,1024,按 FP32 行内归约的代数计数；rsqrt、类型转换与临时 FP32 张量分列／不推断 HBM spill。
65,apply_rope,position,"{""Q"": [1, 64, 1, 128], ""K"": [1, 4, 1, 128]}",0,26112,"{""negate"": 4352}",0,17920,17408,2 multiply + 1 add/元素，rotate_half 符号翻转分列；表按批／头理想复用。
65,kv_append,state,"{""new_K_and_V_each"": [1, 4, 1, 128]}",0,0,{},0,2048,2048,原位／分页 append 载荷；不假定动态 torch.cat 对旧缓存整段复制。
65,qk,attention,"{""Q"": [1, 64, 1, 128], ""K_shared"": [1, 4, 8193, 128], ""scores_rectangular"": [1, 64, 1, 8193]}",134234112,0,{},0,8406016,2097408,FLOPs 仅有效因果位置；载荷是假定 Q/K 各读一次、GQA 头共享，完整分数矩阵物化。
65,score_scale_mask_softmax,softmax,"{""scores"": [1, 64, 1, 8193]}",0,2097344,"{""exp"": 524352, ""compare_max"": 524288, ""mask_decisions"": 524352}",0,2097408,2097408,选择的融合 scale/mask/softmax 代数工作；屏蔽点不计 exp。物化 FP32 默认概率；非具体 eager trace。
65,pv,attention,"{""P"": [1, 64, 1, 8193], ""V_shared"": [1, 4, 8193, 128], ""output"": [1, 64, 1, 128]}",134234112,0,{},0,10487040,16384,PV/AV：各 Q 头仍计算；V 容量不乘 GQA 复制数。载荷假定 V 在头／查询之间理想复用。
65,o_proj,linear,"{""input"": [1, 8192], ""weight_math"": [8192, 4096], ""weight_storage"": [4096, 8192], ""output"": [1, 4096]}",67108864,0,{},67108864,16384,8192,独立 GEMM：权重与输入各读一次、输出写一次的操作数载荷；不预测 tile 重读。
65,attention_residual,residual,"{""inputs_each"": [1, 4096], ""output"": [1, 4096]}",0,4096,{},0,16384,8192,
65,post_attention_layernorm,normalization,"{""input"": [1, 4096], ""weight"": [4096], ""output"": [1, 4096]}",0,16385,"{""rsqrt"": 1}",8192,8192,8192,按 FP32 行内归约的代数计数；rsqrt、类型转换与临时 FP32 张量分列／不推断 HBM spill。
65,router,linear,"{""input"": [1, 4096], ""weight_math"": [4096, 128], ""weight_storage"": [128, 4096], ""output"": [1, 128]}",1048576,0,{},1048576,8192,256,独立 GEMM：权重与输入各读一次、输出写一次的操作数载荷；不预测 tile 重读。
65,router_softmax,routing,"{""input"": [1, 128], ""probabilities_fp32"": [1, 128]}",0,383,"{""exp"": 128, ""compare_max"": 127}",0,256,512,"FP32 softmax: subtract max, exp, reduction, divide; casts are not FLOPs."
65,router_topk,routing,"{""input_fp32"": [1, 128], ""values_fp32"": [1, 8], ""indices_int64"": [1, 8]}",0,0,"{""topk_rows"": 1, ""topk_candidates"": 128}",0,512,96,Top-k is an explicit selection primitive; candidate counts are not comparisons or FLOPs. Backend selection algorithm is unspecified.
65,router_renormalize_cast,routing,"{""selected_probabilities"": [1, 8]}",0,15,{},0,32,16,"Selected probabilities are renormalized if norm_topk_prob, then cast to activation dtype; row reduction assumed on-chip."
65,routing_one_hot,routing_metadata,"{""selected_int64"": [1, 8], ""mask_int64"": [1, 8, 128]}",0,0,"{""one_hot_entries"": 1024}",0,64,8192,Pinned HF reference materializes one_hot int64; this large routing mask is not assumed in optimized dispatch.
65,routing_where,routing_metadata,"{""mask_int64"": [128, 8, 1], ""top_x_and_slot_each"": [8]}",0,0,"{""integer_nonzero_tests"": 1024}",0,8192,128,Scan each expert mask; two int64 coordinates per assignment. Permute is a view.
65,expert_gather,routing,"{""source"": [1, 4096], ""gathered_rows"": [8, 4096]}",0,0,{},0,65600,65536,Logical gathers summed over experts; n_e and each concrete GEMM shape are in expert_matrices.
65,expert_gate_proj,linear,"{""input_per_expert"": [""n_e"", 4096], ""weight_storage_each"": [1536, 4096], ""output_per_expert"": [""n_e"", 1536], ""nonempty_experts"": 8, ""tokens_per_expert"": [1, 1, 1, 1, 1, 1, 1, 1, 0, 0, 0, 0, 0, 0, 0, 0, 0, 0, 0, 0, 0, 0, 0, 0, 0, 0, 0, 0, 0, 0, 0, 0, 0, 0, 0, 0, 0, 0, 0, 0, 0, 0, 0, 0, 0, 0, 0, 0, 0, 0, 0, 0, 0, 0, 0, 0, 0, 0, 0, 0, 0, 0, 0, 0, 0, 0, 0, 0, 0, 0, 0, 0, 0, 0, 0, 0, 0, 0, 0, 0, 0, 0, 0, 0, 0, 0, 0, 0, 0, 0, 0, 0, 0, 0, 0, 0, 0, 0, 0, 0, 0, 0, 0, 0, 0, 0, 0, 0, 0, 0, 0, 0, 0, 0, 0, 0, 0, 0, 0, 0, 0, 0, 0, 0, 0, 0, 0, 0]}",100663296,0,{},100663296,65536,24576,"Sum of unpadded per-expert GEMMs; each visited expert weight read once per layer, not once per token."
65,expert_up_proj,linear,"{""input_per_expert"": [""n_e"", 4096], ""weight_storage_each"": [1536, 4096], ""output_per_expert"": [""n_e"", 1536], ""nonempty_experts"": 8, ""tokens_per_expert"": [1, 1, 1, 1, 1, 1, 1, 1, 0, 0, 0, 0, 0, 0, 0, 0, 0, 0, 0, 0, 0, 0, 0, 0, 0, 0, 0, 0, 0, 0, 0, 0, 0, 0, 0, 0, 0, 0, 0, 0, 0, 0, 0, 0, 0, 0, 0, 0, 0, 0, 0, 0, 0, 0, 0, 0, 0, 0, 0, 0, 0, 0, 0, 0, 0, 0, 0, 0, 0, 0, 0, 0, 0, 0, 0, 0, 0, 0, 0, 0, 0, 0, 0, 0, 0, 0, 0, 0, 0, 0, 0, 0, 0, 0, 0, 0, 0, 0, 0, 0, 0, 0, 0, 0, 0, 0, 0, 0, 0, 0, 0, 0, 0, 0, 0, 0, 0, 0, 0, 0, 0, 0, 0, 0, 0, 0, 0, 0]}",100663296,0,{},100663296,65536,24576,"Sum of unpadded per-expert GEMMs; each visited expert weight read once per layer, not once per token."
65,expert_silu_mul,activation,"{""gate_and_up_each"": [8, 1536]}",0,49152,"{""exp"": 12288, ""negate"": 12288}",0,49152,24576,
65,expert_down_proj,linear,"{""input_per_expert"": [""n_e"", 1536], ""weight_storage_each"": [4096, 1536], ""output_per_expert"": [""n_e"", 4096], ""nonempty_experts"": 8, ""tokens_per_expert"": [1, 1, 1, 1, 1, 1, 1, 1, 0, 0, 0, 0, 0, 0, 0, 0, 0, 0, 0, 0, 0, 0, 0, 0, 0, 0, 0, 0, 0, 0, 0, 0, 0, 0, 0, 0, 0, 0, 0, 0, 0, 0, 0, 0, 0, 0, 0, 0, 0, 0, 0, 0, 0, 0, 0, 0, 0, 0, 0, 0, 0, 0, 0, 0, 0, 0, 0, 0, 0, 0, 0, 0, 0, 0, 0, 0, 0, 0, 0, 0, 0, 0, 0, 0, 0, 0, 0, 0, 0, 0, 0, 0, 0, 0, 0, 0, 0, 0, 0, 0, 0, 0, 0, 0, 0, 0, 0, 0, 0, 0, 0, 0, 0, 0, 0, 0, 0, 0, 0, 0, 0, 0, 0, 0, 0, 0, 0, 0]}",100663296,0,{},100663296,24576,65536,Unpadded per-expert GEMMs; empty experts have zero arithmetic and no weight payload.
65,expert_probability_multiply,routing,"{""expert_outputs"": [8, 4096], ""routing_weights"": [8]}",0,32768,{},0,65680,65536,Probability broadcast reuses one value per assignment; int64 token/slot indices included.
65,expert_output_zero,routing,"{""output"": [1, 4096]}",0,0,{},0,0,8192,Reference initializes final_hidden_states to zero.
65,expert_index_add,routing,"{""weighted_outputs"": [8, 4096], ""combined_output"": [1, 4096]}",0,32768,{},0,131136,65536,"Reference index_add includes the first add into zero; destination read/update per assignment is logical payload, not measured HBM."
65,ffn_residual,residual,"{""inputs_each"": [1, 4096], ""output"": [1, 4096]}",0,4096,{},0,16384,8192,
66,input_layernorm,normalization,"{""input"": [1, 4096], ""weight"": [4096], ""output"": [1, 4096]}",0,16385,"{""rsqrt"": 1}",8192,8192,8192,按 FP32 行内归约的代数计数；rsqrt、类型转换与临时 FP32 张量分列／不推断 HBM spill。
66,q_proj,linear,"{""input"": [1, 4096], ""weight_math"": [4096, 8192], ""weight_storage"": [8192, 4096], ""output"": [1, 8192]}",67108864,0,{},67108864,8192,16384,独立 GEMM：权重与输入各读一次、输出写一次的操作数载荷；不预测 tile 重读。
66,k_proj,linear,"{""input"": [1, 4096], ""weight_math"": [4096, 512], ""weight_storage"": [512, 4096], ""output"": [1, 512]}",4194304,0,{},4194304,8192,1024,独立 GEMM：权重与输入各读一次、输出写一次的操作数载荷；不预测 tile 重读。
66,v_proj,linear,"{""input"": [1, 4096], ""weight_math"": [4096, 512], ""weight_storage"": [512, 4096], ""output"": [1, 512]}",4194304,0,{},4194304,8192,1024,独立 GEMM：权重与输入各读一次、输出写一次的操作数载荷；不预测 tile 重读。
66,q_norm,normalization,"{""input"": [64, 128], ""weight"": [128], ""output"": [64, 128]}",0,32832,"{""rsqrt"": 64}",256,16384,16384,按 FP32 行内归约的代数计数；rsqrt、类型转换与临时 FP32 张量分列／不推断 HBM spill。
66,k_norm,normalization,"{""input"": [4, 128], ""weight"": [128], ""output"": [4, 128]}",0,2052,"{""rsqrt"": 4}",256,1024,1024,按 FP32 行内归约的代数计数；rsqrt、类型转换与临时 FP32 张量分列／不推断 HBM spill。
66,apply_rope,position,"{""Q"": [1, 64, 1, 128], ""K"": [1, 4, 1, 128]}",0,26112,"{""negate"": 4352}",0,17920,17408,2 multiply + 1 add/元素，rotate_half 符号翻转分列；表按批／头理想复用。
66,kv_append,state,"{""new_K_and_V_each"": [1, 4, 1, 128]}",0,0,{},0,2048,2048,原位／分页 append 载荷；不假定动态 torch.cat 对旧缓存整段复制。
66,qk,attention,"{""Q"": [1, 64, 1, 128], ""K_shared"": [1, 4, 8193, 128], ""scores_rectangular"": [1, 64, 1, 8193]}",134234112,0,{},0,8406016,2097408,FLOPs 仅有效因果位置；载荷是假定 Q/K 各读一次、GQA 头共享，完整分数矩阵物化。
66,score_scale_mask_softmax,softmax,"{""scores"": [1, 64, 1, 8193]}",0,2097344,"{""exp"": 524352, ""compare_max"": 524288, ""mask_decisions"": 524352}",0,2097408,2097408,选择的融合 scale/mask/softmax 代数工作；屏蔽点不计 exp。物化 FP32 默认概率；非具体 eager trace。
66,pv,attention,"{""P"": [1, 64, 1, 8193], ""V_shared"": [1, 4, 8193, 128], ""output"": [1, 64, 1, 128]}",134234112,0,{},0,10487040,16384,PV/AV：各 Q 头仍计算；V 容量不乘 GQA 复制数。载荷假定 V 在头／查询之间理想复用。
66,o_proj,linear,"{""input"": [1, 8192], ""weight_math"": [8192, 4096], ""weight_storage"": [4096, 8192], ""output"": [1, 4096]}",67108864,0,{},67108864,16384,8192,独立 GEMM：权重与输入各读一次、输出写一次的操作数载荷；不预测 tile 重读。
66,attention_residual,residual,"{""inputs_each"": [1, 4096], ""output"": [1, 4096]}",0,4096,{},0,16384,8192,
66,post_attention_layernorm,normalization,"{""input"": [1, 4096], ""weight"": [4096], ""output"": [1, 4096]}",0,16385,"{""rsqrt"": 1}",8192,8192,8192,按 FP32 行内归约的代数计数；rsqrt、类型转换与临时 FP32 张量分列／不推断 HBM spill。
66,router,linear,"{""input"": [1, 4096], ""weight_math"": [4096, 128], ""weight_storage"": [128, 4096], ""output"": [1, 128]}",1048576,0,{},1048576,8192,256,独立 GEMM：权重与输入各读一次、输出写一次的操作数载荷；不预测 tile 重读。
66,router_softmax,routing,"{""input"": [1, 128], ""probabilities_fp32"": [1, 128]}",0,383,"{""exp"": 128, ""compare_max"": 127}",0,256,512,"FP32 softmax: subtract max, exp, reduction, divide; casts are not FLOPs."
66,router_topk,routing,"{""input_fp32"": [1, 128], ""values_fp32"": [1, 8], ""indices_int64"": [1, 8]}",0,0,"{""topk_rows"": 1, ""topk_candidates"": 128}",0,512,96,Top-k is an explicit selection primitive; candidate counts are not comparisons or FLOPs. Backend selection algorithm is unspecified.
66,router_renormalize_cast,routing,"{""selected_probabilities"": [1, 8]}",0,15,{},0,32,16,"Selected probabilities are renormalized if norm_topk_prob, then cast to activation dtype; row reduction assumed on-chip."
66,routing_one_hot,routing_metadata,"{""selected_int64"": [1, 8], ""mask_int64"": [1, 8, 128]}",0,0,"{""one_hot_entries"": 1024}",0,64,8192,Pinned HF reference materializes one_hot int64; this large routing mask is not assumed in optimized dispatch.
66,routing_where,routing_metadata,"{""mask_int64"": [128, 8, 1], ""top_x_and_slot_each"": [8]}",0,0,"{""integer_nonzero_tests"": 1024}",0,8192,128,Scan each expert mask; two int64 coordinates per assignment. Permute is a view.
66,expert_gather,routing,"{""source"": [1, 4096], ""gathered_rows"": [8, 4096]}",0,0,{},0,65600,65536,Logical gathers summed over experts; n_e and each concrete GEMM shape are in expert_matrices.
66,expert_gate_proj,linear,"{""input_per_expert"": [""n_e"", 4096], ""weight_storage_each"": [1536, 4096], ""output_per_expert"": [""n_e"", 1536], ""nonempty_experts"": 8, ""tokens_per_expert"": [1, 1, 1, 1, 1, 1, 1, 1, 0, 0, 0, 0, 0, 0, 0, 0, 0, 0, 0, 0, 0, 0, 0, 0, 0, 0, 0, 0, 0, 0, 0, 0, 0, 0, 0, 0, 0, 0, 0, 0, 0, 0, 0, 0, 0, 0, 0, 0, 0, 0, 0, 0, 0, 0, 0, 0, 0, 0, 0, 0, 0, 0, 0, 0, 0, 0, 0, 0, 0, 0, 0, 0, 0, 0, 0, 0, 0, 0, 0, 0, 0, 0, 0, 0, 0, 0, 0, 0, 0, 0, 0, 0, 0, 0, 0, 0, 0, 0, 0, 0, 0, 0, 0, 0, 0, 0, 0, 0, 0, 0, 0, 0, 0, 0, 0, 0, 0, 0, 0, 0, 0, 0, 0, 0, 0, 0, 0, 0]}",100663296,0,{},100663296,65536,24576,"Sum of unpadded per-expert GEMMs; each visited expert weight read once per layer, not once per token."
66,expert_up_proj,linear,"{""input_per_expert"": [""n_e"", 4096], ""weight_storage_each"": [1536, 4096], ""output_per_expert"": [""n_e"", 1536], ""nonempty_experts"": 8, ""tokens_per_expert"": [1, 1, 1, 1, 1, 1, 1, 1, 0, 0, 0, 0, 0, 0, 0, 0, 0, 0, 0, 0, 0, 0, 0, 0, 0, 0, 0, 0, 0, 0, 0, 0, 0, 0, 0, 0, 0, 0, 0, 0, 0, 0, 0, 0, 0, 0, 0, 0, 0, 0, 0, 0, 0, 0, 0, 0, 0, 0, 0, 0, 0, 0, 0, 0, 0, 0, 0, 0, 0, 0, 0, 0, 0, 0, 0, 0, 0, 0, 0, 0, 0, 0, 0, 0, 0, 0, 0, 0, 0, 0, 0, 0, 0, 0, 0, 0, 0, 0, 0, 0, 0, 0, 0, 0, 0, 0, 0, 0, 0, 0, 0, 0, 0, 0, 0, 0, 0, 0, 0, 0, 0, 0, 0, 0, 0, 0, 0, 0]}",100663296,0,{},100663296,65536,24576,"Sum of unpadded per-expert GEMMs; each visited expert weight read once per layer, not once per token."
66,expert_silu_mul,activation,"{""gate_and_up_each"": [8, 1536]}",0,49152,"{""exp"": 12288, ""negate"": 12288}",0,49152,24576,
66,expert_down_proj,linear,"{""input_per_expert"": [""n_e"", 1536], ""weight_storage_each"": [4096, 1536], ""output_per_expert"": [""n_e"", 4096], ""nonempty_experts"": 8, ""tokens_per_expert"": [1, 1, 1, 1, 1, 1, 1, 1, 0, 0, 0, 0, 0, 0, 0, 0, 0, 0, 0, 0, 0, 0, 0, 0, 0, 0, 0, 0, 0, 0, 0, 0, 0, 0, 0, 0, 0, 0, 0, 0, 0, 0, 0, 0, 0, 0, 0, 0, 0, 0, 0, 0, 0, 0, 0, 0, 0, 0, 0, 0, 0, 0, 0, 0, 0, 0, 0, 0, 0, 0, 0, 0, 0, 0, 0, 0, 0, 0, 0, 0, 0, 0, 0, 0, 0, 0, 0, 0, 0, 0, 0, 0, 0, 0, 0, 0, 0, 0, 0, 0, 0, 0, 0, 0, 0, 0, 0, 0, 0, 0, 0, 0, 0, 0, 0, 0, 0, 0, 0, 0, 0, 0, 0, 0, 0, 0, 0, 0]}",100663296,0,{},100663296,24576,65536,Unpadded per-expert GEMMs; empty experts have zero arithmetic and no weight payload.
66,expert_probability_multiply,routing,"{""expert_outputs"": [8, 4096], ""routing_weights"": [8]}",0,32768,{},0,65680,65536,Probability broadcast reuses one value per assignment; int64 token/slot indices included.
66,expert_output_zero,routing,"{""output"": [1, 4096]}",0,0,{},0,0,8192,Reference initializes final_hidden_states to zero.
66,expert_index_add,routing,"{""weighted_outputs"": [8, 4096], ""combined_output"": [1, 4096]}",0,32768,{},0,131136,65536,"Reference index_add includes the first add into zero; destination read/update per assignment is logical payload, not measured HBM."
66,ffn_residual,residual,"{""inputs_each"": [1, 4096], ""output"": [1, 4096]}",0,4096,{},0,16384,8192,
67,input_layernorm,normalization,"{""input"": [1, 4096], ""weight"": [4096], ""output"": [1, 4096]}",0,16385,"{""rsqrt"": 1}",8192,8192,8192,按 FP32 行内归约的代数计数；rsqrt、类型转换与临时 FP32 张量分列／不推断 HBM spill。
67,q_proj,linear,"{""input"": [1, 4096], ""weight_math"": [4096, 8192], ""weight_storage"": [8192, 4096], ""output"": [1, 8192]}",67108864,0,{},67108864,8192,16384,独立 GEMM：权重与输入各读一次、输出写一次的操作数载荷；不预测 tile 重读。
67,k_proj,linear,"{""input"": [1, 4096], ""weight_math"": [4096, 512], ""weight_storage"": [512, 4096], ""output"": [1, 512]}",4194304,0,{},4194304,8192,1024,独立 GEMM：权重与输入各读一次、输出写一次的操作数载荷；不预测 tile 重读。
67,v_proj,linear,"{""input"": [1, 4096], ""weight_math"": [4096, 512], ""weight_storage"": [512, 4096], ""output"": [1, 512]}",4194304,0,{},4194304,8192,1024,独立 GEMM：权重与输入各读一次、输出写一次的操作数载荷；不预测 tile 重读。
67,q_norm,normalization,"{""input"": [64, 128], ""weight"": [128], ""output"": [64, 128]}",0,32832,"{""rsqrt"": 64}",256,16384,16384,按 FP32 行内归约的代数计数；rsqrt、类型转换与临时 FP32 张量分列／不推断 HBM spill。
67,k_norm,normalization,"{""input"": [4, 128], ""weight"": [128], ""output"": [4, 128]}",0,2052,"{""rsqrt"": 4}",256,1024,1024,按 FP32 行内归约的代数计数；rsqrt、类型转换与临时 FP32 张量分列／不推断 HBM spill。
67,apply_rope,position,"{""Q"": [1, 64, 1, 128], ""K"": [1, 4, 1, 128]}",0,26112,"{""negate"": 4352}",0,17920,17408,2 multiply + 1 add/元素，rotate_half 符号翻转分列；表按批／头理想复用。
67,kv_append,state,"{""new_K_and_V_each"": [1, 4, 1, 128]}",0,0,{},0,2048,2048,原位／分页 append 载荷；不假定动态 torch.cat 对旧缓存整段复制。
67,qk,attention,"{""Q"": [1, 64, 1, 128], ""K_shared"": [1, 4, 8193, 128], ""scores_rectangular"": [1, 64, 1, 8193]}",134234112,0,{},0,8406016,2097408,FLOPs 仅有效因果位置；载荷是假定 Q/K 各读一次、GQA 头共享，完整分数矩阵物化。
67,score_scale_mask_softmax,softmax,"{""scores"": [1, 64, 1, 8193]}",0,2097344,"{""exp"": 524352, ""compare_max"": 524288, ""mask_decisions"": 524352}",0,2097408,2097408,选择的融合 scale/mask/softmax 代数工作；屏蔽点不计 exp。物化 FP32 默认概率；非具体 eager trace。
67,pv,attention,"{""P"": [1, 64, 1, 8193], ""V_shared"": [1, 4, 8193, 128], ""output"": [1, 64, 1, 128]}",134234112,0,{},0,10487040,16384,PV/AV：各 Q 头仍计算；V 容量不乘 GQA 复制数。载荷假定 V 在头／查询之间理想复用。
67,o_proj,linear,"{""input"": [1, 8192], ""weight_math"": [8192, 4096], ""weight_storage"": [4096, 8192], ""output"": [1, 4096]}",67108864,0,{},67108864,16384,8192,独立 GEMM：权重与输入各读一次、输出写一次的操作数载荷；不预测 tile 重读。
67,attention_residual,residual,"{""inputs_each"": [1, 4096], ""output"": [1, 4096]}",0,4096,{},0,16384,8192,
67,post_attention_layernorm,normalization,"{""input"": [1, 4096], ""weight"": [4096], ""output"": [1, 4096]}",0,16385,"{""rsqrt"": 1}",8192,8192,8192,按 FP32 行内归约的代数计数；rsqrt、类型转换与临时 FP32 张量分列／不推断 HBM spill。
67,router,linear,"{""input"": [1, 4096], ""weight_math"": [4096, 128], ""weight_storage"": [128, 4096], ""output"": [1, 128]}",1048576,0,{},1048576,8192,256,独立 GEMM：权重与输入各读一次、输出写一次的操作数载荷；不预测 tile 重读。
67,router_softmax,routing,"{""input"": [1, 128], ""probabilities_fp32"": [1, 128]}",0,383,"{""exp"": 128, ""compare_max"": 127}",0,256,512,"FP32 softmax: subtract max, exp, reduction, divide; casts are not FLOPs."
67,router_topk,routing,"{""input_fp32"": [1, 128], ""values_fp32"": [1, 8], ""indices_int64"": [1, 8]}",0,0,"{""topk_rows"": 1, ""topk_candidates"": 128}",0,512,96,Top-k is an explicit selection primitive; candidate counts are not comparisons or FLOPs. Backend selection algorithm is unspecified.
67,router_renormalize_cast,routing,"{""selected_probabilities"": [1, 8]}",0,15,{},0,32,16,"Selected probabilities are renormalized if norm_topk_prob, then cast to activation dtype; row reduction assumed on-chip."
67,routing_one_hot,routing_metadata,"{""selected_int64"": [1, 8], ""mask_int64"": [1, 8, 128]}",0,0,"{""one_hot_entries"": 1024}",0,64,8192,Pinned HF reference materializes one_hot int64; this large routing mask is not assumed in optimized dispatch.
67,routing_where,routing_metadata,"{""mask_int64"": [128, 8, 1], ""top_x_and_slot_each"": [8]}",0,0,"{""integer_nonzero_tests"": 1024}",0,8192,128,Scan each expert mask; two int64 coordinates per assignment. Permute is a view.
67,expert_gather,routing,"{""source"": [1, 4096], ""gathered_rows"": [8, 4096]}",0,0,{},0,65600,65536,Logical gathers summed over experts; n_e and each concrete GEMM shape are in expert_matrices.
67,expert_gate_proj,linear,"{""input_per_expert"": [""n_e"", 4096], ""weight_storage_each"": [1536, 4096], ""output_per_expert"": [""n_e"", 1536], ""nonempty_experts"": 8, ""tokens_per_expert"": [1, 1, 1, 1, 1, 1, 1, 1, 0, 0, 0, 0, 0, 0, 0, 0, 0, 0, 0, 0, 0, 0, 0, 0, 0, 0, 0, 0, 0, 0, 0, 0, 0, 0, 0, 0, 0, 0, 0, 0, 0, 0, 0, 0, 0, 0, 0, 0, 0, 0, 0, 0, 0, 0, 0, 0, 0, 0, 0, 0, 0, 0, 0, 0, 0, 0, 0, 0, 0, 0, 0, 0, 0, 0, 0, 0, 0, 0, 0, 0, 0, 0, 0, 0, 0, 0, 0, 0, 0, 0, 0, 0, 0, 0, 0, 0, 0, 0, 0, 0, 0, 0, 0, 0, 0, 0, 0, 0, 0, 0, 0, 0, 0, 0, 0, 0, 0, 0, 0, 0, 0, 0, 0, 0, 0, 0, 0, 0]}",100663296,0,{},100663296,65536,24576,"Sum of unpadded per-expert GEMMs; each visited expert weight read once per layer, not once per token."
67,expert_up_proj,linear,"{""input_per_expert"": [""n_e"", 4096], ""weight_storage_each"": [1536, 4096], ""output_per_expert"": [""n_e"", 1536], ""nonempty_experts"": 8, ""tokens_per_expert"": [1, 1, 1, 1, 1, 1, 1, 1, 0, 0, 0, 0, 0, 0, 0, 0, 0, 0, 0, 0, 0, 0, 0, 0, 0, 0, 0, 0, 0, 0, 0, 0, 0, 0, 0, 0, 0, 0, 0, 0, 0, 0, 0, 0, 0, 0, 0, 0, 0, 0, 0, 0, 0, 0, 0, 0, 0, 0, 0, 0, 0, 0, 0, 0, 0, 0, 0, 0, 0, 0, 0, 0, 0, 0, 0, 0, 0, 0, 0, 0, 0, 0, 0, 0, 0, 0, 0, 0, 0, 0, 0, 0, 0, 0, 0, 0, 0, 0, 0, 0, 0, 0, 0, 0, 0, 0, 0, 0, 0, 0, 0, 0, 0, 0, 0, 0, 0, 0, 0, 0, 0, 0, 0, 0, 0, 0, 0, 0]}",100663296,0,{},100663296,65536,24576,"Sum of unpadded per-expert GEMMs; each visited expert weight read once per layer, not once per token."
67,expert_silu_mul,activation,"{""gate_and_up_each"": [8, 1536]}",0,49152,"{""exp"": 12288, ""negate"": 12288}",0,49152,24576,
67,expert_down_proj,linear,"{""input_per_expert"": [""n_e"", 1536], ""weight_storage_each"": [4096, 1536], ""output_per_expert"": [""n_e"", 4096], ""nonempty_experts"": 8, ""tokens_per_expert"": [1, 1, 1, 1, 1, 1, 1, 1, 0, 0, 0, 0, 0, 0, 0, 0, 0, 0, 0, 0, 0, 0, 0, 0, 0, 0, 0, 0, 0, 0, 0, 0, 0, 0, 0, 0, 0, 0, 0, 0, 0, 0, 0, 0, 0, 0, 0, 0, 0, 0, 0, 0, 0, 0, 0, 0, 0, 0, 0, 0, 0, 0, 0, 0, 0, 0, 0, 0, 0, 0, 0, 0, 0, 0, 0, 0, 0, 0, 0, 0, 0, 0, 0, 0, 0, 0, 0, 0, 0, 0, 0, 0, 0, 0, 0, 0, 0, 0, 0, 0, 0, 0, 0, 0, 0, 0, 0, 0, 0, 0, 0, 0, 0, 0, 0, 0, 0, 0, 0, 0, 0, 0, 0, 0, 0, 0, 0, 0]}",100663296,0,{},100663296,24576,65536,Unpadded per-expert GEMMs; empty experts have zero arithmetic and no weight payload.
67,expert_probability_multiply,routing,"{""expert_outputs"": [8, 4096], ""routing_weights"": [8]}",0,32768,{},0,65680,65536,Probability broadcast reuses one value per assignment; int64 token/slot indices included.
67,expert_output_zero,routing,"{""output"": [1, 4096]}",0,0,{},0,0,8192,Reference initializes final_hidden_states to zero.
67,expert_index_add,routing,"{""weighted_outputs"": [8, 4096], ""combined_output"": [1, 4096]}",0,32768,{},0,131136,65536,"Reference index_add includes the first add into zero; destination read/update per assignment is logical payload, not measured HBM."
67,ffn_residual,residual,"{""inputs_each"": [1, 4096], ""output"": [1, 4096]}",0,4096,{},0,16384,8192,
68,input_layernorm,normalization,"{""input"": [1, 4096], ""weight"": [4096], ""output"": [1, 4096]}",0,16385,"{""rsqrt"": 1}",8192,8192,8192,按 FP32 行内归约的代数计数；rsqrt、类型转换与临时 FP32 张量分列／不推断 HBM spill。
68,q_proj,linear,"{""input"": [1, 4096], ""weight_math"": [4096, 8192], ""weight_storage"": [8192, 4096], ""output"": [1, 8192]}",67108864,0,{},67108864,8192,16384,独立 GEMM：权重与输入各读一次、输出写一次的操作数载荷；不预测 tile 重读。
68,k_proj,linear,"{""input"": [1, 4096], ""weight_math"": [4096, 512], ""weight_storage"": [512, 4096], ""output"": [1, 512]}",4194304,0,{},4194304,8192,1024,独立 GEMM：权重与输入各读一次、输出写一次的操作数载荷；不预测 tile 重读。
68,v_proj,linear,"{""input"": [1, 4096], ""weight_math"": [4096, 512], ""weight_storage"": [512, 4096], ""output"": [1, 512]}",4194304,0,{},4194304,8192,1024,独立 GEMM：权重与输入各读一次、输出写一次的操作数载荷；不预测 tile 重读。
68,q_norm,normalization,"{""input"": [64, 128], ""weight"": [128], ""output"": [64, 128]}",0,32832,"{""rsqrt"": 64}",256,16384,16384,按 FP32 行内归约的代数计数；rsqrt、类型转换与临时 FP32 张量分列／不推断 HBM spill。
68,k_norm,normalization,"{""input"": [4, 128], ""weight"": [128], ""output"": [4, 128]}",0,2052,"{""rsqrt"": 4}",256,1024,1024,按 FP32 行内归约的代数计数；rsqrt、类型转换与临时 FP32 张量分列／不推断 HBM spill。
68,apply_rope,position,"{""Q"": [1, 64, 1, 128], ""K"": [1, 4, 1, 128]}",0,26112,"{""negate"": 4352}",0,17920,17408,2 multiply + 1 add/元素，rotate_half 符号翻转分列；表按批／头理想复用。
68,kv_append,state,"{""new_K_and_V_each"": [1, 4, 1, 128]}",0,0,{},0,2048,2048,原位／分页 append 载荷；不假定动态 torch.cat 对旧缓存整段复制。
68,qk,attention,"{""Q"": [1, 64, 1, 128], ""K_shared"": [1, 4, 8193, 128], ""scores_rectangular"": [1, 64, 1, 8193]}",134234112,0,{},0,8406016,2097408,FLOPs 仅有效因果位置；载荷是假定 Q/K 各读一次、GQA 头共享，完整分数矩阵物化。
68,score_scale_mask_softmax,softmax,"{""scores"": [1, 64, 1, 8193]}",0,2097344,"{""exp"": 524352, ""compare_max"": 524288, ""mask_decisions"": 524352}",0,2097408,2097408,选择的融合 scale/mask/softmax 代数工作；屏蔽点不计 exp。物化 FP32 默认概率；非具体 eager trace。
68,pv,attention,"{""P"": [1, 64, 1, 8193], ""V_shared"": [1, 4, 8193, 128], ""output"": [1, 64, 1, 128]}",134234112,0,{},0,10487040,16384,PV/AV：各 Q 头仍计算；V 容量不乘 GQA 复制数。载荷假定 V 在头／查询之间理想复用。
68,o_proj,linear,"{""input"": [1, 8192], ""weight_math"": [8192, 4096], ""weight_storage"": [4096, 8192], ""output"": [1, 4096]}",67108864,0,{},67108864,16384,8192,独立 GEMM：权重与输入各读一次、输出写一次的操作数载荷；不预测 tile 重读。
68,attention_residual,residual,"{""inputs_each"": [1, 4096], ""output"": [1, 4096]}",0,4096,{},0,16384,8192,
68,post_attention_layernorm,normalization,"{""input"": [1, 4096], ""weight"": [4096], ""output"": [1, 4096]}",0,16385,"{""rsqrt"": 1}",8192,8192,8192,按 FP32 行内归约的代数计数；rsqrt、类型转换与临时 FP32 张量分列／不推断 HBM spill。
68,router,linear,"{""input"": [1, 4096], ""weight_math"": [4096, 128], ""weight_storage"": [128, 4096], ""output"": [1, 128]}",1048576,0,{},1048576,8192,256,独立 GEMM：权重与输入各读一次、输出写一次的操作数载荷；不预测 tile 重读。
68,router_softmax,routing,"{""input"": [1, 128], ""probabilities_fp32"": [1, 128]}",0,383,"{""exp"": 128, ""compare_max"": 127}",0,256,512,"FP32 softmax: subtract max, exp, reduction, divide; casts are not FLOPs."
68,router_topk,routing,"{""input_fp32"": [1, 128], ""values_fp32"": [1, 8], ""indices_int64"": [1, 8]}",0,0,"{""topk_rows"": 1, ""topk_candidates"": 128}",0,512,96,Top-k is an explicit selection primitive; candidate counts are not comparisons or FLOPs. Backend selection algorithm is unspecified.
68,router_renormalize_cast,routing,"{""selected_probabilities"": [1, 8]}",0,15,{},0,32,16,"Selected probabilities are renormalized if norm_topk_prob, then cast to activation dtype; row reduction assumed on-chip."
68,routing_one_hot,routing_metadata,"{""selected_int64"": [1, 8], ""mask_int64"": [1, 8, 128]}",0,0,"{""one_hot_entries"": 1024}",0,64,8192,Pinned HF reference materializes one_hot int64; this large routing mask is not assumed in optimized dispatch.
68,routing_where,routing_metadata,"{""mask_int64"": [128, 8, 1], ""top_x_and_slot_each"": [8]}",0,0,"{""integer_nonzero_tests"": 1024}",0,8192,128,Scan each expert mask; two int64 coordinates per assignment. Permute is a view.
68,expert_gather,routing,"{""source"": [1, 4096], ""gathered_rows"": [8, 4096]}",0,0,{},0,65600,65536,Logical gathers summed over experts; n_e and each concrete GEMM shape are in expert_matrices.
68,expert_gate_proj,linear,"{""input_per_expert"": [""n_e"", 4096], ""weight_storage_each"": [1536, 4096], ""output_per_expert"": [""n_e"", 1536], ""nonempty_experts"": 8, ""tokens_per_expert"": [1, 1, 1, 1, 1, 1, 1, 1, 0, 0, 0, 0, 0, 0, 0, 0, 0, 0, 0, 0, 0, 0, 0, 0, 0, 0, 0, 0, 0, 0, 0, 0, 0, 0, 0, 0, 0, 0, 0, 0, 0, 0, 0, 0, 0, 0, 0, 0, 0, 0, 0, 0, 0, 0, 0, 0, 0, 0, 0, 0, 0, 0, 0, 0, 0, 0, 0, 0, 0, 0, 0, 0, 0, 0, 0, 0, 0, 0, 0, 0, 0, 0, 0, 0, 0, 0, 0, 0, 0, 0, 0, 0, 0, 0, 0, 0, 0, 0, 0, 0, 0, 0, 0, 0, 0, 0, 0, 0, 0, 0, 0, 0, 0, 0, 0, 0, 0, 0, 0, 0, 0, 0, 0, 0, 0, 0, 0, 0]}",100663296,0,{},100663296,65536,24576,"Sum of unpadded per-expert GEMMs; each visited expert weight read once per layer, not once per token."
68,expert_up_proj,linear,"{""input_per_expert"": [""n_e"", 4096], ""weight_storage_each"": [1536, 4096], ""output_per_expert"": [""n_e"", 1536], ""nonempty_experts"": 8, ""tokens_per_expert"": [1, 1, 1, 1, 1, 1, 1, 1, 0, 0, 0, 0, 0, 0, 0, 0, 0, 0, 0, 0, 0, 0, 0, 0, 0, 0, 0, 0, 0, 0, 0, 0, 0, 0, 0, 0, 0, 0, 0, 0, 0, 0, 0, 0, 0, 0, 0, 0, 0, 0, 0, 0, 0, 0, 0, 0, 0, 0, 0, 0, 0, 0, 0, 0, 0, 0, 0, 0, 0, 0, 0, 0, 0, 0, 0, 0, 0, 0, 0, 0, 0, 0, 0, 0, 0, 0, 0, 0, 0, 0, 0, 0, 0, 0, 0, 0, 0, 0, 0, 0, 0, 0, 0, 0, 0, 0, 0, 0, 0, 0, 0, 0, 0, 0, 0, 0, 0, 0, 0, 0, 0, 0, 0, 0, 0, 0, 0, 0]}",100663296,0,{},100663296,65536,24576,"Sum of unpadded per-expert GEMMs; each visited expert weight read once per layer, not once per token."
68,expert_silu_mul,activation,"{""gate_and_up_each"": [8, 1536]}",0,49152,"{""exp"": 12288, ""negate"": 12288}",0,49152,24576,
68,expert_down_proj,linear,"{""input_per_expert"": [""n_e"", 1536], ""weight_storage_each"": [4096, 1536], ""output_per_expert"": [""n_e"", 4096], ""nonempty_experts"": 8, ""tokens_per_expert"": [1, 1, 1, 1, 1, 1, 1, 1, 0, 0, 0, 0, 0, 0, 0, 0, 0, 0, 0, 0, 0, 0, 0, 0, 0, 0, 0, 0, 0, 0, 0, 0, 0, 0, 0, 0, 0, 0, 0, 0, 0, 0, 0, 0, 0, 0, 0, 0, 0, 0, 0, 0, 0, 0, 0, 0, 0, 0, 0, 0, 0, 0, 0, 0, 0, 0, 0, 0, 0, 0, 0, 0, 0, 0, 0, 0, 0, 0, 0, 0, 0, 0, 0, 0, 0, 0, 0, 0, 0, 0, 0, 0, 0, 0, 0, 0, 0, 0, 0, 0, 0, 0, 0, 0, 0, 0, 0, 0, 0, 0, 0, 0, 0, 0, 0, 0, 0, 0, 0, 0, 0, 0, 0, 0, 0, 0, 0, 0]}",100663296,0,{},100663296,24576,65536,Unpadded per-expert GEMMs; empty experts have zero arithmetic and no weight payload.
68,expert_probability_multiply,routing,"{""expert_outputs"": [8, 4096], ""routing_weights"": [8]}",0,32768,{},0,65680,65536,Probability broadcast reuses one value per assignment; int64 token/slot indices included.
68,expert_output_zero,routing,"{""output"": [1, 4096]}",0,0,{},0,0,8192,Reference initializes final_hidden_states to zero.
68,expert_index_add,routing,"{""weighted_outputs"": [8, 4096], ""combined_output"": [1, 4096]}",0,32768,{},0,131136,65536,"Reference index_add includes the first add into zero; destination read/update per assignment is logical payload, not measured HBM."
68,ffn_residual,residual,"{""inputs_each"": [1, 4096], ""output"": [1, 4096]}",0,4096,{},0,16384,8192,
69,input_layernorm,normalization,"{""input"": [1, 4096], ""weight"": [4096], ""output"": [1, 4096]}",0,16385,"{""rsqrt"": 1}",8192,8192,8192,按 FP32 行内归约的代数计数；rsqrt、类型转换与临时 FP32 张量分列／不推断 HBM spill。
69,q_proj,linear,"{""input"": [1, 4096], ""weight_math"": [4096, 8192], ""weight_storage"": [8192, 4096], ""output"": [1, 8192]}",67108864,0,{},67108864,8192,16384,独立 GEMM：权重与输入各读一次、输出写一次的操作数载荷；不预测 tile 重读。
69,k_proj,linear,"{""input"": [1, 4096], ""weight_math"": [4096, 512], ""weight_storage"": [512, 4096], ""output"": [1, 512]}",4194304,0,{},4194304,8192,1024,独立 GEMM：权重与输入各读一次、输出写一次的操作数载荷；不预测 tile 重读。
69,v_proj,linear,"{""input"": [1, 4096], ""weight_math"": [4096, 512], ""weight_storage"": [512, 4096], ""output"": [1, 512]}",4194304,0,{},4194304,8192,1024,独立 GEMM：权重与输入各读一次、输出写一次的操作数载荷；不预测 tile 重读。
69,q_norm,normalization,"{""input"": [64, 128], ""weight"": [128], ""output"": [64, 128]}",0,32832,"{""rsqrt"": 64}",256,16384,16384,按 FP32 行内归约的代数计数；rsqrt、类型转换与临时 FP32 张量分列／不推断 HBM spill。
69,k_norm,normalization,"{""input"": [4, 128], ""weight"": [128], ""output"": [4, 128]}",0,2052,"{""rsqrt"": 4}",256,1024,1024,按 FP32 行内归约的代数计数；rsqrt、类型转换与临时 FP32 张量分列／不推断 HBM spill。
69,apply_rope,position,"{""Q"": [1, 64, 1, 128], ""K"": [1, 4, 1, 128]}",0,26112,"{""negate"": 4352}",0,17920,17408,2 multiply + 1 add/元素，rotate_half 符号翻转分列；表按批／头理想复用。
69,kv_append,state,"{""new_K_and_V_each"": [1, 4, 1, 128]}",0,0,{},0,2048,2048,原位／分页 append 载荷；不假定动态 torch.cat 对旧缓存整段复制。
69,qk,attention,"{""Q"": [1, 64, 1, 128], ""K_shared"": [1, 4, 8193, 128], ""scores_rectangular"": [1, 64, 1, 8193]}",134234112,0,{},0,8406016,2097408,FLOPs 仅有效因果位置；载荷是假定 Q/K 各读一次、GQA 头共享，完整分数矩阵物化。
69,score_scale_mask_softmax,softmax,"{""scores"": [1, 64, 1, 8193]}",0,2097344,"{""exp"": 524352, ""compare_max"": 524288, ""mask_decisions"": 524352}",0,2097408,2097408,选择的融合 scale/mask/softmax 代数工作；屏蔽点不计 exp。物化 FP32 默认概率；非具体 eager trace。
69,pv,attention,"{""P"": [1, 64, 1, 8193], ""V_shared"": [1, 4, 8193, 128], ""output"": [1, 64, 1, 128]}",134234112,0,{},0,10487040,16384,PV/AV：各 Q 头仍计算；V 容量不乘 GQA 复制数。载荷假定 V 在头／查询之间理想复用。
69,o_proj,linear,"{""input"": [1, 8192], ""weight_math"": [8192, 4096], ""weight_storage"": [4096, 8192], ""output"": [1, 4096]}",67108864,0,{},67108864,16384,8192,独立 GEMM：权重与输入各读一次、输出写一次的操作数载荷；不预测 tile 重读。
69,attention_residual,residual,"{""inputs_each"": [1, 4096], ""output"": [1, 4096]}",0,4096,{},0,16384,8192,
69,post_attention_layernorm,normalization,"{""input"": [1, 4096], ""weight"": [4096], ""output"": [1, 4096]}",0,16385,"{""rsqrt"": 1}",8192,8192,8192,按 FP32 行内归约的代数计数；rsqrt、类型转换与临时 FP32 张量分列／不推断 HBM spill。
69,router,linear,"{""input"": [1, 4096], ""weight_math"": [4096, 128], ""weight_storage"": [128, 4096], ""output"": [1, 128]}",1048576,0,{},1048576,8192,256,独立 GEMM：权重与输入各读一次、输出写一次的操作数载荷；不预测 tile 重读。
69,router_softmax,routing,"{""input"": [1, 128], ""probabilities_fp32"": [1, 128]}",0,383,"{""exp"": 128, ""compare_max"": 127}",0,256,512,"FP32 softmax: subtract max, exp, reduction, divide; casts are not FLOPs."
69,router_topk,routing,"{""input_fp32"": [1, 128], ""values_fp32"": [1, 8], ""indices_int64"": [1, 8]}",0,0,"{""topk_rows"": 1, ""topk_candidates"": 128}",0,512,96,Top-k is an explicit selection primitive; candidate counts are not comparisons or FLOPs. Backend selection algorithm is unspecified.
69,router_renormalize_cast,routing,"{""selected_probabilities"": [1, 8]}",0,15,{},0,32,16,"Selected probabilities are renormalized if norm_topk_prob, then cast to activation dtype; row reduction assumed on-chip."
69,routing_one_hot,routing_metadata,"{""selected_int64"": [1, 8], ""mask_int64"": [1, 8, 128]}",0,0,"{""one_hot_entries"": 1024}",0,64,8192,Pinned HF reference materializes one_hot int64; this large routing mask is not assumed in optimized dispatch.
69,routing_where,routing_metadata,"{""mask_int64"": [128, 8, 1], ""top_x_and_slot_each"": [8]}",0,0,"{""integer_nonzero_tests"": 1024}",0,8192,128,Scan each expert mask; two int64 coordinates per assignment. Permute is a view.
69,expert_gather,routing,"{""source"": [1, 4096], ""gathered_rows"": [8, 4096]}",0,0,{},0,65600,65536,Logical gathers summed over experts; n_e and each concrete GEMM shape are in expert_matrices.
69,expert_gate_proj,linear,"{""input_per_expert"": [""n_e"", 4096], ""weight_storage_each"": [1536, 4096], ""output_per_expert"": [""n_e"", 1536], ""nonempty_experts"": 8, ""tokens_per_expert"": [1, 1, 1, 1, 1, 1, 1, 1, 0, 0, 0, 0, 0, 0, 0, 0, 0, 0, 0, 0, 0, 0, 0, 0, 0, 0, 0, 0, 0, 0, 0, 0, 0, 0, 0, 0, 0, 0, 0, 0, 0, 0, 0, 0, 0, 0, 0, 0, 0, 0, 0, 0, 0, 0, 0, 0, 0, 0, 0, 0, 0, 0, 0, 0, 0, 0, 0, 0, 0, 0, 0, 0, 0, 0, 0, 0, 0, 0, 0, 0, 0, 0, 0, 0, 0, 0, 0, 0, 0, 0, 0, 0, 0, 0, 0, 0, 0, 0, 0, 0, 0, 0, 0, 0, 0, 0, 0, 0, 0, 0, 0, 0, 0, 0, 0, 0, 0, 0, 0, 0, 0, 0, 0, 0, 0, 0, 0, 0]}",100663296,0,{},100663296,65536,24576,"Sum of unpadded per-expert GEMMs; each visited expert weight read once per layer, not once per token."
69,expert_up_proj,linear,"{""input_per_expert"": [""n_e"", 4096], ""weight_storage_each"": [1536, 4096], ""output_per_expert"": [""n_e"", 1536], ""nonempty_experts"": 8, ""tokens_per_expert"": [1, 1, 1, 1, 1, 1, 1, 1, 0, 0, 0, 0, 0, 0, 0, 0, 0, 0, 0, 0, 0, 0, 0, 0, 0, 0, 0, 0, 0, 0, 0, 0, 0, 0, 0, 0, 0, 0, 0, 0, 0, 0, 0, 0, 0, 0, 0, 0, 0, 0, 0, 0, 0, 0, 0, 0, 0, 0, 0, 0, 0, 0, 0, 0, 0, 0, 0, 0, 0, 0, 0, 0, 0, 0, 0, 0, 0, 0, 0, 0, 0, 0, 0, 0, 0, 0, 0, 0, 0, 0, 0, 0, 0, 0, 0, 0, 0, 0, 0, 0, 0, 0, 0, 0, 0, 0, 0, 0, 0, 0, 0, 0, 0, 0, 0, 0, 0, 0, 0, 0, 0, 0, 0, 0, 0, 0, 0, 0]}",100663296,0,{},100663296,65536,24576,"Sum of unpadded per-expert GEMMs; each visited expert weight read once per layer, not once per token."
69,expert_silu_mul,activation,"{""gate_and_up_each"": [8, 1536]}",0,49152,"{""exp"": 12288, ""negate"": 12288}",0,49152,24576,
69,expert_down_proj,linear,"{""input_per_expert"": [""n_e"", 1536], ""weight_storage_each"": [4096, 1536], ""output_per_expert"": [""n_e"", 4096], ""nonempty_experts"": 8, ""tokens_per_expert"": [1, 1, 1, 1, 1, 1, 1, 1, 0, 0, 0, 0, 0, 0, 0, 0, 0, 0, 0, 0, 0, 0, 0, 0, 0, 0, 0, 0, 0, 0, 0, 0, 0, 0, 0, 0, 0, 0, 0, 0, 0, 0, 0, 0, 0, 0, 0, 0, 0, 0, 0, 0, 0, 0, 0, 0, 0, 0, 0, 0, 0, 0, 0, 0, 0, 0, 0, 0, 0, 0, 0, 0, 0, 0, 0, 0, 0, 0, 0, 0, 0, 0, 0, 0, 0, 0, 0, 0, 0, 0, 0, 0, 0, 0, 0, 0, 0, 0, 0, 0, 0, 0, 0, 0, 0, 0, 0, 0, 0, 0, 0, 0, 0, 0, 0, 0, 0, 0, 0, 0, 0, 0, 0, 0, 0, 0, 0, 0]}",100663296,0,{},100663296,24576,65536,Unpadded per-expert GEMMs; empty experts have zero arithmetic and no weight payload.
69,expert_probability_multiply,routing,"{""expert_outputs"": [8, 4096], ""routing_weights"": [8]}",0,32768,{},0,65680,65536,Probability broadcast reuses one value per assignment; int64 token/slot indices included.
69,expert_output_zero,routing,"{""output"": [1, 4096]}",0,0,{},0,0,8192,Reference initializes final_hidden_states to zero.
69,expert_index_add,routing,"{""weighted_outputs"": [8, 4096], ""combined_output"": [1, 4096]}",0,32768,{},0,131136,65536,"Reference index_add includes the first add into zero; destination read/update per assignment is logical payload, not measured HBM."
69,ffn_residual,residual,"{""inputs_each"": [1, 4096], ""output"": [1, 4096]}",0,4096,{},0,16384,8192,
70,input_layernorm,normalization,"{""input"": [1, 4096], ""weight"": [4096], ""output"": [1, 4096]}",0,16385,"{""rsqrt"": 1}",8192,8192,8192,按 FP32 行内归约的代数计数；rsqrt、类型转换与临时 FP32 张量分列／不推断 HBM spill。
70,q_proj,linear,"{""input"": [1, 4096], ""weight_math"": [4096, 8192], ""weight_storage"": [8192, 4096], ""output"": [1, 8192]}",67108864,0,{},67108864,8192,16384,独立 GEMM：权重与输入各读一次、输出写一次的操作数载荷；不预测 tile 重读。
70,k_proj,linear,"{""input"": [1, 4096], ""weight_math"": [4096, 512], ""weight_storage"": [512, 4096], ""output"": [1, 512]}",4194304,0,{},4194304,8192,1024,独立 GEMM：权重与输入各读一次、输出写一次的操作数载荷；不预测 tile 重读。
70,v_proj,linear,"{""input"": [1, 4096], ""weight_math"": [4096, 512], ""weight_storage"": [512, 4096], ""output"": [1, 512]}",4194304,0,{},4194304,8192,1024,独立 GEMM：权重与输入各读一次、输出写一次的操作数载荷；不预测 tile 重读。
70,q_norm,normalization,"{""input"": [64, 128], ""weight"": [128], ""output"": [64, 128]}",0,32832,"{""rsqrt"": 64}",256,16384,16384,按 FP32 行内归约的代数计数；rsqrt、类型转换与临时 FP32 张量分列／不推断 HBM spill。
70,k_norm,normalization,"{""input"": [4, 128], ""weight"": [128], ""output"": [4, 128]}",0,2052,"{""rsqrt"": 4}",256,1024,1024,按 FP32 行内归约的代数计数；rsqrt、类型转换与临时 FP32 张量分列／不推断 HBM spill。
70,apply_rope,position,"{""Q"": [1, 64, 1, 128], ""K"": [1, 4, 1, 128]}",0,26112,"{""negate"": 4352}",0,17920,17408,2 multiply + 1 add/元素，rotate_half 符号翻转分列；表按批／头理想复用。
70,kv_append,state,"{""new_K_and_V_each"": [1, 4, 1, 128]}",0,0,{},0,2048,2048,原位／分页 append 载荷；不假定动态 torch.cat 对旧缓存整段复制。
70,qk,attention,"{""Q"": [1, 64, 1, 128], ""K_shared"": [1, 4, 8193, 128], ""scores_rectangular"": [1, 64, 1, 8193]}",134234112,0,{},0,8406016,2097408,FLOPs 仅有效因果位置；载荷是假定 Q/K 各读一次、GQA 头共享，完整分数矩阵物化。
70,score_scale_mask_softmax,softmax,"{""scores"": [1, 64, 1, 8193]}",0,2097344,"{""exp"": 524352, ""compare_max"": 524288, ""mask_decisions"": 524352}",0,2097408,2097408,选择的融合 scale/mask/softmax 代数工作；屏蔽点不计 exp。物化 FP32 默认概率；非具体 eager trace。
70,pv,attention,"{""P"": [1, 64, 1, 8193], ""V_shared"": [1, 4, 8193, 128], ""output"": [1, 64, 1, 128]}",134234112,0,{},0,10487040,16384,PV/AV：各 Q 头仍计算；V 容量不乘 GQA 复制数。载荷假定 V 在头／查询之间理想复用。
70,o_proj,linear,"{""input"": [1, 8192], ""weight_math"": [8192, 4096], ""weight_storage"": [4096, 8192], ""output"": [1, 4096]}",67108864,0,{},67108864,16384,8192,独立 GEMM：权重与输入各读一次、输出写一次的操作数载荷；不预测 tile 重读。
70,attention_residual,residual,"{""inputs_each"": [1, 4096], ""output"": [1, 4096]}",0,4096,{},0,16384,8192,
70,post_attention_layernorm,normalization,"{""input"": [1, 4096], ""weight"": [4096], ""output"": [1, 4096]}",0,16385,"{""rsqrt"": 1}",8192,8192,8192,按 FP32 行内归约的代数计数；rsqrt、类型转换与临时 FP32 张量分列／不推断 HBM spill。
70,router,linear,"{""input"": [1, 4096], ""weight_math"": [4096, 128], ""weight_storage"": [128, 4096], ""output"": [1, 128]}",1048576,0,{},1048576,8192,256,独立 GEMM：权重与输入各读一次、输出写一次的操作数载荷；不预测 tile 重读。
70,router_softmax,routing,"{""input"": [1, 128], ""probabilities_fp32"": [1, 128]}",0,383,"{""exp"": 128, ""compare_max"": 127}",0,256,512,"FP32 softmax: subtract max, exp, reduction, divide; casts are not FLOPs."
70,router_topk,routing,"{""input_fp32"": [1, 128], ""values_fp32"": [1, 8], ""indices_int64"": [1, 8]}",0,0,"{""topk_rows"": 1, ""topk_candidates"": 128}",0,512,96,Top-k is an explicit selection primitive; candidate counts are not comparisons or FLOPs. Backend selection algorithm is unspecified.
70,router_renormalize_cast,routing,"{""selected_probabilities"": [1, 8]}",0,15,{},0,32,16,"Selected probabilities are renormalized if norm_topk_prob, then cast to activation dtype; row reduction assumed on-chip."
70,routing_one_hot,routing_metadata,"{""selected_int64"": [1, 8], ""mask_int64"": [1, 8, 128]}",0,0,"{""one_hot_entries"": 1024}",0,64,8192,Pinned HF reference materializes one_hot int64; this large routing mask is not assumed in optimized dispatch.
70,routing_where,routing_metadata,"{""mask_int64"": [128, 8, 1], ""top_x_and_slot_each"": [8]}",0,0,"{""integer_nonzero_tests"": 1024}",0,8192,128,Scan each expert mask; two int64 coordinates per assignment. Permute is a view.
70,expert_gather,routing,"{""source"": [1, 4096], ""gathered_rows"": [8, 4096]}",0,0,{},0,65600,65536,Logical gathers summed over experts; n_e and each concrete GEMM shape are in expert_matrices.
70,expert_gate_proj,linear,"{""input_per_expert"": [""n_e"", 4096], ""weight_storage_each"": [1536, 4096], ""output_per_expert"": [""n_e"", 1536], ""nonempty_experts"": 8, ""tokens_per_expert"": [1, 1, 1, 1, 1, 1, 1, 1, 0, 0, 0, 0, 0, 0, 0, 0, 0, 0, 0, 0, 0, 0, 0, 0, 0, 0, 0, 0, 0, 0, 0, 0, 0, 0, 0, 0, 0, 0, 0, 0, 0, 0, 0, 0, 0, 0, 0, 0, 0, 0, 0, 0, 0, 0, 0, 0, 0, 0, 0, 0, 0, 0, 0, 0, 0, 0, 0, 0, 0, 0, 0, 0, 0, 0, 0, 0, 0, 0, 0, 0, 0, 0, 0, 0, 0, 0, 0, 0, 0, 0, 0, 0, 0, 0, 0, 0, 0, 0, 0, 0, 0, 0, 0, 0, 0, 0, 0, 0, 0, 0, 0, 0, 0, 0, 0, 0, 0, 0, 0, 0, 0, 0, 0, 0, 0, 0, 0, 0]}",100663296,0,{},100663296,65536,24576,"Sum of unpadded per-expert GEMMs; each visited expert weight read once per layer, not once per token."
70,expert_up_proj,linear,"{""input_per_expert"": [""n_e"", 4096], ""weight_storage_each"": [1536, 4096], ""output_per_expert"": [""n_e"", 1536], ""nonempty_experts"": 8, ""tokens_per_expert"": [1, 1, 1, 1, 1, 1, 1, 1, 0, 0, 0, 0, 0, 0, 0, 0, 0, 0, 0, 0, 0, 0, 0, 0, 0, 0, 0, 0, 0, 0, 0, 0, 0, 0, 0, 0, 0, 0, 0, 0, 0, 0, 0, 0, 0, 0, 0, 0, 0, 0, 0, 0, 0, 0, 0, 0, 0, 0, 0, 0, 0, 0, 0, 0, 0, 0, 0, 0, 0, 0, 0, 0, 0, 0, 0, 0, 0, 0, 0, 0, 0, 0, 0, 0, 0, 0, 0, 0, 0, 0, 0, 0, 0, 0, 0, 0, 0, 0, 0, 0, 0, 0, 0, 0, 0, 0, 0, 0, 0, 0, 0, 0, 0, 0, 0, 0, 0, 0, 0, 0, 0, 0, 0, 0, 0, 0, 0, 0]}",100663296,0,{},100663296,65536,24576,"Sum of unpadded per-expert GEMMs; each visited expert weight read once per layer, not once per token."
70,expert_silu_mul,activation,"{""gate_and_up_each"": [8, 1536]}",0,49152,"{""exp"": 12288, ""negate"": 12288}",0,49152,24576,
70,expert_down_proj,linear,"{""input_per_expert"": [""n_e"", 1536], ""weight_storage_each"": [4096, 1536], ""output_per_expert"": [""n_e"", 4096], ""nonempty_experts"": 8, ""tokens_per_expert"": [1, 1, 1, 1, 1, 1, 1, 1, 0, 0, 0, 0, 0, 0, 0, 0, 0, 0, 0, 0, 0, 0, 0, 0, 0, 0, 0, 0, 0, 0, 0, 0, 0, 0, 0, 0, 0, 0, 0, 0, 0, 0, 0, 0, 0, 0, 0, 0, 0, 0, 0, 0, 0, 0, 0, 0, 0, 0, 0, 0, 0, 0, 0, 0, 0, 0, 0, 0, 0, 0, 0, 0, 0, 0, 0, 0, 0, 0, 0, 0, 0, 0, 0, 0, 0, 0, 0, 0, 0, 0, 0, 0, 0, 0, 0, 0, 0, 0, 0, 0, 0, 0, 0, 0, 0, 0, 0, 0, 0, 0, 0, 0, 0, 0, 0, 0, 0, 0, 0, 0, 0, 0, 0, 0, 0, 0, 0, 0]}",100663296,0,{},100663296,24576,65536,Unpadded per-expert GEMMs; empty experts have zero arithmetic and no weight payload.
70,expert_probability_multiply,routing,"{""expert_outputs"": [8, 4096], ""routing_weights"": [8]}",0,32768,{},0,65680,65536,Probability broadcast reuses one value per assignment; int64 token/slot indices included.
70,expert_output_zero,routing,"{""output"": [1, 4096]}",0,0,{},0,0,8192,Reference initializes final_hidden_states to zero.
70,expert_index_add,routing,"{""weighted_outputs"": [8, 4096], ""combined_output"": [1, 4096]}",0,32768,{},0,131136,65536,"Reference index_add includes the first add into zero; destination read/update per assignment is logical payload, not measured HBM."
70,ffn_residual,residual,"{""inputs_each"": [1, 4096], ""output"": [1, 4096]}",0,4096,{},0,16384,8192,
71,input_layernorm,normalization,"{""input"": [1, 4096], ""weight"": [4096], ""output"": [1, 4096]}",0,16385,"{""rsqrt"": 1}",8192,8192,8192,按 FP32 行内归约的代数计数；rsqrt、类型转换与临时 FP32 张量分列／不推断 HBM spill。
71,q_proj,linear,"{""input"": [1, 4096], ""weight_math"": [4096, 8192], ""weight_storage"": [8192, 4096], ""output"": [1, 8192]}",67108864,0,{},67108864,8192,16384,独立 GEMM：权重与输入各读一次、输出写一次的操作数载荷；不预测 tile 重读。
71,k_proj,linear,"{""input"": [1, 4096], ""weight_math"": [4096, 512], ""weight_storage"": [512, 4096], ""output"": [1, 512]}",4194304,0,{},4194304,8192,1024,独立 GEMM：权重与输入各读一次、输出写一次的操作数载荷；不预测 tile 重读。
71,v_proj,linear,"{""input"": [1, 4096], ""weight_math"": [4096, 512], ""weight_storage"": [512, 4096], ""output"": [1, 512]}",4194304,0,{},4194304,8192,1024,独立 GEMM：权重与输入各读一次、输出写一次的操作数载荷；不预测 tile 重读。
71,q_norm,normalization,"{""input"": [64, 128], ""weight"": [128], ""output"": [64, 128]}",0,32832,"{""rsqrt"": 64}",256,16384,16384,按 FP32 行内归约的代数计数；rsqrt、类型转换与临时 FP32 张量分列／不推断 HBM spill。
71,k_norm,normalization,"{""input"": [4, 128], ""weight"": [128], ""output"": [4, 128]}",0,2052,"{""rsqrt"": 4}",256,1024,1024,按 FP32 行内归约的代数计数；rsqrt、类型转换与临时 FP32 张量分列／不推断 HBM spill。
71,apply_rope,position,"{""Q"": [1, 64, 1, 128], ""K"": [1, 4, 1, 128]}",0,26112,"{""negate"": 4352}",0,17920,17408,2 multiply + 1 add/元素，rotate_half 符号翻转分列；表按批／头理想复用。
71,kv_append,state,"{""new_K_and_V_each"": [1, 4, 1, 128]}",0,0,{},0,2048,2048,原位／分页 append 载荷；不假定动态 torch.cat 对旧缓存整段复制。
71,qk,attention,"{""Q"": [1, 64, 1, 128], ""K_shared"": [1, 4, 8193, 128], ""scores_rectangular"": [1, 64, 1, 8193]}",134234112,0,{},0,8406016,2097408,FLOPs 仅有效因果位置；载荷是假定 Q/K 各读一次、GQA 头共享，完整分数矩阵物化。
71,score_scale_mask_softmax,softmax,"{""scores"": [1, 64, 1, 8193]}",0,2097344,"{""exp"": 524352, ""compare_max"": 524288, ""mask_decisions"": 524352}",0,2097408,2097408,选择的融合 scale/mask/softmax 代数工作；屏蔽点不计 exp。物化 FP32 默认概率；非具体 eager trace。
71,pv,attention,"{""P"": [1, 64, 1, 8193], ""V_shared"": [1, 4, 8193, 128], ""output"": [1, 64, 1, 128]}",134234112,0,{},0,10487040,16384,PV/AV：各 Q 头仍计算；V 容量不乘 GQA 复制数。载荷假定 V 在头／查询之间理想复用。
71,o_proj,linear,"{""input"": [1, 8192], ""weight_math"": [8192, 4096], ""weight_storage"": [4096, 8192], ""output"": [1, 4096]}",67108864,0,{},67108864,16384,8192,独立 GEMM：权重与输入各读一次、输出写一次的操作数载荷；不预测 tile 重读。
71,attention_residual,residual,"{""inputs_each"": [1, 4096], ""output"": [1, 4096]}",0,4096,{},0,16384,8192,
71,post_attention_layernorm,normalization,"{""input"": [1, 4096], ""weight"": [4096], ""output"": [1, 4096]}",0,16385,"{""rsqrt"": 1}",8192,8192,8192,按 FP32 行内归约的代数计数；rsqrt、类型转换与临时 FP32 张量分列／不推断 HBM spill。
71,router,linear,"{""input"": [1, 4096], ""weight_math"": [4096, 128], ""weight_storage"": [128, 4096], ""output"": [1, 128]}",1048576,0,{},1048576,8192,256,独立 GEMM：权重与输入各读一次、输出写一次的操作数载荷；不预测 tile 重读。
71,router_softmax,routing,"{""input"": [1, 128], ""probabilities_fp32"": [1, 128]}",0,383,"{""exp"": 128, ""compare_max"": 127}",0,256,512,"FP32 softmax: subtract max, exp, reduction, divide; casts are not FLOPs."
71,router_topk,routing,"{""input_fp32"": [1, 128], ""values_fp32"": [1, 8], ""indices_int64"": [1, 8]}",0,0,"{""topk_rows"": 1, ""topk_candidates"": 128}",0,512,96,Top-k is an explicit selection primitive; candidate counts are not comparisons or FLOPs. Backend selection algorithm is unspecified.
71,router_renormalize_cast,routing,"{""selected_probabilities"": [1, 8]}",0,15,{},0,32,16,"Selected probabilities are renormalized if norm_topk_prob, then cast to activation dtype; row reduction assumed on-chip."
71,routing_one_hot,routing_metadata,"{""selected_int64"": [1, 8], ""mask_int64"": [1, 8, 128]}",0,0,"{""one_hot_entries"": 1024}",0,64,8192,Pinned HF reference materializes one_hot int64; this large routing mask is not assumed in optimized dispatch.
71,routing_where,routing_metadata,"{""mask_int64"": [128, 8, 1], ""top_x_and_slot_each"": [8]}",0,0,"{""integer_nonzero_tests"": 1024}",0,8192,128,Scan each expert mask; two int64 coordinates per assignment. Permute is a view.
71,expert_gather,routing,"{""source"": [1, 4096], ""gathered_rows"": [8, 4096]}",0,0,{},0,65600,65536,Logical gathers summed over experts; n_e and each concrete GEMM shape are in expert_matrices.
71,expert_gate_proj,linear,"{""input_per_expert"": [""n_e"", 4096], ""weight_storage_each"": [1536, 4096], ""output_per_expert"": [""n_e"", 1536], ""nonempty_experts"": 8, ""tokens_per_expert"": [1, 1, 1, 1, 1, 1, 1, 1, 0, 0, 0, 0, 0, 0, 0, 0, 0, 0, 0, 0, 0, 0, 0, 0, 0, 0, 0, 0, 0, 0, 0, 0, 0, 0, 0, 0, 0, 0, 0, 0, 0, 0, 0, 0, 0, 0, 0, 0, 0, 0, 0, 0, 0, 0, 0, 0, 0, 0, 0, 0, 0, 0, 0, 0, 0, 0, 0, 0, 0, 0, 0, 0, 0, 0, 0, 0, 0, 0, 0, 0, 0, 0, 0, 0, 0, 0, 0, 0, 0, 0, 0, 0, 0, 0, 0, 0, 0, 0, 0, 0, 0, 0, 0, 0, 0, 0, 0, 0, 0, 0, 0, 0, 0, 0, 0, 0, 0, 0, 0, 0, 0, 0, 0, 0, 0, 0, 0, 0]}",100663296,0,{},100663296,65536,24576,"Sum of unpadded per-expert GEMMs; each visited expert weight read once per layer, not once per token."
71,expert_up_proj,linear,"{""input_per_expert"": [""n_e"", 4096], ""weight_storage_each"": [1536, 4096], ""output_per_expert"": [""n_e"", 1536], ""nonempty_experts"": 8, ""tokens_per_expert"": [1, 1, 1, 1, 1, 1, 1, 1, 0, 0, 0, 0, 0, 0, 0, 0, 0, 0, 0, 0, 0, 0, 0, 0, 0, 0, 0, 0, 0, 0, 0, 0, 0, 0, 0, 0, 0, 0, 0, 0, 0, 0, 0, 0, 0, 0, 0, 0, 0, 0, 0, 0, 0, 0, 0, 0, 0, 0, 0, 0, 0, 0, 0, 0, 0, 0, 0, 0, 0, 0, 0, 0, 0, 0, 0, 0, 0, 0, 0, 0, 0, 0, 0, 0, 0, 0, 0, 0, 0, 0, 0, 0, 0, 0, 0, 0, 0, 0, 0, 0, 0, 0, 0, 0, 0, 0, 0, 0, 0, 0, 0, 0, 0, 0, 0, 0, 0, 0, 0, 0, 0, 0, 0, 0, 0, 0, 0, 0]}",100663296,0,{},100663296,65536,24576,"Sum of unpadded per-expert GEMMs; each visited expert weight read once per layer, not once per token."
71,expert_silu_mul,activation,"{""gate_and_up_each"": [8, 1536]}",0,49152,"{""exp"": 12288, ""negate"": 12288}",0,49152,24576,
71,expert_down_proj,linear,"{""input_per_expert"": [""n_e"", 1536], ""weight_storage_each"": [4096, 1536], ""output_per_expert"": [""n_e"", 4096], ""nonempty_experts"": 8, ""tokens_per_expert"": [1, 1, 1, 1, 1, 1, 1, 1, 0, 0, 0, 0, 0, 0, 0, 0, 0, 0, 0, 0, 0, 0, 0, 0, 0, 0, 0, 0, 0, 0, 0, 0, 0, 0, 0, 0, 0, 0, 0, 0, 0, 0, 0, 0, 0, 0, 0, 0, 0, 0, 0, 0, 0, 0, 0, 0, 0, 0, 0, 0, 0, 0, 0, 0, 0, 0, 0, 0, 0, 0, 0, 0, 0, 0, 0, 0, 0, 0, 0, 0, 0, 0, 0, 0, 0, 0, 0, 0, 0, 0, 0, 0, 0, 0, 0, 0, 0, 0, 0, 0, 0, 0, 0, 0, 0, 0, 0, 0, 0, 0, 0, 0, 0, 0, 0, 0, 0, 0, 0, 0, 0, 0, 0, 0, 0, 0, 0, 0]}",100663296,0,{},100663296,24576,65536,Unpadded per-expert GEMMs; empty experts have zero arithmetic and no weight payload.
71,expert_probability_multiply,routing,"{""expert_outputs"": [8, 4096], ""routing_weights"": [8]}",0,32768,{},0,65680,65536,Probability broadcast reuses one value per assignment; int64 token/slot indices included.
71,expert_output_zero,routing,"{""output"": [1, 4096]}",0,0,{},0,0,8192,Reference initializes final_hidden_states to zero.
71,expert_index_add,routing,"{""weighted_outputs"": [8, 4096], ""combined_output"": [1, 4096]}",0,32768,{},0,131136,65536,"Reference index_add includes the first add into zero; destination read/update per assignment is logical payload, not measured HBM."
71,ffn_residual,residual,"{""inputs_each"": [1, 4096], ""output"": [1, 4096]}",0,4096,{},0,16384,8192,
72,input_layernorm,normalization,"{""input"": [1, 4096], ""weight"": [4096], ""output"": [1, 4096]}",0,16385,"{""rsqrt"": 1}",8192,8192,8192,按 FP32 行内归约的代数计数；rsqrt、类型转换与临时 FP32 张量分列／不推断 HBM spill。
72,q_proj,linear,"{""input"": [1, 4096], ""weight_math"": [4096, 8192], ""weight_storage"": [8192, 4096], ""output"": [1, 8192]}",67108864,0,{},67108864,8192,16384,独立 GEMM：权重与输入各读一次、输出写一次的操作数载荷；不预测 tile 重读。
72,k_proj,linear,"{""input"": [1, 4096], ""weight_math"": [4096, 512], ""weight_storage"": [512, 4096], ""output"": [1, 512]}",4194304,0,{},4194304,8192,1024,独立 GEMM：权重与输入各读一次、输出写一次的操作数载荷；不预测 tile 重读。
72,v_proj,linear,"{""input"": [1, 4096], ""weight_math"": [4096, 512], ""weight_storage"": [512, 4096], ""output"": [1, 512]}",4194304,0,{},4194304,8192,1024,独立 GEMM：权重与输入各读一次、输出写一次的操作数载荷；不预测 tile 重读。
72,q_norm,normalization,"{""input"": [64, 128], ""weight"": [128], ""output"": [64, 128]}",0,32832,"{""rsqrt"": 64}",256,16384,16384,按 FP32 行内归约的代数计数；rsqrt、类型转换与临时 FP32 张量分列／不推断 HBM spill。
72,k_norm,normalization,"{""input"": [4, 128], ""weight"": [128], ""output"": [4, 128]}",0,2052,"{""rsqrt"": 4}",256,1024,1024,按 FP32 行内归约的代数计数；rsqrt、类型转换与临时 FP32 张量分列／不推断 HBM spill。
72,apply_rope,position,"{""Q"": [1, 64, 1, 128], ""K"": [1, 4, 1, 128]}",0,26112,"{""negate"": 4352}",0,17920,17408,2 multiply + 1 add/元素，rotate_half 符号翻转分列；表按批／头理想复用。
72,kv_append,state,"{""new_K_and_V_each"": [1, 4, 1, 128]}",0,0,{},0,2048,2048,原位／分页 append 载荷；不假定动态 torch.cat 对旧缓存整段复制。
72,qk,attention,"{""Q"": [1, 64, 1, 128], ""K_shared"": [1, 4, 8193, 128], ""scores_rectangular"": [1, 64, 1, 8193]}",134234112,0,{},0,8406016,2097408,FLOPs 仅有效因果位置；载荷是假定 Q/K 各读一次、GQA 头共享，完整分数矩阵物化。
72,score_scale_mask_softmax,softmax,"{""scores"": [1, 64, 1, 8193]}",0,2097344,"{""exp"": 524352, ""compare_max"": 524288, ""mask_decisions"": 524352}",0,2097408,2097408,选择的融合 scale/mask/softmax 代数工作；屏蔽点不计 exp。物化 FP32 默认概率；非具体 eager trace。
72,pv,attention,"{""P"": [1, 64, 1, 8193], ""V_shared"": [1, 4, 8193, 128], ""output"": [1, 64, 1, 128]}",134234112,0,{},0,10487040,16384,PV/AV：各 Q 头仍计算；V 容量不乘 GQA 复制数。载荷假定 V 在头／查询之间理想复用。
72,o_proj,linear,"{""input"": [1, 8192], ""weight_math"": [8192, 4096], ""weight_storage"": [4096, 8192], ""output"": [1, 4096]}",67108864,0,{},67108864,16384,8192,独立 GEMM：权重与输入各读一次、输出写一次的操作数载荷；不预测 tile 重读。
72,attention_residual,residual,"{""inputs_each"": [1, 4096], ""output"": [1, 4096]}",0,4096,{},0,16384,8192,
72,post_attention_layernorm,normalization,"{""input"": [1, 4096], ""weight"": [4096], ""output"": [1, 4096]}",0,16385,"{""rsqrt"": 1}",8192,8192,8192,按 FP32 行内归约的代数计数；rsqrt、类型转换与临时 FP32 张量分列／不推断 HBM spill。
72,router,linear,"{""input"": [1, 4096], ""weight_math"": [4096, 128], ""weight_storage"": [128, 4096], ""output"": [1, 128]}",1048576,0,{},1048576,8192,256,独立 GEMM：权重与输入各读一次、输出写一次的操作数载荷；不预测 tile 重读。
72,router_softmax,routing,"{""input"": [1, 128], ""probabilities_fp32"": [1, 128]}",0,383,"{""exp"": 128, ""compare_max"": 127}",0,256,512,"FP32 softmax: subtract max, exp, reduction, divide; casts are not FLOPs."
72,router_topk,routing,"{""input_fp32"": [1, 128], ""values_fp32"": [1, 8], ""indices_int64"": [1, 8]}",0,0,"{""topk_rows"": 1, ""topk_candidates"": 128}",0,512,96,Top-k is an explicit selection primitive; candidate counts are not comparisons or FLOPs. Backend selection algorithm is unspecified.
72,router_renormalize_cast,routing,"{""selected_probabilities"": [1, 8]}",0,15,{},0,32,16,"Selected probabilities are renormalized if norm_topk_prob, then cast to activation dtype; row reduction assumed on-chip."
72,routing_one_hot,routing_metadata,"{""selected_int64"": [1, 8], ""mask_int64"": [1, 8, 128]}",0,0,"{""one_hot_entries"": 1024}",0,64,8192,Pinned HF reference materializes one_hot int64; this large routing mask is not assumed in optimized dispatch.
72,routing_where,routing_metadata,"{""mask_int64"": [128, 8, 1], ""top_x_and_slot_each"": [8]}",0,0,"{""integer_nonzero_tests"": 1024}",0,8192,128,Scan each expert mask; two int64 coordinates per assignment. Permute is a view.
72,expert_gather,routing,"{""source"": [1, 4096], ""gathered_rows"": [8, 4096]}",0,0,{},0,65600,65536,Logical gathers summed over experts; n_e and each concrete GEMM shape are in expert_matrices.
72,expert_gate_proj,linear,"{""input_per_expert"": [""n_e"", 4096], ""weight_storage_each"": [1536, 4096], ""output_per_expert"": [""n_e"", 1536], ""nonempty_experts"": 8, ""tokens_per_expert"": [1, 1, 1, 1, 1, 1, 1, 1, 0, 0, 0, 0, 0, 0, 0, 0, 0, 0, 0, 0, 0, 0, 0, 0, 0, 0, 0, 0, 0, 0, 0, 0, 0, 0, 0, 0, 0, 0, 0, 0, 0, 0, 0, 0, 0, 0, 0, 0, 0, 0, 0, 0, 0, 0, 0, 0, 0, 0, 0, 0, 0, 0, 0, 0, 0, 0, 0, 0, 0, 0, 0, 0, 0, 0, 0, 0, 0, 0, 0, 0, 0, 0, 0, 0, 0, 0, 0, 0, 0, 0, 0, 0, 0, 0, 0, 0, 0, 0, 0, 0, 0, 0, 0, 0, 0, 0, 0, 0, 0, 0, 0, 0, 0, 0, 0, 0, 0, 0, 0, 0, 0, 0, 0, 0, 0, 0, 0, 0]}",100663296,0,{},100663296,65536,24576,"Sum of unpadded per-expert GEMMs; each visited expert weight read once per layer, not once per token."
72,expert_up_proj,linear,"{""input_per_expert"": [""n_e"", 4096], ""weight_storage_each"": [1536, 4096], ""output_per_expert"": [""n_e"", 1536], ""nonempty_experts"": 8, ""tokens_per_expert"": [1, 1, 1, 1, 1, 1, 1, 1, 0, 0, 0, 0, 0, 0, 0, 0, 0, 0, 0, 0, 0, 0, 0, 0, 0, 0, 0, 0, 0, 0, 0, 0, 0, 0, 0, 0, 0, 0, 0, 0, 0, 0, 0, 0, 0, 0, 0, 0, 0, 0, 0, 0, 0, 0, 0, 0, 0, 0, 0, 0, 0, 0, 0, 0, 0, 0, 0, 0, 0, 0, 0, 0, 0, 0, 0, 0, 0, 0, 0, 0, 0, 0, 0, 0, 0, 0, 0, 0, 0, 0, 0, 0, 0, 0, 0, 0, 0, 0, 0, 0, 0, 0, 0, 0, 0, 0, 0, 0, 0, 0, 0, 0, 0, 0, 0, 0, 0, 0, 0, 0, 0, 0, 0, 0, 0, 0, 0, 0]}",100663296,0,{},100663296,65536,24576,"Sum of unpadded per-expert GEMMs; each visited expert weight read once per layer, not once per token."
72,expert_silu_mul,activation,"{""gate_and_up_each"": [8, 1536]}",0,49152,"{""exp"": 12288, ""negate"": 12288}",0,49152,24576,
72,expert_down_proj,linear,"{""input_per_expert"": [""n_e"", 1536], ""weight_storage_each"": [4096, 1536], ""output_per_expert"": [""n_e"", 4096], ""nonempty_experts"": 8, ""tokens_per_expert"": [1, 1, 1, 1, 1, 1, 1, 1, 0, 0, 0, 0, 0, 0, 0, 0, 0, 0, 0, 0, 0, 0, 0, 0, 0, 0, 0, 0, 0, 0, 0, 0, 0, 0, 0, 0, 0, 0, 0, 0, 0, 0, 0, 0, 0, 0, 0, 0, 0, 0, 0, 0, 0, 0, 0, 0, 0, 0, 0, 0, 0, 0, 0, 0, 0, 0, 0, 0, 0, 0, 0, 0, 0, 0, 0, 0, 0, 0, 0, 0, 0, 0, 0, 0, 0, 0, 0, 0, 0, 0, 0, 0, 0, 0, 0, 0, 0, 0, 0, 0, 0, 0, 0, 0, 0, 0, 0, 0, 0, 0, 0, 0, 0, 0, 0, 0, 0, 0, 0, 0, 0, 0, 0, 0, 0, 0, 0, 0]}",100663296,0,{},100663296,24576,65536,Unpadded per-expert GEMMs; empty experts have zero arithmetic and no weight payload.
72,expert_probability_multiply,routing,"{""expert_outputs"": [8, 4096], ""routing_weights"": [8]}",0,32768,{},0,65680,65536,Probability broadcast reuses one value per assignment; int64 token/slot indices included.
72,expert_output_zero,routing,"{""output"": [1, 4096]}",0,0,{},0,0,8192,Reference initializes final_hidden_states to zero.
72,expert_index_add,routing,"{""weighted_outputs"": [8, 4096], ""combined_output"": [1, 4096]}",0,32768,{},0,131136,65536,"Reference index_add includes the first add into zero; destination read/update per assignment is logical payload, not measured HBM."
72,ffn_residual,residual,"{""inputs_each"": [1, 4096], ""output"": [1, 4096]}",0,4096,{},0,16384,8192,
73,input_layernorm,normalization,"{""input"": [1, 4096], ""weight"": [4096], ""output"": [1, 4096]}",0,16385,"{""rsqrt"": 1}",8192,8192,8192,按 FP32 行内归约的代数计数；rsqrt、类型转换与临时 FP32 张量分列／不推断 HBM spill。
73,q_proj,linear,"{""input"": [1, 4096], ""weight_math"": [4096, 8192], ""weight_storage"": [8192, 4096], ""output"": [1, 8192]}",67108864,0,{},67108864,8192,16384,独立 GEMM：权重与输入各读一次、输出写一次的操作数载荷；不预测 tile 重读。
73,k_proj,linear,"{""input"": [1, 4096], ""weight_math"": [4096, 512], ""weight_storage"": [512, 4096], ""output"": [1, 512]}",4194304,0,{},4194304,8192,1024,独立 GEMM：权重与输入各读一次、输出写一次的操作数载荷；不预测 tile 重读。
73,v_proj,linear,"{""input"": [1, 4096], ""weight_math"": [4096, 512], ""weight_storage"": [512, 4096], ""output"": [1, 512]}",4194304,0,{},4194304,8192,1024,独立 GEMM：权重与输入各读一次、输出写一次的操作数载荷；不预测 tile 重读。
73,q_norm,normalization,"{""input"": [64, 128], ""weight"": [128], ""output"": [64, 128]}",0,32832,"{""rsqrt"": 64}",256,16384,16384,按 FP32 行内归约的代数计数；rsqrt、类型转换与临时 FP32 张量分列／不推断 HBM spill。
73,k_norm,normalization,"{""input"": [4, 128], ""weight"": [128], ""output"": [4, 128]}",0,2052,"{""rsqrt"": 4}",256,1024,1024,按 FP32 行内归约的代数计数；rsqrt、类型转换与临时 FP32 张量分列／不推断 HBM spill。
73,apply_rope,position,"{""Q"": [1, 64, 1, 128], ""K"": [1, 4, 1, 128]}",0,26112,"{""negate"": 4352}",0,17920,17408,2 multiply + 1 add/元素，rotate_half 符号翻转分列；表按批／头理想复用。
73,kv_append,state,"{""new_K_and_V_each"": [1, 4, 1, 128]}",0,0,{},0,2048,2048,原位／分页 append 载荷；不假定动态 torch.cat 对旧缓存整段复制。
73,qk,attention,"{""Q"": [1, 64, 1, 128], ""K_shared"": [1, 4, 8193, 128], ""scores_rectangular"": [1, 64, 1, 8193]}",134234112,0,{},0,8406016,2097408,FLOPs 仅有效因果位置；载荷是假定 Q/K 各读一次、GQA 头共享，完整分数矩阵物化。
73,score_scale_mask_softmax,softmax,"{""scores"": [1, 64, 1, 8193]}",0,2097344,"{""exp"": 524352, ""compare_max"": 524288, ""mask_decisions"": 524352}",0,2097408,2097408,选择的融合 scale/mask/softmax 代数工作；屏蔽点不计 exp。物化 FP32 默认概率；非具体 eager trace。
73,pv,attention,"{""P"": [1, 64, 1, 8193], ""V_shared"": [1, 4, 8193, 128], ""output"": [1, 64, 1, 128]}",134234112,0,{},0,10487040,16384,PV/AV：各 Q 头仍计算；V 容量不乘 GQA 复制数。载荷假定 V 在头／查询之间理想复用。
73,o_proj,linear,"{""input"": [1, 8192], ""weight_math"": [8192, 4096], ""weight_storage"": [4096, 8192], ""output"": [1, 4096]}",67108864,0,{},67108864,16384,8192,独立 GEMM：权重与输入各读一次、输出写一次的操作数载荷；不预测 tile 重读。
73,attention_residual,residual,"{""inputs_each"": [1, 4096], ""output"": [1, 4096]}",0,4096,{},0,16384,8192,
73,post_attention_layernorm,normalization,"{""input"": [1, 4096], ""weight"": [4096], ""output"": [1, 4096]}",0,16385,"{""rsqrt"": 1}",8192,8192,8192,按 FP32 行内归约的代数计数；rsqrt、类型转换与临时 FP32 张量分列／不推断 HBM spill。
73,router,linear,"{""input"": [1, 4096], ""weight_math"": [4096, 128], ""weight_storage"": [128, 4096], ""output"": [1, 128]}",1048576,0,{},1048576,8192,256,独立 GEMM：权重与输入各读一次、输出写一次的操作数载荷；不预测 tile 重读。
73,router_softmax,routing,"{""input"": [1, 128], ""probabilities_fp32"": [1, 128]}",0,383,"{""exp"": 128, ""compare_max"": 127}",0,256,512,"FP32 softmax: subtract max, exp, reduction, divide; casts are not FLOPs."
73,router_topk,routing,"{""input_fp32"": [1, 128], ""values_fp32"": [1, 8], ""indices_int64"": [1, 8]}",0,0,"{""topk_rows"": 1, ""topk_candidates"": 128}",0,512,96,Top-k is an explicit selection primitive; candidate counts are not comparisons or FLOPs. Backend selection algorithm is unspecified.
73,router_renormalize_cast,routing,"{""selected_probabilities"": [1, 8]}",0,15,{},0,32,16,"Selected probabilities are renormalized if norm_topk_prob, then cast to activation dtype; row reduction assumed on-chip."
73,routing_one_hot,routing_metadata,"{""selected_int64"": [1, 8], ""mask_int64"": [1, 8, 128]}",0,0,"{""one_hot_entries"": 1024}",0,64,8192,Pinned HF reference materializes one_hot int64; this large routing mask is not assumed in optimized dispatch.
73,routing_where,routing_metadata,"{""mask_int64"": [128, 8, 1], ""top_x_and_slot_each"": [8]}",0,0,"{""integer_nonzero_tests"": 1024}",0,8192,128,Scan each expert mask; two int64 coordinates per assignment. Permute is a view.
73,expert_gather,routing,"{""source"": [1, 4096], ""gathered_rows"": [8, 4096]}",0,0,{},0,65600,65536,Logical gathers summed over experts; n_e and each concrete GEMM shape are in expert_matrices.
73,expert_gate_proj,linear,"{""input_per_expert"": [""n_e"", 4096], ""weight_storage_each"": [1536, 4096], ""output_per_expert"": [""n_e"", 1536], ""nonempty_experts"": 8, ""tokens_per_expert"": [1, 1, 1, 1, 1, 1, 1, 1, 0, 0, 0, 0, 0, 0, 0, 0, 0, 0, 0, 0, 0, 0, 0, 0, 0, 0, 0, 0, 0, 0, 0, 0, 0, 0, 0, 0, 0, 0, 0, 0, 0, 0, 0, 0, 0, 0, 0, 0, 0, 0, 0, 0, 0, 0, 0, 0, 0, 0, 0, 0, 0, 0, 0, 0, 0, 0, 0, 0, 0, 0, 0, 0, 0, 0, 0, 0, 0, 0, 0, 0, 0, 0, 0, 0, 0, 0, 0, 0, 0, 0, 0, 0, 0, 0, 0, 0, 0, 0, 0, 0, 0, 0, 0, 0, 0, 0, 0, 0, 0, 0, 0, 0, 0, 0, 0, 0, 0, 0, 0, 0, 0, 0, 0, 0, 0, 0, 0, 0]}",100663296,0,{},100663296,65536,24576,"Sum of unpadded per-expert GEMMs; each visited expert weight read once per layer, not once per token."
73,expert_up_proj,linear,"{""input_per_expert"": [""n_e"", 4096], ""weight_storage_each"": [1536, 4096], ""output_per_expert"": [""n_e"", 1536], ""nonempty_experts"": 8, ""tokens_per_expert"": [1, 1, 1, 1, 1, 1, 1, 1, 0, 0, 0, 0, 0, 0, 0, 0, 0, 0, 0, 0, 0, 0, 0, 0, 0, 0, 0, 0, 0, 0, 0, 0, 0, 0, 0, 0, 0, 0, 0, 0, 0, 0, 0, 0, 0, 0, 0, 0, 0, 0, 0, 0, 0, 0, 0, 0, 0, 0, 0, 0, 0, 0, 0, 0, 0, 0, 0, 0, 0, 0, 0, 0, 0, 0, 0, 0, 0, 0, 0, 0, 0, 0, 0, 0, 0, 0, 0, 0, 0, 0, 0, 0, 0, 0, 0, 0, 0, 0, 0, 0, 0, 0, 0, 0, 0, 0, 0, 0, 0, 0, 0, 0, 0, 0, 0, 0, 0, 0, 0, 0, 0, 0, 0, 0, 0, 0, 0, 0]}",100663296,0,{},100663296,65536,24576,"Sum of unpadded per-expert GEMMs; each visited expert weight read once per layer, not once per token."
73,expert_silu_mul,activation,"{""gate_and_up_each"": [8, 1536]}",0,49152,"{""exp"": 12288, ""negate"": 12288}",0,49152,24576,
73,expert_down_proj,linear,"{""input_per_expert"": [""n_e"", 1536], ""weight_storage_each"": [4096, 1536], ""output_per_expert"": [""n_e"", 4096], ""nonempty_experts"": 8, ""tokens_per_expert"": [1, 1, 1, 1, 1, 1, 1, 1, 0, 0, 0, 0, 0, 0, 0, 0, 0, 0, 0, 0, 0, 0, 0, 0, 0, 0, 0, 0, 0, 0, 0, 0, 0, 0, 0, 0, 0, 0, 0, 0, 0, 0, 0, 0, 0, 0, 0, 0, 0, 0, 0, 0, 0, 0, 0, 0, 0, 0, 0, 0, 0, 0, 0, 0, 0, 0, 0, 0, 0, 0, 0, 0, 0, 0, 0, 0, 0, 0, 0, 0, 0, 0, 0, 0, 0, 0, 0, 0, 0, 0, 0, 0, 0, 0, 0, 0, 0, 0, 0, 0, 0, 0, 0, 0, 0, 0, 0, 0, 0, 0, 0, 0, 0, 0, 0, 0, 0, 0, 0, 0, 0, 0, 0, 0, 0, 0, 0, 0]}",100663296,0,{},100663296,24576,65536,Unpadded per-expert GEMMs; empty experts have zero arithmetic and no weight payload.
73,expert_probability_multiply,routing,"{""expert_outputs"": [8, 4096], ""routing_weights"": [8]}",0,32768,{},0,65680,65536,Probability broadcast reuses one value per assignment; int64 token/slot indices included.
73,expert_output_zero,routing,"{""output"": [1, 4096]}",0,0,{},0,0,8192,Reference initializes final_hidden_states to zero.
73,expert_index_add,routing,"{""weighted_outputs"": [8, 4096], ""combined_output"": [1, 4096]}",0,32768,{},0,131136,65536,"Reference index_add includes the first add into zero; destination read/update per assignment is logical payload, not measured HBM."
73,ffn_residual,residual,"{""inputs_each"": [1, 4096], ""output"": [1, 4096]}",0,4096,{},0,16384,8192,
74,input_layernorm,normalization,"{""input"": [1, 4096], ""weight"": [4096], ""output"": [1, 4096]}",0,16385,"{""rsqrt"": 1}",8192,8192,8192,按 FP32 行内归约的代数计数；rsqrt、类型转换与临时 FP32 张量分列／不推断 HBM spill。
74,q_proj,linear,"{""input"": [1, 4096], ""weight_math"": [4096, 8192], ""weight_storage"": [8192, 4096], ""output"": [1, 8192]}",67108864,0,{},67108864,8192,16384,独立 GEMM：权重与输入各读一次、输出写一次的操作数载荷；不预测 tile 重读。
74,k_proj,linear,"{""input"": [1, 4096], ""weight_math"": [4096, 512], ""weight_storage"": [512, 4096], ""output"": [1, 512]}",4194304,0,{},4194304,8192,1024,独立 GEMM：权重与输入各读一次、输出写一次的操作数载荷；不预测 tile 重读。
74,v_proj,linear,"{""input"": [1, 4096], ""weight_math"": [4096, 512], ""weight_storage"": [512, 4096], ""output"": [1, 512]}",4194304,0,{},4194304,8192,1024,独立 GEMM：权重与输入各读一次、输出写一次的操作数载荷；不预测 tile 重读。
74,q_norm,normalization,"{""input"": [64, 128], ""weight"": [128], ""output"": [64, 128]}",0,32832,"{""rsqrt"": 64}",256,16384,16384,按 FP32 行内归约的代数计数；rsqrt、类型转换与临时 FP32 张量分列／不推断 HBM spill。
74,k_norm,normalization,"{""input"": [4, 128], ""weight"": [128], ""output"": [4, 128]}",0,2052,"{""rsqrt"": 4}",256,1024,1024,按 FP32 行内归约的代数计数；rsqrt、类型转换与临时 FP32 张量分列／不推断 HBM spill。
74,apply_rope,position,"{""Q"": [1, 64, 1, 128], ""K"": [1, 4, 1, 128]}",0,26112,"{""negate"": 4352}",0,17920,17408,2 multiply + 1 add/元素，rotate_half 符号翻转分列；表按批／头理想复用。
74,kv_append,state,"{""new_K_and_V_each"": [1, 4, 1, 128]}",0,0,{},0,2048,2048,原位／分页 append 载荷；不假定动态 torch.cat 对旧缓存整段复制。
74,qk,attention,"{""Q"": [1, 64, 1, 128], ""K_shared"": [1, 4, 8193, 128], ""scores_rectangular"": [1, 64, 1, 8193]}",134234112,0,{},0,8406016,2097408,FLOPs 仅有效因果位置；载荷是假定 Q/K 各读一次、GQA 头共享，完整分数矩阵物化。
74,score_scale_mask_softmax,softmax,"{""scores"": [1, 64, 1, 8193]}",0,2097344,"{""exp"": 524352, ""compare_max"": 524288, ""mask_decisions"": 524352}",0,2097408,2097408,选择的融合 scale/mask/softmax 代数工作；屏蔽点不计 exp。物化 FP32 默认概率；非具体 eager trace。
74,pv,attention,"{""P"": [1, 64, 1, 8193], ""V_shared"": [1, 4, 8193, 128], ""output"": [1, 64, 1, 128]}",134234112,0,{},0,10487040,16384,PV/AV：各 Q 头仍计算；V 容量不乘 GQA 复制数。载荷假定 V 在头／查询之间理想复用。
74,o_proj,linear,"{""input"": [1, 8192], ""weight_math"": [8192, 4096], ""weight_storage"": [4096, 8192], ""output"": [1, 4096]}",67108864,0,{},67108864,16384,8192,独立 GEMM：权重与输入各读一次、输出写一次的操作数载荷；不预测 tile 重读。
74,attention_residual,residual,"{""inputs_each"": [1, 4096], ""output"": [1, 4096]}",0,4096,{},0,16384,8192,
74,post_attention_layernorm,normalization,"{""input"": [1, 4096], ""weight"": [4096], ""output"": [1, 4096]}",0,16385,"{""rsqrt"": 1}",8192,8192,8192,按 FP32 行内归约的代数计数；rsqrt、类型转换与临时 FP32 张量分列／不推断 HBM spill。
74,router,linear,"{""input"": [1, 4096], ""weight_math"": [4096, 128], ""weight_storage"": [128, 4096], ""output"": [1, 128]}",1048576,0,{},1048576,8192,256,独立 GEMM：权重与输入各读一次、输出写一次的操作数载荷；不预测 tile 重读。
74,router_softmax,routing,"{""input"": [1, 128], ""probabilities_fp32"": [1, 128]}",0,383,"{""exp"": 128, ""compare_max"": 127}",0,256,512,"FP32 softmax: subtract max, exp, reduction, divide; casts are not FLOPs."
74,router_topk,routing,"{""input_fp32"": [1, 128], ""values_fp32"": [1, 8], ""indices_int64"": [1, 8]}",0,0,"{""topk_rows"": 1, ""topk_candidates"": 128}",0,512,96,Top-k is an explicit selection primitive; candidate counts are not comparisons or FLOPs. Backend selection algorithm is unspecified.
74,router_renormalize_cast,routing,"{""selected_probabilities"": [1, 8]}",0,15,{},0,32,16,"Selected probabilities are renormalized if norm_topk_prob, then cast to activation dtype; row reduction assumed on-chip."
74,routing_one_hot,routing_metadata,"{""selected_int64"": [1, 8], ""mask_int64"": [1, 8, 128]}",0,0,"{""one_hot_entries"": 1024}",0,64,8192,Pinned HF reference materializes one_hot int64; this large routing mask is not assumed in optimized dispatch.
74,routing_where,routing_metadata,"{""mask_int64"": [128, 8, 1], ""top_x_and_slot_each"": [8]}",0,0,"{""integer_nonzero_tests"": 1024}",0,8192,128,Scan each expert mask; two int64 coordinates per assignment. Permute is a view.
74,expert_gather,routing,"{""source"": [1, 4096], ""gathered_rows"": [8, 4096]}",0,0,{},0,65600,65536,Logical gathers summed over experts; n_e and each concrete GEMM shape are in expert_matrices.
74,expert_gate_proj,linear,"{""input_per_expert"": [""n_e"", 4096], ""weight_storage_each"": [1536, 4096], ""output_per_expert"": [""n_e"", 1536], ""nonempty_experts"": 8, ""tokens_per_expert"": [1, 1, 1, 1, 1, 1, 1, 1, 0, 0, 0, 0, 0, 0, 0, 0, 0, 0, 0, 0, 0, 0, 0, 0, 0, 0, 0, 0, 0, 0, 0, 0, 0, 0, 0, 0, 0, 0, 0, 0, 0, 0, 0, 0, 0, 0, 0, 0, 0, 0, 0, 0, 0, 0, 0, 0, 0, 0, 0, 0, 0, 0, 0, 0, 0, 0, 0, 0, 0, 0, 0, 0, 0, 0, 0, 0, 0, 0, 0, 0, 0, 0, 0, 0, 0, 0, 0, 0, 0, 0, 0, 0, 0, 0, 0, 0, 0, 0, 0, 0, 0, 0, 0, 0, 0, 0, 0, 0, 0, 0, 0, 0, 0, 0, 0, 0, 0, 0, 0, 0, 0, 0, 0, 0, 0, 0, 0, 0]}",100663296,0,{},100663296,65536,24576,"Sum of unpadded per-expert GEMMs; each visited expert weight read once per layer, not once per token."
74,expert_up_proj,linear,"{""input_per_expert"": [""n_e"", 4096], ""weight_storage_each"": [1536, 4096], ""output_per_expert"": [""n_e"", 1536], ""nonempty_experts"": 8, ""tokens_per_expert"": [1, 1, 1, 1, 1, 1, 1, 1, 0, 0, 0, 0, 0, 0, 0, 0, 0, 0, 0, 0, 0, 0, 0, 0, 0, 0, 0, 0, 0, 0, 0, 0, 0, 0, 0, 0, 0, 0, 0, 0, 0, 0, 0, 0, 0, 0, 0, 0, 0, 0, 0, 0, 0, 0, 0, 0, 0, 0, 0, 0, 0, 0, 0, 0, 0, 0, 0, 0, 0, 0, 0, 0, 0, 0, 0, 0, 0, 0, 0, 0, 0, 0, 0, 0, 0, 0, 0, 0, 0, 0, 0, 0, 0, 0, 0, 0, 0, 0, 0, 0, 0, 0, 0, 0, 0, 0, 0, 0, 0, 0, 0, 0, 0, 0, 0, 0, 0, 0, 0, 0, 0, 0, 0, 0, 0, 0, 0, 0]}",100663296,0,{},100663296,65536,24576,"Sum of unpadded per-expert GEMMs; each visited expert weight read once per layer, not once per token."
74,expert_silu_mul,activation,"{""gate_and_up_each"": [8, 1536]}",0,49152,"{""exp"": 12288, ""negate"": 12288}",0,49152,24576,
74,expert_down_proj,linear,"{""input_per_expert"": [""n_e"", 1536], ""weight_storage_each"": [4096, 1536], ""output_per_expert"": [""n_e"", 4096], ""nonempty_experts"": 8, ""tokens_per_expert"": [1, 1, 1, 1, 1, 1, 1, 1, 0, 0, 0, 0, 0, 0, 0, 0, 0, 0, 0, 0, 0, 0, 0, 0, 0, 0, 0, 0, 0, 0, 0, 0, 0, 0, 0, 0, 0, 0, 0, 0, 0, 0, 0, 0, 0, 0, 0, 0, 0, 0, 0, 0, 0, 0, 0, 0, 0, 0, 0, 0, 0, 0, 0, 0, 0, 0, 0, 0, 0, 0, 0, 0, 0, 0, 0, 0, 0, 0, 0, 0, 0, 0, 0, 0, 0, 0, 0, 0, 0, 0, 0, 0, 0, 0, 0, 0, 0, 0, 0, 0, 0, 0, 0, 0, 0, 0, 0, 0, 0, 0, 0, 0, 0, 0, 0, 0, 0, 0, 0, 0, 0, 0, 0, 0, 0, 0, 0, 0]}",100663296,0,{},100663296,24576,65536,Unpadded per-expert GEMMs; empty experts have zero arithmetic and no weight payload.
74,expert_probability_multiply,routing,"{""expert_outputs"": [8, 4096], ""routing_weights"": [8]}",0,32768,{},0,65680,65536,Probability broadcast reuses one value per assignment; int64 token/slot indices included.
74,expert_output_zero,routing,"{""output"": [1, 4096]}",0,0,{},0,0,8192,Reference initializes final_hidden_states to zero.
74,expert_index_add,routing,"{""weighted_outputs"": [8, 4096], ""combined_output"": [1, 4096]}",0,32768,{},0,131136,65536,"Reference index_add includes the first add into zero; destination read/update per assignment is logical payload, not measured HBM."
74,ffn_residual,residual,"{""inputs_each"": [1, 4096], ""output"": [1, 4096]}",0,4096,{},0,16384,8192,
75,input_layernorm,normalization,"{""input"": [1, 4096], ""weight"": [4096], ""output"": [1, 4096]}",0,16385,"{""rsqrt"": 1}",8192,8192,8192,按 FP32 行内归约的代数计数；rsqrt、类型转换与临时 FP32 张量分列／不推断 HBM spill。
75,q_proj,linear,"{""input"": [1, 4096], ""weight_math"": [4096, 8192], ""weight_storage"": [8192, 4096], ""output"": [1, 8192]}",67108864,0,{},67108864,8192,16384,独立 GEMM：权重与输入各读一次、输出写一次的操作数载荷；不预测 tile 重读。
75,k_proj,linear,"{""input"": [1, 4096], ""weight_math"": [4096, 512], ""weight_storage"": [512, 4096], ""output"": [1, 512]}",4194304,0,{},4194304,8192,1024,独立 GEMM：权重与输入各读一次、输出写一次的操作数载荷；不预测 tile 重读。
75,v_proj,linear,"{""input"": [1, 4096], ""weight_math"": [4096, 512], ""weight_storage"": [512, 4096], ""output"": [1, 512]}",4194304,0,{},4194304,8192,1024,独立 GEMM：权重与输入各读一次、输出写一次的操作数载荷；不预测 tile 重读。
75,q_norm,normalization,"{""input"": [64, 128], ""weight"": [128], ""output"": [64, 128]}",0,32832,"{""rsqrt"": 64}",256,16384,16384,按 FP32 行内归约的代数计数；rsqrt、类型转换与临时 FP32 张量分列／不推断 HBM spill。
75,k_norm,normalization,"{""input"": [4, 128], ""weight"": [128], ""output"": [4, 128]}",0,2052,"{""rsqrt"": 4}",256,1024,1024,按 FP32 行内归约的代数计数；rsqrt、类型转换与临时 FP32 张量分列／不推断 HBM spill。
75,apply_rope,position,"{""Q"": [1, 64, 1, 128], ""K"": [1, 4, 1, 128]}",0,26112,"{""negate"": 4352}",0,17920,17408,2 multiply + 1 add/元素，rotate_half 符号翻转分列；表按批／头理想复用。
75,kv_append,state,"{""new_K_and_V_each"": [1, 4, 1, 128]}",0,0,{},0,2048,2048,原位／分页 append 载荷；不假定动态 torch.cat 对旧缓存整段复制。
75,qk,attention,"{""Q"": [1, 64, 1, 128], ""K_shared"": [1, 4, 8193, 128], ""scores_rectangular"": [1, 64, 1, 8193]}",134234112,0,{},0,8406016,2097408,FLOPs 仅有效因果位置；载荷是假定 Q/K 各读一次、GQA 头共享，完整分数矩阵物化。
75,score_scale_mask_softmax,softmax,"{""scores"": [1, 64, 1, 8193]}",0,2097344,"{""exp"": 524352, ""compare_max"": 524288, ""mask_decisions"": 524352}",0,2097408,2097408,选择的融合 scale/mask/softmax 代数工作；屏蔽点不计 exp。物化 FP32 默认概率；非具体 eager trace。
75,pv,attention,"{""P"": [1, 64, 1, 8193], ""V_shared"": [1, 4, 8193, 128], ""output"": [1, 64, 1, 128]}",134234112,0,{},0,10487040,16384,PV/AV：各 Q 头仍计算；V 容量不乘 GQA 复制数。载荷假定 V 在头／查询之间理想复用。
75,o_proj,linear,"{""input"": [1, 8192], ""weight_math"": [8192, 4096], ""weight_storage"": [4096, 8192], ""output"": [1, 4096]}",67108864,0,{},67108864,16384,8192,独立 GEMM：权重与输入各读一次、输出写一次的操作数载荷；不预测 tile 重读。
75,attention_residual,residual,"{""inputs_each"": [1, 4096], ""output"": [1, 4096]}",0,4096,{},0,16384,8192,
75,post_attention_layernorm,normalization,"{""input"": [1, 4096], ""weight"": [4096], ""output"": [1, 4096]}",0,16385,"{""rsqrt"": 1}",8192,8192,8192,按 FP32 行内归约的代数计数；rsqrt、类型转换与临时 FP32 张量分列／不推断 HBM spill。
75,router,linear,"{""input"": [1, 4096], ""weight_math"": [4096, 128], ""weight_storage"": [128, 4096], ""output"": [1, 128]}",1048576,0,{},1048576,8192,256,独立 GEMM：权重与输入各读一次、输出写一次的操作数载荷；不预测 tile 重读。
75,router_softmax,routing,"{""input"": [1, 128], ""probabilities_fp32"": [1, 128]}",0,383,"{""exp"": 128, ""compare_max"": 127}",0,256,512,"FP32 softmax: subtract max, exp, reduction, divide; casts are not FLOPs."
75,router_topk,routing,"{""input_fp32"": [1, 128], ""values_fp32"": [1, 8], ""indices_int64"": [1, 8]}",0,0,"{""topk_rows"": 1, ""topk_candidates"": 128}",0,512,96,Top-k is an explicit selection primitive; candidate counts are not comparisons or FLOPs. Backend selection algorithm is unspecified.
75,router_renormalize_cast,routing,"{""selected_probabilities"": [1, 8]}",0,15,{},0,32,16,"Selected probabilities are renormalized if norm_topk_prob, then cast to activation dtype; row reduction assumed on-chip."
75,routing_one_hot,routing_metadata,"{""selected_int64"": [1, 8], ""mask_int64"": [1, 8, 128]}",0,0,"{""one_hot_entries"": 1024}",0,64,8192,Pinned HF reference materializes one_hot int64; this large routing mask is not assumed in optimized dispatch.
75,routing_where,routing_metadata,"{""mask_int64"": [128, 8, 1], ""top_x_and_slot_each"": [8]}",0,0,"{""integer_nonzero_tests"": 1024}",0,8192,128,Scan each expert mask; two int64 coordinates per assignment. Permute is a view.
75,expert_gather,routing,"{""source"": [1, 4096], ""gathered_rows"": [8, 4096]}",0,0,{},0,65600,65536,Logical gathers summed over experts; n_e and each concrete GEMM shape are in expert_matrices.
75,expert_gate_proj,linear,"{""input_per_expert"": [""n_e"", 4096], ""weight_storage_each"": [1536, 4096], ""output_per_expert"": [""n_e"", 1536], ""nonempty_experts"": 8, ""tokens_per_expert"": [1, 1, 1, 1, 1, 1, 1, 1, 0, 0, 0, 0, 0, 0, 0, 0, 0, 0, 0, 0, 0, 0, 0, 0, 0, 0, 0, 0, 0, 0, 0, 0, 0, 0, 0, 0, 0, 0, 0, 0, 0, 0, 0, 0, 0, 0, 0, 0, 0, 0, 0, 0, 0, 0, 0, 0, 0, 0, 0, 0, 0, 0, 0, 0, 0, 0, 0, 0, 0, 0, 0, 0, 0, 0, 0, 0, 0, 0, 0, 0, 0, 0, 0, 0, 0, 0, 0, 0, 0, 0, 0, 0, 0, 0, 0, 0, 0, 0, 0, 0, 0, 0, 0, 0, 0, 0, 0, 0, 0, 0, 0, 0, 0, 0, 0, 0, 0, 0, 0, 0, 0, 0, 0, 0, 0, 0, 0, 0]}",100663296,0,{},100663296,65536,24576,"Sum of unpadded per-expert GEMMs; each visited expert weight read once per layer, not once per token."
75,expert_up_proj,linear,"{""input_per_expert"": [""n_e"", 4096], ""weight_storage_each"": [1536, 4096], ""output_per_expert"": [""n_e"", 1536], ""nonempty_experts"": 8, ""tokens_per_expert"": [1, 1, 1, 1, 1, 1, 1, 1, 0, 0, 0, 0, 0, 0, 0, 0, 0, 0, 0, 0, 0, 0, 0, 0, 0, 0, 0, 0, 0, 0, 0, 0, 0, 0, 0, 0, 0, 0, 0, 0, 0, 0, 0, 0, 0, 0, 0, 0, 0, 0, 0, 0, 0, 0, 0, 0, 0, 0, 0, 0, 0, 0, 0, 0, 0, 0, 0, 0, 0, 0, 0, 0, 0, 0, 0, 0, 0, 0, 0, 0, 0, 0, 0, 0, 0, 0, 0, 0, 0, 0, 0, 0, 0, 0, 0, 0, 0, 0, 0, 0, 0, 0, 0, 0, 0, 0, 0, 0, 0, 0, 0, 0, 0, 0, 0, 0, 0, 0, 0, 0, 0, 0, 0, 0, 0, 0, 0, 0]}",100663296,0,{},100663296,65536,24576,"Sum of unpadded per-expert GEMMs; each visited expert weight read once per layer, not once per token."
75,expert_silu_mul,activation,"{""gate_and_up_each"": [8, 1536]}",0,49152,"{""exp"": 12288, ""negate"": 12288}",0,49152,24576,
75,expert_down_proj,linear,"{""input_per_expert"": [""n_e"", 1536], ""weight_storage_each"": [4096, 1536], ""output_per_expert"": [""n_e"", 4096], ""nonempty_experts"": 8, ""tokens_per_expert"": [1, 1, 1, 1, 1, 1, 1, 1, 0, 0, 0, 0, 0, 0, 0, 0, 0, 0, 0, 0, 0, 0, 0, 0, 0, 0, 0, 0, 0, 0, 0, 0, 0, 0, 0, 0, 0, 0, 0, 0, 0, 0, 0, 0, 0, 0, 0, 0, 0, 0, 0, 0, 0, 0, 0, 0, 0, 0, 0, 0, 0, 0, 0, 0, 0, 0, 0, 0, 0, 0, 0, 0, 0, 0, 0, 0, 0, 0, 0, 0, 0, 0, 0, 0, 0, 0, 0, 0, 0, 0, 0, 0, 0, 0, 0, 0, 0, 0, 0, 0, 0, 0, 0, 0, 0, 0, 0, 0, 0, 0, 0, 0, 0, 0, 0, 0, 0, 0, 0, 0, 0, 0, 0, 0, 0, 0, 0, 0]}",100663296,0,{},100663296,24576,65536,Unpadded per-expert GEMMs; empty experts have zero arithmetic and no weight payload.
75,expert_probability_multiply,routing,"{""expert_outputs"": [8, 4096], ""routing_weights"": [8]}",0,32768,{},0,65680,65536,Probability broadcast reuses one value per assignment; int64 token/slot indices included.
75,expert_output_zero,routing,"{""output"": [1, 4096]}",0,0,{},0,0,8192,Reference initializes final_hidden_states to zero.
75,expert_index_add,routing,"{""weighted_outputs"": [8, 4096], ""combined_output"": [1, 4096]}",0,32768,{},0,131136,65536,"Reference index_add includes the first add into zero; destination read/update per assignment is logical payload, not measured HBM."
75,ffn_residual,residual,"{""inputs_each"": [1, 4096], ""output"": [1, 4096]}",0,4096,{},0,16384,8192,
76,input_layernorm,normalization,"{""input"": [1, 4096], ""weight"": [4096], ""output"": [1, 4096]}",0,16385,"{""rsqrt"": 1}",8192,8192,8192,按 FP32 行内归约的代数计数；rsqrt、类型转换与临时 FP32 张量分列／不推断 HBM spill。
76,q_proj,linear,"{""input"": [1, 4096], ""weight_math"": [4096, 8192], ""weight_storage"": [8192, 4096], ""output"": [1, 8192]}",67108864,0,{},67108864,8192,16384,独立 GEMM：权重与输入各读一次、输出写一次的操作数载荷；不预测 tile 重读。
76,k_proj,linear,"{""input"": [1, 4096], ""weight_math"": [4096, 512], ""weight_storage"": [512, 4096], ""output"": [1, 512]}",4194304,0,{},4194304,8192,1024,独立 GEMM：权重与输入各读一次、输出写一次的操作数载荷；不预测 tile 重读。
76,v_proj,linear,"{""input"": [1, 4096], ""weight_math"": [4096, 512], ""weight_storage"": [512, 4096], ""output"": [1, 512]}",4194304,0,{},4194304,8192,1024,独立 GEMM：权重与输入各读一次、输出写一次的操作数载荷；不预测 tile 重读。
76,q_norm,normalization,"{""input"": [64, 128], ""weight"": [128], ""output"": [64, 128]}",0,32832,"{""rsqrt"": 64}",256,16384,16384,按 FP32 行内归约的代数计数；rsqrt、类型转换与临时 FP32 张量分列／不推断 HBM spill。
76,k_norm,normalization,"{""input"": [4, 128], ""weight"": [128], ""output"": [4, 128]}",0,2052,"{""rsqrt"": 4}",256,1024,1024,按 FP32 行内归约的代数计数；rsqrt、类型转换与临时 FP32 张量分列／不推断 HBM spill。
76,apply_rope,position,"{""Q"": [1, 64, 1, 128], ""K"": [1, 4, 1, 128]}",0,26112,"{""negate"": 4352}",0,17920,17408,2 multiply + 1 add/元素，rotate_half 符号翻转分列；表按批／头理想复用。
76,kv_append,state,"{""new_K_and_V_each"": [1, 4, 1, 128]}",0,0,{},0,2048,2048,原位／分页 append 载荷；不假定动态 torch.cat 对旧缓存整段复制。
76,qk,attention,"{""Q"": [1, 64, 1, 128], ""K_shared"": [1, 4, 8193, 128], ""scores_rectangular"": [1, 64, 1, 8193]}",134234112,0,{},0,8406016,2097408,FLOPs 仅有效因果位置；载荷是假定 Q/K 各读一次、GQA 头共享，完整分数矩阵物化。
76,score_scale_mask_softmax,softmax,"{""scores"": [1, 64, 1, 8193]}",0,2097344,"{""exp"": 524352, ""compare_max"": 524288, ""mask_decisions"": 524352}",0,2097408,2097408,选择的融合 scale/mask/softmax 代数工作；屏蔽点不计 exp。物化 FP32 默认概率；非具体 eager trace。
76,pv,attention,"{""P"": [1, 64, 1, 8193], ""V_shared"": [1, 4, 8193, 128], ""output"": [1, 64, 1, 128]}",134234112,0,{},0,10487040,16384,PV/AV：各 Q 头仍计算；V 容量不乘 GQA 复制数。载荷假定 V 在头／查询之间理想复用。
76,o_proj,linear,"{""input"": [1, 8192], ""weight_math"": [8192, 4096], ""weight_storage"": [4096, 8192], ""output"": [1, 4096]}",67108864,0,{},67108864,16384,8192,独立 GEMM：权重与输入各读一次、输出写一次的操作数载荷；不预测 tile 重读。
76,attention_residual,residual,"{""inputs_each"": [1, 4096], ""output"": [1, 4096]}",0,4096,{},0,16384,8192,
76,post_attention_layernorm,normalization,"{""input"": [1, 4096], ""weight"": [4096], ""output"": [1, 4096]}",0,16385,"{""rsqrt"": 1}",8192,8192,8192,按 FP32 行内归约的代数计数；rsqrt、类型转换与临时 FP32 张量分列／不推断 HBM spill。
76,router,linear,"{""input"": [1, 4096], ""weight_math"": [4096, 128], ""weight_storage"": [128, 4096], ""output"": [1, 128]}",1048576,0,{},1048576,8192,256,独立 GEMM：权重与输入各读一次、输出写一次的操作数载荷；不预测 tile 重读。
76,router_softmax,routing,"{""input"": [1, 128], ""probabilities_fp32"": [1, 128]}",0,383,"{""exp"": 128, ""compare_max"": 127}",0,256,512,"FP32 softmax: subtract max, exp, reduction, divide; casts are not FLOPs."
76,router_topk,routing,"{""input_fp32"": [1, 128], ""values_fp32"": [1, 8], ""indices_int64"": [1, 8]}",0,0,"{""topk_rows"": 1, ""topk_candidates"": 128}",0,512,96,Top-k is an explicit selection primitive; candidate counts are not comparisons or FLOPs. Backend selection algorithm is unspecified.
76,router_renormalize_cast,routing,"{""selected_probabilities"": [1, 8]}",0,15,{},0,32,16,"Selected probabilities are renormalized if norm_topk_prob, then cast to activation dtype; row reduction assumed on-chip."
76,routing_one_hot,routing_metadata,"{""selected_int64"": [1, 8], ""mask_int64"": [1, 8, 128]}",0,0,"{""one_hot_entries"": 1024}",0,64,8192,Pinned HF reference materializes one_hot int64; this large routing mask is not assumed in optimized dispatch.
76,routing_where,routing_metadata,"{""mask_int64"": [128, 8, 1], ""top_x_and_slot_each"": [8]}",0,0,"{""integer_nonzero_tests"": 1024}",0,8192,128,Scan each expert mask; two int64 coordinates per assignment. Permute is a view.
76,expert_gather,routing,"{""source"": [1, 4096], ""gathered_rows"": [8, 4096]}",0,0,{},0,65600,65536,Logical gathers summed over experts; n_e and each concrete GEMM shape are in expert_matrices.
76,expert_gate_proj,linear,"{""input_per_expert"": [""n_e"", 4096], ""weight_storage_each"": [1536, 4096], ""output_per_expert"": [""n_e"", 1536], ""nonempty_experts"": 8, ""tokens_per_expert"": [1, 1, 1, 1, 1, 1, 1, 1, 0, 0, 0, 0, 0, 0, 0, 0, 0, 0, 0, 0, 0, 0, 0, 0, 0, 0, 0, 0, 0, 0, 0, 0, 0, 0, 0, 0, 0, 0, 0, 0, 0, 0, 0, 0, 0, 0, 0, 0, 0, 0, 0, 0, 0, 0, 0, 0, 0, 0, 0, 0, 0, 0, 0, 0, 0, 0, 0, 0, 0, 0, 0, 0, 0, 0, 0, 0, 0, 0, 0, 0, 0, 0, 0, 0, 0, 0, 0, 0, 0, 0, 0, 0, 0, 0, 0, 0, 0, 0, 0, 0, 0, 0, 0, 0, 0, 0, 0, 0, 0, 0, 0, 0, 0, 0, 0, 0, 0, 0, 0, 0, 0, 0, 0, 0, 0, 0, 0, 0]}",100663296,0,{},100663296,65536,24576,"Sum of unpadded per-expert GEMMs; each visited expert weight read once per layer, not once per token."
76,expert_up_proj,linear,"{""input_per_expert"": [""n_e"", 4096], ""weight_storage_each"": [1536, 4096], ""output_per_expert"": [""n_e"", 1536], ""nonempty_experts"": 8, ""tokens_per_expert"": [1, 1, 1, 1, 1, 1, 1, 1, 0, 0, 0, 0, 0, 0, 0, 0, 0, 0, 0, 0, 0, 0, 0, 0, 0, 0, 0, 0, 0, 0, 0, 0, 0, 0, 0, 0, 0, 0, 0, 0, 0, 0, 0, 0, 0, 0, 0, 0, 0, 0, 0, 0, 0, 0, 0, 0, 0, 0, 0, 0, 0, 0, 0, 0, 0, 0, 0, 0, 0, 0, 0, 0, 0, 0, 0, 0, 0, 0, 0, 0, 0, 0, 0, 0, 0, 0, 0, 0, 0, 0, 0, 0, 0, 0, 0, 0, 0, 0, 0, 0, 0, 0, 0, 0, 0, 0, 0, 0, 0, 0, 0, 0, 0, 0, 0, 0, 0, 0, 0, 0, 0, 0, 0, 0, 0, 0, 0, 0]}",100663296,0,{},100663296,65536,24576,"Sum of unpadded per-expert GEMMs; each visited expert weight read once per layer, not once per token."
76,expert_silu_mul,activation,"{""gate_and_up_each"": [8, 1536]}",0,49152,"{""exp"": 12288, ""negate"": 12288}",0,49152,24576,
76,expert_down_proj,linear,"{""input_per_expert"": [""n_e"", 1536], ""weight_storage_each"": [4096, 1536], ""output_per_expert"": [""n_e"", 4096], ""nonempty_experts"": 8, ""tokens_per_expert"": [1, 1, 1, 1, 1, 1, 1, 1, 0, 0, 0, 0, 0, 0, 0, 0, 0, 0, 0, 0, 0, 0, 0, 0, 0, 0, 0, 0, 0, 0, 0, 0, 0, 0, 0, 0, 0, 0, 0, 0, 0, 0, 0, 0, 0, 0, 0, 0, 0, 0, 0, 0, 0, 0, 0, 0, 0, 0, 0, 0, 0, 0, 0, 0, 0, 0, 0, 0, 0, 0, 0, 0, 0, 0, 0, 0, 0, 0, 0, 0, 0, 0, 0, 0, 0, 0, 0, 0, 0, 0, 0, 0, 0, 0, 0, 0, 0, 0, 0, 0, 0, 0, 0, 0, 0, 0, 0, 0, 0, 0, 0, 0, 0, 0, 0, 0, 0, 0, 0, 0, 0, 0, 0, 0, 0, 0, 0, 0]}",100663296,0,{},100663296,24576,65536,Unpadded per-expert GEMMs; empty experts have zero arithmetic and no weight payload.
76,expert_probability_multiply,routing,"{""expert_outputs"": [8, 4096], ""routing_weights"": [8]}",0,32768,{},0,65680,65536,Probability broadcast reuses one value per assignment; int64 token/slot indices included.
76,expert_output_zero,routing,"{""output"": [1, 4096]}",0,0,{},0,0,8192,Reference initializes final_hidden_states to zero.
76,expert_index_add,routing,"{""weighted_outputs"": [8, 4096], ""combined_output"": [1, 4096]}",0,32768,{},0,131136,65536,"Reference index_add includes the first add into zero; destination read/update per assignment is logical payload, not measured HBM."
76,ffn_residual,residual,"{""inputs_each"": [1, 4096], ""output"": [1, 4096]}",0,4096,{},0,16384,8192,
77,input_layernorm,normalization,"{""input"": [1, 4096], ""weight"": [4096], ""output"": [1, 4096]}",0,16385,"{""rsqrt"": 1}",8192,8192,8192,按 FP32 行内归约的代数计数；rsqrt、类型转换与临时 FP32 张量分列／不推断 HBM spill。
77,q_proj,linear,"{""input"": [1, 4096], ""weight_math"": [4096, 8192], ""weight_storage"": [8192, 4096], ""output"": [1, 8192]}",67108864,0,{},67108864,8192,16384,独立 GEMM：权重与输入各读一次、输出写一次的操作数载荷；不预测 tile 重读。
77,k_proj,linear,"{""input"": [1, 4096], ""weight_math"": [4096, 512], ""weight_storage"": [512, 4096], ""output"": [1, 512]}",4194304,0,{},4194304,8192,1024,独立 GEMM：权重与输入各读一次、输出写一次的操作数载荷；不预测 tile 重读。
77,v_proj,linear,"{""input"": [1, 4096], ""weight_math"": [4096, 512], ""weight_storage"": [512, 4096], ""output"": [1, 512]}",4194304,0,{},4194304,8192,1024,独立 GEMM：权重与输入各读一次、输出写一次的操作数载荷；不预测 tile 重读。
77,q_norm,normalization,"{""input"": [64, 128], ""weight"": [128], ""output"": [64, 128]}",0,32832,"{""rsqrt"": 64}",256,16384,16384,按 FP32 行内归约的代数计数；rsqrt、类型转换与临时 FP32 张量分列／不推断 HBM spill。
77,k_norm,normalization,"{""input"": [4, 128], ""weight"": [128], ""output"": [4, 128]}",0,2052,"{""rsqrt"": 4}",256,1024,1024,按 FP32 行内归约的代数计数；rsqrt、类型转换与临时 FP32 张量分列／不推断 HBM spill。
77,apply_rope,position,"{""Q"": [1, 64, 1, 128], ""K"": [1, 4, 1, 128]}",0,26112,"{""negate"": 4352}",0,17920,17408,2 multiply + 1 add/元素，rotate_half 符号翻转分列；表按批／头理想复用。
77,kv_append,state,"{""new_K_and_V_each"": [1, 4, 1, 128]}",0,0,{},0,2048,2048,原位／分页 append 载荷；不假定动态 torch.cat 对旧缓存整段复制。
77,qk,attention,"{""Q"": [1, 64, 1, 128], ""K_shared"": [1, 4, 8193, 128], ""scores_rectangular"": [1, 64, 1, 8193]}",134234112,0,{},0,8406016,2097408,FLOPs 仅有效因果位置；载荷是假定 Q/K 各读一次、GQA 头共享，完整分数矩阵物化。
77,score_scale_mask_softmax,softmax,"{""scores"": [1, 64, 1, 8193]}",0,2097344,"{""exp"": 524352, ""compare_max"": 524288, ""mask_decisions"": 524352}",0,2097408,2097408,选择的融合 scale/mask/softmax 代数工作；屏蔽点不计 exp。物化 FP32 默认概率；非具体 eager trace。
77,pv,attention,"{""P"": [1, 64, 1, 8193], ""V_shared"": [1, 4, 8193, 128], ""output"": [1, 64, 1, 128]}",134234112,0,{},0,10487040,16384,PV/AV：各 Q 头仍计算；V 容量不乘 GQA 复制数。载荷假定 V 在头／查询之间理想复用。
77,o_proj,linear,"{""input"": [1, 8192], ""weight_math"": [8192, 4096], ""weight_storage"": [4096, 8192], ""output"": [1, 4096]}",67108864,0,{},67108864,16384,8192,独立 GEMM：权重与输入各读一次、输出写一次的操作数载荷；不预测 tile 重读。
77,attention_residual,residual,"{""inputs_each"": [1, 4096], ""output"": [1, 4096]}",0,4096,{},0,16384,8192,
77,post_attention_layernorm,normalization,"{""input"": [1, 4096], ""weight"": [4096], ""output"": [1, 4096]}",0,16385,"{""rsqrt"": 1}",8192,8192,8192,按 FP32 行内归约的代数计数；rsqrt、类型转换与临时 FP32 张量分列／不推断 HBM spill。
77,router,linear,"{""input"": [1, 4096], ""weight_math"": [4096, 128], ""weight_storage"": [128, 4096], ""output"": [1, 128]}",1048576,0,{},1048576,8192,256,独立 GEMM：权重与输入各读一次、输出写一次的操作数载荷；不预测 tile 重读。
77,router_softmax,routing,"{""input"": [1, 128], ""probabilities_fp32"": [1, 128]}",0,383,"{""exp"": 128, ""compare_max"": 127}",0,256,512,"FP32 softmax: subtract max, exp, reduction, divide; casts are not FLOPs."
77,router_topk,routing,"{""input_fp32"": [1, 128], ""values_fp32"": [1, 8], ""indices_int64"": [1, 8]}",0,0,"{""topk_rows"": 1, ""topk_candidates"": 128}",0,512,96,Top-k is an explicit selection primitive; candidate counts are not comparisons or FLOPs. Backend selection algorithm is unspecified.
77,router_renormalize_cast,routing,"{""selected_probabilities"": [1, 8]}",0,15,{},0,32,16,"Selected probabilities are renormalized if norm_topk_prob, then cast to activation dtype; row reduction assumed on-chip."
77,routing_one_hot,routing_metadata,"{""selected_int64"": [1, 8], ""mask_int64"": [1, 8, 128]}",0,0,"{""one_hot_entries"": 1024}",0,64,8192,Pinned HF reference materializes one_hot int64; this large routing mask is not assumed in optimized dispatch.
77,routing_where,routing_metadata,"{""mask_int64"": [128, 8, 1], ""top_x_and_slot_each"": [8]}",0,0,"{""integer_nonzero_tests"": 1024}",0,8192,128,Scan each expert mask; two int64 coordinates per assignment. Permute is a view.
77,expert_gather,routing,"{""source"": [1, 4096], ""gathered_rows"": [8, 4096]}",0,0,{},0,65600,65536,Logical gathers summed over experts; n_e and each concrete GEMM shape are in expert_matrices.
77,expert_gate_proj,linear,"{""input_per_expert"": [""n_e"", 4096], ""weight_storage_each"": [1536, 4096], ""output_per_expert"": [""n_e"", 1536], ""nonempty_experts"": 8, ""tokens_per_expert"": [1, 1, 1, 1, 1, 1, 1, 1, 0, 0, 0, 0, 0, 0, 0, 0, 0, 0, 0, 0, 0, 0, 0, 0, 0, 0, 0, 0, 0, 0, 0, 0, 0, 0, 0, 0, 0, 0, 0, 0, 0, 0, 0, 0, 0, 0, 0, 0, 0, 0, 0, 0, 0, 0, 0, 0, 0, 0, 0, 0, 0, 0, 0, 0, 0, 0, 0, 0, 0, 0, 0, 0, 0, 0, 0, 0, 0, 0, 0, 0, 0, 0, 0, 0, 0, 0, 0, 0, 0, 0, 0, 0, 0, 0, 0, 0, 0, 0, 0, 0, 0, 0, 0, 0, 0, 0, 0, 0, 0, 0, 0, 0, 0, 0, 0, 0, 0, 0, 0, 0, 0, 0, 0, 0, 0, 0, 0, 0]}",100663296,0,{},100663296,65536,24576,"Sum of unpadded per-expert GEMMs; each visited expert weight read once per layer, not once per token."
77,expert_up_proj,linear,"{""input_per_expert"": [""n_e"", 4096], ""weight_storage_each"": [1536, 4096], ""output_per_expert"": [""n_e"", 1536], ""nonempty_experts"": 8, ""tokens_per_expert"": [1, 1, 1, 1, 1, 1, 1, 1, 0, 0, 0, 0, 0, 0, 0, 0, 0, 0, 0, 0, 0, 0, 0, 0, 0, 0, 0, 0, 0, 0, 0, 0, 0, 0, 0, 0, 0, 0, 0, 0, 0, 0, 0, 0, 0, 0, 0, 0, 0, 0, 0, 0, 0, 0, 0, 0, 0, 0, 0, 0, 0, 0, 0, 0, 0, 0, 0, 0, 0, 0, 0, 0, 0, 0, 0, 0, 0, 0, 0, 0, 0, 0, 0, 0, 0, 0, 0, 0, 0, 0, 0, 0, 0, 0, 0, 0, 0, 0, 0, 0, 0, 0, 0, 0, 0, 0, 0, 0, 0, 0, 0, 0, 0, 0, 0, 0, 0, 0, 0, 0, 0, 0, 0, 0, 0, 0, 0, 0]}",100663296,0,{},100663296,65536,24576,"Sum of unpadded per-expert GEMMs; each visited expert weight read once per layer, not once per token."
77,expert_silu_mul,activation,"{""gate_and_up_each"": [8, 1536]}",0,49152,"{""exp"": 12288, ""negate"": 12288}",0,49152,24576,
77,expert_down_proj,linear,"{""input_per_expert"": [""n_e"", 1536], ""weight_storage_each"": [4096, 1536], ""output_per_expert"": [""n_e"", 4096], ""nonempty_experts"": 8, ""tokens_per_expert"": [1, 1, 1, 1, 1, 1, 1, 1, 0, 0, 0, 0, 0, 0, 0, 0, 0, 0, 0, 0, 0, 0, 0, 0, 0, 0, 0, 0, 0, 0, 0, 0, 0, 0, 0, 0, 0, 0, 0, 0, 0, 0, 0, 0, 0, 0, 0, 0, 0, 0, 0, 0, 0, 0, 0, 0, 0, 0, 0, 0, 0, 0, 0, 0, 0, 0, 0, 0, 0, 0, 0, 0, 0, 0, 0, 0, 0, 0, 0, 0, 0, 0, 0, 0, 0, 0, 0, 0, 0, 0, 0, 0, 0, 0, 0, 0, 0, 0, 0, 0, 0, 0, 0, 0, 0, 0, 0, 0, 0, 0, 0, 0, 0, 0, 0, 0, 0, 0, 0, 0, 0, 0, 0, 0, 0, 0, 0, 0]}",100663296,0,{},100663296,24576,65536,Unpadded per-expert GEMMs; empty experts have zero arithmetic and no weight payload.
77,expert_probability_multiply,routing,"{""expert_outputs"": [8, 4096], ""routing_weights"": [8]}",0,32768,{},0,65680,65536,Probability broadcast reuses one value per assignment; int64 token/slot indices included.
77,expert_output_zero,routing,"{""output"": [1, 4096]}",0,0,{},0,0,8192,Reference initializes final_hidden_states to zero.
77,expert_index_add,routing,"{""weighted_outputs"": [8, 4096], ""combined_output"": [1, 4096]}",0,32768,{},0,131136,65536,"Reference index_add includes the first add into zero; destination read/update per assignment is logical payload, not measured HBM."
77,ffn_residual,residual,"{""inputs_each"": [1, 4096], ""output"": [1, 4096]}",0,4096,{},0,16384,8192,
78,input_layernorm,normalization,"{""input"": [1, 4096], ""weight"": [4096], ""output"": [1, 4096]}",0,16385,"{""rsqrt"": 1}",8192,8192,8192,按 FP32 行内归约的代数计数；rsqrt、类型转换与临时 FP32 张量分列／不推断 HBM spill。
78,q_proj,linear,"{""input"": [1, 4096], ""weight_math"": [4096, 8192], ""weight_storage"": [8192, 4096], ""output"": [1, 8192]}",67108864,0,{},67108864,8192,16384,独立 GEMM：权重与输入各读一次、输出写一次的操作数载荷；不预测 tile 重读。
78,k_proj,linear,"{""input"": [1, 4096], ""weight_math"": [4096, 512], ""weight_storage"": [512, 4096], ""output"": [1, 512]}",4194304,0,{},4194304,8192,1024,独立 GEMM：权重与输入各读一次、输出写一次的操作数载荷；不预测 tile 重读。
78,v_proj,linear,"{""input"": [1, 4096], ""weight_math"": [4096, 512], ""weight_storage"": [512, 4096], ""output"": [1, 512]}",4194304,0,{},4194304,8192,1024,独立 GEMM：权重与输入各读一次、输出写一次的操作数载荷；不预测 tile 重读。
78,q_norm,normalization,"{""input"": [64, 128], ""weight"": [128], ""output"": [64, 128]}",0,32832,"{""rsqrt"": 64}",256,16384,16384,按 FP32 行内归约的代数计数；rsqrt、类型转换与临时 FP32 张量分列／不推断 HBM spill。
78,k_norm,normalization,"{""input"": [4, 128], ""weight"": [128], ""output"": [4, 128]}",0,2052,"{""rsqrt"": 4}",256,1024,1024,按 FP32 行内归约的代数计数；rsqrt、类型转换与临时 FP32 张量分列／不推断 HBM spill。
78,apply_rope,position,"{""Q"": [1, 64, 1, 128], ""K"": [1, 4, 1, 128]}",0,26112,"{""negate"": 4352}",0,17920,17408,2 multiply + 1 add/元素，rotate_half 符号翻转分列；表按批／头理想复用。
78,kv_append,state,"{""new_K_and_V_each"": [1, 4, 1, 128]}",0,0,{},0,2048,2048,原位／分页 append 载荷；不假定动态 torch.cat 对旧缓存整段复制。
78,qk,attention,"{""Q"": [1, 64, 1, 128], ""K_shared"": [1, 4, 8193, 128], ""scores_rectangular"": [1, 64, 1, 8193]}",134234112,0,{},0,8406016,2097408,FLOPs 仅有效因果位置；载荷是假定 Q/K 各读一次、GQA 头共享，完整分数矩阵物化。
78,score_scale_mask_softmax,softmax,"{""scores"": [1, 64, 1, 8193]}",0,2097344,"{""exp"": 524352, ""compare_max"": 524288, ""mask_decisions"": 524352}",0,2097408,2097408,选择的融合 scale/mask/softmax 代数工作；屏蔽点不计 exp。物化 FP32 默认概率；非具体 eager trace。
78,pv,attention,"{""P"": [1, 64, 1, 8193], ""V_shared"": [1, 4, 8193, 128], ""output"": [1, 64, 1, 128]}",134234112,0,{},0,10487040,16384,PV/AV：各 Q 头仍计算；V 容量不乘 GQA 复制数。载荷假定 V 在头／查询之间理想复用。
78,o_proj,linear,"{""input"": [1, 8192], ""weight_math"": [8192, 4096], ""weight_storage"": [4096, 8192], ""output"": [1, 4096]}",67108864,0,{},67108864,16384,8192,独立 GEMM：权重与输入各读一次、输出写一次的操作数载荷；不预测 tile 重读。
78,attention_residual,residual,"{""inputs_each"": [1, 4096], ""output"": [1, 4096]}",0,4096,{},0,16384,8192,
78,post_attention_layernorm,normalization,"{""input"": [1, 4096], ""weight"": [4096], ""output"": [1, 4096]}",0,16385,"{""rsqrt"": 1}",8192,8192,8192,按 FP32 行内归约的代数计数；rsqrt、类型转换与临时 FP32 张量分列／不推断 HBM spill。
78,router,linear,"{""input"": [1, 4096], ""weight_math"": [4096, 128], ""weight_storage"": [128, 4096], ""output"": [1, 128]}",1048576,0,{},1048576,8192,256,独立 GEMM：权重与输入各读一次、输出写一次的操作数载荷；不预测 tile 重读。
78,router_softmax,routing,"{""input"": [1, 128], ""probabilities_fp32"": [1, 128]}",0,383,"{""exp"": 128, ""compare_max"": 127}",0,256,512,"FP32 softmax: subtract max, exp, reduction, divide; casts are not FLOPs."
78,router_topk,routing,"{""input_fp32"": [1, 128], ""values_fp32"": [1, 8], ""indices_int64"": [1, 8]}",0,0,"{""topk_rows"": 1, ""topk_candidates"": 128}",0,512,96,Top-k is an explicit selection primitive; candidate counts are not comparisons or FLOPs. Backend selection algorithm is unspecified.
78,router_renormalize_cast,routing,"{""selected_probabilities"": [1, 8]}",0,15,{},0,32,16,"Selected probabilities are renormalized if norm_topk_prob, then cast to activation dtype; row reduction assumed on-chip."
78,routing_one_hot,routing_metadata,"{""selected_int64"": [1, 8], ""mask_int64"": [1, 8, 128]}",0,0,"{""one_hot_entries"": 1024}",0,64,8192,Pinned HF reference materializes one_hot int64; this large routing mask is not assumed in optimized dispatch.
78,routing_where,routing_metadata,"{""mask_int64"": [128, 8, 1], ""top_x_and_slot_each"": [8]}",0,0,"{""integer_nonzero_tests"": 1024}",0,8192,128,Scan each expert mask; two int64 coordinates per assignment. Permute is a view.
78,expert_gather,routing,"{""source"": [1, 4096], ""gathered_rows"": [8, 4096]}",0,0,{},0,65600,65536,Logical gathers summed over experts; n_e and each concrete GEMM shape are in expert_matrices.
78,expert_gate_proj,linear,"{""input_per_expert"": [""n_e"", 4096], ""weight_storage_each"": [1536, 4096], ""output_per_expert"": [""n_e"", 1536], ""nonempty_experts"": 8, ""tokens_per_expert"": [1, 1, 1, 1, 1, 1, 1, 1, 0, 0, 0, 0, 0, 0, 0, 0, 0, 0, 0, 0, 0, 0, 0, 0, 0, 0, 0, 0, 0, 0, 0, 0, 0, 0, 0, 0, 0, 0, 0, 0, 0, 0, 0, 0, 0, 0, 0, 0, 0, 0, 0, 0, 0, 0, 0, 0, 0, 0, 0, 0, 0, 0, 0, 0, 0, 0, 0, 0, 0, 0, 0, 0, 0, 0, 0, 0, 0, 0, 0, 0, 0, 0, 0, 0, 0, 0, 0, 0, 0, 0, 0, 0, 0, 0, 0, 0, 0, 0, 0, 0, 0, 0, 0, 0, 0, 0, 0, 0, 0, 0, 0, 0, 0, 0, 0, 0, 0, 0, 0, 0, 0, 0, 0, 0, 0, 0, 0, 0]}",100663296,0,{},100663296,65536,24576,"Sum of unpadded per-expert GEMMs; each visited expert weight read once per layer, not once per token."
78,expert_up_proj,linear,"{""input_per_expert"": [""n_e"", 4096], ""weight_storage_each"": [1536, 4096], ""output_per_expert"": [""n_e"", 1536], ""nonempty_experts"": 8, ""tokens_per_expert"": [1, 1, 1, 1, 1, 1, 1, 1, 0, 0, 0, 0, 0, 0, 0, 0, 0, 0, 0, 0, 0, 0, 0, 0, 0, 0, 0, 0, 0, 0, 0, 0, 0, 0, 0, 0, 0, 0, 0, 0, 0, 0, 0, 0, 0, 0, 0, 0, 0, 0, 0, 0, 0, 0, 0, 0, 0, 0, 0, 0, 0, 0, 0, 0, 0, 0, 0, 0, 0, 0, 0, 0, 0, 0, 0, 0, 0, 0, 0, 0, 0, 0, 0, 0, 0, 0, 0, 0, 0, 0, 0, 0, 0, 0, 0, 0, 0, 0, 0, 0, 0, 0, 0, 0, 0, 0, 0, 0, 0, 0, 0, 0, 0, 0, 0, 0, 0, 0, 0, 0, 0, 0, 0, 0, 0, 0, 0, 0]}",100663296,0,{},100663296,65536,24576,"Sum of unpadded per-expert GEMMs; each visited expert weight read once per layer, not once per token."
78,expert_silu_mul,activation,"{""gate_and_up_each"": [8, 1536]}",0,49152,"{""exp"": 12288, ""negate"": 12288}",0,49152,24576,
78,expert_down_proj,linear,"{""input_per_expert"": [""n_e"", 1536], ""weight_storage_each"": [4096, 1536], ""output_per_expert"": [""n_e"", 4096], ""nonempty_experts"": 8, ""tokens_per_expert"": [1, 1, 1, 1, 1, 1, 1, 1, 0, 0, 0, 0, 0, 0, 0, 0, 0, 0, 0, 0, 0, 0, 0, 0, 0, 0, 0, 0, 0, 0, 0, 0, 0, 0, 0, 0, 0, 0, 0, 0, 0, 0, 0, 0, 0, 0, 0, 0, 0, 0, 0, 0, 0, 0, 0, 0, 0, 0, 0, 0, 0, 0, 0, 0, 0, 0, 0, 0, 0, 0, 0, 0, 0, 0, 0, 0, 0, 0, 0, 0, 0, 0, 0, 0, 0, 0, 0, 0, 0, 0, 0, 0, 0, 0, 0, 0, 0, 0, 0, 0, 0, 0, 0, 0, 0, 0, 0, 0, 0, 0, 0, 0, 0, 0, 0, 0, 0, 0, 0, 0, 0, 0, 0, 0, 0, 0, 0, 0]}",100663296,0,{},100663296,24576,65536,Unpadded per-expert GEMMs; empty experts have zero arithmetic and no weight payload.
78,expert_probability_multiply,routing,"{""expert_outputs"": [8, 4096], ""routing_weights"": [8]}",0,32768,{},0,65680,65536,Probability broadcast reuses one value per assignment; int64 token/slot indices included.
78,expert_output_zero,routing,"{""output"": [1, 4096]}",0,0,{},0,0,8192,Reference initializes final_hidden_states to zero.
78,expert_index_add,routing,"{""weighted_outputs"": [8, 4096], ""combined_output"": [1, 4096]}",0,32768,{},0,131136,65536,"Reference index_add includes the first add into zero; destination read/update per assignment is logical payload, not measured HBM."
78,ffn_residual,residual,"{""inputs_each"": [1, 4096], ""output"": [1, 4096]}",0,4096,{},0,16384,8192,
79,input_layernorm,normalization,"{""input"": [1, 4096], ""weight"": [4096], ""output"": [1, 4096]}",0,16385,"{""rsqrt"": 1}",8192,8192,8192,按 FP32 行内归约的代数计数；rsqrt、类型转换与临时 FP32 张量分列／不推断 HBM spill。
79,q_proj,linear,"{""input"": [1, 4096], ""weight_math"": [4096, 8192], ""weight_storage"": [8192, 4096], ""output"": [1, 8192]}",67108864,0,{},67108864,8192,16384,独立 GEMM：权重与输入各读一次、输出写一次的操作数载荷；不预测 tile 重读。
79,k_proj,linear,"{""input"": [1, 4096], ""weight_math"": [4096, 512], ""weight_storage"": [512, 4096], ""output"": [1, 512]}",4194304,0,{},4194304,8192,1024,独立 GEMM：权重与输入各读一次、输出写一次的操作数载荷；不预测 tile 重读。
79,v_proj,linear,"{""input"": [1, 4096], ""weight_math"": [4096, 512], ""weight_storage"": [512, 4096], ""output"": [1, 512]}",4194304,0,{},4194304,8192,1024,独立 GEMM：权重与输入各读一次、输出写一次的操作数载荷；不预测 tile 重读。
79,q_norm,normalization,"{""input"": [64, 128], ""weight"": [128], ""output"": [64, 128]}",0,32832,"{""rsqrt"": 64}",256,16384,16384,按 FP32 行内归约的代数计数；rsqrt、类型转换与临时 FP32 张量分列／不推断 HBM spill。
79,k_norm,normalization,"{""input"": [4, 128], ""weight"": [128], ""output"": [4, 128]}",0,2052,"{""rsqrt"": 4}",256,1024,1024,按 FP32 行内归约的代数计数；rsqrt、类型转换与临时 FP32 张量分列／不推断 HBM spill。
79,apply_rope,position,"{""Q"": [1, 64, 1, 128], ""K"": [1, 4, 1, 128]}",0,26112,"{""negate"": 4352}",0,17920,17408,2 multiply + 1 add/元素，rotate_half 符号翻转分列；表按批／头理想复用。
79,kv_append,state,"{""new_K_and_V_each"": [1, 4, 1, 128]}",0,0,{},0,2048,2048,原位／分页 append 载荷；不假定动态 torch.cat 对旧缓存整段复制。
79,qk,attention,"{""Q"": [1, 64, 1, 128], ""K_shared"": [1, 4, 8193, 128], ""scores_rectangular"": [1, 64, 1, 8193]}",134234112,0,{},0,8406016,2097408,FLOPs 仅有效因果位置；载荷是假定 Q/K 各读一次、GQA 头共享，完整分数矩阵物化。
79,score_scale_mask_softmax,softmax,"{""scores"": [1, 64, 1, 8193]}",0,2097344,"{""exp"": 524352, ""compare_max"": 524288, ""mask_decisions"": 524352}",0,2097408,2097408,选择的融合 scale/mask/softmax 代数工作；屏蔽点不计 exp。物化 FP32 默认概率；非具体 eager trace。
79,pv,attention,"{""P"": [1, 64, 1, 8193], ""V_shared"": [1, 4, 8193, 128], ""output"": [1, 64, 1, 128]}",134234112,0,{},0,10487040,16384,PV/AV：各 Q 头仍计算；V 容量不乘 GQA 复制数。载荷假定 V 在头／查询之间理想复用。
79,o_proj,linear,"{""input"": [1, 8192], ""weight_math"": [8192, 4096], ""weight_storage"": [4096, 8192], ""output"": [1, 4096]}",67108864,0,{},67108864,16384,8192,独立 GEMM：权重与输入各读一次、输出写一次的操作数载荷；不预测 tile 重读。
79,attention_residual,residual,"{""inputs_each"": [1, 4096], ""output"": [1, 4096]}",0,4096,{},0,16384,8192,
79,post_attention_layernorm,normalization,"{""input"": [1, 4096], ""weight"": [4096], ""output"": [1, 4096]}",0,16385,"{""rsqrt"": 1}",8192,8192,8192,按 FP32 行内归约的代数计数；rsqrt、类型转换与临时 FP32 张量分列／不推断 HBM spill。
79,router,linear,"{""input"": [1, 4096], ""weight_math"": [4096, 128], ""weight_storage"": [128, 4096], ""output"": [1, 128]}",1048576,0,{},1048576,8192,256,独立 GEMM：权重与输入各读一次、输出写一次的操作数载荷；不预测 tile 重读。
79,router_softmax,routing,"{""input"": [1, 128], ""probabilities_fp32"": [1, 128]}",0,383,"{""exp"": 128, ""compare_max"": 127}",0,256,512,"FP32 softmax: subtract max, exp, reduction, divide; casts are not FLOPs."
79,router_topk,routing,"{""input_fp32"": [1, 128], ""values_fp32"": [1, 8], ""indices_int64"": [1, 8]}",0,0,"{""topk_rows"": 1, ""topk_candidates"": 128}",0,512,96,Top-k is an explicit selection primitive; candidate counts are not comparisons or FLOPs. Backend selection algorithm is unspecified.
79,router_renormalize_cast,routing,"{""selected_probabilities"": [1, 8]}",0,15,{},0,32,16,"Selected probabilities are renormalized if norm_topk_prob, then cast to activation dtype; row reduction assumed on-chip."
79,routing_one_hot,routing_metadata,"{""selected_int64"": [1, 8], ""mask_int64"": [1, 8, 128]}",0,0,"{""one_hot_entries"": 1024}",0,64,8192,Pinned HF reference materializes one_hot int64; this large routing mask is not assumed in optimized dispatch.
79,routing_where,routing_metadata,"{""mask_int64"": [128, 8, 1], ""top_x_and_slot_each"": [8]}",0,0,"{""integer_nonzero_tests"": 1024}",0,8192,128,Scan each expert mask; two int64 coordinates per assignment. Permute is a view.
79,expert_gather,routing,"{""source"": [1, 4096], ""gathered_rows"": [8, 4096]}",0,0,{},0,65600,65536,Logical gathers summed over experts; n_e and each concrete GEMM shape are in expert_matrices.
79,expert_gate_proj,linear,"{""input_per_expert"": [""n_e"", 4096], ""weight_storage_each"": [1536, 4096], ""output_per_expert"": [""n_e"", 1536], ""nonempty_experts"": 8, ""tokens_per_expert"": [1, 1, 1, 1, 1, 1, 1, 1, 0, 0, 0, 0, 0, 0, 0, 0, 0, 0, 0, 0, 0, 0, 0, 0, 0, 0, 0, 0, 0, 0, 0, 0, 0, 0, 0, 0, 0, 0, 0, 0, 0, 0, 0, 0, 0, 0, 0, 0, 0, 0, 0, 0, 0, 0, 0, 0, 0, 0, 0, 0, 0, 0, 0, 0, 0, 0, 0, 0, 0, 0, 0, 0, 0, 0, 0, 0, 0, 0, 0, 0, 0, 0, 0, 0, 0, 0, 0, 0, 0, 0, 0, 0, 0, 0, 0, 0, 0, 0, 0, 0, 0, 0, 0, 0, 0, 0, 0, 0, 0, 0, 0, 0, 0, 0, 0, 0, 0, 0, 0, 0, 0, 0, 0, 0, 0, 0, 0, 0]}",100663296,0,{},100663296,65536,24576,"Sum of unpadded per-expert GEMMs; each visited expert weight read once per layer, not once per token."
79,expert_up_proj,linear,"{""input_per_expert"": [""n_e"", 4096], ""weight_storage_each"": [1536, 4096], ""output_per_expert"": [""n_e"", 1536], ""nonempty_experts"": 8, ""tokens_per_expert"": [1, 1, 1, 1, 1, 1, 1, 1, 0, 0, 0, 0, 0, 0, 0, 0, 0, 0, 0, 0, 0, 0, 0, 0, 0, 0, 0, 0, 0, 0, 0, 0, 0, 0, 0, 0, 0, 0, 0, 0, 0, 0, 0, 0, 0, 0, 0, 0, 0, 0, 0, 0, 0, 0, 0, 0, 0, 0, 0, 0, 0, 0, 0, 0, 0, 0, 0, 0, 0, 0, 0, 0, 0, 0, 0, 0, 0, 0, 0, 0, 0, 0, 0, 0, 0, 0, 0, 0, 0, 0, 0, 0, 0, 0, 0, 0, 0, 0, 0, 0, 0, 0, 0, 0, 0, 0, 0, 0, 0, 0, 0, 0, 0, 0, 0, 0, 0, 0, 0, 0, 0, 0, 0, 0, 0, 0, 0, 0]}",100663296,0,{},100663296,65536,24576,"Sum of unpadded per-expert GEMMs; each visited expert weight read once per layer, not once per token."
79,expert_silu_mul,activation,"{""gate_and_up_each"": [8, 1536]}",0,49152,"{""exp"": 12288, ""negate"": 12288}",0,49152,24576,
79,expert_down_proj,linear,"{""input_per_expert"": [""n_e"", 1536], ""weight_storage_each"": [4096, 1536], ""output_per_expert"": [""n_e"", 4096], ""nonempty_experts"": 8, ""tokens_per_expert"": [1, 1, 1, 1, 1, 1, 1, 1, 0, 0, 0, 0, 0, 0, 0, 0, 0, 0, 0, 0, 0, 0, 0, 0, 0, 0, 0, 0, 0, 0, 0, 0, 0, 0, 0, 0, 0, 0, 0, 0, 0, 0, 0, 0, 0, 0, 0, 0, 0, 0, 0, 0, 0, 0, 0, 0, 0, 0, 0, 0, 0, 0, 0, 0, 0, 0, 0, 0, 0, 0, 0, 0, 0, 0, 0, 0, 0, 0, 0, 0, 0, 0, 0, 0, 0, 0, 0, 0, 0, 0, 0, 0, 0, 0, 0, 0, 0, 0, 0, 0, 0, 0, 0, 0, 0, 0, 0, 0, 0, 0, 0, 0, 0, 0, 0, 0, 0, 0, 0, 0, 0, 0, 0, 0, 0, 0, 0, 0]}",100663296,0,{},100663296,24576,65536,Unpadded per-expert GEMMs; empty experts have zero arithmetic and no weight payload.
79,expert_probability_multiply,routing,"{""expert_outputs"": [8, 4096], ""routing_weights"": [8]}",0,32768,{},0,65680,65536,Probability broadcast reuses one value per assignment; int64 token/slot indices included.
79,expert_output_zero,routing,"{""output"": [1, 4096]}",0,0,{},0,0,8192,Reference initializes final_hidden_states to zero.
79,expert_index_add,routing,"{""weighted_outputs"": [8, 4096], ""combined_output"": [1, 4096]}",0,32768,{},0,131136,65536,"Reference index_add includes the first add into zero; destination read/update per assignment is logical payload, not measured HBM."
79,ffn_residual,residual,"{""inputs_each"": [1, 4096], ""output"": [1, 4096]}",0,4096,{},0,16384,8192,
80,input_layernorm,normalization,"{""input"": [1, 4096], ""weight"": [4096], ""output"": [1, 4096]}",0,16385,"{""rsqrt"": 1}",8192,8192,8192,按 FP32 行内归约的代数计数；rsqrt、类型转换与临时 FP32 张量分列／不推断 HBM spill。
80,q_proj,linear,"{""input"": [1, 4096], ""weight_math"": [4096, 8192], ""weight_storage"": [8192, 4096], ""output"": [1, 8192]}",67108864,0,{},67108864,8192,16384,独立 GEMM：权重与输入各读一次、输出写一次的操作数载荷；不预测 tile 重读。
80,k_proj,linear,"{""input"": [1, 4096], ""weight_math"": [4096, 512], ""weight_storage"": [512, 4096], ""output"": [1, 512]}",4194304,0,{},4194304,8192,1024,独立 GEMM：权重与输入各读一次、输出写一次的操作数载荷；不预测 tile 重读。
80,v_proj,linear,"{""input"": [1, 4096], ""weight_math"": [4096, 512], ""weight_storage"": [512, 4096], ""output"": [1, 512]}",4194304,0,{},4194304,8192,1024,独立 GEMM：权重与输入各读一次、输出写一次的操作数载荷；不预测 tile 重读。
80,q_norm,normalization,"{""input"": [64, 128], ""weight"": [128], ""output"": [64, 128]}",0,32832,"{""rsqrt"": 64}",256,16384,16384,按 FP32 行内归约的代数计数；rsqrt、类型转换与临时 FP32 张量分列／不推断 HBM spill。
80,k_norm,normalization,"{""input"": [4, 128], ""weight"": [128], ""output"": [4, 128]}",0,2052,"{""rsqrt"": 4}",256,1024,1024,按 FP32 行内归约的代数计数；rsqrt、类型转换与临时 FP32 张量分列／不推断 HBM spill。
80,apply_rope,position,"{""Q"": [1, 64, 1, 128], ""K"": [1, 4, 1, 128]}",0,26112,"{""negate"": 4352}",0,17920,17408,2 multiply + 1 add/元素，rotate_half 符号翻转分列；表按批／头理想复用。
80,kv_append,state,"{""new_K_and_V_each"": [1, 4, 1, 128]}",0,0,{},0,2048,2048,原位／分页 append 载荷；不假定动态 torch.cat 对旧缓存整段复制。
80,qk,attention,"{""Q"": [1, 64, 1, 128], ""K_shared"": [1, 4, 8193, 128], ""scores_rectangular"": [1, 64, 1, 8193]}",134234112,0,{},0,8406016,2097408,FLOPs 仅有效因果位置；载荷是假定 Q/K 各读一次、GQA 头共享，完整分数矩阵物化。
80,score_scale_mask_softmax,softmax,"{""scores"": [1, 64, 1, 8193]}",0,2097344,"{""exp"": 524352, ""compare_max"": 524288, ""mask_decisions"": 524352}",0,2097408,2097408,选择的融合 scale/mask/softmax 代数工作；屏蔽点不计 exp。物化 FP32 默认概率；非具体 eager trace。
80,pv,attention,"{""P"": [1, 64, 1, 8193], ""V_shared"": [1, 4, 8193, 128], ""output"": [1, 64, 1, 128]}",134234112,0,{},0,10487040,16384,PV/AV：各 Q 头仍计算；V 容量不乘 GQA 复制数。载荷假定 V 在头／查询之间理想复用。
80,o_proj,linear,"{""input"": [1, 8192], ""weight_math"": [8192, 4096], ""weight_storage"": [4096, 8192], ""output"": [1, 4096]}",67108864,0,{},67108864,16384,8192,独立 GEMM：权重与输入各读一次、输出写一次的操作数载荷；不预测 tile 重读。
80,attention_residual,residual,"{""inputs_each"": [1, 4096], ""output"": [1, 4096]}",0,4096,{},0,16384,8192,
80,post_attention_layernorm,normalization,"{""input"": [1, 4096], ""weight"": [4096], ""output"": [1, 4096]}",0,16385,"{""rsqrt"": 1}",8192,8192,8192,按 FP32 行内归约的代数计数；rsqrt、类型转换与临时 FP32 张量分列／不推断 HBM spill。
80,router,linear,"{""input"": [1, 4096], ""weight_math"": [4096, 128], ""weight_storage"": [128, 4096], ""output"": [1, 128]}",1048576,0,{},1048576,8192,256,独立 GEMM：权重与输入各读一次、输出写一次的操作数载荷；不预测 tile 重读。
80,router_softmax,routing,"{""input"": [1, 128], ""probabilities_fp32"": [1, 128]}",0,383,"{""exp"": 128, ""compare_max"": 127}",0,256,512,"FP32 softmax: subtract max, exp, reduction, divide; casts are not FLOPs."
80,router_topk,routing,"{""input_fp32"": [1, 128], ""values_fp32"": [1, 8], ""indices_int64"": [1, 8]}",0,0,"{""topk_rows"": 1, ""topk_candidates"": 128}",0,512,96,Top-k is an explicit selection primitive; candidate counts are not comparisons or FLOPs. Backend selection algorithm is unspecified.
80,router_renormalize_cast,routing,"{""selected_probabilities"": [1, 8]}",0,15,{},0,32,16,"Selected probabilities are renormalized if norm_topk_prob, then cast to activation dtype; row reduction assumed on-chip."
80,routing_one_hot,routing_metadata,"{""selected_int64"": [1, 8], ""mask_int64"": [1, 8, 128]}",0,0,"{""one_hot_entries"": 1024}",0,64,8192,Pinned HF reference materializes one_hot int64; this large routing mask is not assumed in optimized dispatch.
80,routing_where,routing_metadata,"{""mask_int64"": [128, 8, 1], ""top_x_and_slot_each"": [8]}",0,0,"{""integer_nonzero_tests"": 1024}",0,8192,128,Scan each expert mask; two int64 coordinates per assignment. Permute is a view.
80,expert_gather,routing,"{""source"": [1, 4096], ""gathered_rows"": [8, 4096]}",0,0,{},0,65600,65536,Logical gathers summed over experts; n_e and each concrete GEMM shape are in expert_matrices.
80,expert_gate_proj,linear,"{""input_per_expert"": [""n_e"", 4096], ""weight_storage_each"": [1536, 4096], ""output_per_expert"": [""n_e"", 1536], ""nonempty_experts"": 8, ""tokens_per_expert"": [1, 1, 1, 1, 1, 1, 1, 1, 0, 0, 0, 0, 0, 0, 0, 0, 0, 0, 0, 0, 0, 0, 0, 0, 0, 0, 0, 0, 0, 0, 0, 0, 0, 0, 0, 0, 0, 0, 0, 0, 0, 0, 0, 0, 0, 0, 0, 0, 0, 0, 0, 0, 0, 0, 0, 0, 0, 0, 0, 0, 0, 0, 0, 0, 0, 0, 0, 0, 0, 0, 0, 0, 0, 0, 0, 0, 0, 0, 0, 0, 0, 0, 0, 0, 0, 0, 0, 0, 0, 0, 0, 0, 0, 0, 0, 0, 0, 0, 0, 0, 0, 0, 0, 0, 0, 0, 0, 0, 0, 0, 0, 0, 0, 0, 0, 0, 0, 0, 0, 0, 0, 0, 0, 0, 0, 0, 0, 0]}",100663296,0,{},100663296,65536,24576,"Sum of unpadded per-expert GEMMs; each visited expert weight read once per layer, not once per token."
80,expert_up_proj,linear,"{""input_per_expert"": [""n_e"", 4096], ""weight_storage_each"": [1536, 4096], ""output_per_expert"": [""n_e"", 1536], ""nonempty_experts"": 8, ""tokens_per_expert"": [1, 1, 1, 1, 1, 1, 1, 1, 0, 0, 0, 0, 0, 0, 0, 0, 0, 0, 0, 0, 0, 0, 0, 0, 0, 0, 0, 0, 0, 0, 0, 0, 0, 0, 0, 0, 0, 0, 0, 0, 0, 0, 0, 0, 0, 0, 0, 0, 0, 0, 0, 0, 0, 0, 0, 0, 0, 0, 0, 0, 0, 0, 0, 0, 0, 0, 0, 0, 0, 0, 0, 0, 0, 0, 0, 0, 0, 0, 0, 0, 0, 0, 0, 0, 0, 0, 0, 0, 0, 0, 0, 0, 0, 0, 0, 0, 0, 0, 0, 0, 0, 0, 0, 0, 0, 0, 0, 0, 0, 0, 0, 0, 0, 0, 0, 0, 0, 0, 0, 0, 0, 0, 0, 0, 0, 0, 0, 0]}",100663296,0,{},100663296,65536,24576,"Sum of unpadded per-expert GEMMs; each visited expert weight read once per layer, not once per token."
80,expert_silu_mul,activation,"{""gate_and_up_each"": [8, 1536]}",0,49152,"{""exp"": 12288, ""negate"": 12288}",0,49152,24576,
80,expert_down_proj,linear,"{""input_per_expert"": [""n_e"", 1536], ""weight_storage_each"": [4096, 1536], ""output_per_expert"": [""n_e"", 4096], ""nonempty_experts"": 8, ""tokens_per_expert"": [1, 1, 1, 1, 1, 1, 1, 1, 0, 0, 0, 0, 0, 0, 0, 0, 0, 0, 0, 0, 0, 0, 0, 0, 0, 0, 0, 0, 0, 0, 0, 0, 0, 0, 0, 0, 0, 0, 0, 0, 0, 0, 0, 0, 0, 0, 0, 0, 0, 0, 0, 0, 0, 0, 0, 0, 0, 0, 0, 0, 0, 0, 0, 0, 0, 0, 0, 0, 0, 0, 0, 0, 0, 0, 0, 0, 0, 0, 0, 0, 0, 0, 0, 0, 0, 0, 0, 0, 0, 0, 0, 0, 0, 0, 0, 0, 0, 0, 0, 0, 0, 0, 0, 0, 0, 0, 0, 0, 0, 0, 0, 0, 0, 0, 0, 0, 0, 0, 0, 0, 0, 0, 0, 0, 0, 0, 0, 0]}",100663296,0,{},100663296,24576,65536,Unpadded per-expert GEMMs; empty experts have zero arithmetic and no weight payload.
80,expert_probability_multiply,routing,"{""expert_outputs"": [8, 4096], ""routing_weights"": [8]}",0,32768,{},0,65680,65536,Probability broadcast reuses one value per assignment; int64 token/slot indices included.
80,expert_output_zero,routing,"{""output"": [1, 4096]}",0,0,{},0,0,8192,Reference initializes final_hidden_states to zero.
80,expert_index_add,routing,"{""weighted_outputs"": [8, 4096], ""combined_output"": [1, 4096]}",0,32768,{},0,131136,65536,"Reference index_add includes the first add into zero; destination read/update per assignment is logical payload, not measured HBM."
80,ffn_residual,residual,"{""inputs_each"": [1, 4096], ""output"": [1, 4096]}",0,4096,{},0,16384,8192,
81,input_layernorm,normalization,"{""input"": [1, 4096], ""weight"": [4096], ""output"": [1, 4096]}",0,16385,"{""rsqrt"": 1}",8192,8192,8192,按 FP32 行内归约的代数计数；rsqrt、类型转换与临时 FP32 张量分列／不推断 HBM spill。
81,q_proj,linear,"{""input"": [1, 4096], ""weight_math"": [4096, 8192], ""weight_storage"": [8192, 4096], ""output"": [1, 8192]}",67108864,0,{},67108864,8192,16384,独立 GEMM：权重与输入各读一次、输出写一次的操作数载荷；不预测 tile 重读。
81,k_proj,linear,"{""input"": [1, 4096], ""weight_math"": [4096, 512], ""weight_storage"": [512, 4096], ""output"": [1, 512]}",4194304,0,{},4194304,8192,1024,独立 GEMM：权重与输入各读一次、输出写一次的操作数载荷；不预测 tile 重读。
81,v_proj,linear,"{""input"": [1, 4096], ""weight_math"": [4096, 512], ""weight_storage"": [512, 4096], ""output"": [1, 512]}",4194304,0,{},4194304,8192,1024,独立 GEMM：权重与输入各读一次、输出写一次的操作数载荷；不预测 tile 重读。
81,q_norm,normalization,"{""input"": [64, 128], ""weight"": [128], ""output"": [64, 128]}",0,32832,"{""rsqrt"": 64}",256,16384,16384,按 FP32 行内归约的代数计数；rsqrt、类型转换与临时 FP32 张量分列／不推断 HBM spill。
81,k_norm,normalization,"{""input"": [4, 128], ""weight"": [128], ""output"": [4, 128]}",0,2052,"{""rsqrt"": 4}",256,1024,1024,按 FP32 行内归约的代数计数；rsqrt、类型转换与临时 FP32 张量分列／不推断 HBM spill。
81,apply_rope,position,"{""Q"": [1, 64, 1, 128], ""K"": [1, 4, 1, 128]}",0,26112,"{""negate"": 4352}",0,17920,17408,2 multiply + 1 add/元素，rotate_half 符号翻转分列；表按批／头理想复用。
81,kv_append,state,"{""new_K_and_V_each"": [1, 4, 1, 128]}",0,0,{},0,2048,2048,原位／分页 append 载荷；不假定动态 torch.cat 对旧缓存整段复制。
81,qk,attention,"{""Q"": [1, 64, 1, 128], ""K_shared"": [1, 4, 8193, 128], ""scores_rectangular"": [1, 64, 1, 8193]}",134234112,0,{},0,8406016,2097408,FLOPs 仅有效因果位置；载荷是假定 Q/K 各读一次、GQA 头共享，完整分数矩阵物化。
81,score_scale_mask_softmax,softmax,"{""scores"": [1, 64, 1, 8193]}",0,2097344,"{""exp"": 524352, ""compare_max"": 524288, ""mask_decisions"": 524352}",0,2097408,2097408,选择的融合 scale/mask/softmax 代数工作；屏蔽点不计 exp。物化 FP32 默认概率；非具体 eager trace。
81,pv,attention,"{""P"": [1, 64, 1, 8193], ""V_shared"": [1, 4, 8193, 128], ""output"": [1, 64, 1, 128]}",134234112,0,{},0,10487040,16384,PV/AV：各 Q 头仍计算；V 容量不乘 GQA 复制数。载荷假定 V 在头／查询之间理想复用。
81,o_proj,linear,"{""input"": [1, 8192], ""weight_math"": [8192, 4096], ""weight_storage"": [4096, 8192], ""output"": [1, 4096]}",67108864,0,{},67108864,16384,8192,独立 GEMM：权重与输入各读一次、输出写一次的操作数载荷；不预测 tile 重读。
81,attention_residual,residual,"{""inputs_each"": [1, 4096], ""output"": [1, 4096]}",0,4096,{},0,16384,8192,
81,post_attention_layernorm,normalization,"{""input"": [1, 4096], ""weight"": [4096], ""output"": [1, 4096]}",0,16385,"{""rsqrt"": 1}",8192,8192,8192,按 FP32 行内归约的代数计数；rsqrt、类型转换与临时 FP32 张量分列／不推断 HBM spill。
81,router,linear,"{""input"": [1, 4096], ""weight_math"": [4096, 128], ""weight_storage"": [128, 4096], ""output"": [1, 128]}",1048576,0,{},1048576,8192,256,独立 GEMM：权重与输入各读一次、输出写一次的操作数载荷；不预测 tile 重读。
81,router_softmax,routing,"{""input"": [1, 128], ""probabilities_fp32"": [1, 128]}",0,383,"{""exp"": 128, ""compare_max"": 127}",0,256,512,"FP32 softmax: subtract max, exp, reduction, divide; casts are not FLOPs."
81,router_topk,routing,"{""input_fp32"": [1, 128], ""values_fp32"": [1, 8], ""indices_int64"": [1, 8]}",0,0,"{""topk_rows"": 1, ""topk_candidates"": 128}",0,512,96,Top-k is an explicit selection primitive; candidate counts are not comparisons or FLOPs. Backend selection algorithm is unspecified.
81,router_renormalize_cast,routing,"{""selected_probabilities"": [1, 8]}",0,15,{},0,32,16,"Selected probabilities are renormalized if norm_topk_prob, then cast to activation dtype; row reduction assumed on-chip."
81,routing_one_hot,routing_metadata,"{""selected_int64"": [1, 8], ""mask_int64"": [1, 8, 128]}",0,0,"{""one_hot_entries"": 1024}",0,64,8192,Pinned HF reference materializes one_hot int64; this large routing mask is not assumed in optimized dispatch.
81,routing_where,routing_metadata,"{""mask_int64"": [128, 8, 1], ""top_x_and_slot_each"": [8]}",0,0,"{""integer_nonzero_tests"": 1024}",0,8192,128,Scan each expert mask; two int64 coordinates per assignment. Permute is a view.
81,expert_gather,routing,"{""source"": [1, 4096], ""gathered_rows"": [8, 4096]}",0,0,{},0,65600,65536,Logical gathers summed over experts; n_e and each concrete GEMM shape are in expert_matrices.
81,expert_gate_proj,linear,"{""input_per_expert"": [""n_e"", 4096], ""weight_storage_each"": [1536, 4096], ""output_per_expert"": [""n_e"", 1536], ""nonempty_experts"": 8, ""tokens_per_expert"": [1, 1, 1, 1, 1, 1, 1, 1, 0, 0, 0, 0, 0, 0, 0, 0, 0, 0, 0, 0, 0, 0, 0, 0, 0, 0, 0, 0, 0, 0, 0, 0, 0, 0, 0, 0, 0, 0, 0, 0, 0, 0, 0, 0, 0, 0, 0, 0, 0, 0, 0, 0, 0, 0, 0, 0, 0, 0, 0, 0, 0, 0, 0, 0, 0, 0, 0, 0, 0, 0, 0, 0, 0, 0, 0, 0, 0, 0, 0, 0, 0, 0, 0, 0, 0, 0, 0, 0, 0, 0, 0, 0, 0, 0, 0, 0, 0, 0, 0, 0, 0, 0, 0, 0, 0, 0, 0, 0, 0, 0, 0, 0, 0, 0, 0, 0, 0, 0, 0, 0, 0, 0, 0, 0, 0, 0, 0, 0]}",100663296,0,{},100663296,65536,24576,"Sum of unpadded per-expert GEMMs; each visited expert weight read once per layer, not once per token."
81,expert_up_proj,linear,"{""input_per_expert"": [""n_e"", 4096], ""weight_storage_each"": [1536, 4096], ""output_per_expert"": [""n_e"", 1536], ""nonempty_experts"": 8, ""tokens_per_expert"": [1, 1, 1, 1, 1, 1, 1, 1, 0, 0, 0, 0, 0, 0, 0, 0, 0, 0, 0, 0, 0, 0, 0, 0, 0, 0, 0, 0, 0, 0, 0, 0, 0, 0, 0, 0, 0, 0, 0, 0, 0, 0, 0, 0, 0, 0, 0, 0, 0, 0, 0, 0, 0, 0, 0, 0, 0, 0, 0, 0, 0, 0, 0, 0, 0, 0, 0, 0, 0, 0, 0, 0, 0, 0, 0, 0, 0, 0, 0, 0, 0, 0, 0, 0, 0, 0, 0, 0, 0, 0, 0, 0, 0, 0, 0, 0, 0, 0, 0, 0, 0, 0, 0, 0, 0, 0, 0, 0, 0, 0, 0, 0, 0, 0, 0, 0, 0, 0, 0, 0, 0, 0, 0, 0, 0, 0, 0, 0]}",100663296,0,{},100663296,65536,24576,"Sum of unpadded per-expert GEMMs; each visited expert weight read once per layer, not once per token."
81,expert_silu_mul,activation,"{""gate_and_up_each"": [8, 1536]}",0,49152,"{""exp"": 12288, ""negate"": 12288}",0,49152,24576,
81,expert_down_proj,linear,"{""input_per_expert"": [""n_e"", 1536], ""weight_storage_each"": [4096, 1536], ""output_per_expert"": [""n_e"", 4096], ""nonempty_experts"": 8, ""tokens_per_expert"": [1, 1, 1, 1, 1, 1, 1, 1, 0, 0, 0, 0, 0, 0, 0, 0, 0, 0, 0, 0, 0, 0, 0, 0, 0, 0, 0, 0, 0, 0, 0, 0, 0, 0, 0, 0, 0, 0, 0, 0, 0, 0, 0, 0, 0, 0, 0, 0, 0, 0, 0, 0, 0, 0, 0, 0, 0, 0, 0, 0, 0, 0, 0, 0, 0, 0, 0, 0, 0, 0, 0, 0, 0, 0, 0, 0, 0, 0, 0, 0, 0, 0, 0, 0, 0, 0, 0, 0, 0, 0, 0, 0, 0, 0, 0, 0, 0, 0, 0, 0, 0, 0, 0, 0, 0, 0, 0, 0, 0, 0, 0, 0, 0, 0, 0, 0, 0, 0, 0, 0, 0, 0, 0, 0, 0, 0, 0, 0]}",100663296,0,{},100663296,24576,65536,Unpadded per-expert GEMMs; empty experts have zero arithmetic and no weight payload.
81,expert_probability_multiply,routing,"{""expert_outputs"": [8, 4096], ""routing_weights"": [8]}",0,32768,{},0,65680,65536,Probability broadcast reuses one value per assignment; int64 token/slot indices included.
81,expert_output_zero,routing,"{""output"": [1, 4096]}",0,0,{},0,0,8192,Reference initializes final_hidden_states to zero.
81,expert_index_add,routing,"{""weighted_outputs"": [8, 4096], ""combined_output"": [1, 4096]}",0,32768,{},0,131136,65536,"Reference index_add includes the first add into zero; destination read/update per assignment is logical payload, not measured HBM."
81,ffn_residual,residual,"{""inputs_each"": [1, 4096], ""output"": [1, 4096]}",0,4096,{},0,16384,8192,
82,input_layernorm,normalization,"{""input"": [1, 4096], ""weight"": [4096], ""output"": [1, 4096]}",0,16385,"{""rsqrt"": 1}",8192,8192,8192,按 FP32 行内归约的代数计数；rsqrt、类型转换与临时 FP32 张量分列／不推断 HBM spill。
82,q_proj,linear,"{""input"": [1, 4096], ""weight_math"": [4096, 8192], ""weight_storage"": [8192, 4096], ""output"": [1, 8192]}",67108864,0,{},67108864,8192,16384,独立 GEMM：权重与输入各读一次、输出写一次的操作数载荷；不预测 tile 重读。
82,k_proj,linear,"{""input"": [1, 4096], ""weight_math"": [4096, 512], ""weight_storage"": [512, 4096], ""output"": [1, 512]}",4194304,0,{},4194304,8192,1024,独立 GEMM：权重与输入各读一次、输出写一次的操作数载荷；不预测 tile 重读。
82,v_proj,linear,"{""input"": [1, 4096], ""weight_math"": [4096, 512], ""weight_storage"": [512, 4096], ""output"": [1, 512]}",4194304,0,{},4194304,8192,1024,独立 GEMM：权重与输入各读一次、输出写一次的操作数载荷；不预测 tile 重读。
82,q_norm,normalization,"{""input"": [64, 128], ""weight"": [128], ""output"": [64, 128]}",0,32832,"{""rsqrt"": 64}",256,16384,16384,按 FP32 行内归约的代数计数；rsqrt、类型转换与临时 FP32 张量分列／不推断 HBM spill。
82,k_norm,normalization,"{""input"": [4, 128], ""weight"": [128], ""output"": [4, 128]}",0,2052,"{""rsqrt"": 4}",256,1024,1024,按 FP32 行内归约的代数计数；rsqrt、类型转换与临时 FP32 张量分列／不推断 HBM spill。
82,apply_rope,position,"{""Q"": [1, 64, 1, 128], ""K"": [1, 4, 1, 128]}",0,26112,"{""negate"": 4352}",0,17920,17408,2 multiply + 1 add/元素，rotate_half 符号翻转分列；表按批／头理想复用。
82,kv_append,state,"{""new_K_and_V_each"": [1, 4, 1, 128]}",0,0,{},0,2048,2048,原位／分页 append 载荷；不假定动态 torch.cat 对旧缓存整段复制。
82,qk,attention,"{""Q"": [1, 64, 1, 128], ""K_shared"": [1, 4, 8193, 128], ""scores_rectangular"": [1, 64, 1, 8193]}",134234112,0,{},0,8406016,2097408,FLOPs 仅有效因果位置；载荷是假定 Q/K 各读一次、GQA 头共享，完整分数矩阵物化。
82,score_scale_mask_softmax,softmax,"{""scores"": [1, 64, 1, 8193]}",0,2097344,"{""exp"": 524352, ""compare_max"": 524288, ""mask_decisions"": 524352}",0,2097408,2097408,选择的融合 scale/mask/softmax 代数工作；屏蔽点不计 exp。物化 FP32 默认概率；非具体 eager trace。
82,pv,attention,"{""P"": [1, 64, 1, 8193], ""V_shared"": [1, 4, 8193, 128], ""output"": [1, 64, 1, 128]}",134234112,0,{},0,10487040,16384,PV/AV：各 Q 头仍计算；V 容量不乘 GQA 复制数。载荷假定 V 在头／查询之间理想复用。
82,o_proj,linear,"{""input"": [1, 8192], ""weight_math"": [8192, 4096], ""weight_storage"": [4096, 8192], ""output"": [1, 4096]}",67108864,0,{},67108864,16384,8192,独立 GEMM：权重与输入各读一次、输出写一次的操作数载荷；不预测 tile 重读。
82,attention_residual,residual,"{""inputs_each"": [1, 4096], ""output"": [1, 4096]}",0,4096,{},0,16384,8192,
82,post_attention_layernorm,normalization,"{""input"": [1, 4096], ""weight"": [4096], ""output"": [1, 4096]}",0,16385,"{""rsqrt"": 1}",8192,8192,8192,按 FP32 行内归约的代数计数；rsqrt、类型转换与临时 FP32 张量分列／不推断 HBM spill。
82,router,linear,"{""input"": [1, 4096], ""weight_math"": [4096, 128], ""weight_storage"": [128, 4096], ""output"": [1, 128]}",1048576,0,{},1048576,8192,256,独立 GEMM：权重与输入各读一次、输出写一次的操作数载荷；不预测 tile 重读。
82,router_softmax,routing,"{""input"": [1, 128], ""probabilities_fp32"": [1, 128]}",0,383,"{""exp"": 128, ""compare_max"": 127}",0,256,512,"FP32 softmax: subtract max, exp, reduction, divide; casts are not FLOPs."
82,router_topk,routing,"{""input_fp32"": [1, 128], ""values_fp32"": [1, 8], ""indices_int64"": [1, 8]}",0,0,"{""topk_rows"": 1, ""topk_candidates"": 128}",0,512,96,Top-k is an explicit selection primitive; candidate counts are not comparisons or FLOPs. Backend selection algorithm is unspecified.
82,router_renormalize_cast,routing,"{""selected_probabilities"": [1, 8]}",0,15,{},0,32,16,"Selected probabilities are renormalized if norm_topk_prob, then cast to activation dtype; row reduction assumed on-chip."
82,routing_one_hot,routing_metadata,"{""selected_int64"": [1, 8], ""mask_int64"": [1, 8, 128]}",0,0,"{""one_hot_entries"": 1024}",0,64,8192,Pinned HF reference materializes one_hot int64; this large routing mask is not assumed in optimized dispatch.
82,routing_where,routing_metadata,"{""mask_int64"": [128, 8, 1], ""top_x_and_slot_each"": [8]}",0,0,"{""integer_nonzero_tests"": 1024}",0,8192,128,Scan each expert mask; two int64 coordinates per assignment. Permute is a view.
82,expert_gather,routing,"{""source"": [1, 4096], ""gathered_rows"": [8, 4096]}",0,0,{},0,65600,65536,Logical gathers summed over experts; n_e and each concrete GEMM shape are in expert_matrices.
82,expert_gate_proj,linear,"{""input_per_expert"": [""n_e"", 4096], ""weight_storage_each"": [1536, 4096], ""output_per_expert"": [""n_e"", 1536], ""nonempty_experts"": 8, ""tokens_per_expert"": [1, 1, 1, 1, 1, 1, 1, 1, 0, 0, 0, 0, 0, 0, 0, 0, 0, 0, 0, 0, 0, 0, 0, 0, 0, 0, 0, 0, 0, 0, 0, 0, 0, 0, 0, 0, 0, 0, 0, 0, 0, 0, 0, 0, 0, 0, 0, 0, 0, 0, 0, 0, 0, 0, 0, 0, 0, 0, 0, 0, 0, 0, 0, 0, 0, 0, 0, 0, 0, 0, 0, 0, 0, 0, 0, 0, 0, 0, 0, 0, 0, 0, 0, 0, 0, 0, 0, 0, 0, 0, 0, 0, 0, 0, 0, 0, 0, 0, 0, 0, 0, 0, 0, 0, 0, 0, 0, 0, 0, 0, 0, 0, 0, 0, 0, 0, 0, 0, 0, 0, 0, 0, 0, 0, 0, 0, 0, 0]}",100663296,0,{},100663296,65536,24576,"Sum of unpadded per-expert GEMMs; each visited expert weight read once per layer, not once per token."
82,expert_up_proj,linear,"{""input_per_expert"": [""n_e"", 4096], ""weight_storage_each"": [1536, 4096], ""output_per_expert"": [""n_e"", 1536], ""nonempty_experts"": 8, ""tokens_per_expert"": [1, 1, 1, 1, 1, 1, 1, 1, 0, 0, 0, 0, 0, 0, 0, 0, 0, 0, 0, 0, 0, 0, 0, 0, 0, 0, 0, 0, 0, 0, 0, 0, 0, 0, 0, 0, 0, 0, 0, 0, 0, 0, 0, 0, 0, 0, 0, 0, 0, 0, 0, 0, 0, 0, 0, 0, 0, 0, 0, 0, 0, 0, 0, 0, 0, 0, 0, 0, 0, 0, 0, 0, 0, 0, 0, 0, 0, 0, 0, 0, 0, 0, 0, 0, 0, 0, 0, 0, 0, 0, 0, 0, 0, 0, 0, 0, 0, 0, 0, 0, 0, 0, 0, 0, 0, 0, 0, 0, 0, 0, 0, 0, 0, 0, 0, 0, 0, 0, 0, 0, 0, 0, 0, 0, 0, 0, 0, 0]}",100663296,0,{},100663296,65536,24576,"Sum of unpadded per-expert GEMMs; each visited expert weight read once per layer, not once per token."
82,expert_silu_mul,activation,"{""gate_and_up_each"": [8, 1536]}",0,49152,"{""exp"": 12288, ""negate"": 12288}",0,49152,24576,
82,expert_down_proj,linear,"{""input_per_expert"": [""n_e"", 1536], ""weight_storage_each"": [4096, 1536], ""output_per_expert"": [""n_e"", 4096], ""nonempty_experts"": 8, ""tokens_per_expert"": [1, 1, 1, 1, 1, 1, 1, 1, 0, 0, 0, 0, 0, 0, 0, 0, 0, 0, 0, 0, 0, 0, 0, 0, 0, 0, 0, 0, 0, 0, 0, 0, 0, 0, 0, 0, 0, 0, 0, 0, 0, 0, 0, 0, 0, 0, 0, 0, 0, 0, 0, 0, 0, 0, 0, 0, 0, 0, 0, 0, 0, 0, 0, 0, 0, 0, 0, 0, 0, 0, 0, 0, 0, 0, 0, 0, 0, 0, 0, 0, 0, 0, 0, 0, 0, 0, 0, 0, 0, 0, 0, 0, 0, 0, 0, 0, 0, 0, 0, 0, 0, 0, 0, 0, 0, 0, 0, 0, 0, 0, 0, 0, 0, 0, 0, 0, 0, 0, 0, 0, 0, 0, 0, 0, 0, 0, 0, 0]}",100663296,0,{},100663296,24576,65536,Unpadded per-expert GEMMs; empty experts have zero arithmetic and no weight payload.
82,expert_probability_multiply,routing,"{""expert_outputs"": [8, 4096], ""routing_weights"": [8]}",0,32768,{},0,65680,65536,Probability broadcast reuses one value per assignment; int64 token/slot indices included.
82,expert_output_zero,routing,"{""output"": [1, 4096]}",0,0,{},0,0,8192,Reference initializes final_hidden_states to zero.
82,expert_index_add,routing,"{""weighted_outputs"": [8, 4096], ""combined_output"": [1, 4096]}",0,32768,{},0,131136,65536,"Reference index_add includes the first add into zero; destination read/update per assignment is logical payload, not measured HBM."
82,ffn_residual,residual,"{""inputs_each"": [1, 4096], ""output"": [1, 4096]}",0,4096,{},0,16384,8192,
83,input_layernorm,normalization,"{""input"": [1, 4096], ""weight"": [4096], ""output"": [1, 4096]}",0,16385,"{""rsqrt"": 1}",8192,8192,8192,按 FP32 行内归约的代数计数；rsqrt、类型转换与临时 FP32 张量分列／不推断 HBM spill。
83,q_proj,linear,"{""input"": [1, 4096], ""weight_math"": [4096, 8192], ""weight_storage"": [8192, 4096], ""output"": [1, 8192]}",67108864,0,{},67108864,8192,16384,独立 GEMM：权重与输入各读一次、输出写一次的操作数载荷；不预测 tile 重读。
83,k_proj,linear,"{""input"": [1, 4096], ""weight_math"": [4096, 512], ""weight_storage"": [512, 4096], ""output"": [1, 512]}",4194304,0,{},4194304,8192,1024,独立 GEMM：权重与输入各读一次、输出写一次的操作数载荷；不预测 tile 重读。
83,v_proj,linear,"{""input"": [1, 4096], ""weight_math"": [4096, 512], ""weight_storage"": [512, 4096], ""output"": [1, 512]}",4194304,0,{},4194304,8192,1024,独立 GEMM：权重与输入各读一次、输出写一次的操作数载荷；不预测 tile 重读。
83,q_norm,normalization,"{""input"": [64, 128], ""weight"": [128], ""output"": [64, 128]}",0,32832,"{""rsqrt"": 64}",256,16384,16384,按 FP32 行内归约的代数计数；rsqrt、类型转换与临时 FP32 张量分列／不推断 HBM spill。
83,k_norm,normalization,"{""input"": [4, 128], ""weight"": [128], ""output"": [4, 128]}",0,2052,"{""rsqrt"": 4}",256,1024,1024,按 FP32 行内归约的代数计数；rsqrt、类型转换与临时 FP32 张量分列／不推断 HBM spill。
83,apply_rope,position,"{""Q"": [1, 64, 1, 128], ""K"": [1, 4, 1, 128]}",0,26112,"{""negate"": 4352}",0,17920,17408,2 multiply + 1 add/元素，rotate_half 符号翻转分列；表按批／头理想复用。
83,kv_append,state,"{""new_K_and_V_each"": [1, 4, 1, 128]}",0,0,{},0,2048,2048,原位／分页 append 载荷；不假定动态 torch.cat 对旧缓存整段复制。
83,qk,attention,"{""Q"": [1, 64, 1, 128], ""K_shared"": [1, 4, 8193, 128], ""scores_rectangular"": [1, 64, 1, 8193]}",134234112,0,{},0,8406016,2097408,FLOPs 仅有效因果位置；载荷是假定 Q/K 各读一次、GQA 头共享，完整分数矩阵物化。
83,score_scale_mask_softmax,softmax,"{""scores"": [1, 64, 1, 8193]}",0,2097344,"{""exp"": 524352, ""compare_max"": 524288, ""mask_decisions"": 524352}",0,2097408,2097408,选择的融合 scale/mask/softmax 代数工作；屏蔽点不计 exp。物化 FP32 默认概率；非具体 eager trace。
83,pv,attention,"{""P"": [1, 64, 1, 8193], ""V_shared"": [1, 4, 8193, 128], ""output"": [1, 64, 1, 128]}",134234112,0,{},0,10487040,16384,PV/AV：各 Q 头仍计算；V 容量不乘 GQA 复制数。载荷假定 V 在头／查询之间理想复用。
83,o_proj,linear,"{""input"": [1, 8192], ""weight_math"": [8192, 4096], ""weight_storage"": [4096, 8192], ""output"": [1, 4096]}",67108864,0,{},67108864,16384,8192,独立 GEMM：权重与输入各读一次、输出写一次的操作数载荷；不预测 tile 重读。
83,attention_residual,residual,"{""inputs_each"": [1, 4096], ""output"": [1, 4096]}",0,4096,{},0,16384,8192,
83,post_attention_layernorm,normalization,"{""input"": [1, 4096], ""weight"": [4096], ""output"": [1, 4096]}",0,16385,"{""rsqrt"": 1}",8192,8192,8192,按 FP32 行内归约的代数计数；rsqrt、类型转换与临时 FP32 张量分列／不推断 HBM spill。
83,router,linear,"{""input"": [1, 4096], ""weight_math"": [4096, 128], ""weight_storage"": [128, 4096], ""output"": [1, 128]}",1048576,0,{},1048576,8192,256,独立 GEMM：权重与输入各读一次、输出写一次的操作数载荷；不预测 tile 重读。
83,router_softmax,routing,"{""input"": [1, 128], ""probabilities_fp32"": [1, 128]}",0,383,"{""exp"": 128, ""compare_max"": 127}",0,256,512,"FP32 softmax: subtract max, exp, reduction, divide; casts are not FLOPs."
83,router_topk,routing,"{""input_fp32"": [1, 128], ""values_fp32"": [1, 8], ""indices_int64"": [1, 8]}",0,0,"{""topk_rows"": 1, ""topk_candidates"": 128}",0,512,96,Top-k is an explicit selection primitive; candidate counts are not comparisons or FLOPs. Backend selection algorithm is unspecified.
83,router_renormalize_cast,routing,"{""selected_probabilities"": [1, 8]}",0,15,{},0,32,16,"Selected probabilities are renormalized if norm_topk_prob, then cast to activation dtype; row reduction assumed on-chip."
83,routing_one_hot,routing_metadata,"{""selected_int64"": [1, 8], ""mask_int64"": [1, 8, 128]}",0,0,"{""one_hot_entries"": 1024}",0,64,8192,Pinned HF reference materializes one_hot int64; this large routing mask is not assumed in optimized dispatch.
83,routing_where,routing_metadata,"{""mask_int64"": [128, 8, 1], ""top_x_and_slot_each"": [8]}",0,0,"{""integer_nonzero_tests"": 1024}",0,8192,128,Scan each expert mask; two int64 coordinates per assignment. Permute is a view.
83,expert_gather,routing,"{""source"": [1, 4096], ""gathered_rows"": [8, 4096]}",0,0,{},0,65600,65536,Logical gathers summed over experts; n_e and each concrete GEMM shape are in expert_matrices.
83,expert_gate_proj,linear,"{""input_per_expert"": [""n_e"", 4096], ""weight_storage_each"": [1536, 4096], ""output_per_expert"": [""n_e"", 1536], ""nonempty_experts"": 8, ""tokens_per_expert"": [1, 1, 1, 1, 1, 1, 1, 1, 0, 0, 0, 0, 0, 0, 0, 0, 0, 0, 0, 0, 0, 0, 0, 0, 0, 0, 0, 0, 0, 0, 0, 0, 0, 0, 0, 0, 0, 0, 0, 0, 0, 0, 0, 0, 0, 0, 0, 0, 0, 0, 0, 0, 0, 0, 0, 0, 0, 0, 0, 0, 0, 0, 0, 0, 0, 0, 0, 0, 0, 0, 0, 0, 0, 0, 0, 0, 0, 0, 0, 0, 0, 0, 0, 0, 0, 0, 0, 0, 0, 0, 0, 0, 0, 0, 0, 0, 0, 0, 0, 0, 0, 0, 0, 0, 0, 0, 0, 0, 0, 0, 0, 0, 0, 0, 0, 0, 0, 0, 0, 0, 0, 0, 0, 0, 0, 0, 0, 0]}",100663296,0,{},100663296,65536,24576,"Sum of unpadded per-expert GEMMs; each visited expert weight read once per layer, not once per token."
83,expert_up_proj,linear,"{""input_per_expert"": [""n_e"", 4096], ""weight_storage_each"": [1536, 4096], ""output_per_expert"": [""n_e"", 1536], ""nonempty_experts"": 8, ""tokens_per_expert"": [1, 1, 1, 1, 1, 1, 1, 1, 0, 0, 0, 0, 0, 0, 0, 0, 0, 0, 0, 0, 0, 0, 0, 0, 0, 0, 0, 0, 0, 0, 0, 0, 0, 0, 0, 0, 0, 0, 0, 0, 0, 0, 0, 0, 0, 0, 0, 0, 0, 0, 0, 0, 0, 0, 0, 0, 0, 0, 0, 0, 0, 0, 0, 0, 0, 0, 0, 0, 0, 0, 0, 0, 0, 0, 0, 0, 0, 0, 0, 0, 0, 0, 0, 0, 0, 0, 0, 0, 0, 0, 0, 0, 0, 0, 0, 0, 0, 0, 0, 0, 0, 0, 0, 0, 0, 0, 0, 0, 0, 0, 0, 0, 0, 0, 0, 0, 0, 0, 0, 0, 0, 0, 0, 0, 0, 0, 0, 0]}",100663296,0,{},100663296,65536,24576,"Sum of unpadded per-expert GEMMs; each visited expert weight read once per layer, not once per token."
83,expert_silu_mul,activation,"{""gate_and_up_each"": [8, 1536]}",0,49152,"{""exp"": 12288, ""negate"": 12288}",0,49152,24576,
83,expert_down_proj,linear,"{""input_per_expert"": [""n_e"", 1536], ""weight_storage_each"": [4096, 1536], ""output_per_expert"": [""n_e"", 4096], ""nonempty_experts"": 8, ""tokens_per_expert"": [1, 1, 1, 1, 1, 1, 1, 1, 0, 0, 0, 0, 0, 0, 0, 0, 0, 0, 0, 0, 0, 0, 0, 0, 0, 0, 0, 0, 0, 0, 0, 0, 0, 0, 0, 0, 0, 0, 0, 0, 0, 0, 0, 0, 0, 0, 0, 0, 0, 0, 0, 0, 0, 0, 0, 0, 0, 0, 0, 0, 0, 0, 0, 0, 0, 0, 0, 0, 0, 0, 0, 0, 0, 0, 0, 0, 0, 0, 0, 0, 0, 0, 0, 0, 0, 0, 0, 0, 0, 0, 0, 0, 0, 0, 0, 0, 0, 0, 0, 0, 0, 0, 0, 0, 0, 0, 0, 0, 0, 0, 0, 0, 0, 0, 0, 0, 0, 0, 0, 0, 0, 0, 0, 0, 0, 0, 0, 0]}",100663296,0,{},100663296,24576,65536,Unpadded per-expert GEMMs; empty experts have zero arithmetic and no weight payload.
83,expert_probability_multiply,routing,"{""expert_outputs"": [8, 4096], ""routing_weights"": [8]}",0,32768,{},0,65680,65536,Probability broadcast reuses one value per assignment; int64 token/slot indices included.
83,expert_output_zero,routing,"{""output"": [1, 4096]}",0,0,{},0,0,8192,Reference initializes final_hidden_states to zero.
83,expert_index_add,routing,"{""weighted_outputs"": [8, 4096], ""combined_output"": [1, 4096]}",0,32768,{},0,131136,65536,"Reference index_add includes the first add into zero; destination read/update per assignment is logical payload, not measured HBM."
83,ffn_residual,residual,"{""inputs_each"": [1, 4096], ""output"": [1, 4096]}",0,4096,{},0,16384,8192,
84,input_layernorm,normalization,"{""input"": [1, 4096], ""weight"": [4096], ""output"": [1, 4096]}",0,16385,"{""rsqrt"": 1}",8192,8192,8192,按 FP32 行内归约的代数计数；rsqrt、类型转换与临时 FP32 张量分列／不推断 HBM spill。
84,q_proj,linear,"{""input"": [1, 4096], ""weight_math"": [4096, 8192], ""weight_storage"": [8192, 4096], ""output"": [1, 8192]}",67108864,0,{},67108864,8192,16384,独立 GEMM：权重与输入各读一次、输出写一次的操作数载荷；不预测 tile 重读。
84,k_proj,linear,"{""input"": [1, 4096], ""weight_math"": [4096, 512], ""weight_storage"": [512, 4096], ""output"": [1, 512]}",4194304,0,{},4194304,8192,1024,独立 GEMM：权重与输入各读一次、输出写一次的操作数载荷；不预测 tile 重读。
84,v_proj,linear,"{""input"": [1, 4096], ""weight_math"": [4096, 512], ""weight_storage"": [512, 4096], ""output"": [1, 512]}",4194304,0,{},4194304,8192,1024,独立 GEMM：权重与输入各读一次、输出写一次的操作数载荷；不预测 tile 重读。
84,q_norm,normalization,"{""input"": [64, 128], ""weight"": [128], ""output"": [64, 128]}",0,32832,"{""rsqrt"": 64}",256,16384,16384,按 FP32 行内归约的代数计数；rsqrt、类型转换与临时 FP32 张量分列／不推断 HBM spill。
84,k_norm,normalization,"{""input"": [4, 128], ""weight"": [128], ""output"": [4, 128]}",0,2052,"{""rsqrt"": 4}",256,1024,1024,按 FP32 行内归约的代数计数；rsqrt、类型转换与临时 FP32 张量分列／不推断 HBM spill。
84,apply_rope,position,"{""Q"": [1, 64, 1, 128], ""K"": [1, 4, 1, 128]}",0,26112,"{""negate"": 4352}",0,17920,17408,2 multiply + 1 add/元素，rotate_half 符号翻转分列；表按批／头理想复用。
84,kv_append,state,"{""new_K_and_V_each"": [1, 4, 1, 128]}",0,0,{},0,2048,2048,原位／分页 append 载荷；不假定动态 torch.cat 对旧缓存整段复制。
84,qk,attention,"{""Q"": [1, 64, 1, 128], ""K_shared"": [1, 4, 8193, 128], ""scores_rectangular"": [1, 64, 1, 8193]}",134234112,0,{},0,8406016,2097408,FLOPs 仅有效因果位置；载荷是假定 Q/K 各读一次、GQA 头共享，完整分数矩阵物化。
84,score_scale_mask_softmax,softmax,"{""scores"": [1, 64, 1, 8193]}",0,2097344,"{""exp"": 524352, ""compare_max"": 524288, ""mask_decisions"": 524352}",0,2097408,2097408,选择的融合 scale/mask/softmax 代数工作；屏蔽点不计 exp。物化 FP32 默认概率；非具体 eager trace。
84,pv,attention,"{""P"": [1, 64, 1, 8193], ""V_shared"": [1, 4, 8193, 128], ""output"": [1, 64, 1, 128]}",134234112,0,{},0,10487040,16384,PV/AV：各 Q 头仍计算；V 容量不乘 GQA 复制数。载荷假定 V 在头／查询之间理想复用。
84,o_proj,linear,"{""input"": [1, 8192], ""weight_math"": [8192, 4096], ""weight_storage"": [4096, 8192], ""output"": [1, 4096]}",67108864,0,{},67108864,16384,8192,独立 GEMM：权重与输入各读一次、输出写一次的操作数载荷；不预测 tile 重读。
84,attention_residual,residual,"{""inputs_each"": [1, 4096], ""output"": [1, 4096]}",0,4096,{},0,16384,8192,
84,post_attention_layernorm,normalization,"{""input"": [1, 4096], ""weight"": [4096], ""output"": [1, 4096]}",0,16385,"{""rsqrt"": 1}",8192,8192,8192,按 FP32 行内归约的代数计数；rsqrt、类型转换与临时 FP32 张量分列／不推断 HBM spill。
84,router,linear,"{""input"": [1, 4096], ""weight_math"": [4096, 128], ""weight_storage"": [128, 4096], ""output"": [1, 128]}",1048576,0,{},1048576,8192,256,独立 GEMM：权重与输入各读一次、输出写一次的操作数载荷；不预测 tile 重读。
84,router_softmax,routing,"{""input"": [1, 128], ""probabilities_fp32"": [1, 128]}",0,383,"{""exp"": 128, ""compare_max"": 127}",0,256,512,"FP32 softmax: subtract max, exp, reduction, divide; casts are not FLOPs."
84,router_topk,routing,"{""input_fp32"": [1, 128], ""values_fp32"": [1, 8], ""indices_int64"": [1, 8]}",0,0,"{""topk_rows"": 1, ""topk_candidates"": 128}",0,512,96,Top-k is an explicit selection primitive; candidate counts are not comparisons or FLOPs. Backend selection algorithm is unspecified.
84,router_renormalize_cast,routing,"{""selected_probabilities"": [1, 8]}",0,15,{},0,32,16,"Selected probabilities are renormalized if norm_topk_prob, then cast to activation dtype; row reduction assumed on-chip."
84,routing_one_hot,routing_metadata,"{""selected_int64"": [1, 8], ""mask_int64"": [1, 8, 128]}",0,0,"{""one_hot_entries"": 1024}",0,64,8192,Pinned HF reference materializes one_hot int64; this large routing mask is not assumed in optimized dispatch.
84,routing_where,routing_metadata,"{""mask_int64"": [128, 8, 1], ""top_x_and_slot_each"": [8]}",0,0,"{""integer_nonzero_tests"": 1024}",0,8192,128,Scan each expert mask; two int64 coordinates per assignment. Permute is a view.
84,expert_gather,routing,"{""source"": [1, 4096], ""gathered_rows"": [8, 4096]}",0,0,{},0,65600,65536,Logical gathers summed over experts; n_e and each concrete GEMM shape are in expert_matrices.
84,expert_gate_proj,linear,"{""input_per_expert"": [""n_e"", 4096], ""weight_storage_each"": [1536, 4096], ""output_per_expert"": [""n_e"", 1536], ""nonempty_experts"": 8, ""tokens_per_expert"": [1, 1, 1, 1, 1, 1, 1, 1, 0, 0, 0, 0, 0, 0, 0, 0, 0, 0, 0, 0, 0, 0, 0, 0, 0, 0, 0, 0, 0, 0, 0, 0, 0, 0, 0, 0, 0, 0, 0, 0, 0, 0, 0, 0, 0, 0, 0, 0, 0, 0, 0, 0, 0, 0, 0, 0, 0, 0, 0, 0, 0, 0, 0, 0, 0, 0, 0, 0, 0, 0, 0, 0, 0, 0, 0, 0, 0, 0, 0, 0, 0, 0, 0, 0, 0, 0, 0, 0, 0, 0, 0, 0, 0, 0, 0, 0, 0, 0, 0, 0, 0, 0, 0, 0, 0, 0, 0, 0, 0, 0, 0, 0, 0, 0, 0, 0, 0, 0, 0, 0, 0, 0, 0, 0, 0, 0, 0, 0]}",100663296,0,{},100663296,65536,24576,"Sum of unpadded per-expert GEMMs; each visited expert weight read once per layer, not once per token."
84,expert_up_proj,linear,"{""input_per_expert"": [""n_e"", 4096], ""weight_storage_each"": [1536, 4096], ""output_per_expert"": [""n_e"", 1536], ""nonempty_experts"": 8, ""tokens_per_expert"": [1, 1, 1, 1, 1, 1, 1, 1, 0, 0, 0, 0, 0, 0, 0, 0, 0, 0, 0, 0, 0, 0, 0, 0, 0, 0, 0, 0, 0, 0, 0, 0, 0, 0, 0, 0, 0, 0, 0, 0, 0, 0, 0, 0, 0, 0, 0, 0, 0, 0, 0, 0, 0, 0, 0, 0, 0, 0, 0, 0, 0, 0, 0, 0, 0, 0, 0, 0, 0, 0, 0, 0, 0, 0, 0, 0, 0, 0, 0, 0, 0, 0, 0, 0, 0, 0, 0, 0, 0, 0, 0, 0, 0, 0, 0, 0, 0, 0, 0, 0, 0, 0, 0, 0, 0, 0, 0, 0, 0, 0, 0, 0, 0, 0, 0, 0, 0, 0, 0, 0, 0, 0, 0, 0, 0, 0, 0, 0]}",100663296,0,{},100663296,65536,24576,"Sum of unpadded per-expert GEMMs; each visited expert weight read once per layer, not once per token."
84,expert_silu_mul,activation,"{""gate_and_up_each"": [8, 1536]}",0,49152,"{""exp"": 12288, ""negate"": 12288}",0,49152,24576,
84,expert_down_proj,linear,"{""input_per_expert"": [""n_e"", 1536], ""weight_storage_each"": [4096, 1536], ""output_per_expert"": [""n_e"", 4096], ""nonempty_experts"": 8, ""tokens_per_expert"": [1, 1, 1, 1, 1, 1, 1, 1, 0, 0, 0, 0, 0, 0, 0, 0, 0, 0, 0, 0, 0, 0, 0, 0, 0, 0, 0, 0, 0, 0, 0, 0, 0, 0, 0, 0, 0, 0, 0, 0, 0, 0, 0, 0, 0, 0, 0, 0, 0, 0, 0, 0, 0, 0, 0, 0, 0, 0, 0, 0, 0, 0, 0, 0, 0, 0, 0, 0, 0, 0, 0, 0, 0, 0, 0, 0, 0, 0, 0, 0, 0, 0, 0, 0, 0, 0, 0, 0, 0, 0, 0, 0, 0, 0, 0, 0, 0, 0, 0, 0, 0, 0, 0, 0, 0, 0, 0, 0, 0, 0, 0, 0, 0, 0, 0, 0, 0, 0, 0, 0, 0, 0, 0, 0, 0, 0, 0, 0]}",100663296,0,{},100663296,24576,65536,Unpadded per-expert GEMMs; empty experts have zero arithmetic and no weight payload.
84,expert_probability_multiply,routing,"{""expert_outputs"": [8, 4096], ""routing_weights"": [8]}",0,32768,{},0,65680,65536,Probability broadcast reuses one value per assignment; int64 token/slot indices included.
84,expert_output_zero,routing,"{""output"": [1, 4096]}",0,0,{},0,0,8192,Reference initializes final_hidden_states to zero.
84,expert_index_add,routing,"{""weighted_outputs"": [8, 4096], ""combined_output"": [1, 4096]}",0,32768,{},0,131136,65536,"Reference index_add includes the first add into zero; destination read/update per assignment is logical payload, not measured HBM."
84,ffn_residual,residual,"{""inputs_each"": [1, 4096], ""output"": [1, 4096]}",0,4096,{},0,16384,8192,
85,input_layernorm,normalization,"{""input"": [1, 4096], ""weight"": [4096], ""output"": [1, 4096]}",0,16385,"{""rsqrt"": 1}",8192,8192,8192,按 FP32 行内归约的代数计数；rsqrt、类型转换与临时 FP32 张量分列／不推断 HBM spill。
85,q_proj,linear,"{""input"": [1, 4096], ""weight_math"": [4096, 8192], ""weight_storage"": [8192, 4096], ""output"": [1, 8192]}",67108864,0,{},67108864,8192,16384,独立 GEMM：权重与输入各读一次、输出写一次的操作数载荷；不预测 tile 重读。
85,k_proj,linear,"{""input"": [1, 4096], ""weight_math"": [4096, 512], ""weight_storage"": [512, 4096], ""output"": [1, 512]}",4194304,0,{},4194304,8192,1024,独立 GEMM：权重与输入各读一次、输出写一次的操作数载荷；不预测 tile 重读。
85,v_proj,linear,"{""input"": [1, 4096], ""weight_math"": [4096, 512], ""weight_storage"": [512, 4096], ""output"": [1, 512]}",4194304,0,{},4194304,8192,1024,独立 GEMM：权重与输入各读一次、输出写一次的操作数载荷；不预测 tile 重读。
85,q_norm,normalization,"{""input"": [64, 128], ""weight"": [128], ""output"": [64, 128]}",0,32832,"{""rsqrt"": 64}",256,16384,16384,按 FP32 行内归约的代数计数；rsqrt、类型转换与临时 FP32 张量分列／不推断 HBM spill。
85,k_norm,normalization,"{""input"": [4, 128], ""weight"": [128], ""output"": [4, 128]}",0,2052,"{""rsqrt"": 4}",256,1024,1024,按 FP32 行内归约的代数计数；rsqrt、类型转换与临时 FP32 张量分列／不推断 HBM spill。
85,apply_rope,position,"{""Q"": [1, 64, 1, 128], ""K"": [1, 4, 1, 128]}",0,26112,"{""negate"": 4352}",0,17920,17408,2 multiply + 1 add/元素，rotate_half 符号翻转分列；表按批／头理想复用。
85,kv_append,state,"{""new_K_and_V_each"": [1, 4, 1, 128]}",0,0,{},0,2048,2048,原位／分页 append 载荷；不假定动态 torch.cat 对旧缓存整段复制。
85,qk,attention,"{""Q"": [1, 64, 1, 128], ""K_shared"": [1, 4, 8193, 128], ""scores_rectangular"": [1, 64, 1, 8193]}",134234112,0,{},0,8406016,2097408,FLOPs 仅有效因果位置；载荷是假定 Q/K 各读一次、GQA 头共享，完整分数矩阵物化。
85,score_scale_mask_softmax,softmax,"{""scores"": [1, 64, 1, 8193]}",0,2097344,"{""exp"": 524352, ""compare_max"": 524288, ""mask_decisions"": 524352}",0,2097408,2097408,选择的融合 scale/mask/softmax 代数工作；屏蔽点不计 exp。物化 FP32 默认概率；非具体 eager trace。
85,pv,attention,"{""P"": [1, 64, 1, 8193], ""V_shared"": [1, 4, 8193, 128], ""output"": [1, 64, 1, 128]}",134234112,0,{},0,10487040,16384,PV/AV：各 Q 头仍计算；V 容量不乘 GQA 复制数。载荷假定 V 在头／查询之间理想复用。
85,o_proj,linear,"{""input"": [1, 8192], ""weight_math"": [8192, 4096], ""weight_storage"": [4096, 8192], ""output"": [1, 4096]}",67108864,0,{},67108864,16384,8192,独立 GEMM：权重与输入各读一次、输出写一次的操作数载荷；不预测 tile 重读。
85,attention_residual,residual,"{""inputs_each"": [1, 4096], ""output"": [1, 4096]}",0,4096,{},0,16384,8192,
85,post_attention_layernorm,normalization,"{""input"": [1, 4096], ""weight"": [4096], ""output"": [1, 4096]}",0,16385,"{""rsqrt"": 1}",8192,8192,8192,按 FP32 行内归约的代数计数；rsqrt、类型转换与临时 FP32 张量分列／不推断 HBM spill。
85,router,linear,"{""input"": [1, 4096], ""weight_math"": [4096, 128], ""weight_storage"": [128, 4096], ""output"": [1, 128]}",1048576,0,{},1048576,8192,256,独立 GEMM：权重与输入各读一次、输出写一次的操作数载荷；不预测 tile 重读。
85,router_softmax,routing,"{""input"": [1, 128], ""probabilities_fp32"": [1, 128]}",0,383,"{""exp"": 128, ""compare_max"": 127}",0,256,512,"FP32 softmax: subtract max, exp, reduction, divide; casts are not FLOPs."
85,router_topk,routing,"{""input_fp32"": [1, 128], ""values_fp32"": [1, 8], ""indices_int64"": [1, 8]}",0,0,"{""topk_rows"": 1, ""topk_candidates"": 128}",0,512,96,Top-k is an explicit selection primitive; candidate counts are not comparisons or FLOPs. Backend selection algorithm is unspecified.
85,router_renormalize_cast,routing,"{""selected_probabilities"": [1, 8]}",0,15,{},0,32,16,"Selected probabilities are renormalized if norm_topk_prob, then cast to activation dtype; row reduction assumed on-chip."
85,routing_one_hot,routing_metadata,"{""selected_int64"": [1, 8], ""mask_int64"": [1, 8, 128]}",0,0,"{""one_hot_entries"": 1024}",0,64,8192,Pinned HF reference materializes one_hot int64; this large routing mask is not assumed in optimized dispatch.
85,routing_where,routing_metadata,"{""mask_int64"": [128, 8, 1], ""top_x_and_slot_each"": [8]}",0,0,"{""integer_nonzero_tests"": 1024}",0,8192,128,Scan each expert mask; two int64 coordinates per assignment. Permute is a view.
85,expert_gather,routing,"{""source"": [1, 4096], ""gathered_rows"": [8, 4096]}",0,0,{},0,65600,65536,Logical gathers summed over experts; n_e and each concrete GEMM shape are in expert_matrices.
85,expert_gate_proj,linear,"{""input_per_expert"": [""n_e"", 4096], ""weight_storage_each"": [1536, 4096], ""output_per_expert"": [""n_e"", 1536], ""nonempty_experts"": 8, ""tokens_per_expert"": [1, 1, 1, 1, 1, 1, 1, 1, 0, 0, 0, 0, 0, 0, 0, 0, 0, 0, 0, 0, 0, 0, 0, 0, 0, 0, 0, 0, 0, 0, 0, 0, 0, 0, 0, 0, 0, 0, 0, 0, 0, 0, 0, 0, 0, 0, 0, 0, 0, 0, 0, 0, 0, 0, 0, 0, 0, 0, 0, 0, 0, 0, 0, 0, 0, 0, 0, 0, 0, 0, 0, 0, 0, 0, 0, 0, 0, 0, 0, 0, 0, 0, 0, 0, 0, 0, 0, 0, 0, 0, 0, 0, 0, 0, 0, 0, 0, 0, 0, 0, 0, 0, 0, 0, 0, 0, 0, 0, 0, 0, 0, 0, 0, 0, 0, 0, 0, 0, 0, 0, 0, 0, 0, 0, 0, 0, 0, 0]}",100663296,0,{},100663296,65536,24576,"Sum of unpadded per-expert GEMMs; each visited expert weight read once per layer, not once per token."
85,expert_up_proj,linear,"{""input_per_expert"": [""n_e"", 4096], ""weight_storage_each"": [1536, 4096], ""output_per_expert"": [""n_e"", 1536], ""nonempty_experts"": 8, ""tokens_per_expert"": [1, 1, 1, 1, 1, 1, 1, 1, 0, 0, 0, 0, 0, 0, 0, 0, 0, 0, 0, 0, 0, 0, 0, 0, 0, 0, 0, 0, 0, 0, 0, 0, 0, 0, 0, 0, 0, 0, 0, 0, 0, 0, 0, 0, 0, 0, 0, 0, 0, 0, 0, 0, 0, 0, 0, 0, 0, 0, 0, 0, 0, 0, 0, 0, 0, 0, 0, 0, 0, 0, 0, 0, 0, 0, 0, 0, 0, 0, 0, 0, 0, 0, 0, 0, 0, 0, 0, 0, 0, 0, 0, 0, 0, 0, 0, 0, 0, 0, 0, 0, 0, 0, 0, 0, 0, 0, 0, 0, 0, 0, 0, 0, 0, 0, 0, 0, 0, 0, 0, 0, 0, 0, 0, 0, 0, 0, 0, 0]}",100663296,0,{},100663296,65536,24576,"Sum of unpadded per-expert GEMMs; each visited expert weight read once per layer, not once per token."
85,expert_silu_mul,activation,"{""gate_and_up_each"": [8, 1536]}",0,49152,"{""exp"": 12288, ""negate"": 12288}",0,49152,24576,
85,expert_down_proj,linear,"{""input_per_expert"": [""n_e"", 1536], ""weight_storage_each"": [4096, 1536], ""output_per_expert"": [""n_e"", 4096], ""nonempty_experts"": 8, ""tokens_per_expert"": [1, 1, 1, 1, 1, 1, 1, 1, 0, 0, 0, 0, 0, 0, 0, 0, 0, 0, 0, 0, 0, 0, 0, 0, 0, 0, 0, 0, 0, 0, 0, 0, 0, 0, 0, 0, 0, 0, 0, 0, 0, 0, 0, 0, 0, 0, 0, 0, 0, 0, 0, 0, 0, 0, 0, 0, 0, 0, 0, 0, 0, 0, 0, 0, 0, 0, 0, 0, 0, 0, 0, 0, 0, 0, 0, 0, 0, 0, 0, 0, 0, 0, 0, 0, 0, 0, 0, 0, 0, 0, 0, 0, 0, 0, 0, 0, 0, 0, 0, 0, 0, 0, 0, 0, 0, 0, 0, 0, 0, 0, 0, 0, 0, 0, 0, 0, 0, 0, 0, 0, 0, 0, 0, 0, 0, 0, 0, 0]}",100663296,0,{},100663296,24576,65536,Unpadded per-expert GEMMs; empty experts have zero arithmetic and no weight payload.
85,expert_probability_multiply,routing,"{""expert_outputs"": [8, 4096], ""routing_weights"": [8]}",0,32768,{},0,65680,65536,Probability broadcast reuses one value per assignment; int64 token/slot indices included.
85,expert_output_zero,routing,"{""output"": [1, 4096]}",0,0,{},0,0,8192,Reference initializes final_hidden_states to zero.
85,expert_index_add,routing,"{""weighted_outputs"": [8, 4096], ""combined_output"": [1, 4096]}",0,32768,{},0,131136,65536,"Reference index_add includes the first add into zero; destination read/update per assignment is logical payload, not measured HBM."
85,ffn_residual,residual,"{""inputs_each"": [1, 4096], ""output"": [1, 4096]}",0,4096,{},0,16384,8192,
86,input_layernorm,normalization,"{""input"": [1, 4096], ""weight"": [4096], ""output"": [1, 4096]}",0,16385,"{""rsqrt"": 1}",8192,8192,8192,按 FP32 行内归约的代数计数；rsqrt、类型转换与临时 FP32 张量分列／不推断 HBM spill。
86,q_proj,linear,"{""input"": [1, 4096], ""weight_math"": [4096, 8192], ""weight_storage"": [8192, 4096], ""output"": [1, 8192]}",67108864,0,{},67108864,8192,16384,独立 GEMM：权重与输入各读一次、输出写一次的操作数载荷；不预测 tile 重读。
86,k_proj,linear,"{""input"": [1, 4096], ""weight_math"": [4096, 512], ""weight_storage"": [512, 4096], ""output"": [1, 512]}",4194304,0,{},4194304,8192,1024,独立 GEMM：权重与输入各读一次、输出写一次的操作数载荷；不预测 tile 重读。
86,v_proj,linear,"{""input"": [1, 4096], ""weight_math"": [4096, 512], ""weight_storage"": [512, 4096], ""output"": [1, 512]}",4194304,0,{},4194304,8192,1024,独立 GEMM：权重与输入各读一次、输出写一次的操作数载荷；不预测 tile 重读。
86,q_norm,normalization,"{""input"": [64, 128], ""weight"": [128], ""output"": [64, 128]}",0,32832,"{""rsqrt"": 64}",256,16384,16384,按 FP32 行内归约的代数计数；rsqrt、类型转换与临时 FP32 张量分列／不推断 HBM spill。
86,k_norm,normalization,"{""input"": [4, 128], ""weight"": [128], ""output"": [4, 128]}",0,2052,"{""rsqrt"": 4}",256,1024,1024,按 FP32 行内归约的代数计数；rsqrt、类型转换与临时 FP32 张量分列／不推断 HBM spill。
86,apply_rope,position,"{""Q"": [1, 64, 1, 128], ""K"": [1, 4, 1, 128]}",0,26112,"{""negate"": 4352}",0,17920,17408,2 multiply + 1 add/元素，rotate_half 符号翻转分列；表按批／头理想复用。
86,kv_append,state,"{""new_K_and_V_each"": [1, 4, 1, 128]}",0,0,{},0,2048,2048,原位／分页 append 载荷；不假定动态 torch.cat 对旧缓存整段复制。
86,qk,attention,"{""Q"": [1, 64, 1, 128], ""K_shared"": [1, 4, 8193, 128], ""scores_rectangular"": [1, 64, 1, 8193]}",134234112,0,{},0,8406016,2097408,FLOPs 仅有效因果位置；载荷是假定 Q/K 各读一次、GQA 头共享，完整分数矩阵物化。
86,score_scale_mask_softmax,softmax,"{""scores"": [1, 64, 1, 8193]}",0,2097344,"{""exp"": 524352, ""compare_max"": 524288, ""mask_decisions"": 524352}",0,2097408,2097408,选择的融合 scale/mask/softmax 代数工作；屏蔽点不计 exp。物化 FP32 默认概率；非具体 eager trace。
86,pv,attention,"{""P"": [1, 64, 1, 8193], ""V_shared"": [1, 4, 8193, 128], ""output"": [1, 64, 1, 128]}",134234112,0,{},0,10487040,16384,PV/AV：各 Q 头仍计算；V 容量不乘 GQA 复制数。载荷假定 V 在头／查询之间理想复用。
86,o_proj,linear,"{""input"": [1, 8192], ""weight_math"": [8192, 4096], ""weight_storage"": [4096, 8192], ""output"": [1, 4096]}",67108864,0,{},67108864,16384,8192,独立 GEMM：权重与输入各读一次、输出写一次的操作数载荷；不预测 tile 重读。
86,attention_residual,residual,"{""inputs_each"": [1, 4096], ""output"": [1, 4096]}",0,4096,{},0,16384,8192,
86,post_attention_layernorm,normalization,"{""input"": [1, 4096], ""weight"": [4096], ""output"": [1, 4096]}",0,16385,"{""rsqrt"": 1}",8192,8192,8192,按 FP32 行内归约的代数计数；rsqrt、类型转换与临时 FP32 张量分列／不推断 HBM spill。
86,router,linear,"{""input"": [1, 4096], ""weight_math"": [4096, 128], ""weight_storage"": [128, 4096], ""output"": [1, 128]}",1048576,0,{},1048576,8192,256,独立 GEMM：权重与输入各读一次、输出写一次的操作数载荷；不预测 tile 重读。
86,router_softmax,routing,"{""input"": [1, 128], ""probabilities_fp32"": [1, 128]}",0,383,"{""exp"": 128, ""compare_max"": 127}",0,256,512,"FP32 softmax: subtract max, exp, reduction, divide; casts are not FLOPs."
86,router_topk,routing,"{""input_fp32"": [1, 128], ""values_fp32"": [1, 8], ""indices_int64"": [1, 8]}",0,0,"{""topk_rows"": 1, ""topk_candidates"": 128}",0,512,96,Top-k is an explicit selection primitive; candidate counts are not comparisons or FLOPs. Backend selection algorithm is unspecified.
86,router_renormalize_cast,routing,"{""selected_probabilities"": [1, 8]}",0,15,{},0,32,16,"Selected probabilities are renormalized if norm_topk_prob, then cast to activation dtype; row reduction assumed on-chip."
86,routing_one_hot,routing_metadata,"{""selected_int64"": [1, 8], ""mask_int64"": [1, 8, 128]}",0,0,"{""one_hot_entries"": 1024}",0,64,8192,Pinned HF reference materializes one_hot int64; this large routing mask is not assumed in optimized dispatch.
86,routing_where,routing_metadata,"{""mask_int64"": [128, 8, 1], ""top_x_and_slot_each"": [8]}",0,0,"{""integer_nonzero_tests"": 1024}",0,8192,128,Scan each expert mask; two int64 coordinates per assignment. Permute is a view.
86,expert_gather,routing,"{""source"": [1, 4096], ""gathered_rows"": [8, 4096]}",0,0,{},0,65600,65536,Logical gathers summed over experts; n_e and each concrete GEMM shape are in expert_matrices.
86,expert_gate_proj,linear,"{""input_per_expert"": [""n_e"", 4096], ""weight_storage_each"": [1536, 4096], ""output_per_expert"": [""n_e"", 1536], ""nonempty_experts"": 8, ""tokens_per_expert"": [1, 1, 1, 1, 1, 1, 1, 1, 0, 0, 0, 0, 0, 0, 0, 0, 0, 0, 0, 0, 0, 0, 0, 0, 0, 0, 0, 0, 0, 0, 0, 0, 0, 0, 0, 0, 0, 0, 0, 0, 0, 0, 0, 0, 0, 0, 0, 0, 0, 0, 0, 0, 0, 0, 0, 0, 0, 0, 0, 0, 0, 0, 0, 0, 0, 0, 0, 0, 0, 0, 0, 0, 0, 0, 0, 0, 0, 0, 0, 0, 0, 0, 0, 0, 0, 0, 0, 0, 0, 0, 0, 0, 0, 0, 0, 0, 0, 0, 0, 0, 0, 0, 0, 0, 0, 0, 0, 0, 0, 0, 0, 0, 0, 0, 0, 0, 0, 0, 0, 0, 0, 0, 0, 0, 0, 0, 0, 0]}",100663296,0,{},100663296,65536,24576,"Sum of unpadded per-expert GEMMs; each visited expert weight read once per layer, not once per token."
86,expert_up_proj,linear,"{""input_per_expert"": [""n_e"", 4096], ""weight_storage_each"": [1536, 4096], ""output_per_expert"": [""n_e"", 1536], ""nonempty_experts"": 8, ""tokens_per_expert"": [1, 1, 1, 1, 1, 1, 1, 1, 0, 0, 0, 0, 0, 0, 0, 0, 0, 0, 0, 0, 0, 0, 0, 0, 0, 0, 0, 0, 0, 0, 0, 0, 0, 0, 0, 0, 0, 0, 0, 0, 0, 0, 0, 0, 0, 0, 0, 0, 0, 0, 0, 0, 0, 0, 0, 0, 0, 0, 0, 0, 0, 0, 0, 0, 0, 0, 0, 0, 0, 0, 0, 0, 0, 0, 0, 0, 0, 0, 0, 0, 0, 0, 0, 0, 0, 0, 0, 0, 0, 0, 0, 0, 0, 0, 0, 0, 0, 0, 0, 0, 0, 0, 0, 0, 0, 0, 0, 0, 0, 0, 0, 0, 0, 0, 0, 0, 0, 0, 0, 0, 0, 0, 0, 0, 0, 0, 0, 0]}",100663296,0,{},100663296,65536,24576,"Sum of unpadded per-expert GEMMs; each visited expert weight read once per layer, not once per token."
86,expert_silu_mul,activation,"{""gate_and_up_each"": [8, 1536]}",0,49152,"{""exp"": 12288, ""negate"": 12288}",0,49152,24576,
86,expert_down_proj,linear,"{""input_per_expert"": [""n_e"", 1536], ""weight_storage_each"": [4096, 1536], ""output_per_expert"": [""n_e"", 4096], ""nonempty_experts"": 8, ""tokens_per_expert"": [1, 1, 1, 1, 1, 1, 1, 1, 0, 0, 0, 0, 0, 0, 0, 0, 0, 0, 0, 0, 0, 0, 0, 0, 0, 0, 0, 0, 0, 0, 0, 0, 0, 0, 0, 0, 0, 0, 0, 0, 0, 0, 0, 0, 0, 0, 0, 0, 0, 0, 0, 0, 0, 0, 0, 0, 0, 0, 0, 0, 0, 0, 0, 0, 0, 0, 0, 0, 0, 0, 0, 0, 0, 0, 0, 0, 0, 0, 0, 0, 0, 0, 0, 0, 0, 0, 0, 0, 0, 0, 0, 0, 0, 0, 0, 0, 0, 0, 0, 0, 0, 0, 0, 0, 0, 0, 0, 0, 0, 0, 0, 0, 0, 0, 0, 0, 0, 0, 0, 0, 0, 0, 0, 0, 0, 0, 0, 0]}",100663296,0,{},100663296,24576,65536,Unpadded per-expert GEMMs; empty experts have zero arithmetic and no weight payload.
86,expert_probability_multiply,routing,"{""expert_outputs"": [8, 4096], ""routing_weights"": [8]}",0,32768,{},0,65680,65536,Probability broadcast reuses one value per assignment; int64 token/slot indices included.
86,expert_output_zero,routing,"{""output"": [1, 4096]}",0,0,{},0,0,8192,Reference initializes final_hidden_states to zero.
86,expert_index_add,routing,"{""weighted_outputs"": [8, 4096], ""combined_output"": [1, 4096]}",0,32768,{},0,131136,65536,"Reference index_add includes the first add into zero; destination read/update per assignment is logical payload, not measured HBM."
86,ffn_residual,residual,"{""inputs_each"": [1, 4096], ""output"": [1, 4096]}",0,4096,{},0,16384,8192,
87,input_layernorm,normalization,"{""input"": [1, 4096], ""weight"": [4096], ""output"": [1, 4096]}",0,16385,"{""rsqrt"": 1}",8192,8192,8192,按 FP32 行内归约的代数计数；rsqrt、类型转换与临时 FP32 张量分列／不推断 HBM spill。
87,q_proj,linear,"{""input"": [1, 4096], ""weight_math"": [4096, 8192], ""weight_storage"": [8192, 4096], ""output"": [1, 8192]}",67108864,0,{},67108864,8192,16384,独立 GEMM：权重与输入各读一次、输出写一次的操作数载荷；不预测 tile 重读。
87,k_proj,linear,"{""input"": [1, 4096], ""weight_math"": [4096, 512], ""weight_storage"": [512, 4096], ""output"": [1, 512]}",4194304,0,{},4194304,8192,1024,独立 GEMM：权重与输入各读一次、输出写一次的操作数载荷；不预测 tile 重读。
87,v_proj,linear,"{""input"": [1, 4096], ""weight_math"": [4096, 512], ""weight_storage"": [512, 4096], ""output"": [1, 512]}",4194304,0,{},4194304,8192,1024,独立 GEMM：权重与输入各读一次、输出写一次的操作数载荷；不预测 tile 重读。
87,q_norm,normalization,"{""input"": [64, 128], ""weight"": [128], ""output"": [64, 128]}",0,32832,"{""rsqrt"": 64}",256,16384,16384,按 FP32 行内归约的代数计数；rsqrt、类型转换与临时 FP32 张量分列／不推断 HBM spill。
87,k_norm,normalization,"{""input"": [4, 128], ""weight"": [128], ""output"": [4, 128]}",0,2052,"{""rsqrt"": 4}",256,1024,1024,按 FP32 行内归约的代数计数；rsqrt、类型转换与临时 FP32 张量分列／不推断 HBM spill。
87,apply_rope,position,"{""Q"": [1, 64, 1, 128], ""K"": [1, 4, 1, 128]}",0,26112,"{""negate"": 4352}",0,17920,17408,2 multiply + 1 add/元素，rotate_half 符号翻转分列；表按批／头理想复用。
87,kv_append,state,"{""new_K_and_V_each"": [1, 4, 1, 128]}",0,0,{},0,2048,2048,原位／分页 append 载荷；不假定动态 torch.cat 对旧缓存整段复制。
87,qk,attention,"{""Q"": [1, 64, 1, 128], ""K_shared"": [1, 4, 8193, 128], ""scores_rectangular"": [1, 64, 1, 8193]}",134234112,0,{},0,8406016,2097408,FLOPs 仅有效因果位置；载荷是假定 Q/K 各读一次、GQA 头共享，完整分数矩阵物化。
87,score_scale_mask_softmax,softmax,"{""scores"": [1, 64, 1, 8193]}",0,2097344,"{""exp"": 524352, ""compare_max"": 524288, ""mask_decisions"": 524352}",0,2097408,2097408,选择的融合 scale/mask/softmax 代数工作；屏蔽点不计 exp。物化 FP32 默认概率；非具体 eager trace。
87,pv,attention,"{""P"": [1, 64, 1, 8193], ""V_shared"": [1, 4, 8193, 128], ""output"": [1, 64, 1, 128]}",134234112,0,{},0,10487040,16384,PV/AV：各 Q 头仍计算；V 容量不乘 GQA 复制数。载荷假定 V 在头／查询之间理想复用。
87,o_proj,linear,"{""input"": [1, 8192], ""weight_math"": [8192, 4096], ""weight_storage"": [4096, 8192], ""output"": [1, 4096]}",67108864,0,{},67108864,16384,8192,独立 GEMM：权重与输入各读一次、输出写一次的操作数载荷；不预测 tile 重读。
87,attention_residual,residual,"{""inputs_each"": [1, 4096], ""output"": [1, 4096]}",0,4096,{},0,16384,8192,
87,post_attention_layernorm,normalization,"{""input"": [1, 4096], ""weight"": [4096], ""output"": [1, 4096]}",0,16385,"{""rsqrt"": 1}",8192,8192,8192,按 FP32 行内归约的代数计数；rsqrt、类型转换与临时 FP32 张量分列／不推断 HBM spill。
87,router,linear,"{""input"": [1, 4096], ""weight_math"": [4096, 128], ""weight_storage"": [128, 4096], ""output"": [1, 128]}",1048576,0,{},1048576,8192,256,独立 GEMM：权重与输入各读一次、输出写一次的操作数载荷；不预测 tile 重读。
87,router_softmax,routing,"{""input"": [1, 128], ""probabilities_fp32"": [1, 128]}",0,383,"{""exp"": 128, ""compare_max"": 127}",0,256,512,"FP32 softmax: subtract max, exp, reduction, divide; casts are not FLOPs."
87,router_topk,routing,"{""input_fp32"": [1, 128], ""values_fp32"": [1, 8], ""indices_int64"": [1, 8]}",0,0,"{""topk_rows"": 1, ""topk_candidates"": 128}",0,512,96,Top-k is an explicit selection primitive; candidate counts are not comparisons or FLOPs. Backend selection algorithm is unspecified.
87,router_renormalize_cast,routing,"{""selected_probabilities"": [1, 8]}",0,15,{},0,32,16,"Selected probabilities are renormalized if norm_topk_prob, then cast to activation dtype; row reduction assumed on-chip."
87,routing_one_hot,routing_metadata,"{""selected_int64"": [1, 8], ""mask_int64"": [1, 8, 128]}",0,0,"{""one_hot_entries"": 1024}",0,64,8192,Pinned HF reference materializes one_hot int64; this large routing mask is not assumed in optimized dispatch.
87,routing_where,routing_metadata,"{""mask_int64"": [128, 8, 1], ""top_x_and_slot_each"": [8]}",0,0,"{""integer_nonzero_tests"": 1024}",0,8192,128,Scan each expert mask; two int64 coordinates per assignment. Permute is a view.
87,expert_gather,routing,"{""source"": [1, 4096], ""gathered_rows"": [8, 4096]}",0,0,{},0,65600,65536,Logical gathers summed over experts; n_e and each concrete GEMM shape are in expert_matrices.
87,expert_gate_proj,linear,"{""input_per_expert"": [""n_e"", 4096], ""weight_storage_each"": [1536, 4096], ""output_per_expert"": [""n_e"", 1536], ""nonempty_experts"": 8, ""tokens_per_expert"": [1, 1, 1, 1, 1, 1, 1, 1, 0, 0, 0, 0, 0, 0, 0, 0, 0, 0, 0, 0, 0, 0, 0, 0, 0, 0, 0, 0, 0, 0, 0, 0, 0, 0, 0, 0, 0, 0, 0, 0, 0, 0, 0, 0, 0, 0, 0, 0, 0, 0, 0, 0, 0, 0, 0, 0, 0, 0, 0, 0, 0, 0, 0, 0, 0, 0, 0, 0, 0, 0, 0, 0, 0, 0, 0, 0, 0, 0, 0, 0, 0, 0, 0, 0, 0, 0, 0, 0, 0, 0, 0, 0, 0, 0, 0, 0, 0, 0, 0, 0, 0, 0, 0, 0, 0, 0, 0, 0, 0, 0, 0, 0, 0, 0, 0, 0, 0, 0, 0, 0, 0, 0, 0, 0, 0, 0, 0, 0]}",100663296,0,{},100663296,65536,24576,"Sum of unpadded per-expert GEMMs; each visited expert weight read once per layer, not once per token."
87,expert_up_proj,linear,"{""input_per_expert"": [""n_e"", 4096], ""weight_storage_each"": [1536, 4096], ""output_per_expert"": [""n_e"", 1536], ""nonempty_experts"": 8, ""tokens_per_expert"": [1, 1, 1, 1, 1, 1, 1, 1, 0, 0, 0, 0, 0, 0, 0, 0, 0, 0, 0, 0, 0, 0, 0, 0, 0, 0, 0, 0, 0, 0, 0, 0, 0, 0, 0, 0, 0, 0, 0, 0, 0, 0, 0, 0, 0, 0, 0, 0, 0, 0, 0, 0, 0, 0, 0, 0, 0, 0, 0, 0, 0, 0, 0, 0, 0, 0, 0, 0, 0, 0, 0, 0, 0, 0, 0, 0, 0, 0, 0, 0, 0, 0, 0, 0, 0, 0, 0, 0, 0, 0, 0, 0, 0, 0, 0, 0, 0, 0, 0, 0, 0, 0, 0, 0, 0, 0, 0, 0, 0, 0, 0, 0, 0, 0, 0, 0, 0, 0, 0, 0, 0, 0, 0, 0, 0, 0, 0, 0]}",100663296,0,{},100663296,65536,24576,"Sum of unpadded per-expert GEMMs; each visited expert weight read once per layer, not once per token."
87,expert_silu_mul,activation,"{""gate_and_up_each"": [8, 1536]}",0,49152,"{""exp"": 12288, ""negate"": 12288}",0,49152,24576,
87,expert_down_proj,linear,"{""input_per_expert"": [""n_e"", 1536], ""weight_storage_each"": [4096, 1536], ""output_per_expert"": [""n_e"", 4096], ""nonempty_experts"": 8, ""tokens_per_expert"": [1, 1, 1, 1, 1, 1, 1, 1, 0, 0, 0, 0, 0, 0, 0, 0, 0, 0, 0, 0, 0, 0, 0, 0, 0, 0, 0, 0, 0, 0, 0, 0, 0, 0, 0, 0, 0, 0, 0, 0, 0, 0, 0, 0, 0, 0, 0, 0, 0, 0, 0, 0, 0, 0, 0, 0, 0, 0, 0, 0, 0, 0, 0, 0, 0, 0, 0, 0, 0, 0, 0, 0, 0, 0, 0, 0, 0, 0, 0, 0, 0, 0, 0, 0, 0, 0, 0, 0, 0, 0, 0, 0, 0, 0, 0, 0, 0, 0, 0, 0, 0, 0, 0, 0, 0, 0, 0, 0, 0, 0, 0, 0, 0, 0, 0, 0, 0, 0, 0, 0, 0, 0, 0, 0, 0, 0, 0, 0]}",100663296,0,{},100663296,24576,65536,Unpadded per-expert GEMMs; empty experts have zero arithmetic and no weight payload.
87,expert_probability_multiply,routing,"{""expert_outputs"": [8, 4096], ""routing_weights"": [8]}",0,32768,{},0,65680,65536,Probability broadcast reuses one value per assignment; int64 token/slot indices included.
87,expert_output_zero,routing,"{""output"": [1, 4096]}",0,0,{},0,0,8192,Reference initializes final_hidden_states to zero.
87,expert_index_add,routing,"{""weighted_outputs"": [8, 4096], ""combined_output"": [1, 4096]}",0,32768,{},0,131136,65536,"Reference index_add includes the first add into zero; destination read/update per assignment is logical payload, not measured HBM."
87,ffn_residual,residual,"{""inputs_each"": [1, 4096], ""output"": [1, 4096]}",0,4096,{},0,16384,8192,
88,input_layernorm,normalization,"{""input"": [1, 4096], ""weight"": [4096], ""output"": [1, 4096]}",0,16385,"{""rsqrt"": 1}",8192,8192,8192,按 FP32 行内归约的代数计数；rsqrt、类型转换与临时 FP32 张量分列／不推断 HBM spill。
88,q_proj,linear,"{""input"": [1, 4096], ""weight_math"": [4096, 8192], ""weight_storage"": [8192, 4096], ""output"": [1, 8192]}",67108864,0,{},67108864,8192,16384,独立 GEMM：权重与输入各读一次、输出写一次的操作数载荷；不预测 tile 重读。
88,k_proj,linear,"{""input"": [1, 4096], ""weight_math"": [4096, 512], ""weight_storage"": [512, 4096], ""output"": [1, 512]}",4194304,0,{},4194304,8192,1024,独立 GEMM：权重与输入各读一次、输出写一次的操作数载荷；不预测 tile 重读。
88,v_proj,linear,"{""input"": [1, 4096], ""weight_math"": [4096, 512], ""weight_storage"": [512, 4096], ""output"": [1, 512]}",4194304,0,{},4194304,8192,1024,独立 GEMM：权重与输入各读一次、输出写一次的操作数载荷；不预测 tile 重读。
88,q_norm,normalization,"{""input"": [64, 128], ""weight"": [128], ""output"": [64, 128]}",0,32832,"{""rsqrt"": 64}",256,16384,16384,按 FP32 行内归约的代数计数；rsqrt、类型转换与临时 FP32 张量分列／不推断 HBM spill。
88,k_norm,normalization,"{""input"": [4, 128], ""weight"": [128], ""output"": [4, 128]}",0,2052,"{""rsqrt"": 4}",256,1024,1024,按 FP32 行内归约的代数计数；rsqrt、类型转换与临时 FP32 张量分列／不推断 HBM spill。
88,apply_rope,position,"{""Q"": [1, 64, 1, 128], ""K"": [1, 4, 1, 128]}",0,26112,"{""negate"": 4352}",0,17920,17408,2 multiply + 1 add/元素，rotate_half 符号翻转分列；表按批／头理想复用。
88,kv_append,state,"{""new_K_and_V_each"": [1, 4, 1, 128]}",0,0,{},0,2048,2048,原位／分页 append 载荷；不假定动态 torch.cat 对旧缓存整段复制。
88,qk,attention,"{""Q"": [1, 64, 1, 128], ""K_shared"": [1, 4, 8193, 128], ""scores_rectangular"": [1, 64, 1, 8193]}",134234112,0,{},0,8406016,2097408,FLOPs 仅有效因果位置；载荷是假定 Q/K 各读一次、GQA 头共享，完整分数矩阵物化。
88,score_scale_mask_softmax,softmax,"{""scores"": [1, 64, 1, 8193]}",0,2097344,"{""exp"": 524352, ""compare_max"": 524288, ""mask_decisions"": 524352}",0,2097408,2097408,选择的融合 scale/mask/softmax 代数工作；屏蔽点不计 exp。物化 FP32 默认概率；非具体 eager trace。
88,pv,attention,"{""P"": [1, 64, 1, 8193], ""V_shared"": [1, 4, 8193, 128], ""output"": [1, 64, 1, 128]}",134234112,0,{},0,10487040,16384,PV/AV：各 Q 头仍计算；V 容量不乘 GQA 复制数。载荷假定 V 在头／查询之间理想复用。
88,o_proj,linear,"{""input"": [1, 8192], ""weight_math"": [8192, 4096], ""weight_storage"": [4096, 8192], ""output"": [1, 4096]}",67108864,0,{},67108864,16384,8192,独立 GEMM：权重与输入各读一次、输出写一次的操作数载荷；不预测 tile 重读。
88,attention_residual,residual,"{""inputs_each"": [1, 4096], ""output"": [1, 4096]}",0,4096,{},0,16384,8192,
88,post_attention_layernorm,normalization,"{""input"": [1, 4096], ""weight"": [4096], ""output"": [1, 4096]}",0,16385,"{""rsqrt"": 1}",8192,8192,8192,按 FP32 行内归约的代数计数；rsqrt、类型转换与临时 FP32 张量分列／不推断 HBM spill。
88,router,linear,"{""input"": [1, 4096], ""weight_math"": [4096, 128], ""weight_storage"": [128, 4096], ""output"": [1, 128]}",1048576,0,{},1048576,8192,256,独立 GEMM：权重与输入各读一次、输出写一次的操作数载荷；不预测 tile 重读。
88,router_softmax,routing,"{""input"": [1, 128], ""probabilities_fp32"": [1, 128]}",0,383,"{""exp"": 128, ""compare_max"": 127}",0,256,512,"FP32 softmax: subtract max, exp, reduction, divide; casts are not FLOPs."
88,router_topk,routing,"{""input_fp32"": [1, 128], ""values_fp32"": [1, 8], ""indices_int64"": [1, 8]}",0,0,"{""topk_rows"": 1, ""topk_candidates"": 128}",0,512,96,Top-k is an explicit selection primitive; candidate counts are not comparisons or FLOPs. Backend selection algorithm is unspecified.
88,router_renormalize_cast,routing,"{""selected_probabilities"": [1, 8]}",0,15,{},0,32,16,"Selected probabilities are renormalized if norm_topk_prob, then cast to activation dtype; row reduction assumed on-chip."
88,routing_one_hot,routing_metadata,"{""selected_int64"": [1, 8], ""mask_int64"": [1, 8, 128]}",0,0,"{""one_hot_entries"": 1024}",0,64,8192,Pinned HF reference materializes one_hot int64; this large routing mask is not assumed in optimized dispatch.
88,routing_where,routing_metadata,"{""mask_int64"": [128, 8, 1], ""top_x_and_slot_each"": [8]}",0,0,"{""integer_nonzero_tests"": 1024}",0,8192,128,Scan each expert mask; two int64 coordinates per assignment. Permute is a view.
88,expert_gather,routing,"{""source"": [1, 4096], ""gathered_rows"": [8, 4096]}",0,0,{},0,65600,65536,Logical gathers summed over experts; n_e and each concrete GEMM shape are in expert_matrices.
88,expert_gate_proj,linear,"{""input_per_expert"": [""n_e"", 4096], ""weight_storage_each"": [1536, 4096], ""output_per_expert"": [""n_e"", 1536], ""nonempty_experts"": 8, ""tokens_per_expert"": [1, 1, 1, 1, 1, 1, 1, 1, 0, 0, 0, 0, 0, 0, 0, 0, 0, 0, 0, 0, 0, 0, 0, 0, 0, 0, 0, 0, 0, 0, 0, 0, 0, 0, 0, 0, 0, 0, 0, 0, 0, 0, 0, 0, 0, 0, 0, 0, 0, 0, 0, 0, 0, 0, 0, 0, 0, 0, 0, 0, 0, 0, 0, 0, 0, 0, 0, 0, 0, 0, 0, 0, 0, 0, 0, 0, 0, 0, 0, 0, 0, 0, 0, 0, 0, 0, 0, 0, 0, 0, 0, 0, 0, 0, 0, 0, 0, 0, 0, 0, 0, 0, 0, 0, 0, 0, 0, 0, 0, 0, 0, 0, 0, 0, 0, 0, 0, 0, 0, 0, 0, 0, 0, 0, 0, 0, 0, 0]}",100663296,0,{},100663296,65536,24576,"Sum of unpadded per-expert GEMMs; each visited expert weight read once per layer, not once per token."
88,expert_up_proj,linear,"{""input_per_expert"": [""n_e"", 4096], ""weight_storage_each"": [1536, 4096], ""output_per_expert"": [""n_e"", 1536], ""nonempty_experts"": 8, ""tokens_per_expert"": [1, 1, 1, 1, 1, 1, 1, 1, 0, 0, 0, 0, 0, 0, 0, 0, 0, 0, 0, 0, 0, 0, 0, 0, 0, 0, 0, 0, 0, 0, 0, 0, 0, 0, 0, 0, 0, 0, 0, 0, 0, 0, 0, 0, 0, 0, 0, 0, 0, 0, 0, 0, 0, 0, 0, 0, 0, 0, 0, 0, 0, 0, 0, 0, 0, 0, 0, 0, 0, 0, 0, 0, 0, 0, 0, 0, 0, 0, 0, 0, 0, 0, 0, 0, 0, 0, 0, 0, 0, 0, 0, 0, 0, 0, 0, 0, 0, 0, 0, 0, 0, 0, 0, 0, 0, 0, 0, 0, 0, 0, 0, 0, 0, 0, 0, 0, 0, 0, 0, 0, 0, 0, 0, 0, 0, 0, 0, 0]}",100663296,0,{},100663296,65536,24576,"Sum of unpadded per-expert GEMMs; each visited expert weight read once per layer, not once per token."
88,expert_silu_mul,activation,"{""gate_and_up_each"": [8, 1536]}",0,49152,"{""exp"": 12288, ""negate"": 12288}",0,49152,24576,
88,expert_down_proj,linear,"{""input_per_expert"": [""n_e"", 1536], ""weight_storage_each"": [4096, 1536], ""output_per_expert"": [""n_e"", 4096], ""nonempty_experts"": 8, ""tokens_per_expert"": [1, 1, 1, 1, 1, 1, 1, 1, 0, 0, 0, 0, 0, 0, 0, 0, 0, 0, 0, 0, 0, 0, 0, 0, 0, 0, 0, 0, 0, 0, 0, 0, 0, 0, 0, 0, 0, 0, 0, 0, 0, 0, 0, 0, 0, 0, 0, 0, 0, 0, 0, 0, 0, 0, 0, 0, 0, 0, 0, 0, 0, 0, 0, 0, 0, 0, 0, 0, 0, 0, 0, 0, 0, 0, 0, 0, 0, 0, 0, 0, 0, 0, 0, 0, 0, 0, 0, 0, 0, 0, 0, 0, 0, 0, 0, 0, 0, 0, 0, 0, 0, 0, 0, 0, 0, 0, 0, 0, 0, 0, 0, 0, 0, 0, 0, 0, 0, 0, 0, 0, 0, 0, 0, 0, 0, 0, 0, 0]}",100663296,0,{},100663296,24576,65536,Unpadded per-expert GEMMs; empty experts have zero arithmetic and no weight payload.
88,expert_probability_multiply,routing,"{""expert_outputs"": [8, 4096], ""routing_weights"": [8]}",0,32768,{},0,65680,65536,Probability broadcast reuses one value per assignment; int64 token/slot indices included.
88,expert_output_zero,routing,"{""output"": [1, 4096]}",0,0,{},0,0,8192,Reference initializes final_hidden_states to zero.
88,expert_index_add,routing,"{""weighted_outputs"": [8, 4096], ""combined_output"": [1, 4096]}",0,32768,{},0,131136,65536,"Reference index_add includes the first add into zero; destination read/update per assignment is logical payload, not measured HBM."
88,ffn_residual,residual,"{""inputs_each"": [1, 4096], ""output"": [1, 4096]}",0,4096,{},0,16384,8192,
89,input_layernorm,normalization,"{""input"": [1, 4096], ""weight"": [4096], ""output"": [1, 4096]}",0,16385,"{""rsqrt"": 1}",8192,8192,8192,按 FP32 行内归约的代数计数；rsqrt、类型转换与临时 FP32 张量分列／不推断 HBM spill。
89,q_proj,linear,"{""input"": [1, 4096], ""weight_math"": [4096, 8192], ""weight_storage"": [8192, 4096], ""output"": [1, 8192]}",67108864,0,{},67108864,8192,16384,独立 GEMM：权重与输入各读一次、输出写一次的操作数载荷；不预测 tile 重读。
89,k_proj,linear,"{""input"": [1, 4096], ""weight_math"": [4096, 512], ""weight_storage"": [512, 4096], ""output"": [1, 512]}",4194304,0,{},4194304,8192,1024,独立 GEMM：权重与输入各读一次、输出写一次的操作数载荷；不预测 tile 重读。
89,v_proj,linear,"{""input"": [1, 4096], ""weight_math"": [4096, 512], ""weight_storage"": [512, 4096], ""output"": [1, 512]}",4194304,0,{},4194304,8192,1024,独立 GEMM：权重与输入各读一次、输出写一次的操作数载荷；不预测 tile 重读。
89,q_norm,normalization,"{""input"": [64, 128], ""weight"": [128], ""output"": [64, 128]}",0,32832,"{""rsqrt"": 64}",256,16384,16384,按 FP32 行内归约的代数计数；rsqrt、类型转换与临时 FP32 张量分列／不推断 HBM spill。
89,k_norm,normalization,"{""input"": [4, 128], ""weight"": [128], ""output"": [4, 128]}",0,2052,"{""rsqrt"": 4}",256,1024,1024,按 FP32 行内归约的代数计数；rsqrt、类型转换与临时 FP32 张量分列／不推断 HBM spill。
89,apply_rope,position,"{""Q"": [1, 64, 1, 128], ""K"": [1, 4, 1, 128]}",0,26112,"{""negate"": 4352}",0,17920,17408,2 multiply + 1 add/元素，rotate_half 符号翻转分列；表按批／头理想复用。
89,kv_append,state,"{""new_K_and_V_each"": [1, 4, 1, 128]}",0,0,{},0,2048,2048,原位／分页 append 载荷；不假定动态 torch.cat 对旧缓存整段复制。
89,qk,attention,"{""Q"": [1, 64, 1, 128], ""K_shared"": [1, 4, 8193, 128], ""scores_rectangular"": [1, 64, 1, 8193]}",134234112,0,{},0,8406016,2097408,FLOPs 仅有效因果位置；载荷是假定 Q/K 各读一次、GQA 头共享，完整分数矩阵物化。
89,score_scale_mask_softmax,softmax,"{""scores"": [1, 64, 1, 8193]}",0,2097344,"{""exp"": 524352, ""compare_max"": 524288, ""mask_decisions"": 524352}",0,2097408,2097408,选择的融合 scale/mask/softmax 代数工作；屏蔽点不计 exp。物化 FP32 默认概率；非具体 eager trace。
89,pv,attention,"{""P"": [1, 64, 1, 8193], ""V_shared"": [1, 4, 8193, 128], ""output"": [1, 64, 1, 128]}",134234112,0,{},0,10487040,16384,PV/AV：各 Q 头仍计算；V 容量不乘 GQA 复制数。载荷假定 V 在头／查询之间理想复用。
89,o_proj,linear,"{""input"": [1, 8192], ""weight_math"": [8192, 4096], ""weight_storage"": [4096, 8192], ""output"": [1, 4096]}",67108864,0,{},67108864,16384,8192,独立 GEMM：权重与输入各读一次、输出写一次的操作数载荷；不预测 tile 重读。
89,attention_residual,residual,"{""inputs_each"": [1, 4096], ""output"": [1, 4096]}",0,4096,{},0,16384,8192,
89,post_attention_layernorm,normalization,"{""input"": [1, 4096], ""weight"": [4096], ""output"": [1, 4096]}",0,16385,"{""rsqrt"": 1}",8192,8192,8192,按 FP32 行内归约的代数计数；rsqrt、类型转换与临时 FP32 张量分列／不推断 HBM spill。
89,router,linear,"{""input"": [1, 4096], ""weight_math"": [4096, 128], ""weight_storage"": [128, 4096], ""output"": [1, 128]}",1048576,0,{},1048576,8192,256,独立 GEMM：权重与输入各读一次、输出写一次的操作数载荷；不预测 tile 重读。
89,router_softmax,routing,"{""input"": [1, 128], ""probabilities_fp32"": [1, 128]}",0,383,"{""exp"": 128, ""compare_max"": 127}",0,256,512,"FP32 softmax: subtract max, exp, reduction, divide; casts are not FLOPs."
89,router_topk,routing,"{""input_fp32"": [1, 128], ""values_fp32"": [1, 8], ""indices_int64"": [1, 8]}",0,0,"{""topk_rows"": 1, ""topk_candidates"": 128}",0,512,96,Top-k is an explicit selection primitive; candidate counts are not comparisons or FLOPs. Backend selection algorithm is unspecified.
89,router_renormalize_cast,routing,"{""selected_probabilities"": [1, 8]}",0,15,{},0,32,16,"Selected probabilities are renormalized if norm_topk_prob, then cast to activation dtype; row reduction assumed on-chip."
89,routing_one_hot,routing_metadata,"{""selected_int64"": [1, 8], ""mask_int64"": [1, 8, 128]}",0,0,"{""one_hot_entries"": 1024}",0,64,8192,Pinned HF reference materializes one_hot int64; this large routing mask is not assumed in optimized dispatch.
89,routing_where,routing_metadata,"{""mask_int64"": [128, 8, 1], ""top_x_and_slot_each"": [8]}",0,0,"{""integer_nonzero_tests"": 1024}",0,8192,128,Scan each expert mask; two int64 coordinates per assignment. Permute is a view.
89,expert_gather,routing,"{""source"": [1, 4096], ""gathered_rows"": [8, 4096]}",0,0,{},0,65600,65536,Logical gathers summed over experts; n_e and each concrete GEMM shape are in expert_matrices.
89,expert_gate_proj,linear,"{""input_per_expert"": [""n_e"", 4096], ""weight_storage_each"": [1536, 4096], ""output_per_expert"": [""n_e"", 1536], ""nonempty_experts"": 8, ""tokens_per_expert"": [1, 1, 1, 1, 1, 1, 1, 1, 0, 0, 0, 0, 0, 0, 0, 0, 0, 0, 0, 0, 0, 0, 0, 0, 0, 0, 0, 0, 0, 0, 0, 0, 0, 0, 0, 0, 0, 0, 0, 0, 0, 0, 0, 0, 0, 0, 0, 0, 0, 0, 0, 0, 0, 0, 0, 0, 0, 0, 0, 0, 0, 0, 0, 0, 0, 0, 0, 0, 0, 0, 0, 0, 0, 0, 0, 0, 0, 0, 0, 0, 0, 0, 0, 0, 0, 0, 0, 0, 0, 0, 0, 0, 0, 0, 0, 0, 0, 0, 0, 0, 0, 0, 0, 0, 0, 0, 0, 0, 0, 0, 0, 0, 0, 0, 0, 0, 0, 0, 0, 0, 0, 0, 0, 0, 0, 0, 0, 0]}",100663296,0,{},100663296,65536,24576,"Sum of unpadded per-expert GEMMs; each visited expert weight read once per layer, not once per token."
89,expert_up_proj,linear,"{""input_per_expert"": [""n_e"", 4096], ""weight_storage_each"": [1536, 4096], ""output_per_expert"": [""n_e"", 1536], ""nonempty_experts"": 8, ""tokens_per_expert"": [1, 1, 1, 1, 1, 1, 1, 1, 0, 0, 0, 0, 0, 0, 0, 0, 0, 0, 0, 0, 0, 0, 0, 0, 0, 0, 0, 0, 0, 0, 0, 0, 0, 0, 0, 0, 0, 0, 0, 0, 0, 0, 0, 0, 0, 0, 0, 0, 0, 0, 0, 0, 0, 0, 0, 0, 0, 0, 0, 0, 0, 0, 0, 0, 0, 0, 0, 0, 0, 0, 0, 0, 0, 0, 0, 0, 0, 0, 0, 0, 0, 0, 0, 0, 0, 0, 0, 0, 0, 0, 0, 0, 0, 0, 0, 0, 0, 0, 0, 0, 0, 0, 0, 0, 0, 0, 0, 0, 0, 0, 0, 0, 0, 0, 0, 0, 0, 0, 0, 0, 0, 0, 0, 0, 0, 0, 0, 0]}",100663296,0,{},100663296,65536,24576,"Sum of unpadded per-expert GEMMs; each visited expert weight read once per layer, not once per token."
89,expert_silu_mul,activation,"{""gate_and_up_each"": [8, 1536]}",0,49152,"{""exp"": 12288, ""negate"": 12288}",0,49152,24576,
89,expert_down_proj,linear,"{""input_per_expert"": [""n_e"", 1536], ""weight_storage_each"": [4096, 1536], ""output_per_expert"": [""n_e"", 4096], ""nonempty_experts"": 8, ""tokens_per_expert"": [1, 1, 1, 1, 1, 1, 1, 1, 0, 0, 0, 0, 0, 0, 0, 0, 0, 0, 0, 0, 0, 0, 0, 0, 0, 0, 0, 0, 0, 0, 0, 0, 0, 0, 0, 0, 0, 0, 0, 0, 0, 0, 0, 0, 0, 0, 0, 0, 0, 0, 0, 0, 0, 0, 0, 0, 0, 0, 0, 0, 0, 0, 0, 0, 0, 0, 0, 0, 0, 0, 0, 0, 0, 0, 0, 0, 0, 0, 0, 0, 0, 0, 0, 0, 0, 0, 0, 0, 0, 0, 0, 0, 0, 0, 0, 0, 0, 0, 0, 0, 0, 0, 0, 0, 0, 0, 0, 0, 0, 0, 0, 0, 0, 0, 0, 0, 0, 0, 0, 0, 0, 0, 0, 0, 0, 0, 0, 0]}",100663296,0,{},100663296,24576,65536,Unpadded per-expert GEMMs; empty experts have zero arithmetic and no weight payload.
89,expert_probability_multiply,routing,"{""expert_outputs"": [8, 4096], ""routing_weights"": [8]}",0,32768,{},0,65680,65536,Probability broadcast reuses one value per assignment; int64 token/slot indices included.
89,expert_output_zero,routing,"{""output"": [1, 4096]}",0,0,{},0,0,8192,Reference initializes final_hidden_states to zero.
89,expert_index_add,routing,"{""weighted_outputs"": [8, 4096], ""combined_output"": [1, 4096]}",0,32768,{},0,131136,65536,"Reference index_add includes the first add into zero; destination read/update per assignment is logical payload, not measured HBM."
89,ffn_residual,residual,"{""inputs_each"": [1, 4096], ""output"": [1, 4096]}",0,4096,{},0,16384,8192,
90,input_layernorm,normalization,"{""input"": [1, 4096], ""weight"": [4096], ""output"": [1, 4096]}",0,16385,"{""rsqrt"": 1}",8192,8192,8192,按 FP32 行内归约的代数计数；rsqrt、类型转换与临时 FP32 张量分列／不推断 HBM spill。
90,q_proj,linear,"{""input"": [1, 4096], ""weight_math"": [4096, 8192], ""weight_storage"": [8192, 4096], ""output"": [1, 8192]}",67108864,0,{},67108864,8192,16384,独立 GEMM：权重与输入各读一次、输出写一次的操作数载荷；不预测 tile 重读。
90,k_proj,linear,"{""input"": [1, 4096], ""weight_math"": [4096, 512], ""weight_storage"": [512, 4096], ""output"": [1, 512]}",4194304,0,{},4194304,8192,1024,独立 GEMM：权重与输入各读一次、输出写一次的操作数载荷；不预测 tile 重读。
90,v_proj,linear,"{""input"": [1, 4096], ""weight_math"": [4096, 512], ""weight_storage"": [512, 4096], ""output"": [1, 512]}",4194304,0,{},4194304,8192,1024,独立 GEMM：权重与输入各读一次、输出写一次的操作数载荷；不预测 tile 重读。
90,q_norm,normalization,"{""input"": [64, 128], ""weight"": [128], ""output"": [64, 128]}",0,32832,"{""rsqrt"": 64}",256,16384,16384,按 FP32 行内归约的代数计数；rsqrt、类型转换与临时 FP32 张量分列／不推断 HBM spill。
90,k_norm,normalization,"{""input"": [4, 128], ""weight"": [128], ""output"": [4, 128]}",0,2052,"{""rsqrt"": 4}",256,1024,1024,按 FP32 行内归约的代数计数；rsqrt、类型转换与临时 FP32 张量分列／不推断 HBM spill。
90,apply_rope,position,"{""Q"": [1, 64, 1, 128], ""K"": [1, 4, 1, 128]}",0,26112,"{""negate"": 4352}",0,17920,17408,2 multiply + 1 add/元素，rotate_half 符号翻转分列；表按批／头理想复用。
90,kv_append,state,"{""new_K_and_V_each"": [1, 4, 1, 128]}",0,0,{},0,2048,2048,原位／分页 append 载荷；不假定动态 torch.cat 对旧缓存整段复制。
90,qk,attention,"{""Q"": [1, 64, 1, 128], ""K_shared"": [1, 4, 8193, 128], ""scores_rectangular"": [1, 64, 1, 8193]}",134234112,0,{},0,8406016,2097408,FLOPs 仅有效因果位置；载荷是假定 Q/K 各读一次、GQA 头共享，完整分数矩阵物化。
90,score_scale_mask_softmax,softmax,"{""scores"": [1, 64, 1, 8193]}",0,2097344,"{""exp"": 524352, ""compare_max"": 524288, ""mask_decisions"": 524352}",0,2097408,2097408,选择的融合 scale/mask/softmax 代数工作；屏蔽点不计 exp。物化 FP32 默认概率；非具体 eager trace。
90,pv,attention,"{""P"": [1, 64, 1, 8193], ""V_shared"": [1, 4, 8193, 128], ""output"": [1, 64, 1, 128]}",134234112,0,{},0,10487040,16384,PV/AV：各 Q 头仍计算；V 容量不乘 GQA 复制数。载荷假定 V 在头／查询之间理想复用。
90,o_proj,linear,"{""input"": [1, 8192], ""weight_math"": [8192, 4096], ""weight_storage"": [4096, 8192], ""output"": [1, 4096]}",67108864,0,{},67108864,16384,8192,独立 GEMM：权重与输入各读一次、输出写一次的操作数载荷；不预测 tile 重读。
90,attention_residual,residual,"{""inputs_each"": [1, 4096], ""output"": [1, 4096]}",0,4096,{},0,16384,8192,
90,post_attention_layernorm,normalization,"{""input"": [1, 4096], ""weight"": [4096], ""output"": [1, 4096]}",0,16385,"{""rsqrt"": 1}",8192,8192,8192,按 FP32 行内归约的代数计数；rsqrt、类型转换与临时 FP32 张量分列／不推断 HBM spill。
90,router,linear,"{""input"": [1, 4096], ""weight_math"": [4096, 128], ""weight_storage"": [128, 4096], ""output"": [1, 128]}",1048576,0,{},1048576,8192,256,独立 GEMM：权重与输入各读一次、输出写一次的操作数载荷；不预测 tile 重读。
90,router_softmax,routing,"{""input"": [1, 128], ""probabilities_fp32"": [1, 128]}",0,383,"{""exp"": 128, ""compare_max"": 127}",0,256,512,"FP32 softmax: subtract max, exp, reduction, divide; casts are not FLOPs."
90,router_topk,routing,"{""input_fp32"": [1, 128], ""values_fp32"": [1, 8], ""indices_int64"": [1, 8]}",0,0,"{""topk_rows"": 1, ""topk_candidates"": 128}",0,512,96,Top-k is an explicit selection primitive; candidate counts are not comparisons or FLOPs. Backend selection algorithm is unspecified.
90,router_renormalize_cast,routing,"{""selected_probabilities"": [1, 8]}",0,15,{},0,32,16,"Selected probabilities are renormalized if norm_topk_prob, then cast to activation dtype; row reduction assumed on-chip."
90,routing_one_hot,routing_metadata,"{""selected_int64"": [1, 8], ""mask_int64"": [1, 8, 128]}",0,0,"{""one_hot_entries"": 1024}",0,64,8192,Pinned HF reference materializes one_hot int64; this large routing mask is not assumed in optimized dispatch.
90,routing_where,routing_metadata,"{""mask_int64"": [128, 8, 1], ""top_x_and_slot_each"": [8]}",0,0,"{""integer_nonzero_tests"": 1024}",0,8192,128,Scan each expert mask; two int64 coordinates per assignment. Permute is a view.
90,expert_gather,routing,"{""source"": [1, 4096], ""gathered_rows"": [8, 4096]}",0,0,{},0,65600,65536,Logical gathers summed over experts; n_e and each concrete GEMM shape are in expert_matrices.
90,expert_gate_proj,linear,"{""input_per_expert"": [""n_e"", 4096], ""weight_storage_each"": [1536, 4096], ""output_per_expert"": [""n_e"", 1536], ""nonempty_experts"": 8, ""tokens_per_expert"": [1, 1, 1, 1, 1, 1, 1, 1, 0, 0, 0, 0, 0, 0, 0, 0, 0, 0, 0, 0, 0, 0, 0, 0, 0, 0, 0, 0, 0, 0, 0, 0, 0, 0, 0, 0, 0, 0, 0, 0, 0, 0, 0, 0, 0, 0, 0, 0, 0, 0, 0, 0, 0, 0, 0, 0, 0, 0, 0, 0, 0, 0, 0, 0, 0, 0, 0, 0, 0, 0, 0, 0, 0, 0, 0, 0, 0, 0, 0, 0, 0, 0, 0, 0, 0, 0, 0, 0, 0, 0, 0, 0, 0, 0, 0, 0, 0, 0, 0, 0, 0, 0, 0, 0, 0, 0, 0, 0, 0, 0, 0, 0, 0, 0, 0, 0, 0, 0, 0, 0, 0, 0, 0, 0, 0, 0, 0, 0]}",100663296,0,{},100663296,65536,24576,"Sum of unpadded per-expert GEMMs; each visited expert weight read once per layer, not once per token."
90,expert_up_proj,linear,"{""input_per_expert"": [""n_e"", 4096], ""weight_storage_each"": [1536, 4096], ""output_per_expert"": [""n_e"", 1536], ""nonempty_experts"": 8, ""tokens_per_expert"": [1, 1, 1, 1, 1, 1, 1, 1, 0, 0, 0, 0, 0, 0, 0, 0, 0, 0, 0, 0, 0, 0, 0, 0, 0, 0, 0, 0, 0, 0, 0, 0, 0, 0, 0, 0, 0, 0, 0, 0, 0, 0, 0, 0, 0, 0, 0, 0, 0, 0, 0, 0, 0, 0, 0, 0, 0, 0, 0, 0, 0, 0, 0, 0, 0, 0, 0, 0, 0, 0, 0, 0, 0, 0, 0, 0, 0, 0, 0, 0, 0, 0, 0, 0, 0, 0, 0, 0, 0, 0, 0, 0, 0, 0, 0, 0, 0, 0, 0, 0, 0, 0, 0, 0, 0, 0, 0, 0, 0, 0, 0, 0, 0, 0, 0, 0, 0, 0, 0, 0, 0, 0, 0, 0, 0, 0, 0, 0]}",100663296,0,{},100663296,65536,24576,"Sum of unpadded per-expert GEMMs; each visited expert weight read once per layer, not once per token."
90,expert_silu_mul,activation,"{""gate_and_up_each"": [8, 1536]}",0,49152,"{""exp"": 12288, ""negate"": 12288}",0,49152,24576,
90,expert_down_proj,linear,"{""input_per_expert"": [""n_e"", 1536], ""weight_storage_each"": [4096, 1536], ""output_per_expert"": [""n_e"", 4096], ""nonempty_experts"": 8, ""tokens_per_expert"": [1, 1, 1, 1, 1, 1, 1, 1, 0, 0, 0, 0, 0, 0, 0, 0, 0, 0, 0, 0, 0, 0, 0, 0, 0, 0, 0, 0, 0, 0, 0, 0, 0, 0, 0, 0, 0, 0, 0, 0, 0, 0, 0, 0, 0, 0, 0, 0, 0, 0, 0, 0, 0, 0, 0, 0, 0, 0, 0, 0, 0, 0, 0, 0, 0, 0, 0, 0, 0, 0, 0, 0, 0, 0, 0, 0, 0, 0, 0, 0, 0, 0, 0, 0, 0, 0, 0, 0, 0, 0, 0, 0, 0, 0, 0, 0, 0, 0, 0, 0, 0, 0, 0, 0, 0, 0, 0, 0, 0, 0, 0, 0, 0, 0, 0, 0, 0, 0, 0, 0, 0, 0, 0, 0, 0, 0, 0, 0]}",100663296,0,{},100663296,24576,65536,Unpadded per-expert GEMMs; empty experts have zero arithmetic and no weight payload.
90,expert_probability_multiply,routing,"{""expert_outputs"": [8, 4096], ""routing_weights"": [8]}",0,32768,{},0,65680,65536,Probability broadcast reuses one value per assignment; int64 token/slot indices included.
90,expert_output_zero,routing,"{""output"": [1, 4096]}",0,0,{},0,0,8192,Reference initializes final_hidden_states to zero.
90,expert_index_add,routing,"{""weighted_outputs"": [8, 4096], ""combined_output"": [1, 4096]}",0,32768,{},0,131136,65536,"Reference index_add includes the first add into zero; destination read/update per assignment is logical payload, not measured HBM."
90,ffn_residual,residual,"{""inputs_each"": [1, 4096], ""output"": [1, 4096]}",0,4096,{},0,16384,8192,
91,input_layernorm,normalization,"{""input"": [1, 4096], ""weight"": [4096], ""output"": [1, 4096]}",0,16385,"{""rsqrt"": 1}",8192,8192,8192,按 FP32 行内归约的代数计数；rsqrt、类型转换与临时 FP32 张量分列／不推断 HBM spill。
91,q_proj,linear,"{""input"": [1, 4096], ""weight_math"": [4096, 8192], ""weight_storage"": [8192, 4096], ""output"": [1, 8192]}",67108864,0,{},67108864,8192,16384,独立 GEMM：权重与输入各读一次、输出写一次的操作数载荷；不预测 tile 重读。
91,k_proj,linear,"{""input"": [1, 4096], ""weight_math"": [4096, 512], ""weight_storage"": [512, 4096], ""output"": [1, 512]}",4194304,0,{},4194304,8192,1024,独立 GEMM：权重与输入各读一次、输出写一次的操作数载荷；不预测 tile 重读。
91,v_proj,linear,"{""input"": [1, 4096], ""weight_math"": [4096, 512], ""weight_storage"": [512, 4096], ""output"": [1, 512]}",4194304,0,{},4194304,8192,1024,独立 GEMM：权重与输入各读一次、输出写一次的操作数载荷；不预测 tile 重读。
91,q_norm,normalization,"{""input"": [64, 128], ""weight"": [128], ""output"": [64, 128]}",0,32832,"{""rsqrt"": 64}",256,16384,16384,按 FP32 行内归约的代数计数；rsqrt、类型转换与临时 FP32 张量分列／不推断 HBM spill。
91,k_norm,normalization,"{""input"": [4, 128], ""weight"": [128], ""output"": [4, 128]}",0,2052,"{""rsqrt"": 4}",256,1024,1024,按 FP32 行内归约的代数计数；rsqrt、类型转换与临时 FP32 张量分列／不推断 HBM spill。
91,apply_rope,position,"{""Q"": [1, 64, 1, 128], ""K"": [1, 4, 1, 128]}",0,26112,"{""negate"": 4352}",0,17920,17408,2 multiply + 1 add/元素，rotate_half 符号翻转分列；表按批／头理想复用。
91,kv_append,state,"{""new_K_and_V_each"": [1, 4, 1, 128]}",0,0,{},0,2048,2048,原位／分页 append 载荷；不假定动态 torch.cat 对旧缓存整段复制。
91,qk,attention,"{""Q"": [1, 64, 1, 128], ""K_shared"": [1, 4, 8193, 128], ""scores_rectangular"": [1, 64, 1, 8193]}",134234112,0,{},0,8406016,2097408,FLOPs 仅有效因果位置；载荷是假定 Q/K 各读一次、GQA 头共享，完整分数矩阵物化。
91,score_scale_mask_softmax,softmax,"{""scores"": [1, 64, 1, 8193]}",0,2097344,"{""exp"": 524352, ""compare_max"": 524288, ""mask_decisions"": 524352}",0,2097408,2097408,选择的融合 scale/mask/softmax 代数工作；屏蔽点不计 exp。物化 FP32 默认概率；非具体 eager trace。
91,pv,attention,"{""P"": [1, 64, 1, 8193], ""V_shared"": [1, 4, 8193, 128], ""output"": [1, 64, 1, 128]}",134234112,0,{},0,10487040,16384,PV/AV：各 Q 头仍计算；V 容量不乘 GQA 复制数。载荷假定 V 在头／查询之间理想复用。
91,o_proj,linear,"{""input"": [1, 8192], ""weight_math"": [8192, 4096], ""weight_storage"": [4096, 8192], ""output"": [1, 4096]}",67108864,0,{},67108864,16384,8192,独立 GEMM：权重与输入各读一次、输出写一次的操作数载荷；不预测 tile 重读。
91,attention_residual,residual,"{""inputs_each"": [1, 4096], ""output"": [1, 4096]}",0,4096,{},0,16384,8192,
91,post_attention_layernorm,normalization,"{""input"": [1, 4096], ""weight"": [4096], ""output"": [1, 4096]}",0,16385,"{""rsqrt"": 1}",8192,8192,8192,按 FP32 行内归约的代数计数；rsqrt、类型转换与临时 FP32 张量分列／不推断 HBM spill。
91,router,linear,"{""input"": [1, 4096], ""weight_math"": [4096, 128], ""weight_storage"": [128, 4096], ""output"": [1, 128]}",1048576,0,{},1048576,8192,256,独立 GEMM：权重与输入各读一次、输出写一次的操作数载荷；不预测 tile 重读。
91,router_softmax,routing,"{""input"": [1, 128], ""probabilities_fp32"": [1, 128]}",0,383,"{""exp"": 128, ""compare_max"": 127}",0,256,512,"FP32 softmax: subtract max, exp, reduction, divide; casts are not FLOPs."
91,router_topk,routing,"{""input_fp32"": [1, 128], ""values_fp32"": [1, 8], ""indices_int64"": [1, 8]}",0,0,"{""topk_rows"": 1, ""topk_candidates"": 128}",0,512,96,Top-k is an explicit selection primitive; candidate counts are not comparisons or FLOPs. Backend selection algorithm is unspecified.
91,router_renormalize_cast,routing,"{""selected_probabilities"": [1, 8]}",0,15,{},0,32,16,"Selected probabilities are renormalized if norm_topk_prob, then cast to activation dtype; row reduction assumed on-chip."
91,routing_one_hot,routing_metadata,"{""selected_int64"": [1, 8], ""mask_int64"": [1, 8, 128]}",0,0,"{""one_hot_entries"": 1024}",0,64,8192,Pinned HF reference materializes one_hot int64; this large routing mask is not assumed in optimized dispatch.
91,routing_where,routing_metadata,"{""mask_int64"": [128, 8, 1], ""top_x_and_slot_each"": [8]}",0,0,"{""integer_nonzero_tests"": 1024}",0,8192,128,Scan each expert mask; two int64 coordinates per assignment. Permute is a view.
91,expert_gather,routing,"{""source"": [1, 4096], ""gathered_rows"": [8, 4096]}",0,0,{},0,65600,65536,Logical gathers summed over experts; n_e and each concrete GEMM shape are in expert_matrices.
91,expert_gate_proj,linear,"{""input_per_expert"": [""n_e"", 4096], ""weight_storage_each"": [1536, 4096], ""output_per_expert"": [""n_e"", 1536], ""nonempty_experts"": 8, ""tokens_per_expert"": [1, 1, 1, 1, 1, 1, 1, 1, 0, 0, 0, 0, 0, 0, 0, 0, 0, 0, 0, 0, 0, 0, 0, 0, 0, 0, 0, 0, 0, 0, 0, 0, 0, 0, 0, 0, 0, 0, 0, 0, 0, 0, 0, 0, 0, 0, 0, 0, 0, 0, 0, 0, 0, 0, 0, 0, 0, 0, 0, 0, 0, 0, 0, 0, 0, 0, 0, 0, 0, 0, 0, 0, 0, 0, 0, 0, 0, 0, 0, 0, 0, 0, 0, 0, 0, 0, 0, 0, 0, 0, 0, 0, 0, 0, 0, 0, 0, 0, 0, 0, 0, 0, 0, 0, 0, 0, 0, 0, 0, 0, 0, 0, 0, 0, 0, 0, 0, 0, 0, 0, 0, 0, 0, 0, 0, 0, 0, 0]}",100663296,0,{},100663296,65536,24576,"Sum of unpadded per-expert GEMMs; each visited expert weight read once per layer, not once per token."
91,expert_up_proj,linear,"{""input_per_expert"": [""n_e"", 4096], ""weight_storage_each"": [1536, 4096], ""output_per_expert"": [""n_e"", 1536], ""nonempty_experts"": 8, ""tokens_per_expert"": [1, 1, 1, 1, 1, 1, 1, 1, 0, 0, 0, 0, 0, 0, 0, 0, 0, 0, 0, 0, 0, 0, 0, 0, 0, 0, 0, 0, 0, 0, 0, 0, 0, 0, 0, 0, 0, 0, 0, 0, 0, 0, 0, 0, 0, 0, 0, 0, 0, 0, 0, 0, 0, 0, 0, 0, 0, 0, 0, 0, 0, 0, 0, 0, 0, 0, 0, 0, 0, 0, 0, 0, 0, 0, 0, 0, 0, 0, 0, 0, 0, 0, 0, 0, 0, 0, 0, 0, 0, 0, 0, 0, 0, 0, 0, 0, 0, 0, 0, 0, 0, 0, 0, 0, 0, 0, 0, 0, 0, 0, 0, 0, 0, 0, 0, 0, 0, 0, 0, 0, 0, 0, 0, 0, 0, 0, 0, 0]}",100663296,0,{},100663296,65536,24576,"Sum of unpadded per-expert GEMMs; each visited expert weight read once per layer, not once per token."
91,expert_silu_mul,activation,"{""gate_and_up_each"": [8, 1536]}",0,49152,"{""exp"": 12288, ""negate"": 12288}",0,49152,24576,
91,expert_down_proj,linear,"{""input_per_expert"": [""n_e"", 1536], ""weight_storage_each"": [4096, 1536], ""output_per_expert"": [""n_e"", 4096], ""nonempty_experts"": 8, ""tokens_per_expert"": [1, 1, 1, 1, 1, 1, 1, 1, 0, 0, 0, 0, 0, 0, 0, 0, 0, 0, 0, 0, 0, 0, 0, 0, 0, 0, 0, 0, 0, 0, 0, 0, 0, 0, 0, 0, 0, 0, 0, 0, 0, 0, 0, 0, 0, 0, 0, 0, 0, 0, 0, 0, 0, 0, 0, 0, 0, 0, 0, 0, 0, 0, 0, 0, 0, 0, 0, 0, 0, 0, 0, 0, 0, 0, 0, 0, 0, 0, 0, 0, 0, 0, 0, 0, 0, 0, 0, 0, 0, 0, 0, 0, 0, 0, 0, 0, 0, 0, 0, 0, 0, 0, 0, 0, 0, 0, 0, 0, 0, 0, 0, 0, 0, 0, 0, 0, 0, 0, 0, 0, 0, 0, 0, 0, 0, 0, 0, 0]}",100663296,0,{},100663296,24576,65536,Unpadded per-expert GEMMs; empty experts have zero arithmetic and no weight payload.
91,expert_probability_multiply,routing,"{""expert_outputs"": [8, 4096], ""routing_weights"": [8]}",0,32768,{},0,65680,65536,Probability broadcast reuses one value per assignment; int64 token/slot indices included.
91,expert_output_zero,routing,"{""output"": [1, 4096]}",0,0,{},0,0,8192,Reference initializes final_hidden_states to zero.
91,expert_index_add,routing,"{""weighted_outputs"": [8, 4096], ""combined_output"": [1, 4096]}",0,32768,{},0,131136,65536,"Reference index_add includes the first add into zero; destination read/update per assignment is logical payload, not measured HBM."
91,ffn_residual,residual,"{""inputs_each"": [1, 4096], ""output"": [1, 4096]}",0,4096,{},0,16384,8192,
92,input_layernorm,normalization,"{""input"": [1, 4096], ""weight"": [4096], ""output"": [1, 4096]}",0,16385,"{""rsqrt"": 1}",8192,8192,8192,按 FP32 行内归约的代数计数；rsqrt、类型转换与临时 FP32 张量分列／不推断 HBM spill。
92,q_proj,linear,"{""input"": [1, 4096], ""weight_math"": [4096, 8192], ""weight_storage"": [8192, 4096], ""output"": [1, 8192]}",67108864,0,{},67108864,8192,16384,独立 GEMM：权重与输入各读一次、输出写一次的操作数载荷；不预测 tile 重读。
92,k_proj,linear,"{""input"": [1, 4096], ""weight_math"": [4096, 512], ""weight_storage"": [512, 4096], ""output"": [1, 512]}",4194304,0,{},4194304,8192,1024,独立 GEMM：权重与输入各读一次、输出写一次的操作数载荷；不预测 tile 重读。
92,v_proj,linear,"{""input"": [1, 4096], ""weight_math"": [4096, 512], ""weight_storage"": [512, 4096], ""output"": [1, 512]}",4194304,0,{},4194304,8192,1024,独立 GEMM：权重与输入各读一次、输出写一次的操作数载荷；不预测 tile 重读。
92,q_norm,normalization,"{""input"": [64, 128], ""weight"": [128], ""output"": [64, 128]}",0,32832,"{""rsqrt"": 64}",256,16384,16384,按 FP32 行内归约的代数计数；rsqrt、类型转换与临时 FP32 张量分列／不推断 HBM spill。
92,k_norm,normalization,"{""input"": [4, 128], ""weight"": [128], ""output"": [4, 128]}",0,2052,"{""rsqrt"": 4}",256,1024,1024,按 FP32 行内归约的代数计数；rsqrt、类型转换与临时 FP32 张量分列／不推断 HBM spill。
92,apply_rope,position,"{""Q"": [1, 64, 1, 128], ""K"": [1, 4, 1, 128]}",0,26112,"{""negate"": 4352}",0,17920,17408,2 multiply + 1 add/元素，rotate_half 符号翻转分列；表按批／头理想复用。
92,kv_append,state,"{""new_K_and_V_each"": [1, 4, 1, 128]}",0,0,{},0,2048,2048,原位／分页 append 载荷；不假定动态 torch.cat 对旧缓存整段复制。
92,qk,attention,"{""Q"": [1, 64, 1, 128], ""K_shared"": [1, 4, 8193, 128], ""scores_rectangular"": [1, 64, 1, 8193]}",134234112,0,{},0,8406016,2097408,FLOPs 仅有效因果位置；载荷是假定 Q/K 各读一次、GQA 头共享，完整分数矩阵物化。
92,score_scale_mask_softmax,softmax,"{""scores"": [1, 64, 1, 8193]}",0,2097344,"{""exp"": 524352, ""compare_max"": 524288, ""mask_decisions"": 524352}",0,2097408,2097408,选择的融合 scale/mask/softmax 代数工作；屏蔽点不计 exp。物化 FP32 默认概率；非具体 eager trace。
92,pv,attention,"{""P"": [1, 64, 1, 8193], ""V_shared"": [1, 4, 8193, 128], ""output"": [1, 64, 1, 128]}",134234112,0,{},0,10487040,16384,PV/AV：各 Q 头仍计算；V 容量不乘 GQA 复制数。载荷假定 V 在头／查询之间理想复用。
92,o_proj,linear,"{""input"": [1, 8192], ""weight_math"": [8192, 4096], ""weight_storage"": [4096, 8192], ""output"": [1, 4096]}",67108864,0,{},67108864,16384,8192,独立 GEMM：权重与输入各读一次、输出写一次的操作数载荷；不预测 tile 重读。
92,attention_residual,residual,"{""inputs_each"": [1, 4096], ""output"": [1, 4096]}",0,4096,{},0,16384,8192,
92,post_attention_layernorm,normalization,"{""input"": [1, 4096], ""weight"": [4096], ""output"": [1, 4096]}",0,16385,"{""rsqrt"": 1}",8192,8192,8192,按 FP32 行内归约的代数计数；rsqrt、类型转换与临时 FP32 张量分列／不推断 HBM spill。
92,router,linear,"{""input"": [1, 4096], ""weight_math"": [4096, 128], ""weight_storage"": [128, 4096], ""output"": [1, 128]}",1048576,0,{},1048576,8192,256,独立 GEMM：权重与输入各读一次、输出写一次的操作数载荷；不预测 tile 重读。
92,router_softmax,routing,"{""input"": [1, 128], ""probabilities_fp32"": [1, 128]}",0,383,"{""exp"": 128, ""compare_max"": 127}",0,256,512,"FP32 softmax: subtract max, exp, reduction, divide; casts are not FLOPs."
92,router_topk,routing,"{""input_fp32"": [1, 128], ""values_fp32"": [1, 8], ""indices_int64"": [1, 8]}",0,0,"{""topk_rows"": 1, ""topk_candidates"": 128}",0,512,96,Top-k is an explicit selection primitive; candidate counts are not comparisons or FLOPs. Backend selection algorithm is unspecified.
92,router_renormalize_cast,routing,"{""selected_probabilities"": [1, 8]}",0,15,{},0,32,16,"Selected probabilities are renormalized if norm_topk_prob, then cast to activation dtype; row reduction assumed on-chip."
92,routing_one_hot,routing_metadata,"{""selected_int64"": [1, 8], ""mask_int64"": [1, 8, 128]}",0,0,"{""one_hot_entries"": 1024}",0,64,8192,Pinned HF reference materializes one_hot int64; this large routing mask is not assumed in optimized dispatch.
92,routing_where,routing_metadata,"{""mask_int64"": [128, 8, 1], ""top_x_and_slot_each"": [8]}",0,0,"{""integer_nonzero_tests"": 1024}",0,8192,128,Scan each expert mask; two int64 coordinates per assignment. Permute is a view.
92,expert_gather,routing,"{""source"": [1, 4096], ""gathered_rows"": [8, 4096]}",0,0,{},0,65600,65536,Logical gathers summed over experts; n_e and each concrete GEMM shape are in expert_matrices.
92,expert_gate_proj,linear,"{""input_per_expert"": [""n_e"", 4096], ""weight_storage_each"": [1536, 4096], ""output_per_expert"": [""n_e"", 1536], ""nonempty_experts"": 8, ""tokens_per_expert"": [1, 1, 1, 1, 1, 1, 1, 1, 0, 0, 0, 0, 0, 0, 0, 0, 0, 0, 0, 0, 0, 0, 0, 0, 0, 0, 0, 0, 0, 0, 0, 0, 0, 0, 0, 0, 0, 0, 0, 0, 0, 0, 0, 0, 0, 0, 0, 0, 0, 0, 0, 0, 0, 0, 0, 0, 0, 0, 0, 0, 0, 0, 0, 0, 0, 0, 0, 0, 0, 0, 0, 0, 0, 0, 0, 0, 0, 0, 0, 0, 0, 0, 0, 0, 0, 0, 0, 0, 0, 0, 0, 0, 0, 0, 0, 0, 0, 0, 0, 0, 0, 0, 0, 0, 0, 0, 0, 0, 0, 0, 0, 0, 0, 0, 0, 0, 0, 0, 0, 0, 0, 0, 0, 0, 0, 0, 0, 0]}",100663296,0,{},100663296,65536,24576,"Sum of unpadded per-expert GEMMs; each visited expert weight read once per layer, not once per token."
92,expert_up_proj,linear,"{""input_per_expert"": [""n_e"", 4096], ""weight_storage_each"": [1536, 4096], ""output_per_expert"": [""n_e"", 1536], ""nonempty_experts"": 8, ""tokens_per_expert"": [1, 1, 1, 1, 1, 1, 1, 1, 0, 0, 0, 0, 0, 0, 0, 0, 0, 0, 0, 0, 0, 0, 0, 0, 0, 0, 0, 0, 0, 0, 0, 0, 0, 0, 0, 0, 0, 0, 0, 0, 0, 0, 0, 0, 0, 0, 0, 0, 0, 0, 0, 0, 0, 0, 0, 0, 0, 0, 0, 0, 0, 0, 0, 0, 0, 0, 0, 0, 0, 0, 0, 0, 0, 0, 0, 0, 0, 0, 0, 0, 0, 0, 0, 0, 0, 0, 0, 0, 0, 0, 0, 0, 0, 0, 0, 0, 0, 0, 0, 0, 0, 0, 0, 0, 0, 0, 0, 0, 0, 0, 0, 0, 0, 0, 0, 0, 0, 0, 0, 0, 0, 0, 0, 0, 0, 0, 0, 0]}",100663296,0,{},100663296,65536,24576,"Sum of unpadded per-expert GEMMs; each visited expert weight read once per layer, not once per token."
92,expert_silu_mul,activation,"{""gate_and_up_each"": [8, 1536]}",0,49152,"{""exp"": 12288, ""negate"": 12288}",0,49152,24576,
92,expert_down_proj,linear,"{""input_per_expert"": [""n_e"", 1536], ""weight_storage_each"": [4096, 1536], ""output_per_expert"": [""n_e"", 4096], ""nonempty_experts"": 8, ""tokens_per_expert"": [1, 1, 1, 1, 1, 1, 1, 1, 0, 0, 0, 0, 0, 0, 0, 0, 0, 0, 0, 0, 0, 0, 0, 0, 0, 0, 0, 0, 0, 0, 0, 0, 0, 0, 0, 0, 0, 0, 0, 0, 0, 0, 0, 0, 0, 0, 0, 0, 0, 0, 0, 0, 0, 0, 0, 0, 0, 0, 0, 0, 0, 0, 0, 0, 0, 0, 0, 0, 0, 0, 0, 0, 0, 0, 0, 0, 0, 0, 0, 0, 0, 0, 0, 0, 0, 0, 0, 0, 0, 0, 0, 0, 0, 0, 0, 0, 0, 0, 0, 0, 0, 0, 0, 0, 0, 0, 0, 0, 0, 0, 0, 0, 0, 0, 0, 0, 0, 0, 0, 0, 0, 0, 0, 0, 0, 0, 0, 0]}",100663296,0,{},100663296,24576,65536,Unpadded per-expert GEMMs; empty experts have zero arithmetic and no weight payload.
92,expert_probability_multiply,routing,"{""expert_outputs"": [8, 4096], ""routing_weights"": [8]}",0,32768,{},0,65680,65536,Probability broadcast reuses one value per assignment; int64 token/slot indices included.
92,expert_output_zero,routing,"{""output"": [1, 4096]}",0,0,{},0,0,8192,Reference initializes final_hidden_states to zero.
92,expert_index_add,routing,"{""weighted_outputs"": [8, 4096], ""combined_output"": [1, 4096]}",0,32768,{},0,131136,65536,"Reference index_add includes the first add into zero; destination read/update per assignment is logical payload, not measured HBM."
92,ffn_residual,residual,"{""inputs_each"": [1, 4096], ""output"": [1, 4096]}",0,4096,{},0,16384,8192,
93,input_layernorm,normalization,"{""input"": [1, 4096], ""weight"": [4096], ""output"": [1, 4096]}",0,16385,"{""rsqrt"": 1}",8192,8192,8192,按 FP32 行内归约的代数计数；rsqrt、类型转换与临时 FP32 张量分列／不推断 HBM spill。
93,q_proj,linear,"{""input"": [1, 4096], ""weight_math"": [4096, 8192], ""weight_storage"": [8192, 4096], ""output"": [1, 8192]}",67108864,0,{},67108864,8192,16384,独立 GEMM：权重与输入各读一次、输出写一次的操作数载荷；不预测 tile 重读。
93,k_proj,linear,"{""input"": [1, 4096], ""weight_math"": [4096, 512], ""weight_storage"": [512, 4096], ""output"": [1, 512]}",4194304,0,{},4194304,8192,1024,独立 GEMM：权重与输入各读一次、输出写一次的操作数载荷；不预测 tile 重读。
93,v_proj,linear,"{""input"": [1, 4096], ""weight_math"": [4096, 512], ""weight_storage"": [512, 4096], ""output"": [1, 512]}",4194304,0,{},4194304,8192,1024,独立 GEMM：权重与输入各读一次、输出写一次的操作数载荷；不预测 tile 重读。
93,q_norm,normalization,"{""input"": [64, 128], ""weight"": [128], ""output"": [64, 128]}",0,32832,"{""rsqrt"": 64}",256,16384,16384,按 FP32 行内归约的代数计数；rsqrt、类型转换与临时 FP32 张量分列／不推断 HBM spill。
93,k_norm,normalization,"{""input"": [4, 128], ""weight"": [128], ""output"": [4, 128]}",0,2052,"{""rsqrt"": 4}",256,1024,1024,按 FP32 行内归约的代数计数；rsqrt、类型转换与临时 FP32 张量分列／不推断 HBM spill。
93,apply_rope,position,"{""Q"": [1, 64, 1, 128], ""K"": [1, 4, 1, 128]}",0,26112,"{""negate"": 4352}",0,17920,17408,2 multiply + 1 add/元素，rotate_half 符号翻转分列；表按批／头理想复用。
93,kv_append,state,"{""new_K_and_V_each"": [1, 4, 1, 128]}",0,0,{},0,2048,2048,原位／分页 append 载荷；不假定动态 torch.cat 对旧缓存整段复制。
93,qk,attention,"{""Q"": [1, 64, 1, 128], ""K_shared"": [1, 4, 8193, 128], ""scores_rectangular"": [1, 64, 1, 8193]}",134234112,0,{},0,8406016,2097408,FLOPs 仅有效因果位置；载荷是假定 Q/K 各读一次、GQA 头共享，完整分数矩阵物化。
93,score_scale_mask_softmax,softmax,"{""scores"": [1, 64, 1, 8193]}",0,2097344,"{""exp"": 524352, ""compare_max"": 524288, ""mask_decisions"": 524352}",0,2097408,2097408,选择的融合 scale/mask/softmax 代数工作；屏蔽点不计 exp。物化 FP32 默认概率；非具体 eager trace。
93,pv,attention,"{""P"": [1, 64, 1, 8193], ""V_shared"": [1, 4, 8193, 128], ""output"": [1, 64, 1, 128]}",134234112,0,{},0,10487040,16384,PV/AV：各 Q 头仍计算；V 容量不乘 GQA 复制数。载荷假定 V 在头／查询之间理想复用。
93,o_proj,linear,"{""input"": [1, 8192], ""weight_math"": [8192, 4096], ""weight_storage"": [4096, 8192], ""output"": [1, 4096]}",67108864,0,{},67108864,16384,8192,独立 GEMM：权重与输入各读一次、输出写一次的操作数载荷；不预测 tile 重读。
93,attention_residual,residual,"{""inputs_each"": [1, 4096], ""output"": [1, 4096]}",0,4096,{},0,16384,8192,
93,post_attention_layernorm,normalization,"{""input"": [1, 4096], ""weight"": [4096], ""output"": [1, 4096]}",0,16385,"{""rsqrt"": 1}",8192,8192,8192,按 FP32 行内归约的代数计数；rsqrt、类型转换与临时 FP32 张量分列／不推断 HBM spill。
93,router,linear,"{""input"": [1, 4096], ""weight_math"": [4096, 128], ""weight_storage"": [128, 4096], ""output"": [1, 128]}",1048576,0,{},1048576,8192,256,独立 GEMM：权重与输入各读一次、输出写一次的操作数载荷；不预测 tile 重读。
93,router_softmax,routing,"{""input"": [1, 128], ""probabilities_fp32"": [1, 128]}",0,383,"{""exp"": 128, ""compare_max"": 127}",0,256,512,"FP32 softmax: subtract max, exp, reduction, divide; casts are not FLOPs."
93,router_topk,routing,"{""input_fp32"": [1, 128], ""values_fp32"": [1, 8], ""indices_int64"": [1, 8]}",0,0,"{""topk_rows"": 1, ""topk_candidates"": 128}",0,512,96,Top-k is an explicit selection primitive; candidate counts are not comparisons or FLOPs. Backend selection algorithm is unspecified.
93,router_renormalize_cast,routing,"{""selected_probabilities"": [1, 8]}",0,15,{},0,32,16,"Selected probabilities are renormalized if norm_topk_prob, then cast to activation dtype; row reduction assumed on-chip."
93,routing_one_hot,routing_metadata,"{""selected_int64"": [1, 8], ""mask_int64"": [1, 8, 128]}",0,0,"{""one_hot_entries"": 1024}",0,64,8192,Pinned HF reference materializes one_hot int64; this large routing mask is not assumed in optimized dispatch.
93,routing_where,routing_metadata,"{""mask_int64"": [128, 8, 1], ""top_x_and_slot_each"": [8]}",0,0,"{""integer_nonzero_tests"": 1024}",0,8192,128,Scan each expert mask; two int64 coordinates per assignment. Permute is a view.
93,expert_gather,routing,"{""source"": [1, 4096], ""gathered_rows"": [8, 4096]}",0,0,{},0,65600,65536,Logical gathers summed over experts; n_e and each concrete GEMM shape are in expert_matrices.
93,expert_gate_proj,linear,"{""input_per_expert"": [""n_e"", 4096], ""weight_storage_each"": [1536, 4096], ""output_per_expert"": [""n_e"", 1536], ""nonempty_experts"": 8, ""tokens_per_expert"": [1, 1, 1, 1, 1, 1, 1, 1, 0, 0, 0, 0, 0, 0, 0, 0, 0, 0, 0, 0, 0, 0, 0, 0, 0, 0, 0, 0, 0, 0, 0, 0, 0, 0, 0, 0, 0, 0, 0, 0, 0, 0, 0, 0, 0, 0, 0, 0, 0, 0, 0, 0, 0, 0, 0, 0, 0, 0, 0, 0, 0, 0, 0, 0, 0, 0, 0, 0, 0, 0, 0, 0, 0, 0, 0, 0, 0, 0, 0, 0, 0, 0, 0, 0, 0, 0, 0, 0, 0, 0, 0, 0, 0, 0, 0, 0, 0, 0, 0, 0, 0, 0, 0, 0, 0, 0, 0, 0, 0, 0, 0, 0, 0, 0, 0, 0, 0, 0, 0, 0, 0, 0, 0, 0, 0, 0, 0, 0]}",100663296,0,{},100663296,65536,24576,"Sum of unpadded per-expert GEMMs; each visited expert weight read once per layer, not once per token."
93,expert_up_proj,linear,"{""input_per_expert"": [""n_e"", 4096], ""weight_storage_each"": [1536, 4096], ""output_per_expert"": [""n_e"", 1536], ""nonempty_experts"": 8, ""tokens_per_expert"": [1, 1, 1, 1, 1, 1, 1, 1, 0, 0, 0, 0, 0, 0, 0, 0, 0, 0, 0, 0, 0, 0, 0, 0, 0, 0, 0, 0, 0, 0, 0, 0, 0, 0, 0, 0, 0, 0, 0, 0, 0, 0, 0, 0, 0, 0, 0, 0, 0, 0, 0, 0, 0, 0, 0, 0, 0, 0, 0, 0, 0, 0, 0, 0, 0, 0, 0, 0, 0, 0, 0, 0, 0, 0, 0, 0, 0, 0, 0, 0, 0, 0, 0, 0, 0, 0, 0, 0, 0, 0, 0, 0, 0, 0, 0, 0, 0, 0, 0, 0, 0, 0, 0, 0, 0, 0, 0, 0, 0, 0, 0, 0, 0, 0, 0, 0, 0, 0, 0, 0, 0, 0, 0, 0, 0, 0, 0, 0]}",100663296,0,{},100663296,65536,24576,"Sum of unpadded per-expert GEMMs; each visited expert weight read once per layer, not once per token."
93,expert_silu_mul,activation,"{""gate_and_up_each"": [8, 1536]}",0,49152,"{""exp"": 12288, ""negate"": 12288}",0,49152,24576,
93,expert_down_proj,linear,"{""input_per_expert"": [""n_e"", 1536], ""weight_storage_each"": [4096, 1536], ""output_per_expert"": [""n_e"", 4096], ""nonempty_experts"": 8, ""tokens_per_expert"": [1, 1, 1, 1, 1, 1, 1, 1, 0, 0, 0, 0, 0, 0, 0, 0, 0, 0, 0, 0, 0, 0, 0, 0, 0, 0, 0, 0, 0, 0, 0, 0, 0, 0, 0, 0, 0, 0, 0, 0, 0, 0, 0, 0, 0, 0, 0, 0, 0, 0, 0, 0, 0, 0, 0, 0, 0, 0, 0, 0, 0, 0, 0, 0, 0, 0, 0, 0, 0, 0, 0, 0, 0, 0, 0, 0, 0, 0, 0, 0, 0, 0, 0, 0, 0, 0, 0, 0, 0, 0, 0, 0, 0, 0, 0, 0, 0, 0, 0, 0, 0, 0, 0, 0, 0, 0, 0, 0, 0, 0, 0, 0, 0, 0, 0, 0, 0, 0, 0, 0, 0, 0, 0, 0, 0, 0, 0, 0]}",100663296,0,{},100663296,24576,65536,Unpadded per-expert GEMMs; empty experts have zero arithmetic and no weight payload.
93,expert_probability_multiply,routing,"{""expert_outputs"": [8, 4096], ""routing_weights"": [8]}",0,32768,{},0,65680,65536,Probability broadcast reuses one value per assignment; int64 token/slot indices included.
93,expert_output_zero,routing,"{""output"": [1, 4096]}",0,0,{},0,0,8192,Reference initializes final_hidden_states to zero.
93,expert_index_add,routing,"{""weighted_outputs"": [8, 4096], ""combined_output"": [1, 4096]}",0,32768,{},0,131136,65536,"Reference index_add includes the first add into zero; destination read/update per assignment is logical payload, not measured HBM."
93,ffn_residual,residual,"{""inputs_each"": [1, 4096], ""output"": [1, 4096]}",0,4096,{},0,16384,8192,
global,final_norm,normalization,"{""input"": [1, 4096], ""weight"": [4096], ""output"": [1, 4096]}",0,16385,"{""rsqrt"": 1}",8192,8192,8192,按 FP32 行内归约的代数计数；rsqrt、类型转换与临时 FP32 张量分列／不推断 HBM spill。
global,lm_head,linear,"{""input"": [1, 4096], ""weight_math"": [4096, 151936], ""weight_storage"": [151936, 4096], ""output"": [1, 151936]}",1244659712,0,{},1244659712,8192,303872,独立 GEMM：权重与输入各读一次、输出写一次的操作数载荷；不预测 tile 重读。
