layer,name,category,shapes,matrix_flops,scalar_flops,special_ops,weight_read_bytes,activation_read_bytes,activation_write_bytes,notes
global,embedding,embedding,"{""indices"": [1, 1], ""table"": [151936, 4096], ""output"": [1, 4096]}",0,0,{},8192,8,8192,每 token 一次行查找，不读取整个词表；重复 token 是否缓存未假定。int64 输入索引。
global,rope_table,position,"{""frequencies"": [1, 64], ""cos_sin_each"": [1, 128]}",0,64,"{""sin"": 128, ""cos"": 128}",0,264,512,同位置 ID 批共享，所有层复用；inv_freq 固定不计初始化。参考路径复制频率后求 sin/cos；转换另计。
0,input_layernorm,normalization,"{""input"": [1, 4096], ""weight"": [4096], ""output"": [1, 4096]}",0,16385,"{""rsqrt"": 1}",8192,8192,8192,按 FP32 行内归约的代数计数；rsqrt、类型转换与临时 FP32 张量分列／不推断 HBM spill。
0,q_proj,linear,"{""input"": [1, 4096], ""weight_math"": [4096, 4096], ""weight_storage"": [4096, 4096], ""output"": [1, 4096]}",33554432,0,{},33554432,8192,8192,独立 GEMM：权重与输入各读一次、输出写一次的操作数载荷；不预测 tile 重读。
0,k_proj,linear,"{""input"": [1, 4096], ""weight_math"": [4096, 1024], ""weight_storage"": [1024, 4096], ""output"": [1, 1024]}",8388608,0,{},8388608,8192,2048,独立 GEMM：权重与输入各读一次、输出写一次的操作数载荷；不预测 tile 重读。
0,v_proj,linear,"{""input"": [1, 4096], ""weight_math"": [4096, 1024], ""weight_storage"": [1024, 4096], ""output"": [1, 1024]}",8388608,0,{},8388608,8192,2048,独立 GEMM：权重与输入各读一次、输出写一次的操作数载荷；不预测 tile 重读。
0,q_norm,normalization,"{""input"": [32, 128], ""weight"": [128], ""output"": [32, 128]}",0,16416,"{""rsqrt"": 32}",256,8192,8192,按 FP32 行内归约的代数计数；rsqrt、类型转换与临时 FP32 张量分列／不推断 HBM spill。
0,k_norm,normalization,"{""input"": [8, 128], ""weight"": [128], ""output"": [8, 128]}",0,4104,"{""rsqrt"": 8}",256,2048,2048,按 FP32 行内归约的代数计数；rsqrt、类型转换与临时 FP32 张量分列／不推断 HBM spill。
0,apply_rope,position,"{""Q"": [1, 32, 1, 128], ""K"": [1, 8, 1, 128]}",0,15360,"{""negate"": 2560}",0,10752,10240,2 multiply + 1 add/元素，rotate_half 符号翻转分列；表按批／头理想复用。
0,kv_append,state,"{""new_K_and_V_each"": [1, 8, 1, 128]}",0,0,{},0,4096,4096,原位／分页 append 载荷；不假定动态 torch.cat 对旧缓存整段复制。
0,qk,attention,"{""Q"": [1, 32, 1, 128], ""K_shared"": [1, 8, 8193, 128], ""scores_rectangular"": [1, 32, 1, 8193]}",67117056,0,{},0,16787456,1048704,FLOPs 仅有效因果位置；载荷是假定 Q/K 各读一次、GQA 头共享，完整分数矩阵物化。
0,score_scale_mask_softmax,softmax,"{""scores"": [1, 32, 1, 8193]}",0,1048672,"{""exp"": 262176, ""compare_max"": 262144, ""mask_decisions"": 262176}",0,1048704,1048704,选择的融合 scale/mask/softmax 代数工作；屏蔽点不计 exp。物化 FP32 默认概率；非具体 eager trace。
0,pv,attention,"{""P"": [1, 32, 1, 8193], ""V_shared"": [1, 8, 8193, 128], ""output"": [1, 32, 1, 128]}",67117056,0,{},0,17827968,8192,PV/AV：各 Q 头仍计算；V 容量不乘 GQA 复制数。载荷假定 V 在头／查询之间理想复用。
0,o_proj,linear,"{""input"": [1, 4096], ""weight_math"": [4096, 4096], ""weight_storage"": [4096, 4096], ""output"": [1, 4096]}",33554432,0,{},33554432,8192,8192,独立 GEMM：权重与输入各读一次、输出写一次的操作数载荷；不预测 tile 重读。
0,attention_residual,residual,"{""inputs_each"": [1, 4096], ""output"": [1, 4096]}",0,4096,{},0,16384,8192,
0,post_attention_layernorm,normalization,"{""input"": [1, 4096], ""weight"": [4096], ""output"": [1, 4096]}",0,16385,"{""rsqrt"": 1}",8192,8192,8192,按 FP32 行内归约的代数计数；rsqrt、类型转换与临时 FP32 张量分列／不推断 HBM spill。
0,gate_proj,linear,"{""input"": [1, 4096], ""weight_math"": [4096, 12288], ""weight_storage"": [12288, 4096], ""output"": [1, 12288]}",100663296,0,{},100663296,8192,24576,独立 GEMM：权重与输入各读一次、输出写一次的操作数载荷；不预测 tile 重读。
0,up_proj,linear,"{""input"": [1, 4096], ""weight_math"": [4096, 12288], ""weight_storage"": [12288, 4096], ""output"": [1, 12288]}",100663296,0,{},100663296,8192,24576,独立 GEMM：权重与输入各读一次、输出写一次的操作数载荷；不预测 tile 重读。
0,silu_mul,activation,"{""gate"": [1, 12288], ""up"": [1, 12288], ""output"": [1, 12288]}",0,49152,"{""exp"": 12288, ""negate"": 12288}",0,49152,24576,"sigmoid: exp(-x), +1, reciprocal；再乘 x 和 up。exp 与取负分列。"
0,down_proj,linear,"{""input"": [1, 12288], ""weight_math"": [12288, 4096], ""weight_storage"": [4096, 12288], ""output"": [1, 4096]}",100663296,0,{},100663296,24576,8192,独立 GEMM：权重与输入各读一次、输出写一次的操作数载荷；不预测 tile 重读。
0,ffn_residual,residual,"{""inputs_each"": [1, 4096], ""output"": [1, 4096]}",0,4096,{},0,16384,8192,
1,input_layernorm,normalization,"{""input"": [1, 4096], ""weight"": [4096], ""output"": [1, 4096]}",0,16385,"{""rsqrt"": 1}",8192,8192,8192,按 FP32 行内归约的代数计数；rsqrt、类型转换与临时 FP32 张量分列／不推断 HBM spill。
1,q_proj,linear,"{""input"": [1, 4096], ""weight_math"": [4096, 4096], ""weight_storage"": [4096, 4096], ""output"": [1, 4096]}",33554432,0,{},33554432,8192,8192,独立 GEMM：权重与输入各读一次、输出写一次的操作数载荷；不预测 tile 重读。
1,k_proj,linear,"{""input"": [1, 4096], ""weight_math"": [4096, 1024], ""weight_storage"": [1024, 4096], ""output"": [1, 1024]}",8388608,0,{},8388608,8192,2048,独立 GEMM：权重与输入各读一次、输出写一次的操作数载荷；不预测 tile 重读。
1,v_proj,linear,"{""input"": [1, 4096], ""weight_math"": [4096, 1024], ""weight_storage"": [1024, 4096], ""output"": [1, 1024]}",8388608,0,{},8388608,8192,2048,独立 GEMM：权重与输入各读一次、输出写一次的操作数载荷；不预测 tile 重读。
1,q_norm,normalization,"{""input"": [32, 128], ""weight"": [128], ""output"": [32, 128]}",0,16416,"{""rsqrt"": 32}",256,8192,8192,按 FP32 行内归约的代数计数；rsqrt、类型转换与临时 FP32 张量分列／不推断 HBM spill。
1,k_norm,normalization,"{""input"": [8, 128], ""weight"": [128], ""output"": [8, 128]}",0,4104,"{""rsqrt"": 8}",256,2048,2048,按 FP32 行内归约的代数计数；rsqrt、类型转换与临时 FP32 张量分列／不推断 HBM spill。
1,apply_rope,position,"{""Q"": [1, 32, 1, 128], ""K"": [1, 8, 1, 128]}",0,15360,"{""negate"": 2560}",0,10752,10240,2 multiply + 1 add/元素，rotate_half 符号翻转分列；表按批／头理想复用。
1,kv_append,state,"{""new_K_and_V_each"": [1, 8, 1, 128]}",0,0,{},0,4096,4096,原位／分页 append 载荷；不假定动态 torch.cat 对旧缓存整段复制。
1,qk,attention,"{""Q"": [1, 32, 1, 128], ""K_shared"": [1, 8, 8193, 128], ""scores_rectangular"": [1, 32, 1, 8193]}",67117056,0,{},0,16787456,1048704,FLOPs 仅有效因果位置；载荷是假定 Q/K 各读一次、GQA 头共享，完整分数矩阵物化。
1,score_scale_mask_softmax,softmax,"{""scores"": [1, 32, 1, 8193]}",0,1048672,"{""exp"": 262176, ""compare_max"": 262144, ""mask_decisions"": 262176}",0,1048704,1048704,选择的融合 scale/mask/softmax 代数工作；屏蔽点不计 exp。物化 FP32 默认概率；非具体 eager trace。
1,pv,attention,"{""P"": [1, 32, 1, 8193], ""V_shared"": [1, 8, 8193, 128], ""output"": [1, 32, 1, 128]}",67117056,0,{},0,17827968,8192,PV/AV：各 Q 头仍计算；V 容量不乘 GQA 复制数。载荷假定 V 在头／查询之间理想复用。
1,o_proj,linear,"{""input"": [1, 4096], ""weight_math"": [4096, 4096], ""weight_storage"": [4096, 4096], ""output"": [1, 4096]}",33554432,0,{},33554432,8192,8192,独立 GEMM：权重与输入各读一次、输出写一次的操作数载荷；不预测 tile 重读。
1,attention_residual,residual,"{""inputs_each"": [1, 4096], ""output"": [1, 4096]}",0,4096,{},0,16384,8192,
1,post_attention_layernorm,normalization,"{""input"": [1, 4096], ""weight"": [4096], ""output"": [1, 4096]}",0,16385,"{""rsqrt"": 1}",8192,8192,8192,按 FP32 行内归约的代数计数；rsqrt、类型转换与临时 FP32 张量分列／不推断 HBM spill。
1,gate_proj,linear,"{""input"": [1, 4096], ""weight_math"": [4096, 12288], ""weight_storage"": [12288, 4096], ""output"": [1, 12288]}",100663296,0,{},100663296,8192,24576,独立 GEMM：权重与输入各读一次、输出写一次的操作数载荷；不预测 tile 重读。
1,up_proj,linear,"{""input"": [1, 4096], ""weight_math"": [4096, 12288], ""weight_storage"": [12288, 4096], ""output"": [1, 12288]}",100663296,0,{},100663296,8192,24576,独立 GEMM：权重与输入各读一次、输出写一次的操作数载荷；不预测 tile 重读。
1,silu_mul,activation,"{""gate"": [1, 12288], ""up"": [1, 12288], ""output"": [1, 12288]}",0,49152,"{""exp"": 12288, ""negate"": 12288}",0,49152,24576,"sigmoid: exp(-x), +1, reciprocal；再乘 x 和 up。exp 与取负分列。"
1,down_proj,linear,"{""input"": [1, 12288], ""weight_math"": [12288, 4096], ""weight_storage"": [4096, 12288], ""output"": [1, 4096]}",100663296,0,{},100663296,24576,8192,独立 GEMM：权重与输入各读一次、输出写一次的操作数载荷；不预测 tile 重读。
1,ffn_residual,residual,"{""inputs_each"": [1, 4096], ""output"": [1, 4096]}",0,4096,{},0,16384,8192,
2,input_layernorm,normalization,"{""input"": [1, 4096], ""weight"": [4096], ""output"": [1, 4096]}",0,16385,"{""rsqrt"": 1}",8192,8192,8192,按 FP32 行内归约的代数计数；rsqrt、类型转换与临时 FP32 张量分列／不推断 HBM spill。
2,q_proj,linear,"{""input"": [1, 4096], ""weight_math"": [4096, 4096], ""weight_storage"": [4096, 4096], ""output"": [1, 4096]}",33554432,0,{},33554432,8192,8192,独立 GEMM：权重与输入各读一次、输出写一次的操作数载荷；不预测 tile 重读。
2,k_proj,linear,"{""input"": [1, 4096], ""weight_math"": [4096, 1024], ""weight_storage"": [1024, 4096], ""output"": [1, 1024]}",8388608,0,{},8388608,8192,2048,独立 GEMM：权重与输入各读一次、输出写一次的操作数载荷；不预测 tile 重读。
2,v_proj,linear,"{""input"": [1, 4096], ""weight_math"": [4096, 1024], ""weight_storage"": [1024, 4096], ""output"": [1, 1024]}",8388608,0,{},8388608,8192,2048,独立 GEMM：权重与输入各读一次、输出写一次的操作数载荷；不预测 tile 重读。
2,q_norm,normalization,"{""input"": [32, 128], ""weight"": [128], ""output"": [32, 128]}",0,16416,"{""rsqrt"": 32}",256,8192,8192,按 FP32 行内归约的代数计数；rsqrt、类型转换与临时 FP32 张量分列／不推断 HBM spill。
2,k_norm,normalization,"{""input"": [8, 128], ""weight"": [128], ""output"": [8, 128]}",0,4104,"{""rsqrt"": 8}",256,2048,2048,按 FP32 行内归约的代数计数；rsqrt、类型转换与临时 FP32 张量分列／不推断 HBM spill。
2,apply_rope,position,"{""Q"": [1, 32, 1, 128], ""K"": [1, 8, 1, 128]}",0,15360,"{""negate"": 2560}",0,10752,10240,2 multiply + 1 add/元素，rotate_half 符号翻转分列；表按批／头理想复用。
2,kv_append,state,"{""new_K_and_V_each"": [1, 8, 1, 128]}",0,0,{},0,4096,4096,原位／分页 append 载荷；不假定动态 torch.cat 对旧缓存整段复制。
2,qk,attention,"{""Q"": [1, 32, 1, 128], ""K_shared"": [1, 8, 8193, 128], ""scores_rectangular"": [1, 32, 1, 8193]}",67117056,0,{},0,16787456,1048704,FLOPs 仅有效因果位置；载荷是假定 Q/K 各读一次、GQA 头共享，完整分数矩阵物化。
2,score_scale_mask_softmax,softmax,"{""scores"": [1, 32, 1, 8193]}",0,1048672,"{""exp"": 262176, ""compare_max"": 262144, ""mask_decisions"": 262176}",0,1048704,1048704,选择的融合 scale/mask/softmax 代数工作；屏蔽点不计 exp。物化 FP32 默认概率；非具体 eager trace。
2,pv,attention,"{""P"": [1, 32, 1, 8193], ""V_shared"": [1, 8, 8193, 128], ""output"": [1, 32, 1, 128]}",67117056,0,{},0,17827968,8192,PV/AV：各 Q 头仍计算；V 容量不乘 GQA 复制数。载荷假定 V 在头／查询之间理想复用。
2,o_proj,linear,"{""input"": [1, 4096], ""weight_math"": [4096, 4096], ""weight_storage"": [4096, 4096], ""output"": [1, 4096]}",33554432,0,{},33554432,8192,8192,独立 GEMM：权重与输入各读一次、输出写一次的操作数载荷；不预测 tile 重读。
2,attention_residual,residual,"{""inputs_each"": [1, 4096], ""output"": [1, 4096]}",0,4096,{},0,16384,8192,
2,post_attention_layernorm,normalization,"{""input"": [1, 4096], ""weight"": [4096], ""output"": [1, 4096]}",0,16385,"{""rsqrt"": 1}",8192,8192,8192,按 FP32 行内归约的代数计数；rsqrt、类型转换与临时 FP32 张量分列／不推断 HBM spill。
2,gate_proj,linear,"{""input"": [1, 4096], ""weight_math"": [4096, 12288], ""weight_storage"": [12288, 4096], ""output"": [1, 12288]}",100663296,0,{},100663296,8192,24576,独立 GEMM：权重与输入各读一次、输出写一次的操作数载荷；不预测 tile 重读。
2,up_proj,linear,"{""input"": [1, 4096], ""weight_math"": [4096, 12288], ""weight_storage"": [12288, 4096], ""output"": [1, 12288]}",100663296,0,{},100663296,8192,24576,独立 GEMM：权重与输入各读一次、输出写一次的操作数载荷；不预测 tile 重读。
2,silu_mul,activation,"{""gate"": [1, 12288], ""up"": [1, 12288], ""output"": [1, 12288]}",0,49152,"{""exp"": 12288, ""negate"": 12288}",0,49152,24576,"sigmoid: exp(-x), +1, reciprocal；再乘 x 和 up。exp 与取负分列。"
2,down_proj,linear,"{""input"": [1, 12288], ""weight_math"": [12288, 4096], ""weight_storage"": [4096, 12288], ""output"": [1, 4096]}",100663296,0,{},100663296,24576,8192,独立 GEMM：权重与输入各读一次、输出写一次的操作数载荷；不预测 tile 重读。
2,ffn_residual,residual,"{""inputs_each"": [1, 4096], ""output"": [1, 4096]}",0,4096,{},0,16384,8192,
3,input_layernorm,normalization,"{""input"": [1, 4096], ""weight"": [4096], ""output"": [1, 4096]}",0,16385,"{""rsqrt"": 1}",8192,8192,8192,按 FP32 行内归约的代数计数；rsqrt、类型转换与临时 FP32 张量分列／不推断 HBM spill。
3,q_proj,linear,"{""input"": [1, 4096], ""weight_math"": [4096, 4096], ""weight_storage"": [4096, 4096], ""output"": [1, 4096]}",33554432,0,{},33554432,8192,8192,独立 GEMM：权重与输入各读一次、输出写一次的操作数载荷；不预测 tile 重读。
3,k_proj,linear,"{""input"": [1, 4096], ""weight_math"": [4096, 1024], ""weight_storage"": [1024, 4096], ""output"": [1, 1024]}",8388608,0,{},8388608,8192,2048,独立 GEMM：权重与输入各读一次、输出写一次的操作数载荷；不预测 tile 重读。
3,v_proj,linear,"{""input"": [1, 4096], ""weight_math"": [4096, 1024], ""weight_storage"": [1024, 4096], ""output"": [1, 1024]}",8388608,0,{},8388608,8192,2048,独立 GEMM：权重与输入各读一次、输出写一次的操作数载荷；不预测 tile 重读。
3,q_norm,normalization,"{""input"": [32, 128], ""weight"": [128], ""output"": [32, 128]}",0,16416,"{""rsqrt"": 32}",256,8192,8192,按 FP32 行内归约的代数计数；rsqrt、类型转换与临时 FP32 张量分列／不推断 HBM spill。
3,k_norm,normalization,"{""input"": [8, 128], ""weight"": [128], ""output"": [8, 128]}",0,4104,"{""rsqrt"": 8}",256,2048,2048,按 FP32 行内归约的代数计数；rsqrt、类型转换与临时 FP32 张量分列／不推断 HBM spill。
3,apply_rope,position,"{""Q"": [1, 32, 1, 128], ""K"": [1, 8, 1, 128]}",0,15360,"{""negate"": 2560}",0,10752,10240,2 multiply + 1 add/元素，rotate_half 符号翻转分列；表按批／头理想复用。
3,kv_append,state,"{""new_K_and_V_each"": [1, 8, 1, 128]}",0,0,{},0,4096,4096,原位／分页 append 载荷；不假定动态 torch.cat 对旧缓存整段复制。
3,qk,attention,"{""Q"": [1, 32, 1, 128], ""K_shared"": [1, 8, 8193, 128], ""scores_rectangular"": [1, 32, 1, 8193]}",67117056,0,{},0,16787456,1048704,FLOPs 仅有效因果位置；载荷是假定 Q/K 各读一次、GQA 头共享，完整分数矩阵物化。
3,score_scale_mask_softmax,softmax,"{""scores"": [1, 32, 1, 8193]}",0,1048672,"{""exp"": 262176, ""compare_max"": 262144, ""mask_decisions"": 262176}",0,1048704,1048704,选择的融合 scale/mask/softmax 代数工作；屏蔽点不计 exp。物化 FP32 默认概率；非具体 eager trace。
3,pv,attention,"{""P"": [1, 32, 1, 8193], ""V_shared"": [1, 8, 8193, 128], ""output"": [1, 32, 1, 128]}",67117056,0,{},0,17827968,8192,PV/AV：各 Q 头仍计算；V 容量不乘 GQA 复制数。载荷假定 V 在头／查询之间理想复用。
3,o_proj,linear,"{""input"": [1, 4096], ""weight_math"": [4096, 4096], ""weight_storage"": [4096, 4096], ""output"": [1, 4096]}",33554432,0,{},33554432,8192,8192,独立 GEMM：权重与输入各读一次、输出写一次的操作数载荷；不预测 tile 重读。
3,attention_residual,residual,"{""inputs_each"": [1, 4096], ""output"": [1, 4096]}",0,4096,{},0,16384,8192,
3,post_attention_layernorm,normalization,"{""input"": [1, 4096], ""weight"": [4096], ""output"": [1, 4096]}",0,16385,"{""rsqrt"": 1}",8192,8192,8192,按 FP32 行内归约的代数计数；rsqrt、类型转换与临时 FP32 张量分列／不推断 HBM spill。
3,gate_proj,linear,"{""input"": [1, 4096], ""weight_math"": [4096, 12288], ""weight_storage"": [12288, 4096], ""output"": [1, 12288]}",100663296,0,{},100663296,8192,24576,独立 GEMM：权重与输入各读一次、输出写一次的操作数载荷；不预测 tile 重读。
3,up_proj,linear,"{""input"": [1, 4096], ""weight_math"": [4096, 12288], ""weight_storage"": [12288, 4096], ""output"": [1, 12288]}",100663296,0,{},100663296,8192,24576,独立 GEMM：权重与输入各读一次、输出写一次的操作数载荷；不预测 tile 重读。
3,silu_mul,activation,"{""gate"": [1, 12288], ""up"": [1, 12288], ""output"": [1, 12288]}",0,49152,"{""exp"": 12288, ""negate"": 12288}",0,49152,24576,"sigmoid: exp(-x), +1, reciprocal；再乘 x 和 up。exp 与取负分列。"
3,down_proj,linear,"{""input"": [1, 12288], ""weight_math"": [12288, 4096], ""weight_storage"": [4096, 12288], ""output"": [1, 4096]}",100663296,0,{},100663296,24576,8192,独立 GEMM：权重与输入各读一次、输出写一次的操作数载荷；不预测 tile 重读。
3,ffn_residual,residual,"{""inputs_each"": [1, 4096], ""output"": [1, 4096]}",0,4096,{},0,16384,8192,
4,input_layernorm,normalization,"{""input"": [1, 4096], ""weight"": [4096], ""output"": [1, 4096]}",0,16385,"{""rsqrt"": 1}",8192,8192,8192,按 FP32 行内归约的代数计数；rsqrt、类型转换与临时 FP32 张量分列／不推断 HBM spill。
4,q_proj,linear,"{""input"": [1, 4096], ""weight_math"": [4096, 4096], ""weight_storage"": [4096, 4096], ""output"": [1, 4096]}",33554432,0,{},33554432,8192,8192,独立 GEMM：权重与输入各读一次、输出写一次的操作数载荷；不预测 tile 重读。
4,k_proj,linear,"{""input"": [1, 4096], ""weight_math"": [4096, 1024], ""weight_storage"": [1024, 4096], ""output"": [1, 1024]}",8388608,0,{},8388608,8192,2048,独立 GEMM：权重与输入各读一次、输出写一次的操作数载荷；不预测 tile 重读。
4,v_proj,linear,"{""input"": [1, 4096], ""weight_math"": [4096, 1024], ""weight_storage"": [1024, 4096], ""output"": [1, 1024]}",8388608,0,{},8388608,8192,2048,独立 GEMM：权重与输入各读一次、输出写一次的操作数载荷；不预测 tile 重读。
4,q_norm,normalization,"{""input"": [32, 128], ""weight"": [128], ""output"": [32, 128]}",0,16416,"{""rsqrt"": 32}",256,8192,8192,按 FP32 行内归约的代数计数；rsqrt、类型转换与临时 FP32 张量分列／不推断 HBM spill。
4,k_norm,normalization,"{""input"": [8, 128], ""weight"": [128], ""output"": [8, 128]}",0,4104,"{""rsqrt"": 8}",256,2048,2048,按 FP32 行内归约的代数计数；rsqrt、类型转换与临时 FP32 张量分列／不推断 HBM spill。
4,apply_rope,position,"{""Q"": [1, 32, 1, 128], ""K"": [1, 8, 1, 128]}",0,15360,"{""negate"": 2560}",0,10752,10240,2 multiply + 1 add/元素，rotate_half 符号翻转分列；表按批／头理想复用。
4,kv_append,state,"{""new_K_and_V_each"": [1, 8, 1, 128]}",0,0,{},0,4096,4096,原位／分页 append 载荷；不假定动态 torch.cat 对旧缓存整段复制。
4,qk,attention,"{""Q"": [1, 32, 1, 128], ""K_shared"": [1, 8, 8193, 128], ""scores_rectangular"": [1, 32, 1, 8193]}",67117056,0,{},0,16787456,1048704,FLOPs 仅有效因果位置；载荷是假定 Q/K 各读一次、GQA 头共享，完整分数矩阵物化。
4,score_scale_mask_softmax,softmax,"{""scores"": [1, 32, 1, 8193]}",0,1048672,"{""exp"": 262176, ""compare_max"": 262144, ""mask_decisions"": 262176}",0,1048704,1048704,选择的融合 scale/mask/softmax 代数工作；屏蔽点不计 exp。物化 FP32 默认概率；非具体 eager trace。
4,pv,attention,"{""P"": [1, 32, 1, 8193], ""V_shared"": [1, 8, 8193, 128], ""output"": [1, 32, 1, 128]}",67117056,0,{},0,17827968,8192,PV/AV：各 Q 头仍计算；V 容量不乘 GQA 复制数。载荷假定 V 在头／查询之间理想复用。
4,o_proj,linear,"{""input"": [1, 4096], ""weight_math"": [4096, 4096], ""weight_storage"": [4096, 4096], ""output"": [1, 4096]}",33554432,0,{},33554432,8192,8192,独立 GEMM：权重与输入各读一次、输出写一次的操作数载荷；不预测 tile 重读。
4,attention_residual,residual,"{""inputs_each"": [1, 4096], ""output"": [1, 4096]}",0,4096,{},0,16384,8192,
4,post_attention_layernorm,normalization,"{""input"": [1, 4096], ""weight"": [4096], ""output"": [1, 4096]}",0,16385,"{""rsqrt"": 1}",8192,8192,8192,按 FP32 行内归约的代数计数；rsqrt、类型转换与临时 FP32 张量分列／不推断 HBM spill。
4,gate_proj,linear,"{""input"": [1, 4096], ""weight_math"": [4096, 12288], ""weight_storage"": [12288, 4096], ""output"": [1, 12288]}",100663296,0,{},100663296,8192,24576,独立 GEMM：权重与输入各读一次、输出写一次的操作数载荷；不预测 tile 重读。
4,up_proj,linear,"{""input"": [1, 4096], ""weight_math"": [4096, 12288], ""weight_storage"": [12288, 4096], ""output"": [1, 12288]}",100663296,0,{},100663296,8192,24576,独立 GEMM：权重与输入各读一次、输出写一次的操作数载荷；不预测 tile 重读。
4,silu_mul,activation,"{""gate"": [1, 12288], ""up"": [1, 12288], ""output"": [1, 12288]}",0,49152,"{""exp"": 12288, ""negate"": 12288}",0,49152,24576,"sigmoid: exp(-x), +1, reciprocal；再乘 x 和 up。exp 与取负分列。"
4,down_proj,linear,"{""input"": [1, 12288], ""weight_math"": [12288, 4096], ""weight_storage"": [4096, 12288], ""output"": [1, 4096]}",100663296,0,{},100663296,24576,8192,独立 GEMM：权重与输入各读一次、输出写一次的操作数载荷；不预测 tile 重读。
4,ffn_residual,residual,"{""inputs_each"": [1, 4096], ""output"": [1, 4096]}",0,4096,{},0,16384,8192,
5,input_layernorm,normalization,"{""input"": [1, 4096], ""weight"": [4096], ""output"": [1, 4096]}",0,16385,"{""rsqrt"": 1}",8192,8192,8192,按 FP32 行内归约的代数计数；rsqrt、类型转换与临时 FP32 张量分列／不推断 HBM spill。
5,q_proj,linear,"{""input"": [1, 4096], ""weight_math"": [4096, 4096], ""weight_storage"": [4096, 4096], ""output"": [1, 4096]}",33554432,0,{},33554432,8192,8192,独立 GEMM：权重与输入各读一次、输出写一次的操作数载荷；不预测 tile 重读。
5,k_proj,linear,"{""input"": [1, 4096], ""weight_math"": [4096, 1024], ""weight_storage"": [1024, 4096], ""output"": [1, 1024]}",8388608,0,{},8388608,8192,2048,独立 GEMM：权重与输入各读一次、输出写一次的操作数载荷；不预测 tile 重读。
5,v_proj,linear,"{""input"": [1, 4096], ""weight_math"": [4096, 1024], ""weight_storage"": [1024, 4096], ""output"": [1, 1024]}",8388608,0,{},8388608,8192,2048,独立 GEMM：权重与输入各读一次、输出写一次的操作数载荷；不预测 tile 重读。
5,q_norm,normalization,"{""input"": [32, 128], ""weight"": [128], ""output"": [32, 128]}",0,16416,"{""rsqrt"": 32}",256,8192,8192,按 FP32 行内归约的代数计数；rsqrt、类型转换与临时 FP32 张量分列／不推断 HBM spill。
5,k_norm,normalization,"{""input"": [8, 128], ""weight"": [128], ""output"": [8, 128]}",0,4104,"{""rsqrt"": 8}",256,2048,2048,按 FP32 行内归约的代数计数；rsqrt、类型转换与临时 FP32 张量分列／不推断 HBM spill。
5,apply_rope,position,"{""Q"": [1, 32, 1, 128], ""K"": [1, 8, 1, 128]}",0,15360,"{""negate"": 2560}",0,10752,10240,2 multiply + 1 add/元素，rotate_half 符号翻转分列；表按批／头理想复用。
5,kv_append,state,"{""new_K_and_V_each"": [1, 8, 1, 128]}",0,0,{},0,4096,4096,原位／分页 append 载荷；不假定动态 torch.cat 对旧缓存整段复制。
5,qk,attention,"{""Q"": [1, 32, 1, 128], ""K_shared"": [1, 8, 8193, 128], ""scores_rectangular"": [1, 32, 1, 8193]}",67117056,0,{},0,16787456,1048704,FLOPs 仅有效因果位置；载荷是假定 Q/K 各读一次、GQA 头共享，完整分数矩阵物化。
5,score_scale_mask_softmax,softmax,"{""scores"": [1, 32, 1, 8193]}",0,1048672,"{""exp"": 262176, ""compare_max"": 262144, ""mask_decisions"": 262176}",0,1048704,1048704,选择的融合 scale/mask/softmax 代数工作；屏蔽点不计 exp。物化 FP32 默认概率；非具体 eager trace。
5,pv,attention,"{""P"": [1, 32, 1, 8193], ""V_shared"": [1, 8, 8193, 128], ""output"": [1, 32, 1, 128]}",67117056,0,{},0,17827968,8192,PV/AV：各 Q 头仍计算；V 容量不乘 GQA 复制数。载荷假定 V 在头／查询之间理想复用。
5,o_proj,linear,"{""input"": [1, 4096], ""weight_math"": [4096, 4096], ""weight_storage"": [4096, 4096], ""output"": [1, 4096]}",33554432,0,{},33554432,8192,8192,独立 GEMM：权重与输入各读一次、输出写一次的操作数载荷；不预测 tile 重读。
5,attention_residual,residual,"{""inputs_each"": [1, 4096], ""output"": [1, 4096]}",0,4096,{},0,16384,8192,
5,post_attention_layernorm,normalization,"{""input"": [1, 4096], ""weight"": [4096], ""output"": [1, 4096]}",0,16385,"{""rsqrt"": 1}",8192,8192,8192,按 FP32 行内归约的代数计数；rsqrt、类型转换与临时 FP32 张量分列／不推断 HBM spill。
5,gate_proj,linear,"{""input"": [1, 4096], ""weight_math"": [4096, 12288], ""weight_storage"": [12288, 4096], ""output"": [1, 12288]}",100663296,0,{},100663296,8192,24576,独立 GEMM：权重与输入各读一次、输出写一次的操作数载荷；不预测 tile 重读。
5,up_proj,linear,"{""input"": [1, 4096], ""weight_math"": [4096, 12288], ""weight_storage"": [12288, 4096], ""output"": [1, 12288]}",100663296,0,{},100663296,8192,24576,独立 GEMM：权重与输入各读一次、输出写一次的操作数载荷；不预测 tile 重读。
5,silu_mul,activation,"{""gate"": [1, 12288], ""up"": [1, 12288], ""output"": [1, 12288]}",0,49152,"{""exp"": 12288, ""negate"": 12288}",0,49152,24576,"sigmoid: exp(-x), +1, reciprocal；再乘 x 和 up。exp 与取负分列。"
5,down_proj,linear,"{""input"": [1, 12288], ""weight_math"": [12288, 4096], ""weight_storage"": [4096, 12288], ""output"": [1, 4096]}",100663296,0,{},100663296,24576,8192,独立 GEMM：权重与输入各读一次、输出写一次的操作数载荷；不预测 tile 重读。
5,ffn_residual,residual,"{""inputs_each"": [1, 4096], ""output"": [1, 4096]}",0,4096,{},0,16384,8192,
6,input_layernorm,normalization,"{""input"": [1, 4096], ""weight"": [4096], ""output"": [1, 4096]}",0,16385,"{""rsqrt"": 1}",8192,8192,8192,按 FP32 行内归约的代数计数；rsqrt、类型转换与临时 FP32 张量分列／不推断 HBM spill。
6,q_proj,linear,"{""input"": [1, 4096], ""weight_math"": [4096, 4096], ""weight_storage"": [4096, 4096], ""output"": [1, 4096]}",33554432,0,{},33554432,8192,8192,独立 GEMM：权重与输入各读一次、输出写一次的操作数载荷；不预测 tile 重读。
6,k_proj,linear,"{""input"": [1, 4096], ""weight_math"": [4096, 1024], ""weight_storage"": [1024, 4096], ""output"": [1, 1024]}",8388608,0,{},8388608,8192,2048,独立 GEMM：权重与输入各读一次、输出写一次的操作数载荷；不预测 tile 重读。
6,v_proj,linear,"{""input"": [1, 4096], ""weight_math"": [4096, 1024], ""weight_storage"": [1024, 4096], ""output"": [1, 1024]}",8388608,0,{},8388608,8192,2048,独立 GEMM：权重与输入各读一次、输出写一次的操作数载荷；不预测 tile 重读。
6,q_norm,normalization,"{""input"": [32, 128], ""weight"": [128], ""output"": [32, 128]}",0,16416,"{""rsqrt"": 32}",256,8192,8192,按 FP32 行内归约的代数计数；rsqrt、类型转换与临时 FP32 张量分列／不推断 HBM spill。
6,k_norm,normalization,"{""input"": [8, 128], ""weight"": [128], ""output"": [8, 128]}",0,4104,"{""rsqrt"": 8}",256,2048,2048,按 FP32 行内归约的代数计数；rsqrt、类型转换与临时 FP32 张量分列／不推断 HBM spill。
6,apply_rope,position,"{""Q"": [1, 32, 1, 128], ""K"": [1, 8, 1, 128]}",0,15360,"{""negate"": 2560}",0,10752,10240,2 multiply + 1 add/元素，rotate_half 符号翻转分列；表按批／头理想复用。
6,kv_append,state,"{""new_K_and_V_each"": [1, 8, 1, 128]}",0,0,{},0,4096,4096,原位／分页 append 载荷；不假定动态 torch.cat 对旧缓存整段复制。
6,qk,attention,"{""Q"": [1, 32, 1, 128], ""K_shared"": [1, 8, 8193, 128], ""scores_rectangular"": [1, 32, 1, 8193]}",67117056,0,{},0,16787456,1048704,FLOPs 仅有效因果位置；载荷是假定 Q/K 各读一次、GQA 头共享，完整分数矩阵物化。
6,score_scale_mask_softmax,softmax,"{""scores"": [1, 32, 1, 8193]}",0,1048672,"{""exp"": 262176, ""compare_max"": 262144, ""mask_decisions"": 262176}",0,1048704,1048704,选择的融合 scale/mask/softmax 代数工作；屏蔽点不计 exp。物化 FP32 默认概率；非具体 eager trace。
6,pv,attention,"{""P"": [1, 32, 1, 8193], ""V_shared"": [1, 8, 8193, 128], ""output"": [1, 32, 1, 128]}",67117056,0,{},0,17827968,8192,PV/AV：各 Q 头仍计算；V 容量不乘 GQA 复制数。载荷假定 V 在头／查询之间理想复用。
6,o_proj,linear,"{""input"": [1, 4096], ""weight_math"": [4096, 4096], ""weight_storage"": [4096, 4096], ""output"": [1, 4096]}",33554432,0,{},33554432,8192,8192,独立 GEMM：权重与输入各读一次、输出写一次的操作数载荷；不预测 tile 重读。
6,attention_residual,residual,"{""inputs_each"": [1, 4096], ""output"": [1, 4096]}",0,4096,{},0,16384,8192,
6,post_attention_layernorm,normalization,"{""input"": [1, 4096], ""weight"": [4096], ""output"": [1, 4096]}",0,16385,"{""rsqrt"": 1}",8192,8192,8192,按 FP32 行内归约的代数计数；rsqrt、类型转换与临时 FP32 张量分列／不推断 HBM spill。
6,gate_proj,linear,"{""input"": [1, 4096], ""weight_math"": [4096, 12288], ""weight_storage"": [12288, 4096], ""output"": [1, 12288]}",100663296,0,{},100663296,8192,24576,独立 GEMM：权重与输入各读一次、输出写一次的操作数载荷；不预测 tile 重读。
6,up_proj,linear,"{""input"": [1, 4096], ""weight_math"": [4096, 12288], ""weight_storage"": [12288, 4096], ""output"": [1, 12288]}",100663296,0,{},100663296,8192,24576,独立 GEMM：权重与输入各读一次、输出写一次的操作数载荷；不预测 tile 重读。
6,silu_mul,activation,"{""gate"": [1, 12288], ""up"": [1, 12288], ""output"": [1, 12288]}",0,49152,"{""exp"": 12288, ""negate"": 12288}",0,49152,24576,"sigmoid: exp(-x), +1, reciprocal；再乘 x 和 up。exp 与取负分列。"
6,down_proj,linear,"{""input"": [1, 12288], ""weight_math"": [12288, 4096], ""weight_storage"": [4096, 12288], ""output"": [1, 4096]}",100663296,0,{},100663296,24576,8192,独立 GEMM：权重与输入各读一次、输出写一次的操作数载荷；不预测 tile 重读。
6,ffn_residual,residual,"{""inputs_each"": [1, 4096], ""output"": [1, 4096]}",0,4096,{},0,16384,8192,
7,input_layernorm,normalization,"{""input"": [1, 4096], ""weight"": [4096], ""output"": [1, 4096]}",0,16385,"{""rsqrt"": 1}",8192,8192,8192,按 FP32 行内归约的代数计数；rsqrt、类型转换与临时 FP32 张量分列／不推断 HBM spill。
7,q_proj,linear,"{""input"": [1, 4096], ""weight_math"": [4096, 4096], ""weight_storage"": [4096, 4096], ""output"": [1, 4096]}",33554432,0,{},33554432,8192,8192,独立 GEMM：权重与输入各读一次、输出写一次的操作数载荷；不预测 tile 重读。
7,k_proj,linear,"{""input"": [1, 4096], ""weight_math"": [4096, 1024], ""weight_storage"": [1024, 4096], ""output"": [1, 1024]}",8388608,0,{},8388608,8192,2048,独立 GEMM：权重与输入各读一次、输出写一次的操作数载荷；不预测 tile 重读。
7,v_proj,linear,"{""input"": [1, 4096], ""weight_math"": [4096, 1024], ""weight_storage"": [1024, 4096], ""output"": [1, 1024]}",8388608,0,{},8388608,8192,2048,独立 GEMM：权重与输入各读一次、输出写一次的操作数载荷；不预测 tile 重读。
7,q_norm,normalization,"{""input"": [32, 128], ""weight"": [128], ""output"": [32, 128]}",0,16416,"{""rsqrt"": 32}",256,8192,8192,按 FP32 行内归约的代数计数；rsqrt、类型转换与临时 FP32 张量分列／不推断 HBM spill。
7,k_norm,normalization,"{""input"": [8, 128], ""weight"": [128], ""output"": [8, 128]}",0,4104,"{""rsqrt"": 8}",256,2048,2048,按 FP32 行内归约的代数计数；rsqrt、类型转换与临时 FP32 张量分列／不推断 HBM spill。
7,apply_rope,position,"{""Q"": [1, 32, 1, 128], ""K"": [1, 8, 1, 128]}",0,15360,"{""negate"": 2560}",0,10752,10240,2 multiply + 1 add/元素，rotate_half 符号翻转分列；表按批／头理想复用。
7,kv_append,state,"{""new_K_and_V_each"": [1, 8, 1, 128]}",0,0,{},0,4096,4096,原位／分页 append 载荷；不假定动态 torch.cat 对旧缓存整段复制。
7,qk,attention,"{""Q"": [1, 32, 1, 128], ""K_shared"": [1, 8, 8193, 128], ""scores_rectangular"": [1, 32, 1, 8193]}",67117056,0,{},0,16787456,1048704,FLOPs 仅有效因果位置；载荷是假定 Q/K 各读一次、GQA 头共享，完整分数矩阵物化。
7,score_scale_mask_softmax,softmax,"{""scores"": [1, 32, 1, 8193]}",0,1048672,"{""exp"": 262176, ""compare_max"": 262144, ""mask_decisions"": 262176}",0,1048704,1048704,选择的融合 scale/mask/softmax 代数工作；屏蔽点不计 exp。物化 FP32 默认概率；非具体 eager trace。
7,pv,attention,"{""P"": [1, 32, 1, 8193], ""V_shared"": [1, 8, 8193, 128], ""output"": [1, 32, 1, 128]}",67117056,0,{},0,17827968,8192,PV/AV：各 Q 头仍计算；V 容量不乘 GQA 复制数。载荷假定 V 在头／查询之间理想复用。
7,o_proj,linear,"{""input"": [1, 4096], ""weight_math"": [4096, 4096], ""weight_storage"": [4096, 4096], ""output"": [1, 4096]}",33554432,0,{},33554432,8192,8192,独立 GEMM：权重与输入各读一次、输出写一次的操作数载荷；不预测 tile 重读。
7,attention_residual,residual,"{""inputs_each"": [1, 4096], ""output"": [1, 4096]}",0,4096,{},0,16384,8192,
7,post_attention_layernorm,normalization,"{""input"": [1, 4096], ""weight"": [4096], ""output"": [1, 4096]}",0,16385,"{""rsqrt"": 1}",8192,8192,8192,按 FP32 行内归约的代数计数；rsqrt、类型转换与临时 FP32 张量分列／不推断 HBM spill。
7,gate_proj,linear,"{""input"": [1, 4096], ""weight_math"": [4096, 12288], ""weight_storage"": [12288, 4096], ""output"": [1, 12288]}",100663296,0,{},100663296,8192,24576,独立 GEMM：权重与输入各读一次、输出写一次的操作数载荷；不预测 tile 重读。
7,up_proj,linear,"{""input"": [1, 4096], ""weight_math"": [4096, 12288], ""weight_storage"": [12288, 4096], ""output"": [1, 12288]}",100663296,0,{},100663296,8192,24576,独立 GEMM：权重与输入各读一次、输出写一次的操作数载荷；不预测 tile 重读。
7,silu_mul,activation,"{""gate"": [1, 12288], ""up"": [1, 12288], ""output"": [1, 12288]}",0,49152,"{""exp"": 12288, ""negate"": 12288}",0,49152,24576,"sigmoid: exp(-x), +1, reciprocal；再乘 x 和 up。exp 与取负分列。"
7,down_proj,linear,"{""input"": [1, 12288], ""weight_math"": [12288, 4096], ""weight_storage"": [4096, 12288], ""output"": [1, 4096]}",100663296,0,{},100663296,24576,8192,独立 GEMM：权重与输入各读一次、输出写一次的操作数载荷；不预测 tile 重读。
7,ffn_residual,residual,"{""inputs_each"": [1, 4096], ""output"": [1, 4096]}",0,4096,{},0,16384,8192,
8,input_layernorm,normalization,"{""input"": [1, 4096], ""weight"": [4096], ""output"": [1, 4096]}",0,16385,"{""rsqrt"": 1}",8192,8192,8192,按 FP32 行内归约的代数计数；rsqrt、类型转换与临时 FP32 张量分列／不推断 HBM spill。
8,q_proj,linear,"{""input"": [1, 4096], ""weight_math"": [4096, 4096], ""weight_storage"": [4096, 4096], ""output"": [1, 4096]}",33554432,0,{},33554432,8192,8192,独立 GEMM：权重与输入各读一次、输出写一次的操作数载荷；不预测 tile 重读。
8,k_proj,linear,"{""input"": [1, 4096], ""weight_math"": [4096, 1024], ""weight_storage"": [1024, 4096], ""output"": [1, 1024]}",8388608,0,{},8388608,8192,2048,独立 GEMM：权重与输入各读一次、输出写一次的操作数载荷；不预测 tile 重读。
8,v_proj,linear,"{""input"": [1, 4096], ""weight_math"": [4096, 1024], ""weight_storage"": [1024, 4096], ""output"": [1, 1024]}",8388608,0,{},8388608,8192,2048,独立 GEMM：权重与输入各读一次、输出写一次的操作数载荷；不预测 tile 重读。
8,q_norm,normalization,"{""input"": [32, 128], ""weight"": [128], ""output"": [32, 128]}",0,16416,"{""rsqrt"": 32}",256,8192,8192,按 FP32 行内归约的代数计数；rsqrt、类型转换与临时 FP32 张量分列／不推断 HBM spill。
8,k_norm,normalization,"{""input"": [8, 128], ""weight"": [128], ""output"": [8, 128]}",0,4104,"{""rsqrt"": 8}",256,2048,2048,按 FP32 行内归约的代数计数；rsqrt、类型转换与临时 FP32 张量分列／不推断 HBM spill。
8,apply_rope,position,"{""Q"": [1, 32, 1, 128], ""K"": [1, 8, 1, 128]}",0,15360,"{""negate"": 2560}",0,10752,10240,2 multiply + 1 add/元素，rotate_half 符号翻转分列；表按批／头理想复用。
8,kv_append,state,"{""new_K_and_V_each"": [1, 8, 1, 128]}",0,0,{},0,4096,4096,原位／分页 append 载荷；不假定动态 torch.cat 对旧缓存整段复制。
8,qk,attention,"{""Q"": [1, 32, 1, 128], ""K_shared"": [1, 8, 8193, 128], ""scores_rectangular"": [1, 32, 1, 8193]}",67117056,0,{},0,16787456,1048704,FLOPs 仅有效因果位置；载荷是假定 Q/K 各读一次、GQA 头共享，完整分数矩阵物化。
8,score_scale_mask_softmax,softmax,"{""scores"": [1, 32, 1, 8193]}",0,1048672,"{""exp"": 262176, ""compare_max"": 262144, ""mask_decisions"": 262176}",0,1048704,1048704,选择的融合 scale/mask/softmax 代数工作；屏蔽点不计 exp。物化 FP32 默认概率；非具体 eager trace。
8,pv,attention,"{""P"": [1, 32, 1, 8193], ""V_shared"": [1, 8, 8193, 128], ""output"": [1, 32, 1, 128]}",67117056,0,{},0,17827968,8192,PV/AV：各 Q 头仍计算；V 容量不乘 GQA 复制数。载荷假定 V 在头／查询之间理想复用。
8,o_proj,linear,"{""input"": [1, 4096], ""weight_math"": [4096, 4096], ""weight_storage"": [4096, 4096], ""output"": [1, 4096]}",33554432,0,{},33554432,8192,8192,独立 GEMM：权重与输入各读一次、输出写一次的操作数载荷；不预测 tile 重读。
8,attention_residual,residual,"{""inputs_each"": [1, 4096], ""output"": [1, 4096]}",0,4096,{},0,16384,8192,
8,post_attention_layernorm,normalization,"{""input"": [1, 4096], ""weight"": [4096], ""output"": [1, 4096]}",0,16385,"{""rsqrt"": 1}",8192,8192,8192,按 FP32 行内归约的代数计数；rsqrt、类型转换与临时 FP32 张量分列／不推断 HBM spill。
8,gate_proj,linear,"{""input"": [1, 4096], ""weight_math"": [4096, 12288], ""weight_storage"": [12288, 4096], ""output"": [1, 12288]}",100663296,0,{},100663296,8192,24576,独立 GEMM：权重与输入各读一次、输出写一次的操作数载荷；不预测 tile 重读。
8,up_proj,linear,"{""input"": [1, 4096], ""weight_math"": [4096, 12288], ""weight_storage"": [12288, 4096], ""output"": [1, 12288]}",100663296,0,{},100663296,8192,24576,独立 GEMM：权重与输入各读一次、输出写一次的操作数载荷；不预测 tile 重读。
8,silu_mul,activation,"{""gate"": [1, 12288], ""up"": [1, 12288], ""output"": [1, 12288]}",0,49152,"{""exp"": 12288, ""negate"": 12288}",0,49152,24576,"sigmoid: exp(-x), +1, reciprocal；再乘 x 和 up。exp 与取负分列。"
8,down_proj,linear,"{""input"": [1, 12288], ""weight_math"": [12288, 4096], ""weight_storage"": [4096, 12288], ""output"": [1, 4096]}",100663296,0,{},100663296,24576,8192,独立 GEMM：权重与输入各读一次、输出写一次的操作数载荷；不预测 tile 重读。
8,ffn_residual,residual,"{""inputs_each"": [1, 4096], ""output"": [1, 4096]}",0,4096,{},0,16384,8192,
9,input_layernorm,normalization,"{""input"": [1, 4096], ""weight"": [4096], ""output"": [1, 4096]}",0,16385,"{""rsqrt"": 1}",8192,8192,8192,按 FP32 行内归约的代数计数；rsqrt、类型转换与临时 FP32 张量分列／不推断 HBM spill。
9,q_proj,linear,"{""input"": [1, 4096], ""weight_math"": [4096, 4096], ""weight_storage"": [4096, 4096], ""output"": [1, 4096]}",33554432,0,{},33554432,8192,8192,独立 GEMM：权重与输入各读一次、输出写一次的操作数载荷；不预测 tile 重读。
9,k_proj,linear,"{""input"": [1, 4096], ""weight_math"": [4096, 1024], ""weight_storage"": [1024, 4096], ""output"": [1, 1024]}",8388608,0,{},8388608,8192,2048,独立 GEMM：权重与输入各读一次、输出写一次的操作数载荷；不预测 tile 重读。
9,v_proj,linear,"{""input"": [1, 4096], ""weight_math"": [4096, 1024], ""weight_storage"": [1024, 4096], ""output"": [1, 1024]}",8388608,0,{},8388608,8192,2048,独立 GEMM：权重与输入各读一次、输出写一次的操作数载荷；不预测 tile 重读。
9,q_norm,normalization,"{""input"": [32, 128], ""weight"": [128], ""output"": [32, 128]}",0,16416,"{""rsqrt"": 32}",256,8192,8192,按 FP32 行内归约的代数计数；rsqrt、类型转换与临时 FP32 张量分列／不推断 HBM spill。
9,k_norm,normalization,"{""input"": [8, 128], ""weight"": [128], ""output"": [8, 128]}",0,4104,"{""rsqrt"": 8}",256,2048,2048,按 FP32 行内归约的代数计数；rsqrt、类型转换与临时 FP32 张量分列／不推断 HBM spill。
9,apply_rope,position,"{""Q"": [1, 32, 1, 128], ""K"": [1, 8, 1, 128]}",0,15360,"{""negate"": 2560}",0,10752,10240,2 multiply + 1 add/元素，rotate_half 符号翻转分列；表按批／头理想复用。
9,kv_append,state,"{""new_K_and_V_each"": [1, 8, 1, 128]}",0,0,{},0,4096,4096,原位／分页 append 载荷；不假定动态 torch.cat 对旧缓存整段复制。
9,qk,attention,"{""Q"": [1, 32, 1, 128], ""K_shared"": [1, 8, 8193, 128], ""scores_rectangular"": [1, 32, 1, 8193]}",67117056,0,{},0,16787456,1048704,FLOPs 仅有效因果位置；载荷是假定 Q/K 各读一次、GQA 头共享，完整分数矩阵物化。
9,score_scale_mask_softmax,softmax,"{""scores"": [1, 32, 1, 8193]}",0,1048672,"{""exp"": 262176, ""compare_max"": 262144, ""mask_decisions"": 262176}",0,1048704,1048704,选择的融合 scale/mask/softmax 代数工作；屏蔽点不计 exp。物化 FP32 默认概率；非具体 eager trace。
9,pv,attention,"{""P"": [1, 32, 1, 8193], ""V_shared"": [1, 8, 8193, 128], ""output"": [1, 32, 1, 128]}",67117056,0,{},0,17827968,8192,PV/AV：各 Q 头仍计算；V 容量不乘 GQA 复制数。载荷假定 V 在头／查询之间理想复用。
9,o_proj,linear,"{""input"": [1, 4096], ""weight_math"": [4096, 4096], ""weight_storage"": [4096, 4096], ""output"": [1, 4096]}",33554432,0,{},33554432,8192,8192,独立 GEMM：权重与输入各读一次、输出写一次的操作数载荷；不预测 tile 重读。
9,attention_residual,residual,"{""inputs_each"": [1, 4096], ""output"": [1, 4096]}",0,4096,{},0,16384,8192,
9,post_attention_layernorm,normalization,"{""input"": [1, 4096], ""weight"": [4096], ""output"": [1, 4096]}",0,16385,"{""rsqrt"": 1}",8192,8192,8192,按 FP32 行内归约的代数计数；rsqrt、类型转换与临时 FP32 张量分列／不推断 HBM spill。
9,gate_proj,linear,"{""input"": [1, 4096], ""weight_math"": [4096, 12288], ""weight_storage"": [12288, 4096], ""output"": [1, 12288]}",100663296,0,{},100663296,8192,24576,独立 GEMM：权重与输入各读一次、输出写一次的操作数载荷；不预测 tile 重读。
9,up_proj,linear,"{""input"": [1, 4096], ""weight_math"": [4096, 12288], ""weight_storage"": [12288, 4096], ""output"": [1, 12288]}",100663296,0,{},100663296,8192,24576,独立 GEMM：权重与输入各读一次、输出写一次的操作数载荷；不预测 tile 重读。
9,silu_mul,activation,"{""gate"": [1, 12288], ""up"": [1, 12288], ""output"": [1, 12288]}",0,49152,"{""exp"": 12288, ""negate"": 12288}",0,49152,24576,"sigmoid: exp(-x), +1, reciprocal；再乘 x 和 up。exp 与取负分列。"
9,down_proj,linear,"{""input"": [1, 12288], ""weight_math"": [12288, 4096], ""weight_storage"": [4096, 12288], ""output"": [1, 4096]}",100663296,0,{},100663296,24576,8192,独立 GEMM：权重与输入各读一次、输出写一次的操作数载荷；不预测 tile 重读。
9,ffn_residual,residual,"{""inputs_each"": [1, 4096], ""output"": [1, 4096]}",0,4096,{},0,16384,8192,
10,input_layernorm,normalization,"{""input"": [1, 4096], ""weight"": [4096], ""output"": [1, 4096]}",0,16385,"{""rsqrt"": 1}",8192,8192,8192,按 FP32 行内归约的代数计数；rsqrt、类型转换与临时 FP32 张量分列／不推断 HBM spill。
10,q_proj,linear,"{""input"": [1, 4096], ""weight_math"": [4096, 4096], ""weight_storage"": [4096, 4096], ""output"": [1, 4096]}",33554432,0,{},33554432,8192,8192,独立 GEMM：权重与输入各读一次、输出写一次的操作数载荷；不预测 tile 重读。
10,k_proj,linear,"{""input"": [1, 4096], ""weight_math"": [4096, 1024], ""weight_storage"": [1024, 4096], ""output"": [1, 1024]}",8388608,0,{},8388608,8192,2048,独立 GEMM：权重与输入各读一次、输出写一次的操作数载荷；不预测 tile 重读。
10,v_proj,linear,"{""input"": [1, 4096], ""weight_math"": [4096, 1024], ""weight_storage"": [1024, 4096], ""output"": [1, 1024]}",8388608,0,{},8388608,8192,2048,独立 GEMM：权重与输入各读一次、输出写一次的操作数载荷；不预测 tile 重读。
10,q_norm,normalization,"{""input"": [32, 128], ""weight"": [128], ""output"": [32, 128]}",0,16416,"{""rsqrt"": 32}",256,8192,8192,按 FP32 行内归约的代数计数；rsqrt、类型转换与临时 FP32 张量分列／不推断 HBM spill。
10,k_norm,normalization,"{""input"": [8, 128], ""weight"": [128], ""output"": [8, 128]}",0,4104,"{""rsqrt"": 8}",256,2048,2048,按 FP32 行内归约的代数计数；rsqrt、类型转换与临时 FP32 张量分列／不推断 HBM spill。
10,apply_rope,position,"{""Q"": [1, 32, 1, 128], ""K"": [1, 8, 1, 128]}",0,15360,"{""negate"": 2560}",0,10752,10240,2 multiply + 1 add/元素，rotate_half 符号翻转分列；表按批／头理想复用。
10,kv_append,state,"{""new_K_and_V_each"": [1, 8, 1, 128]}",0,0,{},0,4096,4096,原位／分页 append 载荷；不假定动态 torch.cat 对旧缓存整段复制。
10,qk,attention,"{""Q"": [1, 32, 1, 128], ""K_shared"": [1, 8, 8193, 128], ""scores_rectangular"": [1, 32, 1, 8193]}",67117056,0,{},0,16787456,1048704,FLOPs 仅有效因果位置；载荷是假定 Q/K 各读一次、GQA 头共享，完整分数矩阵物化。
10,score_scale_mask_softmax,softmax,"{""scores"": [1, 32, 1, 8193]}",0,1048672,"{""exp"": 262176, ""compare_max"": 262144, ""mask_decisions"": 262176}",0,1048704,1048704,选择的融合 scale/mask/softmax 代数工作；屏蔽点不计 exp。物化 FP32 默认概率；非具体 eager trace。
10,pv,attention,"{""P"": [1, 32, 1, 8193], ""V_shared"": [1, 8, 8193, 128], ""output"": [1, 32, 1, 128]}",67117056,0,{},0,17827968,8192,PV/AV：各 Q 头仍计算；V 容量不乘 GQA 复制数。载荷假定 V 在头／查询之间理想复用。
10,o_proj,linear,"{""input"": [1, 4096], ""weight_math"": [4096, 4096], ""weight_storage"": [4096, 4096], ""output"": [1, 4096]}",33554432,0,{},33554432,8192,8192,独立 GEMM：权重与输入各读一次、输出写一次的操作数载荷；不预测 tile 重读。
10,attention_residual,residual,"{""inputs_each"": [1, 4096], ""output"": [1, 4096]}",0,4096,{},0,16384,8192,
10,post_attention_layernorm,normalization,"{""input"": [1, 4096], ""weight"": [4096], ""output"": [1, 4096]}",0,16385,"{""rsqrt"": 1}",8192,8192,8192,按 FP32 行内归约的代数计数；rsqrt、类型转换与临时 FP32 张量分列／不推断 HBM spill。
10,gate_proj,linear,"{""input"": [1, 4096], ""weight_math"": [4096, 12288], ""weight_storage"": [12288, 4096], ""output"": [1, 12288]}",100663296,0,{},100663296,8192,24576,独立 GEMM：权重与输入各读一次、输出写一次的操作数载荷；不预测 tile 重读。
10,up_proj,linear,"{""input"": [1, 4096], ""weight_math"": [4096, 12288], ""weight_storage"": [12288, 4096], ""output"": [1, 12288]}",100663296,0,{},100663296,8192,24576,独立 GEMM：权重与输入各读一次、输出写一次的操作数载荷；不预测 tile 重读。
10,silu_mul,activation,"{""gate"": [1, 12288], ""up"": [1, 12288], ""output"": [1, 12288]}",0,49152,"{""exp"": 12288, ""negate"": 12288}",0,49152,24576,"sigmoid: exp(-x), +1, reciprocal；再乘 x 和 up。exp 与取负分列。"
10,down_proj,linear,"{""input"": [1, 12288], ""weight_math"": [12288, 4096], ""weight_storage"": [4096, 12288], ""output"": [1, 4096]}",100663296,0,{},100663296,24576,8192,独立 GEMM：权重与输入各读一次、输出写一次的操作数载荷；不预测 tile 重读。
10,ffn_residual,residual,"{""inputs_each"": [1, 4096], ""output"": [1, 4096]}",0,4096,{},0,16384,8192,
11,input_layernorm,normalization,"{""input"": [1, 4096], ""weight"": [4096], ""output"": [1, 4096]}",0,16385,"{""rsqrt"": 1}",8192,8192,8192,按 FP32 行内归约的代数计数；rsqrt、类型转换与临时 FP32 张量分列／不推断 HBM spill。
11,q_proj,linear,"{""input"": [1, 4096], ""weight_math"": [4096, 4096], ""weight_storage"": [4096, 4096], ""output"": [1, 4096]}",33554432,0,{},33554432,8192,8192,独立 GEMM：权重与输入各读一次、输出写一次的操作数载荷；不预测 tile 重读。
11,k_proj,linear,"{""input"": [1, 4096], ""weight_math"": [4096, 1024], ""weight_storage"": [1024, 4096], ""output"": [1, 1024]}",8388608,0,{},8388608,8192,2048,独立 GEMM：权重与输入各读一次、输出写一次的操作数载荷；不预测 tile 重读。
11,v_proj,linear,"{""input"": [1, 4096], ""weight_math"": [4096, 1024], ""weight_storage"": [1024, 4096], ""output"": [1, 1024]}",8388608,0,{},8388608,8192,2048,独立 GEMM：权重与输入各读一次、输出写一次的操作数载荷；不预测 tile 重读。
11,q_norm,normalization,"{""input"": [32, 128], ""weight"": [128], ""output"": [32, 128]}",0,16416,"{""rsqrt"": 32}",256,8192,8192,按 FP32 行内归约的代数计数；rsqrt、类型转换与临时 FP32 张量分列／不推断 HBM spill。
11,k_norm,normalization,"{""input"": [8, 128], ""weight"": [128], ""output"": [8, 128]}",0,4104,"{""rsqrt"": 8}",256,2048,2048,按 FP32 行内归约的代数计数；rsqrt、类型转换与临时 FP32 张量分列／不推断 HBM spill。
11,apply_rope,position,"{""Q"": [1, 32, 1, 128], ""K"": [1, 8, 1, 128]}",0,15360,"{""negate"": 2560}",0,10752,10240,2 multiply + 1 add/元素，rotate_half 符号翻转分列；表按批／头理想复用。
11,kv_append,state,"{""new_K_and_V_each"": [1, 8, 1, 128]}",0,0,{},0,4096,4096,原位／分页 append 载荷；不假定动态 torch.cat 对旧缓存整段复制。
11,qk,attention,"{""Q"": [1, 32, 1, 128], ""K_shared"": [1, 8, 8193, 128], ""scores_rectangular"": [1, 32, 1, 8193]}",67117056,0,{},0,16787456,1048704,FLOPs 仅有效因果位置；载荷是假定 Q/K 各读一次、GQA 头共享，完整分数矩阵物化。
11,score_scale_mask_softmax,softmax,"{""scores"": [1, 32, 1, 8193]}",0,1048672,"{""exp"": 262176, ""compare_max"": 262144, ""mask_decisions"": 262176}",0,1048704,1048704,选择的融合 scale/mask/softmax 代数工作；屏蔽点不计 exp。物化 FP32 默认概率；非具体 eager trace。
11,pv,attention,"{""P"": [1, 32, 1, 8193], ""V_shared"": [1, 8, 8193, 128], ""output"": [1, 32, 1, 128]}",67117056,0,{},0,17827968,8192,PV/AV：各 Q 头仍计算；V 容量不乘 GQA 复制数。载荷假定 V 在头／查询之间理想复用。
11,o_proj,linear,"{""input"": [1, 4096], ""weight_math"": [4096, 4096], ""weight_storage"": [4096, 4096], ""output"": [1, 4096]}",33554432,0,{},33554432,8192,8192,独立 GEMM：权重与输入各读一次、输出写一次的操作数载荷；不预测 tile 重读。
11,attention_residual,residual,"{""inputs_each"": [1, 4096], ""output"": [1, 4096]}",0,4096,{},0,16384,8192,
11,post_attention_layernorm,normalization,"{""input"": [1, 4096], ""weight"": [4096], ""output"": [1, 4096]}",0,16385,"{""rsqrt"": 1}",8192,8192,8192,按 FP32 行内归约的代数计数；rsqrt、类型转换与临时 FP32 张量分列／不推断 HBM spill。
11,gate_proj,linear,"{""input"": [1, 4096], ""weight_math"": [4096, 12288], ""weight_storage"": [12288, 4096], ""output"": [1, 12288]}",100663296,0,{},100663296,8192,24576,独立 GEMM：权重与输入各读一次、输出写一次的操作数载荷；不预测 tile 重读。
11,up_proj,linear,"{""input"": [1, 4096], ""weight_math"": [4096, 12288], ""weight_storage"": [12288, 4096], ""output"": [1, 12288]}",100663296,0,{},100663296,8192,24576,独立 GEMM：权重与输入各读一次、输出写一次的操作数载荷；不预测 tile 重读。
11,silu_mul,activation,"{""gate"": [1, 12288], ""up"": [1, 12288], ""output"": [1, 12288]}",0,49152,"{""exp"": 12288, ""negate"": 12288}",0,49152,24576,"sigmoid: exp(-x), +1, reciprocal；再乘 x 和 up。exp 与取负分列。"
11,down_proj,linear,"{""input"": [1, 12288], ""weight_math"": [12288, 4096], ""weight_storage"": [4096, 12288], ""output"": [1, 4096]}",100663296,0,{},100663296,24576,8192,独立 GEMM：权重与输入各读一次、输出写一次的操作数载荷；不预测 tile 重读。
11,ffn_residual,residual,"{""inputs_each"": [1, 4096], ""output"": [1, 4096]}",0,4096,{},0,16384,8192,
12,input_layernorm,normalization,"{""input"": [1, 4096], ""weight"": [4096], ""output"": [1, 4096]}",0,16385,"{""rsqrt"": 1}",8192,8192,8192,按 FP32 行内归约的代数计数；rsqrt、类型转换与临时 FP32 张量分列／不推断 HBM spill。
12,q_proj,linear,"{""input"": [1, 4096], ""weight_math"": [4096, 4096], ""weight_storage"": [4096, 4096], ""output"": [1, 4096]}",33554432,0,{},33554432,8192,8192,独立 GEMM：权重与输入各读一次、输出写一次的操作数载荷；不预测 tile 重读。
12,k_proj,linear,"{""input"": [1, 4096], ""weight_math"": [4096, 1024], ""weight_storage"": [1024, 4096], ""output"": [1, 1024]}",8388608,0,{},8388608,8192,2048,独立 GEMM：权重与输入各读一次、输出写一次的操作数载荷；不预测 tile 重读。
12,v_proj,linear,"{""input"": [1, 4096], ""weight_math"": [4096, 1024], ""weight_storage"": [1024, 4096], ""output"": [1, 1024]}",8388608,0,{},8388608,8192,2048,独立 GEMM：权重与输入各读一次、输出写一次的操作数载荷；不预测 tile 重读。
12,q_norm,normalization,"{""input"": [32, 128], ""weight"": [128], ""output"": [32, 128]}",0,16416,"{""rsqrt"": 32}",256,8192,8192,按 FP32 行内归约的代数计数；rsqrt、类型转换与临时 FP32 张量分列／不推断 HBM spill。
12,k_norm,normalization,"{""input"": [8, 128], ""weight"": [128], ""output"": [8, 128]}",0,4104,"{""rsqrt"": 8}",256,2048,2048,按 FP32 行内归约的代数计数；rsqrt、类型转换与临时 FP32 张量分列／不推断 HBM spill。
12,apply_rope,position,"{""Q"": [1, 32, 1, 128], ""K"": [1, 8, 1, 128]}",0,15360,"{""negate"": 2560}",0,10752,10240,2 multiply + 1 add/元素，rotate_half 符号翻转分列；表按批／头理想复用。
12,kv_append,state,"{""new_K_and_V_each"": [1, 8, 1, 128]}",0,0,{},0,4096,4096,原位／分页 append 载荷；不假定动态 torch.cat 对旧缓存整段复制。
12,qk,attention,"{""Q"": [1, 32, 1, 128], ""K_shared"": [1, 8, 8193, 128], ""scores_rectangular"": [1, 32, 1, 8193]}",67117056,0,{},0,16787456,1048704,FLOPs 仅有效因果位置；载荷是假定 Q/K 各读一次、GQA 头共享，完整分数矩阵物化。
12,score_scale_mask_softmax,softmax,"{""scores"": [1, 32, 1, 8193]}",0,1048672,"{""exp"": 262176, ""compare_max"": 262144, ""mask_decisions"": 262176}",0,1048704,1048704,选择的融合 scale/mask/softmax 代数工作；屏蔽点不计 exp。物化 FP32 默认概率；非具体 eager trace。
12,pv,attention,"{""P"": [1, 32, 1, 8193], ""V_shared"": [1, 8, 8193, 128], ""output"": [1, 32, 1, 128]}",67117056,0,{},0,17827968,8192,PV/AV：各 Q 头仍计算；V 容量不乘 GQA 复制数。载荷假定 V 在头／查询之间理想复用。
12,o_proj,linear,"{""input"": [1, 4096], ""weight_math"": [4096, 4096], ""weight_storage"": [4096, 4096], ""output"": [1, 4096]}",33554432,0,{},33554432,8192,8192,独立 GEMM：权重与输入各读一次、输出写一次的操作数载荷；不预测 tile 重读。
12,attention_residual,residual,"{""inputs_each"": [1, 4096], ""output"": [1, 4096]}",0,4096,{},0,16384,8192,
12,post_attention_layernorm,normalization,"{""input"": [1, 4096], ""weight"": [4096], ""output"": [1, 4096]}",0,16385,"{""rsqrt"": 1}",8192,8192,8192,按 FP32 行内归约的代数计数；rsqrt、类型转换与临时 FP32 张量分列／不推断 HBM spill。
12,gate_proj,linear,"{""input"": [1, 4096], ""weight_math"": [4096, 12288], ""weight_storage"": [12288, 4096], ""output"": [1, 12288]}",100663296,0,{},100663296,8192,24576,独立 GEMM：权重与输入各读一次、输出写一次的操作数载荷；不预测 tile 重读。
12,up_proj,linear,"{""input"": [1, 4096], ""weight_math"": [4096, 12288], ""weight_storage"": [12288, 4096], ""output"": [1, 12288]}",100663296,0,{},100663296,8192,24576,独立 GEMM：权重与输入各读一次、输出写一次的操作数载荷；不预测 tile 重读。
12,silu_mul,activation,"{""gate"": [1, 12288], ""up"": [1, 12288], ""output"": [1, 12288]}",0,49152,"{""exp"": 12288, ""negate"": 12288}",0,49152,24576,"sigmoid: exp(-x), +1, reciprocal；再乘 x 和 up。exp 与取负分列。"
12,down_proj,linear,"{""input"": [1, 12288], ""weight_math"": [12288, 4096], ""weight_storage"": [4096, 12288], ""output"": [1, 4096]}",100663296,0,{},100663296,24576,8192,独立 GEMM：权重与输入各读一次、输出写一次的操作数载荷；不预测 tile 重读。
12,ffn_residual,residual,"{""inputs_each"": [1, 4096], ""output"": [1, 4096]}",0,4096,{},0,16384,8192,
13,input_layernorm,normalization,"{""input"": [1, 4096], ""weight"": [4096], ""output"": [1, 4096]}",0,16385,"{""rsqrt"": 1}",8192,8192,8192,按 FP32 行内归约的代数计数；rsqrt、类型转换与临时 FP32 张量分列／不推断 HBM spill。
13,q_proj,linear,"{""input"": [1, 4096], ""weight_math"": [4096, 4096], ""weight_storage"": [4096, 4096], ""output"": [1, 4096]}",33554432,0,{},33554432,8192,8192,独立 GEMM：权重与输入各读一次、输出写一次的操作数载荷；不预测 tile 重读。
13,k_proj,linear,"{""input"": [1, 4096], ""weight_math"": [4096, 1024], ""weight_storage"": [1024, 4096], ""output"": [1, 1024]}",8388608,0,{},8388608,8192,2048,独立 GEMM：权重与输入各读一次、输出写一次的操作数载荷；不预测 tile 重读。
13,v_proj,linear,"{""input"": [1, 4096], ""weight_math"": [4096, 1024], ""weight_storage"": [1024, 4096], ""output"": [1, 1024]}",8388608,0,{},8388608,8192,2048,独立 GEMM：权重与输入各读一次、输出写一次的操作数载荷；不预测 tile 重读。
13,q_norm,normalization,"{""input"": [32, 128], ""weight"": [128], ""output"": [32, 128]}",0,16416,"{""rsqrt"": 32}",256,8192,8192,按 FP32 行内归约的代数计数；rsqrt、类型转换与临时 FP32 张量分列／不推断 HBM spill。
13,k_norm,normalization,"{""input"": [8, 128], ""weight"": [128], ""output"": [8, 128]}",0,4104,"{""rsqrt"": 8}",256,2048,2048,按 FP32 行内归约的代数计数；rsqrt、类型转换与临时 FP32 张量分列／不推断 HBM spill。
13,apply_rope,position,"{""Q"": [1, 32, 1, 128], ""K"": [1, 8, 1, 128]}",0,15360,"{""negate"": 2560}",0,10752,10240,2 multiply + 1 add/元素，rotate_half 符号翻转分列；表按批／头理想复用。
13,kv_append,state,"{""new_K_and_V_each"": [1, 8, 1, 128]}",0,0,{},0,4096,4096,原位／分页 append 载荷；不假定动态 torch.cat 对旧缓存整段复制。
13,qk,attention,"{""Q"": [1, 32, 1, 128], ""K_shared"": [1, 8, 8193, 128], ""scores_rectangular"": [1, 32, 1, 8193]}",67117056,0,{},0,16787456,1048704,FLOPs 仅有效因果位置；载荷是假定 Q/K 各读一次、GQA 头共享，完整分数矩阵物化。
13,score_scale_mask_softmax,softmax,"{""scores"": [1, 32, 1, 8193]}",0,1048672,"{""exp"": 262176, ""compare_max"": 262144, ""mask_decisions"": 262176}",0,1048704,1048704,选择的融合 scale/mask/softmax 代数工作；屏蔽点不计 exp。物化 FP32 默认概率；非具体 eager trace。
13,pv,attention,"{""P"": [1, 32, 1, 8193], ""V_shared"": [1, 8, 8193, 128], ""output"": [1, 32, 1, 128]}",67117056,0,{},0,17827968,8192,PV/AV：各 Q 头仍计算；V 容量不乘 GQA 复制数。载荷假定 V 在头／查询之间理想复用。
13,o_proj,linear,"{""input"": [1, 4096], ""weight_math"": [4096, 4096], ""weight_storage"": [4096, 4096], ""output"": [1, 4096]}",33554432,0,{},33554432,8192,8192,独立 GEMM：权重与输入各读一次、输出写一次的操作数载荷；不预测 tile 重读。
13,attention_residual,residual,"{""inputs_each"": [1, 4096], ""output"": [1, 4096]}",0,4096,{},0,16384,8192,
13,post_attention_layernorm,normalization,"{""input"": [1, 4096], ""weight"": [4096], ""output"": [1, 4096]}",0,16385,"{""rsqrt"": 1}",8192,8192,8192,按 FP32 行内归约的代数计数；rsqrt、类型转换与临时 FP32 张量分列／不推断 HBM spill。
13,gate_proj,linear,"{""input"": [1, 4096], ""weight_math"": [4096, 12288], ""weight_storage"": [12288, 4096], ""output"": [1, 12288]}",100663296,0,{},100663296,8192,24576,独立 GEMM：权重与输入各读一次、输出写一次的操作数载荷；不预测 tile 重读。
13,up_proj,linear,"{""input"": [1, 4096], ""weight_math"": [4096, 12288], ""weight_storage"": [12288, 4096], ""output"": [1, 12288]}",100663296,0,{},100663296,8192,24576,独立 GEMM：权重与输入各读一次、输出写一次的操作数载荷；不预测 tile 重读。
13,silu_mul,activation,"{""gate"": [1, 12288], ""up"": [1, 12288], ""output"": [1, 12288]}",0,49152,"{""exp"": 12288, ""negate"": 12288}",0,49152,24576,"sigmoid: exp(-x), +1, reciprocal；再乘 x 和 up。exp 与取负分列。"
13,down_proj,linear,"{""input"": [1, 12288], ""weight_math"": [12288, 4096], ""weight_storage"": [4096, 12288], ""output"": [1, 4096]}",100663296,0,{},100663296,24576,8192,独立 GEMM：权重与输入各读一次、输出写一次的操作数载荷；不预测 tile 重读。
13,ffn_residual,residual,"{""inputs_each"": [1, 4096], ""output"": [1, 4096]}",0,4096,{},0,16384,8192,
14,input_layernorm,normalization,"{""input"": [1, 4096], ""weight"": [4096], ""output"": [1, 4096]}",0,16385,"{""rsqrt"": 1}",8192,8192,8192,按 FP32 行内归约的代数计数；rsqrt、类型转换与临时 FP32 张量分列／不推断 HBM spill。
14,q_proj,linear,"{""input"": [1, 4096], ""weight_math"": [4096, 4096], ""weight_storage"": [4096, 4096], ""output"": [1, 4096]}",33554432,0,{},33554432,8192,8192,独立 GEMM：权重与输入各读一次、输出写一次的操作数载荷；不预测 tile 重读。
14,k_proj,linear,"{""input"": [1, 4096], ""weight_math"": [4096, 1024], ""weight_storage"": [1024, 4096], ""output"": [1, 1024]}",8388608,0,{},8388608,8192,2048,独立 GEMM：权重与输入各读一次、输出写一次的操作数载荷；不预测 tile 重读。
14,v_proj,linear,"{""input"": [1, 4096], ""weight_math"": [4096, 1024], ""weight_storage"": [1024, 4096], ""output"": [1, 1024]}",8388608,0,{},8388608,8192,2048,独立 GEMM：权重与输入各读一次、输出写一次的操作数载荷；不预测 tile 重读。
14,q_norm,normalization,"{""input"": [32, 128], ""weight"": [128], ""output"": [32, 128]}",0,16416,"{""rsqrt"": 32}",256,8192,8192,按 FP32 行内归约的代数计数；rsqrt、类型转换与临时 FP32 张量分列／不推断 HBM spill。
14,k_norm,normalization,"{""input"": [8, 128], ""weight"": [128], ""output"": [8, 128]}",0,4104,"{""rsqrt"": 8}",256,2048,2048,按 FP32 行内归约的代数计数；rsqrt、类型转换与临时 FP32 张量分列／不推断 HBM spill。
14,apply_rope,position,"{""Q"": [1, 32, 1, 128], ""K"": [1, 8, 1, 128]}",0,15360,"{""negate"": 2560}",0,10752,10240,2 multiply + 1 add/元素，rotate_half 符号翻转分列；表按批／头理想复用。
14,kv_append,state,"{""new_K_and_V_each"": [1, 8, 1, 128]}",0,0,{},0,4096,4096,原位／分页 append 载荷；不假定动态 torch.cat 对旧缓存整段复制。
14,qk,attention,"{""Q"": [1, 32, 1, 128], ""K_shared"": [1, 8, 8193, 128], ""scores_rectangular"": [1, 32, 1, 8193]}",67117056,0,{},0,16787456,1048704,FLOPs 仅有效因果位置；载荷是假定 Q/K 各读一次、GQA 头共享，完整分数矩阵物化。
14,score_scale_mask_softmax,softmax,"{""scores"": [1, 32, 1, 8193]}",0,1048672,"{""exp"": 262176, ""compare_max"": 262144, ""mask_decisions"": 262176}",0,1048704,1048704,选择的融合 scale/mask/softmax 代数工作；屏蔽点不计 exp。物化 FP32 默认概率；非具体 eager trace。
14,pv,attention,"{""P"": [1, 32, 1, 8193], ""V_shared"": [1, 8, 8193, 128], ""output"": [1, 32, 1, 128]}",67117056,0,{},0,17827968,8192,PV/AV：各 Q 头仍计算；V 容量不乘 GQA 复制数。载荷假定 V 在头／查询之间理想复用。
14,o_proj,linear,"{""input"": [1, 4096], ""weight_math"": [4096, 4096], ""weight_storage"": [4096, 4096], ""output"": [1, 4096]}",33554432,0,{},33554432,8192,8192,独立 GEMM：权重与输入各读一次、输出写一次的操作数载荷；不预测 tile 重读。
14,attention_residual,residual,"{""inputs_each"": [1, 4096], ""output"": [1, 4096]}",0,4096,{},0,16384,8192,
14,post_attention_layernorm,normalization,"{""input"": [1, 4096], ""weight"": [4096], ""output"": [1, 4096]}",0,16385,"{""rsqrt"": 1}",8192,8192,8192,按 FP32 行内归约的代数计数；rsqrt、类型转换与临时 FP32 张量分列／不推断 HBM spill。
14,gate_proj,linear,"{""input"": [1, 4096], ""weight_math"": [4096, 12288], ""weight_storage"": [12288, 4096], ""output"": [1, 12288]}",100663296,0,{},100663296,8192,24576,独立 GEMM：权重与输入各读一次、输出写一次的操作数载荷；不预测 tile 重读。
14,up_proj,linear,"{""input"": [1, 4096], ""weight_math"": [4096, 12288], ""weight_storage"": [12288, 4096], ""output"": [1, 12288]}",100663296,0,{},100663296,8192,24576,独立 GEMM：权重与输入各读一次、输出写一次的操作数载荷；不预测 tile 重读。
14,silu_mul,activation,"{""gate"": [1, 12288], ""up"": [1, 12288], ""output"": [1, 12288]}",0,49152,"{""exp"": 12288, ""negate"": 12288}",0,49152,24576,"sigmoid: exp(-x), +1, reciprocal；再乘 x 和 up。exp 与取负分列。"
14,down_proj,linear,"{""input"": [1, 12288], ""weight_math"": [12288, 4096], ""weight_storage"": [4096, 12288], ""output"": [1, 4096]}",100663296,0,{},100663296,24576,8192,独立 GEMM：权重与输入各读一次、输出写一次的操作数载荷；不预测 tile 重读。
14,ffn_residual,residual,"{""inputs_each"": [1, 4096], ""output"": [1, 4096]}",0,4096,{},0,16384,8192,
15,input_layernorm,normalization,"{""input"": [1, 4096], ""weight"": [4096], ""output"": [1, 4096]}",0,16385,"{""rsqrt"": 1}",8192,8192,8192,按 FP32 行内归约的代数计数；rsqrt、类型转换与临时 FP32 张量分列／不推断 HBM spill。
15,q_proj,linear,"{""input"": [1, 4096], ""weight_math"": [4096, 4096], ""weight_storage"": [4096, 4096], ""output"": [1, 4096]}",33554432,0,{},33554432,8192,8192,独立 GEMM：权重与输入各读一次、输出写一次的操作数载荷；不预测 tile 重读。
15,k_proj,linear,"{""input"": [1, 4096], ""weight_math"": [4096, 1024], ""weight_storage"": [1024, 4096], ""output"": [1, 1024]}",8388608,0,{},8388608,8192,2048,独立 GEMM：权重与输入各读一次、输出写一次的操作数载荷；不预测 tile 重读。
15,v_proj,linear,"{""input"": [1, 4096], ""weight_math"": [4096, 1024], ""weight_storage"": [1024, 4096], ""output"": [1, 1024]}",8388608,0,{},8388608,8192,2048,独立 GEMM：权重与输入各读一次、输出写一次的操作数载荷；不预测 tile 重读。
15,q_norm,normalization,"{""input"": [32, 128], ""weight"": [128], ""output"": [32, 128]}",0,16416,"{""rsqrt"": 32}",256,8192,8192,按 FP32 行内归约的代数计数；rsqrt、类型转换与临时 FP32 张量分列／不推断 HBM spill。
15,k_norm,normalization,"{""input"": [8, 128], ""weight"": [128], ""output"": [8, 128]}",0,4104,"{""rsqrt"": 8}",256,2048,2048,按 FP32 行内归约的代数计数；rsqrt、类型转换与临时 FP32 张量分列／不推断 HBM spill。
15,apply_rope,position,"{""Q"": [1, 32, 1, 128], ""K"": [1, 8, 1, 128]}",0,15360,"{""negate"": 2560}",0,10752,10240,2 multiply + 1 add/元素，rotate_half 符号翻转分列；表按批／头理想复用。
15,kv_append,state,"{""new_K_and_V_each"": [1, 8, 1, 128]}",0,0,{},0,4096,4096,原位／分页 append 载荷；不假定动态 torch.cat 对旧缓存整段复制。
15,qk,attention,"{""Q"": [1, 32, 1, 128], ""K_shared"": [1, 8, 8193, 128], ""scores_rectangular"": [1, 32, 1, 8193]}",67117056,0,{},0,16787456,1048704,FLOPs 仅有效因果位置；载荷是假定 Q/K 各读一次、GQA 头共享，完整分数矩阵物化。
15,score_scale_mask_softmax,softmax,"{""scores"": [1, 32, 1, 8193]}",0,1048672,"{""exp"": 262176, ""compare_max"": 262144, ""mask_decisions"": 262176}",0,1048704,1048704,选择的融合 scale/mask/softmax 代数工作；屏蔽点不计 exp。物化 FP32 默认概率；非具体 eager trace。
15,pv,attention,"{""P"": [1, 32, 1, 8193], ""V_shared"": [1, 8, 8193, 128], ""output"": [1, 32, 1, 128]}",67117056,0,{},0,17827968,8192,PV/AV：各 Q 头仍计算；V 容量不乘 GQA 复制数。载荷假定 V 在头／查询之间理想复用。
15,o_proj,linear,"{""input"": [1, 4096], ""weight_math"": [4096, 4096], ""weight_storage"": [4096, 4096], ""output"": [1, 4096]}",33554432,0,{},33554432,8192,8192,独立 GEMM：权重与输入各读一次、输出写一次的操作数载荷；不预测 tile 重读。
15,attention_residual,residual,"{""inputs_each"": [1, 4096], ""output"": [1, 4096]}",0,4096,{},0,16384,8192,
15,post_attention_layernorm,normalization,"{""input"": [1, 4096], ""weight"": [4096], ""output"": [1, 4096]}",0,16385,"{""rsqrt"": 1}",8192,8192,8192,按 FP32 行内归约的代数计数；rsqrt、类型转换与临时 FP32 张量分列／不推断 HBM spill。
15,gate_proj,linear,"{""input"": [1, 4096], ""weight_math"": [4096, 12288], ""weight_storage"": [12288, 4096], ""output"": [1, 12288]}",100663296,0,{},100663296,8192,24576,独立 GEMM：权重与输入各读一次、输出写一次的操作数载荷；不预测 tile 重读。
15,up_proj,linear,"{""input"": [1, 4096], ""weight_math"": [4096, 12288], ""weight_storage"": [12288, 4096], ""output"": [1, 12288]}",100663296,0,{},100663296,8192,24576,独立 GEMM：权重与输入各读一次、输出写一次的操作数载荷；不预测 tile 重读。
15,silu_mul,activation,"{""gate"": [1, 12288], ""up"": [1, 12288], ""output"": [1, 12288]}",0,49152,"{""exp"": 12288, ""negate"": 12288}",0,49152,24576,"sigmoid: exp(-x), +1, reciprocal；再乘 x 和 up。exp 与取负分列。"
15,down_proj,linear,"{""input"": [1, 12288], ""weight_math"": [12288, 4096], ""weight_storage"": [4096, 12288], ""output"": [1, 4096]}",100663296,0,{},100663296,24576,8192,独立 GEMM：权重与输入各读一次、输出写一次的操作数载荷；不预测 tile 重读。
15,ffn_residual,residual,"{""inputs_each"": [1, 4096], ""output"": [1, 4096]}",0,4096,{},0,16384,8192,
16,input_layernorm,normalization,"{""input"": [1, 4096], ""weight"": [4096], ""output"": [1, 4096]}",0,16385,"{""rsqrt"": 1}",8192,8192,8192,按 FP32 行内归约的代数计数；rsqrt、类型转换与临时 FP32 张量分列／不推断 HBM spill。
16,q_proj,linear,"{""input"": [1, 4096], ""weight_math"": [4096, 4096], ""weight_storage"": [4096, 4096], ""output"": [1, 4096]}",33554432,0,{},33554432,8192,8192,独立 GEMM：权重与输入各读一次、输出写一次的操作数载荷；不预测 tile 重读。
16,k_proj,linear,"{""input"": [1, 4096], ""weight_math"": [4096, 1024], ""weight_storage"": [1024, 4096], ""output"": [1, 1024]}",8388608,0,{},8388608,8192,2048,独立 GEMM：权重与输入各读一次、输出写一次的操作数载荷；不预测 tile 重读。
16,v_proj,linear,"{""input"": [1, 4096], ""weight_math"": [4096, 1024], ""weight_storage"": [1024, 4096], ""output"": [1, 1024]}",8388608,0,{},8388608,8192,2048,独立 GEMM：权重与输入各读一次、输出写一次的操作数载荷；不预测 tile 重读。
16,q_norm,normalization,"{""input"": [32, 128], ""weight"": [128], ""output"": [32, 128]}",0,16416,"{""rsqrt"": 32}",256,8192,8192,按 FP32 行内归约的代数计数；rsqrt、类型转换与临时 FP32 张量分列／不推断 HBM spill。
16,k_norm,normalization,"{""input"": [8, 128], ""weight"": [128], ""output"": [8, 128]}",0,4104,"{""rsqrt"": 8}",256,2048,2048,按 FP32 行内归约的代数计数；rsqrt、类型转换与临时 FP32 张量分列／不推断 HBM spill。
16,apply_rope,position,"{""Q"": [1, 32, 1, 128], ""K"": [1, 8, 1, 128]}",0,15360,"{""negate"": 2560}",0,10752,10240,2 multiply + 1 add/元素，rotate_half 符号翻转分列；表按批／头理想复用。
16,kv_append,state,"{""new_K_and_V_each"": [1, 8, 1, 128]}",0,0,{},0,4096,4096,原位／分页 append 载荷；不假定动态 torch.cat 对旧缓存整段复制。
16,qk,attention,"{""Q"": [1, 32, 1, 128], ""K_shared"": [1, 8, 8193, 128], ""scores_rectangular"": [1, 32, 1, 8193]}",67117056,0,{},0,16787456,1048704,FLOPs 仅有效因果位置；载荷是假定 Q/K 各读一次、GQA 头共享，完整分数矩阵物化。
16,score_scale_mask_softmax,softmax,"{""scores"": [1, 32, 1, 8193]}",0,1048672,"{""exp"": 262176, ""compare_max"": 262144, ""mask_decisions"": 262176}",0,1048704,1048704,选择的融合 scale/mask/softmax 代数工作；屏蔽点不计 exp。物化 FP32 默认概率；非具体 eager trace。
16,pv,attention,"{""P"": [1, 32, 1, 8193], ""V_shared"": [1, 8, 8193, 128], ""output"": [1, 32, 1, 128]}",67117056,0,{},0,17827968,8192,PV/AV：各 Q 头仍计算；V 容量不乘 GQA 复制数。载荷假定 V 在头／查询之间理想复用。
16,o_proj,linear,"{""input"": [1, 4096], ""weight_math"": [4096, 4096], ""weight_storage"": [4096, 4096], ""output"": [1, 4096]}",33554432,0,{},33554432,8192,8192,独立 GEMM：权重与输入各读一次、输出写一次的操作数载荷；不预测 tile 重读。
16,attention_residual,residual,"{""inputs_each"": [1, 4096], ""output"": [1, 4096]}",0,4096,{},0,16384,8192,
16,post_attention_layernorm,normalization,"{""input"": [1, 4096], ""weight"": [4096], ""output"": [1, 4096]}",0,16385,"{""rsqrt"": 1}",8192,8192,8192,按 FP32 行内归约的代数计数；rsqrt、类型转换与临时 FP32 张量分列／不推断 HBM spill。
16,gate_proj,linear,"{""input"": [1, 4096], ""weight_math"": [4096, 12288], ""weight_storage"": [12288, 4096], ""output"": [1, 12288]}",100663296,0,{},100663296,8192,24576,独立 GEMM：权重与输入各读一次、输出写一次的操作数载荷；不预测 tile 重读。
16,up_proj,linear,"{""input"": [1, 4096], ""weight_math"": [4096, 12288], ""weight_storage"": [12288, 4096], ""output"": [1, 12288]}",100663296,0,{},100663296,8192,24576,独立 GEMM：权重与输入各读一次、输出写一次的操作数载荷；不预测 tile 重读。
16,silu_mul,activation,"{""gate"": [1, 12288], ""up"": [1, 12288], ""output"": [1, 12288]}",0,49152,"{""exp"": 12288, ""negate"": 12288}",0,49152,24576,"sigmoid: exp(-x), +1, reciprocal；再乘 x 和 up。exp 与取负分列。"
16,down_proj,linear,"{""input"": [1, 12288], ""weight_math"": [12288, 4096], ""weight_storage"": [4096, 12288], ""output"": [1, 4096]}",100663296,0,{},100663296,24576,8192,独立 GEMM：权重与输入各读一次、输出写一次的操作数载荷；不预测 tile 重读。
16,ffn_residual,residual,"{""inputs_each"": [1, 4096], ""output"": [1, 4096]}",0,4096,{},0,16384,8192,
17,input_layernorm,normalization,"{""input"": [1, 4096], ""weight"": [4096], ""output"": [1, 4096]}",0,16385,"{""rsqrt"": 1}",8192,8192,8192,按 FP32 行内归约的代数计数；rsqrt、类型转换与临时 FP32 张量分列／不推断 HBM spill。
17,q_proj,linear,"{""input"": [1, 4096], ""weight_math"": [4096, 4096], ""weight_storage"": [4096, 4096], ""output"": [1, 4096]}",33554432,0,{},33554432,8192,8192,独立 GEMM：权重与输入各读一次、输出写一次的操作数载荷；不预测 tile 重读。
17,k_proj,linear,"{""input"": [1, 4096], ""weight_math"": [4096, 1024], ""weight_storage"": [1024, 4096], ""output"": [1, 1024]}",8388608,0,{},8388608,8192,2048,独立 GEMM：权重与输入各读一次、输出写一次的操作数载荷；不预测 tile 重读。
17,v_proj,linear,"{""input"": [1, 4096], ""weight_math"": [4096, 1024], ""weight_storage"": [1024, 4096], ""output"": [1, 1024]}",8388608,0,{},8388608,8192,2048,独立 GEMM：权重与输入各读一次、输出写一次的操作数载荷；不预测 tile 重读。
17,q_norm,normalization,"{""input"": [32, 128], ""weight"": [128], ""output"": [32, 128]}",0,16416,"{""rsqrt"": 32}",256,8192,8192,按 FP32 行内归约的代数计数；rsqrt、类型转换与临时 FP32 张量分列／不推断 HBM spill。
17,k_norm,normalization,"{""input"": [8, 128], ""weight"": [128], ""output"": [8, 128]}",0,4104,"{""rsqrt"": 8}",256,2048,2048,按 FP32 行内归约的代数计数；rsqrt、类型转换与临时 FP32 张量分列／不推断 HBM spill。
17,apply_rope,position,"{""Q"": [1, 32, 1, 128], ""K"": [1, 8, 1, 128]}",0,15360,"{""negate"": 2560}",0,10752,10240,2 multiply + 1 add/元素，rotate_half 符号翻转分列；表按批／头理想复用。
17,kv_append,state,"{""new_K_and_V_each"": [1, 8, 1, 128]}",0,0,{},0,4096,4096,原位／分页 append 载荷；不假定动态 torch.cat 对旧缓存整段复制。
17,qk,attention,"{""Q"": [1, 32, 1, 128], ""K_shared"": [1, 8, 8193, 128], ""scores_rectangular"": [1, 32, 1, 8193]}",67117056,0,{},0,16787456,1048704,FLOPs 仅有效因果位置；载荷是假定 Q/K 各读一次、GQA 头共享，完整分数矩阵物化。
17,score_scale_mask_softmax,softmax,"{""scores"": [1, 32, 1, 8193]}",0,1048672,"{""exp"": 262176, ""compare_max"": 262144, ""mask_decisions"": 262176}",0,1048704,1048704,选择的融合 scale/mask/softmax 代数工作；屏蔽点不计 exp。物化 FP32 默认概率；非具体 eager trace。
17,pv,attention,"{""P"": [1, 32, 1, 8193], ""V_shared"": [1, 8, 8193, 128], ""output"": [1, 32, 1, 128]}",67117056,0,{},0,17827968,8192,PV/AV：各 Q 头仍计算；V 容量不乘 GQA 复制数。载荷假定 V 在头／查询之间理想复用。
17,o_proj,linear,"{""input"": [1, 4096], ""weight_math"": [4096, 4096], ""weight_storage"": [4096, 4096], ""output"": [1, 4096]}",33554432,0,{},33554432,8192,8192,独立 GEMM：权重与输入各读一次、输出写一次的操作数载荷；不预测 tile 重读。
17,attention_residual,residual,"{""inputs_each"": [1, 4096], ""output"": [1, 4096]}",0,4096,{},0,16384,8192,
17,post_attention_layernorm,normalization,"{""input"": [1, 4096], ""weight"": [4096], ""output"": [1, 4096]}",0,16385,"{""rsqrt"": 1}",8192,8192,8192,按 FP32 行内归约的代数计数；rsqrt、类型转换与临时 FP32 张量分列／不推断 HBM spill。
17,gate_proj,linear,"{""input"": [1, 4096], ""weight_math"": [4096, 12288], ""weight_storage"": [12288, 4096], ""output"": [1, 12288]}",100663296,0,{},100663296,8192,24576,独立 GEMM：权重与输入各读一次、输出写一次的操作数载荷；不预测 tile 重读。
17,up_proj,linear,"{""input"": [1, 4096], ""weight_math"": [4096, 12288], ""weight_storage"": [12288, 4096], ""output"": [1, 12288]}",100663296,0,{},100663296,8192,24576,独立 GEMM：权重与输入各读一次、输出写一次的操作数载荷；不预测 tile 重读。
17,silu_mul,activation,"{""gate"": [1, 12288], ""up"": [1, 12288], ""output"": [1, 12288]}",0,49152,"{""exp"": 12288, ""negate"": 12288}",0,49152,24576,"sigmoid: exp(-x), +1, reciprocal；再乘 x 和 up。exp 与取负分列。"
17,down_proj,linear,"{""input"": [1, 12288], ""weight_math"": [12288, 4096], ""weight_storage"": [4096, 12288], ""output"": [1, 4096]}",100663296,0,{},100663296,24576,8192,独立 GEMM：权重与输入各读一次、输出写一次的操作数载荷；不预测 tile 重读。
17,ffn_residual,residual,"{""inputs_each"": [1, 4096], ""output"": [1, 4096]}",0,4096,{},0,16384,8192,
18,input_layernorm,normalization,"{""input"": [1, 4096], ""weight"": [4096], ""output"": [1, 4096]}",0,16385,"{""rsqrt"": 1}",8192,8192,8192,按 FP32 行内归约的代数计数；rsqrt、类型转换与临时 FP32 张量分列／不推断 HBM spill。
18,q_proj,linear,"{""input"": [1, 4096], ""weight_math"": [4096, 4096], ""weight_storage"": [4096, 4096], ""output"": [1, 4096]}",33554432,0,{},33554432,8192,8192,独立 GEMM：权重与输入各读一次、输出写一次的操作数载荷；不预测 tile 重读。
18,k_proj,linear,"{""input"": [1, 4096], ""weight_math"": [4096, 1024], ""weight_storage"": [1024, 4096], ""output"": [1, 1024]}",8388608,0,{},8388608,8192,2048,独立 GEMM：权重与输入各读一次、输出写一次的操作数载荷；不预测 tile 重读。
18,v_proj,linear,"{""input"": [1, 4096], ""weight_math"": [4096, 1024], ""weight_storage"": [1024, 4096], ""output"": [1, 1024]}",8388608,0,{},8388608,8192,2048,独立 GEMM：权重与输入各读一次、输出写一次的操作数载荷；不预测 tile 重读。
18,q_norm,normalization,"{""input"": [32, 128], ""weight"": [128], ""output"": [32, 128]}",0,16416,"{""rsqrt"": 32}",256,8192,8192,按 FP32 行内归约的代数计数；rsqrt、类型转换与临时 FP32 张量分列／不推断 HBM spill。
18,k_norm,normalization,"{""input"": [8, 128], ""weight"": [128], ""output"": [8, 128]}",0,4104,"{""rsqrt"": 8}",256,2048,2048,按 FP32 行内归约的代数计数；rsqrt、类型转换与临时 FP32 张量分列／不推断 HBM spill。
18,apply_rope,position,"{""Q"": [1, 32, 1, 128], ""K"": [1, 8, 1, 128]}",0,15360,"{""negate"": 2560}",0,10752,10240,2 multiply + 1 add/元素，rotate_half 符号翻转分列；表按批／头理想复用。
18,kv_append,state,"{""new_K_and_V_each"": [1, 8, 1, 128]}",0,0,{},0,4096,4096,原位／分页 append 载荷；不假定动态 torch.cat 对旧缓存整段复制。
18,qk,attention,"{""Q"": [1, 32, 1, 128], ""K_shared"": [1, 8, 8193, 128], ""scores_rectangular"": [1, 32, 1, 8193]}",67117056,0,{},0,16787456,1048704,FLOPs 仅有效因果位置；载荷是假定 Q/K 各读一次、GQA 头共享，完整分数矩阵物化。
18,score_scale_mask_softmax,softmax,"{""scores"": [1, 32, 1, 8193]}",0,1048672,"{""exp"": 262176, ""compare_max"": 262144, ""mask_decisions"": 262176}",0,1048704,1048704,选择的融合 scale/mask/softmax 代数工作；屏蔽点不计 exp。物化 FP32 默认概率；非具体 eager trace。
18,pv,attention,"{""P"": [1, 32, 1, 8193], ""V_shared"": [1, 8, 8193, 128], ""output"": [1, 32, 1, 128]}",67117056,0,{},0,17827968,8192,PV/AV：各 Q 头仍计算；V 容量不乘 GQA 复制数。载荷假定 V 在头／查询之间理想复用。
18,o_proj,linear,"{""input"": [1, 4096], ""weight_math"": [4096, 4096], ""weight_storage"": [4096, 4096], ""output"": [1, 4096]}",33554432,0,{},33554432,8192,8192,独立 GEMM：权重与输入各读一次、输出写一次的操作数载荷；不预测 tile 重读。
18,attention_residual,residual,"{""inputs_each"": [1, 4096], ""output"": [1, 4096]}",0,4096,{},0,16384,8192,
18,post_attention_layernorm,normalization,"{""input"": [1, 4096], ""weight"": [4096], ""output"": [1, 4096]}",0,16385,"{""rsqrt"": 1}",8192,8192,8192,按 FP32 行内归约的代数计数；rsqrt、类型转换与临时 FP32 张量分列／不推断 HBM spill。
18,gate_proj,linear,"{""input"": [1, 4096], ""weight_math"": [4096, 12288], ""weight_storage"": [12288, 4096], ""output"": [1, 12288]}",100663296,0,{},100663296,8192,24576,独立 GEMM：权重与输入各读一次、输出写一次的操作数载荷；不预测 tile 重读。
18,up_proj,linear,"{""input"": [1, 4096], ""weight_math"": [4096, 12288], ""weight_storage"": [12288, 4096], ""output"": [1, 12288]}",100663296,0,{},100663296,8192,24576,独立 GEMM：权重与输入各读一次、输出写一次的操作数载荷；不预测 tile 重读。
18,silu_mul,activation,"{""gate"": [1, 12288], ""up"": [1, 12288], ""output"": [1, 12288]}",0,49152,"{""exp"": 12288, ""negate"": 12288}",0,49152,24576,"sigmoid: exp(-x), +1, reciprocal；再乘 x 和 up。exp 与取负分列。"
18,down_proj,linear,"{""input"": [1, 12288], ""weight_math"": [12288, 4096], ""weight_storage"": [4096, 12288], ""output"": [1, 4096]}",100663296,0,{},100663296,24576,8192,独立 GEMM：权重与输入各读一次、输出写一次的操作数载荷；不预测 tile 重读。
18,ffn_residual,residual,"{""inputs_each"": [1, 4096], ""output"": [1, 4096]}",0,4096,{},0,16384,8192,
19,input_layernorm,normalization,"{""input"": [1, 4096], ""weight"": [4096], ""output"": [1, 4096]}",0,16385,"{""rsqrt"": 1}",8192,8192,8192,按 FP32 行内归约的代数计数；rsqrt、类型转换与临时 FP32 张量分列／不推断 HBM spill。
19,q_proj,linear,"{""input"": [1, 4096], ""weight_math"": [4096, 4096], ""weight_storage"": [4096, 4096], ""output"": [1, 4096]}",33554432,0,{},33554432,8192,8192,独立 GEMM：权重与输入各读一次、输出写一次的操作数载荷；不预测 tile 重读。
19,k_proj,linear,"{""input"": [1, 4096], ""weight_math"": [4096, 1024], ""weight_storage"": [1024, 4096], ""output"": [1, 1024]}",8388608,0,{},8388608,8192,2048,独立 GEMM：权重与输入各读一次、输出写一次的操作数载荷；不预测 tile 重读。
19,v_proj,linear,"{""input"": [1, 4096], ""weight_math"": [4096, 1024], ""weight_storage"": [1024, 4096], ""output"": [1, 1024]}",8388608,0,{},8388608,8192,2048,独立 GEMM：权重与输入各读一次、输出写一次的操作数载荷；不预测 tile 重读。
19,q_norm,normalization,"{""input"": [32, 128], ""weight"": [128], ""output"": [32, 128]}",0,16416,"{""rsqrt"": 32}",256,8192,8192,按 FP32 行内归约的代数计数；rsqrt、类型转换与临时 FP32 张量分列／不推断 HBM spill。
19,k_norm,normalization,"{""input"": [8, 128], ""weight"": [128], ""output"": [8, 128]}",0,4104,"{""rsqrt"": 8}",256,2048,2048,按 FP32 行内归约的代数计数；rsqrt、类型转换与临时 FP32 张量分列／不推断 HBM spill。
19,apply_rope,position,"{""Q"": [1, 32, 1, 128], ""K"": [1, 8, 1, 128]}",0,15360,"{""negate"": 2560}",0,10752,10240,2 multiply + 1 add/元素，rotate_half 符号翻转分列；表按批／头理想复用。
19,kv_append,state,"{""new_K_and_V_each"": [1, 8, 1, 128]}",0,0,{},0,4096,4096,原位／分页 append 载荷；不假定动态 torch.cat 对旧缓存整段复制。
19,qk,attention,"{""Q"": [1, 32, 1, 128], ""K_shared"": [1, 8, 8193, 128], ""scores_rectangular"": [1, 32, 1, 8193]}",67117056,0,{},0,16787456,1048704,FLOPs 仅有效因果位置；载荷是假定 Q/K 各读一次、GQA 头共享，完整分数矩阵物化。
19,score_scale_mask_softmax,softmax,"{""scores"": [1, 32, 1, 8193]}",0,1048672,"{""exp"": 262176, ""compare_max"": 262144, ""mask_decisions"": 262176}",0,1048704,1048704,选择的融合 scale/mask/softmax 代数工作；屏蔽点不计 exp。物化 FP32 默认概率；非具体 eager trace。
19,pv,attention,"{""P"": [1, 32, 1, 8193], ""V_shared"": [1, 8, 8193, 128], ""output"": [1, 32, 1, 128]}",67117056,0,{},0,17827968,8192,PV/AV：各 Q 头仍计算；V 容量不乘 GQA 复制数。载荷假定 V 在头／查询之间理想复用。
19,o_proj,linear,"{""input"": [1, 4096], ""weight_math"": [4096, 4096], ""weight_storage"": [4096, 4096], ""output"": [1, 4096]}",33554432,0,{},33554432,8192,8192,独立 GEMM：权重与输入各读一次、输出写一次的操作数载荷；不预测 tile 重读。
19,attention_residual,residual,"{""inputs_each"": [1, 4096], ""output"": [1, 4096]}",0,4096,{},0,16384,8192,
19,post_attention_layernorm,normalization,"{""input"": [1, 4096], ""weight"": [4096], ""output"": [1, 4096]}",0,16385,"{""rsqrt"": 1}",8192,8192,8192,按 FP32 行内归约的代数计数；rsqrt、类型转换与临时 FP32 张量分列／不推断 HBM spill。
19,gate_proj,linear,"{""input"": [1, 4096], ""weight_math"": [4096, 12288], ""weight_storage"": [12288, 4096], ""output"": [1, 12288]}",100663296,0,{},100663296,8192,24576,独立 GEMM：权重与输入各读一次、输出写一次的操作数载荷；不预测 tile 重读。
19,up_proj,linear,"{""input"": [1, 4096], ""weight_math"": [4096, 12288], ""weight_storage"": [12288, 4096], ""output"": [1, 12288]}",100663296,0,{},100663296,8192,24576,独立 GEMM：权重与输入各读一次、输出写一次的操作数载荷；不预测 tile 重读。
19,silu_mul,activation,"{""gate"": [1, 12288], ""up"": [1, 12288], ""output"": [1, 12288]}",0,49152,"{""exp"": 12288, ""negate"": 12288}",0,49152,24576,"sigmoid: exp(-x), +1, reciprocal；再乘 x 和 up。exp 与取负分列。"
19,down_proj,linear,"{""input"": [1, 12288], ""weight_math"": [12288, 4096], ""weight_storage"": [4096, 12288], ""output"": [1, 4096]}",100663296,0,{},100663296,24576,8192,独立 GEMM：权重与输入各读一次、输出写一次的操作数载荷；不预测 tile 重读。
19,ffn_residual,residual,"{""inputs_each"": [1, 4096], ""output"": [1, 4096]}",0,4096,{},0,16384,8192,
20,input_layernorm,normalization,"{""input"": [1, 4096], ""weight"": [4096], ""output"": [1, 4096]}",0,16385,"{""rsqrt"": 1}",8192,8192,8192,按 FP32 行内归约的代数计数；rsqrt、类型转换与临时 FP32 张量分列／不推断 HBM spill。
20,q_proj,linear,"{""input"": [1, 4096], ""weight_math"": [4096, 4096], ""weight_storage"": [4096, 4096], ""output"": [1, 4096]}",33554432,0,{},33554432,8192,8192,独立 GEMM：权重与输入各读一次、输出写一次的操作数载荷；不预测 tile 重读。
20,k_proj,linear,"{""input"": [1, 4096], ""weight_math"": [4096, 1024], ""weight_storage"": [1024, 4096], ""output"": [1, 1024]}",8388608,0,{},8388608,8192,2048,独立 GEMM：权重与输入各读一次、输出写一次的操作数载荷；不预测 tile 重读。
20,v_proj,linear,"{""input"": [1, 4096], ""weight_math"": [4096, 1024], ""weight_storage"": [1024, 4096], ""output"": [1, 1024]}",8388608,0,{},8388608,8192,2048,独立 GEMM：权重与输入各读一次、输出写一次的操作数载荷；不预测 tile 重读。
20,q_norm,normalization,"{""input"": [32, 128], ""weight"": [128], ""output"": [32, 128]}",0,16416,"{""rsqrt"": 32}",256,8192,8192,按 FP32 行内归约的代数计数；rsqrt、类型转换与临时 FP32 张量分列／不推断 HBM spill。
20,k_norm,normalization,"{""input"": [8, 128], ""weight"": [128], ""output"": [8, 128]}",0,4104,"{""rsqrt"": 8}",256,2048,2048,按 FP32 行内归约的代数计数；rsqrt、类型转换与临时 FP32 张量分列／不推断 HBM spill。
20,apply_rope,position,"{""Q"": [1, 32, 1, 128], ""K"": [1, 8, 1, 128]}",0,15360,"{""negate"": 2560}",0,10752,10240,2 multiply + 1 add/元素，rotate_half 符号翻转分列；表按批／头理想复用。
20,kv_append,state,"{""new_K_and_V_each"": [1, 8, 1, 128]}",0,0,{},0,4096,4096,原位／分页 append 载荷；不假定动态 torch.cat 对旧缓存整段复制。
20,qk,attention,"{""Q"": [1, 32, 1, 128], ""K_shared"": [1, 8, 8193, 128], ""scores_rectangular"": [1, 32, 1, 8193]}",67117056,0,{},0,16787456,1048704,FLOPs 仅有效因果位置；载荷是假定 Q/K 各读一次、GQA 头共享，完整分数矩阵物化。
20,score_scale_mask_softmax,softmax,"{""scores"": [1, 32, 1, 8193]}",0,1048672,"{""exp"": 262176, ""compare_max"": 262144, ""mask_decisions"": 262176}",0,1048704,1048704,选择的融合 scale/mask/softmax 代数工作；屏蔽点不计 exp。物化 FP32 默认概率；非具体 eager trace。
20,pv,attention,"{""P"": [1, 32, 1, 8193], ""V_shared"": [1, 8, 8193, 128], ""output"": [1, 32, 1, 128]}",67117056,0,{},0,17827968,8192,PV/AV：各 Q 头仍计算；V 容量不乘 GQA 复制数。载荷假定 V 在头／查询之间理想复用。
20,o_proj,linear,"{""input"": [1, 4096], ""weight_math"": [4096, 4096], ""weight_storage"": [4096, 4096], ""output"": [1, 4096]}",33554432,0,{},33554432,8192,8192,独立 GEMM：权重与输入各读一次、输出写一次的操作数载荷；不预测 tile 重读。
20,attention_residual,residual,"{""inputs_each"": [1, 4096], ""output"": [1, 4096]}",0,4096,{},0,16384,8192,
20,post_attention_layernorm,normalization,"{""input"": [1, 4096], ""weight"": [4096], ""output"": [1, 4096]}",0,16385,"{""rsqrt"": 1}",8192,8192,8192,按 FP32 行内归约的代数计数；rsqrt、类型转换与临时 FP32 张量分列／不推断 HBM spill。
20,gate_proj,linear,"{""input"": [1, 4096], ""weight_math"": [4096, 12288], ""weight_storage"": [12288, 4096], ""output"": [1, 12288]}",100663296,0,{},100663296,8192,24576,独立 GEMM：权重与输入各读一次、输出写一次的操作数载荷；不预测 tile 重读。
20,up_proj,linear,"{""input"": [1, 4096], ""weight_math"": [4096, 12288], ""weight_storage"": [12288, 4096], ""output"": [1, 12288]}",100663296,0,{},100663296,8192,24576,独立 GEMM：权重与输入各读一次、输出写一次的操作数载荷；不预测 tile 重读。
20,silu_mul,activation,"{""gate"": [1, 12288], ""up"": [1, 12288], ""output"": [1, 12288]}",0,49152,"{""exp"": 12288, ""negate"": 12288}",0,49152,24576,"sigmoid: exp(-x), +1, reciprocal；再乘 x 和 up。exp 与取负分列。"
20,down_proj,linear,"{""input"": [1, 12288], ""weight_math"": [12288, 4096], ""weight_storage"": [4096, 12288], ""output"": [1, 4096]}",100663296,0,{},100663296,24576,8192,独立 GEMM：权重与输入各读一次、输出写一次的操作数载荷；不预测 tile 重读。
20,ffn_residual,residual,"{""inputs_each"": [1, 4096], ""output"": [1, 4096]}",0,4096,{},0,16384,8192,
21,input_layernorm,normalization,"{""input"": [1, 4096], ""weight"": [4096], ""output"": [1, 4096]}",0,16385,"{""rsqrt"": 1}",8192,8192,8192,按 FP32 行内归约的代数计数；rsqrt、类型转换与临时 FP32 张量分列／不推断 HBM spill。
21,q_proj,linear,"{""input"": [1, 4096], ""weight_math"": [4096, 4096], ""weight_storage"": [4096, 4096], ""output"": [1, 4096]}",33554432,0,{},33554432,8192,8192,独立 GEMM：权重与输入各读一次、输出写一次的操作数载荷；不预测 tile 重读。
21,k_proj,linear,"{""input"": [1, 4096], ""weight_math"": [4096, 1024], ""weight_storage"": [1024, 4096], ""output"": [1, 1024]}",8388608,0,{},8388608,8192,2048,独立 GEMM：权重与输入各读一次、输出写一次的操作数载荷；不预测 tile 重读。
21,v_proj,linear,"{""input"": [1, 4096], ""weight_math"": [4096, 1024], ""weight_storage"": [1024, 4096], ""output"": [1, 1024]}",8388608,0,{},8388608,8192,2048,独立 GEMM：权重与输入各读一次、输出写一次的操作数载荷；不预测 tile 重读。
21,q_norm,normalization,"{""input"": [32, 128], ""weight"": [128], ""output"": [32, 128]}",0,16416,"{""rsqrt"": 32}",256,8192,8192,按 FP32 行内归约的代数计数；rsqrt、类型转换与临时 FP32 张量分列／不推断 HBM spill。
21,k_norm,normalization,"{""input"": [8, 128], ""weight"": [128], ""output"": [8, 128]}",0,4104,"{""rsqrt"": 8}",256,2048,2048,按 FP32 行内归约的代数计数；rsqrt、类型转换与临时 FP32 张量分列／不推断 HBM spill。
21,apply_rope,position,"{""Q"": [1, 32, 1, 128], ""K"": [1, 8, 1, 128]}",0,15360,"{""negate"": 2560}",0,10752,10240,2 multiply + 1 add/元素，rotate_half 符号翻转分列；表按批／头理想复用。
21,kv_append,state,"{""new_K_and_V_each"": [1, 8, 1, 128]}",0,0,{},0,4096,4096,原位／分页 append 载荷；不假定动态 torch.cat 对旧缓存整段复制。
21,qk,attention,"{""Q"": [1, 32, 1, 128], ""K_shared"": [1, 8, 8193, 128], ""scores_rectangular"": [1, 32, 1, 8193]}",67117056,0,{},0,16787456,1048704,FLOPs 仅有效因果位置；载荷是假定 Q/K 各读一次、GQA 头共享，完整分数矩阵物化。
21,score_scale_mask_softmax,softmax,"{""scores"": [1, 32, 1, 8193]}",0,1048672,"{""exp"": 262176, ""compare_max"": 262144, ""mask_decisions"": 262176}",0,1048704,1048704,选择的融合 scale/mask/softmax 代数工作；屏蔽点不计 exp。物化 FP32 默认概率；非具体 eager trace。
21,pv,attention,"{""P"": [1, 32, 1, 8193], ""V_shared"": [1, 8, 8193, 128], ""output"": [1, 32, 1, 128]}",67117056,0,{},0,17827968,8192,PV/AV：各 Q 头仍计算；V 容量不乘 GQA 复制数。载荷假定 V 在头／查询之间理想复用。
21,o_proj,linear,"{""input"": [1, 4096], ""weight_math"": [4096, 4096], ""weight_storage"": [4096, 4096], ""output"": [1, 4096]}",33554432,0,{},33554432,8192,8192,独立 GEMM：权重与输入各读一次、输出写一次的操作数载荷；不预测 tile 重读。
21,attention_residual,residual,"{""inputs_each"": [1, 4096], ""output"": [1, 4096]}",0,4096,{},0,16384,8192,
21,post_attention_layernorm,normalization,"{""input"": [1, 4096], ""weight"": [4096], ""output"": [1, 4096]}",0,16385,"{""rsqrt"": 1}",8192,8192,8192,按 FP32 行内归约的代数计数；rsqrt、类型转换与临时 FP32 张量分列／不推断 HBM spill。
21,gate_proj,linear,"{""input"": [1, 4096], ""weight_math"": [4096, 12288], ""weight_storage"": [12288, 4096], ""output"": [1, 12288]}",100663296,0,{},100663296,8192,24576,独立 GEMM：权重与输入各读一次、输出写一次的操作数载荷；不预测 tile 重读。
21,up_proj,linear,"{""input"": [1, 4096], ""weight_math"": [4096, 12288], ""weight_storage"": [12288, 4096], ""output"": [1, 12288]}",100663296,0,{},100663296,8192,24576,独立 GEMM：权重与输入各读一次、输出写一次的操作数载荷；不预测 tile 重读。
21,silu_mul,activation,"{""gate"": [1, 12288], ""up"": [1, 12288], ""output"": [1, 12288]}",0,49152,"{""exp"": 12288, ""negate"": 12288}",0,49152,24576,"sigmoid: exp(-x), +1, reciprocal；再乘 x 和 up。exp 与取负分列。"
21,down_proj,linear,"{""input"": [1, 12288], ""weight_math"": [12288, 4096], ""weight_storage"": [4096, 12288], ""output"": [1, 4096]}",100663296,0,{},100663296,24576,8192,独立 GEMM：权重与输入各读一次、输出写一次的操作数载荷；不预测 tile 重读。
21,ffn_residual,residual,"{""inputs_each"": [1, 4096], ""output"": [1, 4096]}",0,4096,{},0,16384,8192,
22,input_layernorm,normalization,"{""input"": [1, 4096], ""weight"": [4096], ""output"": [1, 4096]}",0,16385,"{""rsqrt"": 1}",8192,8192,8192,按 FP32 行内归约的代数计数；rsqrt、类型转换与临时 FP32 张量分列／不推断 HBM spill。
22,q_proj,linear,"{""input"": [1, 4096], ""weight_math"": [4096, 4096], ""weight_storage"": [4096, 4096], ""output"": [1, 4096]}",33554432,0,{},33554432,8192,8192,独立 GEMM：权重与输入各读一次、输出写一次的操作数载荷；不预测 tile 重读。
22,k_proj,linear,"{""input"": [1, 4096], ""weight_math"": [4096, 1024], ""weight_storage"": [1024, 4096], ""output"": [1, 1024]}",8388608,0,{},8388608,8192,2048,独立 GEMM：权重与输入各读一次、输出写一次的操作数载荷；不预测 tile 重读。
22,v_proj,linear,"{""input"": [1, 4096], ""weight_math"": [4096, 1024], ""weight_storage"": [1024, 4096], ""output"": [1, 1024]}",8388608,0,{},8388608,8192,2048,独立 GEMM：权重与输入各读一次、输出写一次的操作数载荷；不预测 tile 重读。
22,q_norm,normalization,"{""input"": [32, 128], ""weight"": [128], ""output"": [32, 128]}",0,16416,"{""rsqrt"": 32}",256,8192,8192,按 FP32 行内归约的代数计数；rsqrt、类型转换与临时 FP32 张量分列／不推断 HBM spill。
22,k_norm,normalization,"{""input"": [8, 128], ""weight"": [128], ""output"": [8, 128]}",0,4104,"{""rsqrt"": 8}",256,2048,2048,按 FP32 行内归约的代数计数；rsqrt、类型转换与临时 FP32 张量分列／不推断 HBM spill。
22,apply_rope,position,"{""Q"": [1, 32, 1, 128], ""K"": [1, 8, 1, 128]}",0,15360,"{""negate"": 2560}",0,10752,10240,2 multiply + 1 add/元素，rotate_half 符号翻转分列；表按批／头理想复用。
22,kv_append,state,"{""new_K_and_V_each"": [1, 8, 1, 128]}",0,0,{},0,4096,4096,原位／分页 append 载荷；不假定动态 torch.cat 对旧缓存整段复制。
22,qk,attention,"{""Q"": [1, 32, 1, 128], ""K_shared"": [1, 8, 8193, 128], ""scores_rectangular"": [1, 32, 1, 8193]}",67117056,0,{},0,16787456,1048704,FLOPs 仅有效因果位置；载荷是假定 Q/K 各读一次、GQA 头共享，完整分数矩阵物化。
22,score_scale_mask_softmax,softmax,"{""scores"": [1, 32, 1, 8193]}",0,1048672,"{""exp"": 262176, ""compare_max"": 262144, ""mask_decisions"": 262176}",0,1048704,1048704,选择的融合 scale/mask/softmax 代数工作；屏蔽点不计 exp。物化 FP32 默认概率；非具体 eager trace。
22,pv,attention,"{""P"": [1, 32, 1, 8193], ""V_shared"": [1, 8, 8193, 128], ""output"": [1, 32, 1, 128]}",67117056,0,{},0,17827968,8192,PV/AV：各 Q 头仍计算；V 容量不乘 GQA 复制数。载荷假定 V 在头／查询之间理想复用。
22,o_proj,linear,"{""input"": [1, 4096], ""weight_math"": [4096, 4096], ""weight_storage"": [4096, 4096], ""output"": [1, 4096]}",33554432,0,{},33554432,8192,8192,独立 GEMM：权重与输入各读一次、输出写一次的操作数载荷；不预测 tile 重读。
22,attention_residual,residual,"{""inputs_each"": [1, 4096], ""output"": [1, 4096]}",0,4096,{},0,16384,8192,
22,post_attention_layernorm,normalization,"{""input"": [1, 4096], ""weight"": [4096], ""output"": [1, 4096]}",0,16385,"{""rsqrt"": 1}",8192,8192,8192,按 FP32 行内归约的代数计数；rsqrt、类型转换与临时 FP32 张量分列／不推断 HBM spill。
22,gate_proj,linear,"{""input"": [1, 4096], ""weight_math"": [4096, 12288], ""weight_storage"": [12288, 4096], ""output"": [1, 12288]}",100663296,0,{},100663296,8192,24576,独立 GEMM：权重与输入各读一次、输出写一次的操作数载荷；不预测 tile 重读。
22,up_proj,linear,"{""input"": [1, 4096], ""weight_math"": [4096, 12288], ""weight_storage"": [12288, 4096], ""output"": [1, 12288]}",100663296,0,{},100663296,8192,24576,独立 GEMM：权重与输入各读一次、输出写一次的操作数载荷；不预测 tile 重读。
22,silu_mul,activation,"{""gate"": [1, 12288], ""up"": [1, 12288], ""output"": [1, 12288]}",0,49152,"{""exp"": 12288, ""negate"": 12288}",0,49152,24576,"sigmoid: exp(-x), +1, reciprocal；再乘 x 和 up。exp 与取负分列。"
22,down_proj,linear,"{""input"": [1, 12288], ""weight_math"": [12288, 4096], ""weight_storage"": [4096, 12288], ""output"": [1, 4096]}",100663296,0,{},100663296,24576,8192,独立 GEMM：权重与输入各读一次、输出写一次的操作数载荷；不预测 tile 重读。
22,ffn_residual,residual,"{""inputs_each"": [1, 4096], ""output"": [1, 4096]}",0,4096,{},0,16384,8192,
23,input_layernorm,normalization,"{""input"": [1, 4096], ""weight"": [4096], ""output"": [1, 4096]}",0,16385,"{""rsqrt"": 1}",8192,8192,8192,按 FP32 行内归约的代数计数；rsqrt、类型转换与临时 FP32 张量分列／不推断 HBM spill。
23,q_proj,linear,"{""input"": [1, 4096], ""weight_math"": [4096, 4096], ""weight_storage"": [4096, 4096], ""output"": [1, 4096]}",33554432,0,{},33554432,8192,8192,独立 GEMM：权重与输入各读一次、输出写一次的操作数载荷；不预测 tile 重读。
23,k_proj,linear,"{""input"": [1, 4096], ""weight_math"": [4096, 1024], ""weight_storage"": [1024, 4096], ""output"": [1, 1024]}",8388608,0,{},8388608,8192,2048,独立 GEMM：权重与输入各读一次、输出写一次的操作数载荷；不预测 tile 重读。
23,v_proj,linear,"{""input"": [1, 4096], ""weight_math"": [4096, 1024], ""weight_storage"": [1024, 4096], ""output"": [1, 1024]}",8388608,0,{},8388608,8192,2048,独立 GEMM：权重与输入各读一次、输出写一次的操作数载荷；不预测 tile 重读。
23,q_norm,normalization,"{""input"": [32, 128], ""weight"": [128], ""output"": [32, 128]}",0,16416,"{""rsqrt"": 32}",256,8192,8192,按 FP32 行内归约的代数计数；rsqrt、类型转换与临时 FP32 张量分列／不推断 HBM spill。
23,k_norm,normalization,"{""input"": [8, 128], ""weight"": [128], ""output"": [8, 128]}",0,4104,"{""rsqrt"": 8}",256,2048,2048,按 FP32 行内归约的代数计数；rsqrt、类型转换与临时 FP32 张量分列／不推断 HBM spill。
23,apply_rope,position,"{""Q"": [1, 32, 1, 128], ""K"": [1, 8, 1, 128]}",0,15360,"{""negate"": 2560}",0,10752,10240,2 multiply + 1 add/元素，rotate_half 符号翻转分列；表按批／头理想复用。
23,kv_append,state,"{""new_K_and_V_each"": [1, 8, 1, 128]}",0,0,{},0,4096,4096,原位／分页 append 载荷；不假定动态 torch.cat 对旧缓存整段复制。
23,qk,attention,"{""Q"": [1, 32, 1, 128], ""K_shared"": [1, 8, 8193, 128], ""scores_rectangular"": [1, 32, 1, 8193]}",67117056,0,{},0,16787456,1048704,FLOPs 仅有效因果位置；载荷是假定 Q/K 各读一次、GQA 头共享，完整分数矩阵物化。
23,score_scale_mask_softmax,softmax,"{""scores"": [1, 32, 1, 8193]}",0,1048672,"{""exp"": 262176, ""compare_max"": 262144, ""mask_decisions"": 262176}",0,1048704,1048704,选择的融合 scale/mask/softmax 代数工作；屏蔽点不计 exp。物化 FP32 默认概率；非具体 eager trace。
23,pv,attention,"{""P"": [1, 32, 1, 8193], ""V_shared"": [1, 8, 8193, 128], ""output"": [1, 32, 1, 128]}",67117056,0,{},0,17827968,8192,PV/AV：各 Q 头仍计算；V 容量不乘 GQA 复制数。载荷假定 V 在头／查询之间理想复用。
23,o_proj,linear,"{""input"": [1, 4096], ""weight_math"": [4096, 4096], ""weight_storage"": [4096, 4096], ""output"": [1, 4096]}",33554432,0,{},33554432,8192,8192,独立 GEMM：权重与输入各读一次、输出写一次的操作数载荷；不预测 tile 重读。
23,attention_residual,residual,"{""inputs_each"": [1, 4096], ""output"": [1, 4096]}",0,4096,{},0,16384,8192,
23,post_attention_layernorm,normalization,"{""input"": [1, 4096], ""weight"": [4096], ""output"": [1, 4096]}",0,16385,"{""rsqrt"": 1}",8192,8192,8192,按 FP32 行内归约的代数计数；rsqrt、类型转换与临时 FP32 张量分列／不推断 HBM spill。
23,gate_proj,linear,"{""input"": [1, 4096], ""weight_math"": [4096, 12288], ""weight_storage"": [12288, 4096], ""output"": [1, 12288]}",100663296,0,{},100663296,8192,24576,独立 GEMM：权重与输入各读一次、输出写一次的操作数载荷；不预测 tile 重读。
23,up_proj,linear,"{""input"": [1, 4096], ""weight_math"": [4096, 12288], ""weight_storage"": [12288, 4096], ""output"": [1, 12288]}",100663296,0,{},100663296,8192,24576,独立 GEMM：权重与输入各读一次、输出写一次的操作数载荷；不预测 tile 重读。
23,silu_mul,activation,"{""gate"": [1, 12288], ""up"": [1, 12288], ""output"": [1, 12288]}",0,49152,"{""exp"": 12288, ""negate"": 12288}",0,49152,24576,"sigmoid: exp(-x), +1, reciprocal；再乘 x 和 up。exp 与取负分列。"
23,down_proj,linear,"{""input"": [1, 12288], ""weight_math"": [12288, 4096], ""weight_storage"": [4096, 12288], ""output"": [1, 4096]}",100663296,0,{},100663296,24576,8192,独立 GEMM：权重与输入各读一次、输出写一次的操作数载荷；不预测 tile 重读。
23,ffn_residual,residual,"{""inputs_each"": [1, 4096], ""output"": [1, 4096]}",0,4096,{},0,16384,8192,
24,input_layernorm,normalization,"{""input"": [1, 4096], ""weight"": [4096], ""output"": [1, 4096]}",0,16385,"{""rsqrt"": 1}",8192,8192,8192,按 FP32 行内归约的代数计数；rsqrt、类型转换与临时 FP32 张量分列／不推断 HBM spill。
24,q_proj,linear,"{""input"": [1, 4096], ""weight_math"": [4096, 4096], ""weight_storage"": [4096, 4096], ""output"": [1, 4096]}",33554432,0,{},33554432,8192,8192,独立 GEMM：权重与输入各读一次、输出写一次的操作数载荷；不预测 tile 重读。
24,k_proj,linear,"{""input"": [1, 4096], ""weight_math"": [4096, 1024], ""weight_storage"": [1024, 4096], ""output"": [1, 1024]}",8388608,0,{},8388608,8192,2048,独立 GEMM：权重与输入各读一次、输出写一次的操作数载荷；不预测 tile 重读。
24,v_proj,linear,"{""input"": [1, 4096], ""weight_math"": [4096, 1024], ""weight_storage"": [1024, 4096], ""output"": [1, 1024]}",8388608,0,{},8388608,8192,2048,独立 GEMM：权重与输入各读一次、输出写一次的操作数载荷；不预测 tile 重读。
24,q_norm,normalization,"{""input"": [32, 128], ""weight"": [128], ""output"": [32, 128]}",0,16416,"{""rsqrt"": 32}",256,8192,8192,按 FP32 行内归约的代数计数；rsqrt、类型转换与临时 FP32 张量分列／不推断 HBM spill。
24,k_norm,normalization,"{""input"": [8, 128], ""weight"": [128], ""output"": [8, 128]}",0,4104,"{""rsqrt"": 8}",256,2048,2048,按 FP32 行内归约的代数计数；rsqrt、类型转换与临时 FP32 张量分列／不推断 HBM spill。
24,apply_rope,position,"{""Q"": [1, 32, 1, 128], ""K"": [1, 8, 1, 128]}",0,15360,"{""negate"": 2560}",0,10752,10240,2 multiply + 1 add/元素，rotate_half 符号翻转分列；表按批／头理想复用。
24,kv_append,state,"{""new_K_and_V_each"": [1, 8, 1, 128]}",0,0,{},0,4096,4096,原位／分页 append 载荷；不假定动态 torch.cat 对旧缓存整段复制。
24,qk,attention,"{""Q"": [1, 32, 1, 128], ""K_shared"": [1, 8, 8193, 128], ""scores_rectangular"": [1, 32, 1, 8193]}",67117056,0,{},0,16787456,1048704,FLOPs 仅有效因果位置；载荷是假定 Q/K 各读一次、GQA 头共享，完整分数矩阵物化。
24,score_scale_mask_softmax,softmax,"{""scores"": [1, 32, 1, 8193]}",0,1048672,"{""exp"": 262176, ""compare_max"": 262144, ""mask_decisions"": 262176}",0,1048704,1048704,选择的融合 scale/mask/softmax 代数工作；屏蔽点不计 exp。物化 FP32 默认概率；非具体 eager trace。
24,pv,attention,"{""P"": [1, 32, 1, 8193], ""V_shared"": [1, 8, 8193, 128], ""output"": [1, 32, 1, 128]}",67117056,0,{},0,17827968,8192,PV/AV：各 Q 头仍计算；V 容量不乘 GQA 复制数。载荷假定 V 在头／查询之间理想复用。
24,o_proj,linear,"{""input"": [1, 4096], ""weight_math"": [4096, 4096], ""weight_storage"": [4096, 4096], ""output"": [1, 4096]}",33554432,0,{},33554432,8192,8192,独立 GEMM：权重与输入各读一次、输出写一次的操作数载荷；不预测 tile 重读。
24,attention_residual,residual,"{""inputs_each"": [1, 4096], ""output"": [1, 4096]}",0,4096,{},0,16384,8192,
24,post_attention_layernorm,normalization,"{""input"": [1, 4096], ""weight"": [4096], ""output"": [1, 4096]}",0,16385,"{""rsqrt"": 1}",8192,8192,8192,按 FP32 行内归约的代数计数；rsqrt、类型转换与临时 FP32 张量分列／不推断 HBM spill。
24,gate_proj,linear,"{""input"": [1, 4096], ""weight_math"": [4096, 12288], ""weight_storage"": [12288, 4096], ""output"": [1, 12288]}",100663296,0,{},100663296,8192,24576,独立 GEMM：权重与输入各读一次、输出写一次的操作数载荷；不预测 tile 重读。
24,up_proj,linear,"{""input"": [1, 4096], ""weight_math"": [4096, 12288], ""weight_storage"": [12288, 4096], ""output"": [1, 12288]}",100663296,0,{},100663296,8192,24576,独立 GEMM：权重与输入各读一次、输出写一次的操作数载荷；不预测 tile 重读。
24,silu_mul,activation,"{""gate"": [1, 12288], ""up"": [1, 12288], ""output"": [1, 12288]}",0,49152,"{""exp"": 12288, ""negate"": 12288}",0,49152,24576,"sigmoid: exp(-x), +1, reciprocal；再乘 x 和 up。exp 与取负分列。"
24,down_proj,linear,"{""input"": [1, 12288], ""weight_math"": [12288, 4096], ""weight_storage"": [4096, 12288], ""output"": [1, 4096]}",100663296,0,{},100663296,24576,8192,独立 GEMM：权重与输入各读一次、输出写一次的操作数载荷；不预测 tile 重读。
24,ffn_residual,residual,"{""inputs_each"": [1, 4096], ""output"": [1, 4096]}",0,4096,{},0,16384,8192,
25,input_layernorm,normalization,"{""input"": [1, 4096], ""weight"": [4096], ""output"": [1, 4096]}",0,16385,"{""rsqrt"": 1}",8192,8192,8192,按 FP32 行内归约的代数计数；rsqrt、类型转换与临时 FP32 张量分列／不推断 HBM spill。
25,q_proj,linear,"{""input"": [1, 4096], ""weight_math"": [4096, 4096], ""weight_storage"": [4096, 4096], ""output"": [1, 4096]}",33554432,0,{},33554432,8192,8192,独立 GEMM：权重与输入各读一次、输出写一次的操作数载荷；不预测 tile 重读。
25,k_proj,linear,"{""input"": [1, 4096], ""weight_math"": [4096, 1024], ""weight_storage"": [1024, 4096], ""output"": [1, 1024]}",8388608,0,{},8388608,8192,2048,独立 GEMM：权重与输入各读一次、输出写一次的操作数载荷；不预测 tile 重读。
25,v_proj,linear,"{""input"": [1, 4096], ""weight_math"": [4096, 1024], ""weight_storage"": [1024, 4096], ""output"": [1, 1024]}",8388608,0,{},8388608,8192,2048,独立 GEMM：权重与输入各读一次、输出写一次的操作数载荷；不预测 tile 重读。
25,q_norm,normalization,"{""input"": [32, 128], ""weight"": [128], ""output"": [32, 128]}",0,16416,"{""rsqrt"": 32}",256,8192,8192,按 FP32 行内归约的代数计数；rsqrt、类型转换与临时 FP32 张量分列／不推断 HBM spill。
25,k_norm,normalization,"{""input"": [8, 128], ""weight"": [128], ""output"": [8, 128]}",0,4104,"{""rsqrt"": 8}",256,2048,2048,按 FP32 行内归约的代数计数；rsqrt、类型转换与临时 FP32 张量分列／不推断 HBM spill。
25,apply_rope,position,"{""Q"": [1, 32, 1, 128], ""K"": [1, 8, 1, 128]}",0,15360,"{""negate"": 2560}",0,10752,10240,2 multiply + 1 add/元素，rotate_half 符号翻转分列；表按批／头理想复用。
25,kv_append,state,"{""new_K_and_V_each"": [1, 8, 1, 128]}",0,0,{},0,4096,4096,原位／分页 append 载荷；不假定动态 torch.cat 对旧缓存整段复制。
25,qk,attention,"{""Q"": [1, 32, 1, 128], ""K_shared"": [1, 8, 8193, 128], ""scores_rectangular"": [1, 32, 1, 8193]}",67117056,0,{},0,16787456,1048704,FLOPs 仅有效因果位置；载荷是假定 Q/K 各读一次、GQA 头共享，完整分数矩阵物化。
25,score_scale_mask_softmax,softmax,"{""scores"": [1, 32, 1, 8193]}",0,1048672,"{""exp"": 262176, ""compare_max"": 262144, ""mask_decisions"": 262176}",0,1048704,1048704,选择的融合 scale/mask/softmax 代数工作；屏蔽点不计 exp。物化 FP32 默认概率；非具体 eager trace。
25,pv,attention,"{""P"": [1, 32, 1, 8193], ""V_shared"": [1, 8, 8193, 128], ""output"": [1, 32, 1, 128]}",67117056,0,{},0,17827968,8192,PV/AV：各 Q 头仍计算；V 容量不乘 GQA 复制数。载荷假定 V 在头／查询之间理想复用。
25,o_proj,linear,"{""input"": [1, 4096], ""weight_math"": [4096, 4096], ""weight_storage"": [4096, 4096], ""output"": [1, 4096]}",33554432,0,{},33554432,8192,8192,独立 GEMM：权重与输入各读一次、输出写一次的操作数载荷；不预测 tile 重读。
25,attention_residual,residual,"{""inputs_each"": [1, 4096], ""output"": [1, 4096]}",0,4096,{},0,16384,8192,
25,post_attention_layernorm,normalization,"{""input"": [1, 4096], ""weight"": [4096], ""output"": [1, 4096]}",0,16385,"{""rsqrt"": 1}",8192,8192,8192,按 FP32 行内归约的代数计数；rsqrt、类型转换与临时 FP32 张量分列／不推断 HBM spill。
25,gate_proj,linear,"{""input"": [1, 4096], ""weight_math"": [4096, 12288], ""weight_storage"": [12288, 4096], ""output"": [1, 12288]}",100663296,0,{},100663296,8192,24576,独立 GEMM：权重与输入各读一次、输出写一次的操作数载荷；不预测 tile 重读。
25,up_proj,linear,"{""input"": [1, 4096], ""weight_math"": [4096, 12288], ""weight_storage"": [12288, 4096], ""output"": [1, 12288]}",100663296,0,{},100663296,8192,24576,独立 GEMM：权重与输入各读一次、输出写一次的操作数载荷；不预测 tile 重读。
25,silu_mul,activation,"{""gate"": [1, 12288], ""up"": [1, 12288], ""output"": [1, 12288]}",0,49152,"{""exp"": 12288, ""negate"": 12288}",0,49152,24576,"sigmoid: exp(-x), +1, reciprocal；再乘 x 和 up。exp 与取负分列。"
25,down_proj,linear,"{""input"": [1, 12288], ""weight_math"": [12288, 4096], ""weight_storage"": [4096, 12288], ""output"": [1, 4096]}",100663296,0,{},100663296,24576,8192,独立 GEMM：权重与输入各读一次、输出写一次的操作数载荷；不预测 tile 重读。
25,ffn_residual,residual,"{""inputs_each"": [1, 4096], ""output"": [1, 4096]}",0,4096,{},0,16384,8192,
26,input_layernorm,normalization,"{""input"": [1, 4096], ""weight"": [4096], ""output"": [1, 4096]}",0,16385,"{""rsqrt"": 1}",8192,8192,8192,按 FP32 行内归约的代数计数；rsqrt、类型转换与临时 FP32 张量分列／不推断 HBM spill。
26,q_proj,linear,"{""input"": [1, 4096], ""weight_math"": [4096, 4096], ""weight_storage"": [4096, 4096], ""output"": [1, 4096]}",33554432,0,{},33554432,8192,8192,独立 GEMM：权重与输入各读一次、输出写一次的操作数载荷；不预测 tile 重读。
26,k_proj,linear,"{""input"": [1, 4096], ""weight_math"": [4096, 1024], ""weight_storage"": [1024, 4096], ""output"": [1, 1024]}",8388608,0,{},8388608,8192,2048,独立 GEMM：权重与输入各读一次、输出写一次的操作数载荷；不预测 tile 重读。
26,v_proj,linear,"{""input"": [1, 4096], ""weight_math"": [4096, 1024], ""weight_storage"": [1024, 4096], ""output"": [1, 1024]}",8388608,0,{},8388608,8192,2048,独立 GEMM：权重与输入各读一次、输出写一次的操作数载荷；不预测 tile 重读。
26,q_norm,normalization,"{""input"": [32, 128], ""weight"": [128], ""output"": [32, 128]}",0,16416,"{""rsqrt"": 32}",256,8192,8192,按 FP32 行内归约的代数计数；rsqrt、类型转换与临时 FP32 张量分列／不推断 HBM spill。
26,k_norm,normalization,"{""input"": [8, 128], ""weight"": [128], ""output"": [8, 128]}",0,4104,"{""rsqrt"": 8}",256,2048,2048,按 FP32 行内归约的代数计数；rsqrt、类型转换与临时 FP32 张量分列／不推断 HBM spill。
26,apply_rope,position,"{""Q"": [1, 32, 1, 128], ""K"": [1, 8, 1, 128]}",0,15360,"{""negate"": 2560}",0,10752,10240,2 multiply + 1 add/元素，rotate_half 符号翻转分列；表按批／头理想复用。
26,kv_append,state,"{""new_K_and_V_each"": [1, 8, 1, 128]}",0,0,{},0,4096,4096,原位／分页 append 载荷；不假定动态 torch.cat 对旧缓存整段复制。
26,qk,attention,"{""Q"": [1, 32, 1, 128], ""K_shared"": [1, 8, 8193, 128], ""scores_rectangular"": [1, 32, 1, 8193]}",67117056,0,{},0,16787456,1048704,FLOPs 仅有效因果位置；载荷是假定 Q/K 各读一次、GQA 头共享，完整分数矩阵物化。
26,score_scale_mask_softmax,softmax,"{""scores"": [1, 32, 1, 8193]}",0,1048672,"{""exp"": 262176, ""compare_max"": 262144, ""mask_decisions"": 262176}",0,1048704,1048704,选择的融合 scale/mask/softmax 代数工作；屏蔽点不计 exp。物化 FP32 默认概率；非具体 eager trace。
26,pv,attention,"{""P"": [1, 32, 1, 8193], ""V_shared"": [1, 8, 8193, 128], ""output"": [1, 32, 1, 128]}",67117056,0,{},0,17827968,8192,PV/AV：各 Q 头仍计算；V 容量不乘 GQA 复制数。载荷假定 V 在头／查询之间理想复用。
26,o_proj,linear,"{""input"": [1, 4096], ""weight_math"": [4096, 4096], ""weight_storage"": [4096, 4096], ""output"": [1, 4096]}",33554432,0,{},33554432,8192,8192,独立 GEMM：权重与输入各读一次、输出写一次的操作数载荷；不预测 tile 重读。
26,attention_residual,residual,"{""inputs_each"": [1, 4096], ""output"": [1, 4096]}",0,4096,{},0,16384,8192,
26,post_attention_layernorm,normalization,"{""input"": [1, 4096], ""weight"": [4096], ""output"": [1, 4096]}",0,16385,"{""rsqrt"": 1}",8192,8192,8192,按 FP32 行内归约的代数计数；rsqrt、类型转换与临时 FP32 张量分列／不推断 HBM spill。
26,gate_proj,linear,"{""input"": [1, 4096], ""weight_math"": [4096, 12288], ""weight_storage"": [12288, 4096], ""output"": [1, 12288]}",100663296,0,{},100663296,8192,24576,独立 GEMM：权重与输入各读一次、输出写一次的操作数载荷；不预测 tile 重读。
26,up_proj,linear,"{""input"": [1, 4096], ""weight_math"": [4096, 12288], ""weight_storage"": [12288, 4096], ""output"": [1, 12288]}",100663296,0,{},100663296,8192,24576,独立 GEMM：权重与输入各读一次、输出写一次的操作数载荷；不预测 tile 重读。
26,silu_mul,activation,"{""gate"": [1, 12288], ""up"": [1, 12288], ""output"": [1, 12288]}",0,49152,"{""exp"": 12288, ""negate"": 12288}",0,49152,24576,"sigmoid: exp(-x), +1, reciprocal；再乘 x 和 up。exp 与取负分列。"
26,down_proj,linear,"{""input"": [1, 12288], ""weight_math"": [12288, 4096], ""weight_storage"": [4096, 12288], ""output"": [1, 4096]}",100663296,0,{},100663296,24576,8192,独立 GEMM：权重与输入各读一次、输出写一次的操作数载荷；不预测 tile 重读。
26,ffn_residual,residual,"{""inputs_each"": [1, 4096], ""output"": [1, 4096]}",0,4096,{},0,16384,8192,
27,input_layernorm,normalization,"{""input"": [1, 4096], ""weight"": [4096], ""output"": [1, 4096]}",0,16385,"{""rsqrt"": 1}",8192,8192,8192,按 FP32 行内归约的代数计数；rsqrt、类型转换与临时 FP32 张量分列／不推断 HBM spill。
27,q_proj,linear,"{""input"": [1, 4096], ""weight_math"": [4096, 4096], ""weight_storage"": [4096, 4096], ""output"": [1, 4096]}",33554432,0,{},33554432,8192,8192,独立 GEMM：权重与输入各读一次、输出写一次的操作数载荷；不预测 tile 重读。
27,k_proj,linear,"{""input"": [1, 4096], ""weight_math"": [4096, 1024], ""weight_storage"": [1024, 4096], ""output"": [1, 1024]}",8388608,0,{},8388608,8192,2048,独立 GEMM：权重与输入各读一次、输出写一次的操作数载荷；不预测 tile 重读。
27,v_proj,linear,"{""input"": [1, 4096], ""weight_math"": [4096, 1024], ""weight_storage"": [1024, 4096], ""output"": [1, 1024]}",8388608,0,{},8388608,8192,2048,独立 GEMM：权重与输入各读一次、输出写一次的操作数载荷；不预测 tile 重读。
27,q_norm,normalization,"{""input"": [32, 128], ""weight"": [128], ""output"": [32, 128]}",0,16416,"{""rsqrt"": 32}",256,8192,8192,按 FP32 行内归约的代数计数；rsqrt、类型转换与临时 FP32 张量分列／不推断 HBM spill。
27,k_norm,normalization,"{""input"": [8, 128], ""weight"": [128], ""output"": [8, 128]}",0,4104,"{""rsqrt"": 8}",256,2048,2048,按 FP32 行内归约的代数计数；rsqrt、类型转换与临时 FP32 张量分列／不推断 HBM spill。
27,apply_rope,position,"{""Q"": [1, 32, 1, 128], ""K"": [1, 8, 1, 128]}",0,15360,"{""negate"": 2560}",0,10752,10240,2 multiply + 1 add/元素，rotate_half 符号翻转分列；表按批／头理想复用。
27,kv_append,state,"{""new_K_and_V_each"": [1, 8, 1, 128]}",0,0,{},0,4096,4096,原位／分页 append 载荷；不假定动态 torch.cat 对旧缓存整段复制。
27,qk,attention,"{""Q"": [1, 32, 1, 128], ""K_shared"": [1, 8, 8193, 128], ""scores_rectangular"": [1, 32, 1, 8193]}",67117056,0,{},0,16787456,1048704,FLOPs 仅有效因果位置；载荷是假定 Q/K 各读一次、GQA 头共享，完整分数矩阵物化。
27,score_scale_mask_softmax,softmax,"{""scores"": [1, 32, 1, 8193]}",0,1048672,"{""exp"": 262176, ""compare_max"": 262144, ""mask_decisions"": 262176}",0,1048704,1048704,选择的融合 scale/mask/softmax 代数工作；屏蔽点不计 exp。物化 FP32 默认概率；非具体 eager trace。
27,pv,attention,"{""P"": [1, 32, 1, 8193], ""V_shared"": [1, 8, 8193, 128], ""output"": [1, 32, 1, 128]}",67117056,0,{},0,17827968,8192,PV/AV：各 Q 头仍计算；V 容量不乘 GQA 复制数。载荷假定 V 在头／查询之间理想复用。
27,o_proj,linear,"{""input"": [1, 4096], ""weight_math"": [4096, 4096], ""weight_storage"": [4096, 4096], ""output"": [1, 4096]}",33554432,0,{},33554432,8192,8192,独立 GEMM：权重与输入各读一次、输出写一次的操作数载荷；不预测 tile 重读。
27,attention_residual,residual,"{""inputs_each"": [1, 4096], ""output"": [1, 4096]}",0,4096,{},0,16384,8192,
27,post_attention_layernorm,normalization,"{""input"": [1, 4096], ""weight"": [4096], ""output"": [1, 4096]}",0,16385,"{""rsqrt"": 1}",8192,8192,8192,按 FP32 行内归约的代数计数；rsqrt、类型转换与临时 FP32 张量分列／不推断 HBM spill。
27,gate_proj,linear,"{""input"": [1, 4096], ""weight_math"": [4096, 12288], ""weight_storage"": [12288, 4096], ""output"": [1, 12288]}",100663296,0,{},100663296,8192,24576,独立 GEMM：权重与输入各读一次、输出写一次的操作数载荷；不预测 tile 重读。
27,up_proj,linear,"{""input"": [1, 4096], ""weight_math"": [4096, 12288], ""weight_storage"": [12288, 4096], ""output"": [1, 12288]}",100663296,0,{},100663296,8192,24576,独立 GEMM：权重与输入各读一次、输出写一次的操作数载荷；不预测 tile 重读。
27,silu_mul,activation,"{""gate"": [1, 12288], ""up"": [1, 12288], ""output"": [1, 12288]}",0,49152,"{""exp"": 12288, ""negate"": 12288}",0,49152,24576,"sigmoid: exp(-x), +1, reciprocal；再乘 x 和 up。exp 与取负分列。"
27,down_proj,linear,"{""input"": [1, 12288], ""weight_math"": [12288, 4096], ""weight_storage"": [4096, 12288], ""output"": [1, 4096]}",100663296,0,{},100663296,24576,8192,独立 GEMM：权重与输入各读一次、输出写一次的操作数载荷；不预测 tile 重读。
27,ffn_residual,residual,"{""inputs_each"": [1, 4096], ""output"": [1, 4096]}",0,4096,{},0,16384,8192,
28,input_layernorm,normalization,"{""input"": [1, 4096], ""weight"": [4096], ""output"": [1, 4096]}",0,16385,"{""rsqrt"": 1}",8192,8192,8192,按 FP32 行内归约的代数计数；rsqrt、类型转换与临时 FP32 张量分列／不推断 HBM spill。
28,q_proj,linear,"{""input"": [1, 4096], ""weight_math"": [4096, 4096], ""weight_storage"": [4096, 4096], ""output"": [1, 4096]}",33554432,0,{},33554432,8192,8192,独立 GEMM：权重与输入各读一次、输出写一次的操作数载荷；不预测 tile 重读。
28,k_proj,linear,"{""input"": [1, 4096], ""weight_math"": [4096, 1024], ""weight_storage"": [1024, 4096], ""output"": [1, 1024]}",8388608,0,{},8388608,8192,2048,独立 GEMM：权重与输入各读一次、输出写一次的操作数载荷；不预测 tile 重读。
28,v_proj,linear,"{""input"": [1, 4096], ""weight_math"": [4096, 1024], ""weight_storage"": [1024, 4096], ""output"": [1, 1024]}",8388608,0,{},8388608,8192,2048,独立 GEMM：权重与输入各读一次、输出写一次的操作数载荷；不预测 tile 重读。
28,q_norm,normalization,"{""input"": [32, 128], ""weight"": [128], ""output"": [32, 128]}",0,16416,"{""rsqrt"": 32}",256,8192,8192,按 FP32 行内归约的代数计数；rsqrt、类型转换与临时 FP32 张量分列／不推断 HBM spill。
28,k_norm,normalization,"{""input"": [8, 128], ""weight"": [128], ""output"": [8, 128]}",0,4104,"{""rsqrt"": 8}",256,2048,2048,按 FP32 行内归约的代数计数；rsqrt、类型转换与临时 FP32 张量分列／不推断 HBM spill。
28,apply_rope,position,"{""Q"": [1, 32, 1, 128], ""K"": [1, 8, 1, 128]}",0,15360,"{""negate"": 2560}",0,10752,10240,2 multiply + 1 add/元素，rotate_half 符号翻转分列；表按批／头理想复用。
28,kv_append,state,"{""new_K_and_V_each"": [1, 8, 1, 128]}",0,0,{},0,4096,4096,原位／分页 append 载荷；不假定动态 torch.cat 对旧缓存整段复制。
28,qk,attention,"{""Q"": [1, 32, 1, 128], ""K_shared"": [1, 8, 8193, 128], ""scores_rectangular"": [1, 32, 1, 8193]}",67117056,0,{},0,16787456,1048704,FLOPs 仅有效因果位置；载荷是假定 Q/K 各读一次、GQA 头共享，完整分数矩阵物化。
28,score_scale_mask_softmax,softmax,"{""scores"": [1, 32, 1, 8193]}",0,1048672,"{""exp"": 262176, ""compare_max"": 262144, ""mask_decisions"": 262176}",0,1048704,1048704,选择的融合 scale/mask/softmax 代数工作；屏蔽点不计 exp。物化 FP32 默认概率；非具体 eager trace。
28,pv,attention,"{""P"": [1, 32, 1, 8193], ""V_shared"": [1, 8, 8193, 128], ""output"": [1, 32, 1, 128]}",67117056,0,{},0,17827968,8192,PV/AV：各 Q 头仍计算；V 容量不乘 GQA 复制数。载荷假定 V 在头／查询之间理想复用。
28,o_proj,linear,"{""input"": [1, 4096], ""weight_math"": [4096, 4096], ""weight_storage"": [4096, 4096], ""output"": [1, 4096]}",33554432,0,{},33554432,8192,8192,独立 GEMM：权重与输入各读一次、输出写一次的操作数载荷；不预测 tile 重读。
28,attention_residual,residual,"{""inputs_each"": [1, 4096], ""output"": [1, 4096]}",0,4096,{},0,16384,8192,
28,post_attention_layernorm,normalization,"{""input"": [1, 4096], ""weight"": [4096], ""output"": [1, 4096]}",0,16385,"{""rsqrt"": 1}",8192,8192,8192,按 FP32 行内归约的代数计数；rsqrt、类型转换与临时 FP32 张量分列／不推断 HBM spill。
28,gate_proj,linear,"{""input"": [1, 4096], ""weight_math"": [4096, 12288], ""weight_storage"": [12288, 4096], ""output"": [1, 12288]}",100663296,0,{},100663296,8192,24576,独立 GEMM：权重与输入各读一次、输出写一次的操作数载荷；不预测 tile 重读。
28,up_proj,linear,"{""input"": [1, 4096], ""weight_math"": [4096, 12288], ""weight_storage"": [12288, 4096], ""output"": [1, 12288]}",100663296,0,{},100663296,8192,24576,独立 GEMM：权重与输入各读一次、输出写一次的操作数载荷；不预测 tile 重读。
28,silu_mul,activation,"{""gate"": [1, 12288], ""up"": [1, 12288], ""output"": [1, 12288]}",0,49152,"{""exp"": 12288, ""negate"": 12288}",0,49152,24576,"sigmoid: exp(-x), +1, reciprocal；再乘 x 和 up。exp 与取负分列。"
28,down_proj,linear,"{""input"": [1, 12288], ""weight_math"": [12288, 4096], ""weight_storage"": [4096, 12288], ""output"": [1, 4096]}",100663296,0,{},100663296,24576,8192,独立 GEMM：权重与输入各读一次、输出写一次的操作数载荷；不预测 tile 重读。
28,ffn_residual,residual,"{""inputs_each"": [1, 4096], ""output"": [1, 4096]}",0,4096,{},0,16384,8192,
29,input_layernorm,normalization,"{""input"": [1, 4096], ""weight"": [4096], ""output"": [1, 4096]}",0,16385,"{""rsqrt"": 1}",8192,8192,8192,按 FP32 行内归约的代数计数；rsqrt、类型转换与临时 FP32 张量分列／不推断 HBM spill。
29,q_proj,linear,"{""input"": [1, 4096], ""weight_math"": [4096, 4096], ""weight_storage"": [4096, 4096], ""output"": [1, 4096]}",33554432,0,{},33554432,8192,8192,独立 GEMM：权重与输入各读一次、输出写一次的操作数载荷；不预测 tile 重读。
29,k_proj,linear,"{""input"": [1, 4096], ""weight_math"": [4096, 1024], ""weight_storage"": [1024, 4096], ""output"": [1, 1024]}",8388608,0,{},8388608,8192,2048,独立 GEMM：权重与输入各读一次、输出写一次的操作数载荷；不预测 tile 重读。
29,v_proj,linear,"{""input"": [1, 4096], ""weight_math"": [4096, 1024], ""weight_storage"": [1024, 4096], ""output"": [1, 1024]}",8388608,0,{},8388608,8192,2048,独立 GEMM：权重与输入各读一次、输出写一次的操作数载荷；不预测 tile 重读。
29,q_norm,normalization,"{""input"": [32, 128], ""weight"": [128], ""output"": [32, 128]}",0,16416,"{""rsqrt"": 32}",256,8192,8192,按 FP32 行内归约的代数计数；rsqrt、类型转换与临时 FP32 张量分列／不推断 HBM spill。
29,k_norm,normalization,"{""input"": [8, 128], ""weight"": [128], ""output"": [8, 128]}",0,4104,"{""rsqrt"": 8}",256,2048,2048,按 FP32 行内归约的代数计数；rsqrt、类型转换与临时 FP32 张量分列／不推断 HBM spill。
29,apply_rope,position,"{""Q"": [1, 32, 1, 128], ""K"": [1, 8, 1, 128]}",0,15360,"{""negate"": 2560}",0,10752,10240,2 multiply + 1 add/元素，rotate_half 符号翻转分列；表按批／头理想复用。
29,kv_append,state,"{""new_K_and_V_each"": [1, 8, 1, 128]}",0,0,{},0,4096,4096,原位／分页 append 载荷；不假定动态 torch.cat 对旧缓存整段复制。
29,qk,attention,"{""Q"": [1, 32, 1, 128], ""K_shared"": [1, 8, 8193, 128], ""scores_rectangular"": [1, 32, 1, 8193]}",67117056,0,{},0,16787456,1048704,FLOPs 仅有效因果位置；载荷是假定 Q/K 各读一次、GQA 头共享，完整分数矩阵物化。
29,score_scale_mask_softmax,softmax,"{""scores"": [1, 32, 1, 8193]}",0,1048672,"{""exp"": 262176, ""compare_max"": 262144, ""mask_decisions"": 262176}",0,1048704,1048704,选择的融合 scale/mask/softmax 代数工作；屏蔽点不计 exp。物化 FP32 默认概率；非具体 eager trace。
29,pv,attention,"{""P"": [1, 32, 1, 8193], ""V_shared"": [1, 8, 8193, 128], ""output"": [1, 32, 1, 128]}",67117056,0,{},0,17827968,8192,PV/AV：各 Q 头仍计算；V 容量不乘 GQA 复制数。载荷假定 V 在头／查询之间理想复用。
29,o_proj,linear,"{""input"": [1, 4096], ""weight_math"": [4096, 4096], ""weight_storage"": [4096, 4096], ""output"": [1, 4096]}",33554432,0,{},33554432,8192,8192,独立 GEMM：权重与输入各读一次、输出写一次的操作数载荷；不预测 tile 重读。
29,attention_residual,residual,"{""inputs_each"": [1, 4096], ""output"": [1, 4096]}",0,4096,{},0,16384,8192,
29,post_attention_layernorm,normalization,"{""input"": [1, 4096], ""weight"": [4096], ""output"": [1, 4096]}",0,16385,"{""rsqrt"": 1}",8192,8192,8192,按 FP32 行内归约的代数计数；rsqrt、类型转换与临时 FP32 张量分列／不推断 HBM spill。
29,gate_proj,linear,"{""input"": [1, 4096], ""weight_math"": [4096, 12288], ""weight_storage"": [12288, 4096], ""output"": [1, 12288]}",100663296,0,{},100663296,8192,24576,独立 GEMM：权重与输入各读一次、输出写一次的操作数载荷；不预测 tile 重读。
29,up_proj,linear,"{""input"": [1, 4096], ""weight_math"": [4096, 12288], ""weight_storage"": [12288, 4096], ""output"": [1, 12288]}",100663296,0,{},100663296,8192,24576,独立 GEMM：权重与输入各读一次、输出写一次的操作数载荷；不预测 tile 重读。
29,silu_mul,activation,"{""gate"": [1, 12288], ""up"": [1, 12288], ""output"": [1, 12288]}",0,49152,"{""exp"": 12288, ""negate"": 12288}",0,49152,24576,"sigmoid: exp(-x), +1, reciprocal；再乘 x 和 up。exp 与取负分列。"
29,down_proj,linear,"{""input"": [1, 12288], ""weight_math"": [12288, 4096], ""weight_storage"": [4096, 12288], ""output"": [1, 4096]}",100663296,0,{},100663296,24576,8192,独立 GEMM：权重与输入各读一次、输出写一次的操作数载荷；不预测 tile 重读。
29,ffn_residual,residual,"{""inputs_each"": [1, 4096], ""output"": [1, 4096]}",0,4096,{},0,16384,8192,
30,input_layernorm,normalization,"{""input"": [1, 4096], ""weight"": [4096], ""output"": [1, 4096]}",0,16385,"{""rsqrt"": 1}",8192,8192,8192,按 FP32 行内归约的代数计数；rsqrt、类型转换与临时 FP32 张量分列／不推断 HBM spill。
30,q_proj,linear,"{""input"": [1, 4096], ""weight_math"": [4096, 4096], ""weight_storage"": [4096, 4096], ""output"": [1, 4096]}",33554432,0,{},33554432,8192,8192,独立 GEMM：权重与输入各读一次、输出写一次的操作数载荷；不预测 tile 重读。
30,k_proj,linear,"{""input"": [1, 4096], ""weight_math"": [4096, 1024], ""weight_storage"": [1024, 4096], ""output"": [1, 1024]}",8388608,0,{},8388608,8192,2048,独立 GEMM：权重与输入各读一次、输出写一次的操作数载荷；不预测 tile 重读。
30,v_proj,linear,"{""input"": [1, 4096], ""weight_math"": [4096, 1024], ""weight_storage"": [1024, 4096], ""output"": [1, 1024]}",8388608,0,{},8388608,8192,2048,独立 GEMM：权重与输入各读一次、输出写一次的操作数载荷；不预测 tile 重读。
30,q_norm,normalization,"{""input"": [32, 128], ""weight"": [128], ""output"": [32, 128]}",0,16416,"{""rsqrt"": 32}",256,8192,8192,按 FP32 行内归约的代数计数；rsqrt、类型转换与临时 FP32 张量分列／不推断 HBM spill。
30,k_norm,normalization,"{""input"": [8, 128], ""weight"": [128], ""output"": [8, 128]}",0,4104,"{""rsqrt"": 8}",256,2048,2048,按 FP32 行内归约的代数计数；rsqrt、类型转换与临时 FP32 张量分列／不推断 HBM spill。
30,apply_rope,position,"{""Q"": [1, 32, 1, 128], ""K"": [1, 8, 1, 128]}",0,15360,"{""negate"": 2560}",0,10752,10240,2 multiply + 1 add/元素，rotate_half 符号翻转分列；表按批／头理想复用。
30,kv_append,state,"{""new_K_and_V_each"": [1, 8, 1, 128]}",0,0,{},0,4096,4096,原位／分页 append 载荷；不假定动态 torch.cat 对旧缓存整段复制。
30,qk,attention,"{""Q"": [1, 32, 1, 128], ""K_shared"": [1, 8, 8193, 128], ""scores_rectangular"": [1, 32, 1, 8193]}",67117056,0,{},0,16787456,1048704,FLOPs 仅有效因果位置；载荷是假定 Q/K 各读一次、GQA 头共享，完整分数矩阵物化。
30,score_scale_mask_softmax,softmax,"{""scores"": [1, 32, 1, 8193]}",0,1048672,"{""exp"": 262176, ""compare_max"": 262144, ""mask_decisions"": 262176}",0,1048704,1048704,选择的融合 scale/mask/softmax 代数工作；屏蔽点不计 exp。物化 FP32 默认概率；非具体 eager trace。
30,pv,attention,"{""P"": [1, 32, 1, 8193], ""V_shared"": [1, 8, 8193, 128], ""output"": [1, 32, 1, 128]}",67117056,0,{},0,17827968,8192,PV/AV：各 Q 头仍计算；V 容量不乘 GQA 复制数。载荷假定 V 在头／查询之间理想复用。
30,o_proj,linear,"{""input"": [1, 4096], ""weight_math"": [4096, 4096], ""weight_storage"": [4096, 4096], ""output"": [1, 4096]}",33554432,0,{},33554432,8192,8192,独立 GEMM：权重与输入各读一次、输出写一次的操作数载荷；不预测 tile 重读。
30,attention_residual,residual,"{""inputs_each"": [1, 4096], ""output"": [1, 4096]}",0,4096,{},0,16384,8192,
30,post_attention_layernorm,normalization,"{""input"": [1, 4096], ""weight"": [4096], ""output"": [1, 4096]}",0,16385,"{""rsqrt"": 1}",8192,8192,8192,按 FP32 行内归约的代数计数；rsqrt、类型转换与临时 FP32 张量分列／不推断 HBM spill。
30,gate_proj,linear,"{""input"": [1, 4096], ""weight_math"": [4096, 12288], ""weight_storage"": [12288, 4096], ""output"": [1, 12288]}",100663296,0,{},100663296,8192,24576,独立 GEMM：权重与输入各读一次、输出写一次的操作数载荷；不预测 tile 重读。
30,up_proj,linear,"{""input"": [1, 4096], ""weight_math"": [4096, 12288], ""weight_storage"": [12288, 4096], ""output"": [1, 12288]}",100663296,0,{},100663296,8192,24576,独立 GEMM：权重与输入各读一次、输出写一次的操作数载荷；不预测 tile 重读。
30,silu_mul,activation,"{""gate"": [1, 12288], ""up"": [1, 12288], ""output"": [1, 12288]}",0,49152,"{""exp"": 12288, ""negate"": 12288}",0,49152,24576,"sigmoid: exp(-x), +1, reciprocal；再乘 x 和 up。exp 与取负分列。"
30,down_proj,linear,"{""input"": [1, 12288], ""weight_math"": [12288, 4096], ""weight_storage"": [4096, 12288], ""output"": [1, 4096]}",100663296,0,{},100663296,24576,8192,独立 GEMM：权重与输入各读一次、输出写一次的操作数载荷；不预测 tile 重读。
30,ffn_residual,residual,"{""inputs_each"": [1, 4096], ""output"": [1, 4096]}",0,4096,{},0,16384,8192,
31,input_layernorm,normalization,"{""input"": [1, 4096], ""weight"": [4096], ""output"": [1, 4096]}",0,16385,"{""rsqrt"": 1}",8192,8192,8192,按 FP32 行内归约的代数计数；rsqrt、类型转换与临时 FP32 张量分列／不推断 HBM spill。
31,q_proj,linear,"{""input"": [1, 4096], ""weight_math"": [4096, 4096], ""weight_storage"": [4096, 4096], ""output"": [1, 4096]}",33554432,0,{},33554432,8192,8192,独立 GEMM：权重与输入各读一次、输出写一次的操作数载荷；不预测 tile 重读。
31,k_proj,linear,"{""input"": [1, 4096], ""weight_math"": [4096, 1024], ""weight_storage"": [1024, 4096], ""output"": [1, 1024]}",8388608,0,{},8388608,8192,2048,独立 GEMM：权重与输入各读一次、输出写一次的操作数载荷；不预测 tile 重读。
31,v_proj,linear,"{""input"": [1, 4096], ""weight_math"": [4096, 1024], ""weight_storage"": [1024, 4096], ""output"": [1, 1024]}",8388608,0,{},8388608,8192,2048,独立 GEMM：权重与输入各读一次、输出写一次的操作数载荷；不预测 tile 重读。
31,q_norm,normalization,"{""input"": [32, 128], ""weight"": [128], ""output"": [32, 128]}",0,16416,"{""rsqrt"": 32}",256,8192,8192,按 FP32 行内归约的代数计数；rsqrt、类型转换与临时 FP32 张量分列／不推断 HBM spill。
31,k_norm,normalization,"{""input"": [8, 128], ""weight"": [128], ""output"": [8, 128]}",0,4104,"{""rsqrt"": 8}",256,2048,2048,按 FP32 行内归约的代数计数；rsqrt、类型转换与临时 FP32 张量分列／不推断 HBM spill。
31,apply_rope,position,"{""Q"": [1, 32, 1, 128], ""K"": [1, 8, 1, 128]}",0,15360,"{""negate"": 2560}",0,10752,10240,2 multiply + 1 add/元素，rotate_half 符号翻转分列；表按批／头理想复用。
31,kv_append,state,"{""new_K_and_V_each"": [1, 8, 1, 128]}",0,0,{},0,4096,4096,原位／分页 append 载荷；不假定动态 torch.cat 对旧缓存整段复制。
31,qk,attention,"{""Q"": [1, 32, 1, 128], ""K_shared"": [1, 8, 8193, 128], ""scores_rectangular"": [1, 32, 1, 8193]}",67117056,0,{},0,16787456,1048704,FLOPs 仅有效因果位置；载荷是假定 Q/K 各读一次、GQA 头共享，完整分数矩阵物化。
31,score_scale_mask_softmax,softmax,"{""scores"": [1, 32, 1, 8193]}",0,1048672,"{""exp"": 262176, ""compare_max"": 262144, ""mask_decisions"": 262176}",0,1048704,1048704,选择的融合 scale/mask/softmax 代数工作；屏蔽点不计 exp。物化 FP32 默认概率；非具体 eager trace。
31,pv,attention,"{""P"": [1, 32, 1, 8193], ""V_shared"": [1, 8, 8193, 128], ""output"": [1, 32, 1, 128]}",67117056,0,{},0,17827968,8192,PV/AV：各 Q 头仍计算；V 容量不乘 GQA 复制数。载荷假定 V 在头／查询之间理想复用。
31,o_proj,linear,"{""input"": [1, 4096], ""weight_math"": [4096, 4096], ""weight_storage"": [4096, 4096], ""output"": [1, 4096]}",33554432,0,{},33554432,8192,8192,独立 GEMM：权重与输入各读一次、输出写一次的操作数载荷；不预测 tile 重读。
31,attention_residual,residual,"{""inputs_each"": [1, 4096], ""output"": [1, 4096]}",0,4096,{},0,16384,8192,
31,post_attention_layernorm,normalization,"{""input"": [1, 4096], ""weight"": [4096], ""output"": [1, 4096]}",0,16385,"{""rsqrt"": 1}",8192,8192,8192,按 FP32 行内归约的代数计数；rsqrt、类型转换与临时 FP32 张量分列／不推断 HBM spill。
31,gate_proj,linear,"{""input"": [1, 4096], ""weight_math"": [4096, 12288], ""weight_storage"": [12288, 4096], ""output"": [1, 12288]}",100663296,0,{},100663296,8192,24576,独立 GEMM：权重与输入各读一次、输出写一次的操作数载荷；不预测 tile 重读。
31,up_proj,linear,"{""input"": [1, 4096], ""weight_math"": [4096, 12288], ""weight_storage"": [12288, 4096], ""output"": [1, 12288]}",100663296,0,{},100663296,8192,24576,独立 GEMM：权重与输入各读一次、输出写一次的操作数载荷；不预测 tile 重读。
31,silu_mul,activation,"{""gate"": [1, 12288], ""up"": [1, 12288], ""output"": [1, 12288]}",0,49152,"{""exp"": 12288, ""negate"": 12288}",0,49152,24576,"sigmoid: exp(-x), +1, reciprocal；再乘 x 和 up。exp 与取负分列。"
31,down_proj,linear,"{""input"": [1, 12288], ""weight_math"": [12288, 4096], ""weight_storage"": [4096, 12288], ""output"": [1, 4096]}",100663296,0,{},100663296,24576,8192,独立 GEMM：权重与输入各读一次、输出写一次的操作数载荷；不预测 tile 重读。
31,ffn_residual,residual,"{""inputs_each"": [1, 4096], ""output"": [1, 4096]}",0,4096,{},0,16384,8192,
32,input_layernorm,normalization,"{""input"": [1, 4096], ""weight"": [4096], ""output"": [1, 4096]}",0,16385,"{""rsqrt"": 1}",8192,8192,8192,按 FP32 行内归约的代数计数；rsqrt、类型转换与临时 FP32 张量分列／不推断 HBM spill。
32,q_proj,linear,"{""input"": [1, 4096], ""weight_math"": [4096, 4096], ""weight_storage"": [4096, 4096], ""output"": [1, 4096]}",33554432,0,{},33554432,8192,8192,独立 GEMM：权重与输入各读一次、输出写一次的操作数载荷；不预测 tile 重读。
32,k_proj,linear,"{""input"": [1, 4096], ""weight_math"": [4096, 1024], ""weight_storage"": [1024, 4096], ""output"": [1, 1024]}",8388608,0,{},8388608,8192,2048,独立 GEMM：权重与输入各读一次、输出写一次的操作数载荷；不预测 tile 重读。
32,v_proj,linear,"{""input"": [1, 4096], ""weight_math"": [4096, 1024], ""weight_storage"": [1024, 4096], ""output"": [1, 1024]}",8388608,0,{},8388608,8192,2048,独立 GEMM：权重与输入各读一次、输出写一次的操作数载荷；不预测 tile 重读。
32,q_norm,normalization,"{""input"": [32, 128], ""weight"": [128], ""output"": [32, 128]}",0,16416,"{""rsqrt"": 32}",256,8192,8192,按 FP32 行内归约的代数计数；rsqrt、类型转换与临时 FP32 张量分列／不推断 HBM spill。
32,k_norm,normalization,"{""input"": [8, 128], ""weight"": [128], ""output"": [8, 128]}",0,4104,"{""rsqrt"": 8}",256,2048,2048,按 FP32 行内归约的代数计数；rsqrt、类型转换与临时 FP32 张量分列／不推断 HBM spill。
32,apply_rope,position,"{""Q"": [1, 32, 1, 128], ""K"": [1, 8, 1, 128]}",0,15360,"{""negate"": 2560}",0,10752,10240,2 multiply + 1 add/元素，rotate_half 符号翻转分列；表按批／头理想复用。
32,kv_append,state,"{""new_K_and_V_each"": [1, 8, 1, 128]}",0,0,{},0,4096,4096,原位／分页 append 载荷；不假定动态 torch.cat 对旧缓存整段复制。
32,qk,attention,"{""Q"": [1, 32, 1, 128], ""K_shared"": [1, 8, 8193, 128], ""scores_rectangular"": [1, 32, 1, 8193]}",67117056,0,{},0,16787456,1048704,FLOPs 仅有效因果位置；载荷是假定 Q/K 各读一次、GQA 头共享，完整分数矩阵物化。
32,score_scale_mask_softmax,softmax,"{""scores"": [1, 32, 1, 8193]}",0,1048672,"{""exp"": 262176, ""compare_max"": 262144, ""mask_decisions"": 262176}",0,1048704,1048704,选择的融合 scale/mask/softmax 代数工作；屏蔽点不计 exp。物化 FP32 默认概率；非具体 eager trace。
32,pv,attention,"{""P"": [1, 32, 1, 8193], ""V_shared"": [1, 8, 8193, 128], ""output"": [1, 32, 1, 128]}",67117056,0,{},0,17827968,8192,PV/AV：各 Q 头仍计算；V 容量不乘 GQA 复制数。载荷假定 V 在头／查询之间理想复用。
32,o_proj,linear,"{""input"": [1, 4096], ""weight_math"": [4096, 4096], ""weight_storage"": [4096, 4096], ""output"": [1, 4096]}",33554432,0,{},33554432,8192,8192,独立 GEMM：权重与输入各读一次、输出写一次的操作数载荷；不预测 tile 重读。
32,attention_residual,residual,"{""inputs_each"": [1, 4096], ""output"": [1, 4096]}",0,4096,{},0,16384,8192,
32,post_attention_layernorm,normalization,"{""input"": [1, 4096], ""weight"": [4096], ""output"": [1, 4096]}",0,16385,"{""rsqrt"": 1}",8192,8192,8192,按 FP32 行内归约的代数计数；rsqrt、类型转换与临时 FP32 张量分列／不推断 HBM spill。
32,gate_proj,linear,"{""input"": [1, 4096], ""weight_math"": [4096, 12288], ""weight_storage"": [12288, 4096], ""output"": [1, 12288]}",100663296,0,{},100663296,8192,24576,独立 GEMM：权重与输入各读一次、输出写一次的操作数载荷；不预测 tile 重读。
32,up_proj,linear,"{""input"": [1, 4096], ""weight_math"": [4096, 12288], ""weight_storage"": [12288, 4096], ""output"": [1, 12288]}",100663296,0,{},100663296,8192,24576,独立 GEMM：权重与输入各读一次、输出写一次的操作数载荷；不预测 tile 重读。
32,silu_mul,activation,"{""gate"": [1, 12288], ""up"": [1, 12288], ""output"": [1, 12288]}",0,49152,"{""exp"": 12288, ""negate"": 12288}",0,49152,24576,"sigmoid: exp(-x), +1, reciprocal；再乘 x 和 up。exp 与取负分列。"
32,down_proj,linear,"{""input"": [1, 12288], ""weight_math"": [12288, 4096], ""weight_storage"": [4096, 12288], ""output"": [1, 4096]}",100663296,0,{},100663296,24576,8192,独立 GEMM：权重与输入各读一次、输出写一次的操作数载荷；不预测 tile 重读。
32,ffn_residual,residual,"{""inputs_each"": [1, 4096], ""output"": [1, 4096]}",0,4096,{},0,16384,8192,
33,input_layernorm,normalization,"{""input"": [1, 4096], ""weight"": [4096], ""output"": [1, 4096]}",0,16385,"{""rsqrt"": 1}",8192,8192,8192,按 FP32 行内归约的代数计数；rsqrt、类型转换与临时 FP32 张量分列／不推断 HBM spill。
33,q_proj,linear,"{""input"": [1, 4096], ""weight_math"": [4096, 4096], ""weight_storage"": [4096, 4096], ""output"": [1, 4096]}",33554432,0,{},33554432,8192,8192,独立 GEMM：权重与输入各读一次、输出写一次的操作数载荷；不预测 tile 重读。
33,k_proj,linear,"{""input"": [1, 4096], ""weight_math"": [4096, 1024], ""weight_storage"": [1024, 4096], ""output"": [1, 1024]}",8388608,0,{},8388608,8192,2048,独立 GEMM：权重与输入各读一次、输出写一次的操作数载荷；不预测 tile 重读。
33,v_proj,linear,"{""input"": [1, 4096], ""weight_math"": [4096, 1024], ""weight_storage"": [1024, 4096], ""output"": [1, 1024]}",8388608,0,{},8388608,8192,2048,独立 GEMM：权重与输入各读一次、输出写一次的操作数载荷；不预测 tile 重读。
33,q_norm,normalization,"{""input"": [32, 128], ""weight"": [128], ""output"": [32, 128]}",0,16416,"{""rsqrt"": 32}",256,8192,8192,按 FP32 行内归约的代数计数；rsqrt、类型转换与临时 FP32 张量分列／不推断 HBM spill。
33,k_norm,normalization,"{""input"": [8, 128], ""weight"": [128], ""output"": [8, 128]}",0,4104,"{""rsqrt"": 8}",256,2048,2048,按 FP32 行内归约的代数计数；rsqrt、类型转换与临时 FP32 张量分列／不推断 HBM spill。
33,apply_rope,position,"{""Q"": [1, 32, 1, 128], ""K"": [1, 8, 1, 128]}",0,15360,"{""negate"": 2560}",0,10752,10240,2 multiply + 1 add/元素，rotate_half 符号翻转分列；表按批／头理想复用。
33,kv_append,state,"{""new_K_and_V_each"": [1, 8, 1, 128]}",0,0,{},0,4096,4096,原位／分页 append 载荷；不假定动态 torch.cat 对旧缓存整段复制。
33,qk,attention,"{""Q"": [1, 32, 1, 128], ""K_shared"": [1, 8, 8193, 128], ""scores_rectangular"": [1, 32, 1, 8193]}",67117056,0,{},0,16787456,1048704,FLOPs 仅有效因果位置；载荷是假定 Q/K 各读一次、GQA 头共享，完整分数矩阵物化。
33,score_scale_mask_softmax,softmax,"{""scores"": [1, 32, 1, 8193]}",0,1048672,"{""exp"": 262176, ""compare_max"": 262144, ""mask_decisions"": 262176}",0,1048704,1048704,选择的融合 scale/mask/softmax 代数工作；屏蔽点不计 exp。物化 FP32 默认概率；非具体 eager trace。
33,pv,attention,"{""P"": [1, 32, 1, 8193], ""V_shared"": [1, 8, 8193, 128], ""output"": [1, 32, 1, 128]}",67117056,0,{},0,17827968,8192,PV/AV：各 Q 头仍计算；V 容量不乘 GQA 复制数。载荷假定 V 在头／查询之间理想复用。
33,o_proj,linear,"{""input"": [1, 4096], ""weight_math"": [4096, 4096], ""weight_storage"": [4096, 4096], ""output"": [1, 4096]}",33554432,0,{},33554432,8192,8192,独立 GEMM：权重与输入各读一次、输出写一次的操作数载荷；不预测 tile 重读。
33,attention_residual,residual,"{""inputs_each"": [1, 4096], ""output"": [1, 4096]}",0,4096,{},0,16384,8192,
33,post_attention_layernorm,normalization,"{""input"": [1, 4096], ""weight"": [4096], ""output"": [1, 4096]}",0,16385,"{""rsqrt"": 1}",8192,8192,8192,按 FP32 行内归约的代数计数；rsqrt、类型转换与临时 FP32 张量分列／不推断 HBM spill。
33,gate_proj,linear,"{""input"": [1, 4096], ""weight_math"": [4096, 12288], ""weight_storage"": [12288, 4096], ""output"": [1, 12288]}",100663296,0,{},100663296,8192,24576,独立 GEMM：权重与输入各读一次、输出写一次的操作数载荷；不预测 tile 重读。
33,up_proj,linear,"{""input"": [1, 4096], ""weight_math"": [4096, 12288], ""weight_storage"": [12288, 4096], ""output"": [1, 12288]}",100663296,0,{},100663296,8192,24576,独立 GEMM：权重与输入各读一次、输出写一次的操作数载荷；不预测 tile 重读。
33,silu_mul,activation,"{""gate"": [1, 12288], ""up"": [1, 12288], ""output"": [1, 12288]}",0,49152,"{""exp"": 12288, ""negate"": 12288}",0,49152,24576,"sigmoid: exp(-x), +1, reciprocal；再乘 x 和 up。exp 与取负分列。"
33,down_proj,linear,"{""input"": [1, 12288], ""weight_math"": [12288, 4096], ""weight_storage"": [4096, 12288], ""output"": [1, 4096]}",100663296,0,{},100663296,24576,8192,独立 GEMM：权重与输入各读一次、输出写一次的操作数载荷；不预测 tile 重读。
33,ffn_residual,residual,"{""inputs_each"": [1, 4096], ""output"": [1, 4096]}",0,4096,{},0,16384,8192,
34,input_layernorm,normalization,"{""input"": [1, 4096], ""weight"": [4096], ""output"": [1, 4096]}",0,16385,"{""rsqrt"": 1}",8192,8192,8192,按 FP32 行内归约的代数计数；rsqrt、类型转换与临时 FP32 张量分列／不推断 HBM spill。
34,q_proj,linear,"{""input"": [1, 4096], ""weight_math"": [4096, 4096], ""weight_storage"": [4096, 4096], ""output"": [1, 4096]}",33554432,0,{},33554432,8192,8192,独立 GEMM：权重与输入各读一次、输出写一次的操作数载荷；不预测 tile 重读。
34,k_proj,linear,"{""input"": [1, 4096], ""weight_math"": [4096, 1024], ""weight_storage"": [1024, 4096], ""output"": [1, 1024]}",8388608,0,{},8388608,8192,2048,独立 GEMM：权重与输入各读一次、输出写一次的操作数载荷；不预测 tile 重读。
34,v_proj,linear,"{""input"": [1, 4096], ""weight_math"": [4096, 1024], ""weight_storage"": [1024, 4096], ""output"": [1, 1024]}",8388608,0,{},8388608,8192,2048,独立 GEMM：权重与输入各读一次、输出写一次的操作数载荷；不预测 tile 重读。
34,q_norm,normalization,"{""input"": [32, 128], ""weight"": [128], ""output"": [32, 128]}",0,16416,"{""rsqrt"": 32}",256,8192,8192,按 FP32 行内归约的代数计数；rsqrt、类型转换与临时 FP32 张量分列／不推断 HBM spill。
34,k_norm,normalization,"{""input"": [8, 128], ""weight"": [128], ""output"": [8, 128]}",0,4104,"{""rsqrt"": 8}",256,2048,2048,按 FP32 行内归约的代数计数；rsqrt、类型转换与临时 FP32 张量分列／不推断 HBM spill。
34,apply_rope,position,"{""Q"": [1, 32, 1, 128], ""K"": [1, 8, 1, 128]}",0,15360,"{""negate"": 2560}",0,10752,10240,2 multiply + 1 add/元素，rotate_half 符号翻转分列；表按批／头理想复用。
34,kv_append,state,"{""new_K_and_V_each"": [1, 8, 1, 128]}",0,0,{},0,4096,4096,原位／分页 append 载荷；不假定动态 torch.cat 对旧缓存整段复制。
34,qk,attention,"{""Q"": [1, 32, 1, 128], ""K_shared"": [1, 8, 8193, 128], ""scores_rectangular"": [1, 32, 1, 8193]}",67117056,0,{},0,16787456,1048704,FLOPs 仅有效因果位置；载荷是假定 Q/K 各读一次、GQA 头共享，完整分数矩阵物化。
34,score_scale_mask_softmax,softmax,"{""scores"": [1, 32, 1, 8193]}",0,1048672,"{""exp"": 262176, ""compare_max"": 262144, ""mask_decisions"": 262176}",0,1048704,1048704,选择的融合 scale/mask/softmax 代数工作；屏蔽点不计 exp。物化 FP32 默认概率；非具体 eager trace。
34,pv,attention,"{""P"": [1, 32, 1, 8193], ""V_shared"": [1, 8, 8193, 128], ""output"": [1, 32, 1, 128]}",67117056,0,{},0,17827968,8192,PV/AV：各 Q 头仍计算；V 容量不乘 GQA 复制数。载荷假定 V 在头／查询之间理想复用。
34,o_proj,linear,"{""input"": [1, 4096], ""weight_math"": [4096, 4096], ""weight_storage"": [4096, 4096], ""output"": [1, 4096]}",33554432,0,{},33554432,8192,8192,独立 GEMM：权重与输入各读一次、输出写一次的操作数载荷；不预测 tile 重读。
34,attention_residual,residual,"{""inputs_each"": [1, 4096], ""output"": [1, 4096]}",0,4096,{},0,16384,8192,
34,post_attention_layernorm,normalization,"{""input"": [1, 4096], ""weight"": [4096], ""output"": [1, 4096]}",0,16385,"{""rsqrt"": 1}",8192,8192,8192,按 FP32 行内归约的代数计数；rsqrt、类型转换与临时 FP32 张量分列／不推断 HBM spill。
34,gate_proj,linear,"{""input"": [1, 4096], ""weight_math"": [4096, 12288], ""weight_storage"": [12288, 4096], ""output"": [1, 12288]}",100663296,0,{},100663296,8192,24576,独立 GEMM：权重与输入各读一次、输出写一次的操作数载荷；不预测 tile 重读。
34,up_proj,linear,"{""input"": [1, 4096], ""weight_math"": [4096, 12288], ""weight_storage"": [12288, 4096], ""output"": [1, 12288]}",100663296,0,{},100663296,8192,24576,独立 GEMM：权重与输入各读一次、输出写一次的操作数载荷；不预测 tile 重读。
34,silu_mul,activation,"{""gate"": [1, 12288], ""up"": [1, 12288], ""output"": [1, 12288]}",0,49152,"{""exp"": 12288, ""negate"": 12288}",0,49152,24576,"sigmoid: exp(-x), +1, reciprocal；再乘 x 和 up。exp 与取负分列。"
34,down_proj,linear,"{""input"": [1, 12288], ""weight_math"": [12288, 4096], ""weight_storage"": [4096, 12288], ""output"": [1, 4096]}",100663296,0,{},100663296,24576,8192,独立 GEMM：权重与输入各读一次、输出写一次的操作数载荷；不预测 tile 重读。
34,ffn_residual,residual,"{""inputs_each"": [1, 4096], ""output"": [1, 4096]}",0,4096,{},0,16384,8192,
35,input_layernorm,normalization,"{""input"": [1, 4096], ""weight"": [4096], ""output"": [1, 4096]}",0,16385,"{""rsqrt"": 1}",8192,8192,8192,按 FP32 行内归约的代数计数；rsqrt、类型转换与临时 FP32 张量分列／不推断 HBM spill。
35,q_proj,linear,"{""input"": [1, 4096], ""weight_math"": [4096, 4096], ""weight_storage"": [4096, 4096], ""output"": [1, 4096]}",33554432,0,{},33554432,8192,8192,独立 GEMM：权重与输入各读一次、输出写一次的操作数载荷；不预测 tile 重读。
35,k_proj,linear,"{""input"": [1, 4096], ""weight_math"": [4096, 1024], ""weight_storage"": [1024, 4096], ""output"": [1, 1024]}",8388608,0,{},8388608,8192,2048,独立 GEMM：权重与输入各读一次、输出写一次的操作数载荷；不预测 tile 重读。
35,v_proj,linear,"{""input"": [1, 4096], ""weight_math"": [4096, 1024], ""weight_storage"": [1024, 4096], ""output"": [1, 1024]}",8388608,0,{},8388608,8192,2048,独立 GEMM：权重与输入各读一次、输出写一次的操作数载荷；不预测 tile 重读。
35,q_norm,normalization,"{""input"": [32, 128], ""weight"": [128], ""output"": [32, 128]}",0,16416,"{""rsqrt"": 32}",256,8192,8192,按 FP32 行内归约的代数计数；rsqrt、类型转换与临时 FP32 张量分列／不推断 HBM spill。
35,k_norm,normalization,"{""input"": [8, 128], ""weight"": [128], ""output"": [8, 128]}",0,4104,"{""rsqrt"": 8}",256,2048,2048,按 FP32 行内归约的代数计数；rsqrt、类型转换与临时 FP32 张量分列／不推断 HBM spill。
35,apply_rope,position,"{""Q"": [1, 32, 1, 128], ""K"": [1, 8, 1, 128]}",0,15360,"{""negate"": 2560}",0,10752,10240,2 multiply + 1 add/元素，rotate_half 符号翻转分列；表按批／头理想复用。
35,kv_append,state,"{""new_K_and_V_each"": [1, 8, 1, 128]}",0,0,{},0,4096,4096,原位／分页 append 载荷；不假定动态 torch.cat 对旧缓存整段复制。
35,qk,attention,"{""Q"": [1, 32, 1, 128], ""K_shared"": [1, 8, 8193, 128], ""scores_rectangular"": [1, 32, 1, 8193]}",67117056,0,{},0,16787456,1048704,FLOPs 仅有效因果位置；载荷是假定 Q/K 各读一次、GQA 头共享，完整分数矩阵物化。
35,score_scale_mask_softmax,softmax,"{""scores"": [1, 32, 1, 8193]}",0,1048672,"{""exp"": 262176, ""compare_max"": 262144, ""mask_decisions"": 262176}",0,1048704,1048704,选择的融合 scale/mask/softmax 代数工作；屏蔽点不计 exp。物化 FP32 默认概率；非具体 eager trace。
35,pv,attention,"{""P"": [1, 32, 1, 8193], ""V_shared"": [1, 8, 8193, 128], ""output"": [1, 32, 1, 128]}",67117056,0,{},0,17827968,8192,PV/AV：各 Q 头仍计算；V 容量不乘 GQA 复制数。载荷假定 V 在头／查询之间理想复用。
35,o_proj,linear,"{""input"": [1, 4096], ""weight_math"": [4096, 4096], ""weight_storage"": [4096, 4096], ""output"": [1, 4096]}",33554432,0,{},33554432,8192,8192,独立 GEMM：权重与输入各读一次、输出写一次的操作数载荷；不预测 tile 重读。
35,attention_residual,residual,"{""inputs_each"": [1, 4096], ""output"": [1, 4096]}",0,4096,{},0,16384,8192,
35,post_attention_layernorm,normalization,"{""input"": [1, 4096], ""weight"": [4096], ""output"": [1, 4096]}",0,16385,"{""rsqrt"": 1}",8192,8192,8192,按 FP32 行内归约的代数计数；rsqrt、类型转换与临时 FP32 张量分列／不推断 HBM spill。
35,gate_proj,linear,"{""input"": [1, 4096], ""weight_math"": [4096, 12288], ""weight_storage"": [12288, 4096], ""output"": [1, 12288]}",100663296,0,{},100663296,8192,24576,独立 GEMM：权重与输入各读一次、输出写一次的操作数载荷；不预测 tile 重读。
35,up_proj,linear,"{""input"": [1, 4096], ""weight_math"": [4096, 12288], ""weight_storage"": [12288, 4096], ""output"": [1, 12288]}",100663296,0,{},100663296,8192,24576,独立 GEMM：权重与输入各读一次、输出写一次的操作数载荷；不预测 tile 重读。
35,silu_mul,activation,"{""gate"": [1, 12288], ""up"": [1, 12288], ""output"": [1, 12288]}",0,49152,"{""exp"": 12288, ""negate"": 12288}",0,49152,24576,"sigmoid: exp(-x), +1, reciprocal；再乘 x 和 up。exp 与取负分列。"
35,down_proj,linear,"{""input"": [1, 12288], ""weight_math"": [12288, 4096], ""weight_storage"": [4096, 12288], ""output"": [1, 4096]}",100663296,0,{},100663296,24576,8192,独立 GEMM：权重与输入各读一次、输出写一次的操作数载荷；不预测 tile 重读。
35,ffn_residual,residual,"{""inputs_each"": [1, 4096], ""output"": [1, 4096]}",0,4096,{},0,16384,8192,
global,final_norm,normalization,"{""input"": [1, 4096], ""weight"": [4096], ""output"": [1, 4096]}",0,16385,"{""rsqrt"": 1}",8192,8192,8192,按 FP32 行内归约的代数计数；rsqrt、类型转换与临时 FP32 张量分列／不推断 HBM spill。
global,lm_head,linear,"{""input"": [1, 4096], ""weight_math"": [4096, 151936], ""weight_storage"": [151936, 4096], ""output"": [1, 151936]}",1244659712,0,{},1244659712,8192,303872,独立 GEMM：权重与输入各读一次、输出写一次的操作数载荷；不预测 tile 重读。
