layer,name,category,shapes,matrix_flops,scalar_flops,special_ops,weight_read_bytes,activation_read_bytes,activation_write_bytes,notes,repeats
aggregate; see repeats,embedding,gather,"{""ids"": [1, 2048], ""output"": [2048, 4096]}",0,0,{},16777216,16384,16777216,,1
aggregate; see repeats,input_and_post_attention_norm,normalization,"{""rows"": 2048, ""width"": 4096}",0,33560576,"{""rsqrt"": 2048}",8192,16777216,16777216,"FP32 internal arithmetic; interfaces are BF16 input/output, not internal conversion traffic.",120
aggregate; see repeats,two_residuals_per_layer,elementwise,{},0,8388608,{},0,33554432,16777216,,120
aggregate; see repeats,full.q_and_gate,linear,"{""input"": [2048, 4096], ""weight_math"": [4096, 16384], ""weight_storage"": [16384, 4096], ""output"": [2048, 16384]}",274877906944,0,{},134217728,16777216,67108864,独立 GEMM：权重与输入各读一次、输出写一次的操作数载荷；不预测 tile 重读。,15
aggregate; see repeats,full.key,linear,"{""input"": [2048, 4096], ""weight_math"": [4096, 512], ""weight_storage"": [512, 4096], ""output"": [2048, 512]}",8589934592,0,{},4194304,16777216,2097152,独立 GEMM：权重与输入各读一次、输出写一次的操作数载荷；不预测 tile 重读。,15
aggregate; see repeats,full.value,linear,"{""input"": [2048, 4096], ""weight_math"": [4096, 512], ""weight_storage"": [512, 4096], ""output"": [2048, 512]}",8589934592,0,{},4194304,16777216,2097152,独立 GEMM：权重与输入各读一次、输出写一次的操作数载荷；不预测 tile 重读。,15
aggregate; see repeats,full.output,linear,"{""input"": [2048, 8192], ""weight_math"": [8192, 4096], ""weight_storage"": [4096, 8192], ""output"": [2048, 4096]}",137438953472,0,{},67108864,33554432,16777216,独立 GEMM：权重与输入各读一次、输出写一次的操作数载荷；不预测 tile 重读。,15
aggregate; see repeats,full.q_norm,normalization,"{""rows"": 65536, ""width"": 256}",0,67174656,"{""rsqrt"": 65536}",512,33554432,33554432,"FP32 internal arithmetic; interfaces are BF16 input/output, not internal conversion traffic.",15
aggregate; see repeats,full.k_norm,normalization,"{""rows"": 4096, ""width"": 256}",0,4198656,"{""rsqrt"": 4096}",512,2097152,2097152,"FP32 internal arithmetic; interfaces are BF16 input/output, not internal conversion traffic.",15
aggregate; see repeats,full.apply_partial_rope,rotary,{},0,13369344,{},0,8912896,8912896,Rotation multiplication/addition only; shared position-id and sin/cos construction are listed in the reference supplement.,15
aggregate; see repeats,full.QK,attention_matrix,"{""valid_pairs"": 14681088, ""rectangular_pairs"": 16777216, ""heads"": 32, ""head_dim"": 256}",240534945792,0,{},0,0,0,"Valid causal arithmetic; eager full rectangle work is separately reported, not inferred GPU execution.",15
aggregate; see repeats,full.PV,attention_matrix,"{""valid_pairs"": 14681088, ""rectangular_pairs"": 16777216, ""heads"": 32, ""head_dim"": 256}",240534945792,0,{},0,0,0,"Valid causal arithmetic; eager full rectangle work is separately reported, not inferred GPU execution.",15
aggregate; see repeats,full.softmax,softmax,{},0,1879113728,"{""exp"": 469794816, ""max_comparisons"": 469729280}",0,0,0,"Scale/subtract/reduce/divide over valid pairs; softmax FP32, full score materialization not assumed.",15
aggregate; see repeats,full.output_gate,elementwise,{},0,16777216,"{""sigmoid"": 16777216}",0,67108864,33554432,,15
aggregate; see repeats,linear.qkv,linear,"{""input"": [2048, 4096], ""weight_math"": [4096, 12288], ""weight_storage"": [12288, 4096], ""output"": [2048, 12288]}",206158430208,0,{},100663296,16777216,50331648,独立 GEMM：权重与输入各读一次、输出写一次的操作数载荷；不预测 tile 重读。,45
aggregate; see repeats,linear.z,linear,"{""input"": [2048, 4096], ""weight_math"": [4096, 8192], ""weight_storage"": [8192, 4096], ""output"": [2048, 8192]}",137438953472,0,{},67108864,16777216,33554432,独立 GEMM：权重与输入各读一次、输出写一次的操作数载荷；不预测 tile 重读。,45
aggregate; see repeats,linear.a,linear,"{""input"": [2048, 4096], ""weight_math"": [4096, 64], ""weight_storage"": [64, 4096], ""output"": [2048, 64]}",1073741824,0,{},524288,16777216,262144,独立 GEMM：权重与输入各读一次、输出写一次的操作数载荷；不预测 tile 重读。,45
aggregate; see repeats,linear.b,linear,"{""input"": [2048, 4096], ""weight_math"": [4096, 64], ""weight_storage"": [64, 4096], ""output"": [2048, 64]}",1073741824,0,{},524288,16777216,262144,独立 GEMM：权重与输入各读一次、输出写一次的操作数载荷；不预测 tile 重读。,45
aggregate; see repeats,linear.output,linear,"{""input"": [2048, 8192], ""weight_math"": [8192, 4096], ""weight_storage"": [4096, 8192], ""output"": [2048, 4096]}",137438953472,0,{},67108864,33554432,16777216,独立 GEMM：权重与输入各读一次、输出写一次的操作数载荷；不预测 tile 重读。,45
aggregate; see repeats,linear.causal_conv_valid,depthwise_conv,"{""channels"": 12288, ""kernel"": 4, ""valid_taps_per_channel_request"": 8192}",201326592,0,{},98304,0,0,Only mathematically valid nonpadding tap products. Padded fallback conv1d and cached history recomputation are not this valid subtotal.,45
aggregate; see repeats,linear.conv_silu,activation,{},0,25165824,"{""sigmoid"": 25165824}",0,50331648,50331648,,45
aggregate; see repeats,linear.decay_and_beta,gate,{},0,262144,"{""exp"": 64, ""softplus"": 131072, ""sigmoid"": 131072}",384,0,0,A_log.float() and a.float() establish FP32 decay arithmetic; A_log/dt_bias operand bytes follow verified checkpoint dtypes. exp(A_log) once per invocation; explicit cast interfaces are in the supplement.,45
aggregate; see repeats,linear.repeat_qk,copy,"{""repeat_factor"": 4}",0,0,{},0,16777216,67108864,Logical expanded Q/K interfaces; a kernel can avoid materialization.,45
aggregate; see repeats,linear.qk_l2norm_and_query_scale,normalization,{},0,117440512,"{""rsqrt"": 262144}",0,0,0,"Squares,reduction,epsilon,normalization plus query scaling; FP32 core. Reduction convention counts KD-1 additions.",45
aggregate; see repeats,linear.gated_output_norm,normalization,"{""rows"": 131072, ""width"": 128}",0,67239936,"{""rsqrt"": 131072}",256,33554432,33554432,"FP32 internal arithmetic; interfaces are BF16 input/output, not internal conversion traffic.",45
aggregate; see repeats,linear.norm_z_gate,activation,{},0,33554432,"{""sigmoid"": 16777216}",0,0,0,SiLU(z) then multiplication with normalized values.,45
aggregate; see repeats,linear.chunk.Kbeta_Kt,state_matrix,"{""left"": [64, 128], ""right"": [128, 64], ""output"": [64, 64]}",1048576,0,{},0,65536,16384,"Both operands are activations/state, not persistent model weights; source padded dimensions included.",92160
aggregate; see repeats,linear.chunk.Q_Kt,state_matrix,"{""left"": [64, 128], ""right"": [128, 64], ""output"": [64, 64]}",1048576,0,{},0,65536,16384,"Both operands are activations/state, not persistent model weights; source padded dimensions included.",92160
aggregate; see repeats,linear.chunk.two_triangular_solves,triangular_solve,"{""order"": 64, ""rhs_columns"": [128, 128]}",0,1032192,{},0,0,0,Unit diagonal forward-substitution multiply/subtract arithmetic; not GEMM FLOPs or actual torch solver kernel counts.,92160
aggregate; see repeats,linear.chunk.Kcum_S,state_matrix,"{""left"": [64, 128], ""right"": [128, 128], ""output"": [64, 128]}",2097152,0,{},0,98304,32768,"Both operands are activations/state, not persistent model weights; source padded dimensions included.",92160
aggregate; see repeats,linear.chunk.Q_S,state_matrix,"{""left"": [64, 128], ""right"": [128, 128], ""output"": [64, 128]}",2097152,0,{},0,98304,32768,"Both operands are activations/state, not persistent model weights; source padded dimensions included.",92160
aggregate; see repeats,linear.chunk.intra_Vnew,state_matrix,"{""left"": [64, 64], ""right"": [64, 128], ""output"": [64, 128]}",1048576,0,{},0,49152,32768,"Both operands are activations/state, not persistent model weights; source padded dimensions included.",92160
aggregate; see repeats,linear.chunk.Kt_Vnew,state_matrix,"{""left"": [128, 64], ""right"": [64, 128], ""output"": [128, 128]}",2097152,0,{},0,65536,65536,"Both operands are activations/state, not persistent model weights; source padded dimensions included.",92160
aggregate; see repeats,linear.chunk.decay_and_combine,elementwise,"{""chunks_per_request"": 32}",0,32768,{},0,0,0,"v_new subtract, intra/inter add and state decay; beta/decay preparation arithmetic is listed in the reference supplement.",92160
aggregate; see repeats,moe.router,linear,"{""input"": [2048, 4096], ""weight_math"": [4096, 512], ""weight_storage"": [512, 4096], ""output"": [2048, 512]}",8589934592,0,{},4194304,16777216,2097152,独立 GEMM：权重与输入各读一次、输出写一次的操作数载荷；不预测 tile 重读。,60
aggregate; see repeats,moe.router_softmax_topk,router,{},0,3182592,"{""exp"": 1048576, ""topk_selections"": 2048, ""max_comparisons"": 1046528}",0,0,0,Topk algorithm comparison count unknown; FP32 probabilities and top10 renormalization.,60
aggregate; see repeats,moe.expert0.gate_up,linear,"{""input"": [40, 4096], ""weight_math"": [4096, 2048], ""weight_storage"": [2048, 4096], ""output"": [40, 2048]}",671088640,0,{},16777216,327680,163840,独立 GEMM：权重与输入各读一次、输出写一次的操作数载荷；不预测 tile 重读。,60
aggregate; see repeats,moe.expert0.down,linear,"{""input"": [40, 1024], ""weight_math"": [1024, 4096], ""weight_storage"": [4096, 1024], ""output"": [40, 4096]}",335544320,0,{},8388608,81920,327680,独立 GEMM：权重与输入各读一次、输出写一次的操作数载荷；不预测 tile 重读。,60
aggregate; see repeats,moe.expert1.gate_up,linear,"{""input"": [40, 4096], ""weight_math"": [4096, 2048], ""weight_storage"": [2048, 4096], ""output"": [40, 2048]}",671088640,0,{},16777216,327680,163840,独立 GEMM：权重与输入各读一次、输出写一次的操作数载荷；不预测 tile 重读。,60
aggregate; see repeats,moe.expert1.down,linear,"{""input"": [40, 1024], ""weight_math"": [1024, 4096], ""weight_storage"": [4096, 1024], ""output"": [40, 4096]}",335544320,0,{},8388608,81920,327680,独立 GEMM：权重与输入各读一次、输出写一次的操作数载荷；不预测 tile 重读。,60
aggregate; see repeats,moe.expert2.gate_up,linear,"{""input"": [40, 4096], ""weight_math"": [4096, 2048], ""weight_storage"": [2048, 4096], ""output"": [40, 2048]}",671088640,0,{},16777216,327680,163840,独立 GEMM：权重与输入各读一次、输出写一次的操作数载荷；不预测 tile 重读。,60
aggregate; see repeats,moe.expert2.down,linear,"{""input"": [40, 1024], ""weight_math"": [1024, 4096], ""weight_storage"": [4096, 1024], ""output"": [40, 4096]}",335544320,0,{},8388608,81920,327680,独立 GEMM：权重与输入各读一次、输出写一次的操作数载荷；不预测 tile 重读。,60
aggregate; see repeats,moe.expert3.gate_up,linear,"{""input"": [40, 4096], ""weight_math"": [4096, 2048], ""weight_storage"": [2048, 4096], ""output"": [40, 2048]}",671088640,0,{},16777216,327680,163840,独立 GEMM：权重与输入各读一次、输出写一次的操作数载荷；不预测 tile 重读。,60
aggregate; see repeats,moe.expert3.down,linear,"{""input"": [40, 1024], ""weight_math"": [1024, 4096], ""weight_storage"": [4096, 1024], ""output"": [40, 4096]}",335544320,0,{},8388608,81920,327680,独立 GEMM：权重与输入各读一次、输出写一次的操作数载荷；不预测 tile 重读。,60
aggregate; see repeats,moe.expert4.gate_up,linear,"{""input"": [40, 4096], ""weight_math"": [4096, 2048], ""weight_storage"": [2048, 4096], ""output"": [40, 2048]}",671088640,0,{},16777216,327680,163840,独立 GEMM：权重与输入各读一次、输出写一次的操作数载荷；不预测 tile 重读。,60
aggregate; see repeats,moe.expert4.down,linear,"{""input"": [40, 1024], ""weight_math"": [1024, 4096], ""weight_storage"": [4096, 1024], ""output"": [40, 4096]}",335544320,0,{},8388608,81920,327680,独立 GEMM：权重与输入各读一次、输出写一次的操作数载荷；不预测 tile 重读。,60
aggregate; see repeats,moe.expert5.gate_up,linear,"{""input"": [40, 4096], ""weight_math"": [4096, 2048], ""weight_storage"": [2048, 4096], ""output"": [40, 2048]}",671088640,0,{},16777216,327680,163840,独立 GEMM：权重与输入各读一次、输出写一次的操作数载荷；不预测 tile 重读。,60
aggregate; see repeats,moe.expert5.down,linear,"{""input"": [40, 1024], ""weight_math"": [1024, 4096], ""weight_storage"": [4096, 1024], ""output"": [40, 4096]}",335544320,0,{},8388608,81920,327680,独立 GEMM：权重与输入各读一次、输出写一次的操作数载荷；不预测 tile 重读。,60
aggregate; see repeats,moe.expert6.gate_up,linear,"{""input"": [40, 4096], ""weight_math"": [4096, 2048], ""weight_storage"": [2048, 4096], ""output"": [40, 2048]}",671088640,0,{},16777216,327680,163840,独立 GEMM：权重与输入各读一次、输出写一次的操作数载荷；不预测 tile 重读。,60
aggregate; see repeats,moe.expert6.down,linear,"{""input"": [40, 1024], ""weight_math"": [1024, 4096], ""weight_storage"": [4096, 1024], ""output"": [40, 4096]}",335544320,0,{},8388608,81920,327680,独立 GEMM：权重与输入各读一次、输出写一次的操作数载荷；不预测 tile 重读。,60
aggregate; see repeats,moe.expert7.gate_up,linear,"{""input"": [40, 4096], ""weight_math"": [4096, 2048], ""weight_storage"": [2048, 4096], ""output"": [40, 2048]}",671088640,0,{},16777216,327680,163840,独立 GEMM：权重与输入各读一次、输出写一次的操作数载荷；不预测 tile 重读。,60
aggregate; see repeats,moe.expert7.down,linear,"{""input"": [40, 1024], ""weight_math"": [1024, 4096], ""weight_storage"": [4096, 1024], ""output"": [40, 4096]}",335544320,0,{},8388608,81920,327680,独立 GEMM：权重与输入各读一次、输出写一次的操作数载荷；不预测 tile 重读。,60
aggregate; see repeats,moe.expert8.gate_up,linear,"{""input"": [40, 4096], ""weight_math"": [4096, 2048], ""weight_storage"": [2048, 4096], ""output"": [40, 2048]}",671088640,0,{},16777216,327680,163840,独立 GEMM：权重与输入各读一次、输出写一次的操作数载荷；不预测 tile 重读。,60
aggregate; see repeats,moe.expert8.down,linear,"{""input"": [40, 1024], ""weight_math"": [1024, 4096], ""weight_storage"": [4096, 1024], ""output"": [40, 4096]}",335544320,0,{},8388608,81920,327680,独立 GEMM：权重与输入各读一次、输出写一次的操作数载荷；不预测 tile 重读。,60
aggregate; see repeats,moe.expert9.gate_up,linear,"{""input"": [40, 4096], ""weight_math"": [4096, 2048], ""weight_storage"": [2048, 4096], ""output"": [40, 2048]}",671088640,0,{},16777216,327680,163840,独立 GEMM：权重与输入各读一次、输出写一次的操作数载荷；不预测 tile 重读。,60
aggregate; see repeats,moe.expert9.down,linear,"{""input"": [40, 1024], ""weight_math"": [1024, 4096], ""weight_storage"": [4096, 1024], ""output"": [40, 4096]}",335544320,0,{},8388608,81920,327680,独立 GEMM：权重与输入各读一次、输出写一次的操作数载荷；不预测 tile 重读。,60
aggregate; see repeats,moe.expert10.gate_up,linear,"{""input"": [40, 4096], ""weight_math"": [4096, 2048], ""weight_storage"": [2048, 4096], ""output"": [40, 2048]}",671088640,0,{},16777216,327680,163840,独立 GEMM：权重与输入各读一次、输出写一次的操作数载荷；不预测 tile 重读。,60
aggregate; see repeats,moe.expert10.down,linear,"{""input"": [40, 1024], ""weight_math"": [1024, 4096], ""weight_storage"": [4096, 1024], ""output"": [40, 4096]}",335544320,0,{},8388608,81920,327680,独立 GEMM：权重与输入各读一次、输出写一次的操作数载荷；不预测 tile 重读。,60
aggregate; see repeats,moe.expert11.gate_up,linear,"{""input"": [40, 4096], ""weight_math"": [4096, 2048], ""weight_storage"": [2048, 4096], ""output"": [40, 2048]}",671088640,0,{},16777216,327680,163840,独立 GEMM：权重与输入各读一次、输出写一次的操作数载荷；不预测 tile 重读。,60
aggregate; see repeats,moe.expert11.down,linear,"{""input"": [40, 1024], ""weight_math"": [1024, 4096], ""weight_storage"": [4096, 1024], ""output"": [40, 4096]}",335544320,0,{},8388608,81920,327680,独立 GEMM：权重与输入各读一次、输出写一次的操作数载荷；不预测 tile 重读。,60
aggregate; see repeats,moe.expert12.gate_up,linear,"{""input"": [40, 4096], ""weight_math"": [4096, 2048], ""weight_storage"": [2048, 4096], ""output"": [40, 2048]}",671088640,0,{},16777216,327680,163840,独立 GEMM：权重与输入各读一次、输出写一次的操作数载荷；不预测 tile 重读。,60
aggregate; see repeats,moe.expert12.down,linear,"{""input"": [40, 1024], ""weight_math"": [1024, 4096], ""weight_storage"": [4096, 1024], ""output"": [40, 4096]}",335544320,0,{},8388608,81920,327680,独立 GEMM：权重与输入各读一次、输出写一次的操作数载荷；不预测 tile 重读。,60
aggregate; see repeats,moe.expert13.gate_up,linear,"{""input"": [40, 4096], ""weight_math"": [4096, 2048], ""weight_storage"": [2048, 4096], ""output"": [40, 2048]}",671088640,0,{},16777216,327680,163840,独立 GEMM：权重与输入各读一次、输出写一次的操作数载荷；不预测 tile 重读。,60
aggregate; see repeats,moe.expert13.down,linear,"{""input"": [40, 1024], ""weight_math"": [1024, 4096], ""weight_storage"": [4096, 1024], ""output"": [40, 4096]}",335544320,0,{},8388608,81920,327680,独立 GEMM：权重与输入各读一次、输出写一次的操作数载荷；不预测 tile 重读。,60
aggregate; see repeats,moe.expert14.gate_up,linear,"{""input"": [40, 4096], ""weight_math"": [4096, 2048], ""weight_storage"": [2048, 4096], ""output"": [40, 2048]}",671088640,0,{},16777216,327680,163840,独立 GEMM：权重与输入各读一次、输出写一次的操作数载荷；不预测 tile 重读。,60
aggregate; see repeats,moe.expert14.down,linear,"{""input"": [40, 1024], ""weight_math"": [1024, 4096], ""weight_storage"": [4096, 1024], ""output"": [40, 4096]}",335544320,0,{},8388608,81920,327680,独立 GEMM：权重与输入各读一次、输出写一次的操作数载荷；不预测 tile 重读。,60
aggregate; see repeats,moe.expert15.gate_up,linear,"{""input"": [40, 4096], ""weight_math"": [4096, 2048], ""weight_storage"": [2048, 4096], ""output"": [40, 2048]}",671088640,0,{},16777216,327680,163840,独立 GEMM：权重与输入各读一次、输出写一次的操作数载荷；不预测 tile 重读。,60
aggregate; see repeats,moe.expert15.down,linear,"{""input"": [40, 1024], ""weight_math"": [1024, 4096], ""weight_storage"": [4096, 1024], ""output"": [40, 4096]}",335544320,0,{},8388608,81920,327680,独立 GEMM：权重与输入各读一次、输出写一次的操作数载荷；不预测 tile 重读。,60
aggregate; see repeats,moe.expert16.gate_up,linear,"{""input"": [40, 4096], ""weight_math"": [4096, 2048], ""weight_storage"": [2048, 4096], ""output"": [40, 2048]}",671088640,0,{},16777216,327680,163840,独立 GEMM：权重与输入各读一次、输出写一次的操作数载荷；不预测 tile 重读。,60
aggregate; see repeats,moe.expert16.down,linear,"{""input"": [40, 1024], ""weight_math"": [1024, 4096], ""weight_storage"": [4096, 1024], ""output"": [40, 4096]}",335544320,0,{},8388608,81920,327680,独立 GEMM：权重与输入各读一次、输出写一次的操作数载荷；不预测 tile 重读。,60
aggregate; see repeats,moe.expert17.gate_up,linear,"{""input"": [40, 4096], ""weight_math"": [4096, 2048], ""weight_storage"": [2048, 4096], ""output"": [40, 2048]}",671088640,0,{},16777216,327680,163840,独立 GEMM：权重与输入各读一次、输出写一次的操作数载荷；不预测 tile 重读。,60
aggregate; see repeats,moe.expert17.down,linear,"{""input"": [40, 1024], ""weight_math"": [1024, 4096], ""weight_storage"": [4096, 1024], ""output"": [40, 4096]}",335544320,0,{},8388608,81920,327680,独立 GEMM：权重与输入各读一次、输出写一次的操作数载荷；不预测 tile 重读。,60
aggregate; see repeats,moe.expert18.gate_up,linear,"{""input"": [40, 4096], ""weight_math"": [4096, 2048], ""weight_storage"": [2048, 4096], ""output"": [40, 2048]}",671088640,0,{},16777216,327680,163840,独立 GEMM：权重与输入各读一次、输出写一次的操作数载荷；不预测 tile 重读。,60
aggregate; see repeats,moe.expert18.down,linear,"{""input"": [40, 1024], ""weight_math"": [1024, 4096], ""weight_storage"": [4096, 1024], ""output"": [40, 4096]}",335544320,0,{},8388608,81920,327680,独立 GEMM：权重与输入各读一次、输出写一次的操作数载荷；不预测 tile 重读。,60
aggregate; see repeats,moe.expert19.gate_up,linear,"{""input"": [40, 4096], ""weight_math"": [4096, 2048], ""weight_storage"": [2048, 4096], ""output"": [40, 2048]}",671088640,0,{},16777216,327680,163840,独立 GEMM：权重与输入各读一次、输出写一次的操作数载荷；不预测 tile 重读。,60
aggregate; see repeats,moe.expert19.down,linear,"{""input"": [40, 1024], ""weight_math"": [1024, 4096], ""weight_storage"": [4096, 1024], ""output"": [40, 4096]}",335544320,0,{},8388608,81920,327680,独立 GEMM：权重与输入各读一次、输出写一次的操作数载荷；不预测 tile 重读。,60
aggregate; see repeats,moe.expert20.gate_up,linear,"{""input"": [40, 4096], ""weight_math"": [4096, 2048], ""weight_storage"": [2048, 4096], ""output"": [40, 2048]}",671088640,0,{},16777216,327680,163840,独立 GEMM：权重与输入各读一次、输出写一次的操作数载荷；不预测 tile 重读。,60
aggregate; see repeats,moe.expert20.down,linear,"{""input"": [40, 1024], ""weight_math"": [1024, 4096], ""weight_storage"": [4096, 1024], ""output"": [40, 4096]}",335544320,0,{},8388608,81920,327680,独立 GEMM：权重与输入各读一次、输出写一次的操作数载荷；不预测 tile 重读。,60
aggregate; see repeats,moe.expert21.gate_up,linear,"{""input"": [40, 4096], ""weight_math"": [4096, 2048], ""weight_storage"": [2048, 4096], ""output"": [40, 2048]}",671088640,0,{},16777216,327680,163840,独立 GEMM：权重与输入各读一次、输出写一次的操作数载荷；不预测 tile 重读。,60
aggregate; see repeats,moe.expert21.down,linear,"{""input"": [40, 1024], ""weight_math"": [1024, 4096], ""weight_storage"": [4096, 1024], ""output"": [40, 4096]}",335544320,0,{},8388608,81920,327680,独立 GEMM：权重与输入各读一次、输出写一次的操作数载荷；不预测 tile 重读。,60
aggregate; see repeats,moe.expert22.gate_up,linear,"{""input"": [40, 4096], ""weight_math"": [4096, 2048], ""weight_storage"": [2048, 4096], ""output"": [40, 2048]}",671088640,0,{},16777216,327680,163840,独立 GEMM：权重与输入各读一次、输出写一次的操作数载荷；不预测 tile 重读。,60
aggregate; see repeats,moe.expert22.down,linear,"{""input"": [40, 1024], ""weight_math"": [1024, 4096], ""weight_storage"": [4096, 1024], ""output"": [40, 4096]}",335544320,0,{},8388608,81920,327680,独立 GEMM：权重与输入各读一次、输出写一次的操作数载荷；不预测 tile 重读。,60
aggregate; see repeats,moe.expert23.gate_up,linear,"{""input"": [40, 4096], ""weight_math"": [4096, 2048], ""weight_storage"": [2048, 4096], ""output"": [40, 2048]}",671088640,0,{},16777216,327680,163840,独立 GEMM：权重与输入各读一次、输出写一次的操作数载荷；不预测 tile 重读。,60
aggregate; see repeats,moe.expert23.down,linear,"{""input"": [40, 1024], ""weight_math"": [1024, 4096], ""weight_storage"": [4096, 1024], ""output"": [40, 4096]}",335544320,0,{},8388608,81920,327680,独立 GEMM：权重与输入各读一次、输出写一次的操作数载荷；不预测 tile 重读。,60
aggregate; see repeats,moe.expert24.gate_up,linear,"{""input"": [40, 4096], ""weight_math"": [4096, 2048], ""weight_storage"": [2048, 4096], ""output"": [40, 2048]}",671088640,0,{},16777216,327680,163840,独立 GEMM：权重与输入各读一次、输出写一次的操作数载荷；不预测 tile 重读。,60
aggregate; see repeats,moe.expert24.down,linear,"{""input"": [40, 1024], ""weight_math"": [1024, 4096], ""weight_storage"": [4096, 1024], ""output"": [40, 4096]}",335544320,0,{},8388608,81920,327680,独立 GEMM：权重与输入各读一次、输出写一次的操作数载荷；不预测 tile 重读。,60
aggregate; see repeats,moe.expert25.gate_up,linear,"{""input"": [40, 4096], ""weight_math"": [4096, 2048], ""weight_storage"": [2048, 4096], ""output"": [40, 2048]}",671088640,0,{},16777216,327680,163840,独立 GEMM：权重与输入各读一次、输出写一次的操作数载荷；不预测 tile 重读。,60
aggregate; see repeats,moe.expert25.down,linear,"{""input"": [40, 1024], ""weight_math"": [1024, 4096], ""weight_storage"": [4096, 1024], ""output"": [40, 4096]}",335544320,0,{},8388608,81920,327680,独立 GEMM：权重与输入各读一次、输出写一次的操作数载荷；不预测 tile 重读。,60
aggregate; see repeats,moe.expert26.gate_up,linear,"{""input"": [40, 4096], ""weight_math"": [4096, 2048], ""weight_storage"": [2048, 4096], ""output"": [40, 2048]}",671088640,0,{},16777216,327680,163840,独立 GEMM：权重与输入各读一次、输出写一次的操作数载荷；不预测 tile 重读。,60
aggregate; see repeats,moe.expert26.down,linear,"{""input"": [40, 1024], ""weight_math"": [1024, 4096], ""weight_storage"": [4096, 1024], ""output"": [40, 4096]}",335544320,0,{},8388608,81920,327680,独立 GEMM：权重与输入各读一次、输出写一次的操作数载荷；不预测 tile 重读。,60
aggregate; see repeats,moe.expert27.gate_up,linear,"{""input"": [40, 4096], ""weight_math"": [4096, 2048], ""weight_storage"": [2048, 4096], ""output"": [40, 2048]}",671088640,0,{},16777216,327680,163840,独立 GEMM：权重与输入各读一次、输出写一次的操作数载荷；不预测 tile 重读。,60
aggregate; see repeats,moe.expert27.down,linear,"{""input"": [40, 1024], ""weight_math"": [1024, 4096], ""weight_storage"": [4096, 1024], ""output"": [40, 4096]}",335544320,0,{},8388608,81920,327680,独立 GEMM：权重与输入各读一次、输出写一次的操作数载荷；不预测 tile 重读。,60
aggregate; see repeats,moe.expert28.gate_up,linear,"{""input"": [40, 4096], ""weight_math"": [4096, 2048], ""weight_storage"": [2048, 4096], ""output"": [40, 2048]}",671088640,0,{},16777216,327680,163840,独立 GEMM：权重与输入各读一次、输出写一次的操作数载荷；不预测 tile 重读。,60
aggregate; see repeats,moe.expert28.down,linear,"{""input"": [40, 1024], ""weight_math"": [1024, 4096], ""weight_storage"": [4096, 1024], ""output"": [40, 4096]}",335544320,0,{},8388608,81920,327680,独立 GEMM：权重与输入各读一次、输出写一次的操作数载荷；不预测 tile 重读。,60
aggregate; see repeats,moe.expert29.gate_up,linear,"{""input"": [40, 4096], ""weight_math"": [4096, 2048], ""weight_storage"": [2048, 4096], ""output"": [40, 2048]}",671088640,0,{},16777216,327680,163840,独立 GEMM：权重与输入各读一次、输出写一次的操作数载荷；不预测 tile 重读。,60
aggregate; see repeats,moe.expert29.down,linear,"{""input"": [40, 1024], ""weight_math"": [1024, 4096], ""weight_storage"": [4096, 1024], ""output"": [40, 4096]}",335544320,0,{},8388608,81920,327680,独立 GEMM：权重与输入各读一次、输出写一次的操作数载荷；不预测 tile 重读。,60
aggregate; see repeats,moe.expert30.gate_up,linear,"{""input"": [40, 4096], ""weight_math"": [4096, 2048], ""weight_storage"": [2048, 4096], ""output"": [40, 2048]}",671088640,0,{},16777216,327680,163840,独立 GEMM：权重与输入各读一次、输出写一次的操作数载荷；不预测 tile 重读。,60
aggregate; see repeats,moe.expert30.down,linear,"{""input"": [40, 1024], ""weight_math"": [1024, 4096], ""weight_storage"": [4096, 1024], ""output"": [40, 4096]}",335544320,0,{},8388608,81920,327680,独立 GEMM：权重与输入各读一次、输出写一次的操作数载荷；不预测 tile 重读。,60
aggregate; see repeats,moe.expert31.gate_up,linear,"{""input"": [40, 4096], ""weight_math"": [4096, 2048], ""weight_storage"": [2048, 4096], ""output"": [40, 2048]}",671088640,0,{},16777216,327680,163840,独立 GEMM：权重与输入各读一次、输出写一次的操作数载荷；不预测 tile 重读。,60
aggregate; see repeats,moe.expert31.down,linear,"{""input"": [40, 1024], ""weight_math"": [1024, 4096], ""weight_storage"": [4096, 1024], ""output"": [40, 4096]}",335544320,0,{},8388608,81920,327680,独立 GEMM：权重与输入各读一次、输出写一次的操作数载荷；不预测 tile 重读。,60
aggregate; see repeats,moe.expert32.gate_up,linear,"{""input"": [40, 4096], ""weight_math"": [4096, 2048], ""weight_storage"": [2048, 4096], ""output"": [40, 2048]}",671088640,0,{},16777216,327680,163840,独立 GEMM：权重与输入各读一次、输出写一次的操作数载荷；不预测 tile 重读。,60
aggregate; see repeats,moe.expert32.down,linear,"{""input"": [40, 1024], ""weight_math"": [1024, 4096], ""weight_storage"": [4096, 1024], ""output"": [40, 4096]}",335544320,0,{},8388608,81920,327680,独立 GEMM：权重与输入各读一次、输出写一次的操作数载荷；不预测 tile 重读。,60
aggregate; see repeats,moe.expert33.gate_up,linear,"{""input"": [40, 4096], ""weight_math"": [4096, 2048], ""weight_storage"": [2048, 4096], ""output"": [40, 2048]}",671088640,0,{},16777216,327680,163840,独立 GEMM：权重与输入各读一次、输出写一次的操作数载荷；不预测 tile 重读。,60
aggregate; see repeats,moe.expert33.down,linear,"{""input"": [40, 1024], ""weight_math"": [1024, 4096], ""weight_storage"": [4096, 1024], ""output"": [40, 4096]}",335544320,0,{},8388608,81920,327680,独立 GEMM：权重与输入各读一次、输出写一次的操作数载荷；不预测 tile 重读。,60
aggregate; see repeats,moe.expert34.gate_up,linear,"{""input"": [40, 4096], ""weight_math"": [4096, 2048], ""weight_storage"": [2048, 4096], ""output"": [40, 2048]}",671088640,0,{},16777216,327680,163840,独立 GEMM：权重与输入各读一次、输出写一次的操作数载荷；不预测 tile 重读。,60
aggregate; see repeats,moe.expert34.down,linear,"{""input"": [40, 1024], ""weight_math"": [1024, 4096], ""weight_storage"": [4096, 1024], ""output"": [40, 4096]}",335544320,0,{},8388608,81920,327680,独立 GEMM：权重与输入各读一次、输出写一次的操作数载荷；不预测 tile 重读。,60
aggregate; see repeats,moe.expert35.gate_up,linear,"{""input"": [40, 4096], ""weight_math"": [4096, 2048], ""weight_storage"": [2048, 4096], ""output"": [40, 2048]}",671088640,0,{},16777216,327680,163840,独立 GEMM：权重与输入各读一次、输出写一次的操作数载荷；不预测 tile 重读。,60
aggregate; see repeats,moe.expert35.down,linear,"{""input"": [40, 1024], ""weight_math"": [1024, 4096], ""weight_storage"": [4096, 1024], ""output"": [40, 4096]}",335544320,0,{},8388608,81920,327680,独立 GEMM：权重与输入各读一次、输出写一次的操作数载荷；不预测 tile 重读。,60
aggregate; see repeats,moe.expert36.gate_up,linear,"{""input"": [40, 4096], ""weight_math"": [4096, 2048], ""weight_storage"": [2048, 4096], ""output"": [40, 2048]}",671088640,0,{},16777216,327680,163840,独立 GEMM：权重与输入各读一次、输出写一次的操作数载荷；不预测 tile 重读。,60
aggregate; see repeats,moe.expert36.down,linear,"{""input"": [40, 1024], ""weight_math"": [1024, 4096], ""weight_storage"": [4096, 1024], ""output"": [40, 4096]}",335544320,0,{},8388608,81920,327680,独立 GEMM：权重与输入各读一次、输出写一次的操作数载荷；不预测 tile 重读。,60
aggregate; see repeats,moe.expert37.gate_up,linear,"{""input"": [40, 4096], ""weight_math"": [4096, 2048], ""weight_storage"": [2048, 4096], ""output"": [40, 2048]}",671088640,0,{},16777216,327680,163840,独立 GEMM：权重与输入各读一次、输出写一次的操作数载荷；不预测 tile 重读。,60
aggregate; see repeats,moe.expert37.down,linear,"{""input"": [40, 1024], ""weight_math"": [1024, 4096], ""weight_storage"": [4096, 1024], ""output"": [40, 4096]}",335544320,0,{},8388608,81920,327680,独立 GEMM：权重与输入各读一次、输出写一次的操作数载荷；不预测 tile 重读。,60
aggregate; see repeats,moe.expert38.gate_up,linear,"{""input"": [40, 4096], ""weight_math"": [4096, 2048], ""weight_storage"": [2048, 4096], ""output"": [40, 2048]}",671088640,0,{},16777216,327680,163840,独立 GEMM：权重与输入各读一次、输出写一次的操作数载荷；不预测 tile 重读。,60
aggregate; see repeats,moe.expert38.down,linear,"{""input"": [40, 1024], ""weight_math"": [1024, 4096], ""weight_storage"": [4096, 1024], ""output"": [40, 4096]}",335544320,0,{},8388608,81920,327680,独立 GEMM：权重与输入各读一次、输出写一次的操作数载荷；不预测 tile 重读。,60
aggregate; see repeats,moe.expert39.gate_up,linear,"{""input"": [40, 4096], ""weight_math"": [4096, 2048], ""weight_storage"": [2048, 4096], ""output"": [40, 2048]}",671088640,0,{},16777216,327680,163840,独立 GEMM：权重与输入各读一次、输出写一次的操作数载荷；不预测 tile 重读。,60
aggregate; see repeats,moe.expert39.down,linear,"{""input"": [40, 1024], ""weight_math"": [1024, 4096], ""weight_storage"": [4096, 1024], ""output"": [40, 4096]}",335544320,0,{},8388608,81920,327680,独立 GEMM：权重与输入各读一次、输出写一次的操作数载荷；不预测 tile 重读。,60
aggregate; see repeats,moe.expert40.gate_up,linear,"{""input"": [40, 4096], ""weight_math"": [4096, 2048], ""weight_storage"": [2048, 4096], ""output"": [40, 2048]}",671088640,0,{},16777216,327680,163840,独立 GEMM：权重与输入各读一次、输出写一次的操作数载荷；不预测 tile 重读。,60
aggregate; see repeats,moe.expert40.down,linear,"{""input"": [40, 1024], ""weight_math"": [1024, 4096], ""weight_storage"": [4096, 1024], ""output"": [40, 4096]}",335544320,0,{},8388608,81920,327680,独立 GEMM：权重与输入各读一次、输出写一次的操作数载荷；不预测 tile 重读。,60
aggregate; see repeats,moe.expert41.gate_up,linear,"{""input"": [40, 4096], ""weight_math"": [4096, 2048], ""weight_storage"": [2048, 4096], ""output"": [40, 2048]}",671088640,0,{},16777216,327680,163840,独立 GEMM：权重与输入各读一次、输出写一次的操作数载荷；不预测 tile 重读。,60
aggregate; see repeats,moe.expert41.down,linear,"{""input"": [40, 1024], ""weight_math"": [1024, 4096], ""weight_storage"": [4096, 1024], ""output"": [40, 4096]}",335544320,0,{},8388608,81920,327680,独立 GEMM：权重与输入各读一次、输出写一次的操作数载荷；不预测 tile 重读。,60
aggregate; see repeats,moe.expert42.gate_up,linear,"{""input"": [40, 4096], ""weight_math"": [4096, 2048], ""weight_storage"": [2048, 4096], ""output"": [40, 2048]}",671088640,0,{},16777216,327680,163840,独立 GEMM：权重与输入各读一次、输出写一次的操作数载荷；不预测 tile 重读。,60
aggregate; see repeats,moe.expert42.down,linear,"{""input"": [40, 1024], ""weight_math"": [1024, 4096], ""weight_storage"": [4096, 1024], ""output"": [40, 4096]}",335544320,0,{},8388608,81920,327680,独立 GEMM：权重与输入各读一次、输出写一次的操作数载荷；不预测 tile 重读。,60
aggregate; see repeats,moe.expert43.gate_up,linear,"{""input"": [40, 4096], ""weight_math"": [4096, 2048], ""weight_storage"": [2048, 4096], ""output"": [40, 2048]}",671088640,0,{},16777216,327680,163840,独立 GEMM：权重与输入各读一次、输出写一次的操作数载荷；不预测 tile 重读。,60
aggregate; see repeats,moe.expert43.down,linear,"{""input"": [40, 1024], ""weight_math"": [1024, 4096], ""weight_storage"": [4096, 1024], ""output"": [40, 4096]}",335544320,0,{},8388608,81920,327680,独立 GEMM：权重与输入各读一次、输出写一次的操作数载荷；不预测 tile 重读。,60
aggregate; see repeats,moe.expert44.gate_up,linear,"{""input"": [40, 4096], ""weight_math"": [4096, 2048], ""weight_storage"": [2048, 4096], ""output"": [40, 2048]}",671088640,0,{},16777216,327680,163840,独立 GEMM：权重与输入各读一次、输出写一次的操作数载荷；不预测 tile 重读。,60
aggregate; see repeats,moe.expert44.down,linear,"{""input"": [40, 1024], ""weight_math"": [1024, 4096], ""weight_storage"": [4096, 1024], ""output"": [40, 4096]}",335544320,0,{},8388608,81920,327680,独立 GEMM：权重与输入各读一次、输出写一次的操作数载荷；不预测 tile 重读。,60
aggregate; see repeats,moe.expert45.gate_up,linear,"{""input"": [40, 4096], ""weight_math"": [4096, 2048], ""weight_storage"": [2048, 4096], ""output"": [40, 2048]}",671088640,0,{},16777216,327680,163840,独立 GEMM：权重与输入各读一次、输出写一次的操作数载荷；不预测 tile 重读。,60
aggregate; see repeats,moe.expert45.down,linear,"{""input"": [40, 1024], ""weight_math"": [1024, 4096], ""weight_storage"": [4096, 1024], ""output"": [40, 4096]}",335544320,0,{},8388608,81920,327680,独立 GEMM：权重与输入各读一次、输出写一次的操作数载荷；不预测 tile 重读。,60
aggregate; see repeats,moe.expert46.gate_up,linear,"{""input"": [40, 4096], ""weight_math"": [4096, 2048], ""weight_storage"": [2048, 4096], ""output"": [40, 2048]}",671088640,0,{},16777216,327680,163840,独立 GEMM：权重与输入各读一次、输出写一次的操作数载荷；不预测 tile 重读。,60
aggregate; see repeats,moe.expert46.down,linear,"{""input"": [40, 1024], ""weight_math"": [1024, 4096], ""weight_storage"": [4096, 1024], ""output"": [40, 4096]}",335544320,0,{},8388608,81920,327680,独立 GEMM：权重与输入各读一次、输出写一次的操作数载荷；不预测 tile 重读。,60
aggregate; see repeats,moe.expert47.gate_up,linear,"{""input"": [40, 4096], ""weight_math"": [4096, 2048], ""weight_storage"": [2048, 4096], ""output"": [40, 2048]}",671088640,0,{},16777216,327680,163840,独立 GEMM：权重与输入各读一次、输出写一次的操作数载荷；不预测 tile 重读。,60
aggregate; see repeats,moe.expert47.down,linear,"{""input"": [40, 1024], ""weight_math"": [1024, 4096], ""weight_storage"": [4096, 1024], ""output"": [40, 4096]}",335544320,0,{},8388608,81920,327680,独立 GEMM：权重与输入各读一次、输出写一次的操作数载荷；不预测 tile 重读。,60
aggregate; see repeats,moe.expert48.gate_up,linear,"{""input"": [40, 4096], ""weight_math"": [4096, 2048], ""weight_storage"": [2048, 4096], ""output"": [40, 2048]}",671088640,0,{},16777216,327680,163840,独立 GEMM：权重与输入各读一次、输出写一次的操作数载荷；不预测 tile 重读。,60
aggregate; see repeats,moe.expert48.down,linear,"{""input"": [40, 1024], ""weight_math"": [1024, 4096], ""weight_storage"": [4096, 1024], ""output"": [40, 4096]}",335544320,0,{},8388608,81920,327680,独立 GEMM：权重与输入各读一次、输出写一次的操作数载荷；不预测 tile 重读。,60
aggregate; see repeats,moe.expert49.gate_up,linear,"{""input"": [40, 4096], ""weight_math"": [4096, 2048], ""weight_storage"": [2048, 4096], ""output"": [40, 2048]}",671088640,0,{},16777216,327680,163840,独立 GEMM：权重与输入各读一次、输出写一次的操作数载荷；不预测 tile 重读。,60
aggregate; see repeats,moe.expert49.down,linear,"{""input"": [40, 1024], ""weight_math"": [1024, 4096], ""weight_storage"": [4096, 1024], ""output"": [40, 4096]}",335544320,0,{},8388608,81920,327680,独立 GEMM：权重与输入各读一次、输出写一次的操作数载荷；不预测 tile 重读。,60
aggregate; see repeats,moe.expert50.gate_up,linear,"{""input"": [40, 4096], ""weight_math"": [4096, 2048], ""weight_storage"": [2048, 4096], ""output"": [40, 2048]}",671088640,0,{},16777216,327680,163840,独立 GEMM：权重与输入各读一次、输出写一次的操作数载荷；不预测 tile 重读。,60
aggregate; see repeats,moe.expert50.down,linear,"{""input"": [40, 1024], ""weight_math"": [1024, 4096], ""weight_storage"": [4096, 1024], ""output"": [40, 4096]}",335544320,0,{},8388608,81920,327680,独立 GEMM：权重与输入各读一次、输出写一次的操作数载荷；不预测 tile 重读。,60
aggregate; see repeats,moe.expert51.gate_up,linear,"{""input"": [40, 4096], ""weight_math"": [4096, 2048], ""weight_storage"": [2048, 4096], ""output"": [40, 2048]}",671088640,0,{},16777216,327680,163840,独立 GEMM：权重与输入各读一次、输出写一次的操作数载荷；不预测 tile 重读。,60
aggregate; see repeats,moe.expert51.down,linear,"{""input"": [40, 1024], ""weight_math"": [1024, 4096], ""weight_storage"": [4096, 1024], ""output"": [40, 4096]}",335544320,0,{},8388608,81920,327680,独立 GEMM：权重与输入各读一次、输出写一次的操作数载荷；不预测 tile 重读。,60
aggregate; see repeats,moe.expert52.gate_up,linear,"{""input"": [40, 4096], ""weight_math"": [4096, 2048], ""weight_storage"": [2048, 4096], ""output"": [40, 2048]}",671088640,0,{},16777216,327680,163840,独立 GEMM：权重与输入各读一次、输出写一次的操作数载荷；不预测 tile 重读。,60
aggregate; see repeats,moe.expert52.down,linear,"{""input"": [40, 1024], ""weight_math"": [1024, 4096], ""weight_storage"": [4096, 1024], ""output"": [40, 4096]}",335544320,0,{},8388608,81920,327680,独立 GEMM：权重与输入各读一次、输出写一次的操作数载荷；不预测 tile 重读。,60
aggregate; see repeats,moe.expert53.gate_up,linear,"{""input"": [40, 4096], ""weight_math"": [4096, 2048], ""weight_storage"": [2048, 4096], ""output"": [40, 2048]}",671088640,0,{},16777216,327680,163840,独立 GEMM：权重与输入各读一次、输出写一次的操作数载荷；不预测 tile 重读。,60
aggregate; see repeats,moe.expert53.down,linear,"{""input"": [40, 1024], ""weight_math"": [1024, 4096], ""weight_storage"": [4096, 1024], ""output"": [40, 4096]}",335544320,0,{},8388608,81920,327680,独立 GEMM：权重与输入各读一次、输出写一次的操作数载荷；不预测 tile 重读。,60
aggregate; see repeats,moe.expert54.gate_up,linear,"{""input"": [40, 4096], ""weight_math"": [4096, 2048], ""weight_storage"": [2048, 4096], ""output"": [40, 2048]}",671088640,0,{},16777216,327680,163840,独立 GEMM：权重与输入各读一次、输出写一次的操作数载荷；不预测 tile 重读。,60
aggregate; see repeats,moe.expert54.down,linear,"{""input"": [40, 1024], ""weight_math"": [1024, 4096], ""weight_storage"": [4096, 1024], ""output"": [40, 4096]}",335544320,0,{},8388608,81920,327680,独立 GEMM：权重与输入各读一次、输出写一次的操作数载荷；不预测 tile 重读。,60
aggregate; see repeats,moe.expert55.gate_up,linear,"{""input"": [40, 4096], ""weight_math"": [4096, 2048], ""weight_storage"": [2048, 4096], ""output"": [40, 2048]}",671088640,0,{},16777216,327680,163840,独立 GEMM：权重与输入各读一次、输出写一次的操作数载荷；不预测 tile 重读。,60
aggregate; see repeats,moe.expert55.down,linear,"{""input"": [40, 1024], ""weight_math"": [1024, 4096], ""weight_storage"": [4096, 1024], ""output"": [40, 4096]}",335544320,0,{},8388608,81920,327680,独立 GEMM：权重与输入各读一次、输出写一次的操作数载荷；不预测 tile 重读。,60
aggregate; see repeats,moe.expert56.gate_up,linear,"{""input"": [40, 4096], ""weight_math"": [4096, 2048], ""weight_storage"": [2048, 4096], ""output"": [40, 2048]}",671088640,0,{},16777216,327680,163840,独立 GEMM：权重与输入各读一次、输出写一次的操作数载荷；不预测 tile 重读。,60
aggregate; see repeats,moe.expert56.down,linear,"{""input"": [40, 1024], ""weight_math"": [1024, 4096], ""weight_storage"": [4096, 1024], ""output"": [40, 4096]}",335544320,0,{},8388608,81920,327680,独立 GEMM：权重与输入各读一次、输出写一次的操作数载荷；不预测 tile 重读。,60
aggregate; see repeats,moe.expert57.gate_up,linear,"{""input"": [40, 4096], ""weight_math"": [4096, 2048], ""weight_storage"": [2048, 4096], ""output"": [40, 2048]}",671088640,0,{},16777216,327680,163840,独立 GEMM：权重与输入各读一次、输出写一次的操作数载荷；不预测 tile 重读。,60
aggregate; see repeats,moe.expert57.down,linear,"{""input"": [40, 1024], ""weight_math"": [1024, 4096], ""weight_storage"": [4096, 1024], ""output"": [40, 4096]}",335544320,0,{},8388608,81920,327680,独立 GEMM：权重与输入各读一次、输出写一次的操作数载荷；不预测 tile 重读。,60
aggregate; see repeats,moe.expert58.gate_up,linear,"{""input"": [40, 4096], ""weight_math"": [4096, 2048], ""weight_storage"": [2048, 4096], ""output"": [40, 2048]}",671088640,0,{},16777216,327680,163840,独立 GEMM：权重与输入各读一次、输出写一次的操作数载荷；不预测 tile 重读。,60
aggregate; see repeats,moe.expert58.down,linear,"{""input"": [40, 1024], ""weight_math"": [1024, 4096], ""weight_storage"": [4096, 1024], ""output"": [40, 4096]}",335544320,0,{},8388608,81920,327680,独立 GEMM：权重与输入各读一次、输出写一次的操作数载荷；不预测 tile 重读。,60
aggregate; see repeats,moe.expert59.gate_up,linear,"{""input"": [40, 4096], ""weight_math"": [4096, 2048], ""weight_storage"": [2048, 4096], ""output"": [40, 2048]}",671088640,0,{},16777216,327680,163840,独立 GEMM：权重与输入各读一次、输出写一次的操作数载荷；不预测 tile 重读。,60
aggregate; see repeats,moe.expert59.down,linear,"{""input"": [40, 1024], ""weight_math"": [1024, 4096], ""weight_storage"": [4096, 1024], ""output"": [40, 4096]}",335544320,0,{},8388608,81920,327680,独立 GEMM：权重与输入各读一次、输出写一次的操作数载荷；不预测 tile 重读。,60
aggregate; see repeats,moe.expert60.gate_up,linear,"{""input"": [40, 4096], ""weight_math"": [4096, 2048], ""weight_storage"": [2048, 4096], ""output"": [40, 2048]}",671088640,0,{},16777216,327680,163840,独立 GEMM：权重与输入各读一次、输出写一次的操作数载荷；不预测 tile 重读。,60
aggregate; see repeats,moe.expert60.down,linear,"{""input"": [40, 1024], ""weight_math"": [1024, 4096], ""weight_storage"": [4096, 1024], ""output"": [40, 4096]}",335544320,0,{},8388608,81920,327680,独立 GEMM：权重与输入各读一次、输出写一次的操作数载荷；不预测 tile 重读。,60
aggregate; see repeats,moe.expert61.gate_up,linear,"{""input"": [40, 4096], ""weight_math"": [4096, 2048], ""weight_storage"": [2048, 4096], ""output"": [40, 2048]}",671088640,0,{},16777216,327680,163840,独立 GEMM：权重与输入各读一次、输出写一次的操作数载荷；不预测 tile 重读。,60
aggregate; see repeats,moe.expert61.down,linear,"{""input"": [40, 1024], ""weight_math"": [1024, 4096], ""weight_storage"": [4096, 1024], ""output"": [40, 4096]}",335544320,0,{},8388608,81920,327680,独立 GEMM：权重与输入各读一次、输出写一次的操作数载荷；不预测 tile 重读。,60
aggregate; see repeats,moe.expert62.gate_up,linear,"{""input"": [40, 4096], ""weight_math"": [4096, 2048], ""weight_storage"": [2048, 4096], ""output"": [40, 2048]}",671088640,0,{},16777216,327680,163840,独立 GEMM：权重与输入各读一次、输出写一次的操作数载荷；不预测 tile 重读。,60
aggregate; see repeats,moe.expert62.down,linear,"{""input"": [40, 1024], ""weight_math"": [1024, 4096], ""weight_storage"": [4096, 1024], ""output"": [40, 4096]}",335544320,0,{},8388608,81920,327680,独立 GEMM：权重与输入各读一次、输出写一次的操作数载荷；不预测 tile 重读。,60
aggregate; see repeats,moe.expert63.gate_up,linear,"{""input"": [40, 4096], ""weight_math"": [4096, 2048], ""weight_storage"": [2048, 4096], ""output"": [40, 2048]}",671088640,0,{},16777216,327680,163840,独立 GEMM：权重与输入各读一次、输出写一次的操作数载荷；不预测 tile 重读。,60
aggregate; see repeats,moe.expert63.down,linear,"{""input"": [40, 1024], ""weight_math"": [1024, 4096], ""weight_storage"": [4096, 1024], ""output"": [40, 4096]}",335544320,0,{},8388608,81920,327680,独立 GEMM：权重与输入各读一次、输出写一次的操作数载荷；不预测 tile 重读。,60
aggregate; see repeats,moe.expert64.gate_up,linear,"{""input"": [40, 4096], ""weight_math"": [4096, 2048], ""weight_storage"": [2048, 4096], ""output"": [40, 2048]}",671088640,0,{},16777216,327680,163840,独立 GEMM：权重与输入各读一次、输出写一次的操作数载荷；不预测 tile 重读。,60
aggregate; see repeats,moe.expert64.down,linear,"{""input"": [40, 1024], ""weight_math"": [1024, 4096], ""weight_storage"": [4096, 1024], ""output"": [40, 4096]}",335544320,0,{},8388608,81920,327680,独立 GEMM：权重与输入各读一次、输出写一次的操作数载荷；不预测 tile 重读。,60
aggregate; see repeats,moe.expert65.gate_up,linear,"{""input"": [40, 4096], ""weight_math"": [4096, 2048], ""weight_storage"": [2048, 4096], ""output"": [40, 2048]}",671088640,0,{},16777216,327680,163840,独立 GEMM：权重与输入各读一次、输出写一次的操作数载荷；不预测 tile 重读。,60
aggregate; see repeats,moe.expert65.down,linear,"{""input"": [40, 1024], ""weight_math"": [1024, 4096], ""weight_storage"": [4096, 1024], ""output"": [40, 4096]}",335544320,0,{},8388608,81920,327680,独立 GEMM：权重与输入各读一次、输出写一次的操作数载荷；不预测 tile 重读。,60
aggregate; see repeats,moe.expert66.gate_up,linear,"{""input"": [40, 4096], ""weight_math"": [4096, 2048], ""weight_storage"": [2048, 4096], ""output"": [40, 2048]}",671088640,0,{},16777216,327680,163840,独立 GEMM：权重与输入各读一次、输出写一次的操作数载荷；不预测 tile 重读。,60
aggregate; see repeats,moe.expert66.down,linear,"{""input"": [40, 1024], ""weight_math"": [1024, 4096], ""weight_storage"": [4096, 1024], ""output"": [40, 4096]}",335544320,0,{},8388608,81920,327680,独立 GEMM：权重与输入各读一次、输出写一次的操作数载荷；不预测 tile 重读。,60
aggregate; see repeats,moe.expert67.gate_up,linear,"{""input"": [40, 4096], ""weight_math"": [4096, 2048], ""weight_storage"": [2048, 4096], ""output"": [40, 2048]}",671088640,0,{},16777216,327680,163840,独立 GEMM：权重与输入各读一次、输出写一次的操作数载荷；不预测 tile 重读。,60
aggregate; see repeats,moe.expert67.down,linear,"{""input"": [40, 1024], ""weight_math"": [1024, 4096], ""weight_storage"": [4096, 1024], ""output"": [40, 4096]}",335544320,0,{},8388608,81920,327680,独立 GEMM：权重与输入各读一次、输出写一次的操作数载荷；不预测 tile 重读。,60
aggregate; see repeats,moe.expert68.gate_up,linear,"{""input"": [40, 4096], ""weight_math"": [4096, 2048], ""weight_storage"": [2048, 4096], ""output"": [40, 2048]}",671088640,0,{},16777216,327680,163840,独立 GEMM：权重与输入各读一次、输出写一次的操作数载荷；不预测 tile 重读。,60
aggregate; see repeats,moe.expert68.down,linear,"{""input"": [40, 1024], ""weight_math"": [1024, 4096], ""weight_storage"": [4096, 1024], ""output"": [40, 4096]}",335544320,0,{},8388608,81920,327680,独立 GEMM：权重与输入各读一次、输出写一次的操作数载荷；不预测 tile 重读。,60
aggregate; see repeats,moe.expert69.gate_up,linear,"{""input"": [40, 4096], ""weight_math"": [4096, 2048], ""weight_storage"": [2048, 4096], ""output"": [40, 2048]}",671088640,0,{},16777216,327680,163840,独立 GEMM：权重与输入各读一次、输出写一次的操作数载荷；不预测 tile 重读。,60
aggregate; see repeats,moe.expert69.down,linear,"{""input"": [40, 1024], ""weight_math"": [1024, 4096], ""weight_storage"": [4096, 1024], ""output"": [40, 4096]}",335544320,0,{},8388608,81920,327680,独立 GEMM：权重与输入各读一次、输出写一次的操作数载荷；不预测 tile 重读。,60
aggregate; see repeats,moe.expert70.gate_up,linear,"{""input"": [40, 4096], ""weight_math"": [4096, 2048], ""weight_storage"": [2048, 4096], ""output"": [40, 2048]}",671088640,0,{},16777216,327680,163840,独立 GEMM：权重与输入各读一次、输出写一次的操作数载荷；不预测 tile 重读。,60
aggregate; see repeats,moe.expert70.down,linear,"{""input"": [40, 1024], ""weight_math"": [1024, 4096], ""weight_storage"": [4096, 1024], ""output"": [40, 4096]}",335544320,0,{},8388608,81920,327680,独立 GEMM：权重与输入各读一次、输出写一次的操作数载荷；不预测 tile 重读。,60
aggregate; see repeats,moe.expert71.gate_up,linear,"{""input"": [40, 4096], ""weight_math"": [4096, 2048], ""weight_storage"": [2048, 4096], ""output"": [40, 2048]}",671088640,0,{},16777216,327680,163840,独立 GEMM：权重与输入各读一次、输出写一次的操作数载荷；不预测 tile 重读。,60
aggregate; see repeats,moe.expert71.down,linear,"{""input"": [40, 1024], ""weight_math"": [1024, 4096], ""weight_storage"": [4096, 1024], ""output"": [40, 4096]}",335544320,0,{},8388608,81920,327680,独立 GEMM：权重与输入各读一次、输出写一次的操作数载荷；不预测 tile 重读。,60
aggregate; see repeats,moe.expert72.gate_up,linear,"{""input"": [40, 4096], ""weight_math"": [4096, 2048], ""weight_storage"": [2048, 4096], ""output"": [40, 2048]}",671088640,0,{},16777216,327680,163840,独立 GEMM：权重与输入各读一次、输出写一次的操作数载荷；不预测 tile 重读。,60
aggregate; see repeats,moe.expert72.down,linear,"{""input"": [40, 1024], ""weight_math"": [1024, 4096], ""weight_storage"": [4096, 1024], ""output"": [40, 4096]}",335544320,0,{},8388608,81920,327680,独立 GEMM：权重与输入各读一次、输出写一次的操作数载荷；不预测 tile 重读。,60
aggregate; see repeats,moe.expert73.gate_up,linear,"{""input"": [40, 4096], ""weight_math"": [4096, 2048], ""weight_storage"": [2048, 4096], ""output"": [40, 2048]}",671088640,0,{},16777216,327680,163840,独立 GEMM：权重与输入各读一次、输出写一次的操作数载荷；不预测 tile 重读。,60
aggregate; see repeats,moe.expert73.down,linear,"{""input"": [40, 1024], ""weight_math"": [1024, 4096], ""weight_storage"": [4096, 1024], ""output"": [40, 4096]}",335544320,0,{},8388608,81920,327680,独立 GEMM：权重与输入各读一次、输出写一次的操作数载荷；不预测 tile 重读。,60
aggregate; see repeats,moe.expert74.gate_up,linear,"{""input"": [40, 4096], ""weight_math"": [4096, 2048], ""weight_storage"": [2048, 4096], ""output"": [40, 2048]}",671088640,0,{},16777216,327680,163840,独立 GEMM：权重与输入各读一次、输出写一次的操作数载荷；不预测 tile 重读。,60
aggregate; see repeats,moe.expert74.down,linear,"{""input"": [40, 1024], ""weight_math"": [1024, 4096], ""weight_storage"": [4096, 1024], ""output"": [40, 4096]}",335544320,0,{},8388608,81920,327680,独立 GEMM：权重与输入各读一次、输出写一次的操作数载荷；不预测 tile 重读。,60
aggregate; see repeats,moe.expert75.gate_up,linear,"{""input"": [40, 4096], ""weight_math"": [4096, 2048], ""weight_storage"": [2048, 4096], ""output"": [40, 2048]}",671088640,0,{},16777216,327680,163840,独立 GEMM：权重与输入各读一次、输出写一次的操作数载荷；不预测 tile 重读。,60
aggregate; see repeats,moe.expert75.down,linear,"{""input"": [40, 1024], ""weight_math"": [1024, 4096], ""weight_storage"": [4096, 1024], ""output"": [40, 4096]}",335544320,0,{},8388608,81920,327680,独立 GEMM：权重与输入各读一次、输出写一次的操作数载荷；不预测 tile 重读。,60
aggregate; see repeats,moe.expert76.gate_up,linear,"{""input"": [40, 4096], ""weight_math"": [4096, 2048], ""weight_storage"": [2048, 4096], ""output"": [40, 2048]}",671088640,0,{},16777216,327680,163840,独立 GEMM：权重与输入各读一次、输出写一次的操作数载荷；不预测 tile 重读。,60
aggregate; see repeats,moe.expert76.down,linear,"{""input"": [40, 1024], ""weight_math"": [1024, 4096], ""weight_storage"": [4096, 1024], ""output"": [40, 4096]}",335544320,0,{},8388608,81920,327680,独立 GEMM：权重与输入各读一次、输出写一次的操作数载荷；不预测 tile 重读。,60
aggregate; see repeats,moe.expert77.gate_up,linear,"{""input"": [40, 4096], ""weight_math"": [4096, 2048], ""weight_storage"": [2048, 4096], ""output"": [40, 2048]}",671088640,0,{},16777216,327680,163840,独立 GEMM：权重与输入各读一次、输出写一次的操作数载荷；不预测 tile 重读。,60
aggregate; see repeats,moe.expert77.down,linear,"{""input"": [40, 1024], ""weight_math"": [1024, 4096], ""weight_storage"": [4096, 1024], ""output"": [40, 4096]}",335544320,0,{},8388608,81920,327680,独立 GEMM：权重与输入各读一次、输出写一次的操作数载荷；不预测 tile 重读。,60
aggregate; see repeats,moe.expert78.gate_up,linear,"{""input"": [40, 4096], ""weight_math"": [4096, 2048], ""weight_storage"": [2048, 4096], ""output"": [40, 2048]}",671088640,0,{},16777216,327680,163840,独立 GEMM：权重与输入各读一次、输出写一次的操作数载荷；不预测 tile 重读。,60
aggregate; see repeats,moe.expert78.down,linear,"{""input"": [40, 1024], ""weight_math"": [1024, 4096], ""weight_storage"": [4096, 1024], ""output"": [40, 4096]}",335544320,0,{},8388608,81920,327680,独立 GEMM：权重与输入各读一次、输出写一次的操作数载荷；不预测 tile 重读。,60
aggregate; see repeats,moe.expert79.gate_up,linear,"{""input"": [40, 4096], ""weight_math"": [4096, 2048], ""weight_storage"": [2048, 4096], ""output"": [40, 2048]}",671088640,0,{},16777216,327680,163840,独立 GEMM：权重与输入各读一次、输出写一次的操作数载荷；不预测 tile 重读。,60
aggregate; see repeats,moe.expert79.down,linear,"{""input"": [40, 1024], ""weight_math"": [1024, 4096], ""weight_storage"": [4096, 1024], ""output"": [40, 4096]}",335544320,0,{},8388608,81920,327680,独立 GEMM：权重与输入各读一次、输出写一次的操作数载荷；不预测 tile 重读。,60
aggregate; see repeats,moe.expert80.gate_up,linear,"{""input"": [40, 4096], ""weight_math"": [4096, 2048], ""weight_storage"": [2048, 4096], ""output"": [40, 2048]}",671088640,0,{},16777216,327680,163840,独立 GEMM：权重与输入各读一次、输出写一次的操作数载荷；不预测 tile 重读。,60
aggregate; see repeats,moe.expert80.down,linear,"{""input"": [40, 1024], ""weight_math"": [1024, 4096], ""weight_storage"": [4096, 1024], ""output"": [40, 4096]}",335544320,0,{},8388608,81920,327680,独立 GEMM：权重与输入各读一次、输出写一次的操作数载荷；不预测 tile 重读。,60
aggregate; see repeats,moe.expert81.gate_up,linear,"{""input"": [40, 4096], ""weight_math"": [4096, 2048], ""weight_storage"": [2048, 4096], ""output"": [40, 2048]}",671088640,0,{},16777216,327680,163840,独立 GEMM：权重与输入各读一次、输出写一次的操作数载荷；不预测 tile 重读。,60
aggregate; see repeats,moe.expert81.down,linear,"{""input"": [40, 1024], ""weight_math"": [1024, 4096], ""weight_storage"": [4096, 1024], ""output"": [40, 4096]}",335544320,0,{},8388608,81920,327680,独立 GEMM：权重与输入各读一次、输出写一次的操作数载荷；不预测 tile 重读。,60
aggregate; see repeats,moe.expert82.gate_up,linear,"{""input"": [40, 4096], ""weight_math"": [4096, 2048], ""weight_storage"": [2048, 4096], ""output"": [40, 2048]}",671088640,0,{},16777216,327680,163840,独立 GEMM：权重与输入各读一次、输出写一次的操作数载荷；不预测 tile 重读。,60
aggregate; see repeats,moe.expert82.down,linear,"{""input"": [40, 1024], ""weight_math"": [1024, 4096], ""weight_storage"": [4096, 1024], ""output"": [40, 4096]}",335544320,0,{},8388608,81920,327680,独立 GEMM：权重与输入各读一次、输出写一次的操作数载荷；不预测 tile 重读。,60
aggregate; see repeats,moe.expert83.gate_up,linear,"{""input"": [40, 4096], ""weight_math"": [4096, 2048], ""weight_storage"": [2048, 4096], ""output"": [40, 2048]}",671088640,0,{},16777216,327680,163840,独立 GEMM：权重与输入各读一次、输出写一次的操作数载荷；不预测 tile 重读。,60
aggregate; see repeats,moe.expert83.down,linear,"{""input"": [40, 1024], ""weight_math"": [1024, 4096], ""weight_storage"": [4096, 1024], ""output"": [40, 4096]}",335544320,0,{},8388608,81920,327680,独立 GEMM：权重与输入各读一次、输出写一次的操作数载荷；不预测 tile 重读。,60
aggregate; see repeats,moe.expert84.gate_up,linear,"{""input"": [40, 4096], ""weight_math"": [4096, 2048], ""weight_storage"": [2048, 4096], ""output"": [40, 2048]}",671088640,0,{},16777216,327680,163840,独立 GEMM：权重与输入各读一次、输出写一次的操作数载荷；不预测 tile 重读。,60
aggregate; see repeats,moe.expert84.down,linear,"{""input"": [40, 1024], ""weight_math"": [1024, 4096], ""weight_storage"": [4096, 1024], ""output"": [40, 4096]}",335544320,0,{},8388608,81920,327680,独立 GEMM：权重与输入各读一次、输出写一次的操作数载荷；不预测 tile 重读。,60
aggregate; see repeats,moe.expert85.gate_up,linear,"{""input"": [40, 4096], ""weight_math"": [4096, 2048], ""weight_storage"": [2048, 4096], ""output"": [40, 2048]}",671088640,0,{},16777216,327680,163840,独立 GEMM：权重与输入各读一次、输出写一次的操作数载荷；不预测 tile 重读。,60
aggregate; see repeats,moe.expert85.down,linear,"{""input"": [40, 1024], ""weight_math"": [1024, 4096], ""weight_storage"": [4096, 1024], ""output"": [40, 4096]}",335544320,0,{},8388608,81920,327680,独立 GEMM：权重与输入各读一次、输出写一次的操作数载荷；不预测 tile 重读。,60
aggregate; see repeats,moe.expert86.gate_up,linear,"{""input"": [40, 4096], ""weight_math"": [4096, 2048], ""weight_storage"": [2048, 4096], ""output"": [40, 2048]}",671088640,0,{},16777216,327680,163840,独立 GEMM：权重与输入各读一次、输出写一次的操作数载荷；不预测 tile 重读。,60
aggregate; see repeats,moe.expert86.down,linear,"{""input"": [40, 1024], ""weight_math"": [1024, 4096], ""weight_storage"": [4096, 1024], ""output"": [40, 4096]}",335544320,0,{},8388608,81920,327680,独立 GEMM：权重与输入各读一次、输出写一次的操作数载荷；不预测 tile 重读。,60
aggregate; see repeats,moe.expert87.gate_up,linear,"{""input"": [40, 4096], ""weight_math"": [4096, 2048], ""weight_storage"": [2048, 4096], ""output"": [40, 2048]}",671088640,0,{},16777216,327680,163840,独立 GEMM：权重与输入各读一次、输出写一次的操作数载荷；不预测 tile 重读。,60
aggregate; see repeats,moe.expert87.down,linear,"{""input"": [40, 1024], ""weight_math"": [1024, 4096], ""weight_storage"": [4096, 1024], ""output"": [40, 4096]}",335544320,0,{},8388608,81920,327680,独立 GEMM：权重与输入各读一次、输出写一次的操作数载荷；不预测 tile 重读。,60
aggregate; see repeats,moe.expert88.gate_up,linear,"{""input"": [40, 4096], ""weight_math"": [4096, 2048], ""weight_storage"": [2048, 4096], ""output"": [40, 2048]}",671088640,0,{},16777216,327680,163840,独立 GEMM：权重与输入各读一次、输出写一次的操作数载荷；不预测 tile 重读。,60
aggregate; see repeats,moe.expert88.down,linear,"{""input"": [40, 1024], ""weight_math"": [1024, 4096], ""weight_storage"": [4096, 1024], ""output"": [40, 4096]}",335544320,0,{},8388608,81920,327680,独立 GEMM：权重与输入各读一次、输出写一次的操作数载荷；不预测 tile 重读。,60
aggregate; see repeats,moe.expert89.gate_up,linear,"{""input"": [40, 4096], ""weight_math"": [4096, 2048], ""weight_storage"": [2048, 4096], ""output"": [40, 2048]}",671088640,0,{},16777216,327680,163840,独立 GEMM：权重与输入各读一次、输出写一次的操作数载荷；不预测 tile 重读。,60
aggregate; see repeats,moe.expert89.down,linear,"{""input"": [40, 1024], ""weight_math"": [1024, 4096], ""weight_storage"": [4096, 1024], ""output"": [40, 4096]}",335544320,0,{},8388608,81920,327680,独立 GEMM：权重与输入各读一次、输出写一次的操作数载荷；不预测 tile 重读。,60
aggregate; see repeats,moe.expert90.gate_up,linear,"{""input"": [40, 4096], ""weight_math"": [4096, 2048], ""weight_storage"": [2048, 4096], ""output"": [40, 2048]}",671088640,0,{},16777216,327680,163840,独立 GEMM：权重与输入各读一次、输出写一次的操作数载荷；不预测 tile 重读。,60
aggregate; see repeats,moe.expert90.down,linear,"{""input"": [40, 1024], ""weight_math"": [1024, 4096], ""weight_storage"": [4096, 1024], ""output"": [40, 4096]}",335544320,0,{},8388608,81920,327680,独立 GEMM：权重与输入各读一次、输出写一次的操作数载荷；不预测 tile 重读。,60
aggregate; see repeats,moe.expert91.gate_up,linear,"{""input"": [40, 4096], ""weight_math"": [4096, 2048], ""weight_storage"": [2048, 4096], ""output"": [40, 2048]}",671088640,0,{},16777216,327680,163840,独立 GEMM：权重与输入各读一次、输出写一次的操作数载荷；不预测 tile 重读。,60
aggregate; see repeats,moe.expert91.down,linear,"{""input"": [40, 1024], ""weight_math"": [1024, 4096], ""weight_storage"": [4096, 1024], ""output"": [40, 4096]}",335544320,0,{},8388608,81920,327680,独立 GEMM：权重与输入各读一次、输出写一次的操作数载荷；不预测 tile 重读。,60
aggregate; see repeats,moe.expert92.gate_up,linear,"{""input"": [40, 4096], ""weight_math"": [4096, 2048], ""weight_storage"": [2048, 4096], ""output"": [40, 2048]}",671088640,0,{},16777216,327680,163840,独立 GEMM：权重与输入各读一次、输出写一次的操作数载荷；不预测 tile 重读。,60
aggregate; see repeats,moe.expert92.down,linear,"{""input"": [40, 1024], ""weight_math"": [1024, 4096], ""weight_storage"": [4096, 1024], ""output"": [40, 4096]}",335544320,0,{},8388608,81920,327680,独立 GEMM：权重与输入各读一次、输出写一次的操作数载荷；不预测 tile 重读。,60
aggregate; see repeats,moe.expert93.gate_up,linear,"{""input"": [40, 4096], ""weight_math"": [4096, 2048], ""weight_storage"": [2048, 4096], ""output"": [40, 2048]}",671088640,0,{},16777216,327680,163840,独立 GEMM：权重与输入各读一次、输出写一次的操作数载荷；不预测 tile 重读。,60
aggregate; see repeats,moe.expert93.down,linear,"{""input"": [40, 1024], ""weight_math"": [1024, 4096], ""weight_storage"": [4096, 1024], ""output"": [40, 4096]}",335544320,0,{},8388608,81920,327680,独立 GEMM：权重与输入各读一次、输出写一次的操作数载荷；不预测 tile 重读。,60
aggregate; see repeats,moe.expert94.gate_up,linear,"{""input"": [40, 4096], ""weight_math"": [4096, 2048], ""weight_storage"": [2048, 4096], ""output"": [40, 2048]}",671088640,0,{},16777216,327680,163840,独立 GEMM：权重与输入各读一次、输出写一次的操作数载荷；不预测 tile 重读。,60
aggregate; see repeats,moe.expert94.down,linear,"{""input"": [40, 1024], ""weight_math"": [1024, 4096], ""weight_storage"": [4096, 1024], ""output"": [40, 4096]}",335544320,0,{},8388608,81920,327680,独立 GEMM：权重与输入各读一次、输出写一次的操作数载荷；不预测 tile 重读。,60
aggregate; see repeats,moe.expert95.gate_up,linear,"{""input"": [40, 4096], ""weight_math"": [4096, 2048], ""weight_storage"": [2048, 4096], ""output"": [40, 2048]}",671088640,0,{},16777216,327680,163840,独立 GEMM：权重与输入各读一次、输出写一次的操作数载荷；不预测 tile 重读。,60
aggregate; see repeats,moe.expert95.down,linear,"{""input"": [40, 1024], ""weight_math"": [1024, 4096], ""weight_storage"": [4096, 1024], ""output"": [40, 4096]}",335544320,0,{},8388608,81920,327680,独立 GEMM：权重与输入各读一次、输出写一次的操作数载荷；不预测 tile 重读。,60
aggregate; see repeats,moe.expert96.gate_up,linear,"{""input"": [40, 4096], ""weight_math"": [4096, 2048], ""weight_storage"": [2048, 4096], ""output"": [40, 2048]}",671088640,0,{},16777216,327680,163840,独立 GEMM：权重与输入各读一次、输出写一次的操作数载荷；不预测 tile 重读。,60
aggregate; see repeats,moe.expert96.down,linear,"{""input"": [40, 1024], ""weight_math"": [1024, 4096], ""weight_storage"": [4096, 1024], ""output"": [40, 4096]}",335544320,0,{},8388608,81920,327680,独立 GEMM：权重与输入各读一次、输出写一次的操作数载荷；不预测 tile 重读。,60
aggregate; see repeats,moe.expert97.gate_up,linear,"{""input"": [40, 4096], ""weight_math"": [4096, 2048], ""weight_storage"": [2048, 4096], ""output"": [40, 2048]}",671088640,0,{},16777216,327680,163840,独立 GEMM：权重与输入各读一次、输出写一次的操作数载荷；不预测 tile 重读。,60
aggregate; see repeats,moe.expert97.down,linear,"{""input"": [40, 1024], ""weight_math"": [1024, 4096], ""weight_storage"": [4096, 1024], ""output"": [40, 4096]}",335544320,0,{},8388608,81920,327680,独立 GEMM：权重与输入各读一次、输出写一次的操作数载荷；不预测 tile 重读。,60
aggregate; see repeats,moe.expert98.gate_up,linear,"{""input"": [40, 4096], ""weight_math"": [4096, 2048], ""weight_storage"": [2048, 4096], ""output"": [40, 2048]}",671088640,0,{},16777216,327680,163840,独立 GEMM：权重与输入各读一次、输出写一次的操作数载荷；不预测 tile 重读。,60
aggregate; see repeats,moe.expert98.down,linear,"{""input"": [40, 1024], ""weight_math"": [1024, 4096], ""weight_storage"": [4096, 1024], ""output"": [40, 4096]}",335544320,0,{},8388608,81920,327680,独立 GEMM：权重与输入各读一次、输出写一次的操作数载荷；不预测 tile 重读。,60
aggregate; see repeats,moe.expert99.gate_up,linear,"{""input"": [40, 4096], ""weight_math"": [4096, 2048], ""weight_storage"": [2048, 4096], ""output"": [40, 2048]}",671088640,0,{},16777216,327680,163840,独立 GEMM：权重与输入各读一次、输出写一次的操作数载荷；不预测 tile 重读。,60
aggregate; see repeats,moe.expert99.down,linear,"{""input"": [40, 1024], ""weight_math"": [1024, 4096], ""weight_storage"": [4096, 1024], ""output"": [40, 4096]}",335544320,0,{},8388608,81920,327680,独立 GEMM：权重与输入各读一次、输出写一次的操作数载荷；不预测 tile 重读。,60
aggregate; see repeats,moe.expert100.gate_up,linear,"{""input"": [40, 4096], ""weight_math"": [4096, 2048], ""weight_storage"": [2048, 4096], ""output"": [40, 2048]}",671088640,0,{},16777216,327680,163840,独立 GEMM：权重与输入各读一次、输出写一次的操作数载荷；不预测 tile 重读。,60
aggregate; see repeats,moe.expert100.down,linear,"{""input"": [40, 1024], ""weight_math"": [1024, 4096], ""weight_storage"": [4096, 1024], ""output"": [40, 4096]}",335544320,0,{},8388608,81920,327680,独立 GEMM：权重与输入各读一次、输出写一次的操作数载荷；不预测 tile 重读。,60
aggregate; see repeats,moe.expert101.gate_up,linear,"{""input"": [40, 4096], ""weight_math"": [4096, 2048], ""weight_storage"": [2048, 4096], ""output"": [40, 2048]}",671088640,0,{},16777216,327680,163840,独立 GEMM：权重与输入各读一次、输出写一次的操作数载荷；不预测 tile 重读。,60
aggregate; see repeats,moe.expert101.down,linear,"{""input"": [40, 1024], ""weight_math"": [1024, 4096], ""weight_storage"": [4096, 1024], ""output"": [40, 4096]}",335544320,0,{},8388608,81920,327680,独立 GEMM：权重与输入各读一次、输出写一次的操作数载荷；不预测 tile 重读。,60
aggregate; see repeats,moe.expert102.gate_up,linear,"{""input"": [40, 4096], ""weight_math"": [4096, 2048], ""weight_storage"": [2048, 4096], ""output"": [40, 2048]}",671088640,0,{},16777216,327680,163840,独立 GEMM：权重与输入各读一次、输出写一次的操作数载荷；不预测 tile 重读。,60
aggregate; see repeats,moe.expert102.down,linear,"{""input"": [40, 1024], ""weight_math"": [1024, 4096], ""weight_storage"": [4096, 1024], ""output"": [40, 4096]}",335544320,0,{},8388608,81920,327680,独立 GEMM：权重与输入各读一次、输出写一次的操作数载荷；不预测 tile 重读。,60
aggregate; see repeats,moe.expert103.gate_up,linear,"{""input"": [40, 4096], ""weight_math"": [4096, 2048], ""weight_storage"": [2048, 4096], ""output"": [40, 2048]}",671088640,0,{},16777216,327680,163840,独立 GEMM：权重与输入各读一次、输出写一次的操作数载荷；不预测 tile 重读。,60
aggregate; see repeats,moe.expert103.down,linear,"{""input"": [40, 1024], ""weight_math"": [1024, 4096], ""weight_storage"": [4096, 1024], ""output"": [40, 4096]}",335544320,0,{},8388608,81920,327680,独立 GEMM：权重与输入各读一次、输出写一次的操作数载荷；不预测 tile 重读。,60
aggregate; see repeats,moe.expert104.gate_up,linear,"{""input"": [40, 4096], ""weight_math"": [4096, 2048], ""weight_storage"": [2048, 4096], ""output"": [40, 2048]}",671088640,0,{},16777216,327680,163840,独立 GEMM：权重与输入各读一次、输出写一次的操作数载荷；不预测 tile 重读。,60
aggregate; see repeats,moe.expert104.down,linear,"{""input"": [40, 1024], ""weight_math"": [1024, 4096], ""weight_storage"": [4096, 1024], ""output"": [40, 4096]}",335544320,0,{},8388608,81920,327680,独立 GEMM：权重与输入各读一次、输出写一次的操作数载荷；不预测 tile 重读。,60
aggregate; see repeats,moe.expert105.gate_up,linear,"{""input"": [40, 4096], ""weight_math"": [4096, 2048], ""weight_storage"": [2048, 4096], ""output"": [40, 2048]}",671088640,0,{},16777216,327680,163840,独立 GEMM：权重与输入各读一次、输出写一次的操作数载荷；不预测 tile 重读。,60
aggregate; see repeats,moe.expert105.down,linear,"{""input"": [40, 1024], ""weight_math"": [1024, 4096], ""weight_storage"": [4096, 1024], ""output"": [40, 4096]}",335544320,0,{},8388608,81920,327680,独立 GEMM：权重与输入各读一次、输出写一次的操作数载荷；不预测 tile 重读。,60
aggregate; see repeats,moe.expert106.gate_up,linear,"{""input"": [40, 4096], ""weight_math"": [4096, 2048], ""weight_storage"": [2048, 4096], ""output"": [40, 2048]}",671088640,0,{},16777216,327680,163840,独立 GEMM：权重与输入各读一次、输出写一次的操作数载荷；不预测 tile 重读。,60
aggregate; see repeats,moe.expert106.down,linear,"{""input"": [40, 1024], ""weight_math"": [1024, 4096], ""weight_storage"": [4096, 1024], ""output"": [40, 4096]}",335544320,0,{},8388608,81920,327680,独立 GEMM：权重与输入各读一次、输出写一次的操作数载荷；不预测 tile 重读。,60
aggregate; see repeats,moe.expert107.gate_up,linear,"{""input"": [40, 4096], ""weight_math"": [4096, 2048], ""weight_storage"": [2048, 4096], ""output"": [40, 2048]}",671088640,0,{},16777216,327680,163840,独立 GEMM：权重与输入各读一次、输出写一次的操作数载荷；不预测 tile 重读。,60
aggregate; see repeats,moe.expert107.down,linear,"{""input"": [40, 1024], ""weight_math"": [1024, 4096], ""weight_storage"": [4096, 1024], ""output"": [40, 4096]}",335544320,0,{},8388608,81920,327680,独立 GEMM：权重与输入各读一次、输出写一次的操作数载荷；不预测 tile 重读。,60
aggregate; see repeats,moe.expert108.gate_up,linear,"{""input"": [40, 4096], ""weight_math"": [4096, 2048], ""weight_storage"": [2048, 4096], ""output"": [40, 2048]}",671088640,0,{},16777216,327680,163840,独立 GEMM：权重与输入各读一次、输出写一次的操作数载荷；不预测 tile 重读。,60
aggregate; see repeats,moe.expert108.down,linear,"{""input"": [40, 1024], ""weight_math"": [1024, 4096], ""weight_storage"": [4096, 1024], ""output"": [40, 4096]}",335544320,0,{},8388608,81920,327680,独立 GEMM：权重与输入各读一次、输出写一次的操作数载荷；不预测 tile 重读。,60
aggregate; see repeats,moe.expert109.gate_up,linear,"{""input"": [40, 4096], ""weight_math"": [4096, 2048], ""weight_storage"": [2048, 4096], ""output"": [40, 2048]}",671088640,0,{},16777216,327680,163840,独立 GEMM：权重与输入各读一次、输出写一次的操作数载荷；不预测 tile 重读。,60
aggregate; see repeats,moe.expert109.down,linear,"{""input"": [40, 1024], ""weight_math"": [1024, 4096], ""weight_storage"": [4096, 1024], ""output"": [40, 4096]}",335544320,0,{},8388608,81920,327680,独立 GEMM：权重与输入各读一次、输出写一次的操作数载荷；不预测 tile 重读。,60
aggregate; see repeats,moe.expert110.gate_up,linear,"{""input"": [40, 4096], ""weight_math"": [4096, 2048], ""weight_storage"": [2048, 4096], ""output"": [40, 2048]}",671088640,0,{},16777216,327680,163840,独立 GEMM：权重与输入各读一次、输出写一次的操作数载荷；不预测 tile 重读。,60
aggregate; see repeats,moe.expert110.down,linear,"{""input"": [40, 1024], ""weight_math"": [1024, 4096], ""weight_storage"": [4096, 1024], ""output"": [40, 4096]}",335544320,0,{},8388608,81920,327680,独立 GEMM：权重与输入各读一次、输出写一次的操作数载荷；不预测 tile 重读。,60
aggregate; see repeats,moe.expert111.gate_up,linear,"{""input"": [40, 4096], ""weight_math"": [4096, 2048], ""weight_storage"": [2048, 4096], ""output"": [40, 2048]}",671088640,0,{},16777216,327680,163840,独立 GEMM：权重与输入各读一次、输出写一次的操作数载荷；不预测 tile 重读。,60
aggregate; see repeats,moe.expert111.down,linear,"{""input"": [40, 1024], ""weight_math"": [1024, 4096], ""weight_storage"": [4096, 1024], ""output"": [40, 4096]}",335544320,0,{},8388608,81920,327680,独立 GEMM：权重与输入各读一次、输出写一次的操作数载荷；不预测 tile 重读。,60
aggregate; see repeats,moe.expert112.gate_up,linear,"{""input"": [40, 4096], ""weight_math"": [4096, 2048], ""weight_storage"": [2048, 4096], ""output"": [40, 2048]}",671088640,0,{},16777216,327680,163840,独立 GEMM：权重与输入各读一次、输出写一次的操作数载荷；不预测 tile 重读。,60
aggregate; see repeats,moe.expert112.down,linear,"{""input"": [40, 1024], ""weight_math"": [1024, 4096], ""weight_storage"": [4096, 1024], ""output"": [40, 4096]}",335544320,0,{},8388608,81920,327680,独立 GEMM：权重与输入各读一次、输出写一次的操作数载荷；不预测 tile 重读。,60
aggregate; see repeats,moe.expert113.gate_up,linear,"{""input"": [40, 4096], ""weight_math"": [4096, 2048], ""weight_storage"": [2048, 4096], ""output"": [40, 2048]}",671088640,0,{},16777216,327680,163840,独立 GEMM：权重与输入各读一次、输出写一次的操作数载荷；不预测 tile 重读。,60
aggregate; see repeats,moe.expert113.down,linear,"{""input"": [40, 1024], ""weight_math"": [1024, 4096], ""weight_storage"": [4096, 1024], ""output"": [40, 4096]}",335544320,0,{},8388608,81920,327680,独立 GEMM：权重与输入各读一次、输出写一次的操作数载荷；不预测 tile 重读。,60
aggregate; see repeats,moe.expert114.gate_up,linear,"{""input"": [40, 4096], ""weight_math"": [4096, 2048], ""weight_storage"": [2048, 4096], ""output"": [40, 2048]}",671088640,0,{},16777216,327680,163840,独立 GEMM：权重与输入各读一次、输出写一次的操作数载荷；不预测 tile 重读。,60
aggregate; see repeats,moe.expert114.down,linear,"{""input"": [40, 1024], ""weight_math"": [1024, 4096], ""weight_storage"": [4096, 1024], ""output"": [40, 4096]}",335544320,0,{},8388608,81920,327680,独立 GEMM：权重与输入各读一次、输出写一次的操作数载荷；不预测 tile 重读。,60
aggregate; see repeats,moe.expert115.gate_up,linear,"{""input"": [40, 4096], ""weight_math"": [4096, 2048], ""weight_storage"": [2048, 4096], ""output"": [40, 2048]}",671088640,0,{},16777216,327680,163840,独立 GEMM：权重与输入各读一次、输出写一次的操作数载荷；不预测 tile 重读。,60
aggregate; see repeats,moe.expert115.down,linear,"{""input"": [40, 1024], ""weight_math"": [1024, 4096], ""weight_storage"": [4096, 1024], ""output"": [40, 4096]}",335544320,0,{},8388608,81920,327680,独立 GEMM：权重与输入各读一次、输出写一次的操作数载荷；不预测 tile 重读。,60
aggregate; see repeats,moe.expert116.gate_up,linear,"{""input"": [40, 4096], ""weight_math"": [4096, 2048], ""weight_storage"": [2048, 4096], ""output"": [40, 2048]}",671088640,0,{},16777216,327680,163840,独立 GEMM：权重与输入各读一次、输出写一次的操作数载荷；不预测 tile 重读。,60
aggregate; see repeats,moe.expert116.down,linear,"{""input"": [40, 1024], ""weight_math"": [1024, 4096], ""weight_storage"": [4096, 1024], ""output"": [40, 4096]}",335544320,0,{},8388608,81920,327680,独立 GEMM：权重与输入各读一次、输出写一次的操作数载荷；不预测 tile 重读。,60
aggregate; see repeats,moe.expert117.gate_up,linear,"{""input"": [40, 4096], ""weight_math"": [4096, 2048], ""weight_storage"": [2048, 4096], ""output"": [40, 2048]}",671088640,0,{},16777216,327680,163840,独立 GEMM：权重与输入各读一次、输出写一次的操作数载荷；不预测 tile 重读。,60
aggregate; see repeats,moe.expert117.down,linear,"{""input"": [40, 1024], ""weight_math"": [1024, 4096], ""weight_storage"": [4096, 1024], ""output"": [40, 4096]}",335544320,0,{},8388608,81920,327680,独立 GEMM：权重与输入各读一次、输出写一次的操作数载荷；不预测 tile 重读。,60
aggregate; see repeats,moe.expert118.gate_up,linear,"{""input"": [40, 4096], ""weight_math"": [4096, 2048], ""weight_storage"": [2048, 4096], ""output"": [40, 2048]}",671088640,0,{},16777216,327680,163840,独立 GEMM：权重与输入各读一次、输出写一次的操作数载荷；不预测 tile 重读。,60
aggregate; see repeats,moe.expert118.down,linear,"{""input"": [40, 1024], ""weight_math"": [1024, 4096], ""weight_storage"": [4096, 1024], ""output"": [40, 4096]}",335544320,0,{},8388608,81920,327680,独立 GEMM：权重与输入各读一次、输出写一次的操作数载荷；不预测 tile 重读。,60
aggregate; see repeats,moe.expert119.gate_up,linear,"{""input"": [40, 4096], ""weight_math"": [4096, 2048], ""weight_storage"": [2048, 4096], ""output"": [40, 2048]}",671088640,0,{},16777216,327680,163840,独立 GEMM：权重与输入各读一次、输出写一次的操作数载荷；不预测 tile 重读。,60
aggregate; see repeats,moe.expert119.down,linear,"{""input"": [40, 1024], ""weight_math"": [1024, 4096], ""weight_storage"": [4096, 1024], ""output"": [40, 4096]}",335544320,0,{},8388608,81920,327680,独立 GEMM：权重与输入各读一次、输出写一次的操作数载荷；不预测 tile 重读。,60
aggregate; see repeats,moe.expert120.gate_up,linear,"{""input"": [40, 4096], ""weight_math"": [4096, 2048], ""weight_storage"": [2048, 4096], ""output"": [40, 2048]}",671088640,0,{},16777216,327680,163840,独立 GEMM：权重与输入各读一次、输出写一次的操作数载荷；不预测 tile 重读。,60
aggregate; see repeats,moe.expert120.down,linear,"{""input"": [40, 1024], ""weight_math"": [1024, 4096], ""weight_storage"": [4096, 1024], ""output"": [40, 4096]}",335544320,0,{},8388608,81920,327680,独立 GEMM：权重与输入各读一次、输出写一次的操作数载荷；不预测 tile 重读。,60
aggregate; see repeats,moe.expert121.gate_up,linear,"{""input"": [40, 4096], ""weight_math"": [4096, 2048], ""weight_storage"": [2048, 4096], ""output"": [40, 2048]}",671088640,0,{},16777216,327680,163840,独立 GEMM：权重与输入各读一次、输出写一次的操作数载荷；不预测 tile 重读。,60
aggregate; see repeats,moe.expert121.down,linear,"{""input"": [40, 1024], ""weight_math"": [1024, 4096], ""weight_storage"": [4096, 1024], ""output"": [40, 4096]}",335544320,0,{},8388608,81920,327680,独立 GEMM：权重与输入各读一次、输出写一次的操作数载荷；不预测 tile 重读。,60
aggregate; see repeats,moe.expert122.gate_up,linear,"{""input"": [40, 4096], ""weight_math"": [4096, 2048], ""weight_storage"": [2048, 4096], ""output"": [40, 2048]}",671088640,0,{},16777216,327680,163840,独立 GEMM：权重与输入各读一次、输出写一次的操作数载荷；不预测 tile 重读。,60
aggregate; see repeats,moe.expert122.down,linear,"{""input"": [40, 1024], ""weight_math"": [1024, 4096], ""weight_storage"": [4096, 1024], ""output"": [40, 4096]}",335544320,0,{},8388608,81920,327680,独立 GEMM：权重与输入各读一次、输出写一次的操作数载荷；不预测 tile 重读。,60
aggregate; see repeats,moe.expert123.gate_up,linear,"{""input"": [40, 4096], ""weight_math"": [4096, 2048], ""weight_storage"": [2048, 4096], ""output"": [40, 2048]}",671088640,0,{},16777216,327680,163840,独立 GEMM：权重与输入各读一次、输出写一次的操作数载荷；不预测 tile 重读。,60
aggregate; see repeats,moe.expert123.down,linear,"{""input"": [40, 1024], ""weight_math"": [1024, 4096], ""weight_storage"": [4096, 1024], ""output"": [40, 4096]}",335544320,0,{},8388608,81920,327680,独立 GEMM：权重与输入各读一次、输出写一次的操作数载荷；不预测 tile 重读。,60
aggregate; see repeats,moe.expert124.gate_up,linear,"{""input"": [40, 4096], ""weight_math"": [4096, 2048], ""weight_storage"": [2048, 4096], ""output"": [40, 2048]}",671088640,0,{},16777216,327680,163840,独立 GEMM：权重与输入各读一次、输出写一次的操作数载荷；不预测 tile 重读。,60
aggregate; see repeats,moe.expert124.down,linear,"{""input"": [40, 1024], ""weight_math"": [1024, 4096], ""weight_storage"": [4096, 1024], ""output"": [40, 4096]}",335544320,0,{},8388608,81920,327680,独立 GEMM：权重与输入各读一次、输出写一次的操作数载荷；不预测 tile 重读。,60
aggregate; see repeats,moe.expert125.gate_up,linear,"{""input"": [40, 4096], ""weight_math"": [4096, 2048], ""weight_storage"": [2048, 4096], ""output"": [40, 2048]}",671088640,0,{},16777216,327680,163840,独立 GEMM：权重与输入各读一次、输出写一次的操作数载荷；不预测 tile 重读。,60
aggregate; see repeats,moe.expert125.down,linear,"{""input"": [40, 1024], ""weight_math"": [1024, 4096], ""weight_storage"": [4096, 1024], ""output"": [40, 4096]}",335544320,0,{},8388608,81920,327680,独立 GEMM：权重与输入各读一次、输出写一次的操作数载荷；不预测 tile 重读。,60
aggregate; see repeats,moe.expert126.gate_up,linear,"{""input"": [40, 4096], ""weight_math"": [4096, 2048], ""weight_storage"": [2048, 4096], ""output"": [40, 2048]}",671088640,0,{},16777216,327680,163840,独立 GEMM：权重与输入各读一次、输出写一次的操作数载荷；不预测 tile 重读。,60
aggregate; see repeats,moe.expert126.down,linear,"{""input"": [40, 1024], ""weight_math"": [1024, 4096], ""weight_storage"": [4096, 1024], ""output"": [40, 4096]}",335544320,0,{},8388608,81920,327680,独立 GEMM：权重与输入各读一次、输出写一次的操作数载荷；不预测 tile 重读。,60
aggregate; see repeats,moe.expert127.gate_up,linear,"{""input"": [40, 4096], ""weight_math"": [4096, 2048], ""weight_storage"": [2048, 4096], ""output"": [40, 2048]}",671088640,0,{},16777216,327680,163840,独立 GEMM：权重与输入各读一次、输出写一次的操作数载荷；不预测 tile 重读。,60
aggregate; see repeats,moe.expert127.down,linear,"{""input"": [40, 1024], ""weight_math"": [1024, 4096], ""weight_storage"": [4096, 1024], ""output"": [40, 4096]}",335544320,0,{},8388608,81920,327680,独立 GEMM：权重与输入各读一次、输出写一次的操作数载荷；不预测 tile 重读。,60
aggregate; see repeats,moe.expert128.gate_up,linear,"{""input"": [40, 4096], ""weight_math"": [4096, 2048], ""weight_storage"": [2048, 4096], ""output"": [40, 2048]}",671088640,0,{},16777216,327680,163840,独立 GEMM：权重与输入各读一次、输出写一次的操作数载荷；不预测 tile 重读。,60
aggregate; see repeats,moe.expert128.down,linear,"{""input"": [40, 1024], ""weight_math"": [1024, 4096], ""weight_storage"": [4096, 1024], ""output"": [40, 4096]}",335544320,0,{},8388608,81920,327680,独立 GEMM：权重与输入各读一次、输出写一次的操作数载荷；不预测 tile 重读。,60
aggregate; see repeats,moe.expert129.gate_up,linear,"{""input"": [40, 4096], ""weight_math"": [4096, 2048], ""weight_storage"": [2048, 4096], ""output"": [40, 2048]}",671088640,0,{},16777216,327680,163840,独立 GEMM：权重与输入各读一次、输出写一次的操作数载荷；不预测 tile 重读。,60
aggregate; see repeats,moe.expert129.down,linear,"{""input"": [40, 1024], ""weight_math"": [1024, 4096], ""weight_storage"": [4096, 1024], ""output"": [40, 4096]}",335544320,0,{},8388608,81920,327680,独立 GEMM：权重与输入各读一次、输出写一次的操作数载荷；不预测 tile 重读。,60
aggregate; see repeats,moe.expert130.gate_up,linear,"{""input"": [40, 4096], ""weight_math"": [4096, 2048], ""weight_storage"": [2048, 4096], ""output"": [40, 2048]}",671088640,0,{},16777216,327680,163840,独立 GEMM：权重与输入各读一次、输出写一次的操作数载荷；不预测 tile 重读。,60
aggregate; see repeats,moe.expert130.down,linear,"{""input"": [40, 1024], ""weight_math"": [1024, 4096], ""weight_storage"": [4096, 1024], ""output"": [40, 4096]}",335544320,0,{},8388608,81920,327680,独立 GEMM：权重与输入各读一次、输出写一次的操作数载荷；不预测 tile 重读。,60
aggregate; see repeats,moe.expert131.gate_up,linear,"{""input"": [40, 4096], ""weight_math"": [4096, 2048], ""weight_storage"": [2048, 4096], ""output"": [40, 2048]}",671088640,0,{},16777216,327680,163840,独立 GEMM：权重与输入各读一次、输出写一次的操作数载荷；不预测 tile 重读。,60
aggregate; see repeats,moe.expert131.down,linear,"{""input"": [40, 1024], ""weight_math"": [1024, 4096], ""weight_storage"": [4096, 1024], ""output"": [40, 4096]}",335544320,0,{},8388608,81920,327680,独立 GEMM：权重与输入各读一次、输出写一次的操作数载荷；不预测 tile 重读。,60
aggregate; see repeats,moe.expert132.gate_up,linear,"{""input"": [40, 4096], ""weight_math"": [4096, 2048], ""weight_storage"": [2048, 4096], ""output"": [40, 2048]}",671088640,0,{},16777216,327680,163840,独立 GEMM：权重与输入各读一次、输出写一次的操作数载荷；不预测 tile 重读。,60
aggregate; see repeats,moe.expert132.down,linear,"{""input"": [40, 1024], ""weight_math"": [1024, 4096], ""weight_storage"": [4096, 1024], ""output"": [40, 4096]}",335544320,0,{},8388608,81920,327680,独立 GEMM：权重与输入各读一次、输出写一次的操作数载荷；不预测 tile 重读。,60
aggregate; see repeats,moe.expert133.gate_up,linear,"{""input"": [40, 4096], ""weight_math"": [4096, 2048], ""weight_storage"": [2048, 4096], ""output"": [40, 2048]}",671088640,0,{},16777216,327680,163840,独立 GEMM：权重与输入各读一次、输出写一次的操作数载荷；不预测 tile 重读。,60
aggregate; see repeats,moe.expert133.down,linear,"{""input"": [40, 1024], ""weight_math"": [1024, 4096], ""weight_storage"": [4096, 1024], ""output"": [40, 4096]}",335544320,0,{},8388608,81920,327680,独立 GEMM：权重与输入各读一次、输出写一次的操作数载荷；不预测 tile 重读。,60
aggregate; see repeats,moe.expert134.gate_up,linear,"{""input"": [40, 4096], ""weight_math"": [4096, 2048], ""weight_storage"": [2048, 4096], ""output"": [40, 2048]}",671088640,0,{},16777216,327680,163840,独立 GEMM：权重与输入各读一次、输出写一次的操作数载荷；不预测 tile 重读。,60
aggregate; see repeats,moe.expert134.down,linear,"{""input"": [40, 1024], ""weight_math"": [1024, 4096], ""weight_storage"": [4096, 1024], ""output"": [40, 4096]}",335544320,0,{},8388608,81920,327680,独立 GEMM：权重与输入各读一次、输出写一次的操作数载荷；不预测 tile 重读。,60
aggregate; see repeats,moe.expert135.gate_up,linear,"{""input"": [40, 4096], ""weight_math"": [4096, 2048], ""weight_storage"": [2048, 4096], ""output"": [40, 2048]}",671088640,0,{},16777216,327680,163840,独立 GEMM：权重与输入各读一次、输出写一次的操作数载荷；不预测 tile 重读。,60
aggregate; see repeats,moe.expert135.down,linear,"{""input"": [40, 1024], ""weight_math"": [1024, 4096], ""weight_storage"": [4096, 1024], ""output"": [40, 4096]}",335544320,0,{},8388608,81920,327680,独立 GEMM：权重与输入各读一次、输出写一次的操作数载荷；不预测 tile 重读。,60
aggregate; see repeats,moe.expert136.gate_up,linear,"{""input"": [40, 4096], ""weight_math"": [4096, 2048], ""weight_storage"": [2048, 4096], ""output"": [40, 2048]}",671088640,0,{},16777216,327680,163840,独立 GEMM：权重与输入各读一次、输出写一次的操作数载荷；不预测 tile 重读。,60
aggregate; see repeats,moe.expert136.down,linear,"{""input"": [40, 1024], ""weight_math"": [1024, 4096], ""weight_storage"": [4096, 1024], ""output"": [40, 4096]}",335544320,0,{},8388608,81920,327680,独立 GEMM：权重与输入各读一次、输出写一次的操作数载荷；不预测 tile 重读。,60
aggregate; see repeats,moe.expert137.gate_up,linear,"{""input"": [40, 4096], ""weight_math"": [4096, 2048], ""weight_storage"": [2048, 4096], ""output"": [40, 2048]}",671088640,0,{},16777216,327680,163840,独立 GEMM：权重与输入各读一次、输出写一次的操作数载荷；不预测 tile 重读。,60
aggregate; see repeats,moe.expert137.down,linear,"{""input"": [40, 1024], ""weight_math"": [1024, 4096], ""weight_storage"": [4096, 1024], ""output"": [40, 4096]}",335544320,0,{},8388608,81920,327680,独立 GEMM：权重与输入各读一次、输出写一次的操作数载荷；不预测 tile 重读。,60
aggregate; see repeats,moe.expert138.gate_up,linear,"{""input"": [40, 4096], ""weight_math"": [4096, 2048], ""weight_storage"": [2048, 4096], ""output"": [40, 2048]}",671088640,0,{},16777216,327680,163840,独立 GEMM：权重与输入各读一次、输出写一次的操作数载荷；不预测 tile 重读。,60
aggregate; see repeats,moe.expert138.down,linear,"{""input"": [40, 1024], ""weight_math"": [1024, 4096], ""weight_storage"": [4096, 1024], ""output"": [40, 4096]}",335544320,0,{},8388608,81920,327680,独立 GEMM：权重与输入各读一次、输出写一次的操作数载荷；不预测 tile 重读。,60
aggregate; see repeats,moe.expert139.gate_up,linear,"{""input"": [40, 4096], ""weight_math"": [4096, 2048], ""weight_storage"": [2048, 4096], ""output"": [40, 2048]}",671088640,0,{},16777216,327680,163840,独立 GEMM：权重与输入各读一次、输出写一次的操作数载荷；不预测 tile 重读。,60
aggregate; see repeats,moe.expert139.down,linear,"{""input"": [40, 1024], ""weight_math"": [1024, 4096], ""weight_storage"": [4096, 1024], ""output"": [40, 4096]}",335544320,0,{},8388608,81920,327680,独立 GEMM：权重与输入各读一次、输出写一次的操作数载荷；不预测 tile 重读。,60
aggregate; see repeats,moe.expert140.gate_up,linear,"{""input"": [40, 4096], ""weight_math"": [4096, 2048], ""weight_storage"": [2048, 4096], ""output"": [40, 2048]}",671088640,0,{},16777216,327680,163840,独立 GEMM：权重与输入各读一次、输出写一次的操作数载荷；不预测 tile 重读。,60
aggregate; see repeats,moe.expert140.down,linear,"{""input"": [40, 1024], ""weight_math"": [1024, 4096], ""weight_storage"": [4096, 1024], ""output"": [40, 4096]}",335544320,0,{},8388608,81920,327680,独立 GEMM：权重与输入各读一次、输出写一次的操作数载荷；不预测 tile 重读。,60
aggregate; see repeats,moe.expert141.gate_up,linear,"{""input"": [40, 4096], ""weight_math"": [4096, 2048], ""weight_storage"": [2048, 4096], ""output"": [40, 2048]}",671088640,0,{},16777216,327680,163840,独立 GEMM：权重与输入各读一次、输出写一次的操作数载荷；不预测 tile 重读。,60
aggregate; see repeats,moe.expert141.down,linear,"{""input"": [40, 1024], ""weight_math"": [1024, 4096], ""weight_storage"": [4096, 1024], ""output"": [40, 4096]}",335544320,0,{},8388608,81920,327680,独立 GEMM：权重与输入各读一次、输出写一次的操作数载荷；不预测 tile 重读。,60
aggregate; see repeats,moe.expert142.gate_up,linear,"{""input"": [40, 4096], ""weight_math"": [4096, 2048], ""weight_storage"": [2048, 4096], ""output"": [40, 2048]}",671088640,0,{},16777216,327680,163840,独立 GEMM：权重与输入各读一次、输出写一次的操作数载荷；不预测 tile 重读。,60
aggregate; see repeats,moe.expert142.down,linear,"{""input"": [40, 1024], ""weight_math"": [1024, 4096], ""weight_storage"": [4096, 1024], ""output"": [40, 4096]}",335544320,0,{},8388608,81920,327680,独立 GEMM：权重与输入各读一次、输出写一次的操作数载荷；不预测 tile 重读。,60
aggregate; see repeats,moe.expert143.gate_up,linear,"{""input"": [40, 4096], ""weight_math"": [4096, 2048], ""weight_storage"": [2048, 4096], ""output"": [40, 2048]}",671088640,0,{},16777216,327680,163840,独立 GEMM：权重与输入各读一次、输出写一次的操作数载荷；不预测 tile 重读。,60
aggregate; see repeats,moe.expert143.down,linear,"{""input"": [40, 1024], ""weight_math"": [1024, 4096], ""weight_storage"": [4096, 1024], ""output"": [40, 4096]}",335544320,0,{},8388608,81920,327680,独立 GEMM：权重与输入各读一次、输出写一次的操作数载荷；不预测 tile 重读。,60
aggregate; see repeats,moe.expert144.gate_up,linear,"{""input"": [40, 4096], ""weight_math"": [4096, 2048], ""weight_storage"": [2048, 4096], ""output"": [40, 2048]}",671088640,0,{},16777216,327680,163840,独立 GEMM：权重与输入各读一次、输出写一次的操作数载荷；不预测 tile 重读。,60
aggregate; see repeats,moe.expert144.down,linear,"{""input"": [40, 1024], ""weight_math"": [1024, 4096], ""weight_storage"": [4096, 1024], ""output"": [40, 4096]}",335544320,0,{},8388608,81920,327680,独立 GEMM：权重与输入各读一次、输出写一次的操作数载荷；不预测 tile 重读。,60
aggregate; see repeats,moe.expert145.gate_up,linear,"{""input"": [40, 4096], ""weight_math"": [4096, 2048], ""weight_storage"": [2048, 4096], ""output"": [40, 2048]}",671088640,0,{},16777216,327680,163840,独立 GEMM：权重与输入各读一次、输出写一次的操作数载荷；不预测 tile 重读。,60
aggregate; see repeats,moe.expert145.down,linear,"{""input"": [40, 1024], ""weight_math"": [1024, 4096], ""weight_storage"": [4096, 1024], ""output"": [40, 4096]}",335544320,0,{},8388608,81920,327680,独立 GEMM：权重与输入各读一次、输出写一次的操作数载荷；不预测 tile 重读。,60
aggregate; see repeats,moe.expert146.gate_up,linear,"{""input"": [40, 4096], ""weight_math"": [4096, 2048], ""weight_storage"": [2048, 4096], ""output"": [40, 2048]}",671088640,0,{},16777216,327680,163840,独立 GEMM：权重与输入各读一次、输出写一次的操作数载荷；不预测 tile 重读。,60
aggregate; see repeats,moe.expert146.down,linear,"{""input"": [40, 1024], ""weight_math"": [1024, 4096], ""weight_storage"": [4096, 1024], ""output"": [40, 4096]}",335544320,0,{},8388608,81920,327680,独立 GEMM：权重与输入各读一次、输出写一次的操作数载荷；不预测 tile 重读。,60
aggregate; see repeats,moe.expert147.gate_up,linear,"{""input"": [40, 4096], ""weight_math"": [4096, 2048], ""weight_storage"": [2048, 4096], ""output"": [40, 2048]}",671088640,0,{},16777216,327680,163840,独立 GEMM：权重与输入各读一次、输出写一次的操作数载荷；不预测 tile 重读。,60
aggregate; see repeats,moe.expert147.down,linear,"{""input"": [40, 1024], ""weight_math"": [1024, 4096], ""weight_storage"": [4096, 1024], ""output"": [40, 4096]}",335544320,0,{},8388608,81920,327680,独立 GEMM：权重与输入各读一次、输出写一次的操作数载荷；不预测 tile 重读。,60
aggregate; see repeats,moe.expert148.gate_up,linear,"{""input"": [40, 4096], ""weight_math"": [4096, 2048], ""weight_storage"": [2048, 4096], ""output"": [40, 2048]}",671088640,0,{},16777216,327680,163840,独立 GEMM：权重与输入各读一次、输出写一次的操作数载荷；不预测 tile 重读。,60
aggregate; see repeats,moe.expert148.down,linear,"{""input"": [40, 1024], ""weight_math"": [1024, 4096], ""weight_storage"": [4096, 1024], ""output"": [40, 4096]}",335544320,0,{},8388608,81920,327680,独立 GEMM：权重与输入各读一次、输出写一次的操作数载荷；不预测 tile 重读。,60
aggregate; see repeats,moe.expert149.gate_up,linear,"{""input"": [40, 4096], ""weight_math"": [4096, 2048], ""weight_storage"": [2048, 4096], ""output"": [40, 2048]}",671088640,0,{},16777216,327680,163840,独立 GEMM：权重与输入各读一次、输出写一次的操作数载荷；不预测 tile 重读。,60
aggregate; see repeats,moe.expert149.down,linear,"{""input"": [40, 1024], ""weight_math"": [1024, 4096], ""weight_storage"": [4096, 1024], ""output"": [40, 4096]}",335544320,0,{},8388608,81920,327680,独立 GEMM：权重与输入各读一次、输出写一次的操作数载荷；不预测 tile 重读。,60
aggregate; see repeats,moe.expert150.gate_up,linear,"{""input"": [40, 4096], ""weight_math"": [4096, 2048], ""weight_storage"": [2048, 4096], ""output"": [40, 2048]}",671088640,0,{},16777216,327680,163840,独立 GEMM：权重与输入各读一次、输出写一次的操作数载荷；不预测 tile 重读。,60
aggregate; see repeats,moe.expert150.down,linear,"{""input"": [40, 1024], ""weight_math"": [1024, 4096], ""weight_storage"": [4096, 1024], ""output"": [40, 4096]}",335544320,0,{},8388608,81920,327680,独立 GEMM：权重与输入各读一次、输出写一次的操作数载荷；不预测 tile 重读。,60
aggregate; see repeats,moe.expert151.gate_up,linear,"{""input"": [40, 4096], ""weight_math"": [4096, 2048], ""weight_storage"": [2048, 4096], ""output"": [40, 2048]}",671088640,0,{},16777216,327680,163840,独立 GEMM：权重与输入各读一次、输出写一次的操作数载荷；不预测 tile 重读。,60
aggregate; see repeats,moe.expert151.down,linear,"{""input"": [40, 1024], ""weight_math"": [1024, 4096], ""weight_storage"": [4096, 1024], ""output"": [40, 4096]}",335544320,0,{},8388608,81920,327680,独立 GEMM：权重与输入各读一次、输出写一次的操作数载荷；不预测 tile 重读。,60
aggregate; see repeats,moe.expert152.gate_up,linear,"{""input"": [40, 4096], ""weight_math"": [4096, 2048], ""weight_storage"": [2048, 4096], ""output"": [40, 2048]}",671088640,0,{},16777216,327680,163840,独立 GEMM：权重与输入各读一次、输出写一次的操作数载荷；不预测 tile 重读。,60
aggregate; see repeats,moe.expert152.down,linear,"{""input"": [40, 1024], ""weight_math"": [1024, 4096], ""weight_storage"": [4096, 1024], ""output"": [40, 4096]}",335544320,0,{},8388608,81920,327680,独立 GEMM：权重与输入各读一次、输出写一次的操作数载荷；不预测 tile 重读。,60
aggregate; see repeats,moe.expert153.gate_up,linear,"{""input"": [40, 4096], ""weight_math"": [4096, 2048], ""weight_storage"": [2048, 4096], ""output"": [40, 2048]}",671088640,0,{},16777216,327680,163840,独立 GEMM：权重与输入各读一次、输出写一次的操作数载荷；不预测 tile 重读。,60
aggregate; see repeats,moe.expert153.down,linear,"{""input"": [40, 1024], ""weight_math"": [1024, 4096], ""weight_storage"": [4096, 1024], ""output"": [40, 4096]}",335544320,0,{},8388608,81920,327680,独立 GEMM：权重与输入各读一次、输出写一次的操作数载荷；不预测 tile 重读。,60
aggregate; see repeats,moe.expert154.gate_up,linear,"{""input"": [40, 4096], ""weight_math"": [4096, 2048], ""weight_storage"": [2048, 4096], ""output"": [40, 2048]}",671088640,0,{},16777216,327680,163840,独立 GEMM：权重与输入各读一次、输出写一次的操作数载荷；不预测 tile 重读。,60
aggregate; see repeats,moe.expert154.down,linear,"{""input"": [40, 1024], ""weight_math"": [1024, 4096], ""weight_storage"": [4096, 1024], ""output"": [40, 4096]}",335544320,0,{},8388608,81920,327680,独立 GEMM：权重与输入各读一次、输出写一次的操作数载荷；不预测 tile 重读。,60
aggregate; see repeats,moe.expert155.gate_up,linear,"{""input"": [40, 4096], ""weight_math"": [4096, 2048], ""weight_storage"": [2048, 4096], ""output"": [40, 2048]}",671088640,0,{},16777216,327680,163840,独立 GEMM：权重与输入各读一次、输出写一次的操作数载荷；不预测 tile 重读。,60
aggregate; see repeats,moe.expert155.down,linear,"{""input"": [40, 1024], ""weight_math"": [1024, 4096], ""weight_storage"": [4096, 1024], ""output"": [40, 4096]}",335544320,0,{},8388608,81920,327680,独立 GEMM：权重与输入各读一次、输出写一次的操作数载荷；不预测 tile 重读。,60
aggregate; see repeats,moe.expert156.gate_up,linear,"{""input"": [40, 4096], ""weight_math"": [4096, 2048], ""weight_storage"": [2048, 4096], ""output"": [40, 2048]}",671088640,0,{},16777216,327680,163840,独立 GEMM：权重与输入各读一次、输出写一次的操作数载荷；不预测 tile 重读。,60
aggregate; see repeats,moe.expert156.down,linear,"{""input"": [40, 1024], ""weight_math"": [1024, 4096], ""weight_storage"": [4096, 1024], ""output"": [40, 4096]}",335544320,0,{},8388608,81920,327680,独立 GEMM：权重与输入各读一次、输出写一次的操作数载荷；不预测 tile 重读。,60
aggregate; see repeats,moe.expert157.gate_up,linear,"{""input"": [40, 4096], ""weight_math"": [4096, 2048], ""weight_storage"": [2048, 4096], ""output"": [40, 2048]}",671088640,0,{},16777216,327680,163840,独立 GEMM：权重与输入各读一次、输出写一次的操作数载荷；不预测 tile 重读。,60
aggregate; see repeats,moe.expert157.down,linear,"{""input"": [40, 1024], ""weight_math"": [1024, 4096], ""weight_storage"": [4096, 1024], ""output"": [40, 4096]}",335544320,0,{},8388608,81920,327680,独立 GEMM：权重与输入各读一次、输出写一次的操作数载荷；不预测 tile 重读。,60
aggregate; see repeats,moe.expert158.gate_up,linear,"{""input"": [40, 4096], ""weight_math"": [4096, 2048], ""weight_storage"": [2048, 4096], ""output"": [40, 2048]}",671088640,0,{},16777216,327680,163840,独立 GEMM：权重与输入各读一次、输出写一次的操作数载荷；不预测 tile 重读。,60
aggregate; see repeats,moe.expert158.down,linear,"{""input"": [40, 1024], ""weight_math"": [1024, 4096], ""weight_storage"": [4096, 1024], ""output"": [40, 4096]}",335544320,0,{},8388608,81920,327680,独立 GEMM：权重与输入各读一次、输出写一次的操作数载荷；不预测 tile 重读。,60
aggregate; see repeats,moe.expert159.gate_up,linear,"{""input"": [40, 4096], ""weight_math"": [4096, 2048], ""weight_storage"": [2048, 4096], ""output"": [40, 2048]}",671088640,0,{},16777216,327680,163840,独立 GEMM：权重与输入各读一次、输出写一次的操作数载荷；不预测 tile 重读。,60
aggregate; see repeats,moe.expert159.down,linear,"{""input"": [40, 1024], ""weight_math"": [1024, 4096], ""weight_storage"": [4096, 1024], ""output"": [40, 4096]}",335544320,0,{},8388608,81920,327680,独立 GEMM：权重与输入各读一次、输出写一次的操作数载荷；不预测 tile 重读。,60
aggregate; see repeats,moe.expert160.gate_up,linear,"{""input"": [40, 4096], ""weight_math"": [4096, 2048], ""weight_storage"": [2048, 4096], ""output"": [40, 2048]}",671088640,0,{},16777216,327680,163840,独立 GEMM：权重与输入各读一次、输出写一次的操作数载荷；不预测 tile 重读。,60
aggregate; see repeats,moe.expert160.down,linear,"{""input"": [40, 1024], ""weight_math"": [1024, 4096], ""weight_storage"": [4096, 1024], ""output"": [40, 4096]}",335544320,0,{},8388608,81920,327680,独立 GEMM：权重与输入各读一次、输出写一次的操作数载荷；不预测 tile 重读。,60
aggregate; see repeats,moe.expert161.gate_up,linear,"{""input"": [40, 4096], ""weight_math"": [4096, 2048], ""weight_storage"": [2048, 4096], ""output"": [40, 2048]}",671088640,0,{},16777216,327680,163840,独立 GEMM：权重与输入各读一次、输出写一次的操作数载荷；不预测 tile 重读。,60
aggregate; see repeats,moe.expert161.down,linear,"{""input"": [40, 1024], ""weight_math"": [1024, 4096], ""weight_storage"": [4096, 1024], ""output"": [40, 4096]}",335544320,0,{},8388608,81920,327680,独立 GEMM：权重与输入各读一次、输出写一次的操作数载荷；不预测 tile 重读。,60
aggregate; see repeats,moe.expert162.gate_up,linear,"{""input"": [40, 4096], ""weight_math"": [4096, 2048], ""weight_storage"": [2048, 4096], ""output"": [40, 2048]}",671088640,0,{},16777216,327680,163840,独立 GEMM：权重与输入各读一次、输出写一次的操作数载荷；不预测 tile 重读。,60
aggregate; see repeats,moe.expert162.down,linear,"{""input"": [40, 1024], ""weight_math"": [1024, 4096], ""weight_storage"": [4096, 1024], ""output"": [40, 4096]}",335544320,0,{},8388608,81920,327680,独立 GEMM：权重与输入各读一次、输出写一次的操作数载荷；不预测 tile 重读。,60
aggregate; see repeats,moe.expert163.gate_up,linear,"{""input"": [40, 4096], ""weight_math"": [4096, 2048], ""weight_storage"": [2048, 4096], ""output"": [40, 2048]}",671088640,0,{},16777216,327680,163840,独立 GEMM：权重与输入各读一次、输出写一次的操作数载荷；不预测 tile 重读。,60
aggregate; see repeats,moe.expert163.down,linear,"{""input"": [40, 1024], ""weight_math"": [1024, 4096], ""weight_storage"": [4096, 1024], ""output"": [40, 4096]}",335544320,0,{},8388608,81920,327680,独立 GEMM：权重与输入各读一次、输出写一次的操作数载荷；不预测 tile 重读。,60
aggregate; see repeats,moe.expert164.gate_up,linear,"{""input"": [40, 4096], ""weight_math"": [4096, 2048], ""weight_storage"": [2048, 4096], ""output"": [40, 2048]}",671088640,0,{},16777216,327680,163840,独立 GEMM：权重与输入各读一次、输出写一次的操作数载荷；不预测 tile 重读。,60
aggregate; see repeats,moe.expert164.down,linear,"{""input"": [40, 1024], ""weight_math"": [1024, 4096], ""weight_storage"": [4096, 1024], ""output"": [40, 4096]}",335544320,0,{},8388608,81920,327680,独立 GEMM：权重与输入各读一次、输出写一次的操作数载荷；不预测 tile 重读。,60
aggregate; see repeats,moe.expert165.gate_up,linear,"{""input"": [40, 4096], ""weight_math"": [4096, 2048], ""weight_storage"": [2048, 4096], ""output"": [40, 2048]}",671088640,0,{},16777216,327680,163840,独立 GEMM：权重与输入各读一次、输出写一次的操作数载荷；不预测 tile 重读。,60
aggregate; see repeats,moe.expert165.down,linear,"{""input"": [40, 1024], ""weight_math"": [1024, 4096], ""weight_storage"": [4096, 1024], ""output"": [40, 4096]}",335544320,0,{},8388608,81920,327680,独立 GEMM：权重与输入各读一次、输出写一次的操作数载荷；不预测 tile 重读。,60
aggregate; see repeats,moe.expert166.gate_up,linear,"{""input"": [40, 4096], ""weight_math"": [4096, 2048], ""weight_storage"": [2048, 4096], ""output"": [40, 2048]}",671088640,0,{},16777216,327680,163840,独立 GEMM：权重与输入各读一次、输出写一次的操作数载荷；不预测 tile 重读。,60
aggregate; see repeats,moe.expert166.down,linear,"{""input"": [40, 1024], ""weight_math"": [1024, 4096], ""weight_storage"": [4096, 1024], ""output"": [40, 4096]}",335544320,0,{},8388608,81920,327680,独立 GEMM：权重与输入各读一次、输出写一次的操作数载荷；不预测 tile 重读。,60
aggregate; see repeats,moe.expert167.gate_up,linear,"{""input"": [40, 4096], ""weight_math"": [4096, 2048], ""weight_storage"": [2048, 4096], ""output"": [40, 2048]}",671088640,0,{},16777216,327680,163840,独立 GEMM：权重与输入各读一次、输出写一次的操作数载荷；不预测 tile 重读。,60
aggregate; see repeats,moe.expert167.down,linear,"{""input"": [40, 1024], ""weight_math"": [1024, 4096], ""weight_storage"": [4096, 1024], ""output"": [40, 4096]}",335544320,0,{},8388608,81920,327680,独立 GEMM：权重与输入各读一次、输出写一次的操作数载荷；不预测 tile 重读。,60
aggregate; see repeats,moe.expert168.gate_up,linear,"{""input"": [40, 4096], ""weight_math"": [4096, 2048], ""weight_storage"": [2048, 4096], ""output"": [40, 2048]}",671088640,0,{},16777216,327680,163840,独立 GEMM：权重与输入各读一次、输出写一次的操作数载荷；不预测 tile 重读。,60
aggregate; see repeats,moe.expert168.down,linear,"{""input"": [40, 1024], ""weight_math"": [1024, 4096], ""weight_storage"": [4096, 1024], ""output"": [40, 4096]}",335544320,0,{},8388608,81920,327680,独立 GEMM：权重与输入各读一次、输出写一次的操作数载荷；不预测 tile 重读。,60
aggregate; see repeats,moe.expert169.gate_up,linear,"{""input"": [40, 4096], ""weight_math"": [4096, 2048], ""weight_storage"": [2048, 4096], ""output"": [40, 2048]}",671088640,0,{},16777216,327680,163840,独立 GEMM：权重与输入各读一次、输出写一次的操作数载荷；不预测 tile 重读。,60
aggregate; see repeats,moe.expert169.down,linear,"{""input"": [40, 1024], ""weight_math"": [1024, 4096], ""weight_storage"": [4096, 1024], ""output"": [40, 4096]}",335544320,0,{},8388608,81920,327680,独立 GEMM：权重与输入各读一次、输出写一次的操作数载荷；不预测 tile 重读。,60
aggregate; see repeats,moe.expert170.gate_up,linear,"{""input"": [40, 4096], ""weight_math"": [4096, 2048], ""weight_storage"": [2048, 4096], ""output"": [40, 2048]}",671088640,0,{},16777216,327680,163840,独立 GEMM：权重与输入各读一次、输出写一次的操作数载荷；不预测 tile 重读。,60
aggregate; see repeats,moe.expert170.down,linear,"{""input"": [40, 1024], ""weight_math"": [1024, 4096], ""weight_storage"": [4096, 1024], ""output"": [40, 4096]}",335544320,0,{},8388608,81920,327680,独立 GEMM：权重与输入各读一次、输出写一次的操作数载荷；不预测 tile 重读。,60
aggregate; see repeats,moe.expert171.gate_up,linear,"{""input"": [40, 4096], ""weight_math"": [4096, 2048], ""weight_storage"": [2048, 4096], ""output"": [40, 2048]}",671088640,0,{},16777216,327680,163840,独立 GEMM：权重与输入各读一次、输出写一次的操作数载荷；不预测 tile 重读。,60
aggregate; see repeats,moe.expert171.down,linear,"{""input"": [40, 1024], ""weight_math"": [1024, 4096], ""weight_storage"": [4096, 1024], ""output"": [40, 4096]}",335544320,0,{},8388608,81920,327680,独立 GEMM：权重与输入各读一次、输出写一次的操作数载荷；不预测 tile 重读。,60
aggregate; see repeats,moe.expert172.gate_up,linear,"{""input"": [40, 4096], ""weight_math"": [4096, 2048], ""weight_storage"": [2048, 4096], ""output"": [40, 2048]}",671088640,0,{},16777216,327680,163840,独立 GEMM：权重与输入各读一次、输出写一次的操作数载荷；不预测 tile 重读。,60
aggregate; see repeats,moe.expert172.down,linear,"{""input"": [40, 1024], ""weight_math"": [1024, 4096], ""weight_storage"": [4096, 1024], ""output"": [40, 4096]}",335544320,0,{},8388608,81920,327680,独立 GEMM：权重与输入各读一次、输出写一次的操作数载荷；不预测 tile 重读。,60
aggregate; see repeats,moe.expert173.gate_up,linear,"{""input"": [40, 4096], ""weight_math"": [4096, 2048], ""weight_storage"": [2048, 4096], ""output"": [40, 2048]}",671088640,0,{},16777216,327680,163840,独立 GEMM：权重与输入各读一次、输出写一次的操作数载荷；不预测 tile 重读。,60
aggregate; see repeats,moe.expert173.down,linear,"{""input"": [40, 1024], ""weight_math"": [1024, 4096], ""weight_storage"": [4096, 1024], ""output"": [40, 4096]}",335544320,0,{},8388608,81920,327680,独立 GEMM：权重与输入各读一次、输出写一次的操作数载荷；不预测 tile 重读。,60
aggregate; see repeats,moe.expert174.gate_up,linear,"{""input"": [40, 4096], ""weight_math"": [4096, 2048], ""weight_storage"": [2048, 4096], ""output"": [40, 2048]}",671088640,0,{},16777216,327680,163840,独立 GEMM：权重与输入各读一次、输出写一次的操作数载荷；不预测 tile 重读。,60
aggregate; see repeats,moe.expert174.down,linear,"{""input"": [40, 1024], ""weight_math"": [1024, 4096], ""weight_storage"": [4096, 1024], ""output"": [40, 4096]}",335544320,0,{},8388608,81920,327680,独立 GEMM：权重与输入各读一次、输出写一次的操作数载荷；不预测 tile 重读。,60
aggregate; see repeats,moe.expert175.gate_up,linear,"{""input"": [40, 4096], ""weight_math"": [4096, 2048], ""weight_storage"": [2048, 4096], ""output"": [40, 2048]}",671088640,0,{},16777216,327680,163840,独立 GEMM：权重与输入各读一次、输出写一次的操作数载荷；不预测 tile 重读。,60
aggregate; see repeats,moe.expert175.down,linear,"{""input"": [40, 1024], ""weight_math"": [1024, 4096], ""weight_storage"": [4096, 1024], ""output"": [40, 4096]}",335544320,0,{},8388608,81920,327680,独立 GEMM：权重与输入各读一次、输出写一次的操作数载荷；不预测 tile 重读。,60
aggregate; see repeats,moe.expert176.gate_up,linear,"{""input"": [40, 4096], ""weight_math"": [4096, 2048], ""weight_storage"": [2048, 4096], ""output"": [40, 2048]}",671088640,0,{},16777216,327680,163840,独立 GEMM：权重与输入各读一次、输出写一次的操作数载荷；不预测 tile 重读。,60
aggregate; see repeats,moe.expert176.down,linear,"{""input"": [40, 1024], ""weight_math"": [1024, 4096], ""weight_storage"": [4096, 1024], ""output"": [40, 4096]}",335544320,0,{},8388608,81920,327680,独立 GEMM：权重与输入各读一次、输出写一次的操作数载荷；不预测 tile 重读。,60
aggregate; see repeats,moe.expert177.gate_up,linear,"{""input"": [40, 4096], ""weight_math"": [4096, 2048], ""weight_storage"": [2048, 4096], ""output"": [40, 2048]}",671088640,0,{},16777216,327680,163840,独立 GEMM：权重与输入各读一次、输出写一次的操作数载荷；不预测 tile 重读。,60
aggregate; see repeats,moe.expert177.down,linear,"{""input"": [40, 1024], ""weight_math"": [1024, 4096], ""weight_storage"": [4096, 1024], ""output"": [40, 4096]}",335544320,0,{},8388608,81920,327680,独立 GEMM：权重与输入各读一次、输出写一次的操作数载荷；不预测 tile 重读。,60
aggregate; see repeats,moe.expert178.gate_up,linear,"{""input"": [40, 4096], ""weight_math"": [4096, 2048], ""weight_storage"": [2048, 4096], ""output"": [40, 2048]}",671088640,0,{},16777216,327680,163840,独立 GEMM：权重与输入各读一次、输出写一次的操作数载荷；不预测 tile 重读。,60
aggregate; see repeats,moe.expert178.down,linear,"{""input"": [40, 1024], ""weight_math"": [1024, 4096], ""weight_storage"": [4096, 1024], ""output"": [40, 4096]}",335544320,0,{},8388608,81920,327680,独立 GEMM：权重与输入各读一次、输出写一次的操作数载荷；不预测 tile 重读。,60
aggregate; see repeats,moe.expert179.gate_up,linear,"{""input"": [40, 4096], ""weight_math"": [4096, 2048], ""weight_storage"": [2048, 4096], ""output"": [40, 2048]}",671088640,0,{},16777216,327680,163840,独立 GEMM：权重与输入各读一次、输出写一次的操作数载荷；不预测 tile 重读。,60
aggregate; see repeats,moe.expert179.down,linear,"{""input"": [40, 1024], ""weight_math"": [1024, 4096], ""weight_storage"": [4096, 1024], ""output"": [40, 4096]}",335544320,0,{},8388608,81920,327680,独立 GEMM：权重与输入各读一次、输出写一次的操作数载荷；不预测 tile 重读。,60
aggregate; see repeats,moe.expert180.gate_up,linear,"{""input"": [40, 4096], ""weight_math"": [4096, 2048], ""weight_storage"": [2048, 4096], ""output"": [40, 2048]}",671088640,0,{},16777216,327680,163840,独立 GEMM：权重与输入各读一次、输出写一次的操作数载荷；不预测 tile 重读。,60
aggregate; see repeats,moe.expert180.down,linear,"{""input"": [40, 1024], ""weight_math"": [1024, 4096], ""weight_storage"": [4096, 1024], ""output"": [40, 4096]}",335544320,0,{},8388608,81920,327680,独立 GEMM：权重与输入各读一次、输出写一次的操作数载荷；不预测 tile 重读。,60
aggregate; see repeats,moe.expert181.gate_up,linear,"{""input"": [40, 4096], ""weight_math"": [4096, 2048], ""weight_storage"": [2048, 4096], ""output"": [40, 2048]}",671088640,0,{},16777216,327680,163840,独立 GEMM：权重与输入各读一次、输出写一次的操作数载荷；不预测 tile 重读。,60
aggregate; see repeats,moe.expert181.down,linear,"{""input"": [40, 1024], ""weight_math"": [1024, 4096], ""weight_storage"": [4096, 1024], ""output"": [40, 4096]}",335544320,0,{},8388608,81920,327680,独立 GEMM：权重与输入各读一次、输出写一次的操作数载荷；不预测 tile 重读。,60
aggregate; see repeats,moe.expert182.gate_up,linear,"{""input"": [40, 4096], ""weight_math"": [4096, 2048], ""weight_storage"": [2048, 4096], ""output"": [40, 2048]}",671088640,0,{},16777216,327680,163840,独立 GEMM：权重与输入各读一次、输出写一次的操作数载荷；不预测 tile 重读。,60
aggregate; see repeats,moe.expert182.down,linear,"{""input"": [40, 1024], ""weight_math"": [1024, 4096], ""weight_storage"": [4096, 1024], ""output"": [40, 4096]}",335544320,0,{},8388608,81920,327680,独立 GEMM：权重与输入各读一次、输出写一次的操作数载荷；不预测 tile 重读。,60
aggregate; see repeats,moe.expert183.gate_up,linear,"{""input"": [40, 4096], ""weight_math"": [4096, 2048], ""weight_storage"": [2048, 4096], ""output"": [40, 2048]}",671088640,0,{},16777216,327680,163840,独立 GEMM：权重与输入各读一次、输出写一次的操作数载荷；不预测 tile 重读。,60
aggregate; see repeats,moe.expert183.down,linear,"{""input"": [40, 1024], ""weight_math"": [1024, 4096], ""weight_storage"": [4096, 1024], ""output"": [40, 4096]}",335544320,0,{},8388608,81920,327680,独立 GEMM：权重与输入各读一次、输出写一次的操作数载荷；不预测 tile 重读。,60
aggregate; see repeats,moe.expert184.gate_up,linear,"{""input"": [40, 4096], ""weight_math"": [4096, 2048], ""weight_storage"": [2048, 4096], ""output"": [40, 2048]}",671088640,0,{},16777216,327680,163840,独立 GEMM：权重与输入各读一次、输出写一次的操作数载荷；不预测 tile 重读。,60
aggregate; see repeats,moe.expert184.down,linear,"{""input"": [40, 1024], ""weight_math"": [1024, 4096], ""weight_storage"": [4096, 1024], ""output"": [40, 4096]}",335544320,0,{},8388608,81920,327680,独立 GEMM：权重与输入各读一次、输出写一次的操作数载荷；不预测 tile 重读。,60
aggregate; see repeats,moe.expert185.gate_up,linear,"{""input"": [40, 4096], ""weight_math"": [4096, 2048], ""weight_storage"": [2048, 4096], ""output"": [40, 2048]}",671088640,0,{},16777216,327680,163840,独立 GEMM：权重与输入各读一次、输出写一次的操作数载荷；不预测 tile 重读。,60
aggregate; see repeats,moe.expert185.down,linear,"{""input"": [40, 1024], ""weight_math"": [1024, 4096], ""weight_storage"": [4096, 1024], ""output"": [40, 4096]}",335544320,0,{},8388608,81920,327680,独立 GEMM：权重与输入各读一次、输出写一次的操作数载荷；不预测 tile 重读。,60
aggregate; see repeats,moe.expert186.gate_up,linear,"{""input"": [40, 4096], ""weight_math"": [4096, 2048], ""weight_storage"": [2048, 4096], ""output"": [40, 2048]}",671088640,0,{},16777216,327680,163840,独立 GEMM：权重与输入各读一次、输出写一次的操作数载荷；不预测 tile 重读。,60
aggregate; see repeats,moe.expert186.down,linear,"{""input"": [40, 1024], ""weight_math"": [1024, 4096], ""weight_storage"": [4096, 1024], ""output"": [40, 4096]}",335544320,0,{},8388608,81920,327680,独立 GEMM：权重与输入各读一次、输出写一次的操作数载荷；不预测 tile 重读。,60
aggregate; see repeats,moe.expert187.gate_up,linear,"{""input"": [40, 4096], ""weight_math"": [4096, 2048], ""weight_storage"": [2048, 4096], ""output"": [40, 2048]}",671088640,0,{},16777216,327680,163840,独立 GEMM：权重与输入各读一次、输出写一次的操作数载荷；不预测 tile 重读。,60
aggregate; see repeats,moe.expert187.down,linear,"{""input"": [40, 1024], ""weight_math"": [1024, 4096], ""weight_storage"": [4096, 1024], ""output"": [40, 4096]}",335544320,0,{},8388608,81920,327680,独立 GEMM：权重与输入各读一次、输出写一次的操作数载荷；不预测 tile 重读。,60
aggregate; see repeats,moe.expert188.gate_up,linear,"{""input"": [40, 4096], ""weight_math"": [4096, 2048], ""weight_storage"": [2048, 4096], ""output"": [40, 2048]}",671088640,0,{},16777216,327680,163840,独立 GEMM：权重与输入各读一次、输出写一次的操作数载荷；不预测 tile 重读。,60
aggregate; see repeats,moe.expert188.down,linear,"{""input"": [40, 1024], ""weight_math"": [1024, 4096], ""weight_storage"": [4096, 1024], ""output"": [40, 4096]}",335544320,0,{},8388608,81920,327680,独立 GEMM：权重与输入各读一次、输出写一次的操作数载荷；不预测 tile 重读。,60
aggregate; see repeats,moe.expert189.gate_up,linear,"{""input"": [40, 4096], ""weight_math"": [4096, 2048], ""weight_storage"": [2048, 4096], ""output"": [40, 2048]}",671088640,0,{},16777216,327680,163840,独立 GEMM：权重与输入各读一次、输出写一次的操作数载荷；不预测 tile 重读。,60
aggregate; see repeats,moe.expert189.down,linear,"{""input"": [40, 1024], ""weight_math"": [1024, 4096], ""weight_storage"": [4096, 1024], ""output"": [40, 4096]}",335544320,0,{},8388608,81920,327680,独立 GEMM：权重与输入各读一次、输出写一次的操作数载荷；不预测 tile 重读。,60
aggregate; see repeats,moe.expert190.gate_up,linear,"{""input"": [40, 4096], ""weight_math"": [4096, 2048], ""weight_storage"": [2048, 4096], ""output"": [40, 2048]}",671088640,0,{},16777216,327680,163840,独立 GEMM：权重与输入各读一次、输出写一次的操作数载荷；不预测 tile 重读。,60
aggregate; see repeats,moe.expert190.down,linear,"{""input"": [40, 1024], ""weight_math"": [1024, 4096], ""weight_storage"": [4096, 1024], ""output"": [40, 4096]}",335544320,0,{},8388608,81920,327680,独立 GEMM：权重与输入各读一次、输出写一次的操作数载荷；不预测 tile 重读。,60
aggregate; see repeats,moe.expert191.gate_up,linear,"{""input"": [40, 4096], ""weight_math"": [4096, 2048], ""weight_storage"": [2048, 4096], ""output"": [40, 2048]}",671088640,0,{},16777216,327680,163840,独立 GEMM：权重与输入各读一次、输出写一次的操作数载荷；不预测 tile 重读。,60
aggregate; see repeats,moe.expert191.down,linear,"{""input"": [40, 1024], ""weight_math"": [1024, 4096], ""weight_storage"": [4096, 1024], ""output"": [40, 4096]}",335544320,0,{},8388608,81920,327680,独立 GEMM：权重与输入各读一次、输出写一次的操作数载荷；不预测 tile 重读。,60
aggregate; see repeats,moe.expert192.gate_up,linear,"{""input"": [40, 4096], ""weight_math"": [4096, 2048], ""weight_storage"": [2048, 4096], ""output"": [40, 2048]}",671088640,0,{},16777216,327680,163840,独立 GEMM：权重与输入各读一次、输出写一次的操作数载荷；不预测 tile 重读。,60
aggregate; see repeats,moe.expert192.down,linear,"{""input"": [40, 1024], ""weight_math"": [1024, 4096], ""weight_storage"": [4096, 1024], ""output"": [40, 4096]}",335544320,0,{},8388608,81920,327680,独立 GEMM：权重与输入各读一次、输出写一次的操作数载荷；不预测 tile 重读。,60
aggregate; see repeats,moe.expert193.gate_up,linear,"{""input"": [40, 4096], ""weight_math"": [4096, 2048], ""weight_storage"": [2048, 4096], ""output"": [40, 2048]}",671088640,0,{},16777216,327680,163840,独立 GEMM：权重与输入各读一次、输出写一次的操作数载荷；不预测 tile 重读。,60
aggregate; see repeats,moe.expert193.down,linear,"{""input"": [40, 1024], ""weight_math"": [1024, 4096], ""weight_storage"": [4096, 1024], ""output"": [40, 4096]}",335544320,0,{},8388608,81920,327680,独立 GEMM：权重与输入各读一次、输出写一次的操作数载荷；不预测 tile 重读。,60
aggregate; see repeats,moe.expert194.gate_up,linear,"{""input"": [40, 4096], ""weight_math"": [4096, 2048], ""weight_storage"": [2048, 4096], ""output"": [40, 2048]}",671088640,0,{},16777216,327680,163840,独立 GEMM：权重与输入各读一次、输出写一次的操作数载荷；不预测 tile 重读。,60
aggregate; see repeats,moe.expert194.down,linear,"{""input"": [40, 1024], ""weight_math"": [1024, 4096], ""weight_storage"": [4096, 1024], ""output"": [40, 4096]}",335544320,0,{},8388608,81920,327680,独立 GEMM：权重与输入各读一次、输出写一次的操作数载荷；不预测 tile 重读。,60
aggregate; see repeats,moe.expert195.gate_up,linear,"{""input"": [40, 4096], ""weight_math"": [4096, 2048], ""weight_storage"": [2048, 4096], ""output"": [40, 2048]}",671088640,0,{},16777216,327680,163840,独立 GEMM：权重与输入各读一次、输出写一次的操作数载荷；不预测 tile 重读。,60
aggregate; see repeats,moe.expert195.down,linear,"{""input"": [40, 1024], ""weight_math"": [1024, 4096], ""weight_storage"": [4096, 1024], ""output"": [40, 4096]}",335544320,0,{},8388608,81920,327680,独立 GEMM：权重与输入各读一次、输出写一次的操作数载荷；不预测 tile 重读。,60
aggregate; see repeats,moe.expert196.gate_up,linear,"{""input"": [40, 4096], ""weight_math"": [4096, 2048], ""weight_storage"": [2048, 4096], ""output"": [40, 2048]}",671088640,0,{},16777216,327680,163840,独立 GEMM：权重与输入各读一次、输出写一次的操作数载荷；不预测 tile 重读。,60
aggregate; see repeats,moe.expert196.down,linear,"{""input"": [40, 1024], ""weight_math"": [1024, 4096], ""weight_storage"": [4096, 1024], ""output"": [40, 4096]}",335544320,0,{},8388608,81920,327680,独立 GEMM：权重与输入各读一次、输出写一次的操作数载荷；不预测 tile 重读。,60
aggregate; see repeats,moe.expert197.gate_up,linear,"{""input"": [40, 4096], ""weight_math"": [4096, 2048], ""weight_storage"": [2048, 4096], ""output"": [40, 2048]}",671088640,0,{},16777216,327680,163840,独立 GEMM：权重与输入各读一次、输出写一次的操作数载荷；不预测 tile 重读。,60
aggregate; see repeats,moe.expert197.down,linear,"{""input"": [40, 1024], ""weight_math"": [1024, 4096], ""weight_storage"": [4096, 1024], ""output"": [40, 4096]}",335544320,0,{},8388608,81920,327680,独立 GEMM：权重与输入各读一次、输出写一次的操作数载荷；不预测 tile 重读。,60
aggregate; see repeats,moe.expert198.gate_up,linear,"{""input"": [40, 4096], ""weight_math"": [4096, 2048], ""weight_storage"": [2048, 4096], ""output"": [40, 2048]}",671088640,0,{},16777216,327680,163840,独立 GEMM：权重与输入各读一次、输出写一次的操作数载荷；不预测 tile 重读。,60
aggregate; see repeats,moe.expert198.down,linear,"{""input"": [40, 1024], ""weight_math"": [1024, 4096], ""weight_storage"": [4096, 1024], ""output"": [40, 4096]}",335544320,0,{},8388608,81920,327680,独立 GEMM：权重与输入各读一次、输出写一次的操作数载荷；不预测 tile 重读。,60
aggregate; see repeats,moe.expert199.gate_up,linear,"{""input"": [40, 4096], ""weight_math"": [4096, 2048], ""weight_storage"": [2048, 4096], ""output"": [40, 2048]}",671088640,0,{},16777216,327680,163840,独立 GEMM：权重与输入各读一次、输出写一次的操作数载荷；不预测 tile 重读。,60
aggregate; see repeats,moe.expert199.down,linear,"{""input"": [40, 1024], ""weight_math"": [1024, 4096], ""weight_storage"": [4096, 1024], ""output"": [40, 4096]}",335544320,0,{},8388608,81920,327680,独立 GEMM：权重与输入各读一次、输出写一次的操作数载荷；不预测 tile 重读。,60
aggregate; see repeats,moe.expert200.gate_up,linear,"{""input"": [40, 4096], ""weight_math"": [4096, 2048], ""weight_storage"": [2048, 4096], ""output"": [40, 2048]}",671088640,0,{},16777216,327680,163840,独立 GEMM：权重与输入各读一次、输出写一次的操作数载荷；不预测 tile 重读。,60
aggregate; see repeats,moe.expert200.down,linear,"{""input"": [40, 1024], ""weight_math"": [1024, 4096], ""weight_storage"": [4096, 1024], ""output"": [40, 4096]}",335544320,0,{},8388608,81920,327680,独立 GEMM：权重与输入各读一次、输出写一次的操作数载荷；不预测 tile 重读。,60
aggregate; see repeats,moe.expert201.gate_up,linear,"{""input"": [40, 4096], ""weight_math"": [4096, 2048], ""weight_storage"": [2048, 4096], ""output"": [40, 2048]}",671088640,0,{},16777216,327680,163840,独立 GEMM：权重与输入各读一次、输出写一次的操作数载荷；不预测 tile 重读。,60
aggregate; see repeats,moe.expert201.down,linear,"{""input"": [40, 1024], ""weight_math"": [1024, 4096], ""weight_storage"": [4096, 1024], ""output"": [40, 4096]}",335544320,0,{},8388608,81920,327680,独立 GEMM：权重与输入各读一次、输出写一次的操作数载荷；不预测 tile 重读。,60
aggregate; see repeats,moe.expert202.gate_up,linear,"{""input"": [40, 4096], ""weight_math"": [4096, 2048], ""weight_storage"": [2048, 4096], ""output"": [40, 2048]}",671088640,0,{},16777216,327680,163840,独立 GEMM：权重与输入各读一次、输出写一次的操作数载荷；不预测 tile 重读。,60
aggregate; see repeats,moe.expert202.down,linear,"{""input"": [40, 1024], ""weight_math"": [1024, 4096], ""weight_storage"": [4096, 1024], ""output"": [40, 4096]}",335544320,0,{},8388608,81920,327680,独立 GEMM：权重与输入各读一次、输出写一次的操作数载荷；不预测 tile 重读。,60
aggregate; see repeats,moe.expert203.gate_up,linear,"{""input"": [40, 4096], ""weight_math"": [4096, 2048], ""weight_storage"": [2048, 4096], ""output"": [40, 2048]}",671088640,0,{},16777216,327680,163840,独立 GEMM：权重与输入各读一次、输出写一次的操作数载荷；不预测 tile 重读。,60
aggregate; see repeats,moe.expert203.down,linear,"{""input"": [40, 1024], ""weight_math"": [1024, 4096], ""weight_storage"": [4096, 1024], ""output"": [40, 4096]}",335544320,0,{},8388608,81920,327680,独立 GEMM：权重与输入各读一次、输出写一次的操作数载荷；不预测 tile 重读。,60
aggregate; see repeats,moe.expert204.gate_up,linear,"{""input"": [40, 4096], ""weight_math"": [4096, 2048], ""weight_storage"": [2048, 4096], ""output"": [40, 2048]}",671088640,0,{},16777216,327680,163840,独立 GEMM：权重与输入各读一次、输出写一次的操作数载荷；不预测 tile 重读。,60
aggregate; see repeats,moe.expert204.down,linear,"{""input"": [40, 1024], ""weight_math"": [1024, 4096], ""weight_storage"": [4096, 1024], ""output"": [40, 4096]}",335544320,0,{},8388608,81920,327680,独立 GEMM：权重与输入各读一次、输出写一次的操作数载荷；不预测 tile 重读。,60
aggregate; see repeats,moe.expert205.gate_up,linear,"{""input"": [40, 4096], ""weight_math"": [4096, 2048], ""weight_storage"": [2048, 4096], ""output"": [40, 2048]}",671088640,0,{},16777216,327680,163840,独立 GEMM：权重与输入各读一次、输出写一次的操作数载荷；不预测 tile 重读。,60
aggregate; see repeats,moe.expert205.down,linear,"{""input"": [40, 1024], ""weight_math"": [1024, 4096], ""weight_storage"": [4096, 1024], ""output"": [40, 4096]}",335544320,0,{},8388608,81920,327680,独立 GEMM：权重与输入各读一次、输出写一次的操作数载荷；不预测 tile 重读。,60
aggregate; see repeats,moe.expert206.gate_up,linear,"{""input"": [40, 4096], ""weight_math"": [4096, 2048], ""weight_storage"": [2048, 4096], ""output"": [40, 2048]}",671088640,0,{},16777216,327680,163840,独立 GEMM：权重与输入各读一次、输出写一次的操作数载荷；不预测 tile 重读。,60
aggregate; see repeats,moe.expert206.down,linear,"{""input"": [40, 1024], ""weight_math"": [1024, 4096], ""weight_storage"": [4096, 1024], ""output"": [40, 4096]}",335544320,0,{},8388608,81920,327680,独立 GEMM：权重与输入各读一次、输出写一次的操作数载荷；不预测 tile 重读。,60
aggregate; see repeats,moe.expert207.gate_up,linear,"{""input"": [40, 4096], ""weight_math"": [4096, 2048], ""weight_storage"": [2048, 4096], ""output"": [40, 2048]}",671088640,0,{},16777216,327680,163840,独立 GEMM：权重与输入各读一次、输出写一次的操作数载荷；不预测 tile 重读。,60
aggregate; see repeats,moe.expert207.down,linear,"{""input"": [40, 1024], ""weight_math"": [1024, 4096], ""weight_storage"": [4096, 1024], ""output"": [40, 4096]}",335544320,0,{},8388608,81920,327680,独立 GEMM：权重与输入各读一次、输出写一次的操作数载荷；不预测 tile 重读。,60
aggregate; see repeats,moe.expert208.gate_up,linear,"{""input"": [40, 4096], ""weight_math"": [4096, 2048], ""weight_storage"": [2048, 4096], ""output"": [40, 2048]}",671088640,0,{},16777216,327680,163840,独立 GEMM：权重与输入各读一次、输出写一次的操作数载荷；不预测 tile 重读。,60
aggregate; see repeats,moe.expert208.down,linear,"{""input"": [40, 1024], ""weight_math"": [1024, 4096], ""weight_storage"": [4096, 1024], ""output"": [40, 4096]}",335544320,0,{},8388608,81920,327680,独立 GEMM：权重与输入各读一次、输出写一次的操作数载荷；不预测 tile 重读。,60
aggregate; see repeats,moe.expert209.gate_up,linear,"{""input"": [40, 4096], ""weight_math"": [4096, 2048], ""weight_storage"": [2048, 4096], ""output"": [40, 2048]}",671088640,0,{},16777216,327680,163840,独立 GEMM：权重与输入各读一次、输出写一次的操作数载荷；不预测 tile 重读。,60
aggregate; see repeats,moe.expert209.down,linear,"{""input"": [40, 1024], ""weight_math"": [1024, 4096], ""weight_storage"": [4096, 1024], ""output"": [40, 4096]}",335544320,0,{},8388608,81920,327680,独立 GEMM：权重与输入各读一次、输出写一次的操作数载荷；不预测 tile 重读。,60
aggregate; see repeats,moe.expert210.gate_up,linear,"{""input"": [40, 4096], ""weight_math"": [4096, 2048], ""weight_storage"": [2048, 4096], ""output"": [40, 2048]}",671088640,0,{},16777216,327680,163840,独立 GEMM：权重与输入各读一次、输出写一次的操作数载荷；不预测 tile 重读。,60
aggregate; see repeats,moe.expert210.down,linear,"{""input"": [40, 1024], ""weight_math"": [1024, 4096], ""weight_storage"": [4096, 1024], ""output"": [40, 4096]}",335544320,0,{},8388608,81920,327680,独立 GEMM：权重与输入各读一次、输出写一次的操作数载荷；不预测 tile 重读。,60
aggregate; see repeats,moe.expert211.gate_up,linear,"{""input"": [40, 4096], ""weight_math"": [4096, 2048], ""weight_storage"": [2048, 4096], ""output"": [40, 2048]}",671088640,0,{},16777216,327680,163840,独立 GEMM：权重与输入各读一次、输出写一次的操作数载荷；不预测 tile 重读。,60
aggregate; see repeats,moe.expert211.down,linear,"{""input"": [40, 1024], ""weight_math"": [1024, 4096], ""weight_storage"": [4096, 1024], ""output"": [40, 4096]}",335544320,0,{},8388608,81920,327680,独立 GEMM：权重与输入各读一次、输出写一次的操作数载荷；不预测 tile 重读。,60
aggregate; see repeats,moe.expert212.gate_up,linear,"{""input"": [40, 4096], ""weight_math"": [4096, 2048], ""weight_storage"": [2048, 4096], ""output"": [40, 2048]}",671088640,0,{},16777216,327680,163840,独立 GEMM：权重与输入各读一次、输出写一次的操作数载荷；不预测 tile 重读。,60
aggregate; see repeats,moe.expert212.down,linear,"{""input"": [40, 1024], ""weight_math"": [1024, 4096], ""weight_storage"": [4096, 1024], ""output"": [40, 4096]}",335544320,0,{},8388608,81920,327680,独立 GEMM：权重与输入各读一次、输出写一次的操作数载荷；不预测 tile 重读。,60
aggregate; see repeats,moe.expert213.gate_up,linear,"{""input"": [40, 4096], ""weight_math"": [4096, 2048], ""weight_storage"": [2048, 4096], ""output"": [40, 2048]}",671088640,0,{},16777216,327680,163840,独立 GEMM：权重与输入各读一次、输出写一次的操作数载荷；不预测 tile 重读。,60
aggregate; see repeats,moe.expert213.down,linear,"{""input"": [40, 1024], ""weight_math"": [1024, 4096], ""weight_storage"": [4096, 1024], ""output"": [40, 4096]}",335544320,0,{},8388608,81920,327680,独立 GEMM：权重与输入各读一次、输出写一次的操作数载荷；不预测 tile 重读。,60
aggregate; see repeats,moe.expert214.gate_up,linear,"{""input"": [40, 4096], ""weight_math"": [4096, 2048], ""weight_storage"": [2048, 4096], ""output"": [40, 2048]}",671088640,0,{},16777216,327680,163840,独立 GEMM：权重与输入各读一次、输出写一次的操作数载荷；不预测 tile 重读。,60
aggregate; see repeats,moe.expert214.down,linear,"{""input"": [40, 1024], ""weight_math"": [1024, 4096], ""weight_storage"": [4096, 1024], ""output"": [40, 4096]}",335544320,0,{},8388608,81920,327680,独立 GEMM：权重与输入各读一次、输出写一次的操作数载荷；不预测 tile 重读。,60
aggregate; see repeats,moe.expert215.gate_up,linear,"{""input"": [40, 4096], ""weight_math"": [4096, 2048], ""weight_storage"": [2048, 4096], ""output"": [40, 2048]}",671088640,0,{},16777216,327680,163840,独立 GEMM：权重与输入各读一次、输出写一次的操作数载荷；不预测 tile 重读。,60
aggregate; see repeats,moe.expert215.down,linear,"{""input"": [40, 1024], ""weight_math"": [1024, 4096], ""weight_storage"": [4096, 1024], ""output"": [40, 4096]}",335544320,0,{},8388608,81920,327680,独立 GEMM：权重与输入各读一次、输出写一次的操作数载荷；不预测 tile 重读。,60
aggregate; see repeats,moe.expert216.gate_up,linear,"{""input"": [40, 4096], ""weight_math"": [4096, 2048], ""weight_storage"": [2048, 4096], ""output"": [40, 2048]}",671088640,0,{},16777216,327680,163840,独立 GEMM：权重与输入各读一次、输出写一次的操作数载荷；不预测 tile 重读。,60
aggregate; see repeats,moe.expert216.down,linear,"{""input"": [40, 1024], ""weight_math"": [1024, 4096], ""weight_storage"": [4096, 1024], ""output"": [40, 4096]}",335544320,0,{},8388608,81920,327680,独立 GEMM：权重与输入各读一次、输出写一次的操作数载荷；不预测 tile 重读。,60
aggregate; see repeats,moe.expert217.gate_up,linear,"{""input"": [40, 4096], ""weight_math"": [4096, 2048], ""weight_storage"": [2048, 4096], ""output"": [40, 2048]}",671088640,0,{},16777216,327680,163840,独立 GEMM：权重与输入各读一次、输出写一次的操作数载荷；不预测 tile 重读。,60
aggregate; see repeats,moe.expert217.down,linear,"{""input"": [40, 1024], ""weight_math"": [1024, 4096], ""weight_storage"": [4096, 1024], ""output"": [40, 4096]}",335544320,0,{},8388608,81920,327680,独立 GEMM：权重与输入各读一次、输出写一次的操作数载荷；不预测 tile 重读。,60
aggregate; see repeats,moe.expert218.gate_up,linear,"{""input"": [40, 4096], ""weight_math"": [4096, 2048], ""weight_storage"": [2048, 4096], ""output"": [40, 2048]}",671088640,0,{},16777216,327680,163840,独立 GEMM：权重与输入各读一次、输出写一次的操作数载荷；不预测 tile 重读。,60
aggregate; see repeats,moe.expert218.down,linear,"{""input"": [40, 1024], ""weight_math"": [1024, 4096], ""weight_storage"": [4096, 1024], ""output"": [40, 4096]}",335544320,0,{},8388608,81920,327680,独立 GEMM：权重与输入各读一次、输出写一次的操作数载荷；不预测 tile 重读。,60
aggregate; see repeats,moe.expert219.gate_up,linear,"{""input"": [40, 4096], ""weight_math"": [4096, 2048], ""weight_storage"": [2048, 4096], ""output"": [40, 2048]}",671088640,0,{},16777216,327680,163840,独立 GEMM：权重与输入各读一次、输出写一次的操作数载荷；不预测 tile 重读。,60
aggregate; see repeats,moe.expert219.down,linear,"{""input"": [40, 1024], ""weight_math"": [1024, 4096], ""weight_storage"": [4096, 1024], ""output"": [40, 4096]}",335544320,0,{},8388608,81920,327680,独立 GEMM：权重与输入各读一次、输出写一次的操作数载荷；不预测 tile 重读。,60
aggregate; see repeats,moe.expert220.gate_up,linear,"{""input"": [40, 4096], ""weight_math"": [4096, 2048], ""weight_storage"": [2048, 4096], ""output"": [40, 2048]}",671088640,0,{},16777216,327680,163840,独立 GEMM：权重与输入各读一次、输出写一次的操作数载荷；不预测 tile 重读。,60
aggregate; see repeats,moe.expert220.down,linear,"{""input"": [40, 1024], ""weight_math"": [1024, 4096], ""weight_storage"": [4096, 1024], ""output"": [40, 4096]}",335544320,0,{},8388608,81920,327680,独立 GEMM：权重与输入各读一次、输出写一次的操作数载荷；不预测 tile 重读。,60
aggregate; see repeats,moe.expert221.gate_up,linear,"{""input"": [40, 4096], ""weight_math"": [4096, 2048], ""weight_storage"": [2048, 4096], ""output"": [40, 2048]}",671088640,0,{},16777216,327680,163840,独立 GEMM：权重与输入各读一次、输出写一次的操作数载荷；不预测 tile 重读。,60
aggregate; see repeats,moe.expert221.down,linear,"{""input"": [40, 1024], ""weight_math"": [1024, 4096], ""weight_storage"": [4096, 1024], ""output"": [40, 4096]}",335544320,0,{},8388608,81920,327680,独立 GEMM：权重与输入各读一次、输出写一次的操作数载荷；不预测 tile 重读。,60
aggregate; see repeats,moe.expert222.gate_up,linear,"{""input"": [40, 4096], ""weight_math"": [4096, 2048], ""weight_storage"": [2048, 4096], ""output"": [40, 2048]}",671088640,0,{},16777216,327680,163840,独立 GEMM：权重与输入各读一次、输出写一次的操作数载荷；不预测 tile 重读。,60
aggregate; see repeats,moe.expert222.down,linear,"{""input"": [40, 1024], ""weight_math"": [1024, 4096], ""weight_storage"": [4096, 1024], ""output"": [40, 4096]}",335544320,0,{},8388608,81920,327680,独立 GEMM：权重与输入各读一次、输出写一次的操作数载荷；不预测 tile 重读。,60
aggregate; see repeats,moe.expert223.gate_up,linear,"{""input"": [40, 4096], ""weight_math"": [4096, 2048], ""weight_storage"": [2048, 4096], ""output"": [40, 2048]}",671088640,0,{},16777216,327680,163840,独立 GEMM：权重与输入各读一次、输出写一次的操作数载荷；不预测 tile 重读。,60
aggregate; see repeats,moe.expert223.down,linear,"{""input"": [40, 1024], ""weight_math"": [1024, 4096], ""weight_storage"": [4096, 1024], ""output"": [40, 4096]}",335544320,0,{},8388608,81920,327680,独立 GEMM：权重与输入各读一次、输出写一次的操作数载荷；不预测 tile 重读。,60
aggregate; see repeats,moe.expert224.gate_up,linear,"{""input"": [40, 4096], ""weight_math"": [4096, 2048], ""weight_storage"": [2048, 4096], ""output"": [40, 2048]}",671088640,0,{},16777216,327680,163840,独立 GEMM：权重与输入各读一次、输出写一次的操作数载荷；不预测 tile 重读。,60
aggregate; see repeats,moe.expert224.down,linear,"{""input"": [40, 1024], ""weight_math"": [1024, 4096], ""weight_storage"": [4096, 1024], ""output"": [40, 4096]}",335544320,0,{},8388608,81920,327680,独立 GEMM：权重与输入各读一次、输出写一次的操作数载荷；不预测 tile 重读。,60
aggregate; see repeats,moe.expert225.gate_up,linear,"{""input"": [40, 4096], ""weight_math"": [4096, 2048], ""weight_storage"": [2048, 4096], ""output"": [40, 2048]}",671088640,0,{},16777216,327680,163840,独立 GEMM：权重与输入各读一次、输出写一次的操作数载荷；不预测 tile 重读。,60
aggregate; see repeats,moe.expert225.down,linear,"{""input"": [40, 1024], ""weight_math"": [1024, 4096], ""weight_storage"": [4096, 1024], ""output"": [40, 4096]}",335544320,0,{},8388608,81920,327680,独立 GEMM：权重与输入各读一次、输出写一次的操作数载荷；不预测 tile 重读。,60
aggregate; see repeats,moe.expert226.gate_up,linear,"{""input"": [40, 4096], ""weight_math"": [4096, 2048], ""weight_storage"": [2048, 4096], ""output"": [40, 2048]}",671088640,0,{},16777216,327680,163840,独立 GEMM：权重与输入各读一次、输出写一次的操作数载荷；不预测 tile 重读。,60
aggregate; see repeats,moe.expert226.down,linear,"{""input"": [40, 1024], ""weight_math"": [1024, 4096], ""weight_storage"": [4096, 1024], ""output"": [40, 4096]}",335544320,0,{},8388608,81920,327680,独立 GEMM：权重与输入各读一次、输出写一次的操作数载荷；不预测 tile 重读。,60
aggregate; see repeats,moe.expert227.gate_up,linear,"{""input"": [40, 4096], ""weight_math"": [4096, 2048], ""weight_storage"": [2048, 4096], ""output"": [40, 2048]}",671088640,0,{},16777216,327680,163840,独立 GEMM：权重与输入各读一次、输出写一次的操作数载荷；不预测 tile 重读。,60
aggregate; see repeats,moe.expert227.down,linear,"{""input"": [40, 1024], ""weight_math"": [1024, 4096], ""weight_storage"": [4096, 1024], ""output"": [40, 4096]}",335544320,0,{},8388608,81920,327680,独立 GEMM：权重与输入各读一次、输出写一次的操作数载荷；不预测 tile 重读。,60
aggregate; see repeats,moe.expert228.gate_up,linear,"{""input"": [40, 4096], ""weight_math"": [4096, 2048], ""weight_storage"": [2048, 4096], ""output"": [40, 2048]}",671088640,0,{},16777216,327680,163840,独立 GEMM：权重与输入各读一次、输出写一次的操作数载荷；不预测 tile 重读。,60
aggregate; see repeats,moe.expert228.down,linear,"{""input"": [40, 1024], ""weight_math"": [1024, 4096], ""weight_storage"": [4096, 1024], ""output"": [40, 4096]}",335544320,0,{},8388608,81920,327680,独立 GEMM：权重与输入各读一次、输出写一次的操作数载荷；不预测 tile 重读。,60
aggregate; see repeats,moe.expert229.gate_up,linear,"{""input"": [40, 4096], ""weight_math"": [4096, 2048], ""weight_storage"": [2048, 4096], ""output"": [40, 2048]}",671088640,0,{},16777216,327680,163840,独立 GEMM：权重与输入各读一次、输出写一次的操作数载荷；不预测 tile 重读。,60
aggregate; see repeats,moe.expert229.down,linear,"{""input"": [40, 1024], ""weight_math"": [1024, 4096], ""weight_storage"": [4096, 1024], ""output"": [40, 4096]}",335544320,0,{},8388608,81920,327680,独立 GEMM：权重与输入各读一次、输出写一次的操作数载荷；不预测 tile 重读。,60
aggregate; see repeats,moe.expert230.gate_up,linear,"{""input"": [40, 4096], ""weight_math"": [4096, 2048], ""weight_storage"": [2048, 4096], ""output"": [40, 2048]}",671088640,0,{},16777216,327680,163840,独立 GEMM：权重与输入各读一次、输出写一次的操作数载荷；不预测 tile 重读。,60
aggregate; see repeats,moe.expert230.down,linear,"{""input"": [40, 1024], ""weight_math"": [1024, 4096], ""weight_storage"": [4096, 1024], ""output"": [40, 4096]}",335544320,0,{},8388608,81920,327680,独立 GEMM：权重与输入各读一次、输出写一次的操作数载荷；不预测 tile 重读。,60
aggregate; see repeats,moe.expert231.gate_up,linear,"{""input"": [40, 4096], ""weight_math"": [4096, 2048], ""weight_storage"": [2048, 4096], ""output"": [40, 2048]}",671088640,0,{},16777216,327680,163840,独立 GEMM：权重与输入各读一次、输出写一次的操作数载荷；不预测 tile 重读。,60
aggregate; see repeats,moe.expert231.down,linear,"{""input"": [40, 1024], ""weight_math"": [1024, 4096], ""weight_storage"": [4096, 1024], ""output"": [40, 4096]}",335544320,0,{},8388608,81920,327680,独立 GEMM：权重与输入各读一次、输出写一次的操作数载荷；不预测 tile 重读。,60
aggregate; see repeats,moe.expert232.gate_up,linear,"{""input"": [40, 4096], ""weight_math"": [4096, 2048], ""weight_storage"": [2048, 4096], ""output"": [40, 2048]}",671088640,0,{},16777216,327680,163840,独立 GEMM：权重与输入各读一次、输出写一次的操作数载荷；不预测 tile 重读。,60
aggregate; see repeats,moe.expert232.down,linear,"{""input"": [40, 1024], ""weight_math"": [1024, 4096], ""weight_storage"": [4096, 1024], ""output"": [40, 4096]}",335544320,0,{},8388608,81920,327680,独立 GEMM：权重与输入各读一次、输出写一次的操作数载荷；不预测 tile 重读。,60
aggregate; see repeats,moe.expert233.gate_up,linear,"{""input"": [40, 4096], ""weight_math"": [4096, 2048], ""weight_storage"": [2048, 4096], ""output"": [40, 2048]}",671088640,0,{},16777216,327680,163840,独立 GEMM：权重与输入各读一次、输出写一次的操作数载荷；不预测 tile 重读。,60
aggregate; see repeats,moe.expert233.down,linear,"{""input"": [40, 1024], ""weight_math"": [1024, 4096], ""weight_storage"": [4096, 1024], ""output"": [40, 4096]}",335544320,0,{},8388608,81920,327680,独立 GEMM：权重与输入各读一次、输出写一次的操作数载荷；不预测 tile 重读。,60
aggregate; see repeats,moe.expert234.gate_up,linear,"{""input"": [40, 4096], ""weight_math"": [4096, 2048], ""weight_storage"": [2048, 4096], ""output"": [40, 2048]}",671088640,0,{},16777216,327680,163840,独立 GEMM：权重与输入各读一次、输出写一次的操作数载荷；不预测 tile 重读。,60
aggregate; see repeats,moe.expert234.down,linear,"{""input"": [40, 1024], ""weight_math"": [1024, 4096], ""weight_storage"": [4096, 1024], ""output"": [40, 4096]}",335544320,0,{},8388608,81920,327680,独立 GEMM：权重与输入各读一次、输出写一次的操作数载荷；不预测 tile 重读。,60
aggregate; see repeats,moe.expert235.gate_up,linear,"{""input"": [40, 4096], ""weight_math"": [4096, 2048], ""weight_storage"": [2048, 4096], ""output"": [40, 2048]}",671088640,0,{},16777216,327680,163840,独立 GEMM：权重与输入各读一次、输出写一次的操作数载荷；不预测 tile 重读。,60
aggregate; see repeats,moe.expert235.down,linear,"{""input"": [40, 1024], ""weight_math"": [1024, 4096], ""weight_storage"": [4096, 1024], ""output"": [40, 4096]}",335544320,0,{},8388608,81920,327680,独立 GEMM：权重与输入各读一次、输出写一次的操作数载荷；不预测 tile 重读。,60
aggregate; see repeats,moe.expert236.gate_up,linear,"{""input"": [40, 4096], ""weight_math"": [4096, 2048], ""weight_storage"": [2048, 4096], ""output"": [40, 2048]}",671088640,0,{},16777216,327680,163840,独立 GEMM：权重与输入各读一次、输出写一次的操作数载荷；不预测 tile 重读。,60
aggregate; see repeats,moe.expert236.down,linear,"{""input"": [40, 1024], ""weight_math"": [1024, 4096], ""weight_storage"": [4096, 1024], ""output"": [40, 4096]}",335544320,0,{},8388608,81920,327680,独立 GEMM：权重与输入各读一次、输出写一次的操作数载荷；不预测 tile 重读。,60
aggregate; see repeats,moe.expert237.gate_up,linear,"{""input"": [40, 4096], ""weight_math"": [4096, 2048], ""weight_storage"": [2048, 4096], ""output"": [40, 2048]}",671088640,0,{},16777216,327680,163840,独立 GEMM：权重与输入各读一次、输出写一次的操作数载荷；不预测 tile 重读。,60
aggregate; see repeats,moe.expert237.down,linear,"{""input"": [40, 1024], ""weight_math"": [1024, 4096], ""weight_storage"": [4096, 1024], ""output"": [40, 4096]}",335544320,0,{},8388608,81920,327680,独立 GEMM：权重与输入各读一次、输出写一次的操作数载荷；不预测 tile 重读。,60
aggregate; see repeats,moe.expert238.gate_up,linear,"{""input"": [40, 4096], ""weight_math"": [4096, 2048], ""weight_storage"": [2048, 4096], ""output"": [40, 2048]}",671088640,0,{},16777216,327680,163840,独立 GEMM：权重与输入各读一次、输出写一次的操作数载荷；不预测 tile 重读。,60
aggregate; see repeats,moe.expert238.down,linear,"{""input"": [40, 1024], ""weight_math"": [1024, 4096], ""weight_storage"": [4096, 1024], ""output"": [40, 4096]}",335544320,0,{},8388608,81920,327680,独立 GEMM：权重与输入各读一次、输出写一次的操作数载荷；不预测 tile 重读。,60
aggregate; see repeats,moe.expert239.gate_up,linear,"{""input"": [40, 4096], ""weight_math"": [4096, 2048], ""weight_storage"": [2048, 4096], ""output"": [40, 2048]}",671088640,0,{},16777216,327680,163840,独立 GEMM：权重与输入各读一次、输出写一次的操作数载荷；不预测 tile 重读。,60
aggregate; see repeats,moe.expert239.down,linear,"{""input"": [40, 1024], ""weight_math"": [1024, 4096], ""weight_storage"": [4096, 1024], ""output"": [40, 4096]}",335544320,0,{},8388608,81920,327680,独立 GEMM：权重与输入各读一次、输出写一次的操作数载荷；不预测 tile 重读。,60
aggregate; see repeats,moe.expert240.gate_up,linear,"{""input"": [40, 4096], ""weight_math"": [4096, 2048], ""weight_storage"": [2048, 4096], ""output"": [40, 2048]}",671088640,0,{},16777216,327680,163840,独立 GEMM：权重与输入各读一次、输出写一次的操作数载荷；不预测 tile 重读。,60
aggregate; see repeats,moe.expert240.down,linear,"{""input"": [40, 1024], ""weight_math"": [1024, 4096], ""weight_storage"": [4096, 1024], ""output"": [40, 4096]}",335544320,0,{},8388608,81920,327680,独立 GEMM：权重与输入各读一次、输出写一次的操作数载荷；不预测 tile 重读。,60
aggregate; see repeats,moe.expert241.gate_up,linear,"{""input"": [40, 4096], ""weight_math"": [4096, 2048], ""weight_storage"": [2048, 4096], ""output"": [40, 2048]}",671088640,0,{},16777216,327680,163840,独立 GEMM：权重与输入各读一次、输出写一次的操作数载荷；不预测 tile 重读。,60
aggregate; see repeats,moe.expert241.down,linear,"{""input"": [40, 1024], ""weight_math"": [1024, 4096], ""weight_storage"": [4096, 1024], ""output"": [40, 4096]}",335544320,0,{},8388608,81920,327680,独立 GEMM：权重与输入各读一次、输出写一次的操作数载荷；不预测 tile 重读。,60
aggregate; see repeats,moe.expert242.gate_up,linear,"{""input"": [40, 4096], ""weight_math"": [4096, 2048], ""weight_storage"": [2048, 4096], ""output"": [40, 2048]}",671088640,0,{},16777216,327680,163840,独立 GEMM：权重与输入各读一次、输出写一次的操作数载荷；不预测 tile 重读。,60
aggregate; see repeats,moe.expert242.down,linear,"{""input"": [40, 1024], ""weight_math"": [1024, 4096], ""weight_storage"": [4096, 1024], ""output"": [40, 4096]}",335544320,0,{},8388608,81920,327680,独立 GEMM：权重与输入各读一次、输出写一次的操作数载荷；不预测 tile 重读。,60
aggregate; see repeats,moe.expert243.gate_up,linear,"{""input"": [40, 4096], ""weight_math"": [4096, 2048], ""weight_storage"": [2048, 4096], ""output"": [40, 2048]}",671088640,0,{},16777216,327680,163840,独立 GEMM：权重与输入各读一次、输出写一次的操作数载荷；不预测 tile 重读。,60
aggregate; see repeats,moe.expert243.down,linear,"{""input"": [40, 1024], ""weight_math"": [1024, 4096], ""weight_storage"": [4096, 1024], ""output"": [40, 4096]}",335544320,0,{},8388608,81920,327680,独立 GEMM：权重与输入各读一次、输出写一次的操作数载荷；不预测 tile 重读。,60
aggregate; see repeats,moe.expert244.gate_up,linear,"{""input"": [40, 4096], ""weight_math"": [4096, 2048], ""weight_storage"": [2048, 4096], ""output"": [40, 2048]}",671088640,0,{},16777216,327680,163840,独立 GEMM：权重与输入各读一次、输出写一次的操作数载荷；不预测 tile 重读。,60
aggregate; see repeats,moe.expert244.down,linear,"{""input"": [40, 1024], ""weight_math"": [1024, 4096], ""weight_storage"": [4096, 1024], ""output"": [40, 4096]}",335544320,0,{},8388608,81920,327680,独立 GEMM：权重与输入各读一次、输出写一次的操作数载荷；不预测 tile 重读。,60
aggregate; see repeats,moe.expert245.gate_up,linear,"{""input"": [40, 4096], ""weight_math"": [4096, 2048], ""weight_storage"": [2048, 4096], ""output"": [40, 2048]}",671088640,0,{},16777216,327680,163840,独立 GEMM：权重与输入各读一次、输出写一次的操作数载荷；不预测 tile 重读。,60
aggregate; see repeats,moe.expert245.down,linear,"{""input"": [40, 1024], ""weight_math"": [1024, 4096], ""weight_storage"": [4096, 1024], ""output"": [40, 4096]}",335544320,0,{},8388608,81920,327680,独立 GEMM：权重与输入各读一次、输出写一次的操作数载荷；不预测 tile 重读。,60
aggregate; see repeats,moe.expert246.gate_up,linear,"{""input"": [40, 4096], ""weight_math"": [4096, 2048], ""weight_storage"": [2048, 4096], ""output"": [40, 2048]}",671088640,0,{},16777216,327680,163840,独立 GEMM：权重与输入各读一次、输出写一次的操作数载荷；不预测 tile 重读。,60
aggregate; see repeats,moe.expert246.down,linear,"{""input"": [40, 1024], ""weight_math"": [1024, 4096], ""weight_storage"": [4096, 1024], ""output"": [40, 4096]}",335544320,0,{},8388608,81920,327680,独立 GEMM：权重与输入各读一次、输出写一次的操作数载荷；不预测 tile 重读。,60
aggregate; see repeats,moe.expert247.gate_up,linear,"{""input"": [40, 4096], ""weight_math"": [4096, 2048], ""weight_storage"": [2048, 4096], ""output"": [40, 2048]}",671088640,0,{},16777216,327680,163840,独立 GEMM：权重与输入各读一次、输出写一次的操作数载荷；不预测 tile 重读。,60
aggregate; see repeats,moe.expert247.down,linear,"{""input"": [40, 1024], ""weight_math"": [1024, 4096], ""weight_storage"": [4096, 1024], ""output"": [40, 4096]}",335544320,0,{},8388608,81920,327680,独立 GEMM：权重与输入各读一次、输出写一次的操作数载荷；不预测 tile 重读。,60
aggregate; see repeats,moe.expert248.gate_up,linear,"{""input"": [40, 4096], ""weight_math"": [4096, 2048], ""weight_storage"": [2048, 4096], ""output"": [40, 2048]}",671088640,0,{},16777216,327680,163840,独立 GEMM：权重与输入各读一次、输出写一次的操作数载荷；不预测 tile 重读。,60
aggregate; see repeats,moe.expert248.down,linear,"{""input"": [40, 1024], ""weight_math"": [1024, 4096], ""weight_storage"": [4096, 1024], ""output"": [40, 4096]}",335544320,0,{},8388608,81920,327680,独立 GEMM：权重与输入各读一次、输出写一次的操作数载荷；不预测 tile 重读。,60
aggregate; see repeats,moe.expert249.gate_up,linear,"{""input"": [40, 4096], ""weight_math"": [4096, 2048], ""weight_storage"": [2048, 4096], ""output"": [40, 2048]}",671088640,0,{},16777216,327680,163840,独立 GEMM：权重与输入各读一次、输出写一次的操作数载荷；不预测 tile 重读。,60
aggregate; see repeats,moe.expert249.down,linear,"{""input"": [40, 1024], ""weight_math"": [1024, 4096], ""weight_storage"": [4096, 1024], ""output"": [40, 4096]}",335544320,0,{},8388608,81920,327680,独立 GEMM：权重与输入各读一次、输出写一次的操作数载荷；不预测 tile 重读。,60
aggregate; see repeats,moe.expert250.gate_up,linear,"{""input"": [40, 4096], ""weight_math"": [4096, 2048], ""weight_storage"": [2048, 4096], ""output"": [40, 2048]}",671088640,0,{},16777216,327680,163840,独立 GEMM：权重与输入各读一次、输出写一次的操作数载荷；不预测 tile 重读。,60
aggregate; see repeats,moe.expert250.down,linear,"{""input"": [40, 1024], ""weight_math"": [1024, 4096], ""weight_storage"": [4096, 1024], ""output"": [40, 4096]}",335544320,0,{},8388608,81920,327680,独立 GEMM：权重与输入各读一次、输出写一次的操作数载荷；不预测 tile 重读。,60
aggregate; see repeats,moe.expert251.gate_up,linear,"{""input"": [40, 4096], ""weight_math"": [4096, 2048], ""weight_storage"": [2048, 4096], ""output"": [40, 2048]}",671088640,0,{},16777216,327680,163840,独立 GEMM：权重与输入各读一次、输出写一次的操作数载荷；不预测 tile 重读。,60
aggregate; see repeats,moe.expert251.down,linear,"{""input"": [40, 1024], ""weight_math"": [1024, 4096], ""weight_storage"": [4096, 1024], ""output"": [40, 4096]}",335544320,0,{},8388608,81920,327680,独立 GEMM：权重与输入各读一次、输出写一次的操作数载荷；不预测 tile 重读。,60
aggregate; see repeats,moe.expert252.gate_up,linear,"{""input"": [40, 4096], ""weight_math"": [4096, 2048], ""weight_storage"": [2048, 4096], ""output"": [40, 2048]}",671088640,0,{},16777216,327680,163840,独立 GEMM：权重与输入各读一次、输出写一次的操作数载荷；不预测 tile 重读。,60
aggregate; see repeats,moe.expert252.down,linear,"{""input"": [40, 1024], ""weight_math"": [1024, 4096], ""weight_storage"": [4096, 1024], ""output"": [40, 4096]}",335544320,0,{},8388608,81920,327680,独立 GEMM：权重与输入各读一次、输出写一次的操作数载荷；不预测 tile 重读。,60
aggregate; see repeats,moe.expert253.gate_up,linear,"{""input"": [40, 4096], ""weight_math"": [4096, 2048], ""weight_storage"": [2048, 4096], ""output"": [40, 2048]}",671088640,0,{},16777216,327680,163840,独立 GEMM：权重与输入各读一次、输出写一次的操作数载荷；不预测 tile 重读。,60
aggregate; see repeats,moe.expert253.down,linear,"{""input"": [40, 1024], ""weight_math"": [1024, 4096], ""weight_storage"": [4096, 1024], ""output"": [40, 4096]}",335544320,0,{},8388608,81920,327680,独立 GEMM：权重与输入各读一次、输出写一次的操作数载荷；不预测 tile 重读。,60
aggregate; see repeats,moe.expert254.gate_up,linear,"{""input"": [40, 4096], ""weight_math"": [4096, 2048], ""weight_storage"": [2048, 4096], ""output"": [40, 2048]}",671088640,0,{},16777216,327680,163840,独立 GEMM：权重与输入各读一次、输出写一次的操作数载荷；不预测 tile 重读。,60
aggregate; see repeats,moe.expert254.down,linear,"{""input"": [40, 1024], ""weight_math"": [1024, 4096], ""weight_storage"": [4096, 1024], ""output"": [40, 4096]}",335544320,0,{},8388608,81920,327680,独立 GEMM：权重与输入各读一次、输出写一次的操作数载荷；不预测 tile 重读。,60
aggregate; see repeats,moe.expert255.gate_up,linear,"{""input"": [40, 4096], ""weight_math"": [4096, 2048], ""weight_storage"": [2048, 4096], ""output"": [40, 2048]}",671088640,0,{},16777216,327680,163840,独立 GEMM：权重与输入各读一次、输出写一次的操作数载荷；不预测 tile 重读。,60
aggregate; see repeats,moe.expert255.down,linear,"{""input"": [40, 1024], ""weight_math"": [1024, 4096], ""weight_storage"": [4096, 1024], ""output"": [40, 4096]}",335544320,0,{},8388608,81920,327680,独立 GEMM：权重与输入各读一次、输出写一次的操作数载荷；不预测 tile 重读。,60
aggregate; see repeats,moe.expert256.gate_up,linear,"{""input"": [40, 4096], ""weight_math"": [4096, 2048], ""weight_storage"": [2048, 4096], ""output"": [40, 2048]}",671088640,0,{},16777216,327680,163840,独立 GEMM：权重与输入各读一次、输出写一次的操作数载荷；不预测 tile 重读。,60
aggregate; see repeats,moe.expert256.down,linear,"{""input"": [40, 1024], ""weight_math"": [1024, 4096], ""weight_storage"": [4096, 1024], ""output"": [40, 4096]}",335544320,0,{},8388608,81920,327680,独立 GEMM：权重与输入各读一次、输出写一次的操作数载荷；不预测 tile 重读。,60
aggregate; see repeats,moe.expert257.gate_up,linear,"{""input"": [40, 4096], ""weight_math"": [4096, 2048], ""weight_storage"": [2048, 4096], ""output"": [40, 2048]}",671088640,0,{},16777216,327680,163840,独立 GEMM：权重与输入各读一次、输出写一次的操作数载荷；不预测 tile 重读。,60
aggregate; see repeats,moe.expert257.down,linear,"{""input"": [40, 1024], ""weight_math"": [1024, 4096], ""weight_storage"": [4096, 1024], ""output"": [40, 4096]}",335544320,0,{},8388608,81920,327680,独立 GEMM：权重与输入各读一次、输出写一次的操作数载荷；不预测 tile 重读。,60
aggregate; see repeats,moe.expert258.gate_up,linear,"{""input"": [40, 4096], ""weight_math"": [4096, 2048], ""weight_storage"": [2048, 4096], ""output"": [40, 2048]}",671088640,0,{},16777216,327680,163840,独立 GEMM：权重与输入各读一次、输出写一次的操作数载荷；不预测 tile 重读。,60
aggregate; see repeats,moe.expert258.down,linear,"{""input"": [40, 1024], ""weight_math"": [1024, 4096], ""weight_storage"": [4096, 1024], ""output"": [40, 4096]}",335544320,0,{},8388608,81920,327680,独立 GEMM：权重与输入各读一次、输出写一次的操作数载荷；不预测 tile 重读。,60
aggregate; see repeats,moe.expert259.gate_up,linear,"{""input"": [40, 4096], ""weight_math"": [4096, 2048], ""weight_storage"": [2048, 4096], ""output"": [40, 2048]}",671088640,0,{},16777216,327680,163840,独立 GEMM：权重与输入各读一次、输出写一次的操作数载荷；不预测 tile 重读。,60
aggregate; see repeats,moe.expert259.down,linear,"{""input"": [40, 1024], ""weight_math"": [1024, 4096], ""weight_storage"": [4096, 1024], ""output"": [40, 4096]}",335544320,0,{},8388608,81920,327680,独立 GEMM：权重与输入各读一次、输出写一次的操作数载荷；不预测 tile 重读。,60
aggregate; see repeats,moe.expert260.gate_up,linear,"{""input"": [40, 4096], ""weight_math"": [4096, 2048], ""weight_storage"": [2048, 4096], ""output"": [40, 2048]}",671088640,0,{},16777216,327680,163840,独立 GEMM：权重与输入各读一次、输出写一次的操作数载荷；不预测 tile 重读。,60
aggregate; see repeats,moe.expert260.down,linear,"{""input"": [40, 1024], ""weight_math"": [1024, 4096], ""weight_storage"": [4096, 1024], ""output"": [40, 4096]}",335544320,0,{},8388608,81920,327680,独立 GEMM：权重与输入各读一次、输出写一次的操作数载荷；不预测 tile 重读。,60
aggregate; see repeats,moe.expert261.gate_up,linear,"{""input"": [40, 4096], ""weight_math"": [4096, 2048], ""weight_storage"": [2048, 4096], ""output"": [40, 2048]}",671088640,0,{},16777216,327680,163840,独立 GEMM：权重与输入各读一次、输出写一次的操作数载荷；不预测 tile 重读。,60
aggregate; see repeats,moe.expert261.down,linear,"{""input"": [40, 1024], ""weight_math"": [1024, 4096], ""weight_storage"": [4096, 1024], ""output"": [40, 4096]}",335544320,0,{},8388608,81920,327680,独立 GEMM：权重与输入各读一次、输出写一次的操作数载荷；不预测 tile 重读。,60
aggregate; see repeats,moe.expert262.gate_up,linear,"{""input"": [40, 4096], ""weight_math"": [4096, 2048], ""weight_storage"": [2048, 4096], ""output"": [40, 2048]}",671088640,0,{},16777216,327680,163840,独立 GEMM：权重与输入各读一次、输出写一次的操作数载荷；不预测 tile 重读。,60
aggregate; see repeats,moe.expert262.down,linear,"{""input"": [40, 1024], ""weight_math"": [1024, 4096], ""weight_storage"": [4096, 1024], ""output"": [40, 4096]}",335544320,0,{},8388608,81920,327680,独立 GEMM：权重与输入各读一次、输出写一次的操作数载荷；不预测 tile 重读。,60
aggregate; see repeats,moe.expert263.gate_up,linear,"{""input"": [40, 4096], ""weight_math"": [4096, 2048], ""weight_storage"": [2048, 4096], ""output"": [40, 2048]}",671088640,0,{},16777216,327680,163840,独立 GEMM：权重与输入各读一次、输出写一次的操作数载荷；不预测 tile 重读。,60
aggregate; see repeats,moe.expert263.down,linear,"{""input"": [40, 1024], ""weight_math"": [1024, 4096], ""weight_storage"": [4096, 1024], ""output"": [40, 4096]}",335544320,0,{},8388608,81920,327680,独立 GEMM：权重与输入各读一次、输出写一次的操作数载荷；不预测 tile 重读。,60
aggregate; see repeats,moe.expert264.gate_up,linear,"{""input"": [40, 4096], ""weight_math"": [4096, 2048], ""weight_storage"": [2048, 4096], ""output"": [40, 2048]}",671088640,0,{},16777216,327680,163840,独立 GEMM：权重与输入各读一次、输出写一次的操作数载荷；不预测 tile 重读。,60
aggregate; see repeats,moe.expert264.down,linear,"{""input"": [40, 1024], ""weight_math"": [1024, 4096], ""weight_storage"": [4096, 1024], ""output"": [40, 4096]}",335544320,0,{},8388608,81920,327680,独立 GEMM：权重与输入各读一次、输出写一次的操作数载荷；不预测 tile 重读。,60
aggregate; see repeats,moe.expert265.gate_up,linear,"{""input"": [40, 4096], ""weight_math"": [4096, 2048], ""weight_storage"": [2048, 4096], ""output"": [40, 2048]}",671088640,0,{},16777216,327680,163840,独立 GEMM：权重与输入各读一次、输出写一次的操作数载荷；不预测 tile 重读。,60
aggregate; see repeats,moe.expert265.down,linear,"{""input"": [40, 1024], ""weight_math"": [1024, 4096], ""weight_storage"": [4096, 1024], ""output"": [40, 4096]}",335544320,0,{},8388608,81920,327680,独立 GEMM：权重与输入各读一次、输出写一次的操作数载荷；不预测 tile 重读。,60
aggregate; see repeats,moe.expert266.gate_up,linear,"{""input"": [40, 4096], ""weight_math"": [4096, 2048], ""weight_storage"": [2048, 4096], ""output"": [40, 2048]}",671088640,0,{},16777216,327680,163840,独立 GEMM：权重与输入各读一次、输出写一次的操作数载荷；不预测 tile 重读。,60
aggregate; see repeats,moe.expert266.down,linear,"{""input"": [40, 1024], ""weight_math"": [1024, 4096], ""weight_storage"": [4096, 1024], ""output"": [40, 4096]}",335544320,0,{},8388608,81920,327680,独立 GEMM：权重与输入各读一次、输出写一次的操作数载荷；不预测 tile 重读。,60
aggregate; see repeats,moe.expert267.gate_up,linear,"{""input"": [40, 4096], ""weight_math"": [4096, 2048], ""weight_storage"": [2048, 4096], ""output"": [40, 2048]}",671088640,0,{},16777216,327680,163840,独立 GEMM：权重与输入各读一次、输出写一次的操作数载荷；不预测 tile 重读。,60
aggregate; see repeats,moe.expert267.down,linear,"{""input"": [40, 1024], ""weight_math"": [1024, 4096], ""weight_storage"": [4096, 1024], ""output"": [40, 4096]}",335544320,0,{},8388608,81920,327680,独立 GEMM：权重与输入各读一次、输出写一次的操作数载荷；不预测 tile 重读。,60
aggregate; see repeats,moe.expert268.gate_up,linear,"{""input"": [40, 4096], ""weight_math"": [4096, 2048], ""weight_storage"": [2048, 4096], ""output"": [40, 2048]}",671088640,0,{},16777216,327680,163840,独立 GEMM：权重与输入各读一次、输出写一次的操作数载荷；不预测 tile 重读。,60
aggregate; see repeats,moe.expert268.down,linear,"{""input"": [40, 1024], ""weight_math"": [1024, 4096], ""weight_storage"": [4096, 1024], ""output"": [40, 4096]}",335544320,0,{},8388608,81920,327680,独立 GEMM：权重与输入各读一次、输出写一次的操作数载荷；不预测 tile 重读。,60
aggregate; see repeats,moe.expert269.gate_up,linear,"{""input"": [40, 4096], ""weight_math"": [4096, 2048], ""weight_storage"": [2048, 4096], ""output"": [40, 2048]}",671088640,0,{},16777216,327680,163840,独立 GEMM：权重与输入各读一次、输出写一次的操作数载荷；不预测 tile 重读。,60
aggregate; see repeats,moe.expert269.down,linear,"{""input"": [40, 1024], ""weight_math"": [1024, 4096], ""weight_storage"": [4096, 1024], ""output"": [40, 4096]}",335544320,0,{},8388608,81920,327680,独立 GEMM：权重与输入各读一次、输出写一次的操作数载荷；不预测 tile 重读。,60
aggregate; see repeats,moe.expert270.gate_up,linear,"{""input"": [40, 4096], ""weight_math"": [4096, 2048], ""weight_storage"": [2048, 4096], ""output"": [40, 2048]}",671088640,0,{},16777216,327680,163840,独立 GEMM：权重与输入各读一次、输出写一次的操作数载荷；不预测 tile 重读。,60
aggregate; see repeats,moe.expert270.down,linear,"{""input"": [40, 1024], ""weight_math"": [1024, 4096], ""weight_storage"": [4096, 1024], ""output"": [40, 4096]}",335544320,0,{},8388608,81920,327680,独立 GEMM：权重与输入各读一次、输出写一次的操作数载荷；不预测 tile 重读。,60
aggregate; see repeats,moe.expert271.gate_up,linear,"{""input"": [40, 4096], ""weight_math"": [4096, 2048], ""weight_storage"": [2048, 4096], ""output"": [40, 2048]}",671088640,0,{},16777216,327680,163840,独立 GEMM：权重与输入各读一次、输出写一次的操作数载荷；不预测 tile 重读。,60
aggregate; see repeats,moe.expert271.down,linear,"{""input"": [40, 1024], ""weight_math"": [1024, 4096], ""weight_storage"": [4096, 1024], ""output"": [40, 4096]}",335544320,0,{},8388608,81920,327680,独立 GEMM：权重与输入各读一次、输出写一次的操作数载荷；不预测 tile 重读。,60
aggregate; see repeats,moe.expert272.gate_up,linear,"{""input"": [40, 4096], ""weight_math"": [4096, 2048], ""weight_storage"": [2048, 4096], ""output"": [40, 2048]}",671088640,0,{},16777216,327680,163840,独立 GEMM：权重与输入各读一次、输出写一次的操作数载荷；不预测 tile 重读。,60
aggregate; see repeats,moe.expert272.down,linear,"{""input"": [40, 1024], ""weight_math"": [1024, 4096], ""weight_storage"": [4096, 1024], ""output"": [40, 4096]}",335544320,0,{},8388608,81920,327680,独立 GEMM：权重与输入各读一次、输出写一次的操作数载荷；不预测 tile 重读。,60
aggregate; see repeats,moe.expert273.gate_up,linear,"{""input"": [40, 4096], ""weight_math"": [4096, 2048], ""weight_storage"": [2048, 4096], ""output"": [40, 2048]}",671088640,0,{},16777216,327680,163840,独立 GEMM：权重与输入各读一次、输出写一次的操作数载荷；不预测 tile 重读。,60
aggregate; see repeats,moe.expert273.down,linear,"{""input"": [40, 1024], ""weight_math"": [1024, 4096], ""weight_storage"": [4096, 1024], ""output"": [40, 4096]}",335544320,0,{},8388608,81920,327680,独立 GEMM：权重与输入各读一次、输出写一次的操作数载荷；不预测 tile 重读。,60
aggregate; see repeats,moe.expert274.gate_up,linear,"{""input"": [40, 4096], ""weight_math"": [4096, 2048], ""weight_storage"": [2048, 4096], ""output"": [40, 2048]}",671088640,0,{},16777216,327680,163840,独立 GEMM：权重与输入各读一次、输出写一次的操作数载荷；不预测 tile 重读。,60
aggregate; see repeats,moe.expert274.down,linear,"{""input"": [40, 1024], ""weight_math"": [1024, 4096], ""weight_storage"": [4096, 1024], ""output"": [40, 4096]}",335544320,0,{},8388608,81920,327680,独立 GEMM：权重与输入各读一次、输出写一次的操作数载荷；不预测 tile 重读。,60
aggregate; see repeats,moe.expert275.gate_up,linear,"{""input"": [40, 4096], ""weight_math"": [4096, 2048], ""weight_storage"": [2048, 4096], ""output"": [40, 2048]}",671088640,0,{},16777216,327680,163840,独立 GEMM：权重与输入各读一次、输出写一次的操作数载荷；不预测 tile 重读。,60
aggregate; see repeats,moe.expert275.down,linear,"{""input"": [40, 1024], ""weight_math"": [1024, 4096], ""weight_storage"": [4096, 1024], ""output"": [40, 4096]}",335544320,0,{},8388608,81920,327680,独立 GEMM：权重与输入各读一次、输出写一次的操作数载荷；不预测 tile 重读。,60
aggregate; see repeats,moe.expert276.gate_up,linear,"{""input"": [40, 4096], ""weight_math"": [4096, 2048], ""weight_storage"": [2048, 4096], ""output"": [40, 2048]}",671088640,0,{},16777216,327680,163840,独立 GEMM：权重与输入各读一次、输出写一次的操作数载荷；不预测 tile 重读。,60
aggregate; see repeats,moe.expert276.down,linear,"{""input"": [40, 1024], ""weight_math"": [1024, 4096], ""weight_storage"": [4096, 1024], ""output"": [40, 4096]}",335544320,0,{},8388608,81920,327680,独立 GEMM：权重与输入各读一次、输出写一次的操作数载荷；不预测 tile 重读。,60
aggregate; see repeats,moe.expert277.gate_up,linear,"{""input"": [40, 4096], ""weight_math"": [4096, 2048], ""weight_storage"": [2048, 4096], ""output"": [40, 2048]}",671088640,0,{},16777216,327680,163840,独立 GEMM：权重与输入各读一次、输出写一次的操作数载荷；不预测 tile 重读。,60
aggregate; see repeats,moe.expert277.down,linear,"{""input"": [40, 1024], ""weight_math"": [1024, 4096], ""weight_storage"": [4096, 1024], ""output"": [40, 4096]}",335544320,0,{},8388608,81920,327680,独立 GEMM：权重与输入各读一次、输出写一次的操作数载荷；不预测 tile 重读。,60
aggregate; see repeats,moe.expert278.gate_up,linear,"{""input"": [40, 4096], ""weight_math"": [4096, 2048], ""weight_storage"": [2048, 4096], ""output"": [40, 2048]}",671088640,0,{},16777216,327680,163840,独立 GEMM：权重与输入各读一次、输出写一次的操作数载荷；不预测 tile 重读。,60
aggregate; see repeats,moe.expert278.down,linear,"{""input"": [40, 1024], ""weight_math"": [1024, 4096], ""weight_storage"": [4096, 1024], ""output"": [40, 4096]}",335544320,0,{},8388608,81920,327680,独立 GEMM：权重与输入各读一次、输出写一次的操作数载荷；不预测 tile 重读。,60
aggregate; see repeats,moe.expert279.gate_up,linear,"{""input"": [40, 4096], ""weight_math"": [4096, 2048], ""weight_storage"": [2048, 4096], ""output"": [40, 2048]}",671088640,0,{},16777216,327680,163840,独立 GEMM：权重与输入各读一次、输出写一次的操作数载荷；不预测 tile 重读。,60
aggregate; see repeats,moe.expert279.down,linear,"{""input"": [40, 1024], ""weight_math"": [1024, 4096], ""weight_storage"": [4096, 1024], ""output"": [40, 4096]}",335544320,0,{},8388608,81920,327680,独立 GEMM：权重与输入各读一次、输出写一次的操作数载荷；不预测 tile 重读。,60
aggregate; see repeats,moe.expert280.gate_up,linear,"{""input"": [40, 4096], ""weight_math"": [4096, 2048], ""weight_storage"": [2048, 4096], ""output"": [40, 2048]}",671088640,0,{},16777216,327680,163840,独立 GEMM：权重与输入各读一次、输出写一次的操作数载荷；不预测 tile 重读。,60
aggregate; see repeats,moe.expert280.down,linear,"{""input"": [40, 1024], ""weight_math"": [1024, 4096], ""weight_storage"": [4096, 1024], ""output"": [40, 4096]}",335544320,0,{},8388608,81920,327680,独立 GEMM：权重与输入各读一次、输出写一次的操作数载荷；不预测 tile 重读。,60
aggregate; see repeats,moe.expert281.gate_up,linear,"{""input"": [40, 4096], ""weight_math"": [4096, 2048], ""weight_storage"": [2048, 4096], ""output"": [40, 2048]}",671088640,0,{},16777216,327680,163840,独立 GEMM：权重与输入各读一次、输出写一次的操作数载荷；不预测 tile 重读。,60
aggregate; see repeats,moe.expert281.down,linear,"{""input"": [40, 1024], ""weight_math"": [1024, 4096], ""weight_storage"": [4096, 1024], ""output"": [40, 4096]}",335544320,0,{},8388608,81920,327680,独立 GEMM：权重与输入各读一次、输出写一次的操作数载荷；不预测 tile 重读。,60
aggregate; see repeats,moe.expert282.gate_up,linear,"{""input"": [40, 4096], ""weight_math"": [4096, 2048], ""weight_storage"": [2048, 4096], ""output"": [40, 2048]}",671088640,0,{},16777216,327680,163840,独立 GEMM：权重与输入各读一次、输出写一次的操作数载荷；不预测 tile 重读。,60
aggregate; see repeats,moe.expert282.down,linear,"{""input"": [40, 1024], ""weight_math"": [1024, 4096], ""weight_storage"": [4096, 1024], ""output"": [40, 4096]}",335544320,0,{},8388608,81920,327680,独立 GEMM：权重与输入各读一次、输出写一次的操作数载荷；不预测 tile 重读。,60
aggregate; see repeats,moe.expert283.gate_up,linear,"{""input"": [40, 4096], ""weight_math"": [4096, 2048], ""weight_storage"": [2048, 4096], ""output"": [40, 2048]}",671088640,0,{},16777216,327680,163840,独立 GEMM：权重与输入各读一次、输出写一次的操作数载荷；不预测 tile 重读。,60
aggregate; see repeats,moe.expert283.down,linear,"{""input"": [40, 1024], ""weight_math"": [1024, 4096], ""weight_storage"": [4096, 1024], ""output"": [40, 4096]}",335544320,0,{},8388608,81920,327680,独立 GEMM：权重与输入各读一次、输出写一次的操作数载荷；不预测 tile 重读。,60
aggregate; see repeats,moe.expert284.gate_up,linear,"{""input"": [40, 4096], ""weight_math"": [4096, 2048], ""weight_storage"": [2048, 4096], ""output"": [40, 2048]}",671088640,0,{},16777216,327680,163840,独立 GEMM：权重与输入各读一次、输出写一次的操作数载荷；不预测 tile 重读。,60
aggregate; see repeats,moe.expert284.down,linear,"{""input"": [40, 1024], ""weight_math"": [1024, 4096], ""weight_storage"": [4096, 1024], ""output"": [40, 4096]}",335544320,0,{},8388608,81920,327680,独立 GEMM：权重与输入各读一次、输出写一次的操作数载荷；不预测 tile 重读。,60
aggregate; see repeats,moe.expert285.gate_up,linear,"{""input"": [40, 4096], ""weight_math"": [4096, 2048], ""weight_storage"": [2048, 4096], ""output"": [40, 2048]}",671088640,0,{},16777216,327680,163840,独立 GEMM：权重与输入各读一次、输出写一次的操作数载荷；不预测 tile 重读。,60
aggregate; see repeats,moe.expert285.down,linear,"{""input"": [40, 1024], ""weight_math"": [1024, 4096], ""weight_storage"": [4096, 1024], ""output"": [40, 4096]}",335544320,0,{},8388608,81920,327680,独立 GEMM：权重与输入各读一次、输出写一次的操作数载荷；不预测 tile 重读。,60
aggregate; see repeats,moe.expert286.gate_up,linear,"{""input"": [40, 4096], ""weight_math"": [4096, 2048], ""weight_storage"": [2048, 4096], ""output"": [40, 2048]}",671088640,0,{},16777216,327680,163840,独立 GEMM：权重与输入各读一次、输出写一次的操作数载荷；不预测 tile 重读。,60
aggregate; see repeats,moe.expert286.down,linear,"{""input"": [40, 1024], ""weight_math"": [1024, 4096], ""weight_storage"": [4096, 1024], ""output"": [40, 4096]}",335544320,0,{},8388608,81920,327680,独立 GEMM：权重与输入各读一次、输出写一次的操作数载荷；不预测 tile 重读。,60
aggregate; see repeats,moe.expert287.gate_up,linear,"{""input"": [40, 4096], ""weight_math"": [4096, 2048], ""weight_storage"": [2048, 4096], ""output"": [40, 2048]}",671088640,0,{},16777216,327680,163840,独立 GEMM：权重与输入各读一次、输出写一次的操作数载荷；不预测 tile 重读。,60
aggregate; see repeats,moe.expert287.down,linear,"{""input"": [40, 1024], ""weight_math"": [1024, 4096], ""weight_storage"": [4096, 1024], ""output"": [40, 4096]}",335544320,0,{},8388608,81920,327680,独立 GEMM：权重与输入各读一次、输出写一次的操作数载荷；不预测 tile 重读。,60
aggregate; see repeats,moe.expert288.gate_up,linear,"{""input"": [40, 4096], ""weight_math"": [4096, 2048], ""weight_storage"": [2048, 4096], ""output"": [40, 2048]}",671088640,0,{},16777216,327680,163840,独立 GEMM：权重与输入各读一次、输出写一次的操作数载荷；不预测 tile 重读。,60
aggregate; see repeats,moe.expert288.down,linear,"{""input"": [40, 1024], ""weight_math"": [1024, 4096], ""weight_storage"": [4096, 1024], ""output"": [40, 4096]}",335544320,0,{},8388608,81920,327680,独立 GEMM：权重与输入各读一次、输出写一次的操作数载荷；不预测 tile 重读。,60
aggregate; see repeats,moe.expert289.gate_up,linear,"{""input"": [40, 4096], ""weight_math"": [4096, 2048], ""weight_storage"": [2048, 4096], ""output"": [40, 2048]}",671088640,0,{},16777216,327680,163840,独立 GEMM：权重与输入各读一次、输出写一次的操作数载荷；不预测 tile 重读。,60
aggregate; see repeats,moe.expert289.down,linear,"{""input"": [40, 1024], ""weight_math"": [1024, 4096], ""weight_storage"": [4096, 1024], ""output"": [40, 4096]}",335544320,0,{},8388608,81920,327680,独立 GEMM：权重与输入各读一次、输出写一次的操作数载荷；不预测 tile 重读。,60
aggregate; see repeats,moe.expert290.gate_up,linear,"{""input"": [40, 4096], ""weight_math"": [4096, 2048], ""weight_storage"": [2048, 4096], ""output"": [40, 2048]}",671088640,0,{},16777216,327680,163840,独立 GEMM：权重与输入各读一次、输出写一次的操作数载荷；不预测 tile 重读。,60
aggregate; see repeats,moe.expert290.down,linear,"{""input"": [40, 1024], ""weight_math"": [1024, 4096], ""weight_storage"": [4096, 1024], ""output"": [40, 4096]}",335544320,0,{},8388608,81920,327680,独立 GEMM：权重与输入各读一次、输出写一次的操作数载荷；不预测 tile 重读。,60
aggregate; see repeats,moe.expert291.gate_up,linear,"{""input"": [40, 4096], ""weight_math"": [4096, 2048], ""weight_storage"": [2048, 4096], ""output"": [40, 2048]}",671088640,0,{},16777216,327680,163840,独立 GEMM：权重与输入各读一次、输出写一次的操作数载荷；不预测 tile 重读。,60
aggregate; see repeats,moe.expert291.down,linear,"{""input"": [40, 1024], ""weight_math"": [1024, 4096], ""weight_storage"": [4096, 1024], ""output"": [40, 4096]}",335544320,0,{},8388608,81920,327680,独立 GEMM：权重与输入各读一次、输出写一次的操作数载荷；不预测 tile 重读。,60
aggregate; see repeats,moe.expert292.gate_up,linear,"{""input"": [40, 4096], ""weight_math"": [4096, 2048], ""weight_storage"": [2048, 4096], ""output"": [40, 2048]}",671088640,0,{},16777216,327680,163840,独立 GEMM：权重与输入各读一次、输出写一次的操作数载荷；不预测 tile 重读。,60
aggregate; see repeats,moe.expert292.down,linear,"{""input"": [40, 1024], ""weight_math"": [1024, 4096], ""weight_storage"": [4096, 1024], ""output"": [40, 4096]}",335544320,0,{},8388608,81920,327680,独立 GEMM：权重与输入各读一次、输出写一次的操作数载荷；不预测 tile 重读。,60
aggregate; see repeats,moe.expert293.gate_up,linear,"{""input"": [40, 4096], ""weight_math"": [4096, 2048], ""weight_storage"": [2048, 4096], ""output"": [40, 2048]}",671088640,0,{},16777216,327680,163840,独立 GEMM：权重与输入各读一次、输出写一次的操作数载荷；不预测 tile 重读。,60
aggregate; see repeats,moe.expert293.down,linear,"{""input"": [40, 1024], ""weight_math"": [1024, 4096], ""weight_storage"": [4096, 1024], ""output"": [40, 4096]}",335544320,0,{},8388608,81920,327680,独立 GEMM：权重与输入各读一次、输出写一次的操作数载荷；不预测 tile 重读。,60
aggregate; see repeats,moe.expert294.gate_up,linear,"{""input"": [40, 4096], ""weight_math"": [4096, 2048], ""weight_storage"": [2048, 4096], ""output"": [40, 2048]}",671088640,0,{},16777216,327680,163840,独立 GEMM：权重与输入各读一次、输出写一次的操作数载荷；不预测 tile 重读。,60
aggregate; see repeats,moe.expert294.down,linear,"{""input"": [40, 1024], ""weight_math"": [1024, 4096], ""weight_storage"": [4096, 1024], ""output"": [40, 4096]}",335544320,0,{},8388608,81920,327680,独立 GEMM：权重与输入各读一次、输出写一次的操作数载荷；不预测 tile 重读。,60
aggregate; see repeats,moe.expert295.gate_up,linear,"{""input"": [40, 4096], ""weight_math"": [4096, 2048], ""weight_storage"": [2048, 4096], ""output"": [40, 2048]}",671088640,0,{},16777216,327680,163840,独立 GEMM：权重与输入各读一次、输出写一次的操作数载荷；不预测 tile 重读。,60
aggregate; see repeats,moe.expert295.down,linear,"{""input"": [40, 1024], ""weight_math"": [1024, 4096], ""weight_storage"": [4096, 1024], ""output"": [40, 4096]}",335544320,0,{},8388608,81920,327680,独立 GEMM：权重与输入各读一次、输出写一次的操作数载荷；不预测 tile 重读。,60
aggregate; see repeats,moe.expert296.gate_up,linear,"{""input"": [40, 4096], ""weight_math"": [4096, 2048], ""weight_storage"": [2048, 4096], ""output"": [40, 2048]}",671088640,0,{},16777216,327680,163840,独立 GEMM：权重与输入各读一次、输出写一次的操作数载荷；不预测 tile 重读。,60
aggregate; see repeats,moe.expert296.down,linear,"{""input"": [40, 1024], ""weight_math"": [1024, 4096], ""weight_storage"": [4096, 1024], ""output"": [40, 4096]}",335544320,0,{},8388608,81920,327680,独立 GEMM：权重与输入各读一次、输出写一次的操作数载荷；不预测 tile 重读。,60
aggregate; see repeats,moe.expert297.gate_up,linear,"{""input"": [40, 4096], ""weight_math"": [4096, 2048], ""weight_storage"": [2048, 4096], ""output"": [40, 2048]}",671088640,0,{},16777216,327680,163840,独立 GEMM：权重与输入各读一次、输出写一次的操作数载荷；不预测 tile 重读。,60
aggregate; see repeats,moe.expert297.down,linear,"{""input"": [40, 1024], ""weight_math"": [1024, 4096], ""weight_storage"": [4096, 1024], ""output"": [40, 4096]}",335544320,0,{},8388608,81920,327680,独立 GEMM：权重与输入各读一次、输出写一次的操作数载荷；不预测 tile 重读。,60
aggregate; see repeats,moe.expert298.gate_up,linear,"{""input"": [40, 4096], ""weight_math"": [4096, 2048], ""weight_storage"": [2048, 4096], ""output"": [40, 2048]}",671088640,0,{},16777216,327680,163840,独立 GEMM：权重与输入各读一次、输出写一次的操作数载荷；不预测 tile 重读。,60
aggregate; see repeats,moe.expert298.down,linear,"{""input"": [40, 1024], ""weight_math"": [1024, 4096], ""weight_storage"": [4096, 1024], ""output"": [40, 4096]}",335544320,0,{},8388608,81920,327680,独立 GEMM：权重与输入各读一次、输出写一次的操作数载荷；不预测 tile 重读。,60
aggregate; see repeats,moe.expert299.gate_up,linear,"{""input"": [40, 4096], ""weight_math"": [4096, 2048], ""weight_storage"": [2048, 4096], ""output"": [40, 2048]}",671088640,0,{},16777216,327680,163840,独立 GEMM：权重与输入各读一次、输出写一次的操作数载荷；不预测 tile 重读。,60
aggregate; see repeats,moe.expert299.down,linear,"{""input"": [40, 1024], ""weight_math"": [1024, 4096], ""weight_storage"": [4096, 1024], ""output"": [40, 4096]}",335544320,0,{},8388608,81920,327680,独立 GEMM：权重与输入各读一次、输出写一次的操作数载荷；不预测 tile 重读。,60
aggregate; see repeats,moe.expert300.gate_up,linear,"{""input"": [40, 4096], ""weight_math"": [4096, 2048], ""weight_storage"": [2048, 4096], ""output"": [40, 2048]}",671088640,0,{},16777216,327680,163840,独立 GEMM：权重与输入各读一次、输出写一次的操作数载荷；不预测 tile 重读。,60
aggregate; see repeats,moe.expert300.down,linear,"{""input"": [40, 1024], ""weight_math"": [1024, 4096], ""weight_storage"": [4096, 1024], ""output"": [40, 4096]}",335544320,0,{},8388608,81920,327680,独立 GEMM：权重与输入各读一次、输出写一次的操作数载荷；不预测 tile 重读。,60
aggregate; see repeats,moe.expert301.gate_up,linear,"{""input"": [40, 4096], ""weight_math"": [4096, 2048], ""weight_storage"": [2048, 4096], ""output"": [40, 2048]}",671088640,0,{},16777216,327680,163840,独立 GEMM：权重与输入各读一次、输出写一次的操作数载荷；不预测 tile 重读。,60
aggregate; see repeats,moe.expert301.down,linear,"{""input"": [40, 1024], ""weight_math"": [1024, 4096], ""weight_storage"": [4096, 1024], ""output"": [40, 4096]}",335544320,0,{},8388608,81920,327680,独立 GEMM：权重与输入各读一次、输出写一次的操作数载荷；不预测 tile 重读。,60
aggregate; see repeats,moe.expert302.gate_up,linear,"{""input"": [40, 4096], ""weight_math"": [4096, 2048], ""weight_storage"": [2048, 4096], ""output"": [40, 2048]}",671088640,0,{},16777216,327680,163840,独立 GEMM：权重与输入各读一次、输出写一次的操作数载荷；不预测 tile 重读。,60
aggregate; see repeats,moe.expert302.down,linear,"{""input"": [40, 1024], ""weight_math"": [1024, 4096], ""weight_storage"": [4096, 1024], ""output"": [40, 4096]}",335544320,0,{},8388608,81920,327680,独立 GEMM：权重与输入各读一次、输出写一次的操作数载荷；不预测 tile 重读。,60
aggregate; see repeats,moe.expert303.gate_up,linear,"{""input"": [40, 4096], ""weight_math"": [4096, 2048], ""weight_storage"": [2048, 4096], ""output"": [40, 2048]}",671088640,0,{},16777216,327680,163840,独立 GEMM：权重与输入各读一次、输出写一次的操作数载荷；不预测 tile 重读。,60
aggregate; see repeats,moe.expert303.down,linear,"{""input"": [40, 1024], ""weight_math"": [1024, 4096], ""weight_storage"": [4096, 1024], ""output"": [40, 4096]}",335544320,0,{},8388608,81920,327680,独立 GEMM：权重与输入各读一次、输出写一次的操作数载荷；不预测 tile 重读。,60
aggregate; see repeats,moe.expert304.gate_up,linear,"{""input"": [40, 4096], ""weight_math"": [4096, 2048], ""weight_storage"": [2048, 4096], ""output"": [40, 2048]}",671088640,0,{},16777216,327680,163840,独立 GEMM：权重与输入各读一次、输出写一次的操作数载荷；不预测 tile 重读。,60
aggregate; see repeats,moe.expert304.down,linear,"{""input"": [40, 1024], ""weight_math"": [1024, 4096], ""weight_storage"": [4096, 1024], ""output"": [40, 4096]}",335544320,0,{},8388608,81920,327680,独立 GEMM：权重与输入各读一次、输出写一次的操作数载荷；不预测 tile 重读。,60
aggregate; see repeats,moe.expert305.gate_up,linear,"{""input"": [40, 4096], ""weight_math"": [4096, 2048], ""weight_storage"": [2048, 4096], ""output"": [40, 2048]}",671088640,0,{},16777216,327680,163840,独立 GEMM：权重与输入各读一次、输出写一次的操作数载荷；不预测 tile 重读。,60
aggregate; see repeats,moe.expert305.down,linear,"{""input"": [40, 1024], ""weight_math"": [1024, 4096], ""weight_storage"": [4096, 1024], ""output"": [40, 4096]}",335544320,0,{},8388608,81920,327680,独立 GEMM：权重与输入各读一次、输出写一次的操作数载荷；不预测 tile 重读。,60
aggregate; see repeats,moe.expert306.gate_up,linear,"{""input"": [40, 4096], ""weight_math"": [4096, 2048], ""weight_storage"": [2048, 4096], ""output"": [40, 2048]}",671088640,0,{},16777216,327680,163840,独立 GEMM：权重与输入各读一次、输出写一次的操作数载荷；不预测 tile 重读。,60
aggregate; see repeats,moe.expert306.down,linear,"{""input"": [40, 1024], ""weight_math"": [1024, 4096], ""weight_storage"": [4096, 1024], ""output"": [40, 4096]}",335544320,0,{},8388608,81920,327680,独立 GEMM：权重与输入各读一次、输出写一次的操作数载荷；不预测 tile 重读。,60
aggregate; see repeats,moe.expert307.gate_up,linear,"{""input"": [40, 4096], ""weight_math"": [4096, 2048], ""weight_storage"": [2048, 4096], ""output"": [40, 2048]}",671088640,0,{},16777216,327680,163840,独立 GEMM：权重与输入各读一次、输出写一次的操作数载荷；不预测 tile 重读。,60
aggregate; see repeats,moe.expert307.down,linear,"{""input"": [40, 1024], ""weight_math"": [1024, 4096], ""weight_storage"": [4096, 1024], ""output"": [40, 4096]}",335544320,0,{},8388608,81920,327680,独立 GEMM：权重与输入各读一次、输出写一次的操作数载荷；不预测 tile 重读。,60
aggregate; see repeats,moe.expert308.gate_up,linear,"{""input"": [40, 4096], ""weight_math"": [4096, 2048], ""weight_storage"": [2048, 4096], ""output"": [40, 2048]}",671088640,0,{},16777216,327680,163840,独立 GEMM：权重与输入各读一次、输出写一次的操作数载荷；不预测 tile 重读。,60
aggregate; see repeats,moe.expert308.down,linear,"{""input"": [40, 1024], ""weight_math"": [1024, 4096], ""weight_storage"": [4096, 1024], ""output"": [40, 4096]}",335544320,0,{},8388608,81920,327680,独立 GEMM：权重与输入各读一次、输出写一次的操作数载荷；不预测 tile 重读。,60
aggregate; see repeats,moe.expert309.gate_up,linear,"{""input"": [40, 4096], ""weight_math"": [4096, 2048], ""weight_storage"": [2048, 4096], ""output"": [40, 2048]}",671088640,0,{},16777216,327680,163840,独立 GEMM：权重与输入各读一次、输出写一次的操作数载荷；不预测 tile 重读。,60
aggregate; see repeats,moe.expert309.down,linear,"{""input"": [40, 1024], ""weight_math"": [1024, 4096], ""weight_storage"": [4096, 1024], ""output"": [40, 4096]}",335544320,0,{},8388608,81920,327680,独立 GEMM：权重与输入各读一次、输出写一次的操作数载荷；不预测 tile 重读。,60
aggregate; see repeats,moe.expert310.gate_up,linear,"{""input"": [40, 4096], ""weight_math"": [4096, 2048], ""weight_storage"": [2048, 4096], ""output"": [40, 2048]}",671088640,0,{},16777216,327680,163840,独立 GEMM：权重与输入各读一次、输出写一次的操作数载荷；不预测 tile 重读。,60
aggregate; see repeats,moe.expert310.down,linear,"{""input"": [40, 1024], ""weight_math"": [1024, 4096], ""weight_storage"": [4096, 1024], ""output"": [40, 4096]}",335544320,0,{},8388608,81920,327680,独立 GEMM：权重与输入各读一次、输出写一次的操作数载荷；不预测 tile 重读。,60
aggregate; see repeats,moe.expert311.gate_up,linear,"{""input"": [40, 4096], ""weight_math"": [4096, 2048], ""weight_storage"": [2048, 4096], ""output"": [40, 2048]}",671088640,0,{},16777216,327680,163840,独立 GEMM：权重与输入各读一次、输出写一次的操作数载荷；不预测 tile 重读。,60
aggregate; see repeats,moe.expert311.down,linear,"{""input"": [40, 1024], ""weight_math"": [1024, 4096], ""weight_storage"": [4096, 1024], ""output"": [40, 4096]}",335544320,0,{},8388608,81920,327680,独立 GEMM：权重与输入各读一次、输出写一次的操作数载荷；不预测 tile 重读。,60
aggregate; see repeats,moe.expert312.gate_up,linear,"{""input"": [40, 4096], ""weight_math"": [4096, 2048], ""weight_storage"": [2048, 4096], ""output"": [40, 2048]}",671088640,0,{},16777216,327680,163840,独立 GEMM：权重与输入各读一次、输出写一次的操作数载荷；不预测 tile 重读。,60
aggregate; see repeats,moe.expert312.down,linear,"{""input"": [40, 1024], ""weight_math"": [1024, 4096], ""weight_storage"": [4096, 1024], ""output"": [40, 4096]}",335544320,0,{},8388608,81920,327680,独立 GEMM：权重与输入各读一次、输出写一次的操作数载荷；不预测 tile 重读。,60
aggregate; see repeats,moe.expert313.gate_up,linear,"{""input"": [40, 4096], ""weight_math"": [4096, 2048], ""weight_storage"": [2048, 4096], ""output"": [40, 2048]}",671088640,0,{},16777216,327680,163840,独立 GEMM：权重与输入各读一次、输出写一次的操作数载荷；不预测 tile 重读。,60
aggregate; see repeats,moe.expert313.down,linear,"{""input"": [40, 1024], ""weight_math"": [1024, 4096], ""weight_storage"": [4096, 1024], ""output"": [40, 4096]}",335544320,0,{},8388608,81920,327680,独立 GEMM：权重与输入各读一次、输出写一次的操作数载荷；不预测 tile 重读。,60
aggregate; see repeats,moe.expert314.gate_up,linear,"{""input"": [40, 4096], ""weight_math"": [4096, 2048], ""weight_storage"": [2048, 4096], ""output"": [40, 2048]}",671088640,0,{},16777216,327680,163840,独立 GEMM：权重与输入各读一次、输出写一次的操作数载荷；不预测 tile 重读。,60
aggregate; see repeats,moe.expert314.down,linear,"{""input"": [40, 1024], ""weight_math"": [1024, 4096], ""weight_storage"": [4096, 1024], ""output"": [40, 4096]}",335544320,0,{},8388608,81920,327680,独立 GEMM：权重与输入各读一次、输出写一次的操作数载荷；不预测 tile 重读。,60
aggregate; see repeats,moe.expert315.gate_up,linear,"{""input"": [40, 4096], ""weight_math"": [4096, 2048], ""weight_storage"": [2048, 4096], ""output"": [40, 2048]}",671088640,0,{},16777216,327680,163840,独立 GEMM：权重与输入各读一次、输出写一次的操作数载荷；不预测 tile 重读。,60
aggregate; see repeats,moe.expert315.down,linear,"{""input"": [40, 1024], ""weight_math"": [1024, 4096], ""weight_storage"": [4096, 1024], ""output"": [40, 4096]}",335544320,0,{},8388608,81920,327680,独立 GEMM：权重与输入各读一次、输出写一次的操作数载荷；不预测 tile 重读。,60
aggregate; see repeats,moe.expert316.gate_up,linear,"{""input"": [40, 4096], ""weight_math"": [4096, 2048], ""weight_storage"": [2048, 4096], ""output"": [40, 2048]}",671088640,0,{},16777216,327680,163840,独立 GEMM：权重与输入各读一次、输出写一次的操作数载荷；不预测 tile 重读。,60
aggregate; see repeats,moe.expert316.down,linear,"{""input"": [40, 1024], ""weight_math"": [1024, 4096], ""weight_storage"": [4096, 1024], ""output"": [40, 4096]}",335544320,0,{},8388608,81920,327680,独立 GEMM：权重与输入各读一次、输出写一次的操作数载荷；不预测 tile 重读。,60
aggregate; see repeats,moe.expert317.gate_up,linear,"{""input"": [40, 4096], ""weight_math"": [4096, 2048], ""weight_storage"": [2048, 4096], ""output"": [40, 2048]}",671088640,0,{},16777216,327680,163840,独立 GEMM：权重与输入各读一次、输出写一次的操作数载荷；不预测 tile 重读。,60
aggregate; see repeats,moe.expert317.down,linear,"{""input"": [40, 1024], ""weight_math"": [1024, 4096], ""weight_storage"": [4096, 1024], ""output"": [40, 4096]}",335544320,0,{},8388608,81920,327680,独立 GEMM：权重与输入各读一次、输出写一次的操作数载荷；不预测 tile 重读。,60
aggregate; see repeats,moe.expert318.gate_up,linear,"{""input"": [40, 4096], ""weight_math"": [4096, 2048], ""weight_storage"": [2048, 4096], ""output"": [40, 2048]}",671088640,0,{},16777216,327680,163840,独立 GEMM：权重与输入各读一次、输出写一次的操作数载荷；不预测 tile 重读。,60
aggregate; see repeats,moe.expert318.down,linear,"{""input"": [40, 1024], ""weight_math"": [1024, 4096], ""weight_storage"": [4096, 1024], ""output"": [40, 4096]}",335544320,0,{},8388608,81920,327680,独立 GEMM：权重与输入各读一次、输出写一次的操作数载荷；不预测 tile 重读。,60
aggregate; see repeats,moe.expert319.gate_up,linear,"{""input"": [40, 4096], ""weight_math"": [4096, 2048], ""weight_storage"": [2048, 4096], ""output"": [40, 2048]}",671088640,0,{},16777216,327680,163840,独立 GEMM：权重与输入各读一次、输出写一次的操作数载荷；不预测 tile 重读。,60
aggregate; see repeats,moe.expert319.down,linear,"{""input"": [40, 1024], ""weight_math"": [1024, 4096], ""weight_storage"": [4096, 1024], ""output"": [40, 4096]}",335544320,0,{},8388608,81920,327680,独立 GEMM：权重与输入各读一次、输出写一次的操作数载荷；不预测 tile 重读。,60
aggregate; see repeats,moe.expert320.gate_up,linear,"{""input"": [40, 4096], ""weight_math"": [4096, 2048], ""weight_storage"": [2048, 4096], ""output"": [40, 2048]}",671088640,0,{},16777216,327680,163840,独立 GEMM：权重与输入各读一次、输出写一次的操作数载荷；不预测 tile 重读。,60
aggregate; see repeats,moe.expert320.down,linear,"{""input"": [40, 1024], ""weight_math"": [1024, 4096], ""weight_storage"": [4096, 1024], ""output"": [40, 4096]}",335544320,0,{},8388608,81920,327680,独立 GEMM：权重与输入各读一次、输出写一次的操作数载荷；不预测 tile 重读。,60
aggregate; see repeats,moe.expert321.gate_up,linear,"{""input"": [40, 4096], ""weight_math"": [4096, 2048], ""weight_storage"": [2048, 4096], ""output"": [40, 2048]}",671088640,0,{},16777216,327680,163840,独立 GEMM：权重与输入各读一次、输出写一次的操作数载荷；不预测 tile 重读。,60
aggregate; see repeats,moe.expert321.down,linear,"{""input"": [40, 1024], ""weight_math"": [1024, 4096], ""weight_storage"": [4096, 1024], ""output"": [40, 4096]}",335544320,0,{},8388608,81920,327680,独立 GEMM：权重与输入各读一次、输出写一次的操作数载荷；不预测 tile 重读。,60
aggregate; see repeats,moe.expert322.gate_up,linear,"{""input"": [40, 4096], ""weight_math"": [4096, 2048], ""weight_storage"": [2048, 4096], ""output"": [40, 2048]}",671088640,0,{},16777216,327680,163840,独立 GEMM：权重与输入各读一次、输出写一次的操作数载荷；不预测 tile 重读。,60
aggregate; see repeats,moe.expert322.down,linear,"{""input"": [40, 1024], ""weight_math"": [1024, 4096], ""weight_storage"": [4096, 1024], ""output"": [40, 4096]}",335544320,0,{},8388608,81920,327680,独立 GEMM：权重与输入各读一次、输出写一次的操作数载荷；不预测 tile 重读。,60
aggregate; see repeats,moe.expert323.gate_up,linear,"{""input"": [40, 4096], ""weight_math"": [4096, 2048], ""weight_storage"": [2048, 4096], ""output"": [40, 2048]}",671088640,0,{},16777216,327680,163840,独立 GEMM：权重与输入各读一次、输出写一次的操作数载荷；不预测 tile 重读。,60
aggregate; see repeats,moe.expert323.down,linear,"{""input"": [40, 1024], ""weight_math"": [1024, 4096], ""weight_storage"": [4096, 1024], ""output"": [40, 4096]}",335544320,0,{},8388608,81920,327680,独立 GEMM：权重与输入各读一次、输出写一次的操作数载荷；不预测 tile 重读。,60
aggregate; see repeats,moe.expert324.gate_up,linear,"{""input"": [40, 4096], ""weight_math"": [4096, 2048], ""weight_storage"": [2048, 4096], ""output"": [40, 2048]}",671088640,0,{},16777216,327680,163840,独立 GEMM：权重与输入各读一次、输出写一次的操作数载荷；不预测 tile 重读。,60
aggregate; see repeats,moe.expert324.down,linear,"{""input"": [40, 1024], ""weight_math"": [1024, 4096], ""weight_storage"": [4096, 1024], ""output"": [40, 4096]}",335544320,0,{},8388608,81920,327680,独立 GEMM：权重与输入各读一次、输出写一次的操作数载荷；不预测 tile 重读。,60
aggregate; see repeats,moe.expert325.gate_up,linear,"{""input"": [40, 4096], ""weight_math"": [4096, 2048], ""weight_storage"": [2048, 4096], ""output"": [40, 2048]}",671088640,0,{},16777216,327680,163840,独立 GEMM：权重与输入各读一次、输出写一次的操作数载荷；不预测 tile 重读。,60
aggregate; see repeats,moe.expert325.down,linear,"{""input"": [40, 1024], ""weight_math"": [1024, 4096], ""weight_storage"": [4096, 1024], ""output"": [40, 4096]}",335544320,0,{},8388608,81920,327680,独立 GEMM：权重与输入各读一次、输出写一次的操作数载荷；不预测 tile 重读。,60
aggregate; see repeats,moe.expert326.gate_up,linear,"{""input"": [40, 4096], ""weight_math"": [4096, 2048], ""weight_storage"": [2048, 4096], ""output"": [40, 2048]}",671088640,0,{},16777216,327680,163840,独立 GEMM：权重与输入各读一次、输出写一次的操作数载荷；不预测 tile 重读。,60
aggregate; see repeats,moe.expert326.down,linear,"{""input"": [40, 1024], ""weight_math"": [1024, 4096], ""weight_storage"": [4096, 1024], ""output"": [40, 4096]}",335544320,0,{},8388608,81920,327680,独立 GEMM：权重与输入各读一次、输出写一次的操作数载荷；不预测 tile 重读。,60
aggregate; see repeats,moe.expert327.gate_up,linear,"{""input"": [40, 4096], ""weight_math"": [4096, 2048], ""weight_storage"": [2048, 4096], ""output"": [40, 2048]}",671088640,0,{},16777216,327680,163840,独立 GEMM：权重与输入各读一次、输出写一次的操作数载荷；不预测 tile 重读。,60
aggregate; see repeats,moe.expert327.down,linear,"{""input"": [40, 1024], ""weight_math"": [1024, 4096], ""weight_storage"": [4096, 1024], ""output"": [40, 4096]}",335544320,0,{},8388608,81920,327680,独立 GEMM：权重与输入各读一次、输出写一次的操作数载荷；不预测 tile 重读。,60
aggregate; see repeats,moe.expert328.gate_up,linear,"{""input"": [40, 4096], ""weight_math"": [4096, 2048], ""weight_storage"": [2048, 4096], ""output"": [40, 2048]}",671088640,0,{},16777216,327680,163840,独立 GEMM：权重与输入各读一次、输出写一次的操作数载荷；不预测 tile 重读。,60
aggregate; see repeats,moe.expert328.down,linear,"{""input"": [40, 1024], ""weight_math"": [1024, 4096], ""weight_storage"": [4096, 1024], ""output"": [40, 4096]}",335544320,0,{},8388608,81920,327680,独立 GEMM：权重与输入各读一次、输出写一次的操作数载荷；不预测 tile 重读。,60
aggregate; see repeats,moe.expert329.gate_up,linear,"{""input"": [40, 4096], ""weight_math"": [4096, 2048], ""weight_storage"": [2048, 4096], ""output"": [40, 2048]}",671088640,0,{},16777216,327680,163840,独立 GEMM：权重与输入各读一次、输出写一次的操作数载荷；不预测 tile 重读。,60
aggregate; see repeats,moe.expert329.down,linear,"{""input"": [40, 1024], ""weight_math"": [1024, 4096], ""weight_storage"": [4096, 1024], ""output"": [40, 4096]}",335544320,0,{},8388608,81920,327680,独立 GEMM：权重与输入各读一次、输出写一次的操作数载荷；不预测 tile 重读。,60
aggregate; see repeats,moe.expert330.gate_up,linear,"{""input"": [40, 4096], ""weight_math"": [4096, 2048], ""weight_storage"": [2048, 4096], ""output"": [40, 2048]}",671088640,0,{},16777216,327680,163840,独立 GEMM：权重与输入各读一次、输出写一次的操作数载荷；不预测 tile 重读。,60
aggregate; see repeats,moe.expert330.down,linear,"{""input"": [40, 1024], ""weight_math"": [1024, 4096], ""weight_storage"": [4096, 1024], ""output"": [40, 4096]}",335544320,0,{},8388608,81920,327680,独立 GEMM：权重与输入各读一次、输出写一次的操作数载荷；不预测 tile 重读。,60
aggregate; see repeats,moe.expert331.gate_up,linear,"{""input"": [40, 4096], ""weight_math"": [4096, 2048], ""weight_storage"": [2048, 4096], ""output"": [40, 2048]}",671088640,0,{},16777216,327680,163840,独立 GEMM：权重与输入各读一次、输出写一次的操作数载荷；不预测 tile 重读。,60
aggregate; see repeats,moe.expert331.down,linear,"{""input"": [40, 1024], ""weight_math"": [1024, 4096], ""weight_storage"": [4096, 1024], ""output"": [40, 4096]}",335544320,0,{},8388608,81920,327680,独立 GEMM：权重与输入各读一次、输出写一次的操作数载荷；不预测 tile 重读。,60
aggregate; see repeats,moe.expert332.gate_up,linear,"{""input"": [40, 4096], ""weight_math"": [4096, 2048], ""weight_storage"": [2048, 4096], ""output"": [40, 2048]}",671088640,0,{},16777216,327680,163840,独立 GEMM：权重与输入各读一次、输出写一次的操作数载荷；不预测 tile 重读。,60
aggregate; see repeats,moe.expert332.down,linear,"{""input"": [40, 1024], ""weight_math"": [1024, 4096], ""weight_storage"": [4096, 1024], ""output"": [40, 4096]}",335544320,0,{},8388608,81920,327680,独立 GEMM：权重与输入各读一次、输出写一次的操作数载荷；不预测 tile 重读。,60
aggregate; see repeats,moe.expert333.gate_up,linear,"{""input"": [40, 4096], ""weight_math"": [4096, 2048], ""weight_storage"": [2048, 4096], ""output"": [40, 2048]}",671088640,0,{},16777216,327680,163840,独立 GEMM：权重与输入各读一次、输出写一次的操作数载荷；不预测 tile 重读。,60
aggregate; see repeats,moe.expert333.down,linear,"{""input"": [40, 1024], ""weight_math"": [1024, 4096], ""weight_storage"": [4096, 1024], ""output"": [40, 4096]}",335544320,0,{},8388608,81920,327680,独立 GEMM：权重与输入各读一次、输出写一次的操作数载荷；不预测 tile 重读。,60
aggregate; see repeats,moe.expert334.gate_up,linear,"{""input"": [40, 4096], ""weight_math"": [4096, 2048], ""weight_storage"": [2048, 4096], ""output"": [40, 2048]}",671088640,0,{},16777216,327680,163840,独立 GEMM：权重与输入各读一次、输出写一次的操作数载荷；不预测 tile 重读。,60
aggregate; see repeats,moe.expert334.down,linear,"{""input"": [40, 1024], ""weight_math"": [1024, 4096], ""weight_storage"": [4096, 1024], ""output"": [40, 4096]}",335544320,0,{},8388608,81920,327680,独立 GEMM：权重与输入各读一次、输出写一次的操作数载荷；不预测 tile 重读。,60
aggregate; see repeats,moe.expert335.gate_up,linear,"{""input"": [40, 4096], ""weight_math"": [4096, 2048], ""weight_storage"": [2048, 4096], ""output"": [40, 2048]}",671088640,0,{},16777216,327680,163840,独立 GEMM：权重与输入各读一次、输出写一次的操作数载荷；不预测 tile 重读。,60
aggregate; see repeats,moe.expert335.down,linear,"{""input"": [40, 1024], ""weight_math"": [1024, 4096], ""weight_storage"": [4096, 1024], ""output"": [40, 4096]}",335544320,0,{},8388608,81920,327680,独立 GEMM：权重与输入各读一次、输出写一次的操作数载荷；不预测 tile 重读。,60
aggregate; see repeats,moe.expert336.gate_up,linear,"{""input"": [40, 4096], ""weight_math"": [4096, 2048], ""weight_storage"": [2048, 4096], ""output"": [40, 2048]}",671088640,0,{},16777216,327680,163840,独立 GEMM：权重与输入各读一次、输出写一次的操作数载荷；不预测 tile 重读。,60
aggregate; see repeats,moe.expert336.down,linear,"{""input"": [40, 1024], ""weight_math"": [1024, 4096], ""weight_storage"": [4096, 1024], ""output"": [40, 4096]}",335544320,0,{},8388608,81920,327680,独立 GEMM：权重与输入各读一次、输出写一次的操作数载荷；不预测 tile 重读。,60
aggregate; see repeats,moe.expert337.gate_up,linear,"{""input"": [40, 4096], ""weight_math"": [4096, 2048], ""weight_storage"": [2048, 4096], ""output"": [40, 2048]}",671088640,0,{},16777216,327680,163840,独立 GEMM：权重与输入各读一次、输出写一次的操作数载荷；不预测 tile 重读。,60
aggregate; see repeats,moe.expert337.down,linear,"{""input"": [40, 1024], ""weight_math"": [1024, 4096], ""weight_storage"": [4096, 1024], ""output"": [40, 4096]}",335544320,0,{},8388608,81920,327680,独立 GEMM：权重与输入各读一次、输出写一次的操作数载荷；不预测 tile 重读。,60
aggregate; see repeats,moe.expert338.gate_up,linear,"{""input"": [40, 4096], ""weight_math"": [4096, 2048], ""weight_storage"": [2048, 4096], ""output"": [40, 2048]}",671088640,0,{},16777216,327680,163840,独立 GEMM：权重与输入各读一次、输出写一次的操作数载荷；不预测 tile 重读。,60
aggregate; see repeats,moe.expert338.down,linear,"{""input"": [40, 1024], ""weight_math"": [1024, 4096], ""weight_storage"": [4096, 1024], ""output"": [40, 4096]}",335544320,0,{},8388608,81920,327680,独立 GEMM：权重与输入各读一次、输出写一次的操作数载荷；不预测 tile 重读。,60
aggregate; see repeats,moe.expert339.gate_up,linear,"{""input"": [40, 4096], ""weight_math"": [4096, 2048], ""weight_storage"": [2048, 4096], ""output"": [40, 2048]}",671088640,0,{},16777216,327680,163840,独立 GEMM：权重与输入各读一次、输出写一次的操作数载荷；不预测 tile 重读。,60
aggregate; see repeats,moe.expert339.down,linear,"{""input"": [40, 1024], ""weight_math"": [1024, 4096], ""weight_storage"": [4096, 1024], ""output"": [40, 4096]}",335544320,0,{},8388608,81920,327680,独立 GEMM：权重与输入各读一次、输出写一次的操作数载荷；不预测 tile 重读。,60
aggregate; see repeats,moe.expert340.gate_up,linear,"{""input"": [40, 4096], ""weight_math"": [4096, 2048], ""weight_storage"": [2048, 4096], ""output"": [40, 2048]}",671088640,0,{},16777216,327680,163840,独立 GEMM：权重与输入各读一次、输出写一次的操作数载荷；不预测 tile 重读。,60
aggregate; see repeats,moe.expert340.down,linear,"{""input"": [40, 1024], ""weight_math"": [1024, 4096], ""weight_storage"": [4096, 1024], ""output"": [40, 4096]}",335544320,0,{},8388608,81920,327680,独立 GEMM：权重与输入各读一次、输出写一次的操作数载荷；不预测 tile 重读。,60
aggregate; see repeats,moe.expert341.gate_up,linear,"{""input"": [40, 4096], ""weight_math"": [4096, 2048], ""weight_storage"": [2048, 4096], ""output"": [40, 2048]}",671088640,0,{},16777216,327680,163840,独立 GEMM：权重与输入各读一次、输出写一次的操作数载荷；不预测 tile 重读。,60
aggregate; see repeats,moe.expert341.down,linear,"{""input"": [40, 1024], ""weight_math"": [1024, 4096], ""weight_storage"": [4096, 1024], ""output"": [40, 4096]}",335544320,0,{},8388608,81920,327680,独立 GEMM：权重与输入各读一次、输出写一次的操作数载荷；不预测 tile 重读。,60
aggregate; see repeats,moe.expert342.gate_up,linear,"{""input"": [40, 4096], ""weight_math"": [4096, 2048], ""weight_storage"": [2048, 4096], ""output"": [40, 2048]}",671088640,0,{},16777216,327680,163840,独立 GEMM：权重与输入各读一次、输出写一次的操作数载荷；不预测 tile 重读。,60
aggregate; see repeats,moe.expert342.down,linear,"{""input"": [40, 1024], ""weight_math"": [1024, 4096], ""weight_storage"": [4096, 1024], ""output"": [40, 4096]}",335544320,0,{},8388608,81920,327680,独立 GEMM：权重与输入各读一次、输出写一次的操作数载荷；不预测 tile 重读。,60
aggregate; see repeats,moe.expert343.gate_up,linear,"{""input"": [40, 4096], ""weight_math"": [4096, 2048], ""weight_storage"": [2048, 4096], ""output"": [40, 2048]}",671088640,0,{},16777216,327680,163840,独立 GEMM：权重与输入各读一次、输出写一次的操作数载荷；不预测 tile 重读。,60
aggregate; see repeats,moe.expert343.down,linear,"{""input"": [40, 1024], ""weight_math"": [1024, 4096], ""weight_storage"": [4096, 1024], ""output"": [40, 4096]}",335544320,0,{},8388608,81920,327680,独立 GEMM：权重与输入各读一次、输出写一次的操作数载荷；不预测 tile 重读。,60
aggregate; see repeats,moe.expert344.gate_up,linear,"{""input"": [40, 4096], ""weight_math"": [4096, 2048], ""weight_storage"": [2048, 4096], ""output"": [40, 2048]}",671088640,0,{},16777216,327680,163840,独立 GEMM：权重与输入各读一次、输出写一次的操作数载荷；不预测 tile 重读。,60
aggregate; see repeats,moe.expert344.down,linear,"{""input"": [40, 1024], ""weight_math"": [1024, 4096], ""weight_storage"": [4096, 1024], ""output"": [40, 4096]}",335544320,0,{},8388608,81920,327680,独立 GEMM：权重与输入各读一次、输出写一次的操作数载荷；不预测 tile 重读。,60
aggregate; see repeats,moe.expert345.gate_up,linear,"{""input"": [40, 4096], ""weight_math"": [4096, 2048], ""weight_storage"": [2048, 4096], ""output"": [40, 2048]}",671088640,0,{},16777216,327680,163840,独立 GEMM：权重与输入各读一次、输出写一次的操作数载荷；不预测 tile 重读。,60
aggregate; see repeats,moe.expert345.down,linear,"{""input"": [40, 1024], ""weight_math"": [1024, 4096], ""weight_storage"": [4096, 1024], ""output"": [40, 4096]}",335544320,0,{},8388608,81920,327680,独立 GEMM：权重与输入各读一次、输出写一次的操作数载荷；不预测 tile 重读。,60
aggregate; see repeats,moe.expert346.gate_up,linear,"{""input"": [40, 4096], ""weight_math"": [4096, 2048], ""weight_storage"": [2048, 4096], ""output"": [40, 2048]}",671088640,0,{},16777216,327680,163840,独立 GEMM：权重与输入各读一次、输出写一次的操作数载荷；不预测 tile 重读。,60
aggregate; see repeats,moe.expert346.down,linear,"{""input"": [40, 1024], ""weight_math"": [1024, 4096], ""weight_storage"": [4096, 1024], ""output"": [40, 4096]}",335544320,0,{},8388608,81920,327680,独立 GEMM：权重与输入各读一次、输出写一次的操作数载荷；不预测 tile 重读。,60
aggregate; see repeats,moe.expert347.gate_up,linear,"{""input"": [40, 4096], ""weight_math"": [4096, 2048], ""weight_storage"": [2048, 4096], ""output"": [40, 2048]}",671088640,0,{},16777216,327680,163840,独立 GEMM：权重与输入各读一次、输出写一次的操作数载荷；不预测 tile 重读。,60
aggregate; see repeats,moe.expert347.down,linear,"{""input"": [40, 1024], ""weight_math"": [1024, 4096], ""weight_storage"": [4096, 1024], ""output"": [40, 4096]}",335544320,0,{},8388608,81920,327680,独立 GEMM：权重与输入各读一次、输出写一次的操作数载荷；不预测 tile 重读。,60
aggregate; see repeats,moe.expert348.gate_up,linear,"{""input"": [40, 4096], ""weight_math"": [4096, 2048], ""weight_storage"": [2048, 4096], ""output"": [40, 2048]}",671088640,0,{},16777216,327680,163840,独立 GEMM：权重与输入各读一次、输出写一次的操作数载荷；不预测 tile 重读。,60
aggregate; see repeats,moe.expert348.down,linear,"{""input"": [40, 1024], ""weight_math"": [1024, 4096], ""weight_storage"": [4096, 1024], ""output"": [40, 4096]}",335544320,0,{},8388608,81920,327680,独立 GEMM：权重与输入各读一次、输出写一次的操作数载荷；不预测 tile 重读。,60
aggregate; see repeats,moe.expert349.gate_up,linear,"{""input"": [40, 4096], ""weight_math"": [4096, 2048], ""weight_storage"": [2048, 4096], ""output"": [40, 2048]}",671088640,0,{},16777216,327680,163840,独立 GEMM：权重与输入各读一次、输出写一次的操作数载荷；不预测 tile 重读。,60
aggregate; see repeats,moe.expert349.down,linear,"{""input"": [40, 1024], ""weight_math"": [1024, 4096], ""weight_storage"": [4096, 1024], ""output"": [40, 4096]}",335544320,0,{},8388608,81920,327680,独立 GEMM：权重与输入各读一次、输出写一次的操作数载荷；不预测 tile 重读。,60
aggregate; see repeats,moe.expert350.gate_up,linear,"{""input"": [40, 4096], ""weight_math"": [4096, 2048], ""weight_storage"": [2048, 4096], ""output"": [40, 2048]}",671088640,0,{},16777216,327680,163840,独立 GEMM：权重与输入各读一次、输出写一次的操作数载荷；不预测 tile 重读。,60
aggregate; see repeats,moe.expert350.down,linear,"{""input"": [40, 1024], ""weight_math"": [1024, 4096], ""weight_storage"": [4096, 1024], ""output"": [40, 4096]}",335544320,0,{},8388608,81920,327680,独立 GEMM：权重与输入各读一次、输出写一次的操作数载荷；不预测 tile 重读。,60
aggregate; see repeats,moe.expert351.gate_up,linear,"{""input"": [40, 4096], ""weight_math"": [4096, 2048], ""weight_storage"": [2048, 4096], ""output"": [40, 2048]}",671088640,0,{},16777216,327680,163840,独立 GEMM：权重与输入各读一次、输出写一次的操作数载荷；不预测 tile 重读。,60
aggregate; see repeats,moe.expert351.down,linear,"{""input"": [40, 1024], ""weight_math"": [1024, 4096], ""weight_storage"": [4096, 1024], ""output"": [40, 4096]}",335544320,0,{},8388608,81920,327680,独立 GEMM：权重与输入各读一次、输出写一次的操作数载荷；不预测 tile 重读。,60
aggregate; see repeats,moe.expert352.gate_up,linear,"{""input"": [40, 4096], ""weight_math"": [4096, 2048], ""weight_storage"": [2048, 4096], ""output"": [40, 2048]}",671088640,0,{},16777216,327680,163840,独立 GEMM：权重与输入各读一次、输出写一次的操作数载荷；不预测 tile 重读。,60
aggregate; see repeats,moe.expert352.down,linear,"{""input"": [40, 1024], ""weight_math"": [1024, 4096], ""weight_storage"": [4096, 1024], ""output"": [40, 4096]}",335544320,0,{},8388608,81920,327680,独立 GEMM：权重与输入各读一次、输出写一次的操作数载荷；不预测 tile 重读。,60
aggregate; see repeats,moe.expert353.gate_up,linear,"{""input"": [40, 4096], ""weight_math"": [4096, 2048], ""weight_storage"": [2048, 4096], ""output"": [40, 2048]}",671088640,0,{},16777216,327680,163840,独立 GEMM：权重与输入各读一次、输出写一次的操作数载荷；不预测 tile 重读。,60
aggregate; see repeats,moe.expert353.down,linear,"{""input"": [40, 1024], ""weight_math"": [1024, 4096], ""weight_storage"": [4096, 1024], ""output"": [40, 4096]}",335544320,0,{},8388608,81920,327680,独立 GEMM：权重与输入各读一次、输出写一次的操作数载荷；不预测 tile 重读。,60
aggregate; see repeats,moe.expert354.gate_up,linear,"{""input"": [40, 4096], ""weight_math"": [4096, 2048], ""weight_storage"": [2048, 4096], ""output"": [40, 2048]}",671088640,0,{},16777216,327680,163840,独立 GEMM：权重与输入各读一次、输出写一次的操作数载荷；不预测 tile 重读。,60
aggregate; see repeats,moe.expert354.down,linear,"{""input"": [40, 1024], ""weight_math"": [1024, 4096], ""weight_storage"": [4096, 1024], ""output"": [40, 4096]}",335544320,0,{},8388608,81920,327680,独立 GEMM：权重与输入各读一次、输出写一次的操作数载荷；不预测 tile 重读。,60
aggregate; see repeats,moe.expert355.gate_up,linear,"{""input"": [40, 4096], ""weight_math"": [4096, 2048], ""weight_storage"": [2048, 4096], ""output"": [40, 2048]}",671088640,0,{},16777216,327680,163840,独立 GEMM：权重与输入各读一次、输出写一次的操作数载荷；不预测 tile 重读。,60
aggregate; see repeats,moe.expert355.down,linear,"{""input"": [40, 1024], ""weight_math"": [1024, 4096], ""weight_storage"": [4096, 1024], ""output"": [40, 4096]}",335544320,0,{},8388608,81920,327680,独立 GEMM：权重与输入各读一次、输出写一次的操作数载荷；不预测 tile 重读。,60
aggregate; see repeats,moe.expert356.gate_up,linear,"{""input"": [40, 4096], ""weight_math"": [4096, 2048], ""weight_storage"": [2048, 4096], ""output"": [40, 2048]}",671088640,0,{},16777216,327680,163840,独立 GEMM：权重与输入各读一次、输出写一次的操作数载荷；不预测 tile 重读。,60
aggregate; see repeats,moe.expert356.down,linear,"{""input"": [40, 1024], ""weight_math"": [1024, 4096], ""weight_storage"": [4096, 1024], ""output"": [40, 4096]}",335544320,0,{},8388608,81920,327680,独立 GEMM：权重与输入各读一次、输出写一次的操作数载荷；不预测 tile 重读。,60
aggregate; see repeats,moe.expert357.gate_up,linear,"{""input"": [40, 4096], ""weight_math"": [4096, 2048], ""weight_storage"": [2048, 4096], ""output"": [40, 2048]}",671088640,0,{},16777216,327680,163840,独立 GEMM：权重与输入各读一次、输出写一次的操作数载荷；不预测 tile 重读。,60
aggregate; see repeats,moe.expert357.down,linear,"{""input"": [40, 1024], ""weight_math"": [1024, 4096], ""weight_storage"": [4096, 1024], ""output"": [40, 4096]}",335544320,0,{},8388608,81920,327680,独立 GEMM：权重与输入各读一次、输出写一次的操作数载荷；不预测 tile 重读。,60
aggregate; see repeats,moe.expert358.gate_up,linear,"{""input"": [40, 4096], ""weight_math"": [4096, 2048], ""weight_storage"": [2048, 4096], ""output"": [40, 2048]}",671088640,0,{},16777216,327680,163840,独立 GEMM：权重与输入各读一次、输出写一次的操作数载荷；不预测 tile 重读。,60
aggregate; see repeats,moe.expert358.down,linear,"{""input"": [40, 1024], ""weight_math"": [1024, 4096], ""weight_storage"": [4096, 1024], ""output"": [40, 4096]}",335544320,0,{},8388608,81920,327680,独立 GEMM：权重与输入各读一次、输出写一次的操作数载荷；不预测 tile 重读。,60
aggregate; see repeats,moe.expert359.gate_up,linear,"{""input"": [40, 4096], ""weight_math"": [4096, 2048], ""weight_storage"": [2048, 4096], ""output"": [40, 2048]}",671088640,0,{},16777216,327680,163840,独立 GEMM：权重与输入各读一次、输出写一次的操作数载荷；不预测 tile 重读。,60
aggregate; see repeats,moe.expert359.down,linear,"{""input"": [40, 1024], ""weight_math"": [1024, 4096], ""weight_storage"": [4096, 1024], ""output"": [40, 4096]}",335544320,0,{},8388608,81920,327680,独立 GEMM：权重与输入各读一次、输出写一次的操作数载荷；不预测 tile 重读。,60
aggregate; see repeats,moe.expert360.gate_up,linear,"{""input"": [40, 4096], ""weight_math"": [4096, 2048], ""weight_storage"": [2048, 4096], ""output"": [40, 2048]}",671088640,0,{},16777216,327680,163840,独立 GEMM：权重与输入各读一次、输出写一次的操作数载荷；不预测 tile 重读。,60
aggregate; see repeats,moe.expert360.down,linear,"{""input"": [40, 1024], ""weight_math"": [1024, 4096], ""weight_storage"": [4096, 1024], ""output"": [40, 4096]}",335544320,0,{},8388608,81920,327680,独立 GEMM：权重与输入各读一次、输出写一次的操作数载荷；不预测 tile 重读。,60
aggregate; see repeats,moe.expert361.gate_up,linear,"{""input"": [40, 4096], ""weight_math"": [4096, 2048], ""weight_storage"": [2048, 4096], ""output"": [40, 2048]}",671088640,0,{},16777216,327680,163840,独立 GEMM：权重与输入各读一次、输出写一次的操作数载荷；不预测 tile 重读。,60
aggregate; see repeats,moe.expert361.down,linear,"{""input"": [40, 1024], ""weight_math"": [1024, 4096], ""weight_storage"": [4096, 1024], ""output"": [40, 4096]}",335544320,0,{},8388608,81920,327680,独立 GEMM：权重与输入各读一次、输出写一次的操作数载荷；不预测 tile 重读。,60
aggregate; see repeats,moe.expert362.gate_up,linear,"{""input"": [40, 4096], ""weight_math"": [4096, 2048], ""weight_storage"": [2048, 4096], ""output"": [40, 2048]}",671088640,0,{},16777216,327680,163840,独立 GEMM：权重与输入各读一次、输出写一次的操作数载荷；不预测 tile 重读。,60
aggregate; see repeats,moe.expert362.down,linear,"{""input"": [40, 1024], ""weight_math"": [1024, 4096], ""weight_storage"": [4096, 1024], ""output"": [40, 4096]}",335544320,0,{},8388608,81920,327680,独立 GEMM：权重与输入各读一次、输出写一次的操作数载荷；不预测 tile 重读。,60
aggregate; see repeats,moe.expert363.gate_up,linear,"{""input"": [40, 4096], ""weight_math"": [4096, 2048], ""weight_storage"": [2048, 4096], ""output"": [40, 2048]}",671088640,0,{},16777216,327680,163840,独立 GEMM：权重与输入各读一次、输出写一次的操作数载荷；不预测 tile 重读。,60
aggregate; see repeats,moe.expert363.down,linear,"{""input"": [40, 1024], ""weight_math"": [1024, 4096], ""weight_storage"": [4096, 1024], ""output"": [40, 4096]}",335544320,0,{},8388608,81920,327680,独立 GEMM：权重与输入各读一次、输出写一次的操作数载荷；不预测 tile 重读。,60
aggregate; see repeats,moe.expert364.gate_up,linear,"{""input"": [40, 4096], ""weight_math"": [4096, 2048], ""weight_storage"": [2048, 4096], ""output"": [40, 2048]}",671088640,0,{},16777216,327680,163840,独立 GEMM：权重与输入各读一次、输出写一次的操作数载荷；不预测 tile 重读。,60
aggregate; see repeats,moe.expert364.down,linear,"{""input"": [40, 1024], ""weight_math"": [1024, 4096], ""weight_storage"": [4096, 1024], ""output"": [40, 4096]}",335544320,0,{},8388608,81920,327680,独立 GEMM：权重与输入各读一次、输出写一次的操作数载荷；不预测 tile 重读。,60
aggregate; see repeats,moe.expert365.gate_up,linear,"{""input"": [40, 4096], ""weight_math"": [4096, 2048], ""weight_storage"": [2048, 4096], ""output"": [40, 2048]}",671088640,0,{},16777216,327680,163840,独立 GEMM：权重与输入各读一次、输出写一次的操作数载荷；不预测 tile 重读。,60
aggregate; see repeats,moe.expert365.down,linear,"{""input"": [40, 1024], ""weight_math"": [1024, 4096], ""weight_storage"": [4096, 1024], ""output"": [40, 4096]}",335544320,0,{},8388608,81920,327680,独立 GEMM：权重与输入各读一次、输出写一次的操作数载荷；不预测 tile 重读。,60
aggregate; see repeats,moe.expert366.gate_up,linear,"{""input"": [40, 4096], ""weight_math"": [4096, 2048], ""weight_storage"": [2048, 4096], ""output"": [40, 2048]}",671088640,0,{},16777216,327680,163840,独立 GEMM：权重与输入各读一次、输出写一次的操作数载荷；不预测 tile 重读。,60
aggregate; see repeats,moe.expert366.down,linear,"{""input"": [40, 1024], ""weight_math"": [1024, 4096], ""weight_storage"": [4096, 1024], ""output"": [40, 4096]}",335544320,0,{},8388608,81920,327680,独立 GEMM：权重与输入各读一次、输出写一次的操作数载荷；不预测 tile 重读。,60
aggregate; see repeats,moe.expert367.gate_up,linear,"{""input"": [40, 4096], ""weight_math"": [4096, 2048], ""weight_storage"": [2048, 4096], ""output"": [40, 2048]}",671088640,0,{},16777216,327680,163840,独立 GEMM：权重与输入各读一次、输出写一次的操作数载荷；不预测 tile 重读。,60
aggregate; see repeats,moe.expert367.down,linear,"{""input"": [40, 1024], ""weight_math"": [1024, 4096], ""weight_storage"": [4096, 1024], ""output"": [40, 4096]}",335544320,0,{},8388608,81920,327680,独立 GEMM：权重与输入各读一次、输出写一次的操作数载荷；不预测 tile 重读。,60
aggregate; see repeats,moe.expert368.gate_up,linear,"{""input"": [40, 4096], ""weight_math"": [4096, 2048], ""weight_storage"": [2048, 4096], ""output"": [40, 2048]}",671088640,0,{},16777216,327680,163840,独立 GEMM：权重与输入各读一次、输出写一次的操作数载荷；不预测 tile 重读。,60
aggregate; see repeats,moe.expert368.down,linear,"{""input"": [40, 1024], ""weight_math"": [1024, 4096], ""weight_storage"": [4096, 1024], ""output"": [40, 4096]}",335544320,0,{},8388608,81920,327680,独立 GEMM：权重与输入各读一次、输出写一次的操作数载荷；不预测 tile 重读。,60
aggregate; see repeats,moe.expert369.gate_up,linear,"{""input"": [40, 4096], ""weight_math"": [4096, 2048], ""weight_storage"": [2048, 4096], ""output"": [40, 2048]}",671088640,0,{},16777216,327680,163840,独立 GEMM：权重与输入各读一次、输出写一次的操作数载荷；不预测 tile 重读。,60
aggregate; see repeats,moe.expert369.down,linear,"{""input"": [40, 1024], ""weight_math"": [1024, 4096], ""weight_storage"": [4096, 1024], ""output"": [40, 4096]}",335544320,0,{},8388608,81920,327680,独立 GEMM：权重与输入各读一次、输出写一次的操作数载荷；不预测 tile 重读。,60
aggregate; see repeats,moe.expert370.gate_up,linear,"{""input"": [40, 4096], ""weight_math"": [4096, 2048], ""weight_storage"": [2048, 4096], ""output"": [40, 2048]}",671088640,0,{},16777216,327680,163840,独立 GEMM：权重与输入各读一次、输出写一次的操作数载荷；不预测 tile 重读。,60
aggregate; see repeats,moe.expert370.down,linear,"{""input"": [40, 1024], ""weight_math"": [1024, 4096], ""weight_storage"": [4096, 1024], ""output"": [40, 4096]}",335544320,0,{},8388608,81920,327680,独立 GEMM：权重与输入各读一次、输出写一次的操作数载荷；不预测 tile 重读。,60
aggregate; see repeats,moe.expert371.gate_up,linear,"{""input"": [40, 4096], ""weight_math"": [4096, 2048], ""weight_storage"": [2048, 4096], ""output"": [40, 2048]}",671088640,0,{},16777216,327680,163840,独立 GEMM：权重与输入各读一次、输出写一次的操作数载荷；不预测 tile 重读。,60
aggregate; see repeats,moe.expert371.down,linear,"{""input"": [40, 1024], ""weight_math"": [1024, 4096], ""weight_storage"": [4096, 1024], ""output"": [40, 4096]}",335544320,0,{},8388608,81920,327680,独立 GEMM：权重与输入各读一次、输出写一次的操作数载荷；不预测 tile 重读。,60
aggregate; see repeats,moe.expert372.gate_up,linear,"{""input"": [40, 4096], ""weight_math"": [4096, 2048], ""weight_storage"": [2048, 4096], ""output"": [40, 2048]}",671088640,0,{},16777216,327680,163840,独立 GEMM：权重与输入各读一次、输出写一次的操作数载荷；不预测 tile 重读。,60
aggregate; see repeats,moe.expert372.down,linear,"{""input"": [40, 1024], ""weight_math"": [1024, 4096], ""weight_storage"": [4096, 1024], ""output"": [40, 4096]}",335544320,0,{},8388608,81920,327680,独立 GEMM：权重与输入各读一次、输出写一次的操作数载荷；不预测 tile 重读。,60
aggregate; see repeats,moe.expert373.gate_up,linear,"{""input"": [40, 4096], ""weight_math"": [4096, 2048], ""weight_storage"": [2048, 4096], ""output"": [40, 2048]}",671088640,0,{},16777216,327680,163840,独立 GEMM：权重与输入各读一次、输出写一次的操作数载荷；不预测 tile 重读。,60
aggregate; see repeats,moe.expert373.down,linear,"{""input"": [40, 1024], ""weight_math"": [1024, 4096], ""weight_storage"": [4096, 1024], ""output"": [40, 4096]}",335544320,0,{},8388608,81920,327680,独立 GEMM：权重与输入各读一次、输出写一次的操作数载荷；不预测 tile 重读。,60
aggregate; see repeats,moe.expert374.gate_up,linear,"{""input"": [40, 4096], ""weight_math"": [4096, 2048], ""weight_storage"": [2048, 4096], ""output"": [40, 2048]}",671088640,0,{},16777216,327680,163840,独立 GEMM：权重与输入各读一次、输出写一次的操作数载荷；不预测 tile 重读。,60
aggregate; see repeats,moe.expert374.down,linear,"{""input"": [40, 1024], ""weight_math"": [1024, 4096], ""weight_storage"": [4096, 1024], ""output"": [40, 4096]}",335544320,0,{},8388608,81920,327680,独立 GEMM：权重与输入各读一次、输出写一次的操作数载荷；不预测 tile 重读。,60
aggregate; see repeats,moe.expert375.gate_up,linear,"{""input"": [40, 4096], ""weight_math"": [4096, 2048], ""weight_storage"": [2048, 4096], ""output"": [40, 2048]}",671088640,0,{},16777216,327680,163840,独立 GEMM：权重与输入各读一次、输出写一次的操作数载荷；不预测 tile 重读。,60
aggregate; see repeats,moe.expert375.down,linear,"{""input"": [40, 1024], ""weight_math"": [1024, 4096], ""weight_storage"": [4096, 1024], ""output"": [40, 4096]}",335544320,0,{},8388608,81920,327680,独立 GEMM：权重与输入各读一次、输出写一次的操作数载荷；不预测 tile 重读。,60
aggregate; see repeats,moe.expert376.gate_up,linear,"{""input"": [40, 4096], ""weight_math"": [4096, 2048], ""weight_storage"": [2048, 4096], ""output"": [40, 2048]}",671088640,0,{},16777216,327680,163840,独立 GEMM：权重与输入各读一次、输出写一次的操作数载荷；不预测 tile 重读。,60
aggregate; see repeats,moe.expert376.down,linear,"{""input"": [40, 1024], ""weight_math"": [1024, 4096], ""weight_storage"": [4096, 1024], ""output"": [40, 4096]}",335544320,0,{},8388608,81920,327680,独立 GEMM：权重与输入各读一次、输出写一次的操作数载荷；不预测 tile 重读。,60
aggregate; see repeats,moe.expert377.gate_up,linear,"{""input"": [40, 4096], ""weight_math"": [4096, 2048], ""weight_storage"": [2048, 4096], ""output"": [40, 2048]}",671088640,0,{},16777216,327680,163840,独立 GEMM：权重与输入各读一次、输出写一次的操作数载荷；不预测 tile 重读。,60
aggregate; see repeats,moe.expert377.down,linear,"{""input"": [40, 1024], ""weight_math"": [1024, 4096], ""weight_storage"": [4096, 1024], ""output"": [40, 4096]}",335544320,0,{},8388608,81920,327680,独立 GEMM：权重与输入各读一次、输出写一次的操作数载荷；不预测 tile 重读。,60
aggregate; see repeats,moe.expert378.gate_up,linear,"{""input"": [40, 4096], ""weight_math"": [4096, 2048], ""weight_storage"": [2048, 4096], ""output"": [40, 2048]}",671088640,0,{},16777216,327680,163840,独立 GEMM：权重与输入各读一次、输出写一次的操作数载荷；不预测 tile 重读。,60
aggregate; see repeats,moe.expert378.down,linear,"{""input"": [40, 1024], ""weight_math"": [1024, 4096], ""weight_storage"": [4096, 1024], ""output"": [40, 4096]}",335544320,0,{},8388608,81920,327680,独立 GEMM：权重与输入各读一次、输出写一次的操作数载荷；不预测 tile 重读。,60
aggregate; see repeats,moe.expert379.gate_up,linear,"{""input"": [40, 4096], ""weight_math"": [4096, 2048], ""weight_storage"": [2048, 4096], ""output"": [40, 2048]}",671088640,0,{},16777216,327680,163840,独立 GEMM：权重与输入各读一次、输出写一次的操作数载荷；不预测 tile 重读。,60
aggregate; see repeats,moe.expert379.down,linear,"{""input"": [40, 1024], ""weight_math"": [1024, 4096], ""weight_storage"": [4096, 1024], ""output"": [40, 4096]}",335544320,0,{},8388608,81920,327680,独立 GEMM：权重与输入各读一次、输出写一次的操作数载荷；不预测 tile 重读。,60
aggregate; see repeats,moe.expert380.gate_up,linear,"{""input"": [40, 4096], ""weight_math"": [4096, 2048], ""weight_storage"": [2048, 4096], ""output"": [40, 2048]}",671088640,0,{},16777216,327680,163840,独立 GEMM：权重与输入各读一次、输出写一次的操作数载荷；不预测 tile 重读。,60
aggregate; see repeats,moe.expert380.down,linear,"{""input"": [40, 1024], ""weight_math"": [1024, 4096], ""weight_storage"": [4096, 1024], ""output"": [40, 4096]}",335544320,0,{},8388608,81920,327680,独立 GEMM：权重与输入各读一次、输出写一次的操作数载荷；不预测 tile 重读。,60
aggregate; see repeats,moe.expert381.gate_up,linear,"{""input"": [40, 4096], ""weight_math"": [4096, 2048], ""weight_storage"": [2048, 4096], ""output"": [40, 2048]}",671088640,0,{},16777216,327680,163840,独立 GEMM：权重与输入各读一次、输出写一次的操作数载荷；不预测 tile 重读。,60
aggregate; see repeats,moe.expert381.down,linear,"{""input"": [40, 1024], ""weight_math"": [1024, 4096], ""weight_storage"": [4096, 1024], ""output"": [40, 4096]}",335544320,0,{},8388608,81920,327680,独立 GEMM：权重与输入各读一次、输出写一次的操作数载荷；不预测 tile 重读。,60
aggregate; see repeats,moe.expert382.gate_up,linear,"{""input"": [40, 4096], ""weight_math"": [4096, 2048], ""weight_storage"": [2048, 4096], ""output"": [40, 2048]}",671088640,0,{},16777216,327680,163840,独立 GEMM：权重与输入各读一次、输出写一次的操作数载荷；不预测 tile 重读。,60
aggregate; see repeats,moe.expert382.down,linear,"{""input"": [40, 1024], ""weight_math"": [1024, 4096], ""weight_storage"": [4096, 1024], ""output"": [40, 4096]}",335544320,0,{},8388608,81920,327680,独立 GEMM：权重与输入各读一次、输出写一次的操作数载荷；不预测 tile 重读。,60
aggregate; see repeats,moe.expert383.gate_up,linear,"{""input"": [40, 4096], ""weight_math"": [4096, 2048], ""weight_storage"": [2048, 4096], ""output"": [40, 2048]}",671088640,0,{},16777216,327680,163840,独立 GEMM：权重与输入各读一次、输出写一次的操作数载荷；不预测 tile 重读。,60
aggregate; see repeats,moe.expert383.down,linear,"{""input"": [40, 1024], ""weight_math"": [1024, 4096], ""weight_storage"": [4096, 1024], ""output"": [40, 4096]}",335544320,0,{},8388608,81920,327680,独立 GEMM：权重与输入各读一次、输出写一次的操作数载荷；不预测 tile 重读。,60
aggregate; see repeats,moe.expert384.gate_up,linear,"{""input"": [40, 4096], ""weight_math"": [4096, 2048], ""weight_storage"": [2048, 4096], ""output"": [40, 2048]}",671088640,0,{},16777216,327680,163840,独立 GEMM：权重与输入各读一次、输出写一次的操作数载荷；不预测 tile 重读。,60
aggregate; see repeats,moe.expert384.down,linear,"{""input"": [40, 1024], ""weight_math"": [1024, 4096], ""weight_storage"": [4096, 1024], ""output"": [40, 4096]}",335544320,0,{},8388608,81920,327680,独立 GEMM：权重与输入各读一次、输出写一次的操作数载荷；不预测 tile 重读。,60
aggregate; see repeats,moe.expert385.gate_up,linear,"{""input"": [40, 4096], ""weight_math"": [4096, 2048], ""weight_storage"": [2048, 4096], ""output"": [40, 2048]}",671088640,0,{},16777216,327680,163840,独立 GEMM：权重与输入各读一次、输出写一次的操作数载荷；不预测 tile 重读。,60
aggregate; see repeats,moe.expert385.down,linear,"{""input"": [40, 1024], ""weight_math"": [1024, 4096], ""weight_storage"": [4096, 1024], ""output"": [40, 4096]}",335544320,0,{},8388608,81920,327680,独立 GEMM：权重与输入各读一次、输出写一次的操作数载荷；不预测 tile 重读。,60
aggregate; see repeats,moe.expert386.gate_up,linear,"{""input"": [40, 4096], ""weight_math"": [4096, 2048], ""weight_storage"": [2048, 4096], ""output"": [40, 2048]}",671088640,0,{},16777216,327680,163840,独立 GEMM：权重与输入各读一次、输出写一次的操作数载荷；不预测 tile 重读。,60
aggregate; see repeats,moe.expert386.down,linear,"{""input"": [40, 1024], ""weight_math"": [1024, 4096], ""weight_storage"": [4096, 1024], ""output"": [40, 4096]}",335544320,0,{},8388608,81920,327680,独立 GEMM：权重与输入各读一次、输出写一次的操作数载荷；不预测 tile 重读。,60
aggregate; see repeats,moe.expert387.gate_up,linear,"{""input"": [40, 4096], ""weight_math"": [4096, 2048], ""weight_storage"": [2048, 4096], ""output"": [40, 2048]}",671088640,0,{},16777216,327680,163840,独立 GEMM：权重与输入各读一次、输出写一次的操作数载荷；不预测 tile 重读。,60
aggregate; see repeats,moe.expert387.down,linear,"{""input"": [40, 1024], ""weight_math"": [1024, 4096], ""weight_storage"": [4096, 1024], ""output"": [40, 4096]}",335544320,0,{},8388608,81920,327680,独立 GEMM：权重与输入各读一次、输出写一次的操作数载荷；不预测 tile 重读。,60
aggregate; see repeats,moe.expert388.gate_up,linear,"{""input"": [40, 4096], ""weight_math"": [4096, 2048], ""weight_storage"": [2048, 4096], ""output"": [40, 2048]}",671088640,0,{},16777216,327680,163840,独立 GEMM：权重与输入各读一次、输出写一次的操作数载荷；不预测 tile 重读。,60
aggregate; see repeats,moe.expert388.down,linear,"{""input"": [40, 1024], ""weight_math"": [1024, 4096], ""weight_storage"": [4096, 1024], ""output"": [40, 4096]}",335544320,0,{},8388608,81920,327680,独立 GEMM：权重与输入各读一次、输出写一次的操作数载荷；不预测 tile 重读。,60
aggregate; see repeats,moe.expert389.gate_up,linear,"{""input"": [40, 4096], ""weight_math"": [4096, 2048], ""weight_storage"": [2048, 4096], ""output"": [40, 2048]}",671088640,0,{},16777216,327680,163840,独立 GEMM：权重与输入各读一次、输出写一次的操作数载荷；不预测 tile 重读。,60
aggregate; see repeats,moe.expert389.down,linear,"{""input"": [40, 1024], ""weight_math"": [1024, 4096], ""weight_storage"": [4096, 1024], ""output"": [40, 4096]}",335544320,0,{},8388608,81920,327680,独立 GEMM：权重与输入各读一次、输出写一次的操作数载荷；不预测 tile 重读。,60
aggregate; see repeats,moe.expert390.gate_up,linear,"{""input"": [40, 4096], ""weight_math"": [4096, 2048], ""weight_storage"": [2048, 4096], ""output"": [40, 2048]}",671088640,0,{},16777216,327680,163840,独立 GEMM：权重与输入各读一次、输出写一次的操作数载荷；不预测 tile 重读。,60
aggregate; see repeats,moe.expert390.down,linear,"{""input"": [40, 1024], ""weight_math"": [1024, 4096], ""weight_storage"": [4096, 1024], ""output"": [40, 4096]}",335544320,0,{},8388608,81920,327680,独立 GEMM：权重与输入各读一次、输出写一次的操作数载荷；不预测 tile 重读。,60
aggregate; see repeats,moe.expert391.gate_up,linear,"{""input"": [40, 4096], ""weight_math"": [4096, 2048], ""weight_storage"": [2048, 4096], ""output"": [40, 2048]}",671088640,0,{},16777216,327680,163840,独立 GEMM：权重与输入各读一次、输出写一次的操作数载荷；不预测 tile 重读。,60
aggregate; see repeats,moe.expert391.down,linear,"{""input"": [40, 1024], ""weight_math"": [1024, 4096], ""weight_storage"": [4096, 1024], ""output"": [40, 4096]}",335544320,0,{},8388608,81920,327680,独立 GEMM：权重与输入各读一次、输出写一次的操作数载荷；不预测 tile 重读。,60
aggregate; see repeats,moe.expert392.gate_up,linear,"{""input"": [40, 4096], ""weight_math"": [4096, 2048], ""weight_storage"": [2048, 4096], ""output"": [40, 2048]}",671088640,0,{},16777216,327680,163840,独立 GEMM：权重与输入各读一次、输出写一次的操作数载荷；不预测 tile 重读。,60
aggregate; see repeats,moe.expert392.down,linear,"{""input"": [40, 1024], ""weight_math"": [1024, 4096], ""weight_storage"": [4096, 1024], ""output"": [40, 4096]}",335544320,0,{},8388608,81920,327680,独立 GEMM：权重与输入各读一次、输出写一次的操作数载荷；不预测 tile 重读。,60
aggregate; see repeats,moe.expert393.gate_up,linear,"{""input"": [40, 4096], ""weight_math"": [4096, 2048], ""weight_storage"": [2048, 4096], ""output"": [40, 2048]}",671088640,0,{},16777216,327680,163840,独立 GEMM：权重与输入各读一次、输出写一次的操作数载荷；不预测 tile 重读。,60
aggregate; see repeats,moe.expert393.down,linear,"{""input"": [40, 1024], ""weight_math"": [1024, 4096], ""weight_storage"": [4096, 1024], ""output"": [40, 4096]}",335544320,0,{},8388608,81920,327680,独立 GEMM：权重与输入各读一次、输出写一次的操作数载荷；不预测 tile 重读。,60
aggregate; see repeats,moe.expert394.gate_up,linear,"{""input"": [40, 4096], ""weight_math"": [4096, 2048], ""weight_storage"": [2048, 4096], ""output"": [40, 2048]}",671088640,0,{},16777216,327680,163840,独立 GEMM：权重与输入各读一次、输出写一次的操作数载荷；不预测 tile 重读。,60
aggregate; see repeats,moe.expert394.down,linear,"{""input"": [40, 1024], ""weight_math"": [1024, 4096], ""weight_storage"": [4096, 1024], ""output"": [40, 4096]}",335544320,0,{},8388608,81920,327680,独立 GEMM：权重与输入各读一次、输出写一次的操作数载荷；不预测 tile 重读。,60
aggregate; see repeats,moe.expert395.gate_up,linear,"{""input"": [40, 4096], ""weight_math"": [4096, 2048], ""weight_storage"": [2048, 4096], ""output"": [40, 2048]}",671088640,0,{},16777216,327680,163840,独立 GEMM：权重与输入各读一次、输出写一次的操作数载荷；不预测 tile 重读。,60
aggregate; see repeats,moe.expert395.down,linear,"{""input"": [40, 1024], ""weight_math"": [1024, 4096], ""weight_storage"": [4096, 1024], ""output"": [40, 4096]}",335544320,0,{},8388608,81920,327680,独立 GEMM：权重与输入各读一次、输出写一次的操作数载荷；不预测 tile 重读。,60
aggregate; see repeats,moe.expert396.gate_up,linear,"{""input"": [40, 4096], ""weight_math"": [4096, 2048], ""weight_storage"": [2048, 4096], ""output"": [40, 2048]}",671088640,0,{},16777216,327680,163840,独立 GEMM：权重与输入各读一次、输出写一次的操作数载荷；不预测 tile 重读。,60
aggregate; see repeats,moe.expert396.down,linear,"{""input"": [40, 1024], ""weight_math"": [1024, 4096], ""weight_storage"": [4096, 1024], ""output"": [40, 4096]}",335544320,0,{},8388608,81920,327680,独立 GEMM：权重与输入各读一次、输出写一次的操作数载荷；不预测 tile 重读。,60
aggregate; see repeats,moe.expert397.gate_up,linear,"{""input"": [40, 4096], ""weight_math"": [4096, 2048], ""weight_storage"": [2048, 4096], ""output"": [40, 2048]}",671088640,0,{},16777216,327680,163840,独立 GEMM：权重与输入各读一次、输出写一次的操作数载荷；不预测 tile 重读。,60
aggregate; see repeats,moe.expert397.down,linear,"{""input"": [40, 1024], ""weight_math"": [1024, 4096], ""weight_storage"": [4096, 1024], ""output"": [40, 4096]}",335544320,0,{},8388608,81920,327680,独立 GEMM：权重与输入各读一次、输出写一次的操作数载荷；不预测 tile 重读。,60
aggregate; see repeats,moe.expert398.gate_up,linear,"{""input"": [40, 4096], ""weight_math"": [4096, 2048], ""weight_storage"": [2048, 4096], ""output"": [40, 2048]}",671088640,0,{},16777216,327680,163840,独立 GEMM：权重与输入各读一次、输出写一次的操作数载荷；不预测 tile 重读。,60
aggregate; see repeats,moe.expert398.down,linear,"{""input"": [40, 1024], ""weight_math"": [1024, 4096], ""weight_storage"": [4096, 1024], ""output"": [40, 4096]}",335544320,0,{},8388608,81920,327680,独立 GEMM：权重与输入各读一次、输出写一次的操作数载荷；不预测 tile 重读。,60
aggregate; see repeats,moe.expert399.gate_up,linear,"{""input"": [40, 4096], ""weight_math"": [4096, 2048], ""weight_storage"": [2048, 4096], ""output"": [40, 2048]}",671088640,0,{},16777216,327680,163840,独立 GEMM：权重与输入各读一次、输出写一次的操作数载荷；不预测 tile 重读。,60
aggregate; see repeats,moe.expert399.down,linear,"{""input"": [40, 1024], ""weight_math"": [1024, 4096], ""weight_storage"": [4096, 1024], ""output"": [40, 4096]}",335544320,0,{},8388608,81920,327680,独立 GEMM：权重与输入各读一次、输出写一次的操作数载荷；不预测 tile 重读。,60
aggregate; see repeats,moe.expert400.gate_up,linear,"{""input"": [40, 4096], ""weight_math"": [4096, 2048], ""weight_storage"": [2048, 4096], ""output"": [40, 2048]}",671088640,0,{},16777216,327680,163840,独立 GEMM：权重与输入各读一次、输出写一次的操作数载荷；不预测 tile 重读。,60
aggregate; see repeats,moe.expert400.down,linear,"{""input"": [40, 1024], ""weight_math"": [1024, 4096], ""weight_storage"": [4096, 1024], ""output"": [40, 4096]}",335544320,0,{},8388608,81920,327680,独立 GEMM：权重与输入各读一次、输出写一次的操作数载荷；不预测 tile 重读。,60
aggregate; see repeats,moe.expert401.gate_up,linear,"{""input"": [40, 4096], ""weight_math"": [4096, 2048], ""weight_storage"": [2048, 4096], ""output"": [40, 2048]}",671088640,0,{},16777216,327680,163840,独立 GEMM：权重与输入各读一次、输出写一次的操作数载荷；不预测 tile 重读。,60
aggregate; see repeats,moe.expert401.down,linear,"{""input"": [40, 1024], ""weight_math"": [1024, 4096], ""weight_storage"": [4096, 1024], ""output"": [40, 4096]}",335544320,0,{},8388608,81920,327680,独立 GEMM：权重与输入各读一次、输出写一次的操作数载荷；不预测 tile 重读。,60
aggregate; see repeats,moe.expert402.gate_up,linear,"{""input"": [40, 4096], ""weight_math"": [4096, 2048], ""weight_storage"": [2048, 4096], ""output"": [40, 2048]}",671088640,0,{},16777216,327680,163840,独立 GEMM：权重与输入各读一次、输出写一次的操作数载荷；不预测 tile 重读。,60
aggregate; see repeats,moe.expert402.down,linear,"{""input"": [40, 1024], ""weight_math"": [1024, 4096], ""weight_storage"": [4096, 1024], ""output"": [40, 4096]}",335544320,0,{},8388608,81920,327680,独立 GEMM：权重与输入各读一次、输出写一次的操作数载荷；不预测 tile 重读。,60
aggregate; see repeats,moe.expert403.gate_up,linear,"{""input"": [40, 4096], ""weight_math"": [4096, 2048], ""weight_storage"": [2048, 4096], ""output"": [40, 2048]}",671088640,0,{},16777216,327680,163840,独立 GEMM：权重与输入各读一次、输出写一次的操作数载荷；不预测 tile 重读。,60
aggregate; see repeats,moe.expert403.down,linear,"{""input"": [40, 1024], ""weight_math"": [1024, 4096], ""weight_storage"": [4096, 1024], ""output"": [40, 4096]}",335544320,0,{},8388608,81920,327680,独立 GEMM：权重与输入各读一次、输出写一次的操作数载荷；不预测 tile 重读。,60
aggregate; see repeats,moe.expert404.gate_up,linear,"{""input"": [40, 4096], ""weight_math"": [4096, 2048], ""weight_storage"": [2048, 4096], ""output"": [40, 2048]}",671088640,0,{},16777216,327680,163840,独立 GEMM：权重与输入各读一次、输出写一次的操作数载荷；不预测 tile 重读。,60
aggregate; see repeats,moe.expert404.down,linear,"{""input"": [40, 1024], ""weight_math"": [1024, 4096], ""weight_storage"": [4096, 1024], ""output"": [40, 4096]}",335544320,0,{},8388608,81920,327680,独立 GEMM：权重与输入各读一次、输出写一次的操作数载荷；不预测 tile 重读。,60
aggregate; see repeats,moe.expert405.gate_up,linear,"{""input"": [40, 4096], ""weight_math"": [4096, 2048], ""weight_storage"": [2048, 4096], ""output"": [40, 2048]}",671088640,0,{},16777216,327680,163840,独立 GEMM：权重与输入各读一次、输出写一次的操作数载荷；不预测 tile 重读。,60
aggregate; see repeats,moe.expert405.down,linear,"{""input"": [40, 1024], ""weight_math"": [1024, 4096], ""weight_storage"": [4096, 1024], ""output"": [40, 4096]}",335544320,0,{},8388608,81920,327680,独立 GEMM：权重与输入各读一次、输出写一次的操作数载荷；不预测 tile 重读。,60
aggregate; see repeats,moe.expert406.gate_up,linear,"{""input"": [40, 4096], ""weight_math"": [4096, 2048], ""weight_storage"": [2048, 4096], ""output"": [40, 2048]}",671088640,0,{},16777216,327680,163840,独立 GEMM：权重与输入各读一次、输出写一次的操作数载荷；不预测 tile 重读。,60
aggregate; see repeats,moe.expert406.down,linear,"{""input"": [40, 1024], ""weight_math"": [1024, 4096], ""weight_storage"": [4096, 1024], ""output"": [40, 4096]}",335544320,0,{},8388608,81920,327680,独立 GEMM：权重与输入各读一次、输出写一次的操作数载荷；不预测 tile 重读。,60
aggregate; see repeats,moe.expert407.gate_up,linear,"{""input"": [40, 4096], ""weight_math"": [4096, 2048], ""weight_storage"": [2048, 4096], ""output"": [40, 2048]}",671088640,0,{},16777216,327680,163840,独立 GEMM：权重与输入各读一次、输出写一次的操作数载荷；不预测 tile 重读。,60
aggregate; see repeats,moe.expert407.down,linear,"{""input"": [40, 1024], ""weight_math"": [1024, 4096], ""weight_storage"": [4096, 1024], ""output"": [40, 4096]}",335544320,0,{},8388608,81920,327680,独立 GEMM：权重与输入各读一次、输出写一次的操作数载荷；不预测 tile 重读。,60
aggregate; see repeats,moe.expert408.gate_up,linear,"{""input"": [40, 4096], ""weight_math"": [4096, 2048], ""weight_storage"": [2048, 4096], ""output"": [40, 2048]}",671088640,0,{},16777216,327680,163840,独立 GEMM：权重与输入各读一次、输出写一次的操作数载荷；不预测 tile 重读。,60
aggregate; see repeats,moe.expert408.down,linear,"{""input"": [40, 1024], ""weight_math"": [1024, 4096], ""weight_storage"": [4096, 1024], ""output"": [40, 4096]}",335544320,0,{},8388608,81920,327680,独立 GEMM：权重与输入各读一次、输出写一次的操作数载荷；不预测 tile 重读。,60
aggregate; see repeats,moe.expert409.gate_up,linear,"{""input"": [40, 4096], ""weight_math"": [4096, 2048], ""weight_storage"": [2048, 4096], ""output"": [40, 2048]}",671088640,0,{},16777216,327680,163840,独立 GEMM：权重与输入各读一次、输出写一次的操作数载荷；不预测 tile 重读。,60
aggregate; see repeats,moe.expert409.down,linear,"{""input"": [40, 1024], ""weight_math"": [1024, 4096], ""weight_storage"": [4096, 1024], ""output"": [40, 4096]}",335544320,0,{},8388608,81920,327680,独立 GEMM：权重与输入各读一次、输出写一次的操作数载荷；不预测 tile 重读。,60
aggregate; see repeats,moe.expert410.gate_up,linear,"{""input"": [40, 4096], ""weight_math"": [4096, 2048], ""weight_storage"": [2048, 4096], ""output"": [40, 2048]}",671088640,0,{},16777216,327680,163840,独立 GEMM：权重与输入各读一次、输出写一次的操作数载荷；不预测 tile 重读。,60
aggregate; see repeats,moe.expert410.down,linear,"{""input"": [40, 1024], ""weight_math"": [1024, 4096], ""weight_storage"": [4096, 1024], ""output"": [40, 4096]}",335544320,0,{},8388608,81920,327680,独立 GEMM：权重与输入各读一次、输出写一次的操作数载荷；不预测 tile 重读。,60
aggregate; see repeats,moe.expert411.gate_up,linear,"{""input"": [40, 4096], ""weight_math"": [4096, 2048], ""weight_storage"": [2048, 4096], ""output"": [40, 2048]}",671088640,0,{},16777216,327680,163840,独立 GEMM：权重与输入各读一次、输出写一次的操作数载荷；不预测 tile 重读。,60
aggregate; see repeats,moe.expert411.down,linear,"{""input"": [40, 1024], ""weight_math"": [1024, 4096], ""weight_storage"": [4096, 1024], ""output"": [40, 4096]}",335544320,0,{},8388608,81920,327680,独立 GEMM：权重与输入各读一次、输出写一次的操作数载荷；不预测 tile 重读。,60
aggregate; see repeats,moe.expert412.gate_up,linear,"{""input"": [40, 4096], ""weight_math"": [4096, 2048], ""weight_storage"": [2048, 4096], ""output"": [40, 2048]}",671088640,0,{},16777216,327680,163840,独立 GEMM：权重与输入各读一次、输出写一次的操作数载荷；不预测 tile 重读。,60
aggregate; see repeats,moe.expert412.down,linear,"{""input"": [40, 1024], ""weight_math"": [1024, 4096], ""weight_storage"": [4096, 1024], ""output"": [40, 4096]}",335544320,0,{},8388608,81920,327680,独立 GEMM：权重与输入各读一次、输出写一次的操作数载荷；不预测 tile 重读。,60
aggregate; see repeats,moe.expert413.gate_up,linear,"{""input"": [40, 4096], ""weight_math"": [4096, 2048], ""weight_storage"": [2048, 4096], ""output"": [40, 2048]}",671088640,0,{},16777216,327680,163840,独立 GEMM：权重与输入各读一次、输出写一次的操作数载荷；不预测 tile 重读。,60
aggregate; see repeats,moe.expert413.down,linear,"{""input"": [40, 1024], ""weight_math"": [1024, 4096], ""weight_storage"": [4096, 1024], ""output"": [40, 4096]}",335544320,0,{},8388608,81920,327680,独立 GEMM：权重与输入各读一次、输出写一次的操作数载荷；不预测 tile 重读。,60
aggregate; see repeats,moe.expert414.gate_up,linear,"{""input"": [40, 4096], ""weight_math"": [4096, 2048], ""weight_storage"": [2048, 4096], ""output"": [40, 2048]}",671088640,0,{},16777216,327680,163840,独立 GEMM：权重与输入各读一次、输出写一次的操作数载荷；不预测 tile 重读。,60
aggregate; see repeats,moe.expert414.down,linear,"{""input"": [40, 1024], ""weight_math"": [1024, 4096], ""weight_storage"": [4096, 1024], ""output"": [40, 4096]}",335544320,0,{},8388608,81920,327680,独立 GEMM：权重与输入各读一次、输出写一次的操作数载荷；不预测 tile 重读。,60
aggregate; see repeats,moe.expert415.gate_up,linear,"{""input"": [40, 4096], ""weight_math"": [4096, 2048], ""weight_storage"": [2048, 4096], ""output"": [40, 2048]}",671088640,0,{},16777216,327680,163840,独立 GEMM：权重与输入各读一次、输出写一次的操作数载荷；不预测 tile 重读。,60
aggregate; see repeats,moe.expert415.down,linear,"{""input"": [40, 1024], ""weight_math"": [1024, 4096], ""weight_storage"": [4096, 1024], ""output"": [40, 4096]}",335544320,0,{},8388608,81920,327680,独立 GEMM：权重与输入各读一次、输出写一次的操作数载荷；不预测 tile 重读。,60
aggregate; see repeats,moe.expert416.gate_up,linear,"{""input"": [40, 4096], ""weight_math"": [4096, 2048], ""weight_storage"": [2048, 4096], ""output"": [40, 2048]}",671088640,0,{},16777216,327680,163840,独立 GEMM：权重与输入各读一次、输出写一次的操作数载荷；不预测 tile 重读。,60
aggregate; see repeats,moe.expert416.down,linear,"{""input"": [40, 1024], ""weight_math"": [1024, 4096], ""weight_storage"": [4096, 1024], ""output"": [40, 4096]}",335544320,0,{},8388608,81920,327680,独立 GEMM：权重与输入各读一次、输出写一次的操作数载荷；不预测 tile 重读。,60
aggregate; see repeats,moe.expert417.gate_up,linear,"{""input"": [40, 4096], ""weight_math"": [4096, 2048], ""weight_storage"": [2048, 4096], ""output"": [40, 2048]}",671088640,0,{},16777216,327680,163840,独立 GEMM：权重与输入各读一次、输出写一次的操作数载荷；不预测 tile 重读。,60
aggregate; see repeats,moe.expert417.down,linear,"{""input"": [40, 1024], ""weight_math"": [1024, 4096], ""weight_storage"": [4096, 1024], ""output"": [40, 4096]}",335544320,0,{},8388608,81920,327680,独立 GEMM：权重与输入各读一次、输出写一次的操作数载荷；不预测 tile 重读。,60
aggregate; see repeats,moe.expert418.gate_up,linear,"{""input"": [40, 4096], ""weight_math"": [4096, 2048], ""weight_storage"": [2048, 4096], ""output"": [40, 2048]}",671088640,0,{},16777216,327680,163840,独立 GEMM：权重与输入各读一次、输出写一次的操作数载荷；不预测 tile 重读。,60
aggregate; see repeats,moe.expert418.down,linear,"{""input"": [40, 1024], ""weight_math"": [1024, 4096], ""weight_storage"": [4096, 1024], ""output"": [40, 4096]}",335544320,0,{},8388608,81920,327680,独立 GEMM：权重与输入各读一次、输出写一次的操作数载荷；不预测 tile 重读。,60
aggregate; see repeats,moe.expert419.gate_up,linear,"{""input"": [40, 4096], ""weight_math"": [4096, 2048], ""weight_storage"": [2048, 4096], ""output"": [40, 2048]}",671088640,0,{},16777216,327680,163840,独立 GEMM：权重与输入各读一次、输出写一次的操作数载荷；不预测 tile 重读。,60
aggregate; see repeats,moe.expert419.down,linear,"{""input"": [40, 1024], ""weight_math"": [1024, 4096], ""weight_storage"": [4096, 1024], ""output"": [40, 4096]}",335544320,0,{},8388608,81920,327680,独立 GEMM：权重与输入各读一次、输出写一次的操作数载荷；不预测 tile 重读。,60
aggregate; see repeats,moe.expert420.gate_up,linear,"{""input"": [40, 4096], ""weight_math"": [4096, 2048], ""weight_storage"": [2048, 4096], ""output"": [40, 2048]}",671088640,0,{},16777216,327680,163840,独立 GEMM：权重与输入各读一次、输出写一次的操作数载荷；不预测 tile 重读。,60
aggregate; see repeats,moe.expert420.down,linear,"{""input"": [40, 1024], ""weight_math"": [1024, 4096], ""weight_storage"": [4096, 1024], ""output"": [40, 4096]}",335544320,0,{},8388608,81920,327680,独立 GEMM：权重与输入各读一次、输出写一次的操作数载荷；不预测 tile 重读。,60
aggregate; see repeats,moe.expert421.gate_up,linear,"{""input"": [40, 4096], ""weight_math"": [4096, 2048], ""weight_storage"": [2048, 4096], ""output"": [40, 2048]}",671088640,0,{},16777216,327680,163840,独立 GEMM：权重与输入各读一次、输出写一次的操作数载荷；不预测 tile 重读。,60
aggregate; see repeats,moe.expert421.down,linear,"{""input"": [40, 1024], ""weight_math"": [1024, 4096], ""weight_storage"": [4096, 1024], ""output"": [40, 4096]}",335544320,0,{},8388608,81920,327680,独立 GEMM：权重与输入各读一次、输出写一次的操作数载荷；不预测 tile 重读。,60
aggregate; see repeats,moe.expert422.gate_up,linear,"{""input"": [40, 4096], ""weight_math"": [4096, 2048], ""weight_storage"": [2048, 4096], ""output"": [40, 2048]}",671088640,0,{},16777216,327680,163840,独立 GEMM：权重与输入各读一次、输出写一次的操作数载荷；不预测 tile 重读。,60
aggregate; see repeats,moe.expert422.down,linear,"{""input"": [40, 1024], ""weight_math"": [1024, 4096], ""weight_storage"": [4096, 1024], ""output"": [40, 4096]}",335544320,0,{},8388608,81920,327680,独立 GEMM：权重与输入各读一次、输出写一次的操作数载荷；不预测 tile 重读。,60
aggregate; see repeats,moe.expert423.gate_up,linear,"{""input"": [40, 4096], ""weight_math"": [4096, 2048], ""weight_storage"": [2048, 4096], ""output"": [40, 2048]}",671088640,0,{},16777216,327680,163840,独立 GEMM：权重与输入各读一次、输出写一次的操作数载荷；不预测 tile 重读。,60
aggregate; see repeats,moe.expert423.down,linear,"{""input"": [40, 1024], ""weight_math"": [1024, 4096], ""weight_storage"": [4096, 1024], ""output"": [40, 4096]}",335544320,0,{},8388608,81920,327680,独立 GEMM：权重与输入各读一次、输出写一次的操作数载荷；不预测 tile 重读。,60
aggregate; see repeats,moe.expert424.gate_up,linear,"{""input"": [40, 4096], ""weight_math"": [4096, 2048], ""weight_storage"": [2048, 4096], ""output"": [40, 2048]}",671088640,0,{},16777216,327680,163840,独立 GEMM：权重与输入各读一次、输出写一次的操作数载荷；不预测 tile 重读。,60
aggregate; see repeats,moe.expert424.down,linear,"{""input"": [40, 1024], ""weight_math"": [1024, 4096], ""weight_storage"": [4096, 1024], ""output"": [40, 4096]}",335544320,0,{},8388608,81920,327680,独立 GEMM：权重与输入各读一次、输出写一次的操作数载荷；不预测 tile 重读。,60
aggregate; see repeats,moe.expert425.gate_up,linear,"{""input"": [40, 4096], ""weight_math"": [4096, 2048], ""weight_storage"": [2048, 4096], ""output"": [40, 2048]}",671088640,0,{},16777216,327680,163840,独立 GEMM：权重与输入各读一次、输出写一次的操作数载荷；不预测 tile 重读。,60
aggregate; see repeats,moe.expert425.down,linear,"{""input"": [40, 1024], ""weight_math"": [1024, 4096], ""weight_storage"": [4096, 1024], ""output"": [40, 4096]}",335544320,0,{},8388608,81920,327680,独立 GEMM：权重与输入各读一次、输出写一次的操作数载荷；不预测 tile 重读。,60
aggregate; see repeats,moe.expert426.gate_up,linear,"{""input"": [40, 4096], ""weight_math"": [4096, 2048], ""weight_storage"": [2048, 4096], ""output"": [40, 2048]}",671088640,0,{},16777216,327680,163840,独立 GEMM：权重与输入各读一次、输出写一次的操作数载荷；不预测 tile 重读。,60
aggregate; see repeats,moe.expert426.down,linear,"{""input"": [40, 1024], ""weight_math"": [1024, 4096], ""weight_storage"": [4096, 1024], ""output"": [40, 4096]}",335544320,0,{},8388608,81920,327680,独立 GEMM：权重与输入各读一次、输出写一次的操作数载荷；不预测 tile 重读。,60
aggregate; see repeats,moe.expert427.gate_up,linear,"{""input"": [40, 4096], ""weight_math"": [4096, 2048], ""weight_storage"": [2048, 4096], ""output"": [40, 2048]}",671088640,0,{},16777216,327680,163840,独立 GEMM：权重与输入各读一次、输出写一次的操作数载荷；不预测 tile 重读。,60
aggregate; see repeats,moe.expert427.down,linear,"{""input"": [40, 1024], ""weight_math"": [1024, 4096], ""weight_storage"": [4096, 1024], ""output"": [40, 4096]}",335544320,0,{},8388608,81920,327680,独立 GEMM：权重与输入各读一次、输出写一次的操作数载荷；不预测 tile 重读。,60
aggregate; see repeats,moe.expert428.gate_up,linear,"{""input"": [40, 4096], ""weight_math"": [4096, 2048], ""weight_storage"": [2048, 4096], ""output"": [40, 2048]}",671088640,0,{},16777216,327680,163840,独立 GEMM：权重与输入各读一次、输出写一次的操作数载荷；不预测 tile 重读。,60
aggregate; see repeats,moe.expert428.down,linear,"{""input"": [40, 1024], ""weight_math"": [1024, 4096], ""weight_storage"": [4096, 1024], ""output"": [40, 4096]}",335544320,0,{},8388608,81920,327680,独立 GEMM：权重与输入各读一次、输出写一次的操作数载荷；不预测 tile 重读。,60
aggregate; see repeats,moe.expert429.gate_up,linear,"{""input"": [40, 4096], ""weight_math"": [4096, 2048], ""weight_storage"": [2048, 4096], ""output"": [40, 2048]}",671088640,0,{},16777216,327680,163840,独立 GEMM：权重与输入各读一次、输出写一次的操作数载荷；不预测 tile 重读。,60
aggregate; see repeats,moe.expert429.down,linear,"{""input"": [40, 1024], ""weight_math"": [1024, 4096], ""weight_storage"": [4096, 1024], ""output"": [40, 4096]}",335544320,0,{},8388608,81920,327680,独立 GEMM：权重与输入各读一次、输出写一次的操作数载荷；不预测 tile 重读。,60
aggregate; see repeats,moe.expert430.gate_up,linear,"{""input"": [40, 4096], ""weight_math"": [4096, 2048], ""weight_storage"": [2048, 4096], ""output"": [40, 2048]}",671088640,0,{},16777216,327680,163840,独立 GEMM：权重与输入各读一次、输出写一次的操作数载荷；不预测 tile 重读。,60
aggregate; see repeats,moe.expert430.down,linear,"{""input"": [40, 1024], ""weight_math"": [1024, 4096], ""weight_storage"": [4096, 1024], ""output"": [40, 4096]}",335544320,0,{},8388608,81920,327680,独立 GEMM：权重与输入各读一次、输出写一次的操作数载荷；不预测 tile 重读。,60
aggregate; see repeats,moe.expert431.gate_up,linear,"{""input"": [40, 4096], ""weight_math"": [4096, 2048], ""weight_storage"": [2048, 4096], ""output"": [40, 2048]}",671088640,0,{},16777216,327680,163840,独立 GEMM：权重与输入各读一次、输出写一次的操作数载荷；不预测 tile 重读。,60
aggregate; see repeats,moe.expert431.down,linear,"{""input"": [40, 1024], ""weight_math"": [1024, 4096], ""weight_storage"": [4096, 1024], ""output"": [40, 4096]}",335544320,0,{},8388608,81920,327680,独立 GEMM：权重与输入各读一次、输出写一次的操作数载荷；不预测 tile 重读。,60
aggregate; see repeats,moe.expert432.gate_up,linear,"{""input"": [40, 4096], ""weight_math"": [4096, 2048], ""weight_storage"": [2048, 4096], ""output"": [40, 2048]}",671088640,0,{},16777216,327680,163840,独立 GEMM：权重与输入各读一次、输出写一次的操作数载荷；不预测 tile 重读。,60
aggregate; see repeats,moe.expert432.down,linear,"{""input"": [40, 1024], ""weight_math"": [1024, 4096], ""weight_storage"": [4096, 1024], ""output"": [40, 4096]}",335544320,0,{},8388608,81920,327680,独立 GEMM：权重与输入各读一次、输出写一次的操作数载荷；不预测 tile 重读。,60
aggregate; see repeats,moe.expert433.gate_up,linear,"{""input"": [40, 4096], ""weight_math"": [4096, 2048], ""weight_storage"": [2048, 4096], ""output"": [40, 2048]}",671088640,0,{},16777216,327680,163840,独立 GEMM：权重与输入各读一次、输出写一次的操作数载荷；不预测 tile 重读。,60
aggregate; see repeats,moe.expert433.down,linear,"{""input"": [40, 1024], ""weight_math"": [1024, 4096], ""weight_storage"": [4096, 1024], ""output"": [40, 4096]}",335544320,0,{},8388608,81920,327680,独立 GEMM：权重与输入各读一次、输出写一次的操作数载荷；不预测 tile 重读。,60
aggregate; see repeats,moe.expert434.gate_up,linear,"{""input"": [40, 4096], ""weight_math"": [4096, 2048], ""weight_storage"": [2048, 4096], ""output"": [40, 2048]}",671088640,0,{},16777216,327680,163840,独立 GEMM：权重与输入各读一次、输出写一次的操作数载荷；不预测 tile 重读。,60
aggregate; see repeats,moe.expert434.down,linear,"{""input"": [40, 1024], ""weight_math"": [1024, 4096], ""weight_storage"": [4096, 1024], ""output"": [40, 4096]}",335544320,0,{},8388608,81920,327680,独立 GEMM：权重与输入各读一次、输出写一次的操作数载荷；不预测 tile 重读。,60
aggregate; see repeats,moe.expert435.gate_up,linear,"{""input"": [40, 4096], ""weight_math"": [4096, 2048], ""weight_storage"": [2048, 4096], ""output"": [40, 2048]}",671088640,0,{},16777216,327680,163840,独立 GEMM：权重与输入各读一次、输出写一次的操作数载荷；不预测 tile 重读。,60
aggregate; see repeats,moe.expert435.down,linear,"{""input"": [40, 1024], ""weight_math"": [1024, 4096], ""weight_storage"": [4096, 1024], ""output"": [40, 4096]}",335544320,0,{},8388608,81920,327680,独立 GEMM：权重与输入各读一次、输出写一次的操作数载荷；不预测 tile 重读。,60
aggregate; see repeats,moe.expert436.gate_up,linear,"{""input"": [40, 4096], ""weight_math"": [4096, 2048], ""weight_storage"": [2048, 4096], ""output"": [40, 2048]}",671088640,0,{},16777216,327680,163840,独立 GEMM：权重与输入各读一次、输出写一次的操作数载荷；不预测 tile 重读。,60
aggregate; see repeats,moe.expert436.down,linear,"{""input"": [40, 1024], ""weight_math"": [1024, 4096], ""weight_storage"": [4096, 1024], ""output"": [40, 4096]}",335544320,0,{},8388608,81920,327680,独立 GEMM：权重与输入各读一次、输出写一次的操作数载荷；不预测 tile 重读。,60
aggregate; see repeats,moe.expert437.gate_up,linear,"{""input"": [40, 4096], ""weight_math"": [4096, 2048], ""weight_storage"": [2048, 4096], ""output"": [40, 2048]}",671088640,0,{},16777216,327680,163840,独立 GEMM：权重与输入各读一次、输出写一次的操作数载荷；不预测 tile 重读。,60
aggregate; see repeats,moe.expert437.down,linear,"{""input"": [40, 1024], ""weight_math"": [1024, 4096], ""weight_storage"": [4096, 1024], ""output"": [40, 4096]}",335544320,0,{},8388608,81920,327680,独立 GEMM：权重与输入各读一次、输出写一次的操作数载荷；不预测 tile 重读。,60
aggregate; see repeats,moe.expert438.gate_up,linear,"{""input"": [40, 4096], ""weight_math"": [4096, 2048], ""weight_storage"": [2048, 4096], ""output"": [40, 2048]}",671088640,0,{},16777216,327680,163840,独立 GEMM：权重与输入各读一次、输出写一次的操作数载荷；不预测 tile 重读。,60
aggregate; see repeats,moe.expert438.down,linear,"{""input"": [40, 1024], ""weight_math"": [1024, 4096], ""weight_storage"": [4096, 1024], ""output"": [40, 4096]}",335544320,0,{},8388608,81920,327680,独立 GEMM：权重与输入各读一次、输出写一次的操作数载荷；不预测 tile 重读。,60
aggregate; see repeats,moe.expert439.gate_up,linear,"{""input"": [40, 4096], ""weight_math"": [4096, 2048], ""weight_storage"": [2048, 4096], ""output"": [40, 2048]}",671088640,0,{},16777216,327680,163840,独立 GEMM：权重与输入各读一次、输出写一次的操作数载荷；不预测 tile 重读。,60
aggregate; see repeats,moe.expert439.down,linear,"{""input"": [40, 1024], ""weight_math"": [1024, 4096], ""weight_storage"": [4096, 1024], ""output"": [40, 4096]}",335544320,0,{},8388608,81920,327680,独立 GEMM：权重与输入各读一次、输出写一次的操作数载荷；不预测 tile 重读。,60
aggregate; see repeats,moe.expert440.gate_up,linear,"{""input"": [40, 4096], ""weight_math"": [4096, 2048], ""weight_storage"": [2048, 4096], ""output"": [40, 2048]}",671088640,0,{},16777216,327680,163840,独立 GEMM：权重与输入各读一次、输出写一次的操作数载荷；不预测 tile 重读。,60
aggregate; see repeats,moe.expert440.down,linear,"{""input"": [40, 1024], ""weight_math"": [1024, 4096], ""weight_storage"": [4096, 1024], ""output"": [40, 4096]}",335544320,0,{},8388608,81920,327680,独立 GEMM：权重与输入各读一次、输出写一次的操作数载荷；不预测 tile 重读。,60
aggregate; see repeats,moe.expert441.gate_up,linear,"{""input"": [40, 4096], ""weight_math"": [4096, 2048], ""weight_storage"": [2048, 4096], ""output"": [40, 2048]}",671088640,0,{},16777216,327680,163840,独立 GEMM：权重与输入各读一次、输出写一次的操作数载荷；不预测 tile 重读。,60
aggregate; see repeats,moe.expert441.down,linear,"{""input"": [40, 1024], ""weight_math"": [1024, 4096], ""weight_storage"": [4096, 1024], ""output"": [40, 4096]}",335544320,0,{},8388608,81920,327680,独立 GEMM：权重与输入各读一次、输出写一次的操作数载荷；不预测 tile 重读。,60
aggregate; see repeats,moe.expert442.gate_up,linear,"{""input"": [40, 4096], ""weight_math"": [4096, 2048], ""weight_storage"": [2048, 4096], ""output"": [40, 2048]}",671088640,0,{},16777216,327680,163840,独立 GEMM：权重与输入各读一次、输出写一次的操作数载荷；不预测 tile 重读。,60
aggregate; see repeats,moe.expert442.down,linear,"{""input"": [40, 1024], ""weight_math"": [1024, 4096], ""weight_storage"": [4096, 1024], ""output"": [40, 4096]}",335544320,0,{},8388608,81920,327680,独立 GEMM：权重与输入各读一次、输出写一次的操作数载荷；不预测 tile 重读。,60
aggregate; see repeats,moe.expert443.gate_up,linear,"{""input"": [40, 4096], ""weight_math"": [4096, 2048], ""weight_storage"": [2048, 4096], ""output"": [40, 2048]}",671088640,0,{},16777216,327680,163840,独立 GEMM：权重与输入各读一次、输出写一次的操作数载荷；不预测 tile 重读。,60
aggregate; see repeats,moe.expert443.down,linear,"{""input"": [40, 1024], ""weight_math"": [1024, 4096], ""weight_storage"": [4096, 1024], ""output"": [40, 4096]}",335544320,0,{},8388608,81920,327680,独立 GEMM：权重与输入各读一次、输出写一次的操作数载荷；不预测 tile 重读。,60
aggregate; see repeats,moe.expert444.gate_up,linear,"{""input"": [40, 4096], ""weight_math"": [4096, 2048], ""weight_storage"": [2048, 4096], ""output"": [40, 2048]}",671088640,0,{},16777216,327680,163840,独立 GEMM：权重与输入各读一次、输出写一次的操作数载荷；不预测 tile 重读。,60
aggregate; see repeats,moe.expert444.down,linear,"{""input"": [40, 1024], ""weight_math"": [1024, 4096], ""weight_storage"": [4096, 1024], ""output"": [40, 4096]}",335544320,0,{},8388608,81920,327680,独立 GEMM：权重与输入各读一次、输出写一次的操作数载荷；不预测 tile 重读。,60
aggregate; see repeats,moe.expert445.gate_up,linear,"{""input"": [40, 4096], ""weight_math"": [4096, 2048], ""weight_storage"": [2048, 4096], ""output"": [40, 2048]}",671088640,0,{},16777216,327680,163840,独立 GEMM：权重与输入各读一次、输出写一次的操作数载荷；不预测 tile 重读。,60
aggregate; see repeats,moe.expert445.down,linear,"{""input"": [40, 1024], ""weight_math"": [1024, 4096], ""weight_storage"": [4096, 1024], ""output"": [40, 4096]}",335544320,0,{},8388608,81920,327680,独立 GEMM：权重与输入各读一次、输出写一次的操作数载荷；不预测 tile 重读。,60
aggregate; see repeats,moe.expert446.gate_up,linear,"{""input"": [40, 4096], ""weight_math"": [4096, 2048], ""weight_storage"": [2048, 4096], ""output"": [40, 2048]}",671088640,0,{},16777216,327680,163840,独立 GEMM：权重与输入各读一次、输出写一次的操作数载荷；不预测 tile 重读。,60
aggregate; see repeats,moe.expert446.down,linear,"{""input"": [40, 1024], ""weight_math"": [1024, 4096], ""weight_storage"": [4096, 1024], ""output"": [40, 4096]}",335544320,0,{},8388608,81920,327680,独立 GEMM：权重与输入各读一次、输出写一次的操作数载荷；不预测 tile 重读。,60
aggregate; see repeats,moe.expert447.gate_up,linear,"{""input"": [40, 4096], ""weight_math"": [4096, 2048], ""weight_storage"": [2048, 4096], ""output"": [40, 2048]}",671088640,0,{},16777216,327680,163840,独立 GEMM：权重与输入各读一次、输出写一次的操作数载荷；不预测 tile 重读。,60
aggregate; see repeats,moe.expert447.down,linear,"{""input"": [40, 1024], ""weight_math"": [1024, 4096], ""weight_storage"": [4096, 1024], ""output"": [40, 4096]}",335544320,0,{},8388608,81920,327680,独立 GEMM：权重与输入各读一次、输出写一次的操作数载荷；不预测 tile 重读。,60
aggregate; see repeats,moe.expert448.gate_up,linear,"{""input"": [40, 4096], ""weight_math"": [4096, 2048], ""weight_storage"": [2048, 4096], ""output"": [40, 2048]}",671088640,0,{},16777216,327680,163840,独立 GEMM：权重与输入各读一次、输出写一次的操作数载荷；不预测 tile 重读。,60
aggregate; see repeats,moe.expert448.down,linear,"{""input"": [40, 1024], ""weight_math"": [1024, 4096], ""weight_storage"": [4096, 1024], ""output"": [40, 4096]}",335544320,0,{},8388608,81920,327680,独立 GEMM：权重与输入各读一次、输出写一次的操作数载荷；不预测 tile 重读。,60
aggregate; see repeats,moe.expert449.gate_up,linear,"{""input"": [40, 4096], ""weight_math"": [4096, 2048], ""weight_storage"": [2048, 4096], ""output"": [40, 2048]}",671088640,0,{},16777216,327680,163840,独立 GEMM：权重与输入各读一次、输出写一次的操作数载荷；不预测 tile 重读。,60
aggregate; see repeats,moe.expert449.down,linear,"{""input"": [40, 1024], ""weight_math"": [1024, 4096], ""weight_storage"": [4096, 1024], ""output"": [40, 4096]}",335544320,0,{},8388608,81920,327680,独立 GEMM：权重与输入各读一次、输出写一次的操作数载荷；不预测 tile 重读。,60
aggregate; see repeats,moe.expert450.gate_up,linear,"{""input"": [40, 4096], ""weight_math"": [4096, 2048], ""weight_storage"": [2048, 4096], ""output"": [40, 2048]}",671088640,0,{},16777216,327680,163840,独立 GEMM：权重与输入各读一次、输出写一次的操作数载荷；不预测 tile 重读。,60
aggregate; see repeats,moe.expert450.down,linear,"{""input"": [40, 1024], ""weight_math"": [1024, 4096], ""weight_storage"": [4096, 1024], ""output"": [40, 4096]}",335544320,0,{},8388608,81920,327680,独立 GEMM：权重与输入各读一次、输出写一次的操作数载荷；不预测 tile 重读。,60
aggregate; see repeats,moe.expert451.gate_up,linear,"{""input"": [40, 4096], ""weight_math"": [4096, 2048], ""weight_storage"": [2048, 4096], ""output"": [40, 2048]}",671088640,0,{},16777216,327680,163840,独立 GEMM：权重与输入各读一次、输出写一次的操作数载荷；不预测 tile 重读。,60
aggregate; see repeats,moe.expert451.down,linear,"{""input"": [40, 1024], ""weight_math"": [1024, 4096], ""weight_storage"": [4096, 1024], ""output"": [40, 4096]}",335544320,0,{},8388608,81920,327680,独立 GEMM：权重与输入各读一次、输出写一次的操作数载荷；不预测 tile 重读。,60
aggregate; see repeats,moe.expert452.gate_up,linear,"{""input"": [40, 4096], ""weight_math"": [4096, 2048], ""weight_storage"": [2048, 4096], ""output"": [40, 2048]}",671088640,0,{},16777216,327680,163840,独立 GEMM：权重与输入各读一次、输出写一次的操作数载荷；不预测 tile 重读。,60
aggregate; see repeats,moe.expert452.down,linear,"{""input"": [40, 1024], ""weight_math"": [1024, 4096], ""weight_storage"": [4096, 1024], ""output"": [40, 4096]}",335544320,0,{},8388608,81920,327680,独立 GEMM：权重与输入各读一次、输出写一次的操作数载荷；不预测 tile 重读。,60
aggregate; see repeats,moe.expert453.gate_up,linear,"{""input"": [40, 4096], ""weight_math"": [4096, 2048], ""weight_storage"": [2048, 4096], ""output"": [40, 2048]}",671088640,0,{},16777216,327680,163840,独立 GEMM：权重与输入各读一次、输出写一次的操作数载荷；不预测 tile 重读。,60
aggregate; see repeats,moe.expert453.down,linear,"{""input"": [40, 1024], ""weight_math"": [1024, 4096], ""weight_storage"": [4096, 1024], ""output"": [40, 4096]}",335544320,0,{},8388608,81920,327680,独立 GEMM：权重与输入各读一次、输出写一次的操作数载荷；不预测 tile 重读。,60
aggregate; see repeats,moe.expert454.gate_up,linear,"{""input"": [40, 4096], ""weight_math"": [4096, 2048], ""weight_storage"": [2048, 4096], ""output"": [40, 2048]}",671088640,0,{},16777216,327680,163840,独立 GEMM：权重与输入各读一次、输出写一次的操作数载荷；不预测 tile 重读。,60
aggregate; see repeats,moe.expert454.down,linear,"{""input"": [40, 1024], ""weight_math"": [1024, 4096], ""weight_storage"": [4096, 1024], ""output"": [40, 4096]}",335544320,0,{},8388608,81920,327680,独立 GEMM：权重与输入各读一次、输出写一次的操作数载荷；不预测 tile 重读。,60
aggregate; see repeats,moe.expert455.gate_up,linear,"{""input"": [40, 4096], ""weight_math"": [4096, 2048], ""weight_storage"": [2048, 4096], ""output"": [40, 2048]}",671088640,0,{},16777216,327680,163840,独立 GEMM：权重与输入各读一次、输出写一次的操作数载荷；不预测 tile 重读。,60
aggregate; see repeats,moe.expert455.down,linear,"{""input"": [40, 1024], ""weight_math"": [1024, 4096], ""weight_storage"": [4096, 1024], ""output"": [40, 4096]}",335544320,0,{},8388608,81920,327680,独立 GEMM：权重与输入各读一次、输出写一次的操作数载荷；不预测 tile 重读。,60
aggregate; see repeats,moe.expert456.gate_up,linear,"{""input"": [40, 4096], ""weight_math"": [4096, 2048], ""weight_storage"": [2048, 4096], ""output"": [40, 2048]}",671088640,0,{},16777216,327680,163840,独立 GEMM：权重与输入各读一次、输出写一次的操作数载荷；不预测 tile 重读。,60
aggregate; see repeats,moe.expert456.down,linear,"{""input"": [40, 1024], ""weight_math"": [1024, 4096], ""weight_storage"": [4096, 1024], ""output"": [40, 4096]}",335544320,0,{},8388608,81920,327680,独立 GEMM：权重与输入各读一次、输出写一次的操作数载荷；不预测 tile 重读。,60
aggregate; see repeats,moe.expert457.gate_up,linear,"{""input"": [40, 4096], ""weight_math"": [4096, 2048], ""weight_storage"": [2048, 4096], ""output"": [40, 2048]}",671088640,0,{},16777216,327680,163840,独立 GEMM：权重与输入各读一次、输出写一次的操作数载荷；不预测 tile 重读。,60
aggregate; see repeats,moe.expert457.down,linear,"{""input"": [40, 1024], ""weight_math"": [1024, 4096], ""weight_storage"": [4096, 1024], ""output"": [40, 4096]}",335544320,0,{},8388608,81920,327680,独立 GEMM：权重与输入各读一次、输出写一次的操作数载荷；不预测 tile 重读。,60
aggregate; see repeats,moe.expert458.gate_up,linear,"{""input"": [40, 4096], ""weight_math"": [4096, 2048], ""weight_storage"": [2048, 4096], ""output"": [40, 2048]}",671088640,0,{},16777216,327680,163840,独立 GEMM：权重与输入各读一次、输出写一次的操作数载荷；不预测 tile 重读。,60
aggregate; see repeats,moe.expert458.down,linear,"{""input"": [40, 1024], ""weight_math"": [1024, 4096], ""weight_storage"": [4096, 1024], ""output"": [40, 4096]}",335544320,0,{},8388608,81920,327680,独立 GEMM：权重与输入各读一次、输出写一次的操作数载荷；不预测 tile 重读。,60
aggregate; see repeats,moe.expert459.gate_up,linear,"{""input"": [40, 4096], ""weight_math"": [4096, 2048], ""weight_storage"": [2048, 4096], ""output"": [40, 2048]}",671088640,0,{},16777216,327680,163840,独立 GEMM：权重与输入各读一次、输出写一次的操作数载荷；不预测 tile 重读。,60
aggregate; see repeats,moe.expert459.down,linear,"{""input"": [40, 1024], ""weight_math"": [1024, 4096], ""weight_storage"": [4096, 1024], ""output"": [40, 4096]}",335544320,0,{},8388608,81920,327680,独立 GEMM：权重与输入各读一次、输出写一次的操作数载荷；不预测 tile 重读。,60
aggregate; see repeats,moe.expert460.gate_up,linear,"{""input"": [40, 4096], ""weight_math"": [4096, 2048], ""weight_storage"": [2048, 4096], ""output"": [40, 2048]}",671088640,0,{},16777216,327680,163840,独立 GEMM：权重与输入各读一次、输出写一次的操作数载荷；不预测 tile 重读。,60
aggregate; see repeats,moe.expert460.down,linear,"{""input"": [40, 1024], ""weight_math"": [1024, 4096], ""weight_storage"": [4096, 1024], ""output"": [40, 4096]}",335544320,0,{},8388608,81920,327680,独立 GEMM：权重与输入各读一次、输出写一次的操作数载荷；不预测 tile 重读。,60
aggregate; see repeats,moe.expert461.gate_up,linear,"{""input"": [40, 4096], ""weight_math"": [4096, 2048], ""weight_storage"": [2048, 4096], ""output"": [40, 2048]}",671088640,0,{},16777216,327680,163840,独立 GEMM：权重与输入各读一次、输出写一次的操作数载荷；不预测 tile 重读。,60
aggregate; see repeats,moe.expert461.down,linear,"{""input"": [40, 1024], ""weight_math"": [1024, 4096], ""weight_storage"": [4096, 1024], ""output"": [40, 4096]}",335544320,0,{},8388608,81920,327680,独立 GEMM：权重与输入各读一次、输出写一次的操作数载荷；不预测 tile 重读。,60
aggregate; see repeats,moe.expert462.gate_up,linear,"{""input"": [40, 4096], ""weight_math"": [4096, 2048], ""weight_storage"": [2048, 4096], ""output"": [40, 2048]}",671088640,0,{},16777216,327680,163840,独立 GEMM：权重与输入各读一次、输出写一次的操作数载荷；不预测 tile 重读。,60
aggregate; see repeats,moe.expert462.down,linear,"{""input"": [40, 1024], ""weight_math"": [1024, 4096], ""weight_storage"": [4096, 1024], ""output"": [40, 4096]}",335544320,0,{},8388608,81920,327680,独立 GEMM：权重与输入各读一次、输出写一次的操作数载荷；不预测 tile 重读。,60
aggregate; see repeats,moe.expert463.gate_up,linear,"{""input"": [40, 4096], ""weight_math"": [4096, 2048], ""weight_storage"": [2048, 4096], ""output"": [40, 2048]}",671088640,0,{},16777216,327680,163840,独立 GEMM：权重与输入各读一次、输出写一次的操作数载荷；不预测 tile 重读。,60
aggregate; see repeats,moe.expert463.down,linear,"{""input"": [40, 1024], ""weight_math"": [1024, 4096], ""weight_storage"": [4096, 1024], ""output"": [40, 4096]}",335544320,0,{},8388608,81920,327680,独立 GEMM：权重与输入各读一次、输出写一次的操作数载荷；不预测 tile 重读。,60
aggregate; see repeats,moe.expert464.gate_up,linear,"{""input"": [40, 4096], ""weight_math"": [4096, 2048], ""weight_storage"": [2048, 4096], ""output"": [40, 2048]}",671088640,0,{},16777216,327680,163840,独立 GEMM：权重与输入各读一次、输出写一次的操作数载荷；不预测 tile 重读。,60
aggregate; see repeats,moe.expert464.down,linear,"{""input"": [40, 1024], ""weight_math"": [1024, 4096], ""weight_storage"": [4096, 1024], ""output"": [40, 4096]}",335544320,0,{},8388608,81920,327680,独立 GEMM：权重与输入各读一次、输出写一次的操作数载荷；不预测 tile 重读。,60
aggregate; see repeats,moe.expert465.gate_up,linear,"{""input"": [40, 4096], ""weight_math"": [4096, 2048], ""weight_storage"": [2048, 4096], ""output"": [40, 2048]}",671088640,0,{},16777216,327680,163840,独立 GEMM：权重与输入各读一次、输出写一次的操作数载荷；不预测 tile 重读。,60
aggregate; see repeats,moe.expert465.down,linear,"{""input"": [40, 1024], ""weight_math"": [1024, 4096], ""weight_storage"": [4096, 1024], ""output"": [40, 4096]}",335544320,0,{},8388608,81920,327680,独立 GEMM：权重与输入各读一次、输出写一次的操作数载荷；不预测 tile 重读。,60
aggregate; see repeats,moe.expert466.gate_up,linear,"{""input"": [40, 4096], ""weight_math"": [4096, 2048], ""weight_storage"": [2048, 4096], ""output"": [40, 2048]}",671088640,0,{},16777216,327680,163840,独立 GEMM：权重与输入各读一次、输出写一次的操作数载荷；不预测 tile 重读。,60
aggregate; see repeats,moe.expert466.down,linear,"{""input"": [40, 1024], ""weight_math"": [1024, 4096], ""weight_storage"": [4096, 1024], ""output"": [40, 4096]}",335544320,0,{},8388608,81920,327680,独立 GEMM：权重与输入各读一次、输出写一次的操作数载荷；不预测 tile 重读。,60
aggregate; see repeats,moe.expert467.gate_up,linear,"{""input"": [40, 4096], ""weight_math"": [4096, 2048], ""weight_storage"": [2048, 4096], ""output"": [40, 2048]}",671088640,0,{},16777216,327680,163840,独立 GEMM：权重与输入各读一次、输出写一次的操作数载荷；不预测 tile 重读。,60
aggregate; see repeats,moe.expert467.down,linear,"{""input"": [40, 1024], ""weight_math"": [1024, 4096], ""weight_storage"": [4096, 1024], ""output"": [40, 4096]}",335544320,0,{},8388608,81920,327680,独立 GEMM：权重与输入各读一次、输出写一次的操作数载荷；不预测 tile 重读。,60
aggregate; see repeats,moe.expert468.gate_up,linear,"{""input"": [40, 4096], ""weight_math"": [4096, 2048], ""weight_storage"": [2048, 4096], ""output"": [40, 2048]}",671088640,0,{},16777216,327680,163840,独立 GEMM：权重与输入各读一次、输出写一次的操作数载荷；不预测 tile 重读。,60
aggregate; see repeats,moe.expert468.down,linear,"{""input"": [40, 1024], ""weight_math"": [1024, 4096], ""weight_storage"": [4096, 1024], ""output"": [40, 4096]}",335544320,0,{},8388608,81920,327680,独立 GEMM：权重与输入各读一次、输出写一次的操作数载荷；不预测 tile 重读。,60
aggregate; see repeats,moe.expert469.gate_up,linear,"{""input"": [40, 4096], ""weight_math"": [4096, 2048], ""weight_storage"": [2048, 4096], ""output"": [40, 2048]}",671088640,0,{},16777216,327680,163840,独立 GEMM：权重与输入各读一次、输出写一次的操作数载荷；不预测 tile 重读。,60
aggregate; see repeats,moe.expert469.down,linear,"{""input"": [40, 1024], ""weight_math"": [1024, 4096], ""weight_storage"": [4096, 1024], ""output"": [40, 4096]}",335544320,0,{},8388608,81920,327680,独立 GEMM：权重与输入各读一次、输出写一次的操作数载荷；不预测 tile 重读。,60
aggregate; see repeats,moe.expert470.gate_up,linear,"{""input"": [40, 4096], ""weight_math"": [4096, 2048], ""weight_storage"": [2048, 4096], ""output"": [40, 2048]}",671088640,0,{},16777216,327680,163840,独立 GEMM：权重与输入各读一次、输出写一次的操作数载荷；不预测 tile 重读。,60
aggregate; see repeats,moe.expert470.down,linear,"{""input"": [40, 1024], ""weight_math"": [1024, 4096], ""weight_storage"": [4096, 1024], ""output"": [40, 4096]}",335544320,0,{},8388608,81920,327680,独立 GEMM：权重与输入各读一次、输出写一次的操作数载荷；不预测 tile 重读。,60
aggregate; see repeats,moe.expert471.gate_up,linear,"{""input"": [40, 4096], ""weight_math"": [4096, 2048], ""weight_storage"": [2048, 4096], ""output"": [40, 2048]}",671088640,0,{},16777216,327680,163840,独立 GEMM：权重与输入各读一次、输出写一次的操作数载荷；不预测 tile 重读。,60
aggregate; see repeats,moe.expert471.down,linear,"{""input"": [40, 1024], ""weight_math"": [1024, 4096], ""weight_storage"": [4096, 1024], ""output"": [40, 4096]}",335544320,0,{},8388608,81920,327680,独立 GEMM：权重与输入各读一次、输出写一次的操作数载荷；不预测 tile 重读。,60
aggregate; see repeats,moe.expert472.gate_up,linear,"{""input"": [40, 4096], ""weight_math"": [4096, 2048], ""weight_storage"": [2048, 4096], ""output"": [40, 2048]}",671088640,0,{},16777216,327680,163840,独立 GEMM：权重与输入各读一次、输出写一次的操作数载荷；不预测 tile 重读。,60
aggregate; see repeats,moe.expert472.down,linear,"{""input"": [40, 1024], ""weight_math"": [1024, 4096], ""weight_storage"": [4096, 1024], ""output"": [40, 4096]}",335544320,0,{},8388608,81920,327680,独立 GEMM：权重与输入各读一次、输出写一次的操作数载荷；不预测 tile 重读。,60
aggregate; see repeats,moe.expert473.gate_up,linear,"{""input"": [40, 4096], ""weight_math"": [4096, 2048], ""weight_storage"": [2048, 4096], ""output"": [40, 2048]}",671088640,0,{},16777216,327680,163840,独立 GEMM：权重与输入各读一次、输出写一次的操作数载荷；不预测 tile 重读。,60
aggregate; see repeats,moe.expert473.down,linear,"{""input"": [40, 1024], ""weight_math"": [1024, 4096], ""weight_storage"": [4096, 1024], ""output"": [40, 4096]}",335544320,0,{},8388608,81920,327680,独立 GEMM：权重与输入各读一次、输出写一次的操作数载荷；不预测 tile 重读。,60
aggregate; see repeats,moe.expert474.gate_up,linear,"{""input"": [40, 4096], ""weight_math"": [4096, 2048], ""weight_storage"": [2048, 4096], ""output"": [40, 2048]}",671088640,0,{},16777216,327680,163840,独立 GEMM：权重与输入各读一次、输出写一次的操作数载荷；不预测 tile 重读。,60
aggregate; see repeats,moe.expert474.down,linear,"{""input"": [40, 1024], ""weight_math"": [1024, 4096], ""weight_storage"": [4096, 1024], ""output"": [40, 4096]}",335544320,0,{},8388608,81920,327680,独立 GEMM：权重与输入各读一次、输出写一次的操作数载荷；不预测 tile 重读。,60
aggregate; see repeats,moe.expert475.gate_up,linear,"{""input"": [40, 4096], ""weight_math"": [4096, 2048], ""weight_storage"": [2048, 4096], ""output"": [40, 2048]}",671088640,0,{},16777216,327680,163840,独立 GEMM：权重与输入各读一次、输出写一次的操作数载荷；不预测 tile 重读。,60
aggregate; see repeats,moe.expert475.down,linear,"{""input"": [40, 1024], ""weight_math"": [1024, 4096], ""weight_storage"": [4096, 1024], ""output"": [40, 4096]}",335544320,0,{},8388608,81920,327680,独立 GEMM：权重与输入各读一次、输出写一次的操作数载荷；不预测 tile 重读。,60
aggregate; see repeats,moe.expert476.gate_up,linear,"{""input"": [40, 4096], ""weight_math"": [4096, 2048], ""weight_storage"": [2048, 4096], ""output"": [40, 2048]}",671088640,0,{},16777216,327680,163840,独立 GEMM：权重与输入各读一次、输出写一次的操作数载荷；不预测 tile 重读。,60
aggregate; see repeats,moe.expert476.down,linear,"{""input"": [40, 1024], ""weight_math"": [1024, 4096], ""weight_storage"": [4096, 1024], ""output"": [40, 4096]}",335544320,0,{},8388608,81920,327680,独立 GEMM：权重与输入各读一次、输出写一次的操作数载荷；不预测 tile 重读。,60
aggregate; see repeats,moe.expert477.gate_up,linear,"{""input"": [40, 4096], ""weight_math"": [4096, 2048], ""weight_storage"": [2048, 4096], ""output"": [40, 2048]}",671088640,0,{},16777216,327680,163840,独立 GEMM：权重与输入各读一次、输出写一次的操作数载荷；不预测 tile 重读。,60
aggregate; see repeats,moe.expert477.down,linear,"{""input"": [40, 1024], ""weight_math"": [1024, 4096], ""weight_storage"": [4096, 1024], ""output"": [40, 4096]}",335544320,0,{},8388608,81920,327680,独立 GEMM：权重与输入各读一次、输出写一次的操作数载荷；不预测 tile 重读。,60
aggregate; see repeats,moe.expert478.gate_up,linear,"{""input"": [40, 4096], ""weight_math"": [4096, 2048], ""weight_storage"": [2048, 4096], ""output"": [40, 2048]}",671088640,0,{},16777216,327680,163840,独立 GEMM：权重与输入各读一次、输出写一次的操作数载荷；不预测 tile 重读。,60
aggregate; see repeats,moe.expert478.down,linear,"{""input"": [40, 1024], ""weight_math"": [1024, 4096], ""weight_storage"": [4096, 1024], ""output"": [40, 4096]}",335544320,0,{},8388608,81920,327680,独立 GEMM：权重与输入各读一次、输出写一次的操作数载荷；不预测 tile 重读。,60
aggregate; see repeats,moe.expert479.gate_up,linear,"{""input"": [40, 4096], ""weight_math"": [4096, 2048], ""weight_storage"": [2048, 4096], ""output"": [40, 2048]}",671088640,0,{},16777216,327680,163840,独立 GEMM：权重与输入各读一次、输出写一次的操作数载荷；不预测 tile 重读。,60
aggregate; see repeats,moe.expert479.down,linear,"{""input"": [40, 1024], ""weight_math"": [1024, 4096], ""weight_storage"": [4096, 1024], ""output"": [40, 4096]}",335544320,0,{},8388608,81920,327680,独立 GEMM：权重与输入各读一次、输出写一次的操作数载荷；不预测 tile 重读。,60
aggregate; see repeats,moe.expert480.gate_up,linear,"{""input"": [40, 4096], ""weight_math"": [4096, 2048], ""weight_storage"": [2048, 4096], ""output"": [40, 2048]}",671088640,0,{},16777216,327680,163840,独立 GEMM：权重与输入各读一次、输出写一次的操作数载荷；不预测 tile 重读。,60
aggregate; see repeats,moe.expert480.down,linear,"{""input"": [40, 1024], ""weight_math"": [1024, 4096], ""weight_storage"": [4096, 1024], ""output"": [40, 4096]}",335544320,0,{},8388608,81920,327680,独立 GEMM：权重与输入各读一次、输出写一次的操作数载荷；不预测 tile 重读。,60
aggregate; see repeats,moe.expert481.gate_up,linear,"{""input"": [40, 4096], ""weight_math"": [4096, 2048], ""weight_storage"": [2048, 4096], ""output"": [40, 2048]}",671088640,0,{},16777216,327680,163840,独立 GEMM：权重与输入各读一次、输出写一次的操作数载荷；不预测 tile 重读。,60
aggregate; see repeats,moe.expert481.down,linear,"{""input"": [40, 1024], ""weight_math"": [1024, 4096], ""weight_storage"": [4096, 1024], ""output"": [40, 4096]}",335544320,0,{},8388608,81920,327680,独立 GEMM：权重与输入各读一次、输出写一次的操作数载荷；不预测 tile 重读。,60
aggregate; see repeats,moe.expert482.gate_up,linear,"{""input"": [40, 4096], ""weight_math"": [4096, 2048], ""weight_storage"": [2048, 4096], ""output"": [40, 2048]}",671088640,0,{},16777216,327680,163840,独立 GEMM：权重与输入各读一次、输出写一次的操作数载荷；不预测 tile 重读。,60
aggregate; see repeats,moe.expert482.down,linear,"{""input"": [40, 1024], ""weight_math"": [1024, 4096], ""weight_storage"": [4096, 1024], ""output"": [40, 4096]}",335544320,0,{},8388608,81920,327680,独立 GEMM：权重与输入各读一次、输出写一次的操作数载荷；不预测 tile 重读。,60
aggregate; see repeats,moe.expert483.gate_up,linear,"{""input"": [40, 4096], ""weight_math"": [4096, 2048], ""weight_storage"": [2048, 4096], ""output"": [40, 2048]}",671088640,0,{},16777216,327680,163840,独立 GEMM：权重与输入各读一次、输出写一次的操作数载荷；不预测 tile 重读。,60
aggregate; see repeats,moe.expert483.down,linear,"{""input"": [40, 1024], ""weight_math"": [1024, 4096], ""weight_storage"": [4096, 1024], ""output"": [40, 4096]}",335544320,0,{},8388608,81920,327680,独立 GEMM：权重与输入各读一次、输出写一次的操作数载荷；不预测 tile 重读。,60
aggregate; see repeats,moe.expert484.gate_up,linear,"{""input"": [40, 4096], ""weight_math"": [4096, 2048], ""weight_storage"": [2048, 4096], ""output"": [40, 2048]}",671088640,0,{},16777216,327680,163840,独立 GEMM：权重与输入各读一次、输出写一次的操作数载荷；不预测 tile 重读。,60
aggregate; see repeats,moe.expert484.down,linear,"{""input"": [40, 1024], ""weight_math"": [1024, 4096], ""weight_storage"": [4096, 1024], ""output"": [40, 4096]}",335544320,0,{},8388608,81920,327680,独立 GEMM：权重与输入各读一次、输出写一次的操作数载荷；不预测 tile 重读。,60
aggregate; see repeats,moe.expert485.gate_up,linear,"{""input"": [40, 4096], ""weight_math"": [4096, 2048], ""weight_storage"": [2048, 4096], ""output"": [40, 2048]}",671088640,0,{},16777216,327680,163840,独立 GEMM：权重与输入各读一次、输出写一次的操作数载荷；不预测 tile 重读。,60
aggregate; see repeats,moe.expert485.down,linear,"{""input"": [40, 1024], ""weight_math"": [1024, 4096], ""weight_storage"": [4096, 1024], ""output"": [40, 4096]}",335544320,0,{},8388608,81920,327680,独立 GEMM：权重与输入各读一次、输出写一次的操作数载荷；不预测 tile 重读。,60
aggregate; see repeats,moe.expert486.gate_up,linear,"{""input"": [40, 4096], ""weight_math"": [4096, 2048], ""weight_storage"": [2048, 4096], ""output"": [40, 2048]}",671088640,0,{},16777216,327680,163840,独立 GEMM：权重与输入各读一次、输出写一次的操作数载荷；不预测 tile 重读。,60
aggregate; see repeats,moe.expert486.down,linear,"{""input"": [40, 1024], ""weight_math"": [1024, 4096], ""weight_storage"": [4096, 1024], ""output"": [40, 4096]}",335544320,0,{},8388608,81920,327680,独立 GEMM：权重与输入各读一次、输出写一次的操作数载荷；不预测 tile 重读。,60
aggregate; see repeats,moe.expert487.gate_up,linear,"{""input"": [40, 4096], ""weight_math"": [4096, 2048], ""weight_storage"": [2048, 4096], ""output"": [40, 2048]}",671088640,0,{},16777216,327680,163840,独立 GEMM：权重与输入各读一次、输出写一次的操作数载荷；不预测 tile 重读。,60
aggregate; see repeats,moe.expert487.down,linear,"{""input"": [40, 1024], ""weight_math"": [1024, 4096], ""weight_storage"": [4096, 1024], ""output"": [40, 4096]}",335544320,0,{},8388608,81920,327680,独立 GEMM：权重与输入各读一次、输出写一次的操作数载荷；不预测 tile 重读。,60
aggregate; see repeats,moe.expert488.gate_up,linear,"{""input"": [40, 4096], ""weight_math"": [4096, 2048], ""weight_storage"": [2048, 4096], ""output"": [40, 2048]}",671088640,0,{},16777216,327680,163840,独立 GEMM：权重与输入各读一次、输出写一次的操作数载荷；不预测 tile 重读。,60
aggregate; see repeats,moe.expert488.down,linear,"{""input"": [40, 1024], ""weight_math"": [1024, 4096], ""weight_storage"": [4096, 1024], ""output"": [40, 4096]}",335544320,0,{},8388608,81920,327680,独立 GEMM：权重与输入各读一次、输出写一次的操作数载荷；不预测 tile 重读。,60
aggregate; see repeats,moe.expert489.gate_up,linear,"{""input"": [40, 4096], ""weight_math"": [4096, 2048], ""weight_storage"": [2048, 4096], ""output"": [40, 2048]}",671088640,0,{},16777216,327680,163840,独立 GEMM：权重与输入各读一次、输出写一次的操作数载荷；不预测 tile 重读。,60
aggregate; see repeats,moe.expert489.down,linear,"{""input"": [40, 1024], ""weight_math"": [1024, 4096], ""weight_storage"": [4096, 1024], ""output"": [40, 4096]}",335544320,0,{},8388608,81920,327680,独立 GEMM：权重与输入各读一次、输出写一次的操作数载荷；不预测 tile 重读。,60
aggregate; see repeats,moe.expert490.gate_up,linear,"{""input"": [40, 4096], ""weight_math"": [4096, 2048], ""weight_storage"": [2048, 4096], ""output"": [40, 2048]}",671088640,0,{},16777216,327680,163840,独立 GEMM：权重与输入各读一次、输出写一次的操作数载荷；不预测 tile 重读。,60
aggregate; see repeats,moe.expert490.down,linear,"{""input"": [40, 1024], ""weight_math"": [1024, 4096], ""weight_storage"": [4096, 1024], ""output"": [40, 4096]}",335544320,0,{},8388608,81920,327680,独立 GEMM：权重与输入各读一次、输出写一次的操作数载荷；不预测 tile 重读。,60
aggregate; see repeats,moe.expert491.gate_up,linear,"{""input"": [40, 4096], ""weight_math"": [4096, 2048], ""weight_storage"": [2048, 4096], ""output"": [40, 2048]}",671088640,0,{},16777216,327680,163840,独立 GEMM：权重与输入各读一次、输出写一次的操作数载荷；不预测 tile 重读。,60
aggregate; see repeats,moe.expert491.down,linear,"{""input"": [40, 1024], ""weight_math"": [1024, 4096], ""weight_storage"": [4096, 1024], ""output"": [40, 4096]}",335544320,0,{},8388608,81920,327680,独立 GEMM：权重与输入各读一次、输出写一次的操作数载荷；不预测 tile 重读。,60
aggregate; see repeats,moe.expert492.gate_up,linear,"{""input"": [40, 4096], ""weight_math"": [4096, 2048], ""weight_storage"": [2048, 4096], ""output"": [40, 2048]}",671088640,0,{},16777216,327680,163840,独立 GEMM：权重与输入各读一次、输出写一次的操作数载荷；不预测 tile 重读。,60
aggregate; see repeats,moe.expert492.down,linear,"{""input"": [40, 1024], ""weight_math"": [1024, 4096], ""weight_storage"": [4096, 1024], ""output"": [40, 4096]}",335544320,0,{},8388608,81920,327680,独立 GEMM：权重与输入各读一次、输出写一次的操作数载荷；不预测 tile 重读。,60
aggregate; see repeats,moe.expert493.gate_up,linear,"{""input"": [40, 4096], ""weight_math"": [4096, 2048], ""weight_storage"": [2048, 4096], ""output"": [40, 2048]}",671088640,0,{},16777216,327680,163840,独立 GEMM：权重与输入各读一次、输出写一次的操作数载荷；不预测 tile 重读。,60
aggregate; see repeats,moe.expert493.down,linear,"{""input"": [40, 1024], ""weight_math"": [1024, 4096], ""weight_storage"": [4096, 1024], ""output"": [40, 4096]}",335544320,0,{},8388608,81920,327680,独立 GEMM：权重与输入各读一次、输出写一次的操作数载荷；不预测 tile 重读。,60
aggregate; see repeats,moe.expert494.gate_up,linear,"{""input"": [40, 4096], ""weight_math"": [4096, 2048], ""weight_storage"": [2048, 4096], ""output"": [40, 2048]}",671088640,0,{},16777216,327680,163840,独立 GEMM：权重与输入各读一次、输出写一次的操作数载荷；不预测 tile 重读。,60
aggregate; see repeats,moe.expert494.down,linear,"{""input"": [40, 1024], ""weight_math"": [1024, 4096], ""weight_storage"": [4096, 1024], ""output"": [40, 4096]}",335544320,0,{},8388608,81920,327680,独立 GEMM：权重与输入各读一次、输出写一次的操作数载荷；不预测 tile 重读。,60
aggregate; see repeats,moe.expert495.gate_up,linear,"{""input"": [40, 4096], ""weight_math"": [4096, 2048], ""weight_storage"": [2048, 4096], ""output"": [40, 2048]}",671088640,0,{},16777216,327680,163840,独立 GEMM：权重与输入各读一次、输出写一次的操作数载荷；不预测 tile 重读。,60
aggregate; see repeats,moe.expert495.down,linear,"{""input"": [40, 1024], ""weight_math"": [1024, 4096], ""weight_storage"": [4096, 1024], ""output"": [40, 4096]}",335544320,0,{},8388608,81920,327680,独立 GEMM：权重与输入各读一次、输出写一次的操作数载荷；不预测 tile 重读。,60
aggregate; see repeats,moe.expert496.gate_up,linear,"{""input"": [40, 4096], ""weight_math"": [4096, 2048], ""weight_storage"": [2048, 4096], ""output"": [40, 2048]}",671088640,0,{},16777216,327680,163840,独立 GEMM：权重与输入各读一次、输出写一次的操作数载荷；不预测 tile 重读。,60
aggregate; see repeats,moe.expert496.down,linear,"{""input"": [40, 1024], ""weight_math"": [1024, 4096], ""weight_storage"": [4096, 1024], ""output"": [40, 4096]}",335544320,0,{},8388608,81920,327680,独立 GEMM：权重与输入各读一次、输出写一次的操作数载荷；不预测 tile 重读。,60
aggregate; see repeats,moe.expert497.gate_up,linear,"{""input"": [40, 4096], ""weight_math"": [4096, 2048], ""weight_storage"": [2048, 4096], ""output"": [40, 2048]}",671088640,0,{},16777216,327680,163840,独立 GEMM：权重与输入各读一次、输出写一次的操作数载荷；不预测 tile 重读。,60
aggregate; see repeats,moe.expert497.down,linear,"{""input"": [40, 1024], ""weight_math"": [1024, 4096], ""weight_storage"": [4096, 1024], ""output"": [40, 4096]}",335544320,0,{},8388608,81920,327680,独立 GEMM：权重与输入各读一次、输出写一次的操作数载荷；不预测 tile 重读。,60
aggregate; see repeats,moe.expert498.gate_up,linear,"{""input"": [40, 4096], ""weight_math"": [4096, 2048], ""weight_storage"": [2048, 4096], ""output"": [40, 2048]}",671088640,0,{},16777216,327680,163840,独立 GEMM：权重与输入各读一次、输出写一次的操作数载荷；不预测 tile 重读。,60
aggregate; see repeats,moe.expert498.down,linear,"{""input"": [40, 1024], ""weight_math"": [1024, 4096], ""weight_storage"": [4096, 1024], ""output"": [40, 4096]}",335544320,0,{},8388608,81920,327680,独立 GEMM：权重与输入各读一次、输出写一次的操作数载荷；不预测 tile 重读。,60
aggregate; see repeats,moe.expert499.gate_up,linear,"{""input"": [40, 4096], ""weight_math"": [4096, 2048], ""weight_storage"": [2048, 4096], ""output"": [40, 2048]}",671088640,0,{},16777216,327680,163840,独立 GEMM：权重与输入各读一次、输出写一次的操作数载荷；不预测 tile 重读。,60
aggregate; see repeats,moe.expert499.down,linear,"{""input"": [40, 1024], ""weight_math"": [1024, 4096], ""weight_storage"": [4096, 1024], ""output"": [40, 4096]}",335544320,0,{},8388608,81920,327680,独立 GEMM：权重与输入各读一次、输出写一次的操作数载荷；不预测 tile 重读。,60
aggregate; see repeats,moe.expert500.gate_up,linear,"{""input"": [40, 4096], ""weight_math"": [4096, 2048], ""weight_storage"": [2048, 4096], ""output"": [40, 2048]}",671088640,0,{},16777216,327680,163840,独立 GEMM：权重与输入各读一次、输出写一次的操作数载荷；不预测 tile 重读。,60
aggregate; see repeats,moe.expert500.down,linear,"{""input"": [40, 1024], ""weight_math"": [1024, 4096], ""weight_storage"": [4096, 1024], ""output"": [40, 4096]}",335544320,0,{},8388608,81920,327680,独立 GEMM：权重与输入各读一次、输出写一次的操作数载荷；不预测 tile 重读。,60
aggregate; see repeats,moe.expert501.gate_up,linear,"{""input"": [40, 4096], ""weight_math"": [4096, 2048], ""weight_storage"": [2048, 4096], ""output"": [40, 2048]}",671088640,0,{},16777216,327680,163840,独立 GEMM：权重与输入各读一次、输出写一次的操作数载荷；不预测 tile 重读。,60
aggregate; see repeats,moe.expert501.down,linear,"{""input"": [40, 1024], ""weight_math"": [1024, 4096], ""weight_storage"": [4096, 1024], ""output"": [40, 4096]}",335544320,0,{},8388608,81920,327680,独立 GEMM：权重与输入各读一次、输出写一次的操作数载荷；不预测 tile 重读。,60
aggregate; see repeats,moe.expert502.gate_up,linear,"{""input"": [40, 4096], ""weight_math"": [4096, 2048], ""weight_storage"": [2048, 4096], ""output"": [40, 2048]}",671088640,0,{},16777216,327680,163840,独立 GEMM：权重与输入各读一次、输出写一次的操作数载荷；不预测 tile 重读。,60
aggregate; see repeats,moe.expert502.down,linear,"{""input"": [40, 1024], ""weight_math"": [1024, 4096], ""weight_storage"": [4096, 1024], ""output"": [40, 4096]}",335544320,0,{},8388608,81920,327680,独立 GEMM：权重与输入各读一次、输出写一次的操作数载荷；不预测 tile 重读。,60
aggregate; see repeats,moe.expert503.gate_up,linear,"{""input"": [40, 4096], ""weight_math"": [4096, 2048], ""weight_storage"": [2048, 4096], ""output"": [40, 2048]}",671088640,0,{},16777216,327680,163840,独立 GEMM：权重与输入各读一次、输出写一次的操作数载荷；不预测 tile 重读。,60
aggregate; see repeats,moe.expert503.down,linear,"{""input"": [40, 1024], ""weight_math"": [1024, 4096], ""weight_storage"": [4096, 1024], ""output"": [40, 4096]}",335544320,0,{},8388608,81920,327680,独立 GEMM：权重与输入各读一次、输出写一次的操作数载荷；不预测 tile 重读。,60
aggregate; see repeats,moe.expert504.gate_up,linear,"{""input"": [40, 4096], ""weight_math"": [4096, 2048], ""weight_storage"": [2048, 4096], ""output"": [40, 2048]}",671088640,0,{},16777216,327680,163840,独立 GEMM：权重与输入各读一次、输出写一次的操作数载荷；不预测 tile 重读。,60
aggregate; see repeats,moe.expert504.down,linear,"{""input"": [40, 1024], ""weight_math"": [1024, 4096], ""weight_storage"": [4096, 1024], ""output"": [40, 4096]}",335544320,0,{},8388608,81920,327680,独立 GEMM：权重与输入各读一次、输出写一次的操作数载荷；不预测 tile 重读。,60
aggregate; see repeats,moe.expert505.gate_up,linear,"{""input"": [40, 4096], ""weight_math"": [4096, 2048], ""weight_storage"": [2048, 4096], ""output"": [40, 2048]}",671088640,0,{},16777216,327680,163840,独立 GEMM：权重与输入各读一次、输出写一次的操作数载荷；不预测 tile 重读。,60
aggregate; see repeats,moe.expert505.down,linear,"{""input"": [40, 1024], ""weight_math"": [1024, 4096], ""weight_storage"": [4096, 1024], ""output"": [40, 4096]}",335544320,0,{},8388608,81920,327680,独立 GEMM：权重与输入各读一次、输出写一次的操作数载荷；不预测 tile 重读。,60
aggregate; see repeats,moe.expert506.gate_up,linear,"{""input"": [40, 4096], ""weight_math"": [4096, 2048], ""weight_storage"": [2048, 4096], ""output"": [40, 2048]}",671088640,0,{},16777216,327680,163840,独立 GEMM：权重与输入各读一次、输出写一次的操作数载荷；不预测 tile 重读。,60
aggregate; see repeats,moe.expert506.down,linear,"{""input"": [40, 1024], ""weight_math"": [1024, 4096], ""weight_storage"": [4096, 1024], ""output"": [40, 4096]}",335544320,0,{},8388608,81920,327680,独立 GEMM：权重与输入各读一次、输出写一次的操作数载荷；不预测 tile 重读。,60
aggregate; see repeats,moe.expert507.gate_up,linear,"{""input"": [40, 4096], ""weight_math"": [4096, 2048], ""weight_storage"": [2048, 4096], ""output"": [40, 2048]}",671088640,0,{},16777216,327680,163840,独立 GEMM：权重与输入各读一次、输出写一次的操作数载荷；不预测 tile 重读。,60
aggregate; see repeats,moe.expert507.down,linear,"{""input"": [40, 1024], ""weight_math"": [1024, 4096], ""weight_storage"": [4096, 1024], ""output"": [40, 4096]}",335544320,0,{},8388608,81920,327680,独立 GEMM：权重与输入各读一次、输出写一次的操作数载荷；不预测 tile 重读。,60
aggregate; see repeats,moe.expert508.gate_up,linear,"{""input"": [40, 4096], ""weight_math"": [4096, 2048], ""weight_storage"": [2048, 4096], ""output"": [40, 2048]}",671088640,0,{},16777216,327680,163840,独立 GEMM：权重与输入各读一次、输出写一次的操作数载荷；不预测 tile 重读。,60
aggregate; see repeats,moe.expert508.down,linear,"{""input"": [40, 1024], ""weight_math"": [1024, 4096], ""weight_storage"": [4096, 1024], ""output"": [40, 4096]}",335544320,0,{},8388608,81920,327680,独立 GEMM：权重与输入各读一次、输出写一次的操作数载荷；不预测 tile 重读。,60
aggregate; see repeats,moe.expert509.gate_up,linear,"{""input"": [40, 4096], ""weight_math"": [4096, 2048], ""weight_storage"": [2048, 4096], ""output"": [40, 2048]}",671088640,0,{},16777216,327680,163840,独立 GEMM：权重与输入各读一次、输出写一次的操作数载荷；不预测 tile 重读。,60
aggregate; see repeats,moe.expert509.down,linear,"{""input"": [40, 1024], ""weight_math"": [1024, 4096], ""weight_storage"": [4096, 1024], ""output"": [40, 4096]}",335544320,0,{},8388608,81920,327680,独立 GEMM：权重与输入各读一次、输出写一次的操作数载荷；不预测 tile 重读。,60
aggregate; see repeats,moe.expert510.gate_up,linear,"{""input"": [40, 4096], ""weight_math"": [4096, 2048], ""weight_storage"": [2048, 4096], ""output"": [40, 2048]}",671088640,0,{},16777216,327680,163840,独立 GEMM：权重与输入各读一次、输出写一次的操作数载荷；不预测 tile 重读。,60
aggregate; see repeats,moe.expert510.down,linear,"{""input"": [40, 1024], ""weight_math"": [1024, 4096], ""weight_storage"": [4096, 1024], ""output"": [40, 4096]}",335544320,0,{},8388608,81920,327680,独立 GEMM：权重与输入各读一次、输出写一次的操作数载荷；不预测 tile 重读。,60
aggregate; see repeats,moe.expert511.gate_up,linear,"{""input"": [40, 4096], ""weight_math"": [4096, 2048], ""weight_storage"": [2048, 4096], ""output"": [40, 2048]}",671088640,0,{},16777216,327680,163840,独立 GEMM：权重与输入各读一次、输出写一次的操作数载荷；不预测 tile 重读。,60
aggregate; see repeats,moe.expert511.down,linear,"{""input"": [40, 1024], ""weight_math"": [1024, 4096], ""weight_storage"": [4096, 1024], ""output"": [40, 4096]}",335544320,0,{},8388608,81920,327680,独立 GEMM：权重与输入各读一次、输出写一次的操作数载荷；不预测 tile 重读。,60
aggregate; see repeats,moe.routed_swiglu,activation,{},0,41943040,"{""sigmoid"": 20971520}",0,0,0,,60
aggregate; see repeats,moe.routed_weight_and_index_add,routing,{},0,167772160,{},0,167772160,167772160,Probability multiply and addition into zero-initialized destination; gather/metadata/scatter physical traffic not complete.,60
aggregate; see repeats,moe.shared.gate_up,linear,"{""input"": [2048, 4096], ""weight_math"": [4096, 2048], ""weight_storage"": [2048, 4096], ""output"": [2048, 2048]}",34359738368,0,{},16777216,16777216,8388608,独立 GEMM：权重与输入各读一次、输出写一次的操作数载荷；不预测 tile 重读。,60
aggregate; see repeats,moe.shared.down,linear,"{""input"": [2048, 1024], ""weight_math"": [1024, 4096], ""weight_storage"": [4096, 1024], ""output"": [2048, 4096]}",17179869184,0,{},8388608,4194304,16777216,独立 GEMM：权重与输入各读一次、输出写一次的操作数载荷；不预测 tile 重读。,60
aggregate; see repeats,moe.shared.gate,linear,"{""input"": [2048, 4096], ""weight_math"": [4096, 1], ""weight_storage"": [1, 4096], ""output"": [2048, 1]}",16777216,0,{},8192,16777216,4096,独立 GEMM：权重与输入各读一次、输出写一次的操作数载荷；不预测 tile 重读。,60
aggregate; see repeats,moe.shared_swiglu_gate_combine,activation,{},0,20971520,"{""sigmoid"": 2099200}",0,0,0,,60
aggregate; see repeats,final_norm,normalization,"{""rows"": 2048, ""width"": 4096}",0,33560576,"{""rsqrt"": 2048}",8192,16777216,16777216,"FP32 internal arithmetic; interfaces are BF16 input/output, not internal conversion traffic.",1
aggregate; see repeats,lm_head,linear,"{""input"": [2048, 4096], ""weight_math"": [4096, 248320], ""weight_storage"": [248320, 4096], ""output"": [2048, 248320]}",4166118277120,0,{},2034237440,16777216,1017118720,独立 GEMM：权重与输入各读一次、输出写一次的操作数载荷；不预测 tile 重读。,1
aggregate; see repeats,reference.conv.additional_padded_and_discarded_products,reference_supplement,{},688128,0,{},0,0,0,"Dense convolution multiply-accumulate slots including zero-padding and outputs discarded by slices; FMA=2, not backend instruction count.",45
aggregate; see repeats,reference.conv.extra_silu_before_final_crop,reference_supplement,{},0,49152,"{""sigmoid"": 49152}",0,0,0,,45
aggregate; see repeats,reference.chunk.beta_K_V,reference_supplement,{},0,16384,{},0,0,0,,92160
aggregate; see repeats,reference.chunk.cumsum,reference_supplement,{},0,63,{},0,0,0,Mathematical inclusive prefix-sum additions; parallel scan implementation may differ.,92160
aggregate; see repeats,reference.chunk.pairwise_decay_difference_mask_exp,reference_supplement,{},0,4096,"{""exp"": 4096}",0,0,0,"Broadcast diff, masked-fill and exp each write CxC; exp(-inf) slots included.",92160
aggregate; see repeats,reference.chunk.ut_and_intra_decay_multiply,reference_supplement,{},0,8192,{},0,0,0,,92160
aggregate; see repeats,reference.chunk.exp_cum_for_decayed_Kbeta,reference_supplement,{},0,8192,"{""exp"": 64}",0,0,0,,92160
aggregate; see repeats,reference.chunk.exp_cum_for_Q,reference_supplement,{},0,8192,"{""exp"": 64}",0,0,0,,92160
aggregate; see repeats,reference.chunk.last_minus_cum_exp_for_K,reference_supplement,{},0,8256,"{""exp"": 64}",0,0,0,,92160
aggregate; see repeats,reference.chunk.exp_final_decay,reference_supplement,{},0,0,"{""exp"": 1}",0,0,0,,92160
aggregate; see repeats,reference.chunk.scan_state_decay_add,reference_supplement,{},0,16384,{},0,0,0,Main ledger counted decay multiply; this adds omitted state-update addition and interfaces for both statements.,92160
aggregate; see repeats,reference.rope.frequency_outer_product,reference_supplement,{},393216,0,{},0,0,0,,1
aggregate; see repeats,reference.rope.sin_cos_and_scaling,reference_supplement,{},0,393216,"{""sin"": 196608, ""cos"": 196608}",0,0,0,Source multiplies both sin and cos by attention_scaling=1.,1
aggregate; see repeats,reference.rope.rotate_half_negation,reference_supplement,{},0,2228224,{},0,0,0,,15
aggregate; see repeats,reference.full.eager_masked_matrix_slots,reference_supplement,{},68685922304,0,{},0,0,0,,15
aggregate; see repeats,reference.full.eager_additional_softmax_and_mask,reference_supplement,{},0,805175296,"{""exp"": 67076096, ""max_comparisons"": 67076096}",0,0,0,Additional rectangular softmax positions plus attention-mask addition to every score slot.,15
aggregate; see repeats,reference.linear.A_exp_negation,reference_supplement,{},0,64,{},0,0,0,"FP32 exp(A_log), then unary negation; exponent primitive counted in primary operator.",45
