layer,name,category,shapes,matrix_flops,scalar_flops,special_ops,weight_read_bytes,activation_read_bytes,activation_write_bytes,notes
global,embedding,embedding,"{""indices"": [1, 1], ""table"": [151936, 2048], ""output"": [1, 2048]}",0,0,{},4096,8,4096,每 token 一次行查找，不读取整个词表；重复 token 是否缓存未假定。int64 输入索引。
global,rope_table,position,"{""frequencies"": [1, 64], ""cos_sin_each"": [1, 128]}",0,64,"{""sin"": 128, ""cos"": 128}",0,264,512,同位置 ID 批共享，所有层复用；inv_freq 固定不计初始化。参考路径复制频率后求 sin/cos；转换另计。
0,input_layernorm,normalization,"{""input"": [1, 2048], ""weight"": [2048], ""output"": [1, 2048]}",0,8193,"{""rsqrt"": 1}",4096,4096,4096,按 FP32 行内归约的代数计数；rsqrt、类型转换与临时 FP32 张量分列／不推断 HBM spill。
0,q_proj,linear,"{""input"": [1, 2048], ""weight_math"": [2048, 4096], ""weight_storage"": [4096, 2048], ""output"": [1, 4096]}",16777216,0,{},16777216,4096,8192,独立 GEMM：权重与输入各读一次、输出写一次的操作数载荷；不预测 tile 重读。
0,k_proj,linear,"{""input"": [1, 2048], ""weight_math"": [2048, 512], ""weight_storage"": [512, 2048], ""output"": [1, 512]}",2097152,0,{},2097152,4096,1024,独立 GEMM：权重与输入各读一次、输出写一次的操作数载荷；不预测 tile 重读。
0,v_proj,linear,"{""input"": [1, 2048], ""weight_math"": [2048, 512], ""weight_storage"": [512, 2048], ""output"": [1, 512]}",2097152,0,{},2097152,4096,1024,独立 GEMM：权重与输入各读一次、输出写一次的操作数载荷；不预测 tile 重读。
0,q_norm,normalization,"{""input"": [32, 128], ""weight"": [128], ""output"": [32, 128]}",0,16416,"{""rsqrt"": 32}",256,8192,8192,按 FP32 行内归约的代数计数；rsqrt、类型转换与临时 FP32 张量分列／不推断 HBM spill。
0,k_norm,normalization,"{""input"": [4, 128], ""weight"": [128], ""output"": [4, 128]}",0,2052,"{""rsqrt"": 4}",256,1024,1024,按 FP32 行内归约的代数计数；rsqrt、类型转换与临时 FP32 张量分列／不推断 HBM spill。
0,apply_rope,position,"{""Q"": [1, 32, 1, 128], ""K"": [1, 4, 1, 128]}",0,13824,"{""negate"": 2304}",0,9728,9216,2 multiply + 1 add/元素，rotate_half 符号翻转分列；表按批／头理想复用。
0,kv_append,state,"{""new_K_and_V_each"": [1, 4, 1, 128]}",0,0,{},0,2048,2048,原位／分页 append 载荷；不假定动态 torch.cat 对旧缓存整段复制。
0,qk,attention,"{""Q"": [1, 32, 1, 128], ""K_shared"": [1, 4, 8193, 128], ""scores_rectangular"": [1, 32, 1, 8193]}",67117056,0,{},0,8397824,1048704,FLOPs 仅有效因果位置；载荷是假定 Q/K 各读一次、GQA 头共享，完整分数矩阵物化。
0,score_scale_mask_softmax,softmax,"{""scores"": [1, 32, 1, 8193]}",0,1048672,"{""exp"": 262176, ""compare_max"": 262144, ""mask_decisions"": 262176}",0,1048704,1048704,选择的融合 scale/mask/softmax 代数工作；屏蔽点不计 exp。物化 FP32 默认概率；非具体 eager trace。
0,pv,attention,"{""P"": [1, 32, 1, 8193], ""V_shared"": [1, 4, 8193, 128], ""output"": [1, 32, 1, 128]}",67117056,0,{},0,9438336,8192,PV/AV：各 Q 头仍计算；V 容量不乘 GQA 复制数。载荷假定 V 在头／查询之间理想复用。
0,o_proj,linear,"{""input"": [1, 4096], ""weight_math"": [4096, 2048], ""weight_storage"": [2048, 4096], ""output"": [1, 2048]}",16777216,0,{},16777216,8192,4096,独立 GEMM：权重与输入各读一次、输出写一次的操作数载荷；不预测 tile 重读。
0,attention_residual,residual,"{""inputs_each"": [1, 2048], ""output"": [1, 2048]}",0,2048,{},0,8192,4096,
0,post_attention_layernorm,normalization,"{""input"": [1, 2048], ""weight"": [2048], ""output"": [1, 2048]}",0,8193,"{""rsqrt"": 1}",4096,4096,4096,按 FP32 行内归约的代数计数；rsqrt、类型转换与临时 FP32 张量分列／不推断 HBM spill。
0,router,linear,"{""input"": [1, 2048], ""weight_math"": [2048, 128], ""weight_storage"": [128, 2048], ""output"": [1, 128]}",524288,0,{},524288,4096,256,独立 GEMM：权重与输入各读一次、输出写一次的操作数载荷；不预测 tile 重读。
0,router_softmax,routing,"{""input"": [1, 128], ""probabilities_fp32"": [1, 128]}",0,383,"{""exp"": 128, ""compare_max"": 127}",0,256,512,"FP32 softmax: subtract max, exp, reduction, divide; casts are not FLOPs."
0,router_topk,routing,"{""input_fp32"": [1, 128], ""values_fp32"": [1, 8], ""indices_int64"": [1, 8]}",0,0,"{""topk_rows"": 1, ""topk_candidates"": 128}",0,512,96,Top-k is an explicit selection primitive; candidate counts are not comparisons or FLOPs. Backend selection algorithm is unspecified.
0,router_renormalize_cast,routing,"{""selected_probabilities"": [1, 8]}",0,15,{},0,32,16,"Selected probabilities are renormalized if norm_topk_prob, then cast to activation dtype; row reduction assumed on-chip."
0,routing_one_hot,routing_metadata,"{""selected_int64"": [1, 8], ""mask_int64"": [1, 8, 128]}",0,0,"{""one_hot_entries"": 1024}",0,64,8192,Pinned HF reference materializes one_hot int64; this large routing mask is not assumed in optimized dispatch.
0,routing_where,routing_metadata,"{""mask_int64"": [128, 8, 1], ""top_x_and_slot_each"": [8]}",0,0,"{""integer_nonzero_tests"": 1024}",0,8192,128,Scan each expert mask; two int64 coordinates per assignment. Permute is a view.
0,expert_gather,routing,"{""source"": [1, 2048], ""gathered_rows"": [8, 2048]}",0,0,{},0,32832,32768,Logical gathers summed over experts; n_e and each concrete GEMM shape are in expert_matrices.
0,expert_gate_proj,linear,"{""input_per_expert"": [""n_e"", 2048], ""weight_storage_each"": [768, 2048], ""output_per_expert"": [""n_e"", 768], ""nonempty_experts"": 8, ""tokens_per_expert"": [1, 1, 1, 1, 1, 1, 1, 1, 0, 0, 0, 0, 0, 0, 0, 0, 0, 0, 0, 0, 0, 0, 0, 0, 0, 0, 0, 0, 0, 0, 0, 0, 0, 0, 0, 0, 0, 0, 0, 0, 0, 0, 0, 0, 0, 0, 0, 0, 0, 0, 0, 0, 0, 0, 0, 0, 0, 0, 0, 0, 0, 0, 0, 0, 0, 0, 0, 0, 0, 0, 0, 0, 0, 0, 0, 0, 0, 0, 0, 0, 0, 0, 0, 0, 0, 0, 0, 0, 0, 0, 0, 0, 0, 0, 0, 0, 0, 0, 0, 0, 0, 0, 0, 0, 0, 0, 0, 0, 0, 0, 0, 0, 0, 0, 0, 0, 0, 0, 0, 0, 0, 0, 0, 0, 0, 0, 0, 0]}",25165824,0,{},25165824,32768,12288,"Sum of unpadded per-expert GEMMs; each visited expert weight read once per layer, not once per token."
0,expert_up_proj,linear,"{""input_per_expert"": [""n_e"", 2048], ""weight_storage_each"": [768, 2048], ""output_per_expert"": [""n_e"", 768], ""nonempty_experts"": 8, ""tokens_per_expert"": [1, 1, 1, 1, 1, 1, 1, 1, 0, 0, 0, 0, 0, 0, 0, 0, 0, 0, 0, 0, 0, 0, 0, 0, 0, 0, 0, 0, 0, 0, 0, 0, 0, 0, 0, 0, 0, 0, 0, 0, 0, 0, 0, 0, 0, 0, 0, 0, 0, 0, 0, 0, 0, 0, 0, 0, 0, 0, 0, 0, 0, 0, 0, 0, 0, 0, 0, 0, 0, 0, 0, 0, 0, 0, 0, 0, 0, 0, 0, 0, 0, 0, 0, 0, 0, 0, 0, 0, 0, 0, 0, 0, 0, 0, 0, 0, 0, 0, 0, 0, 0, 0, 0, 0, 0, 0, 0, 0, 0, 0, 0, 0, 0, 0, 0, 0, 0, 0, 0, 0, 0, 0, 0, 0, 0, 0, 0, 0]}",25165824,0,{},25165824,32768,12288,"Sum of unpadded per-expert GEMMs; each visited expert weight read once per layer, not once per token."
0,expert_silu_mul,activation,"{""gate_and_up_each"": [8, 768]}",0,24576,"{""exp"": 6144, ""negate"": 6144}",0,24576,12288,
0,expert_down_proj,linear,"{""input_per_expert"": [""n_e"", 768], ""weight_storage_each"": [2048, 768], ""output_per_expert"": [""n_e"", 2048], ""nonempty_experts"": 8, ""tokens_per_expert"": [1, 1, 1, 1, 1, 1, 1, 1, 0, 0, 0, 0, 0, 0, 0, 0, 0, 0, 0, 0, 0, 0, 0, 0, 0, 0, 0, 0, 0, 0, 0, 0, 0, 0, 0, 0, 0, 0, 0, 0, 0, 0, 0, 0, 0, 0, 0, 0, 0, 0, 0, 0, 0, 0, 0, 0, 0, 0, 0, 0, 0, 0, 0, 0, 0, 0, 0, 0, 0, 0, 0, 0, 0, 0, 0, 0, 0, 0, 0, 0, 0, 0, 0, 0, 0, 0, 0, 0, 0, 0, 0, 0, 0, 0, 0, 0, 0, 0, 0, 0, 0, 0, 0, 0, 0, 0, 0, 0, 0, 0, 0, 0, 0, 0, 0, 0, 0, 0, 0, 0, 0, 0, 0, 0, 0, 0, 0, 0]}",25165824,0,{},25165824,12288,32768,Unpadded per-expert GEMMs; empty experts have zero arithmetic and no weight payload.
0,expert_probability_multiply,routing,"{""expert_outputs"": [8, 2048], ""routing_weights"": [8]}",0,16384,{},0,32912,32768,Probability broadcast reuses one value per assignment; int64 token/slot indices included.
0,expert_output_zero,routing,"{""output"": [1, 2048]}",0,0,{},0,0,4096,Reference initializes final_hidden_states to zero.
0,expert_index_add,routing,"{""weighted_outputs"": [8, 2048], ""combined_output"": [1, 2048]}",0,16384,{},0,65600,32768,"Reference index_add includes the first add into zero; destination read/update per assignment is logical payload, not measured HBM."
0,ffn_residual,residual,"{""inputs_each"": [1, 2048], ""output"": [1, 2048]}",0,2048,{},0,8192,4096,
1,input_layernorm,normalization,"{""input"": [1, 2048], ""weight"": [2048], ""output"": [1, 2048]}",0,8193,"{""rsqrt"": 1}",4096,4096,4096,按 FP32 行内归约的代数计数；rsqrt、类型转换与临时 FP32 张量分列／不推断 HBM spill。
1,q_proj,linear,"{""input"": [1, 2048], ""weight_math"": [2048, 4096], ""weight_storage"": [4096, 2048], ""output"": [1, 4096]}",16777216,0,{},16777216,4096,8192,独立 GEMM：权重与输入各读一次、输出写一次的操作数载荷；不预测 tile 重读。
1,k_proj,linear,"{""input"": [1, 2048], ""weight_math"": [2048, 512], ""weight_storage"": [512, 2048], ""output"": [1, 512]}",2097152,0,{},2097152,4096,1024,独立 GEMM：权重与输入各读一次、输出写一次的操作数载荷；不预测 tile 重读。
1,v_proj,linear,"{""input"": [1, 2048], ""weight_math"": [2048, 512], ""weight_storage"": [512, 2048], ""output"": [1, 512]}",2097152,0,{},2097152,4096,1024,独立 GEMM：权重与输入各读一次、输出写一次的操作数载荷；不预测 tile 重读。
1,q_norm,normalization,"{""input"": [32, 128], ""weight"": [128], ""output"": [32, 128]}",0,16416,"{""rsqrt"": 32}",256,8192,8192,按 FP32 行内归约的代数计数；rsqrt、类型转换与临时 FP32 张量分列／不推断 HBM spill。
1,k_norm,normalization,"{""input"": [4, 128], ""weight"": [128], ""output"": [4, 128]}",0,2052,"{""rsqrt"": 4}",256,1024,1024,按 FP32 行内归约的代数计数；rsqrt、类型转换与临时 FP32 张量分列／不推断 HBM spill。
1,apply_rope,position,"{""Q"": [1, 32, 1, 128], ""K"": [1, 4, 1, 128]}",0,13824,"{""negate"": 2304}",0,9728,9216,2 multiply + 1 add/元素，rotate_half 符号翻转分列；表按批／头理想复用。
1,kv_append,state,"{""new_K_and_V_each"": [1, 4, 1, 128]}",0,0,{},0,2048,2048,原位／分页 append 载荷；不假定动态 torch.cat 对旧缓存整段复制。
1,qk,attention,"{""Q"": [1, 32, 1, 128], ""K_shared"": [1, 4, 8193, 128], ""scores_rectangular"": [1, 32, 1, 8193]}",67117056,0,{},0,8397824,1048704,FLOPs 仅有效因果位置；载荷是假定 Q/K 各读一次、GQA 头共享，完整分数矩阵物化。
1,score_scale_mask_softmax,softmax,"{""scores"": [1, 32, 1, 8193]}",0,1048672,"{""exp"": 262176, ""compare_max"": 262144, ""mask_decisions"": 262176}",0,1048704,1048704,选择的融合 scale/mask/softmax 代数工作；屏蔽点不计 exp。物化 FP32 默认概率；非具体 eager trace。
1,pv,attention,"{""P"": [1, 32, 1, 8193], ""V_shared"": [1, 4, 8193, 128], ""output"": [1, 32, 1, 128]}",67117056,0,{},0,9438336,8192,PV/AV：各 Q 头仍计算；V 容量不乘 GQA 复制数。载荷假定 V 在头／查询之间理想复用。
1,o_proj,linear,"{""input"": [1, 4096], ""weight_math"": [4096, 2048], ""weight_storage"": [2048, 4096], ""output"": [1, 2048]}",16777216,0,{},16777216,8192,4096,独立 GEMM：权重与输入各读一次、输出写一次的操作数载荷；不预测 tile 重读。
1,attention_residual,residual,"{""inputs_each"": [1, 2048], ""output"": [1, 2048]}",0,2048,{},0,8192,4096,
1,post_attention_layernorm,normalization,"{""input"": [1, 2048], ""weight"": [2048], ""output"": [1, 2048]}",0,8193,"{""rsqrt"": 1}",4096,4096,4096,按 FP32 行内归约的代数计数；rsqrt、类型转换与临时 FP32 张量分列／不推断 HBM spill。
1,router,linear,"{""input"": [1, 2048], ""weight_math"": [2048, 128], ""weight_storage"": [128, 2048], ""output"": [1, 128]}",524288,0,{},524288,4096,256,独立 GEMM：权重与输入各读一次、输出写一次的操作数载荷；不预测 tile 重读。
1,router_softmax,routing,"{""input"": [1, 128], ""probabilities_fp32"": [1, 128]}",0,383,"{""exp"": 128, ""compare_max"": 127}",0,256,512,"FP32 softmax: subtract max, exp, reduction, divide; casts are not FLOPs."
1,router_topk,routing,"{""input_fp32"": [1, 128], ""values_fp32"": [1, 8], ""indices_int64"": [1, 8]}",0,0,"{""topk_rows"": 1, ""topk_candidates"": 128}",0,512,96,Top-k is an explicit selection primitive; candidate counts are not comparisons or FLOPs. Backend selection algorithm is unspecified.
1,router_renormalize_cast,routing,"{""selected_probabilities"": [1, 8]}",0,15,{},0,32,16,"Selected probabilities are renormalized if norm_topk_prob, then cast to activation dtype; row reduction assumed on-chip."
1,routing_one_hot,routing_metadata,"{""selected_int64"": [1, 8], ""mask_int64"": [1, 8, 128]}",0,0,"{""one_hot_entries"": 1024}",0,64,8192,Pinned HF reference materializes one_hot int64; this large routing mask is not assumed in optimized dispatch.
1,routing_where,routing_metadata,"{""mask_int64"": [128, 8, 1], ""top_x_and_slot_each"": [8]}",0,0,"{""integer_nonzero_tests"": 1024}",0,8192,128,Scan each expert mask; two int64 coordinates per assignment. Permute is a view.
1,expert_gather,routing,"{""source"": [1, 2048], ""gathered_rows"": [8, 2048]}",0,0,{},0,32832,32768,Logical gathers summed over experts; n_e and each concrete GEMM shape are in expert_matrices.
1,expert_gate_proj,linear,"{""input_per_expert"": [""n_e"", 2048], ""weight_storage_each"": [768, 2048], ""output_per_expert"": [""n_e"", 768], ""nonempty_experts"": 8, ""tokens_per_expert"": [1, 1, 1, 1, 1, 1, 1, 1, 0, 0, 0, 0, 0, 0, 0, 0, 0, 0, 0, 0, 0, 0, 0, 0, 0, 0, 0, 0, 0, 0, 0, 0, 0, 0, 0, 0, 0, 0, 0, 0, 0, 0, 0, 0, 0, 0, 0, 0, 0, 0, 0, 0, 0, 0, 0, 0, 0, 0, 0, 0, 0, 0, 0, 0, 0, 0, 0, 0, 0, 0, 0, 0, 0, 0, 0, 0, 0, 0, 0, 0, 0, 0, 0, 0, 0, 0, 0, 0, 0, 0, 0, 0, 0, 0, 0, 0, 0, 0, 0, 0, 0, 0, 0, 0, 0, 0, 0, 0, 0, 0, 0, 0, 0, 0, 0, 0, 0, 0, 0, 0, 0, 0, 0, 0, 0, 0, 0, 0]}",25165824,0,{},25165824,32768,12288,"Sum of unpadded per-expert GEMMs; each visited expert weight read once per layer, not once per token."
1,expert_up_proj,linear,"{""input_per_expert"": [""n_e"", 2048], ""weight_storage_each"": [768, 2048], ""output_per_expert"": [""n_e"", 768], ""nonempty_experts"": 8, ""tokens_per_expert"": [1, 1, 1, 1, 1, 1, 1, 1, 0, 0, 0, 0, 0, 0, 0, 0, 0, 0, 0, 0, 0, 0, 0, 0, 0, 0, 0, 0, 0, 0, 0, 0, 0, 0, 0, 0, 0, 0, 0, 0, 0, 0, 0, 0, 0, 0, 0, 0, 0, 0, 0, 0, 0, 0, 0, 0, 0, 0, 0, 0, 0, 0, 0, 0, 0, 0, 0, 0, 0, 0, 0, 0, 0, 0, 0, 0, 0, 0, 0, 0, 0, 0, 0, 0, 0, 0, 0, 0, 0, 0, 0, 0, 0, 0, 0, 0, 0, 0, 0, 0, 0, 0, 0, 0, 0, 0, 0, 0, 0, 0, 0, 0, 0, 0, 0, 0, 0, 0, 0, 0, 0, 0, 0, 0, 0, 0, 0, 0]}",25165824,0,{},25165824,32768,12288,"Sum of unpadded per-expert GEMMs; each visited expert weight read once per layer, not once per token."
1,expert_silu_mul,activation,"{""gate_and_up_each"": [8, 768]}",0,24576,"{""exp"": 6144, ""negate"": 6144}",0,24576,12288,
1,expert_down_proj,linear,"{""input_per_expert"": [""n_e"", 768], ""weight_storage_each"": [2048, 768], ""output_per_expert"": [""n_e"", 2048], ""nonempty_experts"": 8, ""tokens_per_expert"": [1, 1, 1, 1, 1, 1, 1, 1, 0, 0, 0, 0, 0, 0, 0, 0, 0, 0, 0, 0, 0, 0, 0, 0, 0, 0, 0, 0, 0, 0, 0, 0, 0, 0, 0, 0, 0, 0, 0, 0, 0, 0, 0, 0, 0, 0, 0, 0, 0, 0, 0, 0, 0, 0, 0, 0, 0, 0, 0, 0, 0, 0, 0, 0, 0, 0, 0, 0, 0, 0, 0, 0, 0, 0, 0, 0, 0, 0, 0, 0, 0, 0, 0, 0, 0, 0, 0, 0, 0, 0, 0, 0, 0, 0, 0, 0, 0, 0, 0, 0, 0, 0, 0, 0, 0, 0, 0, 0, 0, 0, 0, 0, 0, 0, 0, 0, 0, 0, 0, 0, 0, 0, 0, 0, 0, 0, 0, 0]}",25165824,0,{},25165824,12288,32768,Unpadded per-expert GEMMs; empty experts have zero arithmetic and no weight payload.
1,expert_probability_multiply,routing,"{""expert_outputs"": [8, 2048], ""routing_weights"": [8]}",0,16384,{},0,32912,32768,Probability broadcast reuses one value per assignment; int64 token/slot indices included.
1,expert_output_zero,routing,"{""output"": [1, 2048]}",0,0,{},0,0,4096,Reference initializes final_hidden_states to zero.
1,expert_index_add,routing,"{""weighted_outputs"": [8, 2048], ""combined_output"": [1, 2048]}",0,16384,{},0,65600,32768,"Reference index_add includes the first add into zero; destination read/update per assignment is logical payload, not measured HBM."
1,ffn_residual,residual,"{""inputs_each"": [1, 2048], ""output"": [1, 2048]}",0,2048,{},0,8192,4096,
2,input_layernorm,normalization,"{""input"": [1, 2048], ""weight"": [2048], ""output"": [1, 2048]}",0,8193,"{""rsqrt"": 1}",4096,4096,4096,按 FP32 行内归约的代数计数；rsqrt、类型转换与临时 FP32 张量分列／不推断 HBM spill。
2,q_proj,linear,"{""input"": [1, 2048], ""weight_math"": [2048, 4096], ""weight_storage"": [4096, 2048], ""output"": [1, 4096]}",16777216,0,{},16777216,4096,8192,独立 GEMM：权重与输入各读一次、输出写一次的操作数载荷；不预测 tile 重读。
2,k_proj,linear,"{""input"": [1, 2048], ""weight_math"": [2048, 512], ""weight_storage"": [512, 2048], ""output"": [1, 512]}",2097152,0,{},2097152,4096,1024,独立 GEMM：权重与输入各读一次、输出写一次的操作数载荷；不预测 tile 重读。
2,v_proj,linear,"{""input"": [1, 2048], ""weight_math"": [2048, 512], ""weight_storage"": [512, 2048], ""output"": [1, 512]}",2097152,0,{},2097152,4096,1024,独立 GEMM：权重与输入各读一次、输出写一次的操作数载荷；不预测 tile 重读。
2,q_norm,normalization,"{""input"": [32, 128], ""weight"": [128], ""output"": [32, 128]}",0,16416,"{""rsqrt"": 32}",256,8192,8192,按 FP32 行内归约的代数计数；rsqrt、类型转换与临时 FP32 张量分列／不推断 HBM spill。
2,k_norm,normalization,"{""input"": [4, 128], ""weight"": [128], ""output"": [4, 128]}",0,2052,"{""rsqrt"": 4}",256,1024,1024,按 FP32 行内归约的代数计数；rsqrt、类型转换与临时 FP32 张量分列／不推断 HBM spill。
2,apply_rope,position,"{""Q"": [1, 32, 1, 128], ""K"": [1, 4, 1, 128]}",0,13824,"{""negate"": 2304}",0,9728,9216,2 multiply + 1 add/元素，rotate_half 符号翻转分列；表按批／头理想复用。
2,kv_append,state,"{""new_K_and_V_each"": [1, 4, 1, 128]}",0,0,{},0,2048,2048,原位／分页 append 载荷；不假定动态 torch.cat 对旧缓存整段复制。
2,qk,attention,"{""Q"": [1, 32, 1, 128], ""K_shared"": [1, 4, 8193, 128], ""scores_rectangular"": [1, 32, 1, 8193]}",67117056,0,{},0,8397824,1048704,FLOPs 仅有效因果位置；载荷是假定 Q/K 各读一次、GQA 头共享，完整分数矩阵物化。
2,score_scale_mask_softmax,softmax,"{""scores"": [1, 32, 1, 8193]}",0,1048672,"{""exp"": 262176, ""compare_max"": 262144, ""mask_decisions"": 262176}",0,1048704,1048704,选择的融合 scale/mask/softmax 代数工作；屏蔽点不计 exp。物化 FP32 默认概率；非具体 eager trace。
2,pv,attention,"{""P"": [1, 32, 1, 8193], ""V_shared"": [1, 4, 8193, 128], ""output"": [1, 32, 1, 128]}",67117056,0,{},0,9438336,8192,PV/AV：各 Q 头仍计算；V 容量不乘 GQA 复制数。载荷假定 V 在头／查询之间理想复用。
2,o_proj,linear,"{""input"": [1, 4096], ""weight_math"": [4096, 2048], ""weight_storage"": [2048, 4096], ""output"": [1, 2048]}",16777216,0,{},16777216,8192,4096,独立 GEMM：权重与输入各读一次、输出写一次的操作数载荷；不预测 tile 重读。
2,attention_residual,residual,"{""inputs_each"": [1, 2048], ""output"": [1, 2048]}",0,2048,{},0,8192,4096,
2,post_attention_layernorm,normalization,"{""input"": [1, 2048], ""weight"": [2048], ""output"": [1, 2048]}",0,8193,"{""rsqrt"": 1}",4096,4096,4096,按 FP32 行内归约的代数计数；rsqrt、类型转换与临时 FP32 张量分列／不推断 HBM spill。
2,router,linear,"{""input"": [1, 2048], ""weight_math"": [2048, 128], ""weight_storage"": [128, 2048], ""output"": [1, 128]}",524288,0,{},524288,4096,256,独立 GEMM：权重与输入各读一次、输出写一次的操作数载荷；不预测 tile 重读。
2,router_softmax,routing,"{""input"": [1, 128], ""probabilities_fp32"": [1, 128]}",0,383,"{""exp"": 128, ""compare_max"": 127}",0,256,512,"FP32 softmax: subtract max, exp, reduction, divide; casts are not FLOPs."
2,router_topk,routing,"{""input_fp32"": [1, 128], ""values_fp32"": [1, 8], ""indices_int64"": [1, 8]}",0,0,"{""topk_rows"": 1, ""topk_candidates"": 128}",0,512,96,Top-k is an explicit selection primitive; candidate counts are not comparisons or FLOPs. Backend selection algorithm is unspecified.
2,router_renormalize_cast,routing,"{""selected_probabilities"": [1, 8]}",0,15,{},0,32,16,"Selected probabilities are renormalized if norm_topk_prob, then cast to activation dtype; row reduction assumed on-chip."
2,routing_one_hot,routing_metadata,"{""selected_int64"": [1, 8], ""mask_int64"": [1, 8, 128]}",0,0,"{""one_hot_entries"": 1024}",0,64,8192,Pinned HF reference materializes one_hot int64; this large routing mask is not assumed in optimized dispatch.
2,routing_where,routing_metadata,"{""mask_int64"": [128, 8, 1], ""top_x_and_slot_each"": [8]}",0,0,"{""integer_nonzero_tests"": 1024}",0,8192,128,Scan each expert mask; two int64 coordinates per assignment. Permute is a view.
2,expert_gather,routing,"{""source"": [1, 2048], ""gathered_rows"": [8, 2048]}",0,0,{},0,32832,32768,Logical gathers summed over experts; n_e and each concrete GEMM shape are in expert_matrices.
2,expert_gate_proj,linear,"{""input_per_expert"": [""n_e"", 2048], ""weight_storage_each"": [768, 2048], ""output_per_expert"": [""n_e"", 768], ""nonempty_experts"": 8, ""tokens_per_expert"": [1, 1, 1, 1, 1, 1, 1, 1, 0, 0, 0, 0, 0, 0, 0, 0, 0, 0, 0, 0, 0, 0, 0, 0, 0, 0, 0, 0, 0, 0, 0, 0, 0, 0, 0, 0, 0, 0, 0, 0, 0, 0, 0, 0, 0, 0, 0, 0, 0, 0, 0, 0, 0, 0, 0, 0, 0, 0, 0, 0, 0, 0, 0, 0, 0, 0, 0, 0, 0, 0, 0, 0, 0, 0, 0, 0, 0, 0, 0, 0, 0, 0, 0, 0, 0, 0, 0, 0, 0, 0, 0, 0, 0, 0, 0, 0, 0, 0, 0, 0, 0, 0, 0, 0, 0, 0, 0, 0, 0, 0, 0, 0, 0, 0, 0, 0, 0, 0, 0, 0, 0, 0, 0, 0, 0, 0, 0, 0]}",25165824,0,{},25165824,32768,12288,"Sum of unpadded per-expert GEMMs; each visited expert weight read once per layer, not once per token."
2,expert_up_proj,linear,"{""input_per_expert"": [""n_e"", 2048], ""weight_storage_each"": [768, 2048], ""output_per_expert"": [""n_e"", 768], ""nonempty_experts"": 8, ""tokens_per_expert"": [1, 1, 1, 1, 1, 1, 1, 1, 0, 0, 0, 0, 0, 0, 0, 0, 0, 0, 0, 0, 0, 0, 0, 0, 0, 0, 0, 0, 0, 0, 0, 0, 0, 0, 0, 0, 0, 0, 0, 0, 0, 0, 0, 0, 0, 0, 0, 0, 0, 0, 0, 0, 0, 0, 0, 0, 0, 0, 0, 0, 0, 0, 0, 0, 0, 0, 0, 0, 0, 0, 0, 0, 0, 0, 0, 0, 0, 0, 0, 0, 0, 0, 0, 0, 0, 0, 0, 0, 0, 0, 0, 0, 0, 0, 0, 0, 0, 0, 0, 0, 0, 0, 0, 0, 0, 0, 0, 0, 0, 0, 0, 0, 0, 0, 0, 0, 0, 0, 0, 0, 0, 0, 0, 0, 0, 0, 0, 0]}",25165824,0,{},25165824,32768,12288,"Sum of unpadded per-expert GEMMs; each visited expert weight read once per layer, not once per token."
2,expert_silu_mul,activation,"{""gate_and_up_each"": [8, 768]}",0,24576,"{""exp"": 6144, ""negate"": 6144}",0,24576,12288,
2,expert_down_proj,linear,"{""input_per_expert"": [""n_e"", 768], ""weight_storage_each"": [2048, 768], ""output_per_expert"": [""n_e"", 2048], ""nonempty_experts"": 8, ""tokens_per_expert"": [1, 1, 1, 1, 1, 1, 1, 1, 0, 0, 0, 0, 0, 0, 0, 0, 0, 0, 0, 0, 0, 0, 0, 0, 0, 0, 0, 0, 0, 0, 0, 0, 0, 0, 0, 0, 0, 0, 0, 0, 0, 0, 0, 0, 0, 0, 0, 0, 0, 0, 0, 0, 0, 0, 0, 0, 0, 0, 0, 0, 0, 0, 0, 0, 0, 0, 0, 0, 0, 0, 0, 0, 0, 0, 0, 0, 0, 0, 0, 0, 0, 0, 0, 0, 0, 0, 0, 0, 0, 0, 0, 0, 0, 0, 0, 0, 0, 0, 0, 0, 0, 0, 0, 0, 0, 0, 0, 0, 0, 0, 0, 0, 0, 0, 0, 0, 0, 0, 0, 0, 0, 0, 0, 0, 0, 0, 0, 0]}",25165824,0,{},25165824,12288,32768,Unpadded per-expert GEMMs; empty experts have zero arithmetic and no weight payload.
2,expert_probability_multiply,routing,"{""expert_outputs"": [8, 2048], ""routing_weights"": [8]}",0,16384,{},0,32912,32768,Probability broadcast reuses one value per assignment; int64 token/slot indices included.
2,expert_output_zero,routing,"{""output"": [1, 2048]}",0,0,{},0,0,4096,Reference initializes final_hidden_states to zero.
2,expert_index_add,routing,"{""weighted_outputs"": [8, 2048], ""combined_output"": [1, 2048]}",0,16384,{},0,65600,32768,"Reference index_add includes the first add into zero; destination read/update per assignment is logical payload, not measured HBM."
2,ffn_residual,residual,"{""inputs_each"": [1, 2048], ""output"": [1, 2048]}",0,2048,{},0,8192,4096,
3,input_layernorm,normalization,"{""input"": [1, 2048], ""weight"": [2048], ""output"": [1, 2048]}",0,8193,"{""rsqrt"": 1}",4096,4096,4096,按 FP32 行内归约的代数计数；rsqrt、类型转换与临时 FP32 张量分列／不推断 HBM spill。
3,q_proj,linear,"{""input"": [1, 2048], ""weight_math"": [2048, 4096], ""weight_storage"": [4096, 2048], ""output"": [1, 4096]}",16777216,0,{},16777216,4096,8192,独立 GEMM：权重与输入各读一次、输出写一次的操作数载荷；不预测 tile 重读。
3,k_proj,linear,"{""input"": [1, 2048], ""weight_math"": [2048, 512], ""weight_storage"": [512, 2048], ""output"": [1, 512]}",2097152,0,{},2097152,4096,1024,独立 GEMM：权重与输入各读一次、输出写一次的操作数载荷；不预测 tile 重读。
3,v_proj,linear,"{""input"": [1, 2048], ""weight_math"": [2048, 512], ""weight_storage"": [512, 2048], ""output"": [1, 512]}",2097152,0,{},2097152,4096,1024,独立 GEMM：权重与输入各读一次、输出写一次的操作数载荷；不预测 tile 重读。
3,q_norm,normalization,"{""input"": [32, 128], ""weight"": [128], ""output"": [32, 128]}",0,16416,"{""rsqrt"": 32}",256,8192,8192,按 FP32 行内归约的代数计数；rsqrt、类型转换与临时 FP32 张量分列／不推断 HBM spill。
3,k_norm,normalization,"{""input"": [4, 128], ""weight"": [128], ""output"": [4, 128]}",0,2052,"{""rsqrt"": 4}",256,1024,1024,按 FP32 行内归约的代数计数；rsqrt、类型转换与临时 FP32 张量分列／不推断 HBM spill。
3,apply_rope,position,"{""Q"": [1, 32, 1, 128], ""K"": [1, 4, 1, 128]}",0,13824,"{""negate"": 2304}",0,9728,9216,2 multiply + 1 add/元素，rotate_half 符号翻转分列；表按批／头理想复用。
3,kv_append,state,"{""new_K_and_V_each"": [1, 4, 1, 128]}",0,0,{},0,2048,2048,原位／分页 append 载荷；不假定动态 torch.cat 对旧缓存整段复制。
3,qk,attention,"{""Q"": [1, 32, 1, 128], ""K_shared"": [1, 4, 8193, 128], ""scores_rectangular"": [1, 32, 1, 8193]}",67117056,0,{},0,8397824,1048704,FLOPs 仅有效因果位置；载荷是假定 Q/K 各读一次、GQA 头共享，完整分数矩阵物化。
3,score_scale_mask_softmax,softmax,"{""scores"": [1, 32, 1, 8193]}",0,1048672,"{""exp"": 262176, ""compare_max"": 262144, ""mask_decisions"": 262176}",0,1048704,1048704,选择的融合 scale/mask/softmax 代数工作；屏蔽点不计 exp。物化 FP32 默认概率；非具体 eager trace。
3,pv,attention,"{""P"": [1, 32, 1, 8193], ""V_shared"": [1, 4, 8193, 128], ""output"": [1, 32, 1, 128]}",67117056,0,{},0,9438336,8192,PV/AV：各 Q 头仍计算；V 容量不乘 GQA 复制数。载荷假定 V 在头／查询之间理想复用。
3,o_proj,linear,"{""input"": [1, 4096], ""weight_math"": [4096, 2048], ""weight_storage"": [2048, 4096], ""output"": [1, 2048]}",16777216,0,{},16777216,8192,4096,独立 GEMM：权重与输入各读一次、输出写一次的操作数载荷；不预测 tile 重读。
3,attention_residual,residual,"{""inputs_each"": [1, 2048], ""output"": [1, 2048]}",0,2048,{},0,8192,4096,
3,post_attention_layernorm,normalization,"{""input"": [1, 2048], ""weight"": [2048], ""output"": [1, 2048]}",0,8193,"{""rsqrt"": 1}",4096,4096,4096,按 FP32 行内归约的代数计数；rsqrt、类型转换与临时 FP32 张量分列／不推断 HBM spill。
3,router,linear,"{""input"": [1, 2048], ""weight_math"": [2048, 128], ""weight_storage"": [128, 2048], ""output"": [1, 128]}",524288,0,{},524288,4096,256,独立 GEMM：权重与输入各读一次、输出写一次的操作数载荷；不预测 tile 重读。
3,router_softmax,routing,"{""input"": [1, 128], ""probabilities_fp32"": [1, 128]}",0,383,"{""exp"": 128, ""compare_max"": 127}",0,256,512,"FP32 softmax: subtract max, exp, reduction, divide; casts are not FLOPs."
3,router_topk,routing,"{""input_fp32"": [1, 128], ""values_fp32"": [1, 8], ""indices_int64"": [1, 8]}",0,0,"{""topk_rows"": 1, ""topk_candidates"": 128}",0,512,96,Top-k is an explicit selection primitive; candidate counts are not comparisons or FLOPs. Backend selection algorithm is unspecified.
3,router_renormalize_cast,routing,"{""selected_probabilities"": [1, 8]}",0,15,{},0,32,16,"Selected probabilities are renormalized if norm_topk_prob, then cast to activation dtype; row reduction assumed on-chip."
3,routing_one_hot,routing_metadata,"{""selected_int64"": [1, 8], ""mask_int64"": [1, 8, 128]}",0,0,"{""one_hot_entries"": 1024}",0,64,8192,Pinned HF reference materializes one_hot int64; this large routing mask is not assumed in optimized dispatch.
3,routing_where,routing_metadata,"{""mask_int64"": [128, 8, 1], ""top_x_and_slot_each"": [8]}",0,0,"{""integer_nonzero_tests"": 1024}",0,8192,128,Scan each expert mask; two int64 coordinates per assignment. Permute is a view.
3,expert_gather,routing,"{""source"": [1, 2048], ""gathered_rows"": [8, 2048]}",0,0,{},0,32832,32768,Logical gathers summed over experts; n_e and each concrete GEMM shape are in expert_matrices.
3,expert_gate_proj,linear,"{""input_per_expert"": [""n_e"", 2048], ""weight_storage_each"": [768, 2048], ""output_per_expert"": [""n_e"", 768], ""nonempty_experts"": 8, ""tokens_per_expert"": [1, 1, 1, 1, 1, 1, 1, 1, 0, 0, 0, 0, 0, 0, 0, 0, 0, 0, 0, 0, 0, 0, 0, 0, 0, 0, 0, 0, 0, 0, 0, 0, 0, 0, 0, 0, 0, 0, 0, 0, 0, 0, 0, 0, 0, 0, 0, 0, 0, 0, 0, 0, 0, 0, 0, 0, 0, 0, 0, 0, 0, 0, 0, 0, 0, 0, 0, 0, 0, 0, 0, 0, 0, 0, 0, 0, 0, 0, 0, 0, 0, 0, 0, 0, 0, 0, 0, 0, 0, 0, 0, 0, 0, 0, 0, 0, 0, 0, 0, 0, 0, 0, 0, 0, 0, 0, 0, 0, 0, 0, 0, 0, 0, 0, 0, 0, 0, 0, 0, 0, 0, 0, 0, 0, 0, 0, 0, 0]}",25165824,0,{},25165824,32768,12288,"Sum of unpadded per-expert GEMMs; each visited expert weight read once per layer, not once per token."
3,expert_up_proj,linear,"{""input_per_expert"": [""n_e"", 2048], ""weight_storage_each"": [768, 2048], ""output_per_expert"": [""n_e"", 768], ""nonempty_experts"": 8, ""tokens_per_expert"": [1, 1, 1, 1, 1, 1, 1, 1, 0, 0, 0, 0, 0, 0, 0, 0, 0, 0, 0, 0, 0, 0, 0, 0, 0, 0, 0, 0, 0, 0, 0, 0, 0, 0, 0, 0, 0, 0, 0, 0, 0, 0, 0, 0, 0, 0, 0, 0, 0, 0, 0, 0, 0, 0, 0, 0, 0, 0, 0, 0, 0, 0, 0, 0, 0, 0, 0, 0, 0, 0, 0, 0, 0, 0, 0, 0, 0, 0, 0, 0, 0, 0, 0, 0, 0, 0, 0, 0, 0, 0, 0, 0, 0, 0, 0, 0, 0, 0, 0, 0, 0, 0, 0, 0, 0, 0, 0, 0, 0, 0, 0, 0, 0, 0, 0, 0, 0, 0, 0, 0, 0, 0, 0, 0, 0, 0, 0, 0]}",25165824,0,{},25165824,32768,12288,"Sum of unpadded per-expert GEMMs; each visited expert weight read once per layer, not once per token."
3,expert_silu_mul,activation,"{""gate_and_up_each"": [8, 768]}",0,24576,"{""exp"": 6144, ""negate"": 6144}",0,24576,12288,
3,expert_down_proj,linear,"{""input_per_expert"": [""n_e"", 768], ""weight_storage_each"": [2048, 768], ""output_per_expert"": [""n_e"", 2048], ""nonempty_experts"": 8, ""tokens_per_expert"": [1, 1, 1, 1, 1, 1, 1, 1, 0, 0, 0, 0, 0, 0, 0, 0, 0, 0, 0, 0, 0, 0, 0, 0, 0, 0, 0, 0, 0, 0, 0, 0, 0, 0, 0, 0, 0, 0, 0, 0, 0, 0, 0, 0, 0, 0, 0, 0, 0, 0, 0, 0, 0, 0, 0, 0, 0, 0, 0, 0, 0, 0, 0, 0, 0, 0, 0, 0, 0, 0, 0, 0, 0, 0, 0, 0, 0, 0, 0, 0, 0, 0, 0, 0, 0, 0, 0, 0, 0, 0, 0, 0, 0, 0, 0, 0, 0, 0, 0, 0, 0, 0, 0, 0, 0, 0, 0, 0, 0, 0, 0, 0, 0, 0, 0, 0, 0, 0, 0, 0, 0, 0, 0, 0, 0, 0, 0, 0]}",25165824,0,{},25165824,12288,32768,Unpadded per-expert GEMMs; empty experts have zero arithmetic and no weight payload.
3,expert_probability_multiply,routing,"{""expert_outputs"": [8, 2048], ""routing_weights"": [8]}",0,16384,{},0,32912,32768,Probability broadcast reuses one value per assignment; int64 token/slot indices included.
3,expert_output_zero,routing,"{""output"": [1, 2048]}",0,0,{},0,0,4096,Reference initializes final_hidden_states to zero.
3,expert_index_add,routing,"{""weighted_outputs"": [8, 2048], ""combined_output"": [1, 2048]}",0,16384,{},0,65600,32768,"Reference index_add includes the first add into zero; destination read/update per assignment is logical payload, not measured HBM."
3,ffn_residual,residual,"{""inputs_each"": [1, 2048], ""output"": [1, 2048]}",0,2048,{},0,8192,4096,
4,input_layernorm,normalization,"{""input"": [1, 2048], ""weight"": [2048], ""output"": [1, 2048]}",0,8193,"{""rsqrt"": 1}",4096,4096,4096,按 FP32 行内归约的代数计数；rsqrt、类型转换与临时 FP32 张量分列／不推断 HBM spill。
4,q_proj,linear,"{""input"": [1, 2048], ""weight_math"": [2048, 4096], ""weight_storage"": [4096, 2048], ""output"": [1, 4096]}",16777216,0,{},16777216,4096,8192,独立 GEMM：权重与输入各读一次、输出写一次的操作数载荷；不预测 tile 重读。
4,k_proj,linear,"{""input"": [1, 2048], ""weight_math"": [2048, 512], ""weight_storage"": [512, 2048], ""output"": [1, 512]}",2097152,0,{},2097152,4096,1024,独立 GEMM：权重与输入各读一次、输出写一次的操作数载荷；不预测 tile 重读。
4,v_proj,linear,"{""input"": [1, 2048], ""weight_math"": [2048, 512], ""weight_storage"": [512, 2048], ""output"": [1, 512]}",2097152,0,{},2097152,4096,1024,独立 GEMM：权重与输入各读一次、输出写一次的操作数载荷；不预测 tile 重读。
4,q_norm,normalization,"{""input"": [32, 128], ""weight"": [128], ""output"": [32, 128]}",0,16416,"{""rsqrt"": 32}",256,8192,8192,按 FP32 行内归约的代数计数；rsqrt、类型转换与临时 FP32 张量分列／不推断 HBM spill。
4,k_norm,normalization,"{""input"": [4, 128], ""weight"": [128], ""output"": [4, 128]}",0,2052,"{""rsqrt"": 4}",256,1024,1024,按 FP32 行内归约的代数计数；rsqrt、类型转换与临时 FP32 张量分列／不推断 HBM spill。
4,apply_rope,position,"{""Q"": [1, 32, 1, 128], ""K"": [1, 4, 1, 128]}",0,13824,"{""negate"": 2304}",0,9728,9216,2 multiply + 1 add/元素，rotate_half 符号翻转分列；表按批／头理想复用。
4,kv_append,state,"{""new_K_and_V_each"": [1, 4, 1, 128]}",0,0,{},0,2048,2048,原位／分页 append 载荷；不假定动态 torch.cat 对旧缓存整段复制。
4,qk,attention,"{""Q"": [1, 32, 1, 128], ""K_shared"": [1, 4, 8193, 128], ""scores_rectangular"": [1, 32, 1, 8193]}",67117056,0,{},0,8397824,1048704,FLOPs 仅有效因果位置；载荷是假定 Q/K 各读一次、GQA 头共享，完整分数矩阵物化。
4,score_scale_mask_softmax,softmax,"{""scores"": [1, 32, 1, 8193]}",0,1048672,"{""exp"": 262176, ""compare_max"": 262144, ""mask_decisions"": 262176}",0,1048704,1048704,选择的融合 scale/mask/softmax 代数工作；屏蔽点不计 exp。物化 FP32 默认概率；非具体 eager trace。
4,pv,attention,"{""P"": [1, 32, 1, 8193], ""V_shared"": [1, 4, 8193, 128], ""output"": [1, 32, 1, 128]}",67117056,0,{},0,9438336,8192,PV/AV：各 Q 头仍计算；V 容量不乘 GQA 复制数。载荷假定 V 在头／查询之间理想复用。
4,o_proj,linear,"{""input"": [1, 4096], ""weight_math"": [4096, 2048], ""weight_storage"": [2048, 4096], ""output"": [1, 2048]}",16777216,0,{},16777216,8192,4096,独立 GEMM：权重与输入各读一次、输出写一次的操作数载荷；不预测 tile 重读。
4,attention_residual,residual,"{""inputs_each"": [1, 2048], ""output"": [1, 2048]}",0,2048,{},0,8192,4096,
4,post_attention_layernorm,normalization,"{""input"": [1, 2048], ""weight"": [2048], ""output"": [1, 2048]}",0,8193,"{""rsqrt"": 1}",4096,4096,4096,按 FP32 行内归约的代数计数；rsqrt、类型转换与临时 FP32 张量分列／不推断 HBM spill。
4,router,linear,"{""input"": [1, 2048], ""weight_math"": [2048, 128], ""weight_storage"": [128, 2048], ""output"": [1, 128]}",524288,0,{},524288,4096,256,独立 GEMM：权重与输入各读一次、输出写一次的操作数载荷；不预测 tile 重读。
4,router_softmax,routing,"{""input"": [1, 128], ""probabilities_fp32"": [1, 128]}",0,383,"{""exp"": 128, ""compare_max"": 127}",0,256,512,"FP32 softmax: subtract max, exp, reduction, divide; casts are not FLOPs."
4,router_topk,routing,"{""input_fp32"": [1, 128], ""values_fp32"": [1, 8], ""indices_int64"": [1, 8]}",0,0,"{""topk_rows"": 1, ""topk_candidates"": 128}",0,512,96,Top-k is an explicit selection primitive; candidate counts are not comparisons or FLOPs. Backend selection algorithm is unspecified.
4,router_renormalize_cast,routing,"{""selected_probabilities"": [1, 8]}",0,15,{},0,32,16,"Selected probabilities are renormalized if norm_topk_prob, then cast to activation dtype; row reduction assumed on-chip."
4,routing_one_hot,routing_metadata,"{""selected_int64"": [1, 8], ""mask_int64"": [1, 8, 128]}",0,0,"{""one_hot_entries"": 1024}",0,64,8192,Pinned HF reference materializes one_hot int64; this large routing mask is not assumed in optimized dispatch.
4,routing_where,routing_metadata,"{""mask_int64"": [128, 8, 1], ""top_x_and_slot_each"": [8]}",0,0,"{""integer_nonzero_tests"": 1024}",0,8192,128,Scan each expert mask; two int64 coordinates per assignment. Permute is a view.
4,expert_gather,routing,"{""source"": [1, 2048], ""gathered_rows"": [8, 2048]}",0,0,{},0,32832,32768,Logical gathers summed over experts; n_e and each concrete GEMM shape are in expert_matrices.
4,expert_gate_proj,linear,"{""input_per_expert"": [""n_e"", 2048], ""weight_storage_each"": [768, 2048], ""output_per_expert"": [""n_e"", 768], ""nonempty_experts"": 8, ""tokens_per_expert"": [1, 1, 1, 1, 1, 1, 1, 1, 0, 0, 0, 0, 0, 0, 0, 0, 0, 0, 0, 0, 0, 0, 0, 0, 0, 0, 0, 0, 0, 0, 0, 0, 0, 0, 0, 0, 0, 0, 0, 0, 0, 0, 0, 0, 0, 0, 0, 0, 0, 0, 0, 0, 0, 0, 0, 0, 0, 0, 0, 0, 0, 0, 0, 0, 0, 0, 0, 0, 0, 0, 0, 0, 0, 0, 0, 0, 0, 0, 0, 0, 0, 0, 0, 0, 0, 0, 0, 0, 0, 0, 0, 0, 0, 0, 0, 0, 0, 0, 0, 0, 0, 0, 0, 0, 0, 0, 0, 0, 0, 0, 0, 0, 0, 0, 0, 0, 0, 0, 0, 0, 0, 0, 0, 0, 0, 0, 0, 0]}",25165824,0,{},25165824,32768,12288,"Sum of unpadded per-expert GEMMs; each visited expert weight read once per layer, not once per token."
4,expert_up_proj,linear,"{""input_per_expert"": [""n_e"", 2048], ""weight_storage_each"": [768, 2048], ""output_per_expert"": [""n_e"", 768], ""nonempty_experts"": 8, ""tokens_per_expert"": [1, 1, 1, 1, 1, 1, 1, 1, 0, 0, 0, 0, 0, 0, 0, 0, 0, 0, 0, 0, 0, 0, 0, 0, 0, 0, 0, 0, 0, 0, 0, 0, 0, 0, 0, 0, 0, 0, 0, 0, 0, 0, 0, 0, 0, 0, 0, 0, 0, 0, 0, 0, 0, 0, 0, 0, 0, 0, 0, 0, 0, 0, 0, 0, 0, 0, 0, 0, 0, 0, 0, 0, 0, 0, 0, 0, 0, 0, 0, 0, 0, 0, 0, 0, 0, 0, 0, 0, 0, 0, 0, 0, 0, 0, 0, 0, 0, 0, 0, 0, 0, 0, 0, 0, 0, 0, 0, 0, 0, 0, 0, 0, 0, 0, 0, 0, 0, 0, 0, 0, 0, 0, 0, 0, 0, 0, 0, 0]}",25165824,0,{},25165824,32768,12288,"Sum of unpadded per-expert GEMMs; each visited expert weight read once per layer, not once per token."
4,expert_silu_mul,activation,"{""gate_and_up_each"": [8, 768]}",0,24576,"{""exp"": 6144, ""negate"": 6144}",0,24576,12288,
4,expert_down_proj,linear,"{""input_per_expert"": [""n_e"", 768], ""weight_storage_each"": [2048, 768], ""output_per_expert"": [""n_e"", 2048], ""nonempty_experts"": 8, ""tokens_per_expert"": [1, 1, 1, 1, 1, 1, 1, 1, 0, 0, 0, 0, 0, 0, 0, 0, 0, 0, 0, 0, 0, 0, 0, 0, 0, 0, 0, 0, 0, 0, 0, 0, 0, 0, 0, 0, 0, 0, 0, 0, 0, 0, 0, 0, 0, 0, 0, 0, 0, 0, 0, 0, 0, 0, 0, 0, 0, 0, 0, 0, 0, 0, 0, 0, 0, 0, 0, 0, 0, 0, 0, 0, 0, 0, 0, 0, 0, 0, 0, 0, 0, 0, 0, 0, 0, 0, 0, 0, 0, 0, 0, 0, 0, 0, 0, 0, 0, 0, 0, 0, 0, 0, 0, 0, 0, 0, 0, 0, 0, 0, 0, 0, 0, 0, 0, 0, 0, 0, 0, 0, 0, 0, 0, 0, 0, 0, 0, 0]}",25165824,0,{},25165824,12288,32768,Unpadded per-expert GEMMs; empty experts have zero arithmetic and no weight payload.
4,expert_probability_multiply,routing,"{""expert_outputs"": [8, 2048], ""routing_weights"": [8]}",0,16384,{},0,32912,32768,Probability broadcast reuses one value per assignment; int64 token/slot indices included.
4,expert_output_zero,routing,"{""output"": [1, 2048]}",0,0,{},0,0,4096,Reference initializes final_hidden_states to zero.
4,expert_index_add,routing,"{""weighted_outputs"": [8, 2048], ""combined_output"": [1, 2048]}",0,16384,{},0,65600,32768,"Reference index_add includes the first add into zero; destination read/update per assignment is logical payload, not measured HBM."
4,ffn_residual,residual,"{""inputs_each"": [1, 2048], ""output"": [1, 2048]}",0,2048,{},0,8192,4096,
5,input_layernorm,normalization,"{""input"": [1, 2048], ""weight"": [2048], ""output"": [1, 2048]}",0,8193,"{""rsqrt"": 1}",4096,4096,4096,按 FP32 行内归约的代数计数；rsqrt、类型转换与临时 FP32 张量分列／不推断 HBM spill。
5,q_proj,linear,"{""input"": [1, 2048], ""weight_math"": [2048, 4096], ""weight_storage"": [4096, 2048], ""output"": [1, 4096]}",16777216,0,{},16777216,4096,8192,独立 GEMM：权重与输入各读一次、输出写一次的操作数载荷；不预测 tile 重读。
5,k_proj,linear,"{""input"": [1, 2048], ""weight_math"": [2048, 512], ""weight_storage"": [512, 2048], ""output"": [1, 512]}",2097152,0,{},2097152,4096,1024,独立 GEMM：权重与输入各读一次、输出写一次的操作数载荷；不预测 tile 重读。
5,v_proj,linear,"{""input"": [1, 2048], ""weight_math"": [2048, 512], ""weight_storage"": [512, 2048], ""output"": [1, 512]}",2097152,0,{},2097152,4096,1024,独立 GEMM：权重与输入各读一次、输出写一次的操作数载荷；不预测 tile 重读。
5,q_norm,normalization,"{""input"": [32, 128], ""weight"": [128], ""output"": [32, 128]}",0,16416,"{""rsqrt"": 32}",256,8192,8192,按 FP32 行内归约的代数计数；rsqrt、类型转换与临时 FP32 张量分列／不推断 HBM spill。
5,k_norm,normalization,"{""input"": [4, 128], ""weight"": [128], ""output"": [4, 128]}",0,2052,"{""rsqrt"": 4}",256,1024,1024,按 FP32 行内归约的代数计数；rsqrt、类型转换与临时 FP32 张量分列／不推断 HBM spill。
5,apply_rope,position,"{""Q"": [1, 32, 1, 128], ""K"": [1, 4, 1, 128]}",0,13824,"{""negate"": 2304}",0,9728,9216,2 multiply + 1 add/元素，rotate_half 符号翻转分列；表按批／头理想复用。
5,kv_append,state,"{""new_K_and_V_each"": [1, 4, 1, 128]}",0,0,{},0,2048,2048,原位／分页 append 载荷；不假定动态 torch.cat 对旧缓存整段复制。
5,qk,attention,"{""Q"": [1, 32, 1, 128], ""K_shared"": [1, 4, 8193, 128], ""scores_rectangular"": [1, 32, 1, 8193]}",67117056,0,{},0,8397824,1048704,FLOPs 仅有效因果位置；载荷是假定 Q/K 各读一次、GQA 头共享，完整分数矩阵物化。
5,score_scale_mask_softmax,softmax,"{""scores"": [1, 32, 1, 8193]}",0,1048672,"{""exp"": 262176, ""compare_max"": 262144, ""mask_decisions"": 262176}",0,1048704,1048704,选择的融合 scale/mask/softmax 代数工作；屏蔽点不计 exp。物化 FP32 默认概率；非具体 eager trace。
5,pv,attention,"{""P"": [1, 32, 1, 8193], ""V_shared"": [1, 4, 8193, 128], ""output"": [1, 32, 1, 128]}",67117056,0,{},0,9438336,8192,PV/AV：各 Q 头仍计算；V 容量不乘 GQA 复制数。载荷假定 V 在头／查询之间理想复用。
5,o_proj,linear,"{""input"": [1, 4096], ""weight_math"": [4096, 2048], ""weight_storage"": [2048, 4096], ""output"": [1, 2048]}",16777216,0,{},16777216,8192,4096,独立 GEMM：权重与输入各读一次、输出写一次的操作数载荷；不预测 tile 重读。
5,attention_residual,residual,"{""inputs_each"": [1, 2048], ""output"": [1, 2048]}",0,2048,{},0,8192,4096,
5,post_attention_layernorm,normalization,"{""input"": [1, 2048], ""weight"": [2048], ""output"": [1, 2048]}",0,8193,"{""rsqrt"": 1}",4096,4096,4096,按 FP32 行内归约的代数计数；rsqrt、类型转换与临时 FP32 张量分列／不推断 HBM spill。
5,router,linear,"{""input"": [1, 2048], ""weight_math"": [2048, 128], ""weight_storage"": [128, 2048], ""output"": [1, 128]}",524288,0,{},524288,4096,256,独立 GEMM：权重与输入各读一次、输出写一次的操作数载荷；不预测 tile 重读。
5,router_softmax,routing,"{""input"": [1, 128], ""probabilities_fp32"": [1, 128]}",0,383,"{""exp"": 128, ""compare_max"": 127}",0,256,512,"FP32 softmax: subtract max, exp, reduction, divide; casts are not FLOPs."
5,router_topk,routing,"{""input_fp32"": [1, 128], ""values_fp32"": [1, 8], ""indices_int64"": [1, 8]}",0,0,"{""topk_rows"": 1, ""topk_candidates"": 128}",0,512,96,Top-k is an explicit selection primitive; candidate counts are not comparisons or FLOPs. Backend selection algorithm is unspecified.
5,router_renormalize_cast,routing,"{""selected_probabilities"": [1, 8]}",0,15,{},0,32,16,"Selected probabilities are renormalized if norm_topk_prob, then cast to activation dtype; row reduction assumed on-chip."
5,routing_one_hot,routing_metadata,"{""selected_int64"": [1, 8], ""mask_int64"": [1, 8, 128]}",0,0,"{""one_hot_entries"": 1024}",0,64,8192,Pinned HF reference materializes one_hot int64; this large routing mask is not assumed in optimized dispatch.
5,routing_where,routing_metadata,"{""mask_int64"": [128, 8, 1], ""top_x_and_slot_each"": [8]}",0,0,"{""integer_nonzero_tests"": 1024}",0,8192,128,Scan each expert mask; two int64 coordinates per assignment. Permute is a view.
5,expert_gather,routing,"{""source"": [1, 2048], ""gathered_rows"": [8, 2048]}",0,0,{},0,32832,32768,Logical gathers summed over experts; n_e and each concrete GEMM shape are in expert_matrices.
5,expert_gate_proj,linear,"{""input_per_expert"": [""n_e"", 2048], ""weight_storage_each"": [768, 2048], ""output_per_expert"": [""n_e"", 768], ""nonempty_experts"": 8, ""tokens_per_expert"": [1, 1, 1, 1, 1, 1, 1, 1, 0, 0, 0, 0, 0, 0, 0, 0, 0, 0, 0, 0, 0, 0, 0, 0, 0, 0, 0, 0, 0, 0, 0, 0, 0, 0, 0, 0, 0, 0, 0, 0, 0, 0, 0, 0, 0, 0, 0, 0, 0, 0, 0, 0, 0, 0, 0, 0, 0, 0, 0, 0, 0, 0, 0, 0, 0, 0, 0, 0, 0, 0, 0, 0, 0, 0, 0, 0, 0, 0, 0, 0, 0, 0, 0, 0, 0, 0, 0, 0, 0, 0, 0, 0, 0, 0, 0, 0, 0, 0, 0, 0, 0, 0, 0, 0, 0, 0, 0, 0, 0, 0, 0, 0, 0, 0, 0, 0, 0, 0, 0, 0, 0, 0, 0, 0, 0, 0, 0, 0]}",25165824,0,{},25165824,32768,12288,"Sum of unpadded per-expert GEMMs; each visited expert weight read once per layer, not once per token."
5,expert_up_proj,linear,"{""input_per_expert"": [""n_e"", 2048], ""weight_storage_each"": [768, 2048], ""output_per_expert"": [""n_e"", 768], ""nonempty_experts"": 8, ""tokens_per_expert"": [1, 1, 1, 1, 1, 1, 1, 1, 0, 0, 0, 0, 0, 0, 0, 0, 0, 0, 0, 0, 0, 0, 0, 0, 0, 0, 0, 0, 0, 0, 0, 0, 0, 0, 0, 0, 0, 0, 0, 0, 0, 0, 0, 0, 0, 0, 0, 0, 0, 0, 0, 0, 0, 0, 0, 0, 0, 0, 0, 0, 0, 0, 0, 0, 0, 0, 0, 0, 0, 0, 0, 0, 0, 0, 0, 0, 0, 0, 0, 0, 0, 0, 0, 0, 0, 0, 0, 0, 0, 0, 0, 0, 0, 0, 0, 0, 0, 0, 0, 0, 0, 0, 0, 0, 0, 0, 0, 0, 0, 0, 0, 0, 0, 0, 0, 0, 0, 0, 0, 0, 0, 0, 0, 0, 0, 0, 0, 0]}",25165824,0,{},25165824,32768,12288,"Sum of unpadded per-expert GEMMs; each visited expert weight read once per layer, not once per token."
5,expert_silu_mul,activation,"{""gate_and_up_each"": [8, 768]}",0,24576,"{""exp"": 6144, ""negate"": 6144}",0,24576,12288,
5,expert_down_proj,linear,"{""input_per_expert"": [""n_e"", 768], ""weight_storage_each"": [2048, 768], ""output_per_expert"": [""n_e"", 2048], ""nonempty_experts"": 8, ""tokens_per_expert"": [1, 1, 1, 1, 1, 1, 1, 1, 0, 0, 0, 0, 0, 0, 0, 0, 0, 0, 0, 0, 0, 0, 0, 0, 0, 0, 0, 0, 0, 0, 0, 0, 0, 0, 0, 0, 0, 0, 0, 0, 0, 0, 0, 0, 0, 0, 0, 0, 0, 0, 0, 0, 0, 0, 0, 0, 0, 0, 0, 0, 0, 0, 0, 0, 0, 0, 0, 0, 0, 0, 0, 0, 0, 0, 0, 0, 0, 0, 0, 0, 0, 0, 0, 0, 0, 0, 0, 0, 0, 0, 0, 0, 0, 0, 0, 0, 0, 0, 0, 0, 0, 0, 0, 0, 0, 0, 0, 0, 0, 0, 0, 0, 0, 0, 0, 0, 0, 0, 0, 0, 0, 0, 0, 0, 0, 0, 0, 0]}",25165824,0,{},25165824,12288,32768,Unpadded per-expert GEMMs; empty experts have zero arithmetic and no weight payload.
5,expert_probability_multiply,routing,"{""expert_outputs"": [8, 2048], ""routing_weights"": [8]}",0,16384,{},0,32912,32768,Probability broadcast reuses one value per assignment; int64 token/slot indices included.
5,expert_output_zero,routing,"{""output"": [1, 2048]}",0,0,{},0,0,4096,Reference initializes final_hidden_states to zero.
5,expert_index_add,routing,"{""weighted_outputs"": [8, 2048], ""combined_output"": [1, 2048]}",0,16384,{},0,65600,32768,"Reference index_add includes the first add into zero; destination read/update per assignment is logical payload, not measured HBM."
5,ffn_residual,residual,"{""inputs_each"": [1, 2048], ""output"": [1, 2048]}",0,2048,{},0,8192,4096,
6,input_layernorm,normalization,"{""input"": [1, 2048], ""weight"": [2048], ""output"": [1, 2048]}",0,8193,"{""rsqrt"": 1}",4096,4096,4096,按 FP32 行内归约的代数计数；rsqrt、类型转换与临时 FP32 张量分列／不推断 HBM spill。
6,q_proj,linear,"{""input"": [1, 2048], ""weight_math"": [2048, 4096], ""weight_storage"": [4096, 2048], ""output"": [1, 4096]}",16777216,0,{},16777216,4096,8192,独立 GEMM：权重与输入各读一次、输出写一次的操作数载荷；不预测 tile 重读。
6,k_proj,linear,"{""input"": [1, 2048], ""weight_math"": [2048, 512], ""weight_storage"": [512, 2048], ""output"": [1, 512]}",2097152,0,{},2097152,4096,1024,独立 GEMM：权重与输入各读一次、输出写一次的操作数载荷；不预测 tile 重读。
6,v_proj,linear,"{""input"": [1, 2048], ""weight_math"": [2048, 512], ""weight_storage"": [512, 2048], ""output"": [1, 512]}",2097152,0,{},2097152,4096,1024,独立 GEMM：权重与输入各读一次、输出写一次的操作数载荷；不预测 tile 重读。
6,q_norm,normalization,"{""input"": [32, 128], ""weight"": [128], ""output"": [32, 128]}",0,16416,"{""rsqrt"": 32}",256,8192,8192,按 FP32 行内归约的代数计数；rsqrt、类型转换与临时 FP32 张量分列／不推断 HBM spill。
6,k_norm,normalization,"{""input"": [4, 128], ""weight"": [128], ""output"": [4, 128]}",0,2052,"{""rsqrt"": 4}",256,1024,1024,按 FP32 行内归约的代数计数；rsqrt、类型转换与临时 FP32 张量分列／不推断 HBM spill。
6,apply_rope,position,"{""Q"": [1, 32, 1, 128], ""K"": [1, 4, 1, 128]}",0,13824,"{""negate"": 2304}",0,9728,9216,2 multiply + 1 add/元素，rotate_half 符号翻转分列；表按批／头理想复用。
6,kv_append,state,"{""new_K_and_V_each"": [1, 4, 1, 128]}",0,0,{},0,2048,2048,原位／分页 append 载荷；不假定动态 torch.cat 对旧缓存整段复制。
6,qk,attention,"{""Q"": [1, 32, 1, 128], ""K_shared"": [1, 4, 8193, 128], ""scores_rectangular"": [1, 32, 1, 8193]}",67117056,0,{},0,8397824,1048704,FLOPs 仅有效因果位置；载荷是假定 Q/K 各读一次、GQA 头共享，完整分数矩阵物化。
6,score_scale_mask_softmax,softmax,"{""scores"": [1, 32, 1, 8193]}",0,1048672,"{""exp"": 262176, ""compare_max"": 262144, ""mask_decisions"": 262176}",0,1048704,1048704,选择的融合 scale/mask/softmax 代数工作；屏蔽点不计 exp。物化 FP32 默认概率；非具体 eager trace。
6,pv,attention,"{""P"": [1, 32, 1, 8193], ""V_shared"": [1, 4, 8193, 128], ""output"": [1, 32, 1, 128]}",67117056,0,{},0,9438336,8192,PV/AV：各 Q 头仍计算；V 容量不乘 GQA 复制数。载荷假定 V 在头／查询之间理想复用。
6,o_proj,linear,"{""input"": [1, 4096], ""weight_math"": [4096, 2048], ""weight_storage"": [2048, 4096], ""output"": [1, 2048]}",16777216,0,{},16777216,8192,4096,独立 GEMM：权重与输入各读一次、输出写一次的操作数载荷；不预测 tile 重读。
6,attention_residual,residual,"{""inputs_each"": [1, 2048], ""output"": [1, 2048]}",0,2048,{},0,8192,4096,
6,post_attention_layernorm,normalization,"{""input"": [1, 2048], ""weight"": [2048], ""output"": [1, 2048]}",0,8193,"{""rsqrt"": 1}",4096,4096,4096,按 FP32 行内归约的代数计数；rsqrt、类型转换与临时 FP32 张量分列／不推断 HBM spill。
6,router,linear,"{""input"": [1, 2048], ""weight_math"": [2048, 128], ""weight_storage"": [128, 2048], ""output"": [1, 128]}",524288,0,{},524288,4096,256,独立 GEMM：权重与输入各读一次、输出写一次的操作数载荷；不预测 tile 重读。
6,router_softmax,routing,"{""input"": [1, 128], ""probabilities_fp32"": [1, 128]}",0,383,"{""exp"": 128, ""compare_max"": 127}",0,256,512,"FP32 softmax: subtract max, exp, reduction, divide; casts are not FLOPs."
6,router_topk,routing,"{""input_fp32"": [1, 128], ""values_fp32"": [1, 8], ""indices_int64"": [1, 8]}",0,0,"{""topk_rows"": 1, ""topk_candidates"": 128}",0,512,96,Top-k is an explicit selection primitive; candidate counts are not comparisons or FLOPs. Backend selection algorithm is unspecified.
6,router_renormalize_cast,routing,"{""selected_probabilities"": [1, 8]}",0,15,{},0,32,16,"Selected probabilities are renormalized if norm_topk_prob, then cast to activation dtype; row reduction assumed on-chip."
6,routing_one_hot,routing_metadata,"{""selected_int64"": [1, 8], ""mask_int64"": [1, 8, 128]}",0,0,"{""one_hot_entries"": 1024}",0,64,8192,Pinned HF reference materializes one_hot int64; this large routing mask is not assumed in optimized dispatch.
6,routing_where,routing_metadata,"{""mask_int64"": [128, 8, 1], ""top_x_and_slot_each"": [8]}",0,0,"{""integer_nonzero_tests"": 1024}",0,8192,128,Scan each expert mask; two int64 coordinates per assignment. Permute is a view.
6,expert_gather,routing,"{""source"": [1, 2048], ""gathered_rows"": [8, 2048]}",0,0,{},0,32832,32768,Logical gathers summed over experts; n_e and each concrete GEMM shape are in expert_matrices.
6,expert_gate_proj,linear,"{""input_per_expert"": [""n_e"", 2048], ""weight_storage_each"": [768, 2048], ""output_per_expert"": [""n_e"", 768], ""nonempty_experts"": 8, ""tokens_per_expert"": [1, 1, 1, 1, 1, 1, 1, 1, 0, 0, 0, 0, 0, 0, 0, 0, 0, 0, 0, 0, 0, 0, 0, 0, 0, 0, 0, 0, 0, 0, 0, 0, 0, 0, 0, 0, 0, 0, 0, 0, 0, 0, 0, 0, 0, 0, 0, 0, 0, 0, 0, 0, 0, 0, 0, 0, 0, 0, 0, 0, 0, 0, 0, 0, 0, 0, 0, 0, 0, 0, 0, 0, 0, 0, 0, 0, 0, 0, 0, 0, 0, 0, 0, 0, 0, 0, 0, 0, 0, 0, 0, 0, 0, 0, 0, 0, 0, 0, 0, 0, 0, 0, 0, 0, 0, 0, 0, 0, 0, 0, 0, 0, 0, 0, 0, 0, 0, 0, 0, 0, 0, 0, 0, 0, 0, 0, 0, 0]}",25165824,0,{},25165824,32768,12288,"Sum of unpadded per-expert GEMMs; each visited expert weight read once per layer, not once per token."
6,expert_up_proj,linear,"{""input_per_expert"": [""n_e"", 2048], ""weight_storage_each"": [768, 2048], ""output_per_expert"": [""n_e"", 768], ""nonempty_experts"": 8, ""tokens_per_expert"": [1, 1, 1, 1, 1, 1, 1, 1, 0, 0, 0, 0, 0, 0, 0, 0, 0, 0, 0, 0, 0, 0, 0, 0, 0, 0, 0, 0, 0, 0, 0, 0, 0, 0, 0, 0, 0, 0, 0, 0, 0, 0, 0, 0, 0, 0, 0, 0, 0, 0, 0, 0, 0, 0, 0, 0, 0, 0, 0, 0, 0, 0, 0, 0, 0, 0, 0, 0, 0, 0, 0, 0, 0, 0, 0, 0, 0, 0, 0, 0, 0, 0, 0, 0, 0, 0, 0, 0, 0, 0, 0, 0, 0, 0, 0, 0, 0, 0, 0, 0, 0, 0, 0, 0, 0, 0, 0, 0, 0, 0, 0, 0, 0, 0, 0, 0, 0, 0, 0, 0, 0, 0, 0, 0, 0, 0, 0, 0]}",25165824,0,{},25165824,32768,12288,"Sum of unpadded per-expert GEMMs; each visited expert weight read once per layer, not once per token."
6,expert_silu_mul,activation,"{""gate_and_up_each"": [8, 768]}",0,24576,"{""exp"": 6144, ""negate"": 6144}",0,24576,12288,
6,expert_down_proj,linear,"{""input_per_expert"": [""n_e"", 768], ""weight_storage_each"": [2048, 768], ""output_per_expert"": [""n_e"", 2048], ""nonempty_experts"": 8, ""tokens_per_expert"": [1, 1, 1, 1, 1, 1, 1, 1, 0, 0, 0, 0, 0, 0, 0, 0, 0, 0, 0, 0, 0, 0, 0, 0, 0, 0, 0, 0, 0, 0, 0, 0, 0, 0, 0, 0, 0, 0, 0, 0, 0, 0, 0, 0, 0, 0, 0, 0, 0, 0, 0, 0, 0, 0, 0, 0, 0, 0, 0, 0, 0, 0, 0, 0, 0, 0, 0, 0, 0, 0, 0, 0, 0, 0, 0, 0, 0, 0, 0, 0, 0, 0, 0, 0, 0, 0, 0, 0, 0, 0, 0, 0, 0, 0, 0, 0, 0, 0, 0, 0, 0, 0, 0, 0, 0, 0, 0, 0, 0, 0, 0, 0, 0, 0, 0, 0, 0, 0, 0, 0, 0, 0, 0, 0, 0, 0, 0, 0]}",25165824,0,{},25165824,12288,32768,Unpadded per-expert GEMMs; empty experts have zero arithmetic and no weight payload.
6,expert_probability_multiply,routing,"{""expert_outputs"": [8, 2048], ""routing_weights"": [8]}",0,16384,{},0,32912,32768,Probability broadcast reuses one value per assignment; int64 token/slot indices included.
6,expert_output_zero,routing,"{""output"": [1, 2048]}",0,0,{},0,0,4096,Reference initializes final_hidden_states to zero.
6,expert_index_add,routing,"{""weighted_outputs"": [8, 2048], ""combined_output"": [1, 2048]}",0,16384,{},0,65600,32768,"Reference index_add includes the first add into zero; destination read/update per assignment is logical payload, not measured HBM."
6,ffn_residual,residual,"{""inputs_each"": [1, 2048], ""output"": [1, 2048]}",0,2048,{},0,8192,4096,
7,input_layernorm,normalization,"{""input"": [1, 2048], ""weight"": [2048], ""output"": [1, 2048]}",0,8193,"{""rsqrt"": 1}",4096,4096,4096,按 FP32 行内归约的代数计数；rsqrt、类型转换与临时 FP32 张量分列／不推断 HBM spill。
7,q_proj,linear,"{""input"": [1, 2048], ""weight_math"": [2048, 4096], ""weight_storage"": [4096, 2048], ""output"": [1, 4096]}",16777216,0,{},16777216,4096,8192,独立 GEMM：权重与输入各读一次、输出写一次的操作数载荷；不预测 tile 重读。
7,k_proj,linear,"{""input"": [1, 2048], ""weight_math"": [2048, 512], ""weight_storage"": [512, 2048], ""output"": [1, 512]}",2097152,0,{},2097152,4096,1024,独立 GEMM：权重与输入各读一次、输出写一次的操作数载荷；不预测 tile 重读。
7,v_proj,linear,"{""input"": [1, 2048], ""weight_math"": [2048, 512], ""weight_storage"": [512, 2048], ""output"": [1, 512]}",2097152,0,{},2097152,4096,1024,独立 GEMM：权重与输入各读一次、输出写一次的操作数载荷；不预测 tile 重读。
7,q_norm,normalization,"{""input"": [32, 128], ""weight"": [128], ""output"": [32, 128]}",0,16416,"{""rsqrt"": 32}",256,8192,8192,按 FP32 行内归约的代数计数；rsqrt、类型转换与临时 FP32 张量分列／不推断 HBM spill。
7,k_norm,normalization,"{""input"": [4, 128], ""weight"": [128], ""output"": [4, 128]}",0,2052,"{""rsqrt"": 4}",256,1024,1024,按 FP32 行内归约的代数计数；rsqrt、类型转换与临时 FP32 张量分列／不推断 HBM spill。
7,apply_rope,position,"{""Q"": [1, 32, 1, 128], ""K"": [1, 4, 1, 128]}",0,13824,"{""negate"": 2304}",0,9728,9216,2 multiply + 1 add/元素，rotate_half 符号翻转分列；表按批／头理想复用。
7,kv_append,state,"{""new_K_and_V_each"": [1, 4, 1, 128]}",0,0,{},0,2048,2048,原位／分页 append 载荷；不假定动态 torch.cat 对旧缓存整段复制。
7,qk,attention,"{""Q"": [1, 32, 1, 128], ""K_shared"": [1, 4, 8193, 128], ""scores_rectangular"": [1, 32, 1, 8193]}",67117056,0,{},0,8397824,1048704,FLOPs 仅有效因果位置；载荷是假定 Q/K 各读一次、GQA 头共享，完整分数矩阵物化。
7,score_scale_mask_softmax,softmax,"{""scores"": [1, 32, 1, 8193]}",0,1048672,"{""exp"": 262176, ""compare_max"": 262144, ""mask_decisions"": 262176}",0,1048704,1048704,选择的融合 scale/mask/softmax 代数工作；屏蔽点不计 exp。物化 FP32 默认概率；非具体 eager trace。
7,pv,attention,"{""P"": [1, 32, 1, 8193], ""V_shared"": [1, 4, 8193, 128], ""output"": [1, 32, 1, 128]}",67117056,0,{},0,9438336,8192,PV/AV：各 Q 头仍计算；V 容量不乘 GQA 复制数。载荷假定 V 在头／查询之间理想复用。
7,o_proj,linear,"{""input"": [1, 4096], ""weight_math"": [4096, 2048], ""weight_storage"": [2048, 4096], ""output"": [1, 2048]}",16777216,0,{},16777216,8192,4096,独立 GEMM：权重与输入各读一次、输出写一次的操作数载荷；不预测 tile 重读。
7,attention_residual,residual,"{""inputs_each"": [1, 2048], ""output"": [1, 2048]}",0,2048,{},0,8192,4096,
7,post_attention_layernorm,normalization,"{""input"": [1, 2048], ""weight"": [2048], ""output"": [1, 2048]}",0,8193,"{""rsqrt"": 1}",4096,4096,4096,按 FP32 行内归约的代数计数；rsqrt、类型转换与临时 FP32 张量分列／不推断 HBM spill。
7,router,linear,"{""input"": [1, 2048], ""weight_math"": [2048, 128], ""weight_storage"": [128, 2048], ""output"": [1, 128]}",524288,0,{},524288,4096,256,独立 GEMM：权重与输入各读一次、输出写一次的操作数载荷；不预测 tile 重读。
7,router_softmax,routing,"{""input"": [1, 128], ""probabilities_fp32"": [1, 128]}",0,383,"{""exp"": 128, ""compare_max"": 127}",0,256,512,"FP32 softmax: subtract max, exp, reduction, divide; casts are not FLOPs."
7,router_topk,routing,"{""input_fp32"": [1, 128], ""values_fp32"": [1, 8], ""indices_int64"": [1, 8]}",0,0,"{""topk_rows"": 1, ""topk_candidates"": 128}",0,512,96,Top-k is an explicit selection primitive; candidate counts are not comparisons or FLOPs. Backend selection algorithm is unspecified.
7,router_renormalize_cast,routing,"{""selected_probabilities"": [1, 8]}",0,15,{},0,32,16,"Selected probabilities are renormalized if norm_topk_prob, then cast to activation dtype; row reduction assumed on-chip."
7,routing_one_hot,routing_metadata,"{""selected_int64"": [1, 8], ""mask_int64"": [1, 8, 128]}",0,0,"{""one_hot_entries"": 1024}",0,64,8192,Pinned HF reference materializes one_hot int64; this large routing mask is not assumed in optimized dispatch.
7,routing_where,routing_metadata,"{""mask_int64"": [128, 8, 1], ""top_x_and_slot_each"": [8]}",0,0,"{""integer_nonzero_tests"": 1024}",0,8192,128,Scan each expert mask; two int64 coordinates per assignment. Permute is a view.
7,expert_gather,routing,"{""source"": [1, 2048], ""gathered_rows"": [8, 2048]}",0,0,{},0,32832,32768,Logical gathers summed over experts; n_e and each concrete GEMM shape are in expert_matrices.
7,expert_gate_proj,linear,"{""input_per_expert"": [""n_e"", 2048], ""weight_storage_each"": [768, 2048], ""output_per_expert"": [""n_e"", 768], ""nonempty_experts"": 8, ""tokens_per_expert"": [1, 1, 1, 1, 1, 1, 1, 1, 0, 0, 0, 0, 0, 0, 0, 0, 0, 0, 0, 0, 0, 0, 0, 0, 0, 0, 0, 0, 0, 0, 0, 0, 0, 0, 0, 0, 0, 0, 0, 0, 0, 0, 0, 0, 0, 0, 0, 0, 0, 0, 0, 0, 0, 0, 0, 0, 0, 0, 0, 0, 0, 0, 0, 0, 0, 0, 0, 0, 0, 0, 0, 0, 0, 0, 0, 0, 0, 0, 0, 0, 0, 0, 0, 0, 0, 0, 0, 0, 0, 0, 0, 0, 0, 0, 0, 0, 0, 0, 0, 0, 0, 0, 0, 0, 0, 0, 0, 0, 0, 0, 0, 0, 0, 0, 0, 0, 0, 0, 0, 0, 0, 0, 0, 0, 0, 0, 0, 0]}",25165824,0,{},25165824,32768,12288,"Sum of unpadded per-expert GEMMs; each visited expert weight read once per layer, not once per token."
7,expert_up_proj,linear,"{""input_per_expert"": [""n_e"", 2048], ""weight_storage_each"": [768, 2048], ""output_per_expert"": [""n_e"", 768], ""nonempty_experts"": 8, ""tokens_per_expert"": [1, 1, 1, 1, 1, 1, 1, 1, 0, 0, 0, 0, 0, 0, 0, 0, 0, 0, 0, 0, 0, 0, 0, 0, 0, 0, 0, 0, 0, 0, 0, 0, 0, 0, 0, 0, 0, 0, 0, 0, 0, 0, 0, 0, 0, 0, 0, 0, 0, 0, 0, 0, 0, 0, 0, 0, 0, 0, 0, 0, 0, 0, 0, 0, 0, 0, 0, 0, 0, 0, 0, 0, 0, 0, 0, 0, 0, 0, 0, 0, 0, 0, 0, 0, 0, 0, 0, 0, 0, 0, 0, 0, 0, 0, 0, 0, 0, 0, 0, 0, 0, 0, 0, 0, 0, 0, 0, 0, 0, 0, 0, 0, 0, 0, 0, 0, 0, 0, 0, 0, 0, 0, 0, 0, 0, 0, 0, 0]}",25165824,0,{},25165824,32768,12288,"Sum of unpadded per-expert GEMMs; each visited expert weight read once per layer, not once per token."
7,expert_silu_mul,activation,"{""gate_and_up_each"": [8, 768]}",0,24576,"{""exp"": 6144, ""negate"": 6144}",0,24576,12288,
7,expert_down_proj,linear,"{""input_per_expert"": [""n_e"", 768], ""weight_storage_each"": [2048, 768], ""output_per_expert"": [""n_e"", 2048], ""nonempty_experts"": 8, ""tokens_per_expert"": [1, 1, 1, 1, 1, 1, 1, 1, 0, 0, 0, 0, 0, 0, 0, 0, 0, 0, 0, 0, 0, 0, 0, 0, 0, 0, 0, 0, 0, 0, 0, 0, 0, 0, 0, 0, 0, 0, 0, 0, 0, 0, 0, 0, 0, 0, 0, 0, 0, 0, 0, 0, 0, 0, 0, 0, 0, 0, 0, 0, 0, 0, 0, 0, 0, 0, 0, 0, 0, 0, 0, 0, 0, 0, 0, 0, 0, 0, 0, 0, 0, 0, 0, 0, 0, 0, 0, 0, 0, 0, 0, 0, 0, 0, 0, 0, 0, 0, 0, 0, 0, 0, 0, 0, 0, 0, 0, 0, 0, 0, 0, 0, 0, 0, 0, 0, 0, 0, 0, 0, 0, 0, 0, 0, 0, 0, 0, 0]}",25165824,0,{},25165824,12288,32768,Unpadded per-expert GEMMs; empty experts have zero arithmetic and no weight payload.
7,expert_probability_multiply,routing,"{""expert_outputs"": [8, 2048], ""routing_weights"": [8]}",0,16384,{},0,32912,32768,Probability broadcast reuses one value per assignment; int64 token/slot indices included.
7,expert_output_zero,routing,"{""output"": [1, 2048]}",0,0,{},0,0,4096,Reference initializes final_hidden_states to zero.
7,expert_index_add,routing,"{""weighted_outputs"": [8, 2048], ""combined_output"": [1, 2048]}",0,16384,{},0,65600,32768,"Reference index_add includes the first add into zero; destination read/update per assignment is logical payload, not measured HBM."
7,ffn_residual,residual,"{""inputs_each"": [1, 2048], ""output"": [1, 2048]}",0,2048,{},0,8192,4096,
8,input_layernorm,normalization,"{""input"": [1, 2048], ""weight"": [2048], ""output"": [1, 2048]}",0,8193,"{""rsqrt"": 1}",4096,4096,4096,按 FP32 行内归约的代数计数；rsqrt、类型转换与临时 FP32 张量分列／不推断 HBM spill。
8,q_proj,linear,"{""input"": [1, 2048], ""weight_math"": [2048, 4096], ""weight_storage"": [4096, 2048], ""output"": [1, 4096]}",16777216,0,{},16777216,4096,8192,独立 GEMM：权重与输入各读一次、输出写一次的操作数载荷；不预测 tile 重读。
8,k_proj,linear,"{""input"": [1, 2048], ""weight_math"": [2048, 512], ""weight_storage"": [512, 2048], ""output"": [1, 512]}",2097152,0,{},2097152,4096,1024,独立 GEMM：权重与输入各读一次、输出写一次的操作数载荷；不预测 tile 重读。
8,v_proj,linear,"{""input"": [1, 2048], ""weight_math"": [2048, 512], ""weight_storage"": [512, 2048], ""output"": [1, 512]}",2097152,0,{},2097152,4096,1024,独立 GEMM：权重与输入各读一次、输出写一次的操作数载荷；不预测 tile 重读。
8,q_norm,normalization,"{""input"": [32, 128], ""weight"": [128], ""output"": [32, 128]}",0,16416,"{""rsqrt"": 32}",256,8192,8192,按 FP32 行内归约的代数计数；rsqrt、类型转换与临时 FP32 张量分列／不推断 HBM spill。
8,k_norm,normalization,"{""input"": [4, 128], ""weight"": [128], ""output"": [4, 128]}",0,2052,"{""rsqrt"": 4}",256,1024,1024,按 FP32 行内归约的代数计数；rsqrt、类型转换与临时 FP32 张量分列／不推断 HBM spill。
8,apply_rope,position,"{""Q"": [1, 32, 1, 128], ""K"": [1, 4, 1, 128]}",0,13824,"{""negate"": 2304}",0,9728,9216,2 multiply + 1 add/元素，rotate_half 符号翻转分列；表按批／头理想复用。
8,kv_append,state,"{""new_K_and_V_each"": [1, 4, 1, 128]}",0,0,{},0,2048,2048,原位／分页 append 载荷；不假定动态 torch.cat 对旧缓存整段复制。
8,qk,attention,"{""Q"": [1, 32, 1, 128], ""K_shared"": [1, 4, 8193, 128], ""scores_rectangular"": [1, 32, 1, 8193]}",67117056,0,{},0,8397824,1048704,FLOPs 仅有效因果位置；载荷是假定 Q/K 各读一次、GQA 头共享，完整分数矩阵物化。
8,score_scale_mask_softmax,softmax,"{""scores"": [1, 32, 1, 8193]}",0,1048672,"{""exp"": 262176, ""compare_max"": 262144, ""mask_decisions"": 262176}",0,1048704,1048704,选择的融合 scale/mask/softmax 代数工作；屏蔽点不计 exp。物化 FP32 默认概率；非具体 eager trace。
8,pv,attention,"{""P"": [1, 32, 1, 8193], ""V_shared"": [1, 4, 8193, 128], ""output"": [1, 32, 1, 128]}",67117056,0,{},0,9438336,8192,PV/AV：各 Q 头仍计算；V 容量不乘 GQA 复制数。载荷假定 V 在头／查询之间理想复用。
8,o_proj,linear,"{""input"": [1, 4096], ""weight_math"": [4096, 2048], ""weight_storage"": [2048, 4096], ""output"": [1, 2048]}",16777216,0,{},16777216,8192,4096,独立 GEMM：权重与输入各读一次、输出写一次的操作数载荷；不预测 tile 重读。
8,attention_residual,residual,"{""inputs_each"": [1, 2048], ""output"": [1, 2048]}",0,2048,{},0,8192,4096,
8,post_attention_layernorm,normalization,"{""input"": [1, 2048], ""weight"": [2048], ""output"": [1, 2048]}",0,8193,"{""rsqrt"": 1}",4096,4096,4096,按 FP32 行内归约的代数计数；rsqrt、类型转换与临时 FP32 张量分列／不推断 HBM spill。
8,router,linear,"{""input"": [1, 2048], ""weight_math"": [2048, 128], ""weight_storage"": [128, 2048], ""output"": [1, 128]}",524288,0,{},524288,4096,256,独立 GEMM：权重与输入各读一次、输出写一次的操作数载荷；不预测 tile 重读。
8,router_softmax,routing,"{""input"": [1, 128], ""probabilities_fp32"": [1, 128]}",0,383,"{""exp"": 128, ""compare_max"": 127}",0,256,512,"FP32 softmax: subtract max, exp, reduction, divide; casts are not FLOPs."
8,router_topk,routing,"{""input_fp32"": [1, 128], ""values_fp32"": [1, 8], ""indices_int64"": [1, 8]}",0,0,"{""topk_rows"": 1, ""topk_candidates"": 128}",0,512,96,Top-k is an explicit selection primitive; candidate counts are not comparisons or FLOPs. Backend selection algorithm is unspecified.
8,router_renormalize_cast,routing,"{""selected_probabilities"": [1, 8]}",0,15,{},0,32,16,"Selected probabilities are renormalized if norm_topk_prob, then cast to activation dtype; row reduction assumed on-chip."
8,routing_one_hot,routing_metadata,"{""selected_int64"": [1, 8], ""mask_int64"": [1, 8, 128]}",0,0,"{""one_hot_entries"": 1024}",0,64,8192,Pinned HF reference materializes one_hot int64; this large routing mask is not assumed in optimized dispatch.
8,routing_where,routing_metadata,"{""mask_int64"": [128, 8, 1], ""top_x_and_slot_each"": [8]}",0,0,"{""integer_nonzero_tests"": 1024}",0,8192,128,Scan each expert mask; two int64 coordinates per assignment. Permute is a view.
8,expert_gather,routing,"{""source"": [1, 2048], ""gathered_rows"": [8, 2048]}",0,0,{},0,32832,32768,Logical gathers summed over experts; n_e and each concrete GEMM shape are in expert_matrices.
8,expert_gate_proj,linear,"{""input_per_expert"": [""n_e"", 2048], ""weight_storage_each"": [768, 2048], ""output_per_expert"": [""n_e"", 768], ""nonempty_experts"": 8, ""tokens_per_expert"": [1, 1, 1, 1, 1, 1, 1, 1, 0, 0, 0, 0, 0, 0, 0, 0, 0, 0, 0, 0, 0, 0, 0, 0, 0, 0, 0, 0, 0, 0, 0, 0, 0, 0, 0, 0, 0, 0, 0, 0, 0, 0, 0, 0, 0, 0, 0, 0, 0, 0, 0, 0, 0, 0, 0, 0, 0, 0, 0, 0, 0, 0, 0, 0, 0, 0, 0, 0, 0, 0, 0, 0, 0, 0, 0, 0, 0, 0, 0, 0, 0, 0, 0, 0, 0, 0, 0, 0, 0, 0, 0, 0, 0, 0, 0, 0, 0, 0, 0, 0, 0, 0, 0, 0, 0, 0, 0, 0, 0, 0, 0, 0, 0, 0, 0, 0, 0, 0, 0, 0, 0, 0, 0, 0, 0, 0, 0, 0]}",25165824,0,{},25165824,32768,12288,"Sum of unpadded per-expert GEMMs; each visited expert weight read once per layer, not once per token."
8,expert_up_proj,linear,"{""input_per_expert"": [""n_e"", 2048], ""weight_storage_each"": [768, 2048], ""output_per_expert"": [""n_e"", 768], ""nonempty_experts"": 8, ""tokens_per_expert"": [1, 1, 1, 1, 1, 1, 1, 1, 0, 0, 0, 0, 0, 0, 0, 0, 0, 0, 0, 0, 0, 0, 0, 0, 0, 0, 0, 0, 0, 0, 0, 0, 0, 0, 0, 0, 0, 0, 0, 0, 0, 0, 0, 0, 0, 0, 0, 0, 0, 0, 0, 0, 0, 0, 0, 0, 0, 0, 0, 0, 0, 0, 0, 0, 0, 0, 0, 0, 0, 0, 0, 0, 0, 0, 0, 0, 0, 0, 0, 0, 0, 0, 0, 0, 0, 0, 0, 0, 0, 0, 0, 0, 0, 0, 0, 0, 0, 0, 0, 0, 0, 0, 0, 0, 0, 0, 0, 0, 0, 0, 0, 0, 0, 0, 0, 0, 0, 0, 0, 0, 0, 0, 0, 0, 0, 0, 0, 0]}",25165824,0,{},25165824,32768,12288,"Sum of unpadded per-expert GEMMs; each visited expert weight read once per layer, not once per token."
8,expert_silu_mul,activation,"{""gate_and_up_each"": [8, 768]}",0,24576,"{""exp"": 6144, ""negate"": 6144}",0,24576,12288,
8,expert_down_proj,linear,"{""input_per_expert"": [""n_e"", 768], ""weight_storage_each"": [2048, 768], ""output_per_expert"": [""n_e"", 2048], ""nonempty_experts"": 8, ""tokens_per_expert"": [1, 1, 1, 1, 1, 1, 1, 1, 0, 0, 0, 0, 0, 0, 0, 0, 0, 0, 0, 0, 0, 0, 0, 0, 0, 0, 0, 0, 0, 0, 0, 0, 0, 0, 0, 0, 0, 0, 0, 0, 0, 0, 0, 0, 0, 0, 0, 0, 0, 0, 0, 0, 0, 0, 0, 0, 0, 0, 0, 0, 0, 0, 0, 0, 0, 0, 0, 0, 0, 0, 0, 0, 0, 0, 0, 0, 0, 0, 0, 0, 0, 0, 0, 0, 0, 0, 0, 0, 0, 0, 0, 0, 0, 0, 0, 0, 0, 0, 0, 0, 0, 0, 0, 0, 0, 0, 0, 0, 0, 0, 0, 0, 0, 0, 0, 0, 0, 0, 0, 0, 0, 0, 0, 0, 0, 0, 0, 0]}",25165824,0,{},25165824,12288,32768,Unpadded per-expert GEMMs; empty experts have zero arithmetic and no weight payload.
8,expert_probability_multiply,routing,"{""expert_outputs"": [8, 2048], ""routing_weights"": [8]}",0,16384,{},0,32912,32768,Probability broadcast reuses one value per assignment; int64 token/slot indices included.
8,expert_output_zero,routing,"{""output"": [1, 2048]}",0,0,{},0,0,4096,Reference initializes final_hidden_states to zero.
8,expert_index_add,routing,"{""weighted_outputs"": [8, 2048], ""combined_output"": [1, 2048]}",0,16384,{},0,65600,32768,"Reference index_add includes the first add into zero; destination read/update per assignment is logical payload, not measured HBM."
8,ffn_residual,residual,"{""inputs_each"": [1, 2048], ""output"": [1, 2048]}",0,2048,{},0,8192,4096,
9,input_layernorm,normalization,"{""input"": [1, 2048], ""weight"": [2048], ""output"": [1, 2048]}",0,8193,"{""rsqrt"": 1}",4096,4096,4096,按 FP32 行内归约的代数计数；rsqrt、类型转换与临时 FP32 张量分列／不推断 HBM spill。
9,q_proj,linear,"{""input"": [1, 2048], ""weight_math"": [2048, 4096], ""weight_storage"": [4096, 2048], ""output"": [1, 4096]}",16777216,0,{},16777216,4096,8192,独立 GEMM：权重与输入各读一次、输出写一次的操作数载荷；不预测 tile 重读。
9,k_proj,linear,"{""input"": [1, 2048], ""weight_math"": [2048, 512], ""weight_storage"": [512, 2048], ""output"": [1, 512]}",2097152,0,{},2097152,4096,1024,独立 GEMM：权重与输入各读一次、输出写一次的操作数载荷；不预测 tile 重读。
9,v_proj,linear,"{""input"": [1, 2048], ""weight_math"": [2048, 512], ""weight_storage"": [512, 2048], ""output"": [1, 512]}",2097152,0,{},2097152,4096,1024,独立 GEMM：权重与输入各读一次、输出写一次的操作数载荷；不预测 tile 重读。
9,q_norm,normalization,"{""input"": [32, 128], ""weight"": [128], ""output"": [32, 128]}",0,16416,"{""rsqrt"": 32}",256,8192,8192,按 FP32 行内归约的代数计数；rsqrt、类型转换与临时 FP32 张量分列／不推断 HBM spill。
9,k_norm,normalization,"{""input"": [4, 128], ""weight"": [128], ""output"": [4, 128]}",0,2052,"{""rsqrt"": 4}",256,1024,1024,按 FP32 行内归约的代数计数；rsqrt、类型转换与临时 FP32 张量分列／不推断 HBM spill。
9,apply_rope,position,"{""Q"": [1, 32, 1, 128], ""K"": [1, 4, 1, 128]}",0,13824,"{""negate"": 2304}",0,9728,9216,2 multiply + 1 add/元素，rotate_half 符号翻转分列；表按批／头理想复用。
9,kv_append,state,"{""new_K_and_V_each"": [1, 4, 1, 128]}",0,0,{},0,2048,2048,原位／分页 append 载荷；不假定动态 torch.cat 对旧缓存整段复制。
9,qk,attention,"{""Q"": [1, 32, 1, 128], ""K_shared"": [1, 4, 8193, 128], ""scores_rectangular"": [1, 32, 1, 8193]}",67117056,0,{},0,8397824,1048704,FLOPs 仅有效因果位置；载荷是假定 Q/K 各读一次、GQA 头共享，完整分数矩阵物化。
9,score_scale_mask_softmax,softmax,"{""scores"": [1, 32, 1, 8193]}",0,1048672,"{""exp"": 262176, ""compare_max"": 262144, ""mask_decisions"": 262176}",0,1048704,1048704,选择的融合 scale/mask/softmax 代数工作；屏蔽点不计 exp。物化 FP32 默认概率；非具体 eager trace。
9,pv,attention,"{""P"": [1, 32, 1, 8193], ""V_shared"": [1, 4, 8193, 128], ""output"": [1, 32, 1, 128]}",67117056,0,{},0,9438336,8192,PV/AV：各 Q 头仍计算；V 容量不乘 GQA 复制数。载荷假定 V 在头／查询之间理想复用。
9,o_proj,linear,"{""input"": [1, 4096], ""weight_math"": [4096, 2048], ""weight_storage"": [2048, 4096], ""output"": [1, 2048]}",16777216,0,{},16777216,8192,4096,独立 GEMM：权重与输入各读一次、输出写一次的操作数载荷；不预测 tile 重读。
9,attention_residual,residual,"{""inputs_each"": [1, 2048], ""output"": [1, 2048]}",0,2048,{},0,8192,4096,
9,post_attention_layernorm,normalization,"{""input"": [1, 2048], ""weight"": [2048], ""output"": [1, 2048]}",0,8193,"{""rsqrt"": 1}",4096,4096,4096,按 FP32 行内归约的代数计数；rsqrt、类型转换与临时 FP32 张量分列／不推断 HBM spill。
9,router,linear,"{""input"": [1, 2048], ""weight_math"": [2048, 128], ""weight_storage"": [128, 2048], ""output"": [1, 128]}",524288,0,{},524288,4096,256,独立 GEMM：权重与输入各读一次、输出写一次的操作数载荷；不预测 tile 重读。
9,router_softmax,routing,"{""input"": [1, 128], ""probabilities_fp32"": [1, 128]}",0,383,"{""exp"": 128, ""compare_max"": 127}",0,256,512,"FP32 softmax: subtract max, exp, reduction, divide; casts are not FLOPs."
9,router_topk,routing,"{""input_fp32"": [1, 128], ""values_fp32"": [1, 8], ""indices_int64"": [1, 8]}",0,0,"{""topk_rows"": 1, ""topk_candidates"": 128}",0,512,96,Top-k is an explicit selection primitive; candidate counts are not comparisons or FLOPs. Backend selection algorithm is unspecified.
9,router_renormalize_cast,routing,"{""selected_probabilities"": [1, 8]}",0,15,{},0,32,16,"Selected probabilities are renormalized if norm_topk_prob, then cast to activation dtype; row reduction assumed on-chip."
9,routing_one_hot,routing_metadata,"{""selected_int64"": [1, 8], ""mask_int64"": [1, 8, 128]}",0,0,"{""one_hot_entries"": 1024}",0,64,8192,Pinned HF reference materializes one_hot int64; this large routing mask is not assumed in optimized dispatch.
9,routing_where,routing_metadata,"{""mask_int64"": [128, 8, 1], ""top_x_and_slot_each"": [8]}",0,0,"{""integer_nonzero_tests"": 1024}",0,8192,128,Scan each expert mask; two int64 coordinates per assignment. Permute is a view.
9,expert_gather,routing,"{""source"": [1, 2048], ""gathered_rows"": [8, 2048]}",0,0,{},0,32832,32768,Logical gathers summed over experts; n_e and each concrete GEMM shape are in expert_matrices.
9,expert_gate_proj,linear,"{""input_per_expert"": [""n_e"", 2048], ""weight_storage_each"": [768, 2048], ""output_per_expert"": [""n_e"", 768], ""nonempty_experts"": 8, ""tokens_per_expert"": [1, 1, 1, 1, 1, 1, 1, 1, 0, 0, 0, 0, 0, 0, 0, 0, 0, 0, 0, 0, 0, 0, 0, 0, 0, 0, 0, 0, 0, 0, 0, 0, 0, 0, 0, 0, 0, 0, 0, 0, 0, 0, 0, 0, 0, 0, 0, 0, 0, 0, 0, 0, 0, 0, 0, 0, 0, 0, 0, 0, 0, 0, 0, 0, 0, 0, 0, 0, 0, 0, 0, 0, 0, 0, 0, 0, 0, 0, 0, 0, 0, 0, 0, 0, 0, 0, 0, 0, 0, 0, 0, 0, 0, 0, 0, 0, 0, 0, 0, 0, 0, 0, 0, 0, 0, 0, 0, 0, 0, 0, 0, 0, 0, 0, 0, 0, 0, 0, 0, 0, 0, 0, 0, 0, 0, 0, 0, 0]}",25165824,0,{},25165824,32768,12288,"Sum of unpadded per-expert GEMMs; each visited expert weight read once per layer, not once per token."
9,expert_up_proj,linear,"{""input_per_expert"": [""n_e"", 2048], ""weight_storage_each"": [768, 2048], ""output_per_expert"": [""n_e"", 768], ""nonempty_experts"": 8, ""tokens_per_expert"": [1, 1, 1, 1, 1, 1, 1, 1, 0, 0, 0, 0, 0, 0, 0, 0, 0, 0, 0, 0, 0, 0, 0, 0, 0, 0, 0, 0, 0, 0, 0, 0, 0, 0, 0, 0, 0, 0, 0, 0, 0, 0, 0, 0, 0, 0, 0, 0, 0, 0, 0, 0, 0, 0, 0, 0, 0, 0, 0, 0, 0, 0, 0, 0, 0, 0, 0, 0, 0, 0, 0, 0, 0, 0, 0, 0, 0, 0, 0, 0, 0, 0, 0, 0, 0, 0, 0, 0, 0, 0, 0, 0, 0, 0, 0, 0, 0, 0, 0, 0, 0, 0, 0, 0, 0, 0, 0, 0, 0, 0, 0, 0, 0, 0, 0, 0, 0, 0, 0, 0, 0, 0, 0, 0, 0, 0, 0, 0]}",25165824,0,{},25165824,32768,12288,"Sum of unpadded per-expert GEMMs; each visited expert weight read once per layer, not once per token."
9,expert_silu_mul,activation,"{""gate_and_up_each"": [8, 768]}",0,24576,"{""exp"": 6144, ""negate"": 6144}",0,24576,12288,
9,expert_down_proj,linear,"{""input_per_expert"": [""n_e"", 768], ""weight_storage_each"": [2048, 768], ""output_per_expert"": [""n_e"", 2048], ""nonempty_experts"": 8, ""tokens_per_expert"": [1, 1, 1, 1, 1, 1, 1, 1, 0, 0, 0, 0, 0, 0, 0, 0, 0, 0, 0, 0, 0, 0, 0, 0, 0, 0, 0, 0, 0, 0, 0, 0, 0, 0, 0, 0, 0, 0, 0, 0, 0, 0, 0, 0, 0, 0, 0, 0, 0, 0, 0, 0, 0, 0, 0, 0, 0, 0, 0, 0, 0, 0, 0, 0, 0, 0, 0, 0, 0, 0, 0, 0, 0, 0, 0, 0, 0, 0, 0, 0, 0, 0, 0, 0, 0, 0, 0, 0, 0, 0, 0, 0, 0, 0, 0, 0, 0, 0, 0, 0, 0, 0, 0, 0, 0, 0, 0, 0, 0, 0, 0, 0, 0, 0, 0, 0, 0, 0, 0, 0, 0, 0, 0, 0, 0, 0, 0, 0]}",25165824,0,{},25165824,12288,32768,Unpadded per-expert GEMMs; empty experts have zero arithmetic and no weight payload.
9,expert_probability_multiply,routing,"{""expert_outputs"": [8, 2048], ""routing_weights"": [8]}",0,16384,{},0,32912,32768,Probability broadcast reuses one value per assignment; int64 token/slot indices included.
9,expert_output_zero,routing,"{""output"": [1, 2048]}",0,0,{},0,0,4096,Reference initializes final_hidden_states to zero.
9,expert_index_add,routing,"{""weighted_outputs"": [8, 2048], ""combined_output"": [1, 2048]}",0,16384,{},0,65600,32768,"Reference index_add includes the first add into zero; destination read/update per assignment is logical payload, not measured HBM."
9,ffn_residual,residual,"{""inputs_each"": [1, 2048], ""output"": [1, 2048]}",0,2048,{},0,8192,4096,
10,input_layernorm,normalization,"{""input"": [1, 2048], ""weight"": [2048], ""output"": [1, 2048]}",0,8193,"{""rsqrt"": 1}",4096,4096,4096,按 FP32 行内归约的代数计数；rsqrt、类型转换与临时 FP32 张量分列／不推断 HBM spill。
10,q_proj,linear,"{""input"": [1, 2048], ""weight_math"": [2048, 4096], ""weight_storage"": [4096, 2048], ""output"": [1, 4096]}",16777216,0,{},16777216,4096,8192,独立 GEMM：权重与输入各读一次、输出写一次的操作数载荷；不预测 tile 重读。
10,k_proj,linear,"{""input"": [1, 2048], ""weight_math"": [2048, 512], ""weight_storage"": [512, 2048], ""output"": [1, 512]}",2097152,0,{},2097152,4096,1024,独立 GEMM：权重与输入各读一次、输出写一次的操作数载荷；不预测 tile 重读。
10,v_proj,linear,"{""input"": [1, 2048], ""weight_math"": [2048, 512], ""weight_storage"": [512, 2048], ""output"": [1, 512]}",2097152,0,{},2097152,4096,1024,独立 GEMM：权重与输入各读一次、输出写一次的操作数载荷；不预测 tile 重读。
10,q_norm,normalization,"{""input"": [32, 128], ""weight"": [128], ""output"": [32, 128]}",0,16416,"{""rsqrt"": 32}",256,8192,8192,按 FP32 行内归约的代数计数；rsqrt、类型转换与临时 FP32 张量分列／不推断 HBM spill。
10,k_norm,normalization,"{""input"": [4, 128], ""weight"": [128], ""output"": [4, 128]}",0,2052,"{""rsqrt"": 4}",256,1024,1024,按 FP32 行内归约的代数计数；rsqrt、类型转换与临时 FP32 张量分列／不推断 HBM spill。
10,apply_rope,position,"{""Q"": [1, 32, 1, 128], ""K"": [1, 4, 1, 128]}",0,13824,"{""negate"": 2304}",0,9728,9216,2 multiply + 1 add/元素，rotate_half 符号翻转分列；表按批／头理想复用。
10,kv_append,state,"{""new_K_and_V_each"": [1, 4, 1, 128]}",0,0,{},0,2048,2048,原位／分页 append 载荷；不假定动态 torch.cat 对旧缓存整段复制。
10,qk,attention,"{""Q"": [1, 32, 1, 128], ""K_shared"": [1, 4, 8193, 128], ""scores_rectangular"": [1, 32, 1, 8193]}",67117056,0,{},0,8397824,1048704,FLOPs 仅有效因果位置；载荷是假定 Q/K 各读一次、GQA 头共享，完整分数矩阵物化。
10,score_scale_mask_softmax,softmax,"{""scores"": [1, 32, 1, 8193]}",0,1048672,"{""exp"": 262176, ""compare_max"": 262144, ""mask_decisions"": 262176}",0,1048704,1048704,选择的融合 scale/mask/softmax 代数工作；屏蔽点不计 exp。物化 FP32 默认概率；非具体 eager trace。
10,pv,attention,"{""P"": [1, 32, 1, 8193], ""V_shared"": [1, 4, 8193, 128], ""output"": [1, 32, 1, 128]}",67117056,0,{},0,9438336,8192,PV/AV：各 Q 头仍计算；V 容量不乘 GQA 复制数。载荷假定 V 在头／查询之间理想复用。
10,o_proj,linear,"{""input"": [1, 4096], ""weight_math"": [4096, 2048], ""weight_storage"": [2048, 4096], ""output"": [1, 2048]}",16777216,0,{},16777216,8192,4096,独立 GEMM：权重与输入各读一次、输出写一次的操作数载荷；不预测 tile 重读。
10,attention_residual,residual,"{""inputs_each"": [1, 2048], ""output"": [1, 2048]}",0,2048,{},0,8192,4096,
10,post_attention_layernorm,normalization,"{""input"": [1, 2048], ""weight"": [2048], ""output"": [1, 2048]}",0,8193,"{""rsqrt"": 1}",4096,4096,4096,按 FP32 行内归约的代数计数；rsqrt、类型转换与临时 FP32 张量分列／不推断 HBM spill。
10,router,linear,"{""input"": [1, 2048], ""weight_math"": [2048, 128], ""weight_storage"": [128, 2048], ""output"": [1, 128]}",524288,0,{},524288,4096,256,独立 GEMM：权重与输入各读一次、输出写一次的操作数载荷；不预测 tile 重读。
10,router_softmax,routing,"{""input"": [1, 128], ""probabilities_fp32"": [1, 128]}",0,383,"{""exp"": 128, ""compare_max"": 127}",0,256,512,"FP32 softmax: subtract max, exp, reduction, divide; casts are not FLOPs."
10,router_topk,routing,"{""input_fp32"": [1, 128], ""values_fp32"": [1, 8], ""indices_int64"": [1, 8]}",0,0,"{""topk_rows"": 1, ""topk_candidates"": 128}",0,512,96,Top-k is an explicit selection primitive; candidate counts are not comparisons or FLOPs. Backend selection algorithm is unspecified.
10,router_renormalize_cast,routing,"{""selected_probabilities"": [1, 8]}",0,15,{},0,32,16,"Selected probabilities are renormalized if norm_topk_prob, then cast to activation dtype; row reduction assumed on-chip."
10,routing_one_hot,routing_metadata,"{""selected_int64"": [1, 8], ""mask_int64"": [1, 8, 128]}",0,0,"{""one_hot_entries"": 1024}",0,64,8192,Pinned HF reference materializes one_hot int64; this large routing mask is not assumed in optimized dispatch.
10,routing_where,routing_metadata,"{""mask_int64"": [128, 8, 1], ""top_x_and_slot_each"": [8]}",0,0,"{""integer_nonzero_tests"": 1024}",0,8192,128,Scan each expert mask; two int64 coordinates per assignment. Permute is a view.
10,expert_gather,routing,"{""source"": [1, 2048], ""gathered_rows"": [8, 2048]}",0,0,{},0,32832,32768,Logical gathers summed over experts; n_e and each concrete GEMM shape are in expert_matrices.
10,expert_gate_proj,linear,"{""input_per_expert"": [""n_e"", 2048], ""weight_storage_each"": [768, 2048], ""output_per_expert"": [""n_e"", 768], ""nonempty_experts"": 8, ""tokens_per_expert"": [1, 1, 1, 1, 1, 1, 1, 1, 0, 0, 0, 0, 0, 0, 0, 0, 0, 0, 0, 0, 0, 0, 0, 0, 0, 0, 0, 0, 0, 0, 0, 0, 0, 0, 0, 0, 0, 0, 0, 0, 0, 0, 0, 0, 0, 0, 0, 0, 0, 0, 0, 0, 0, 0, 0, 0, 0, 0, 0, 0, 0, 0, 0, 0, 0, 0, 0, 0, 0, 0, 0, 0, 0, 0, 0, 0, 0, 0, 0, 0, 0, 0, 0, 0, 0, 0, 0, 0, 0, 0, 0, 0, 0, 0, 0, 0, 0, 0, 0, 0, 0, 0, 0, 0, 0, 0, 0, 0, 0, 0, 0, 0, 0, 0, 0, 0, 0, 0, 0, 0, 0, 0, 0, 0, 0, 0, 0, 0]}",25165824,0,{},25165824,32768,12288,"Sum of unpadded per-expert GEMMs; each visited expert weight read once per layer, not once per token."
10,expert_up_proj,linear,"{""input_per_expert"": [""n_e"", 2048], ""weight_storage_each"": [768, 2048], ""output_per_expert"": [""n_e"", 768], ""nonempty_experts"": 8, ""tokens_per_expert"": [1, 1, 1, 1, 1, 1, 1, 1, 0, 0, 0, 0, 0, 0, 0, 0, 0, 0, 0, 0, 0, 0, 0, 0, 0, 0, 0, 0, 0, 0, 0, 0, 0, 0, 0, 0, 0, 0, 0, 0, 0, 0, 0, 0, 0, 0, 0, 0, 0, 0, 0, 0, 0, 0, 0, 0, 0, 0, 0, 0, 0, 0, 0, 0, 0, 0, 0, 0, 0, 0, 0, 0, 0, 0, 0, 0, 0, 0, 0, 0, 0, 0, 0, 0, 0, 0, 0, 0, 0, 0, 0, 0, 0, 0, 0, 0, 0, 0, 0, 0, 0, 0, 0, 0, 0, 0, 0, 0, 0, 0, 0, 0, 0, 0, 0, 0, 0, 0, 0, 0, 0, 0, 0, 0, 0, 0, 0, 0]}",25165824,0,{},25165824,32768,12288,"Sum of unpadded per-expert GEMMs; each visited expert weight read once per layer, not once per token."
10,expert_silu_mul,activation,"{""gate_and_up_each"": [8, 768]}",0,24576,"{""exp"": 6144, ""negate"": 6144}",0,24576,12288,
10,expert_down_proj,linear,"{""input_per_expert"": [""n_e"", 768], ""weight_storage_each"": [2048, 768], ""output_per_expert"": [""n_e"", 2048], ""nonempty_experts"": 8, ""tokens_per_expert"": [1, 1, 1, 1, 1, 1, 1, 1, 0, 0, 0, 0, 0, 0, 0, 0, 0, 0, 0, 0, 0, 0, 0, 0, 0, 0, 0, 0, 0, 0, 0, 0, 0, 0, 0, 0, 0, 0, 0, 0, 0, 0, 0, 0, 0, 0, 0, 0, 0, 0, 0, 0, 0, 0, 0, 0, 0, 0, 0, 0, 0, 0, 0, 0, 0, 0, 0, 0, 0, 0, 0, 0, 0, 0, 0, 0, 0, 0, 0, 0, 0, 0, 0, 0, 0, 0, 0, 0, 0, 0, 0, 0, 0, 0, 0, 0, 0, 0, 0, 0, 0, 0, 0, 0, 0, 0, 0, 0, 0, 0, 0, 0, 0, 0, 0, 0, 0, 0, 0, 0, 0, 0, 0, 0, 0, 0, 0, 0]}",25165824,0,{},25165824,12288,32768,Unpadded per-expert GEMMs; empty experts have zero arithmetic and no weight payload.
10,expert_probability_multiply,routing,"{""expert_outputs"": [8, 2048], ""routing_weights"": [8]}",0,16384,{},0,32912,32768,Probability broadcast reuses one value per assignment; int64 token/slot indices included.
10,expert_output_zero,routing,"{""output"": [1, 2048]}",0,0,{},0,0,4096,Reference initializes final_hidden_states to zero.
10,expert_index_add,routing,"{""weighted_outputs"": [8, 2048], ""combined_output"": [1, 2048]}",0,16384,{},0,65600,32768,"Reference index_add includes the first add into zero; destination read/update per assignment is logical payload, not measured HBM."
10,ffn_residual,residual,"{""inputs_each"": [1, 2048], ""output"": [1, 2048]}",0,2048,{},0,8192,4096,
11,input_layernorm,normalization,"{""input"": [1, 2048], ""weight"": [2048], ""output"": [1, 2048]}",0,8193,"{""rsqrt"": 1}",4096,4096,4096,按 FP32 行内归约的代数计数；rsqrt、类型转换与临时 FP32 张量分列／不推断 HBM spill。
11,q_proj,linear,"{""input"": [1, 2048], ""weight_math"": [2048, 4096], ""weight_storage"": [4096, 2048], ""output"": [1, 4096]}",16777216,0,{},16777216,4096,8192,独立 GEMM：权重与输入各读一次、输出写一次的操作数载荷；不预测 tile 重读。
11,k_proj,linear,"{""input"": [1, 2048], ""weight_math"": [2048, 512], ""weight_storage"": [512, 2048], ""output"": [1, 512]}",2097152,0,{},2097152,4096,1024,独立 GEMM：权重与输入各读一次、输出写一次的操作数载荷；不预测 tile 重读。
11,v_proj,linear,"{""input"": [1, 2048], ""weight_math"": [2048, 512], ""weight_storage"": [512, 2048], ""output"": [1, 512]}",2097152,0,{},2097152,4096,1024,独立 GEMM：权重与输入各读一次、输出写一次的操作数载荷；不预测 tile 重读。
11,q_norm,normalization,"{""input"": [32, 128], ""weight"": [128], ""output"": [32, 128]}",0,16416,"{""rsqrt"": 32}",256,8192,8192,按 FP32 行内归约的代数计数；rsqrt、类型转换与临时 FP32 张量分列／不推断 HBM spill。
11,k_norm,normalization,"{""input"": [4, 128], ""weight"": [128], ""output"": [4, 128]}",0,2052,"{""rsqrt"": 4}",256,1024,1024,按 FP32 行内归约的代数计数；rsqrt、类型转换与临时 FP32 张量分列／不推断 HBM spill。
11,apply_rope,position,"{""Q"": [1, 32, 1, 128], ""K"": [1, 4, 1, 128]}",0,13824,"{""negate"": 2304}",0,9728,9216,2 multiply + 1 add/元素，rotate_half 符号翻转分列；表按批／头理想复用。
11,kv_append,state,"{""new_K_and_V_each"": [1, 4, 1, 128]}",0,0,{},0,2048,2048,原位／分页 append 载荷；不假定动态 torch.cat 对旧缓存整段复制。
11,qk,attention,"{""Q"": [1, 32, 1, 128], ""K_shared"": [1, 4, 8193, 128], ""scores_rectangular"": [1, 32, 1, 8193]}",67117056,0,{},0,8397824,1048704,FLOPs 仅有效因果位置；载荷是假定 Q/K 各读一次、GQA 头共享，完整分数矩阵物化。
11,score_scale_mask_softmax,softmax,"{""scores"": [1, 32, 1, 8193]}",0,1048672,"{""exp"": 262176, ""compare_max"": 262144, ""mask_decisions"": 262176}",0,1048704,1048704,选择的融合 scale/mask/softmax 代数工作；屏蔽点不计 exp。物化 FP32 默认概率；非具体 eager trace。
11,pv,attention,"{""P"": [1, 32, 1, 8193], ""V_shared"": [1, 4, 8193, 128], ""output"": [1, 32, 1, 128]}",67117056,0,{},0,9438336,8192,PV/AV：各 Q 头仍计算；V 容量不乘 GQA 复制数。载荷假定 V 在头／查询之间理想复用。
11,o_proj,linear,"{""input"": [1, 4096], ""weight_math"": [4096, 2048], ""weight_storage"": [2048, 4096], ""output"": [1, 2048]}",16777216,0,{},16777216,8192,4096,独立 GEMM：权重与输入各读一次、输出写一次的操作数载荷；不预测 tile 重读。
11,attention_residual,residual,"{""inputs_each"": [1, 2048], ""output"": [1, 2048]}",0,2048,{},0,8192,4096,
11,post_attention_layernorm,normalization,"{""input"": [1, 2048], ""weight"": [2048], ""output"": [1, 2048]}",0,8193,"{""rsqrt"": 1}",4096,4096,4096,按 FP32 行内归约的代数计数；rsqrt、类型转换与临时 FP32 张量分列／不推断 HBM spill。
11,router,linear,"{""input"": [1, 2048], ""weight_math"": [2048, 128], ""weight_storage"": [128, 2048], ""output"": [1, 128]}",524288,0,{},524288,4096,256,独立 GEMM：权重与输入各读一次、输出写一次的操作数载荷；不预测 tile 重读。
11,router_softmax,routing,"{""input"": [1, 128], ""probabilities_fp32"": [1, 128]}",0,383,"{""exp"": 128, ""compare_max"": 127}",0,256,512,"FP32 softmax: subtract max, exp, reduction, divide; casts are not FLOPs."
11,router_topk,routing,"{""input_fp32"": [1, 128], ""values_fp32"": [1, 8], ""indices_int64"": [1, 8]}",0,0,"{""topk_rows"": 1, ""topk_candidates"": 128}",0,512,96,Top-k is an explicit selection primitive; candidate counts are not comparisons or FLOPs. Backend selection algorithm is unspecified.
11,router_renormalize_cast,routing,"{""selected_probabilities"": [1, 8]}",0,15,{},0,32,16,"Selected probabilities are renormalized if norm_topk_prob, then cast to activation dtype; row reduction assumed on-chip."
11,routing_one_hot,routing_metadata,"{""selected_int64"": [1, 8], ""mask_int64"": [1, 8, 128]}",0,0,"{""one_hot_entries"": 1024}",0,64,8192,Pinned HF reference materializes one_hot int64; this large routing mask is not assumed in optimized dispatch.
11,routing_where,routing_metadata,"{""mask_int64"": [128, 8, 1], ""top_x_and_slot_each"": [8]}",0,0,"{""integer_nonzero_tests"": 1024}",0,8192,128,Scan each expert mask; two int64 coordinates per assignment. Permute is a view.
11,expert_gather,routing,"{""source"": [1, 2048], ""gathered_rows"": [8, 2048]}",0,0,{},0,32832,32768,Logical gathers summed over experts; n_e and each concrete GEMM shape are in expert_matrices.
11,expert_gate_proj,linear,"{""input_per_expert"": [""n_e"", 2048], ""weight_storage_each"": [768, 2048], ""output_per_expert"": [""n_e"", 768], ""nonempty_experts"": 8, ""tokens_per_expert"": [1, 1, 1, 1, 1, 1, 1, 1, 0, 0, 0, 0, 0, 0, 0, 0, 0, 0, 0, 0, 0, 0, 0, 0, 0, 0, 0, 0, 0, 0, 0, 0, 0, 0, 0, 0, 0, 0, 0, 0, 0, 0, 0, 0, 0, 0, 0, 0, 0, 0, 0, 0, 0, 0, 0, 0, 0, 0, 0, 0, 0, 0, 0, 0, 0, 0, 0, 0, 0, 0, 0, 0, 0, 0, 0, 0, 0, 0, 0, 0, 0, 0, 0, 0, 0, 0, 0, 0, 0, 0, 0, 0, 0, 0, 0, 0, 0, 0, 0, 0, 0, 0, 0, 0, 0, 0, 0, 0, 0, 0, 0, 0, 0, 0, 0, 0, 0, 0, 0, 0, 0, 0, 0, 0, 0, 0, 0, 0]}",25165824,0,{},25165824,32768,12288,"Sum of unpadded per-expert GEMMs; each visited expert weight read once per layer, not once per token."
11,expert_up_proj,linear,"{""input_per_expert"": [""n_e"", 2048], ""weight_storage_each"": [768, 2048], ""output_per_expert"": [""n_e"", 768], ""nonempty_experts"": 8, ""tokens_per_expert"": [1, 1, 1, 1, 1, 1, 1, 1, 0, 0, 0, 0, 0, 0, 0, 0, 0, 0, 0, 0, 0, 0, 0, 0, 0, 0, 0, 0, 0, 0, 0, 0, 0, 0, 0, 0, 0, 0, 0, 0, 0, 0, 0, 0, 0, 0, 0, 0, 0, 0, 0, 0, 0, 0, 0, 0, 0, 0, 0, 0, 0, 0, 0, 0, 0, 0, 0, 0, 0, 0, 0, 0, 0, 0, 0, 0, 0, 0, 0, 0, 0, 0, 0, 0, 0, 0, 0, 0, 0, 0, 0, 0, 0, 0, 0, 0, 0, 0, 0, 0, 0, 0, 0, 0, 0, 0, 0, 0, 0, 0, 0, 0, 0, 0, 0, 0, 0, 0, 0, 0, 0, 0, 0, 0, 0, 0, 0, 0]}",25165824,0,{},25165824,32768,12288,"Sum of unpadded per-expert GEMMs; each visited expert weight read once per layer, not once per token."
11,expert_silu_mul,activation,"{""gate_and_up_each"": [8, 768]}",0,24576,"{""exp"": 6144, ""negate"": 6144}",0,24576,12288,
11,expert_down_proj,linear,"{""input_per_expert"": [""n_e"", 768], ""weight_storage_each"": [2048, 768], ""output_per_expert"": [""n_e"", 2048], ""nonempty_experts"": 8, ""tokens_per_expert"": [1, 1, 1, 1, 1, 1, 1, 1, 0, 0, 0, 0, 0, 0, 0, 0, 0, 0, 0, 0, 0, 0, 0, 0, 0, 0, 0, 0, 0, 0, 0, 0, 0, 0, 0, 0, 0, 0, 0, 0, 0, 0, 0, 0, 0, 0, 0, 0, 0, 0, 0, 0, 0, 0, 0, 0, 0, 0, 0, 0, 0, 0, 0, 0, 0, 0, 0, 0, 0, 0, 0, 0, 0, 0, 0, 0, 0, 0, 0, 0, 0, 0, 0, 0, 0, 0, 0, 0, 0, 0, 0, 0, 0, 0, 0, 0, 0, 0, 0, 0, 0, 0, 0, 0, 0, 0, 0, 0, 0, 0, 0, 0, 0, 0, 0, 0, 0, 0, 0, 0, 0, 0, 0, 0, 0, 0, 0, 0]}",25165824,0,{},25165824,12288,32768,Unpadded per-expert GEMMs; empty experts have zero arithmetic and no weight payload.
11,expert_probability_multiply,routing,"{""expert_outputs"": [8, 2048], ""routing_weights"": [8]}",0,16384,{},0,32912,32768,Probability broadcast reuses one value per assignment; int64 token/slot indices included.
11,expert_output_zero,routing,"{""output"": [1, 2048]}",0,0,{},0,0,4096,Reference initializes final_hidden_states to zero.
11,expert_index_add,routing,"{""weighted_outputs"": [8, 2048], ""combined_output"": [1, 2048]}",0,16384,{},0,65600,32768,"Reference index_add includes the first add into zero; destination read/update per assignment is logical payload, not measured HBM."
11,ffn_residual,residual,"{""inputs_each"": [1, 2048], ""output"": [1, 2048]}",0,2048,{},0,8192,4096,
12,input_layernorm,normalization,"{""input"": [1, 2048], ""weight"": [2048], ""output"": [1, 2048]}",0,8193,"{""rsqrt"": 1}",4096,4096,4096,按 FP32 行内归约的代数计数；rsqrt、类型转换与临时 FP32 张量分列／不推断 HBM spill。
12,q_proj,linear,"{""input"": [1, 2048], ""weight_math"": [2048, 4096], ""weight_storage"": [4096, 2048], ""output"": [1, 4096]}",16777216,0,{},16777216,4096,8192,独立 GEMM：权重与输入各读一次、输出写一次的操作数载荷；不预测 tile 重读。
12,k_proj,linear,"{""input"": [1, 2048], ""weight_math"": [2048, 512], ""weight_storage"": [512, 2048], ""output"": [1, 512]}",2097152,0,{},2097152,4096,1024,独立 GEMM：权重与输入各读一次、输出写一次的操作数载荷；不预测 tile 重读。
12,v_proj,linear,"{""input"": [1, 2048], ""weight_math"": [2048, 512], ""weight_storage"": [512, 2048], ""output"": [1, 512]}",2097152,0,{},2097152,4096,1024,独立 GEMM：权重与输入各读一次、输出写一次的操作数载荷；不预测 tile 重读。
12,q_norm,normalization,"{""input"": [32, 128], ""weight"": [128], ""output"": [32, 128]}",0,16416,"{""rsqrt"": 32}",256,8192,8192,按 FP32 行内归约的代数计数；rsqrt、类型转换与临时 FP32 张量分列／不推断 HBM spill。
12,k_norm,normalization,"{""input"": [4, 128], ""weight"": [128], ""output"": [4, 128]}",0,2052,"{""rsqrt"": 4}",256,1024,1024,按 FP32 行内归约的代数计数；rsqrt、类型转换与临时 FP32 张量分列／不推断 HBM spill。
12,apply_rope,position,"{""Q"": [1, 32, 1, 128], ""K"": [1, 4, 1, 128]}",0,13824,"{""negate"": 2304}",0,9728,9216,2 multiply + 1 add/元素，rotate_half 符号翻转分列；表按批／头理想复用。
12,kv_append,state,"{""new_K_and_V_each"": [1, 4, 1, 128]}",0,0,{},0,2048,2048,原位／分页 append 载荷；不假定动态 torch.cat 对旧缓存整段复制。
12,qk,attention,"{""Q"": [1, 32, 1, 128], ""K_shared"": [1, 4, 8193, 128], ""scores_rectangular"": [1, 32, 1, 8193]}",67117056,0,{},0,8397824,1048704,FLOPs 仅有效因果位置；载荷是假定 Q/K 各读一次、GQA 头共享，完整分数矩阵物化。
12,score_scale_mask_softmax,softmax,"{""scores"": [1, 32, 1, 8193]}",0,1048672,"{""exp"": 262176, ""compare_max"": 262144, ""mask_decisions"": 262176}",0,1048704,1048704,选择的融合 scale/mask/softmax 代数工作；屏蔽点不计 exp。物化 FP32 默认概率；非具体 eager trace。
12,pv,attention,"{""P"": [1, 32, 1, 8193], ""V_shared"": [1, 4, 8193, 128], ""output"": [1, 32, 1, 128]}",67117056,0,{},0,9438336,8192,PV/AV：各 Q 头仍计算；V 容量不乘 GQA 复制数。载荷假定 V 在头／查询之间理想复用。
12,o_proj,linear,"{""input"": [1, 4096], ""weight_math"": [4096, 2048], ""weight_storage"": [2048, 4096], ""output"": [1, 2048]}",16777216,0,{},16777216,8192,4096,独立 GEMM：权重与输入各读一次、输出写一次的操作数载荷；不预测 tile 重读。
12,attention_residual,residual,"{""inputs_each"": [1, 2048], ""output"": [1, 2048]}",0,2048,{},0,8192,4096,
12,post_attention_layernorm,normalization,"{""input"": [1, 2048], ""weight"": [2048], ""output"": [1, 2048]}",0,8193,"{""rsqrt"": 1}",4096,4096,4096,按 FP32 行内归约的代数计数；rsqrt、类型转换与临时 FP32 张量分列／不推断 HBM spill。
12,router,linear,"{""input"": [1, 2048], ""weight_math"": [2048, 128], ""weight_storage"": [128, 2048], ""output"": [1, 128]}",524288,0,{},524288,4096,256,独立 GEMM：权重与输入各读一次、输出写一次的操作数载荷；不预测 tile 重读。
12,router_softmax,routing,"{""input"": [1, 128], ""probabilities_fp32"": [1, 128]}",0,383,"{""exp"": 128, ""compare_max"": 127}",0,256,512,"FP32 softmax: subtract max, exp, reduction, divide; casts are not FLOPs."
12,router_topk,routing,"{""input_fp32"": [1, 128], ""values_fp32"": [1, 8], ""indices_int64"": [1, 8]}",0,0,"{""topk_rows"": 1, ""topk_candidates"": 128}",0,512,96,Top-k is an explicit selection primitive; candidate counts are not comparisons or FLOPs. Backend selection algorithm is unspecified.
12,router_renormalize_cast,routing,"{""selected_probabilities"": [1, 8]}",0,15,{},0,32,16,"Selected probabilities are renormalized if norm_topk_prob, then cast to activation dtype; row reduction assumed on-chip."
12,routing_one_hot,routing_metadata,"{""selected_int64"": [1, 8], ""mask_int64"": [1, 8, 128]}",0,0,"{""one_hot_entries"": 1024}",0,64,8192,Pinned HF reference materializes one_hot int64; this large routing mask is not assumed in optimized dispatch.
12,routing_where,routing_metadata,"{""mask_int64"": [128, 8, 1], ""top_x_and_slot_each"": [8]}",0,0,"{""integer_nonzero_tests"": 1024}",0,8192,128,Scan each expert mask; two int64 coordinates per assignment. Permute is a view.
12,expert_gather,routing,"{""source"": [1, 2048], ""gathered_rows"": [8, 2048]}",0,0,{},0,32832,32768,Logical gathers summed over experts; n_e and each concrete GEMM shape are in expert_matrices.
12,expert_gate_proj,linear,"{""input_per_expert"": [""n_e"", 2048], ""weight_storage_each"": [768, 2048], ""output_per_expert"": [""n_e"", 768], ""nonempty_experts"": 8, ""tokens_per_expert"": [1, 1, 1, 1, 1, 1, 1, 1, 0, 0, 0, 0, 0, 0, 0, 0, 0, 0, 0, 0, 0, 0, 0, 0, 0, 0, 0, 0, 0, 0, 0, 0, 0, 0, 0, 0, 0, 0, 0, 0, 0, 0, 0, 0, 0, 0, 0, 0, 0, 0, 0, 0, 0, 0, 0, 0, 0, 0, 0, 0, 0, 0, 0, 0, 0, 0, 0, 0, 0, 0, 0, 0, 0, 0, 0, 0, 0, 0, 0, 0, 0, 0, 0, 0, 0, 0, 0, 0, 0, 0, 0, 0, 0, 0, 0, 0, 0, 0, 0, 0, 0, 0, 0, 0, 0, 0, 0, 0, 0, 0, 0, 0, 0, 0, 0, 0, 0, 0, 0, 0, 0, 0, 0, 0, 0, 0, 0, 0]}",25165824,0,{},25165824,32768,12288,"Sum of unpadded per-expert GEMMs; each visited expert weight read once per layer, not once per token."
12,expert_up_proj,linear,"{""input_per_expert"": [""n_e"", 2048], ""weight_storage_each"": [768, 2048], ""output_per_expert"": [""n_e"", 768], ""nonempty_experts"": 8, ""tokens_per_expert"": [1, 1, 1, 1, 1, 1, 1, 1, 0, 0, 0, 0, 0, 0, 0, 0, 0, 0, 0, 0, 0, 0, 0, 0, 0, 0, 0, 0, 0, 0, 0, 0, 0, 0, 0, 0, 0, 0, 0, 0, 0, 0, 0, 0, 0, 0, 0, 0, 0, 0, 0, 0, 0, 0, 0, 0, 0, 0, 0, 0, 0, 0, 0, 0, 0, 0, 0, 0, 0, 0, 0, 0, 0, 0, 0, 0, 0, 0, 0, 0, 0, 0, 0, 0, 0, 0, 0, 0, 0, 0, 0, 0, 0, 0, 0, 0, 0, 0, 0, 0, 0, 0, 0, 0, 0, 0, 0, 0, 0, 0, 0, 0, 0, 0, 0, 0, 0, 0, 0, 0, 0, 0, 0, 0, 0, 0, 0, 0]}",25165824,0,{},25165824,32768,12288,"Sum of unpadded per-expert GEMMs; each visited expert weight read once per layer, not once per token."
12,expert_silu_mul,activation,"{""gate_and_up_each"": [8, 768]}",0,24576,"{""exp"": 6144, ""negate"": 6144}",0,24576,12288,
12,expert_down_proj,linear,"{""input_per_expert"": [""n_e"", 768], ""weight_storage_each"": [2048, 768], ""output_per_expert"": [""n_e"", 2048], ""nonempty_experts"": 8, ""tokens_per_expert"": [1, 1, 1, 1, 1, 1, 1, 1, 0, 0, 0, 0, 0, 0, 0, 0, 0, 0, 0, 0, 0, 0, 0, 0, 0, 0, 0, 0, 0, 0, 0, 0, 0, 0, 0, 0, 0, 0, 0, 0, 0, 0, 0, 0, 0, 0, 0, 0, 0, 0, 0, 0, 0, 0, 0, 0, 0, 0, 0, 0, 0, 0, 0, 0, 0, 0, 0, 0, 0, 0, 0, 0, 0, 0, 0, 0, 0, 0, 0, 0, 0, 0, 0, 0, 0, 0, 0, 0, 0, 0, 0, 0, 0, 0, 0, 0, 0, 0, 0, 0, 0, 0, 0, 0, 0, 0, 0, 0, 0, 0, 0, 0, 0, 0, 0, 0, 0, 0, 0, 0, 0, 0, 0, 0, 0, 0, 0, 0]}",25165824,0,{},25165824,12288,32768,Unpadded per-expert GEMMs; empty experts have zero arithmetic and no weight payload.
12,expert_probability_multiply,routing,"{""expert_outputs"": [8, 2048], ""routing_weights"": [8]}",0,16384,{},0,32912,32768,Probability broadcast reuses one value per assignment; int64 token/slot indices included.
12,expert_output_zero,routing,"{""output"": [1, 2048]}",0,0,{},0,0,4096,Reference initializes final_hidden_states to zero.
12,expert_index_add,routing,"{""weighted_outputs"": [8, 2048], ""combined_output"": [1, 2048]}",0,16384,{},0,65600,32768,"Reference index_add includes the first add into zero; destination read/update per assignment is logical payload, not measured HBM."
12,ffn_residual,residual,"{""inputs_each"": [1, 2048], ""output"": [1, 2048]}",0,2048,{},0,8192,4096,
13,input_layernorm,normalization,"{""input"": [1, 2048], ""weight"": [2048], ""output"": [1, 2048]}",0,8193,"{""rsqrt"": 1}",4096,4096,4096,按 FP32 行内归约的代数计数；rsqrt、类型转换与临时 FP32 张量分列／不推断 HBM spill。
13,q_proj,linear,"{""input"": [1, 2048], ""weight_math"": [2048, 4096], ""weight_storage"": [4096, 2048], ""output"": [1, 4096]}",16777216,0,{},16777216,4096,8192,独立 GEMM：权重与输入各读一次、输出写一次的操作数载荷；不预测 tile 重读。
13,k_proj,linear,"{""input"": [1, 2048], ""weight_math"": [2048, 512], ""weight_storage"": [512, 2048], ""output"": [1, 512]}",2097152,0,{},2097152,4096,1024,独立 GEMM：权重与输入各读一次、输出写一次的操作数载荷；不预测 tile 重读。
13,v_proj,linear,"{""input"": [1, 2048], ""weight_math"": [2048, 512], ""weight_storage"": [512, 2048], ""output"": [1, 512]}",2097152,0,{},2097152,4096,1024,独立 GEMM：权重与输入各读一次、输出写一次的操作数载荷；不预测 tile 重读。
13,q_norm,normalization,"{""input"": [32, 128], ""weight"": [128], ""output"": [32, 128]}",0,16416,"{""rsqrt"": 32}",256,8192,8192,按 FP32 行内归约的代数计数；rsqrt、类型转换与临时 FP32 张量分列／不推断 HBM spill。
13,k_norm,normalization,"{""input"": [4, 128], ""weight"": [128], ""output"": [4, 128]}",0,2052,"{""rsqrt"": 4}",256,1024,1024,按 FP32 行内归约的代数计数；rsqrt、类型转换与临时 FP32 张量分列／不推断 HBM spill。
13,apply_rope,position,"{""Q"": [1, 32, 1, 128], ""K"": [1, 4, 1, 128]}",0,13824,"{""negate"": 2304}",0,9728,9216,2 multiply + 1 add/元素，rotate_half 符号翻转分列；表按批／头理想复用。
13,kv_append,state,"{""new_K_and_V_each"": [1, 4, 1, 128]}",0,0,{},0,2048,2048,原位／分页 append 载荷；不假定动态 torch.cat 对旧缓存整段复制。
13,qk,attention,"{""Q"": [1, 32, 1, 128], ""K_shared"": [1, 4, 8193, 128], ""scores_rectangular"": [1, 32, 1, 8193]}",67117056,0,{},0,8397824,1048704,FLOPs 仅有效因果位置；载荷是假定 Q/K 各读一次、GQA 头共享，完整分数矩阵物化。
13,score_scale_mask_softmax,softmax,"{""scores"": [1, 32, 1, 8193]}",0,1048672,"{""exp"": 262176, ""compare_max"": 262144, ""mask_decisions"": 262176}",0,1048704,1048704,选择的融合 scale/mask/softmax 代数工作；屏蔽点不计 exp。物化 FP32 默认概率；非具体 eager trace。
13,pv,attention,"{""P"": [1, 32, 1, 8193], ""V_shared"": [1, 4, 8193, 128], ""output"": [1, 32, 1, 128]}",67117056,0,{},0,9438336,8192,PV/AV：各 Q 头仍计算；V 容量不乘 GQA 复制数。载荷假定 V 在头／查询之间理想复用。
13,o_proj,linear,"{""input"": [1, 4096], ""weight_math"": [4096, 2048], ""weight_storage"": [2048, 4096], ""output"": [1, 2048]}",16777216,0,{},16777216,8192,4096,独立 GEMM：权重与输入各读一次、输出写一次的操作数载荷；不预测 tile 重读。
13,attention_residual,residual,"{""inputs_each"": [1, 2048], ""output"": [1, 2048]}",0,2048,{},0,8192,4096,
13,post_attention_layernorm,normalization,"{""input"": [1, 2048], ""weight"": [2048], ""output"": [1, 2048]}",0,8193,"{""rsqrt"": 1}",4096,4096,4096,按 FP32 行内归约的代数计数；rsqrt、类型转换与临时 FP32 张量分列／不推断 HBM spill。
13,router,linear,"{""input"": [1, 2048], ""weight_math"": [2048, 128], ""weight_storage"": [128, 2048], ""output"": [1, 128]}",524288,0,{},524288,4096,256,独立 GEMM：权重与输入各读一次、输出写一次的操作数载荷；不预测 tile 重读。
13,router_softmax,routing,"{""input"": [1, 128], ""probabilities_fp32"": [1, 128]}",0,383,"{""exp"": 128, ""compare_max"": 127}",0,256,512,"FP32 softmax: subtract max, exp, reduction, divide; casts are not FLOPs."
13,router_topk,routing,"{""input_fp32"": [1, 128], ""values_fp32"": [1, 8], ""indices_int64"": [1, 8]}",0,0,"{""topk_rows"": 1, ""topk_candidates"": 128}",0,512,96,Top-k is an explicit selection primitive; candidate counts are not comparisons or FLOPs. Backend selection algorithm is unspecified.
13,router_renormalize_cast,routing,"{""selected_probabilities"": [1, 8]}",0,15,{},0,32,16,"Selected probabilities are renormalized if norm_topk_prob, then cast to activation dtype; row reduction assumed on-chip."
13,routing_one_hot,routing_metadata,"{""selected_int64"": [1, 8], ""mask_int64"": [1, 8, 128]}",0,0,"{""one_hot_entries"": 1024}",0,64,8192,Pinned HF reference materializes one_hot int64; this large routing mask is not assumed in optimized dispatch.
13,routing_where,routing_metadata,"{""mask_int64"": [128, 8, 1], ""top_x_and_slot_each"": [8]}",0,0,"{""integer_nonzero_tests"": 1024}",0,8192,128,Scan each expert mask; two int64 coordinates per assignment. Permute is a view.
13,expert_gather,routing,"{""source"": [1, 2048], ""gathered_rows"": [8, 2048]}",0,0,{},0,32832,32768,Logical gathers summed over experts; n_e and each concrete GEMM shape are in expert_matrices.
13,expert_gate_proj,linear,"{""input_per_expert"": [""n_e"", 2048], ""weight_storage_each"": [768, 2048], ""output_per_expert"": [""n_e"", 768], ""nonempty_experts"": 8, ""tokens_per_expert"": [1, 1, 1, 1, 1, 1, 1, 1, 0, 0, 0, 0, 0, 0, 0, 0, 0, 0, 0, 0, 0, 0, 0, 0, 0, 0, 0, 0, 0, 0, 0, 0, 0, 0, 0, 0, 0, 0, 0, 0, 0, 0, 0, 0, 0, 0, 0, 0, 0, 0, 0, 0, 0, 0, 0, 0, 0, 0, 0, 0, 0, 0, 0, 0, 0, 0, 0, 0, 0, 0, 0, 0, 0, 0, 0, 0, 0, 0, 0, 0, 0, 0, 0, 0, 0, 0, 0, 0, 0, 0, 0, 0, 0, 0, 0, 0, 0, 0, 0, 0, 0, 0, 0, 0, 0, 0, 0, 0, 0, 0, 0, 0, 0, 0, 0, 0, 0, 0, 0, 0, 0, 0, 0, 0, 0, 0, 0, 0]}",25165824,0,{},25165824,32768,12288,"Sum of unpadded per-expert GEMMs; each visited expert weight read once per layer, not once per token."
13,expert_up_proj,linear,"{""input_per_expert"": [""n_e"", 2048], ""weight_storage_each"": [768, 2048], ""output_per_expert"": [""n_e"", 768], ""nonempty_experts"": 8, ""tokens_per_expert"": [1, 1, 1, 1, 1, 1, 1, 1, 0, 0, 0, 0, 0, 0, 0, 0, 0, 0, 0, 0, 0, 0, 0, 0, 0, 0, 0, 0, 0, 0, 0, 0, 0, 0, 0, 0, 0, 0, 0, 0, 0, 0, 0, 0, 0, 0, 0, 0, 0, 0, 0, 0, 0, 0, 0, 0, 0, 0, 0, 0, 0, 0, 0, 0, 0, 0, 0, 0, 0, 0, 0, 0, 0, 0, 0, 0, 0, 0, 0, 0, 0, 0, 0, 0, 0, 0, 0, 0, 0, 0, 0, 0, 0, 0, 0, 0, 0, 0, 0, 0, 0, 0, 0, 0, 0, 0, 0, 0, 0, 0, 0, 0, 0, 0, 0, 0, 0, 0, 0, 0, 0, 0, 0, 0, 0, 0, 0, 0]}",25165824,0,{},25165824,32768,12288,"Sum of unpadded per-expert GEMMs; each visited expert weight read once per layer, not once per token."
13,expert_silu_mul,activation,"{""gate_and_up_each"": [8, 768]}",0,24576,"{""exp"": 6144, ""negate"": 6144}",0,24576,12288,
13,expert_down_proj,linear,"{""input_per_expert"": [""n_e"", 768], ""weight_storage_each"": [2048, 768], ""output_per_expert"": [""n_e"", 2048], ""nonempty_experts"": 8, ""tokens_per_expert"": [1, 1, 1, 1, 1, 1, 1, 1, 0, 0, 0, 0, 0, 0, 0, 0, 0, 0, 0, 0, 0, 0, 0, 0, 0, 0, 0, 0, 0, 0, 0, 0, 0, 0, 0, 0, 0, 0, 0, 0, 0, 0, 0, 0, 0, 0, 0, 0, 0, 0, 0, 0, 0, 0, 0, 0, 0, 0, 0, 0, 0, 0, 0, 0, 0, 0, 0, 0, 0, 0, 0, 0, 0, 0, 0, 0, 0, 0, 0, 0, 0, 0, 0, 0, 0, 0, 0, 0, 0, 0, 0, 0, 0, 0, 0, 0, 0, 0, 0, 0, 0, 0, 0, 0, 0, 0, 0, 0, 0, 0, 0, 0, 0, 0, 0, 0, 0, 0, 0, 0, 0, 0, 0, 0, 0, 0, 0, 0]}",25165824,0,{},25165824,12288,32768,Unpadded per-expert GEMMs; empty experts have zero arithmetic and no weight payload.
13,expert_probability_multiply,routing,"{""expert_outputs"": [8, 2048], ""routing_weights"": [8]}",0,16384,{},0,32912,32768,Probability broadcast reuses one value per assignment; int64 token/slot indices included.
13,expert_output_zero,routing,"{""output"": [1, 2048]}",0,0,{},0,0,4096,Reference initializes final_hidden_states to zero.
13,expert_index_add,routing,"{""weighted_outputs"": [8, 2048], ""combined_output"": [1, 2048]}",0,16384,{},0,65600,32768,"Reference index_add includes the first add into zero; destination read/update per assignment is logical payload, not measured HBM."
13,ffn_residual,residual,"{""inputs_each"": [1, 2048], ""output"": [1, 2048]}",0,2048,{},0,8192,4096,
14,input_layernorm,normalization,"{""input"": [1, 2048], ""weight"": [2048], ""output"": [1, 2048]}",0,8193,"{""rsqrt"": 1}",4096,4096,4096,按 FP32 行内归约的代数计数；rsqrt、类型转换与临时 FP32 张量分列／不推断 HBM spill。
14,q_proj,linear,"{""input"": [1, 2048], ""weight_math"": [2048, 4096], ""weight_storage"": [4096, 2048], ""output"": [1, 4096]}",16777216,0,{},16777216,4096,8192,独立 GEMM：权重与输入各读一次、输出写一次的操作数载荷；不预测 tile 重读。
14,k_proj,linear,"{""input"": [1, 2048], ""weight_math"": [2048, 512], ""weight_storage"": [512, 2048], ""output"": [1, 512]}",2097152,0,{},2097152,4096,1024,独立 GEMM：权重与输入各读一次、输出写一次的操作数载荷；不预测 tile 重读。
14,v_proj,linear,"{""input"": [1, 2048], ""weight_math"": [2048, 512], ""weight_storage"": [512, 2048], ""output"": [1, 512]}",2097152,0,{},2097152,4096,1024,独立 GEMM：权重与输入各读一次、输出写一次的操作数载荷；不预测 tile 重读。
14,q_norm,normalization,"{""input"": [32, 128], ""weight"": [128], ""output"": [32, 128]}",0,16416,"{""rsqrt"": 32}",256,8192,8192,按 FP32 行内归约的代数计数；rsqrt、类型转换与临时 FP32 张量分列／不推断 HBM spill。
14,k_norm,normalization,"{""input"": [4, 128], ""weight"": [128], ""output"": [4, 128]}",0,2052,"{""rsqrt"": 4}",256,1024,1024,按 FP32 行内归约的代数计数；rsqrt、类型转换与临时 FP32 张量分列／不推断 HBM spill。
14,apply_rope,position,"{""Q"": [1, 32, 1, 128], ""K"": [1, 4, 1, 128]}",0,13824,"{""negate"": 2304}",0,9728,9216,2 multiply + 1 add/元素，rotate_half 符号翻转分列；表按批／头理想复用。
14,kv_append,state,"{""new_K_and_V_each"": [1, 4, 1, 128]}",0,0,{},0,2048,2048,原位／分页 append 载荷；不假定动态 torch.cat 对旧缓存整段复制。
14,qk,attention,"{""Q"": [1, 32, 1, 128], ""K_shared"": [1, 4, 8193, 128], ""scores_rectangular"": [1, 32, 1, 8193]}",67117056,0,{},0,8397824,1048704,FLOPs 仅有效因果位置；载荷是假定 Q/K 各读一次、GQA 头共享，完整分数矩阵物化。
14,score_scale_mask_softmax,softmax,"{""scores"": [1, 32, 1, 8193]}",0,1048672,"{""exp"": 262176, ""compare_max"": 262144, ""mask_decisions"": 262176}",0,1048704,1048704,选择的融合 scale/mask/softmax 代数工作；屏蔽点不计 exp。物化 FP32 默认概率；非具体 eager trace。
14,pv,attention,"{""P"": [1, 32, 1, 8193], ""V_shared"": [1, 4, 8193, 128], ""output"": [1, 32, 1, 128]}",67117056,0,{},0,9438336,8192,PV/AV：各 Q 头仍计算；V 容量不乘 GQA 复制数。载荷假定 V 在头／查询之间理想复用。
14,o_proj,linear,"{""input"": [1, 4096], ""weight_math"": [4096, 2048], ""weight_storage"": [2048, 4096], ""output"": [1, 2048]}",16777216,0,{},16777216,8192,4096,独立 GEMM：权重与输入各读一次、输出写一次的操作数载荷；不预测 tile 重读。
14,attention_residual,residual,"{""inputs_each"": [1, 2048], ""output"": [1, 2048]}",0,2048,{},0,8192,4096,
14,post_attention_layernorm,normalization,"{""input"": [1, 2048], ""weight"": [2048], ""output"": [1, 2048]}",0,8193,"{""rsqrt"": 1}",4096,4096,4096,按 FP32 行内归约的代数计数；rsqrt、类型转换与临时 FP32 张量分列／不推断 HBM spill。
14,router,linear,"{""input"": [1, 2048], ""weight_math"": [2048, 128], ""weight_storage"": [128, 2048], ""output"": [1, 128]}",524288,0,{},524288,4096,256,独立 GEMM：权重与输入各读一次、输出写一次的操作数载荷；不预测 tile 重读。
14,router_softmax,routing,"{""input"": [1, 128], ""probabilities_fp32"": [1, 128]}",0,383,"{""exp"": 128, ""compare_max"": 127}",0,256,512,"FP32 softmax: subtract max, exp, reduction, divide; casts are not FLOPs."
14,router_topk,routing,"{""input_fp32"": [1, 128], ""values_fp32"": [1, 8], ""indices_int64"": [1, 8]}",0,0,"{""topk_rows"": 1, ""topk_candidates"": 128}",0,512,96,Top-k is an explicit selection primitive; candidate counts are not comparisons or FLOPs. Backend selection algorithm is unspecified.
14,router_renormalize_cast,routing,"{""selected_probabilities"": [1, 8]}",0,15,{},0,32,16,"Selected probabilities are renormalized if norm_topk_prob, then cast to activation dtype; row reduction assumed on-chip."
14,routing_one_hot,routing_metadata,"{""selected_int64"": [1, 8], ""mask_int64"": [1, 8, 128]}",0,0,"{""one_hot_entries"": 1024}",0,64,8192,Pinned HF reference materializes one_hot int64; this large routing mask is not assumed in optimized dispatch.
14,routing_where,routing_metadata,"{""mask_int64"": [128, 8, 1], ""top_x_and_slot_each"": [8]}",0,0,"{""integer_nonzero_tests"": 1024}",0,8192,128,Scan each expert mask; two int64 coordinates per assignment. Permute is a view.
14,expert_gather,routing,"{""source"": [1, 2048], ""gathered_rows"": [8, 2048]}",0,0,{},0,32832,32768,Logical gathers summed over experts; n_e and each concrete GEMM shape are in expert_matrices.
14,expert_gate_proj,linear,"{""input_per_expert"": [""n_e"", 2048], ""weight_storage_each"": [768, 2048], ""output_per_expert"": [""n_e"", 768], ""nonempty_experts"": 8, ""tokens_per_expert"": [1, 1, 1, 1, 1, 1, 1, 1, 0, 0, 0, 0, 0, 0, 0, 0, 0, 0, 0, 0, 0, 0, 0, 0, 0, 0, 0, 0, 0, 0, 0, 0, 0, 0, 0, 0, 0, 0, 0, 0, 0, 0, 0, 0, 0, 0, 0, 0, 0, 0, 0, 0, 0, 0, 0, 0, 0, 0, 0, 0, 0, 0, 0, 0, 0, 0, 0, 0, 0, 0, 0, 0, 0, 0, 0, 0, 0, 0, 0, 0, 0, 0, 0, 0, 0, 0, 0, 0, 0, 0, 0, 0, 0, 0, 0, 0, 0, 0, 0, 0, 0, 0, 0, 0, 0, 0, 0, 0, 0, 0, 0, 0, 0, 0, 0, 0, 0, 0, 0, 0, 0, 0, 0, 0, 0, 0, 0, 0]}",25165824,0,{},25165824,32768,12288,"Sum of unpadded per-expert GEMMs; each visited expert weight read once per layer, not once per token."
14,expert_up_proj,linear,"{""input_per_expert"": [""n_e"", 2048], ""weight_storage_each"": [768, 2048], ""output_per_expert"": [""n_e"", 768], ""nonempty_experts"": 8, ""tokens_per_expert"": [1, 1, 1, 1, 1, 1, 1, 1, 0, 0, 0, 0, 0, 0, 0, 0, 0, 0, 0, 0, 0, 0, 0, 0, 0, 0, 0, 0, 0, 0, 0, 0, 0, 0, 0, 0, 0, 0, 0, 0, 0, 0, 0, 0, 0, 0, 0, 0, 0, 0, 0, 0, 0, 0, 0, 0, 0, 0, 0, 0, 0, 0, 0, 0, 0, 0, 0, 0, 0, 0, 0, 0, 0, 0, 0, 0, 0, 0, 0, 0, 0, 0, 0, 0, 0, 0, 0, 0, 0, 0, 0, 0, 0, 0, 0, 0, 0, 0, 0, 0, 0, 0, 0, 0, 0, 0, 0, 0, 0, 0, 0, 0, 0, 0, 0, 0, 0, 0, 0, 0, 0, 0, 0, 0, 0, 0, 0, 0]}",25165824,0,{},25165824,32768,12288,"Sum of unpadded per-expert GEMMs; each visited expert weight read once per layer, not once per token."
14,expert_silu_mul,activation,"{""gate_and_up_each"": [8, 768]}",0,24576,"{""exp"": 6144, ""negate"": 6144}",0,24576,12288,
14,expert_down_proj,linear,"{""input_per_expert"": [""n_e"", 768], ""weight_storage_each"": [2048, 768], ""output_per_expert"": [""n_e"", 2048], ""nonempty_experts"": 8, ""tokens_per_expert"": [1, 1, 1, 1, 1, 1, 1, 1, 0, 0, 0, 0, 0, 0, 0, 0, 0, 0, 0, 0, 0, 0, 0, 0, 0, 0, 0, 0, 0, 0, 0, 0, 0, 0, 0, 0, 0, 0, 0, 0, 0, 0, 0, 0, 0, 0, 0, 0, 0, 0, 0, 0, 0, 0, 0, 0, 0, 0, 0, 0, 0, 0, 0, 0, 0, 0, 0, 0, 0, 0, 0, 0, 0, 0, 0, 0, 0, 0, 0, 0, 0, 0, 0, 0, 0, 0, 0, 0, 0, 0, 0, 0, 0, 0, 0, 0, 0, 0, 0, 0, 0, 0, 0, 0, 0, 0, 0, 0, 0, 0, 0, 0, 0, 0, 0, 0, 0, 0, 0, 0, 0, 0, 0, 0, 0, 0, 0, 0]}",25165824,0,{},25165824,12288,32768,Unpadded per-expert GEMMs; empty experts have zero arithmetic and no weight payload.
14,expert_probability_multiply,routing,"{""expert_outputs"": [8, 2048], ""routing_weights"": [8]}",0,16384,{},0,32912,32768,Probability broadcast reuses one value per assignment; int64 token/slot indices included.
14,expert_output_zero,routing,"{""output"": [1, 2048]}",0,0,{},0,0,4096,Reference initializes final_hidden_states to zero.
14,expert_index_add,routing,"{""weighted_outputs"": [8, 2048], ""combined_output"": [1, 2048]}",0,16384,{},0,65600,32768,"Reference index_add includes the first add into zero; destination read/update per assignment is logical payload, not measured HBM."
14,ffn_residual,residual,"{""inputs_each"": [1, 2048], ""output"": [1, 2048]}",0,2048,{},0,8192,4096,
15,input_layernorm,normalization,"{""input"": [1, 2048], ""weight"": [2048], ""output"": [1, 2048]}",0,8193,"{""rsqrt"": 1}",4096,4096,4096,按 FP32 行内归约的代数计数；rsqrt、类型转换与临时 FP32 张量分列／不推断 HBM spill。
15,q_proj,linear,"{""input"": [1, 2048], ""weight_math"": [2048, 4096], ""weight_storage"": [4096, 2048], ""output"": [1, 4096]}",16777216,0,{},16777216,4096,8192,独立 GEMM：权重与输入各读一次、输出写一次的操作数载荷；不预测 tile 重读。
15,k_proj,linear,"{""input"": [1, 2048], ""weight_math"": [2048, 512], ""weight_storage"": [512, 2048], ""output"": [1, 512]}",2097152,0,{},2097152,4096,1024,独立 GEMM：权重与输入各读一次、输出写一次的操作数载荷；不预测 tile 重读。
15,v_proj,linear,"{""input"": [1, 2048], ""weight_math"": [2048, 512], ""weight_storage"": [512, 2048], ""output"": [1, 512]}",2097152,0,{},2097152,4096,1024,独立 GEMM：权重与输入各读一次、输出写一次的操作数载荷；不预测 tile 重读。
15,q_norm,normalization,"{""input"": [32, 128], ""weight"": [128], ""output"": [32, 128]}",0,16416,"{""rsqrt"": 32}",256,8192,8192,按 FP32 行内归约的代数计数；rsqrt、类型转换与临时 FP32 张量分列／不推断 HBM spill。
15,k_norm,normalization,"{""input"": [4, 128], ""weight"": [128], ""output"": [4, 128]}",0,2052,"{""rsqrt"": 4}",256,1024,1024,按 FP32 行内归约的代数计数；rsqrt、类型转换与临时 FP32 张量分列／不推断 HBM spill。
15,apply_rope,position,"{""Q"": [1, 32, 1, 128], ""K"": [1, 4, 1, 128]}",0,13824,"{""negate"": 2304}",0,9728,9216,2 multiply + 1 add/元素，rotate_half 符号翻转分列；表按批／头理想复用。
15,kv_append,state,"{""new_K_and_V_each"": [1, 4, 1, 128]}",0,0,{},0,2048,2048,原位／分页 append 载荷；不假定动态 torch.cat 对旧缓存整段复制。
15,qk,attention,"{""Q"": [1, 32, 1, 128], ""K_shared"": [1, 4, 8193, 128], ""scores_rectangular"": [1, 32, 1, 8193]}",67117056,0,{},0,8397824,1048704,FLOPs 仅有效因果位置；载荷是假定 Q/K 各读一次、GQA 头共享，完整分数矩阵物化。
15,score_scale_mask_softmax,softmax,"{""scores"": [1, 32, 1, 8193]}",0,1048672,"{""exp"": 262176, ""compare_max"": 262144, ""mask_decisions"": 262176}",0,1048704,1048704,选择的融合 scale/mask/softmax 代数工作；屏蔽点不计 exp。物化 FP32 默认概率；非具体 eager trace。
15,pv,attention,"{""P"": [1, 32, 1, 8193], ""V_shared"": [1, 4, 8193, 128], ""output"": [1, 32, 1, 128]}",67117056,0,{},0,9438336,8192,PV/AV：各 Q 头仍计算；V 容量不乘 GQA 复制数。载荷假定 V 在头／查询之间理想复用。
15,o_proj,linear,"{""input"": [1, 4096], ""weight_math"": [4096, 2048], ""weight_storage"": [2048, 4096], ""output"": [1, 2048]}",16777216,0,{},16777216,8192,4096,独立 GEMM：权重与输入各读一次、输出写一次的操作数载荷；不预测 tile 重读。
15,attention_residual,residual,"{""inputs_each"": [1, 2048], ""output"": [1, 2048]}",0,2048,{},0,8192,4096,
15,post_attention_layernorm,normalization,"{""input"": [1, 2048], ""weight"": [2048], ""output"": [1, 2048]}",0,8193,"{""rsqrt"": 1}",4096,4096,4096,按 FP32 行内归约的代数计数；rsqrt、类型转换与临时 FP32 张量分列／不推断 HBM spill。
15,router,linear,"{""input"": [1, 2048], ""weight_math"": [2048, 128], ""weight_storage"": [128, 2048], ""output"": [1, 128]}",524288,0,{},524288,4096,256,独立 GEMM：权重与输入各读一次、输出写一次的操作数载荷；不预测 tile 重读。
15,router_softmax,routing,"{""input"": [1, 128], ""probabilities_fp32"": [1, 128]}",0,383,"{""exp"": 128, ""compare_max"": 127}",0,256,512,"FP32 softmax: subtract max, exp, reduction, divide; casts are not FLOPs."
15,router_topk,routing,"{""input_fp32"": [1, 128], ""values_fp32"": [1, 8], ""indices_int64"": [1, 8]}",0,0,"{""topk_rows"": 1, ""topk_candidates"": 128}",0,512,96,Top-k is an explicit selection primitive; candidate counts are not comparisons or FLOPs. Backend selection algorithm is unspecified.
15,router_renormalize_cast,routing,"{""selected_probabilities"": [1, 8]}",0,15,{},0,32,16,"Selected probabilities are renormalized if norm_topk_prob, then cast to activation dtype; row reduction assumed on-chip."
15,routing_one_hot,routing_metadata,"{""selected_int64"": [1, 8], ""mask_int64"": [1, 8, 128]}",0,0,"{""one_hot_entries"": 1024}",0,64,8192,Pinned HF reference materializes one_hot int64; this large routing mask is not assumed in optimized dispatch.
15,routing_where,routing_metadata,"{""mask_int64"": [128, 8, 1], ""top_x_and_slot_each"": [8]}",0,0,"{""integer_nonzero_tests"": 1024}",0,8192,128,Scan each expert mask; two int64 coordinates per assignment. Permute is a view.
15,expert_gather,routing,"{""source"": [1, 2048], ""gathered_rows"": [8, 2048]}",0,0,{},0,32832,32768,Logical gathers summed over experts; n_e and each concrete GEMM shape are in expert_matrices.
15,expert_gate_proj,linear,"{""input_per_expert"": [""n_e"", 2048], ""weight_storage_each"": [768, 2048], ""output_per_expert"": [""n_e"", 768], ""nonempty_experts"": 8, ""tokens_per_expert"": [1, 1, 1, 1, 1, 1, 1, 1, 0, 0, 0, 0, 0, 0, 0, 0, 0, 0, 0, 0, 0, 0, 0, 0, 0, 0, 0, 0, 0, 0, 0, 0, 0, 0, 0, 0, 0, 0, 0, 0, 0, 0, 0, 0, 0, 0, 0, 0, 0, 0, 0, 0, 0, 0, 0, 0, 0, 0, 0, 0, 0, 0, 0, 0, 0, 0, 0, 0, 0, 0, 0, 0, 0, 0, 0, 0, 0, 0, 0, 0, 0, 0, 0, 0, 0, 0, 0, 0, 0, 0, 0, 0, 0, 0, 0, 0, 0, 0, 0, 0, 0, 0, 0, 0, 0, 0, 0, 0, 0, 0, 0, 0, 0, 0, 0, 0, 0, 0, 0, 0, 0, 0, 0, 0, 0, 0, 0, 0]}",25165824,0,{},25165824,32768,12288,"Sum of unpadded per-expert GEMMs; each visited expert weight read once per layer, not once per token."
15,expert_up_proj,linear,"{""input_per_expert"": [""n_e"", 2048], ""weight_storage_each"": [768, 2048], ""output_per_expert"": [""n_e"", 768], ""nonempty_experts"": 8, ""tokens_per_expert"": [1, 1, 1, 1, 1, 1, 1, 1, 0, 0, 0, 0, 0, 0, 0, 0, 0, 0, 0, 0, 0, 0, 0, 0, 0, 0, 0, 0, 0, 0, 0, 0, 0, 0, 0, 0, 0, 0, 0, 0, 0, 0, 0, 0, 0, 0, 0, 0, 0, 0, 0, 0, 0, 0, 0, 0, 0, 0, 0, 0, 0, 0, 0, 0, 0, 0, 0, 0, 0, 0, 0, 0, 0, 0, 0, 0, 0, 0, 0, 0, 0, 0, 0, 0, 0, 0, 0, 0, 0, 0, 0, 0, 0, 0, 0, 0, 0, 0, 0, 0, 0, 0, 0, 0, 0, 0, 0, 0, 0, 0, 0, 0, 0, 0, 0, 0, 0, 0, 0, 0, 0, 0, 0, 0, 0, 0, 0, 0]}",25165824,0,{},25165824,32768,12288,"Sum of unpadded per-expert GEMMs; each visited expert weight read once per layer, not once per token."
15,expert_silu_mul,activation,"{""gate_and_up_each"": [8, 768]}",0,24576,"{""exp"": 6144, ""negate"": 6144}",0,24576,12288,
15,expert_down_proj,linear,"{""input_per_expert"": [""n_e"", 768], ""weight_storage_each"": [2048, 768], ""output_per_expert"": [""n_e"", 2048], ""nonempty_experts"": 8, ""tokens_per_expert"": [1, 1, 1, 1, 1, 1, 1, 1, 0, 0, 0, 0, 0, 0, 0, 0, 0, 0, 0, 0, 0, 0, 0, 0, 0, 0, 0, 0, 0, 0, 0, 0, 0, 0, 0, 0, 0, 0, 0, 0, 0, 0, 0, 0, 0, 0, 0, 0, 0, 0, 0, 0, 0, 0, 0, 0, 0, 0, 0, 0, 0, 0, 0, 0, 0, 0, 0, 0, 0, 0, 0, 0, 0, 0, 0, 0, 0, 0, 0, 0, 0, 0, 0, 0, 0, 0, 0, 0, 0, 0, 0, 0, 0, 0, 0, 0, 0, 0, 0, 0, 0, 0, 0, 0, 0, 0, 0, 0, 0, 0, 0, 0, 0, 0, 0, 0, 0, 0, 0, 0, 0, 0, 0, 0, 0, 0, 0, 0]}",25165824,0,{},25165824,12288,32768,Unpadded per-expert GEMMs; empty experts have zero arithmetic and no weight payload.
15,expert_probability_multiply,routing,"{""expert_outputs"": [8, 2048], ""routing_weights"": [8]}",0,16384,{},0,32912,32768,Probability broadcast reuses one value per assignment; int64 token/slot indices included.
15,expert_output_zero,routing,"{""output"": [1, 2048]}",0,0,{},0,0,4096,Reference initializes final_hidden_states to zero.
15,expert_index_add,routing,"{""weighted_outputs"": [8, 2048], ""combined_output"": [1, 2048]}",0,16384,{},0,65600,32768,"Reference index_add includes the first add into zero; destination read/update per assignment is logical payload, not measured HBM."
15,ffn_residual,residual,"{""inputs_each"": [1, 2048], ""output"": [1, 2048]}",0,2048,{},0,8192,4096,
16,input_layernorm,normalization,"{""input"": [1, 2048], ""weight"": [2048], ""output"": [1, 2048]}",0,8193,"{""rsqrt"": 1}",4096,4096,4096,按 FP32 行内归约的代数计数；rsqrt、类型转换与临时 FP32 张量分列／不推断 HBM spill。
16,q_proj,linear,"{""input"": [1, 2048], ""weight_math"": [2048, 4096], ""weight_storage"": [4096, 2048], ""output"": [1, 4096]}",16777216,0,{},16777216,4096,8192,独立 GEMM：权重与输入各读一次、输出写一次的操作数载荷；不预测 tile 重读。
16,k_proj,linear,"{""input"": [1, 2048], ""weight_math"": [2048, 512], ""weight_storage"": [512, 2048], ""output"": [1, 512]}",2097152,0,{},2097152,4096,1024,独立 GEMM：权重与输入各读一次、输出写一次的操作数载荷；不预测 tile 重读。
16,v_proj,linear,"{""input"": [1, 2048], ""weight_math"": [2048, 512], ""weight_storage"": [512, 2048], ""output"": [1, 512]}",2097152,0,{},2097152,4096,1024,独立 GEMM：权重与输入各读一次、输出写一次的操作数载荷；不预测 tile 重读。
16,q_norm,normalization,"{""input"": [32, 128], ""weight"": [128], ""output"": [32, 128]}",0,16416,"{""rsqrt"": 32}",256,8192,8192,按 FP32 行内归约的代数计数；rsqrt、类型转换与临时 FP32 张量分列／不推断 HBM spill。
16,k_norm,normalization,"{""input"": [4, 128], ""weight"": [128], ""output"": [4, 128]}",0,2052,"{""rsqrt"": 4}",256,1024,1024,按 FP32 行内归约的代数计数；rsqrt、类型转换与临时 FP32 张量分列／不推断 HBM spill。
16,apply_rope,position,"{""Q"": [1, 32, 1, 128], ""K"": [1, 4, 1, 128]}",0,13824,"{""negate"": 2304}",0,9728,9216,2 multiply + 1 add/元素，rotate_half 符号翻转分列；表按批／头理想复用。
16,kv_append,state,"{""new_K_and_V_each"": [1, 4, 1, 128]}",0,0,{},0,2048,2048,原位／分页 append 载荷；不假定动态 torch.cat 对旧缓存整段复制。
16,qk,attention,"{""Q"": [1, 32, 1, 128], ""K_shared"": [1, 4, 8193, 128], ""scores_rectangular"": [1, 32, 1, 8193]}",67117056,0,{},0,8397824,1048704,FLOPs 仅有效因果位置；载荷是假定 Q/K 各读一次、GQA 头共享，完整分数矩阵物化。
16,score_scale_mask_softmax,softmax,"{""scores"": [1, 32, 1, 8193]}",0,1048672,"{""exp"": 262176, ""compare_max"": 262144, ""mask_decisions"": 262176}",0,1048704,1048704,选择的融合 scale/mask/softmax 代数工作；屏蔽点不计 exp。物化 FP32 默认概率；非具体 eager trace。
16,pv,attention,"{""P"": [1, 32, 1, 8193], ""V_shared"": [1, 4, 8193, 128], ""output"": [1, 32, 1, 128]}",67117056,0,{},0,9438336,8192,PV/AV：各 Q 头仍计算；V 容量不乘 GQA 复制数。载荷假定 V 在头／查询之间理想复用。
16,o_proj,linear,"{""input"": [1, 4096], ""weight_math"": [4096, 2048], ""weight_storage"": [2048, 4096], ""output"": [1, 2048]}",16777216,0,{},16777216,8192,4096,独立 GEMM：权重与输入各读一次、输出写一次的操作数载荷；不预测 tile 重读。
16,attention_residual,residual,"{""inputs_each"": [1, 2048], ""output"": [1, 2048]}",0,2048,{},0,8192,4096,
16,post_attention_layernorm,normalization,"{""input"": [1, 2048], ""weight"": [2048], ""output"": [1, 2048]}",0,8193,"{""rsqrt"": 1}",4096,4096,4096,按 FP32 行内归约的代数计数；rsqrt、类型转换与临时 FP32 张量分列／不推断 HBM spill。
16,router,linear,"{""input"": [1, 2048], ""weight_math"": [2048, 128], ""weight_storage"": [128, 2048], ""output"": [1, 128]}",524288,0,{},524288,4096,256,独立 GEMM：权重与输入各读一次、输出写一次的操作数载荷；不预测 tile 重读。
16,router_softmax,routing,"{""input"": [1, 128], ""probabilities_fp32"": [1, 128]}",0,383,"{""exp"": 128, ""compare_max"": 127}",0,256,512,"FP32 softmax: subtract max, exp, reduction, divide; casts are not FLOPs."
16,router_topk,routing,"{""input_fp32"": [1, 128], ""values_fp32"": [1, 8], ""indices_int64"": [1, 8]}",0,0,"{""topk_rows"": 1, ""topk_candidates"": 128}",0,512,96,Top-k is an explicit selection primitive; candidate counts are not comparisons or FLOPs. Backend selection algorithm is unspecified.
16,router_renormalize_cast,routing,"{""selected_probabilities"": [1, 8]}",0,15,{},0,32,16,"Selected probabilities are renormalized if norm_topk_prob, then cast to activation dtype; row reduction assumed on-chip."
16,routing_one_hot,routing_metadata,"{""selected_int64"": [1, 8], ""mask_int64"": [1, 8, 128]}",0,0,"{""one_hot_entries"": 1024}",0,64,8192,Pinned HF reference materializes one_hot int64; this large routing mask is not assumed in optimized dispatch.
16,routing_where,routing_metadata,"{""mask_int64"": [128, 8, 1], ""top_x_and_slot_each"": [8]}",0,0,"{""integer_nonzero_tests"": 1024}",0,8192,128,Scan each expert mask; two int64 coordinates per assignment. Permute is a view.
16,expert_gather,routing,"{""source"": [1, 2048], ""gathered_rows"": [8, 2048]}",0,0,{},0,32832,32768,Logical gathers summed over experts; n_e and each concrete GEMM shape are in expert_matrices.
16,expert_gate_proj,linear,"{""input_per_expert"": [""n_e"", 2048], ""weight_storage_each"": [768, 2048], ""output_per_expert"": [""n_e"", 768], ""nonempty_experts"": 8, ""tokens_per_expert"": [1, 1, 1, 1, 1, 1, 1, 1, 0, 0, 0, 0, 0, 0, 0, 0, 0, 0, 0, 0, 0, 0, 0, 0, 0, 0, 0, 0, 0, 0, 0, 0, 0, 0, 0, 0, 0, 0, 0, 0, 0, 0, 0, 0, 0, 0, 0, 0, 0, 0, 0, 0, 0, 0, 0, 0, 0, 0, 0, 0, 0, 0, 0, 0, 0, 0, 0, 0, 0, 0, 0, 0, 0, 0, 0, 0, 0, 0, 0, 0, 0, 0, 0, 0, 0, 0, 0, 0, 0, 0, 0, 0, 0, 0, 0, 0, 0, 0, 0, 0, 0, 0, 0, 0, 0, 0, 0, 0, 0, 0, 0, 0, 0, 0, 0, 0, 0, 0, 0, 0, 0, 0, 0, 0, 0, 0, 0, 0]}",25165824,0,{},25165824,32768,12288,"Sum of unpadded per-expert GEMMs; each visited expert weight read once per layer, not once per token."
16,expert_up_proj,linear,"{""input_per_expert"": [""n_e"", 2048], ""weight_storage_each"": [768, 2048], ""output_per_expert"": [""n_e"", 768], ""nonempty_experts"": 8, ""tokens_per_expert"": [1, 1, 1, 1, 1, 1, 1, 1, 0, 0, 0, 0, 0, 0, 0, 0, 0, 0, 0, 0, 0, 0, 0, 0, 0, 0, 0, 0, 0, 0, 0, 0, 0, 0, 0, 0, 0, 0, 0, 0, 0, 0, 0, 0, 0, 0, 0, 0, 0, 0, 0, 0, 0, 0, 0, 0, 0, 0, 0, 0, 0, 0, 0, 0, 0, 0, 0, 0, 0, 0, 0, 0, 0, 0, 0, 0, 0, 0, 0, 0, 0, 0, 0, 0, 0, 0, 0, 0, 0, 0, 0, 0, 0, 0, 0, 0, 0, 0, 0, 0, 0, 0, 0, 0, 0, 0, 0, 0, 0, 0, 0, 0, 0, 0, 0, 0, 0, 0, 0, 0, 0, 0, 0, 0, 0, 0, 0, 0]}",25165824,0,{},25165824,32768,12288,"Sum of unpadded per-expert GEMMs; each visited expert weight read once per layer, not once per token."
16,expert_silu_mul,activation,"{""gate_and_up_each"": [8, 768]}",0,24576,"{""exp"": 6144, ""negate"": 6144}",0,24576,12288,
16,expert_down_proj,linear,"{""input_per_expert"": [""n_e"", 768], ""weight_storage_each"": [2048, 768], ""output_per_expert"": [""n_e"", 2048], ""nonempty_experts"": 8, ""tokens_per_expert"": [1, 1, 1, 1, 1, 1, 1, 1, 0, 0, 0, 0, 0, 0, 0, 0, 0, 0, 0, 0, 0, 0, 0, 0, 0, 0, 0, 0, 0, 0, 0, 0, 0, 0, 0, 0, 0, 0, 0, 0, 0, 0, 0, 0, 0, 0, 0, 0, 0, 0, 0, 0, 0, 0, 0, 0, 0, 0, 0, 0, 0, 0, 0, 0, 0, 0, 0, 0, 0, 0, 0, 0, 0, 0, 0, 0, 0, 0, 0, 0, 0, 0, 0, 0, 0, 0, 0, 0, 0, 0, 0, 0, 0, 0, 0, 0, 0, 0, 0, 0, 0, 0, 0, 0, 0, 0, 0, 0, 0, 0, 0, 0, 0, 0, 0, 0, 0, 0, 0, 0, 0, 0, 0, 0, 0, 0, 0, 0]}",25165824,0,{},25165824,12288,32768,Unpadded per-expert GEMMs; empty experts have zero arithmetic and no weight payload.
16,expert_probability_multiply,routing,"{""expert_outputs"": [8, 2048], ""routing_weights"": [8]}",0,16384,{},0,32912,32768,Probability broadcast reuses one value per assignment; int64 token/slot indices included.
16,expert_output_zero,routing,"{""output"": [1, 2048]}",0,0,{},0,0,4096,Reference initializes final_hidden_states to zero.
16,expert_index_add,routing,"{""weighted_outputs"": [8, 2048], ""combined_output"": [1, 2048]}",0,16384,{},0,65600,32768,"Reference index_add includes the first add into zero; destination read/update per assignment is logical payload, not measured HBM."
16,ffn_residual,residual,"{""inputs_each"": [1, 2048], ""output"": [1, 2048]}",0,2048,{},0,8192,4096,
17,input_layernorm,normalization,"{""input"": [1, 2048], ""weight"": [2048], ""output"": [1, 2048]}",0,8193,"{""rsqrt"": 1}",4096,4096,4096,按 FP32 行内归约的代数计数；rsqrt、类型转换与临时 FP32 张量分列／不推断 HBM spill。
17,q_proj,linear,"{""input"": [1, 2048], ""weight_math"": [2048, 4096], ""weight_storage"": [4096, 2048], ""output"": [1, 4096]}",16777216,0,{},16777216,4096,8192,独立 GEMM：权重与输入各读一次、输出写一次的操作数载荷；不预测 tile 重读。
17,k_proj,linear,"{""input"": [1, 2048], ""weight_math"": [2048, 512], ""weight_storage"": [512, 2048], ""output"": [1, 512]}",2097152,0,{},2097152,4096,1024,独立 GEMM：权重与输入各读一次、输出写一次的操作数载荷；不预测 tile 重读。
17,v_proj,linear,"{""input"": [1, 2048], ""weight_math"": [2048, 512], ""weight_storage"": [512, 2048], ""output"": [1, 512]}",2097152,0,{},2097152,4096,1024,独立 GEMM：权重与输入各读一次、输出写一次的操作数载荷；不预测 tile 重读。
17,q_norm,normalization,"{""input"": [32, 128], ""weight"": [128], ""output"": [32, 128]}",0,16416,"{""rsqrt"": 32}",256,8192,8192,按 FP32 行内归约的代数计数；rsqrt、类型转换与临时 FP32 张量分列／不推断 HBM spill。
17,k_norm,normalization,"{""input"": [4, 128], ""weight"": [128], ""output"": [4, 128]}",0,2052,"{""rsqrt"": 4}",256,1024,1024,按 FP32 行内归约的代数计数；rsqrt、类型转换与临时 FP32 张量分列／不推断 HBM spill。
17,apply_rope,position,"{""Q"": [1, 32, 1, 128], ""K"": [1, 4, 1, 128]}",0,13824,"{""negate"": 2304}",0,9728,9216,2 multiply + 1 add/元素，rotate_half 符号翻转分列；表按批／头理想复用。
17,kv_append,state,"{""new_K_and_V_each"": [1, 4, 1, 128]}",0,0,{},0,2048,2048,原位／分页 append 载荷；不假定动态 torch.cat 对旧缓存整段复制。
17,qk,attention,"{""Q"": [1, 32, 1, 128], ""K_shared"": [1, 4, 8193, 128], ""scores_rectangular"": [1, 32, 1, 8193]}",67117056,0,{},0,8397824,1048704,FLOPs 仅有效因果位置；载荷是假定 Q/K 各读一次、GQA 头共享，完整分数矩阵物化。
17,score_scale_mask_softmax,softmax,"{""scores"": [1, 32, 1, 8193]}",0,1048672,"{""exp"": 262176, ""compare_max"": 262144, ""mask_decisions"": 262176}",0,1048704,1048704,选择的融合 scale/mask/softmax 代数工作；屏蔽点不计 exp。物化 FP32 默认概率；非具体 eager trace。
17,pv,attention,"{""P"": [1, 32, 1, 8193], ""V_shared"": [1, 4, 8193, 128], ""output"": [1, 32, 1, 128]}",67117056,0,{},0,9438336,8192,PV/AV：各 Q 头仍计算；V 容量不乘 GQA 复制数。载荷假定 V 在头／查询之间理想复用。
17,o_proj,linear,"{""input"": [1, 4096], ""weight_math"": [4096, 2048], ""weight_storage"": [2048, 4096], ""output"": [1, 2048]}",16777216,0,{},16777216,8192,4096,独立 GEMM：权重与输入各读一次、输出写一次的操作数载荷；不预测 tile 重读。
17,attention_residual,residual,"{""inputs_each"": [1, 2048], ""output"": [1, 2048]}",0,2048,{},0,8192,4096,
17,post_attention_layernorm,normalization,"{""input"": [1, 2048], ""weight"": [2048], ""output"": [1, 2048]}",0,8193,"{""rsqrt"": 1}",4096,4096,4096,按 FP32 行内归约的代数计数；rsqrt、类型转换与临时 FP32 张量分列／不推断 HBM spill。
17,router,linear,"{""input"": [1, 2048], ""weight_math"": [2048, 128], ""weight_storage"": [128, 2048], ""output"": [1, 128]}",524288,0,{},524288,4096,256,独立 GEMM：权重与输入各读一次、输出写一次的操作数载荷；不预测 tile 重读。
17,router_softmax,routing,"{""input"": [1, 128], ""probabilities_fp32"": [1, 128]}",0,383,"{""exp"": 128, ""compare_max"": 127}",0,256,512,"FP32 softmax: subtract max, exp, reduction, divide; casts are not FLOPs."
17,router_topk,routing,"{""input_fp32"": [1, 128], ""values_fp32"": [1, 8], ""indices_int64"": [1, 8]}",0,0,"{""topk_rows"": 1, ""topk_candidates"": 128}",0,512,96,Top-k is an explicit selection primitive; candidate counts are not comparisons or FLOPs. Backend selection algorithm is unspecified.
17,router_renormalize_cast,routing,"{""selected_probabilities"": [1, 8]}",0,15,{},0,32,16,"Selected probabilities are renormalized if norm_topk_prob, then cast to activation dtype; row reduction assumed on-chip."
17,routing_one_hot,routing_metadata,"{""selected_int64"": [1, 8], ""mask_int64"": [1, 8, 128]}",0,0,"{""one_hot_entries"": 1024}",0,64,8192,Pinned HF reference materializes one_hot int64; this large routing mask is not assumed in optimized dispatch.
17,routing_where,routing_metadata,"{""mask_int64"": [128, 8, 1], ""top_x_and_slot_each"": [8]}",0,0,"{""integer_nonzero_tests"": 1024}",0,8192,128,Scan each expert mask; two int64 coordinates per assignment. Permute is a view.
17,expert_gather,routing,"{""source"": [1, 2048], ""gathered_rows"": [8, 2048]}",0,0,{},0,32832,32768,Logical gathers summed over experts; n_e and each concrete GEMM shape are in expert_matrices.
17,expert_gate_proj,linear,"{""input_per_expert"": [""n_e"", 2048], ""weight_storage_each"": [768, 2048], ""output_per_expert"": [""n_e"", 768], ""nonempty_experts"": 8, ""tokens_per_expert"": [1, 1, 1, 1, 1, 1, 1, 1, 0, 0, 0, 0, 0, 0, 0, 0, 0, 0, 0, 0, 0, 0, 0, 0, 0, 0, 0, 0, 0, 0, 0, 0, 0, 0, 0, 0, 0, 0, 0, 0, 0, 0, 0, 0, 0, 0, 0, 0, 0, 0, 0, 0, 0, 0, 0, 0, 0, 0, 0, 0, 0, 0, 0, 0, 0, 0, 0, 0, 0, 0, 0, 0, 0, 0, 0, 0, 0, 0, 0, 0, 0, 0, 0, 0, 0, 0, 0, 0, 0, 0, 0, 0, 0, 0, 0, 0, 0, 0, 0, 0, 0, 0, 0, 0, 0, 0, 0, 0, 0, 0, 0, 0, 0, 0, 0, 0, 0, 0, 0, 0, 0, 0, 0, 0, 0, 0, 0, 0]}",25165824,0,{},25165824,32768,12288,"Sum of unpadded per-expert GEMMs; each visited expert weight read once per layer, not once per token."
17,expert_up_proj,linear,"{""input_per_expert"": [""n_e"", 2048], ""weight_storage_each"": [768, 2048], ""output_per_expert"": [""n_e"", 768], ""nonempty_experts"": 8, ""tokens_per_expert"": [1, 1, 1, 1, 1, 1, 1, 1, 0, 0, 0, 0, 0, 0, 0, 0, 0, 0, 0, 0, 0, 0, 0, 0, 0, 0, 0, 0, 0, 0, 0, 0, 0, 0, 0, 0, 0, 0, 0, 0, 0, 0, 0, 0, 0, 0, 0, 0, 0, 0, 0, 0, 0, 0, 0, 0, 0, 0, 0, 0, 0, 0, 0, 0, 0, 0, 0, 0, 0, 0, 0, 0, 0, 0, 0, 0, 0, 0, 0, 0, 0, 0, 0, 0, 0, 0, 0, 0, 0, 0, 0, 0, 0, 0, 0, 0, 0, 0, 0, 0, 0, 0, 0, 0, 0, 0, 0, 0, 0, 0, 0, 0, 0, 0, 0, 0, 0, 0, 0, 0, 0, 0, 0, 0, 0, 0, 0, 0]}",25165824,0,{},25165824,32768,12288,"Sum of unpadded per-expert GEMMs; each visited expert weight read once per layer, not once per token."
17,expert_silu_mul,activation,"{""gate_and_up_each"": [8, 768]}",0,24576,"{""exp"": 6144, ""negate"": 6144}",0,24576,12288,
17,expert_down_proj,linear,"{""input_per_expert"": [""n_e"", 768], ""weight_storage_each"": [2048, 768], ""output_per_expert"": [""n_e"", 2048], ""nonempty_experts"": 8, ""tokens_per_expert"": [1, 1, 1, 1, 1, 1, 1, 1, 0, 0, 0, 0, 0, 0, 0, 0, 0, 0, 0, 0, 0, 0, 0, 0, 0, 0, 0, 0, 0, 0, 0, 0, 0, 0, 0, 0, 0, 0, 0, 0, 0, 0, 0, 0, 0, 0, 0, 0, 0, 0, 0, 0, 0, 0, 0, 0, 0, 0, 0, 0, 0, 0, 0, 0, 0, 0, 0, 0, 0, 0, 0, 0, 0, 0, 0, 0, 0, 0, 0, 0, 0, 0, 0, 0, 0, 0, 0, 0, 0, 0, 0, 0, 0, 0, 0, 0, 0, 0, 0, 0, 0, 0, 0, 0, 0, 0, 0, 0, 0, 0, 0, 0, 0, 0, 0, 0, 0, 0, 0, 0, 0, 0, 0, 0, 0, 0, 0, 0]}",25165824,0,{},25165824,12288,32768,Unpadded per-expert GEMMs; empty experts have zero arithmetic and no weight payload.
17,expert_probability_multiply,routing,"{""expert_outputs"": [8, 2048], ""routing_weights"": [8]}",0,16384,{},0,32912,32768,Probability broadcast reuses one value per assignment; int64 token/slot indices included.
17,expert_output_zero,routing,"{""output"": [1, 2048]}",0,0,{},0,0,4096,Reference initializes final_hidden_states to zero.
17,expert_index_add,routing,"{""weighted_outputs"": [8, 2048], ""combined_output"": [1, 2048]}",0,16384,{},0,65600,32768,"Reference index_add includes the first add into zero; destination read/update per assignment is logical payload, not measured HBM."
17,ffn_residual,residual,"{""inputs_each"": [1, 2048], ""output"": [1, 2048]}",0,2048,{},0,8192,4096,
18,input_layernorm,normalization,"{""input"": [1, 2048], ""weight"": [2048], ""output"": [1, 2048]}",0,8193,"{""rsqrt"": 1}",4096,4096,4096,按 FP32 行内归约的代数计数；rsqrt、类型转换与临时 FP32 张量分列／不推断 HBM spill。
18,q_proj,linear,"{""input"": [1, 2048], ""weight_math"": [2048, 4096], ""weight_storage"": [4096, 2048], ""output"": [1, 4096]}",16777216,0,{},16777216,4096,8192,独立 GEMM：权重与输入各读一次、输出写一次的操作数载荷；不预测 tile 重读。
18,k_proj,linear,"{""input"": [1, 2048], ""weight_math"": [2048, 512], ""weight_storage"": [512, 2048], ""output"": [1, 512]}",2097152,0,{},2097152,4096,1024,独立 GEMM：权重与输入各读一次、输出写一次的操作数载荷；不预测 tile 重读。
18,v_proj,linear,"{""input"": [1, 2048], ""weight_math"": [2048, 512], ""weight_storage"": [512, 2048], ""output"": [1, 512]}",2097152,0,{},2097152,4096,1024,独立 GEMM：权重与输入各读一次、输出写一次的操作数载荷；不预测 tile 重读。
18,q_norm,normalization,"{""input"": [32, 128], ""weight"": [128], ""output"": [32, 128]}",0,16416,"{""rsqrt"": 32}",256,8192,8192,按 FP32 行内归约的代数计数；rsqrt、类型转换与临时 FP32 张量分列／不推断 HBM spill。
18,k_norm,normalization,"{""input"": [4, 128], ""weight"": [128], ""output"": [4, 128]}",0,2052,"{""rsqrt"": 4}",256,1024,1024,按 FP32 行内归约的代数计数；rsqrt、类型转换与临时 FP32 张量分列／不推断 HBM spill。
18,apply_rope,position,"{""Q"": [1, 32, 1, 128], ""K"": [1, 4, 1, 128]}",0,13824,"{""negate"": 2304}",0,9728,9216,2 multiply + 1 add/元素，rotate_half 符号翻转分列；表按批／头理想复用。
18,kv_append,state,"{""new_K_and_V_each"": [1, 4, 1, 128]}",0,0,{},0,2048,2048,原位／分页 append 载荷；不假定动态 torch.cat 对旧缓存整段复制。
18,qk,attention,"{""Q"": [1, 32, 1, 128], ""K_shared"": [1, 4, 8193, 128], ""scores_rectangular"": [1, 32, 1, 8193]}",67117056,0,{},0,8397824,1048704,FLOPs 仅有效因果位置；载荷是假定 Q/K 各读一次、GQA 头共享，完整分数矩阵物化。
18,score_scale_mask_softmax,softmax,"{""scores"": [1, 32, 1, 8193]}",0,1048672,"{""exp"": 262176, ""compare_max"": 262144, ""mask_decisions"": 262176}",0,1048704,1048704,选择的融合 scale/mask/softmax 代数工作；屏蔽点不计 exp。物化 FP32 默认概率；非具体 eager trace。
18,pv,attention,"{""P"": [1, 32, 1, 8193], ""V_shared"": [1, 4, 8193, 128], ""output"": [1, 32, 1, 128]}",67117056,0,{},0,9438336,8192,PV/AV：各 Q 头仍计算；V 容量不乘 GQA 复制数。载荷假定 V 在头／查询之间理想复用。
18,o_proj,linear,"{""input"": [1, 4096], ""weight_math"": [4096, 2048], ""weight_storage"": [2048, 4096], ""output"": [1, 2048]}",16777216,0,{},16777216,8192,4096,独立 GEMM：权重与输入各读一次、输出写一次的操作数载荷；不预测 tile 重读。
18,attention_residual,residual,"{""inputs_each"": [1, 2048], ""output"": [1, 2048]}",0,2048,{},0,8192,4096,
18,post_attention_layernorm,normalization,"{""input"": [1, 2048], ""weight"": [2048], ""output"": [1, 2048]}",0,8193,"{""rsqrt"": 1}",4096,4096,4096,按 FP32 行内归约的代数计数；rsqrt、类型转换与临时 FP32 张量分列／不推断 HBM spill。
18,router,linear,"{""input"": [1, 2048], ""weight_math"": [2048, 128], ""weight_storage"": [128, 2048], ""output"": [1, 128]}",524288,0,{},524288,4096,256,独立 GEMM：权重与输入各读一次、输出写一次的操作数载荷；不预测 tile 重读。
18,router_softmax,routing,"{""input"": [1, 128], ""probabilities_fp32"": [1, 128]}",0,383,"{""exp"": 128, ""compare_max"": 127}",0,256,512,"FP32 softmax: subtract max, exp, reduction, divide; casts are not FLOPs."
18,router_topk,routing,"{""input_fp32"": [1, 128], ""values_fp32"": [1, 8], ""indices_int64"": [1, 8]}",0,0,"{""topk_rows"": 1, ""topk_candidates"": 128}",0,512,96,Top-k is an explicit selection primitive; candidate counts are not comparisons or FLOPs. Backend selection algorithm is unspecified.
18,router_renormalize_cast,routing,"{""selected_probabilities"": [1, 8]}",0,15,{},0,32,16,"Selected probabilities are renormalized if norm_topk_prob, then cast to activation dtype; row reduction assumed on-chip."
18,routing_one_hot,routing_metadata,"{""selected_int64"": [1, 8], ""mask_int64"": [1, 8, 128]}",0,0,"{""one_hot_entries"": 1024}",0,64,8192,Pinned HF reference materializes one_hot int64; this large routing mask is not assumed in optimized dispatch.
18,routing_where,routing_metadata,"{""mask_int64"": [128, 8, 1], ""top_x_and_slot_each"": [8]}",0,0,"{""integer_nonzero_tests"": 1024}",0,8192,128,Scan each expert mask; two int64 coordinates per assignment. Permute is a view.
18,expert_gather,routing,"{""source"": [1, 2048], ""gathered_rows"": [8, 2048]}",0,0,{},0,32832,32768,Logical gathers summed over experts; n_e and each concrete GEMM shape are in expert_matrices.
18,expert_gate_proj,linear,"{""input_per_expert"": [""n_e"", 2048], ""weight_storage_each"": [768, 2048], ""output_per_expert"": [""n_e"", 768], ""nonempty_experts"": 8, ""tokens_per_expert"": [1, 1, 1, 1, 1, 1, 1, 1, 0, 0, 0, 0, 0, 0, 0, 0, 0, 0, 0, 0, 0, 0, 0, 0, 0, 0, 0, 0, 0, 0, 0, 0, 0, 0, 0, 0, 0, 0, 0, 0, 0, 0, 0, 0, 0, 0, 0, 0, 0, 0, 0, 0, 0, 0, 0, 0, 0, 0, 0, 0, 0, 0, 0, 0, 0, 0, 0, 0, 0, 0, 0, 0, 0, 0, 0, 0, 0, 0, 0, 0, 0, 0, 0, 0, 0, 0, 0, 0, 0, 0, 0, 0, 0, 0, 0, 0, 0, 0, 0, 0, 0, 0, 0, 0, 0, 0, 0, 0, 0, 0, 0, 0, 0, 0, 0, 0, 0, 0, 0, 0, 0, 0, 0, 0, 0, 0, 0, 0]}",25165824,0,{},25165824,32768,12288,"Sum of unpadded per-expert GEMMs; each visited expert weight read once per layer, not once per token."
18,expert_up_proj,linear,"{""input_per_expert"": [""n_e"", 2048], ""weight_storage_each"": [768, 2048], ""output_per_expert"": [""n_e"", 768], ""nonempty_experts"": 8, ""tokens_per_expert"": [1, 1, 1, 1, 1, 1, 1, 1, 0, 0, 0, 0, 0, 0, 0, 0, 0, 0, 0, 0, 0, 0, 0, 0, 0, 0, 0, 0, 0, 0, 0, 0, 0, 0, 0, 0, 0, 0, 0, 0, 0, 0, 0, 0, 0, 0, 0, 0, 0, 0, 0, 0, 0, 0, 0, 0, 0, 0, 0, 0, 0, 0, 0, 0, 0, 0, 0, 0, 0, 0, 0, 0, 0, 0, 0, 0, 0, 0, 0, 0, 0, 0, 0, 0, 0, 0, 0, 0, 0, 0, 0, 0, 0, 0, 0, 0, 0, 0, 0, 0, 0, 0, 0, 0, 0, 0, 0, 0, 0, 0, 0, 0, 0, 0, 0, 0, 0, 0, 0, 0, 0, 0, 0, 0, 0, 0, 0, 0]}",25165824,0,{},25165824,32768,12288,"Sum of unpadded per-expert GEMMs; each visited expert weight read once per layer, not once per token."
18,expert_silu_mul,activation,"{""gate_and_up_each"": [8, 768]}",0,24576,"{""exp"": 6144, ""negate"": 6144}",0,24576,12288,
18,expert_down_proj,linear,"{""input_per_expert"": [""n_e"", 768], ""weight_storage_each"": [2048, 768], ""output_per_expert"": [""n_e"", 2048], ""nonempty_experts"": 8, ""tokens_per_expert"": [1, 1, 1, 1, 1, 1, 1, 1, 0, 0, 0, 0, 0, 0, 0, 0, 0, 0, 0, 0, 0, 0, 0, 0, 0, 0, 0, 0, 0, 0, 0, 0, 0, 0, 0, 0, 0, 0, 0, 0, 0, 0, 0, 0, 0, 0, 0, 0, 0, 0, 0, 0, 0, 0, 0, 0, 0, 0, 0, 0, 0, 0, 0, 0, 0, 0, 0, 0, 0, 0, 0, 0, 0, 0, 0, 0, 0, 0, 0, 0, 0, 0, 0, 0, 0, 0, 0, 0, 0, 0, 0, 0, 0, 0, 0, 0, 0, 0, 0, 0, 0, 0, 0, 0, 0, 0, 0, 0, 0, 0, 0, 0, 0, 0, 0, 0, 0, 0, 0, 0, 0, 0, 0, 0, 0, 0, 0, 0]}",25165824,0,{},25165824,12288,32768,Unpadded per-expert GEMMs; empty experts have zero arithmetic and no weight payload.
18,expert_probability_multiply,routing,"{""expert_outputs"": [8, 2048], ""routing_weights"": [8]}",0,16384,{},0,32912,32768,Probability broadcast reuses one value per assignment; int64 token/slot indices included.
18,expert_output_zero,routing,"{""output"": [1, 2048]}",0,0,{},0,0,4096,Reference initializes final_hidden_states to zero.
18,expert_index_add,routing,"{""weighted_outputs"": [8, 2048], ""combined_output"": [1, 2048]}",0,16384,{},0,65600,32768,"Reference index_add includes the first add into zero; destination read/update per assignment is logical payload, not measured HBM."
18,ffn_residual,residual,"{""inputs_each"": [1, 2048], ""output"": [1, 2048]}",0,2048,{},0,8192,4096,
19,input_layernorm,normalization,"{""input"": [1, 2048], ""weight"": [2048], ""output"": [1, 2048]}",0,8193,"{""rsqrt"": 1}",4096,4096,4096,按 FP32 行内归约的代数计数；rsqrt、类型转换与临时 FP32 张量分列／不推断 HBM spill。
19,q_proj,linear,"{""input"": [1, 2048], ""weight_math"": [2048, 4096], ""weight_storage"": [4096, 2048], ""output"": [1, 4096]}",16777216,0,{},16777216,4096,8192,独立 GEMM：权重与输入各读一次、输出写一次的操作数载荷；不预测 tile 重读。
19,k_proj,linear,"{""input"": [1, 2048], ""weight_math"": [2048, 512], ""weight_storage"": [512, 2048], ""output"": [1, 512]}",2097152,0,{},2097152,4096,1024,独立 GEMM：权重与输入各读一次、输出写一次的操作数载荷；不预测 tile 重读。
19,v_proj,linear,"{""input"": [1, 2048], ""weight_math"": [2048, 512], ""weight_storage"": [512, 2048], ""output"": [1, 512]}",2097152,0,{},2097152,4096,1024,独立 GEMM：权重与输入各读一次、输出写一次的操作数载荷；不预测 tile 重读。
19,q_norm,normalization,"{""input"": [32, 128], ""weight"": [128], ""output"": [32, 128]}",0,16416,"{""rsqrt"": 32}",256,8192,8192,按 FP32 行内归约的代数计数；rsqrt、类型转换与临时 FP32 张量分列／不推断 HBM spill。
19,k_norm,normalization,"{""input"": [4, 128], ""weight"": [128], ""output"": [4, 128]}",0,2052,"{""rsqrt"": 4}",256,1024,1024,按 FP32 行内归约的代数计数；rsqrt、类型转换与临时 FP32 张量分列／不推断 HBM spill。
19,apply_rope,position,"{""Q"": [1, 32, 1, 128], ""K"": [1, 4, 1, 128]}",0,13824,"{""negate"": 2304}",0,9728,9216,2 multiply + 1 add/元素，rotate_half 符号翻转分列；表按批／头理想复用。
19,kv_append,state,"{""new_K_and_V_each"": [1, 4, 1, 128]}",0,0,{},0,2048,2048,原位／分页 append 载荷；不假定动态 torch.cat 对旧缓存整段复制。
19,qk,attention,"{""Q"": [1, 32, 1, 128], ""K_shared"": [1, 4, 8193, 128], ""scores_rectangular"": [1, 32, 1, 8193]}",67117056,0,{},0,8397824,1048704,FLOPs 仅有效因果位置；载荷是假定 Q/K 各读一次、GQA 头共享，完整分数矩阵物化。
19,score_scale_mask_softmax,softmax,"{""scores"": [1, 32, 1, 8193]}",0,1048672,"{""exp"": 262176, ""compare_max"": 262144, ""mask_decisions"": 262176}",0,1048704,1048704,选择的融合 scale/mask/softmax 代数工作；屏蔽点不计 exp。物化 FP32 默认概率；非具体 eager trace。
19,pv,attention,"{""P"": [1, 32, 1, 8193], ""V_shared"": [1, 4, 8193, 128], ""output"": [1, 32, 1, 128]}",67117056,0,{},0,9438336,8192,PV/AV：各 Q 头仍计算；V 容量不乘 GQA 复制数。载荷假定 V 在头／查询之间理想复用。
19,o_proj,linear,"{""input"": [1, 4096], ""weight_math"": [4096, 2048], ""weight_storage"": [2048, 4096], ""output"": [1, 2048]}",16777216,0,{},16777216,8192,4096,独立 GEMM：权重与输入各读一次、输出写一次的操作数载荷；不预测 tile 重读。
19,attention_residual,residual,"{""inputs_each"": [1, 2048], ""output"": [1, 2048]}",0,2048,{},0,8192,4096,
19,post_attention_layernorm,normalization,"{""input"": [1, 2048], ""weight"": [2048], ""output"": [1, 2048]}",0,8193,"{""rsqrt"": 1}",4096,4096,4096,按 FP32 行内归约的代数计数；rsqrt、类型转换与临时 FP32 张量分列／不推断 HBM spill。
19,router,linear,"{""input"": [1, 2048], ""weight_math"": [2048, 128], ""weight_storage"": [128, 2048], ""output"": [1, 128]}",524288,0,{},524288,4096,256,独立 GEMM：权重与输入各读一次、输出写一次的操作数载荷；不预测 tile 重读。
19,router_softmax,routing,"{""input"": [1, 128], ""probabilities_fp32"": [1, 128]}",0,383,"{""exp"": 128, ""compare_max"": 127}",0,256,512,"FP32 softmax: subtract max, exp, reduction, divide; casts are not FLOPs."
19,router_topk,routing,"{""input_fp32"": [1, 128], ""values_fp32"": [1, 8], ""indices_int64"": [1, 8]}",0,0,"{""topk_rows"": 1, ""topk_candidates"": 128}",0,512,96,Top-k is an explicit selection primitive; candidate counts are not comparisons or FLOPs. Backend selection algorithm is unspecified.
19,router_renormalize_cast,routing,"{""selected_probabilities"": [1, 8]}",0,15,{},0,32,16,"Selected probabilities are renormalized if norm_topk_prob, then cast to activation dtype; row reduction assumed on-chip."
19,routing_one_hot,routing_metadata,"{""selected_int64"": [1, 8], ""mask_int64"": [1, 8, 128]}",0,0,"{""one_hot_entries"": 1024}",0,64,8192,Pinned HF reference materializes one_hot int64; this large routing mask is not assumed in optimized dispatch.
19,routing_where,routing_metadata,"{""mask_int64"": [128, 8, 1], ""top_x_and_slot_each"": [8]}",0,0,"{""integer_nonzero_tests"": 1024}",0,8192,128,Scan each expert mask; two int64 coordinates per assignment. Permute is a view.
19,expert_gather,routing,"{""source"": [1, 2048], ""gathered_rows"": [8, 2048]}",0,0,{},0,32832,32768,Logical gathers summed over experts; n_e and each concrete GEMM shape are in expert_matrices.
19,expert_gate_proj,linear,"{""input_per_expert"": [""n_e"", 2048], ""weight_storage_each"": [768, 2048], ""output_per_expert"": [""n_e"", 768], ""nonempty_experts"": 8, ""tokens_per_expert"": [1, 1, 1, 1, 1, 1, 1, 1, 0, 0, 0, 0, 0, 0, 0, 0, 0, 0, 0, 0, 0, 0, 0, 0, 0, 0, 0, 0, 0, 0, 0, 0, 0, 0, 0, 0, 0, 0, 0, 0, 0, 0, 0, 0, 0, 0, 0, 0, 0, 0, 0, 0, 0, 0, 0, 0, 0, 0, 0, 0, 0, 0, 0, 0, 0, 0, 0, 0, 0, 0, 0, 0, 0, 0, 0, 0, 0, 0, 0, 0, 0, 0, 0, 0, 0, 0, 0, 0, 0, 0, 0, 0, 0, 0, 0, 0, 0, 0, 0, 0, 0, 0, 0, 0, 0, 0, 0, 0, 0, 0, 0, 0, 0, 0, 0, 0, 0, 0, 0, 0, 0, 0, 0, 0, 0, 0, 0, 0]}",25165824,0,{},25165824,32768,12288,"Sum of unpadded per-expert GEMMs; each visited expert weight read once per layer, not once per token."
19,expert_up_proj,linear,"{""input_per_expert"": [""n_e"", 2048], ""weight_storage_each"": [768, 2048], ""output_per_expert"": [""n_e"", 768], ""nonempty_experts"": 8, ""tokens_per_expert"": [1, 1, 1, 1, 1, 1, 1, 1, 0, 0, 0, 0, 0, 0, 0, 0, 0, 0, 0, 0, 0, 0, 0, 0, 0, 0, 0, 0, 0, 0, 0, 0, 0, 0, 0, 0, 0, 0, 0, 0, 0, 0, 0, 0, 0, 0, 0, 0, 0, 0, 0, 0, 0, 0, 0, 0, 0, 0, 0, 0, 0, 0, 0, 0, 0, 0, 0, 0, 0, 0, 0, 0, 0, 0, 0, 0, 0, 0, 0, 0, 0, 0, 0, 0, 0, 0, 0, 0, 0, 0, 0, 0, 0, 0, 0, 0, 0, 0, 0, 0, 0, 0, 0, 0, 0, 0, 0, 0, 0, 0, 0, 0, 0, 0, 0, 0, 0, 0, 0, 0, 0, 0, 0, 0, 0, 0, 0, 0]}",25165824,0,{},25165824,32768,12288,"Sum of unpadded per-expert GEMMs; each visited expert weight read once per layer, not once per token."
19,expert_silu_mul,activation,"{""gate_and_up_each"": [8, 768]}",0,24576,"{""exp"": 6144, ""negate"": 6144}",0,24576,12288,
19,expert_down_proj,linear,"{""input_per_expert"": [""n_e"", 768], ""weight_storage_each"": [2048, 768], ""output_per_expert"": [""n_e"", 2048], ""nonempty_experts"": 8, ""tokens_per_expert"": [1, 1, 1, 1, 1, 1, 1, 1, 0, 0, 0, 0, 0, 0, 0, 0, 0, 0, 0, 0, 0, 0, 0, 0, 0, 0, 0, 0, 0, 0, 0, 0, 0, 0, 0, 0, 0, 0, 0, 0, 0, 0, 0, 0, 0, 0, 0, 0, 0, 0, 0, 0, 0, 0, 0, 0, 0, 0, 0, 0, 0, 0, 0, 0, 0, 0, 0, 0, 0, 0, 0, 0, 0, 0, 0, 0, 0, 0, 0, 0, 0, 0, 0, 0, 0, 0, 0, 0, 0, 0, 0, 0, 0, 0, 0, 0, 0, 0, 0, 0, 0, 0, 0, 0, 0, 0, 0, 0, 0, 0, 0, 0, 0, 0, 0, 0, 0, 0, 0, 0, 0, 0, 0, 0, 0, 0, 0, 0]}",25165824,0,{},25165824,12288,32768,Unpadded per-expert GEMMs; empty experts have zero arithmetic and no weight payload.
19,expert_probability_multiply,routing,"{""expert_outputs"": [8, 2048], ""routing_weights"": [8]}",0,16384,{},0,32912,32768,Probability broadcast reuses one value per assignment; int64 token/slot indices included.
19,expert_output_zero,routing,"{""output"": [1, 2048]}",0,0,{},0,0,4096,Reference initializes final_hidden_states to zero.
19,expert_index_add,routing,"{""weighted_outputs"": [8, 2048], ""combined_output"": [1, 2048]}",0,16384,{},0,65600,32768,"Reference index_add includes the first add into zero; destination read/update per assignment is logical payload, not measured HBM."
19,ffn_residual,residual,"{""inputs_each"": [1, 2048], ""output"": [1, 2048]}",0,2048,{},0,8192,4096,
20,input_layernorm,normalization,"{""input"": [1, 2048], ""weight"": [2048], ""output"": [1, 2048]}",0,8193,"{""rsqrt"": 1}",4096,4096,4096,按 FP32 行内归约的代数计数；rsqrt、类型转换与临时 FP32 张量分列／不推断 HBM spill。
20,q_proj,linear,"{""input"": [1, 2048], ""weight_math"": [2048, 4096], ""weight_storage"": [4096, 2048], ""output"": [1, 4096]}",16777216,0,{},16777216,4096,8192,独立 GEMM：权重与输入各读一次、输出写一次的操作数载荷；不预测 tile 重读。
20,k_proj,linear,"{""input"": [1, 2048], ""weight_math"": [2048, 512], ""weight_storage"": [512, 2048], ""output"": [1, 512]}",2097152,0,{},2097152,4096,1024,独立 GEMM：权重与输入各读一次、输出写一次的操作数载荷；不预测 tile 重读。
20,v_proj,linear,"{""input"": [1, 2048], ""weight_math"": [2048, 512], ""weight_storage"": [512, 2048], ""output"": [1, 512]}",2097152,0,{},2097152,4096,1024,独立 GEMM：权重与输入各读一次、输出写一次的操作数载荷；不预测 tile 重读。
20,q_norm,normalization,"{""input"": [32, 128], ""weight"": [128], ""output"": [32, 128]}",0,16416,"{""rsqrt"": 32}",256,8192,8192,按 FP32 行内归约的代数计数；rsqrt、类型转换与临时 FP32 张量分列／不推断 HBM spill。
20,k_norm,normalization,"{""input"": [4, 128], ""weight"": [128], ""output"": [4, 128]}",0,2052,"{""rsqrt"": 4}",256,1024,1024,按 FP32 行内归约的代数计数；rsqrt、类型转换与临时 FP32 张量分列／不推断 HBM spill。
20,apply_rope,position,"{""Q"": [1, 32, 1, 128], ""K"": [1, 4, 1, 128]}",0,13824,"{""negate"": 2304}",0,9728,9216,2 multiply + 1 add/元素，rotate_half 符号翻转分列；表按批／头理想复用。
20,kv_append,state,"{""new_K_and_V_each"": [1, 4, 1, 128]}",0,0,{},0,2048,2048,原位／分页 append 载荷；不假定动态 torch.cat 对旧缓存整段复制。
20,qk,attention,"{""Q"": [1, 32, 1, 128], ""K_shared"": [1, 4, 8193, 128], ""scores_rectangular"": [1, 32, 1, 8193]}",67117056,0,{},0,8397824,1048704,FLOPs 仅有效因果位置；载荷是假定 Q/K 各读一次、GQA 头共享，完整分数矩阵物化。
20,score_scale_mask_softmax,softmax,"{""scores"": [1, 32, 1, 8193]}",0,1048672,"{""exp"": 262176, ""compare_max"": 262144, ""mask_decisions"": 262176}",0,1048704,1048704,选择的融合 scale/mask/softmax 代数工作；屏蔽点不计 exp。物化 FP32 默认概率；非具体 eager trace。
20,pv,attention,"{""P"": [1, 32, 1, 8193], ""V_shared"": [1, 4, 8193, 128], ""output"": [1, 32, 1, 128]}",67117056,0,{},0,9438336,8192,PV/AV：各 Q 头仍计算；V 容量不乘 GQA 复制数。载荷假定 V 在头／查询之间理想复用。
20,o_proj,linear,"{""input"": [1, 4096], ""weight_math"": [4096, 2048], ""weight_storage"": [2048, 4096], ""output"": [1, 2048]}",16777216,0,{},16777216,8192,4096,独立 GEMM：权重与输入各读一次、输出写一次的操作数载荷；不预测 tile 重读。
20,attention_residual,residual,"{""inputs_each"": [1, 2048], ""output"": [1, 2048]}",0,2048,{},0,8192,4096,
20,post_attention_layernorm,normalization,"{""input"": [1, 2048], ""weight"": [2048], ""output"": [1, 2048]}",0,8193,"{""rsqrt"": 1}",4096,4096,4096,按 FP32 行内归约的代数计数；rsqrt、类型转换与临时 FP32 张量分列／不推断 HBM spill。
20,router,linear,"{""input"": [1, 2048], ""weight_math"": [2048, 128], ""weight_storage"": [128, 2048], ""output"": [1, 128]}",524288,0,{},524288,4096,256,独立 GEMM：权重与输入各读一次、输出写一次的操作数载荷；不预测 tile 重读。
20,router_softmax,routing,"{""input"": [1, 128], ""probabilities_fp32"": [1, 128]}",0,383,"{""exp"": 128, ""compare_max"": 127}",0,256,512,"FP32 softmax: subtract max, exp, reduction, divide; casts are not FLOPs."
20,router_topk,routing,"{""input_fp32"": [1, 128], ""values_fp32"": [1, 8], ""indices_int64"": [1, 8]}",0,0,"{""topk_rows"": 1, ""topk_candidates"": 128}",0,512,96,Top-k is an explicit selection primitive; candidate counts are not comparisons or FLOPs. Backend selection algorithm is unspecified.
20,router_renormalize_cast,routing,"{""selected_probabilities"": [1, 8]}",0,15,{},0,32,16,"Selected probabilities are renormalized if norm_topk_prob, then cast to activation dtype; row reduction assumed on-chip."
20,routing_one_hot,routing_metadata,"{""selected_int64"": [1, 8], ""mask_int64"": [1, 8, 128]}",0,0,"{""one_hot_entries"": 1024}",0,64,8192,Pinned HF reference materializes one_hot int64; this large routing mask is not assumed in optimized dispatch.
20,routing_where,routing_metadata,"{""mask_int64"": [128, 8, 1], ""top_x_and_slot_each"": [8]}",0,0,"{""integer_nonzero_tests"": 1024}",0,8192,128,Scan each expert mask; two int64 coordinates per assignment. Permute is a view.
20,expert_gather,routing,"{""source"": [1, 2048], ""gathered_rows"": [8, 2048]}",0,0,{},0,32832,32768,Logical gathers summed over experts; n_e and each concrete GEMM shape are in expert_matrices.
20,expert_gate_proj,linear,"{""input_per_expert"": [""n_e"", 2048], ""weight_storage_each"": [768, 2048], ""output_per_expert"": [""n_e"", 768], ""nonempty_experts"": 8, ""tokens_per_expert"": [1, 1, 1, 1, 1, 1, 1, 1, 0, 0, 0, 0, 0, 0, 0, 0, 0, 0, 0, 0, 0, 0, 0, 0, 0, 0, 0, 0, 0, 0, 0, 0, 0, 0, 0, 0, 0, 0, 0, 0, 0, 0, 0, 0, 0, 0, 0, 0, 0, 0, 0, 0, 0, 0, 0, 0, 0, 0, 0, 0, 0, 0, 0, 0, 0, 0, 0, 0, 0, 0, 0, 0, 0, 0, 0, 0, 0, 0, 0, 0, 0, 0, 0, 0, 0, 0, 0, 0, 0, 0, 0, 0, 0, 0, 0, 0, 0, 0, 0, 0, 0, 0, 0, 0, 0, 0, 0, 0, 0, 0, 0, 0, 0, 0, 0, 0, 0, 0, 0, 0, 0, 0, 0, 0, 0, 0, 0, 0]}",25165824,0,{},25165824,32768,12288,"Sum of unpadded per-expert GEMMs; each visited expert weight read once per layer, not once per token."
20,expert_up_proj,linear,"{""input_per_expert"": [""n_e"", 2048], ""weight_storage_each"": [768, 2048], ""output_per_expert"": [""n_e"", 768], ""nonempty_experts"": 8, ""tokens_per_expert"": [1, 1, 1, 1, 1, 1, 1, 1, 0, 0, 0, 0, 0, 0, 0, 0, 0, 0, 0, 0, 0, 0, 0, 0, 0, 0, 0, 0, 0, 0, 0, 0, 0, 0, 0, 0, 0, 0, 0, 0, 0, 0, 0, 0, 0, 0, 0, 0, 0, 0, 0, 0, 0, 0, 0, 0, 0, 0, 0, 0, 0, 0, 0, 0, 0, 0, 0, 0, 0, 0, 0, 0, 0, 0, 0, 0, 0, 0, 0, 0, 0, 0, 0, 0, 0, 0, 0, 0, 0, 0, 0, 0, 0, 0, 0, 0, 0, 0, 0, 0, 0, 0, 0, 0, 0, 0, 0, 0, 0, 0, 0, 0, 0, 0, 0, 0, 0, 0, 0, 0, 0, 0, 0, 0, 0, 0, 0, 0]}",25165824,0,{},25165824,32768,12288,"Sum of unpadded per-expert GEMMs; each visited expert weight read once per layer, not once per token."
20,expert_silu_mul,activation,"{""gate_and_up_each"": [8, 768]}",0,24576,"{""exp"": 6144, ""negate"": 6144}",0,24576,12288,
20,expert_down_proj,linear,"{""input_per_expert"": [""n_e"", 768], ""weight_storage_each"": [2048, 768], ""output_per_expert"": [""n_e"", 2048], ""nonempty_experts"": 8, ""tokens_per_expert"": [1, 1, 1, 1, 1, 1, 1, 1, 0, 0, 0, 0, 0, 0, 0, 0, 0, 0, 0, 0, 0, 0, 0, 0, 0, 0, 0, 0, 0, 0, 0, 0, 0, 0, 0, 0, 0, 0, 0, 0, 0, 0, 0, 0, 0, 0, 0, 0, 0, 0, 0, 0, 0, 0, 0, 0, 0, 0, 0, 0, 0, 0, 0, 0, 0, 0, 0, 0, 0, 0, 0, 0, 0, 0, 0, 0, 0, 0, 0, 0, 0, 0, 0, 0, 0, 0, 0, 0, 0, 0, 0, 0, 0, 0, 0, 0, 0, 0, 0, 0, 0, 0, 0, 0, 0, 0, 0, 0, 0, 0, 0, 0, 0, 0, 0, 0, 0, 0, 0, 0, 0, 0, 0, 0, 0, 0, 0, 0]}",25165824,0,{},25165824,12288,32768,Unpadded per-expert GEMMs; empty experts have zero arithmetic and no weight payload.
20,expert_probability_multiply,routing,"{""expert_outputs"": [8, 2048], ""routing_weights"": [8]}",0,16384,{},0,32912,32768,Probability broadcast reuses one value per assignment; int64 token/slot indices included.
20,expert_output_zero,routing,"{""output"": [1, 2048]}",0,0,{},0,0,4096,Reference initializes final_hidden_states to zero.
20,expert_index_add,routing,"{""weighted_outputs"": [8, 2048], ""combined_output"": [1, 2048]}",0,16384,{},0,65600,32768,"Reference index_add includes the first add into zero; destination read/update per assignment is logical payload, not measured HBM."
20,ffn_residual,residual,"{""inputs_each"": [1, 2048], ""output"": [1, 2048]}",0,2048,{},0,8192,4096,
21,input_layernorm,normalization,"{""input"": [1, 2048], ""weight"": [2048], ""output"": [1, 2048]}",0,8193,"{""rsqrt"": 1}",4096,4096,4096,按 FP32 行内归约的代数计数；rsqrt、类型转换与临时 FP32 张量分列／不推断 HBM spill。
21,q_proj,linear,"{""input"": [1, 2048], ""weight_math"": [2048, 4096], ""weight_storage"": [4096, 2048], ""output"": [1, 4096]}",16777216,0,{},16777216,4096,8192,独立 GEMM：权重与输入各读一次、输出写一次的操作数载荷；不预测 tile 重读。
21,k_proj,linear,"{""input"": [1, 2048], ""weight_math"": [2048, 512], ""weight_storage"": [512, 2048], ""output"": [1, 512]}",2097152,0,{},2097152,4096,1024,独立 GEMM：权重与输入各读一次、输出写一次的操作数载荷；不预测 tile 重读。
21,v_proj,linear,"{""input"": [1, 2048], ""weight_math"": [2048, 512], ""weight_storage"": [512, 2048], ""output"": [1, 512]}",2097152,0,{},2097152,4096,1024,独立 GEMM：权重与输入各读一次、输出写一次的操作数载荷；不预测 tile 重读。
21,q_norm,normalization,"{""input"": [32, 128], ""weight"": [128], ""output"": [32, 128]}",0,16416,"{""rsqrt"": 32}",256,8192,8192,按 FP32 行内归约的代数计数；rsqrt、类型转换与临时 FP32 张量分列／不推断 HBM spill。
21,k_norm,normalization,"{""input"": [4, 128], ""weight"": [128], ""output"": [4, 128]}",0,2052,"{""rsqrt"": 4}",256,1024,1024,按 FP32 行内归约的代数计数；rsqrt、类型转换与临时 FP32 张量分列／不推断 HBM spill。
21,apply_rope,position,"{""Q"": [1, 32, 1, 128], ""K"": [1, 4, 1, 128]}",0,13824,"{""negate"": 2304}",0,9728,9216,2 multiply + 1 add/元素，rotate_half 符号翻转分列；表按批／头理想复用。
21,kv_append,state,"{""new_K_and_V_each"": [1, 4, 1, 128]}",0,0,{},0,2048,2048,原位／分页 append 载荷；不假定动态 torch.cat 对旧缓存整段复制。
21,qk,attention,"{""Q"": [1, 32, 1, 128], ""K_shared"": [1, 4, 8193, 128], ""scores_rectangular"": [1, 32, 1, 8193]}",67117056,0,{},0,8397824,1048704,FLOPs 仅有效因果位置；载荷是假定 Q/K 各读一次、GQA 头共享，完整分数矩阵物化。
21,score_scale_mask_softmax,softmax,"{""scores"": [1, 32, 1, 8193]}",0,1048672,"{""exp"": 262176, ""compare_max"": 262144, ""mask_decisions"": 262176}",0,1048704,1048704,选择的融合 scale/mask/softmax 代数工作；屏蔽点不计 exp。物化 FP32 默认概率；非具体 eager trace。
21,pv,attention,"{""P"": [1, 32, 1, 8193], ""V_shared"": [1, 4, 8193, 128], ""output"": [1, 32, 1, 128]}",67117056,0,{},0,9438336,8192,PV/AV：各 Q 头仍计算；V 容量不乘 GQA 复制数。载荷假定 V 在头／查询之间理想复用。
21,o_proj,linear,"{""input"": [1, 4096], ""weight_math"": [4096, 2048], ""weight_storage"": [2048, 4096], ""output"": [1, 2048]}",16777216,0,{},16777216,8192,4096,独立 GEMM：权重与输入各读一次、输出写一次的操作数载荷；不预测 tile 重读。
21,attention_residual,residual,"{""inputs_each"": [1, 2048], ""output"": [1, 2048]}",0,2048,{},0,8192,4096,
21,post_attention_layernorm,normalization,"{""input"": [1, 2048], ""weight"": [2048], ""output"": [1, 2048]}",0,8193,"{""rsqrt"": 1}",4096,4096,4096,按 FP32 行内归约的代数计数；rsqrt、类型转换与临时 FP32 张量分列／不推断 HBM spill。
21,router,linear,"{""input"": [1, 2048], ""weight_math"": [2048, 128], ""weight_storage"": [128, 2048], ""output"": [1, 128]}",524288,0,{},524288,4096,256,独立 GEMM：权重与输入各读一次、输出写一次的操作数载荷；不预测 tile 重读。
21,router_softmax,routing,"{""input"": [1, 128], ""probabilities_fp32"": [1, 128]}",0,383,"{""exp"": 128, ""compare_max"": 127}",0,256,512,"FP32 softmax: subtract max, exp, reduction, divide; casts are not FLOPs."
21,router_topk,routing,"{""input_fp32"": [1, 128], ""values_fp32"": [1, 8], ""indices_int64"": [1, 8]}",0,0,"{""topk_rows"": 1, ""topk_candidates"": 128}",0,512,96,Top-k is an explicit selection primitive; candidate counts are not comparisons or FLOPs. Backend selection algorithm is unspecified.
21,router_renormalize_cast,routing,"{""selected_probabilities"": [1, 8]}",0,15,{},0,32,16,"Selected probabilities are renormalized if norm_topk_prob, then cast to activation dtype; row reduction assumed on-chip."
21,routing_one_hot,routing_metadata,"{""selected_int64"": [1, 8], ""mask_int64"": [1, 8, 128]}",0,0,"{""one_hot_entries"": 1024}",0,64,8192,Pinned HF reference materializes one_hot int64; this large routing mask is not assumed in optimized dispatch.
21,routing_where,routing_metadata,"{""mask_int64"": [128, 8, 1], ""top_x_and_slot_each"": [8]}",0,0,"{""integer_nonzero_tests"": 1024}",0,8192,128,Scan each expert mask; two int64 coordinates per assignment. Permute is a view.
21,expert_gather,routing,"{""source"": [1, 2048], ""gathered_rows"": [8, 2048]}",0,0,{},0,32832,32768,Logical gathers summed over experts; n_e and each concrete GEMM shape are in expert_matrices.
21,expert_gate_proj,linear,"{""input_per_expert"": [""n_e"", 2048], ""weight_storage_each"": [768, 2048], ""output_per_expert"": [""n_e"", 768], ""nonempty_experts"": 8, ""tokens_per_expert"": [1, 1, 1, 1, 1, 1, 1, 1, 0, 0, 0, 0, 0, 0, 0, 0, 0, 0, 0, 0, 0, 0, 0, 0, 0, 0, 0, 0, 0, 0, 0, 0, 0, 0, 0, 0, 0, 0, 0, 0, 0, 0, 0, 0, 0, 0, 0, 0, 0, 0, 0, 0, 0, 0, 0, 0, 0, 0, 0, 0, 0, 0, 0, 0, 0, 0, 0, 0, 0, 0, 0, 0, 0, 0, 0, 0, 0, 0, 0, 0, 0, 0, 0, 0, 0, 0, 0, 0, 0, 0, 0, 0, 0, 0, 0, 0, 0, 0, 0, 0, 0, 0, 0, 0, 0, 0, 0, 0, 0, 0, 0, 0, 0, 0, 0, 0, 0, 0, 0, 0, 0, 0, 0, 0, 0, 0, 0, 0]}",25165824,0,{},25165824,32768,12288,"Sum of unpadded per-expert GEMMs; each visited expert weight read once per layer, not once per token."
21,expert_up_proj,linear,"{""input_per_expert"": [""n_e"", 2048], ""weight_storage_each"": [768, 2048], ""output_per_expert"": [""n_e"", 768], ""nonempty_experts"": 8, ""tokens_per_expert"": [1, 1, 1, 1, 1, 1, 1, 1, 0, 0, 0, 0, 0, 0, 0, 0, 0, 0, 0, 0, 0, 0, 0, 0, 0, 0, 0, 0, 0, 0, 0, 0, 0, 0, 0, 0, 0, 0, 0, 0, 0, 0, 0, 0, 0, 0, 0, 0, 0, 0, 0, 0, 0, 0, 0, 0, 0, 0, 0, 0, 0, 0, 0, 0, 0, 0, 0, 0, 0, 0, 0, 0, 0, 0, 0, 0, 0, 0, 0, 0, 0, 0, 0, 0, 0, 0, 0, 0, 0, 0, 0, 0, 0, 0, 0, 0, 0, 0, 0, 0, 0, 0, 0, 0, 0, 0, 0, 0, 0, 0, 0, 0, 0, 0, 0, 0, 0, 0, 0, 0, 0, 0, 0, 0, 0, 0, 0, 0]}",25165824,0,{},25165824,32768,12288,"Sum of unpadded per-expert GEMMs; each visited expert weight read once per layer, not once per token."
21,expert_silu_mul,activation,"{""gate_and_up_each"": [8, 768]}",0,24576,"{""exp"": 6144, ""negate"": 6144}",0,24576,12288,
21,expert_down_proj,linear,"{""input_per_expert"": [""n_e"", 768], ""weight_storage_each"": [2048, 768], ""output_per_expert"": [""n_e"", 2048], ""nonempty_experts"": 8, ""tokens_per_expert"": [1, 1, 1, 1, 1, 1, 1, 1, 0, 0, 0, 0, 0, 0, 0, 0, 0, 0, 0, 0, 0, 0, 0, 0, 0, 0, 0, 0, 0, 0, 0, 0, 0, 0, 0, 0, 0, 0, 0, 0, 0, 0, 0, 0, 0, 0, 0, 0, 0, 0, 0, 0, 0, 0, 0, 0, 0, 0, 0, 0, 0, 0, 0, 0, 0, 0, 0, 0, 0, 0, 0, 0, 0, 0, 0, 0, 0, 0, 0, 0, 0, 0, 0, 0, 0, 0, 0, 0, 0, 0, 0, 0, 0, 0, 0, 0, 0, 0, 0, 0, 0, 0, 0, 0, 0, 0, 0, 0, 0, 0, 0, 0, 0, 0, 0, 0, 0, 0, 0, 0, 0, 0, 0, 0, 0, 0, 0, 0]}",25165824,0,{},25165824,12288,32768,Unpadded per-expert GEMMs; empty experts have zero arithmetic and no weight payload.
21,expert_probability_multiply,routing,"{""expert_outputs"": [8, 2048], ""routing_weights"": [8]}",0,16384,{},0,32912,32768,Probability broadcast reuses one value per assignment; int64 token/slot indices included.
21,expert_output_zero,routing,"{""output"": [1, 2048]}",0,0,{},0,0,4096,Reference initializes final_hidden_states to zero.
21,expert_index_add,routing,"{""weighted_outputs"": [8, 2048], ""combined_output"": [1, 2048]}",0,16384,{},0,65600,32768,"Reference index_add includes the first add into zero; destination read/update per assignment is logical payload, not measured HBM."
21,ffn_residual,residual,"{""inputs_each"": [1, 2048], ""output"": [1, 2048]}",0,2048,{},0,8192,4096,
22,input_layernorm,normalization,"{""input"": [1, 2048], ""weight"": [2048], ""output"": [1, 2048]}",0,8193,"{""rsqrt"": 1}",4096,4096,4096,按 FP32 行内归约的代数计数；rsqrt、类型转换与临时 FP32 张量分列／不推断 HBM spill。
22,q_proj,linear,"{""input"": [1, 2048], ""weight_math"": [2048, 4096], ""weight_storage"": [4096, 2048], ""output"": [1, 4096]}",16777216,0,{},16777216,4096,8192,独立 GEMM：权重与输入各读一次、输出写一次的操作数载荷；不预测 tile 重读。
22,k_proj,linear,"{""input"": [1, 2048], ""weight_math"": [2048, 512], ""weight_storage"": [512, 2048], ""output"": [1, 512]}",2097152,0,{},2097152,4096,1024,独立 GEMM：权重与输入各读一次、输出写一次的操作数载荷；不预测 tile 重读。
22,v_proj,linear,"{""input"": [1, 2048], ""weight_math"": [2048, 512], ""weight_storage"": [512, 2048], ""output"": [1, 512]}",2097152,0,{},2097152,4096,1024,独立 GEMM：权重与输入各读一次、输出写一次的操作数载荷；不预测 tile 重读。
22,q_norm,normalization,"{""input"": [32, 128], ""weight"": [128], ""output"": [32, 128]}",0,16416,"{""rsqrt"": 32}",256,8192,8192,按 FP32 行内归约的代数计数；rsqrt、类型转换与临时 FP32 张量分列／不推断 HBM spill。
22,k_norm,normalization,"{""input"": [4, 128], ""weight"": [128], ""output"": [4, 128]}",0,2052,"{""rsqrt"": 4}",256,1024,1024,按 FP32 行内归约的代数计数；rsqrt、类型转换与临时 FP32 张量分列／不推断 HBM spill。
22,apply_rope,position,"{""Q"": [1, 32, 1, 128], ""K"": [1, 4, 1, 128]}",0,13824,"{""negate"": 2304}",0,9728,9216,2 multiply + 1 add/元素，rotate_half 符号翻转分列；表按批／头理想复用。
22,kv_append,state,"{""new_K_and_V_each"": [1, 4, 1, 128]}",0,0,{},0,2048,2048,原位／分页 append 载荷；不假定动态 torch.cat 对旧缓存整段复制。
22,qk,attention,"{""Q"": [1, 32, 1, 128], ""K_shared"": [1, 4, 8193, 128], ""scores_rectangular"": [1, 32, 1, 8193]}",67117056,0,{},0,8397824,1048704,FLOPs 仅有效因果位置；载荷是假定 Q/K 各读一次、GQA 头共享，完整分数矩阵物化。
22,score_scale_mask_softmax,softmax,"{""scores"": [1, 32, 1, 8193]}",0,1048672,"{""exp"": 262176, ""compare_max"": 262144, ""mask_decisions"": 262176}",0,1048704,1048704,选择的融合 scale/mask/softmax 代数工作；屏蔽点不计 exp。物化 FP32 默认概率；非具体 eager trace。
22,pv,attention,"{""P"": [1, 32, 1, 8193], ""V_shared"": [1, 4, 8193, 128], ""output"": [1, 32, 1, 128]}",67117056,0,{},0,9438336,8192,PV/AV：各 Q 头仍计算；V 容量不乘 GQA 复制数。载荷假定 V 在头／查询之间理想复用。
22,o_proj,linear,"{""input"": [1, 4096], ""weight_math"": [4096, 2048], ""weight_storage"": [2048, 4096], ""output"": [1, 2048]}",16777216,0,{},16777216,8192,4096,独立 GEMM：权重与输入各读一次、输出写一次的操作数载荷；不预测 tile 重读。
22,attention_residual,residual,"{""inputs_each"": [1, 2048], ""output"": [1, 2048]}",0,2048,{},0,8192,4096,
22,post_attention_layernorm,normalization,"{""input"": [1, 2048], ""weight"": [2048], ""output"": [1, 2048]}",0,8193,"{""rsqrt"": 1}",4096,4096,4096,按 FP32 行内归约的代数计数；rsqrt、类型转换与临时 FP32 张量分列／不推断 HBM spill。
22,router,linear,"{""input"": [1, 2048], ""weight_math"": [2048, 128], ""weight_storage"": [128, 2048], ""output"": [1, 128]}",524288,0,{},524288,4096,256,独立 GEMM：权重与输入各读一次、输出写一次的操作数载荷；不预测 tile 重读。
22,router_softmax,routing,"{""input"": [1, 128], ""probabilities_fp32"": [1, 128]}",0,383,"{""exp"": 128, ""compare_max"": 127}",0,256,512,"FP32 softmax: subtract max, exp, reduction, divide; casts are not FLOPs."
22,router_topk,routing,"{""input_fp32"": [1, 128], ""values_fp32"": [1, 8], ""indices_int64"": [1, 8]}",0,0,"{""topk_rows"": 1, ""topk_candidates"": 128}",0,512,96,Top-k is an explicit selection primitive; candidate counts are not comparisons or FLOPs. Backend selection algorithm is unspecified.
22,router_renormalize_cast,routing,"{""selected_probabilities"": [1, 8]}",0,15,{},0,32,16,"Selected probabilities are renormalized if norm_topk_prob, then cast to activation dtype; row reduction assumed on-chip."
22,routing_one_hot,routing_metadata,"{""selected_int64"": [1, 8], ""mask_int64"": [1, 8, 128]}",0,0,"{""one_hot_entries"": 1024}",0,64,8192,Pinned HF reference materializes one_hot int64; this large routing mask is not assumed in optimized dispatch.
22,routing_where,routing_metadata,"{""mask_int64"": [128, 8, 1], ""top_x_and_slot_each"": [8]}",0,0,"{""integer_nonzero_tests"": 1024}",0,8192,128,Scan each expert mask; two int64 coordinates per assignment. Permute is a view.
22,expert_gather,routing,"{""source"": [1, 2048], ""gathered_rows"": [8, 2048]}",0,0,{},0,32832,32768,Logical gathers summed over experts; n_e and each concrete GEMM shape are in expert_matrices.
22,expert_gate_proj,linear,"{""input_per_expert"": [""n_e"", 2048], ""weight_storage_each"": [768, 2048], ""output_per_expert"": [""n_e"", 768], ""nonempty_experts"": 8, ""tokens_per_expert"": [1, 1, 1, 1, 1, 1, 1, 1, 0, 0, 0, 0, 0, 0, 0, 0, 0, 0, 0, 0, 0, 0, 0, 0, 0, 0, 0, 0, 0, 0, 0, 0, 0, 0, 0, 0, 0, 0, 0, 0, 0, 0, 0, 0, 0, 0, 0, 0, 0, 0, 0, 0, 0, 0, 0, 0, 0, 0, 0, 0, 0, 0, 0, 0, 0, 0, 0, 0, 0, 0, 0, 0, 0, 0, 0, 0, 0, 0, 0, 0, 0, 0, 0, 0, 0, 0, 0, 0, 0, 0, 0, 0, 0, 0, 0, 0, 0, 0, 0, 0, 0, 0, 0, 0, 0, 0, 0, 0, 0, 0, 0, 0, 0, 0, 0, 0, 0, 0, 0, 0, 0, 0, 0, 0, 0, 0, 0, 0]}",25165824,0,{},25165824,32768,12288,"Sum of unpadded per-expert GEMMs; each visited expert weight read once per layer, not once per token."
22,expert_up_proj,linear,"{""input_per_expert"": [""n_e"", 2048], ""weight_storage_each"": [768, 2048], ""output_per_expert"": [""n_e"", 768], ""nonempty_experts"": 8, ""tokens_per_expert"": [1, 1, 1, 1, 1, 1, 1, 1, 0, 0, 0, 0, 0, 0, 0, 0, 0, 0, 0, 0, 0, 0, 0, 0, 0, 0, 0, 0, 0, 0, 0, 0, 0, 0, 0, 0, 0, 0, 0, 0, 0, 0, 0, 0, 0, 0, 0, 0, 0, 0, 0, 0, 0, 0, 0, 0, 0, 0, 0, 0, 0, 0, 0, 0, 0, 0, 0, 0, 0, 0, 0, 0, 0, 0, 0, 0, 0, 0, 0, 0, 0, 0, 0, 0, 0, 0, 0, 0, 0, 0, 0, 0, 0, 0, 0, 0, 0, 0, 0, 0, 0, 0, 0, 0, 0, 0, 0, 0, 0, 0, 0, 0, 0, 0, 0, 0, 0, 0, 0, 0, 0, 0, 0, 0, 0, 0, 0, 0]}",25165824,0,{},25165824,32768,12288,"Sum of unpadded per-expert GEMMs; each visited expert weight read once per layer, not once per token."
22,expert_silu_mul,activation,"{""gate_and_up_each"": [8, 768]}",0,24576,"{""exp"": 6144, ""negate"": 6144}",0,24576,12288,
22,expert_down_proj,linear,"{""input_per_expert"": [""n_e"", 768], ""weight_storage_each"": [2048, 768], ""output_per_expert"": [""n_e"", 2048], ""nonempty_experts"": 8, ""tokens_per_expert"": [1, 1, 1, 1, 1, 1, 1, 1, 0, 0, 0, 0, 0, 0, 0, 0, 0, 0, 0, 0, 0, 0, 0, 0, 0, 0, 0, 0, 0, 0, 0, 0, 0, 0, 0, 0, 0, 0, 0, 0, 0, 0, 0, 0, 0, 0, 0, 0, 0, 0, 0, 0, 0, 0, 0, 0, 0, 0, 0, 0, 0, 0, 0, 0, 0, 0, 0, 0, 0, 0, 0, 0, 0, 0, 0, 0, 0, 0, 0, 0, 0, 0, 0, 0, 0, 0, 0, 0, 0, 0, 0, 0, 0, 0, 0, 0, 0, 0, 0, 0, 0, 0, 0, 0, 0, 0, 0, 0, 0, 0, 0, 0, 0, 0, 0, 0, 0, 0, 0, 0, 0, 0, 0, 0, 0, 0, 0, 0]}",25165824,0,{},25165824,12288,32768,Unpadded per-expert GEMMs; empty experts have zero arithmetic and no weight payload.
22,expert_probability_multiply,routing,"{""expert_outputs"": [8, 2048], ""routing_weights"": [8]}",0,16384,{},0,32912,32768,Probability broadcast reuses one value per assignment; int64 token/slot indices included.
22,expert_output_zero,routing,"{""output"": [1, 2048]}",0,0,{},0,0,4096,Reference initializes final_hidden_states to zero.
22,expert_index_add,routing,"{""weighted_outputs"": [8, 2048], ""combined_output"": [1, 2048]}",0,16384,{},0,65600,32768,"Reference index_add includes the first add into zero; destination read/update per assignment is logical payload, not measured HBM."
22,ffn_residual,residual,"{""inputs_each"": [1, 2048], ""output"": [1, 2048]}",0,2048,{},0,8192,4096,
23,input_layernorm,normalization,"{""input"": [1, 2048], ""weight"": [2048], ""output"": [1, 2048]}",0,8193,"{""rsqrt"": 1}",4096,4096,4096,按 FP32 行内归约的代数计数；rsqrt、类型转换与临时 FP32 张量分列／不推断 HBM spill。
23,q_proj,linear,"{""input"": [1, 2048], ""weight_math"": [2048, 4096], ""weight_storage"": [4096, 2048], ""output"": [1, 4096]}",16777216,0,{},16777216,4096,8192,独立 GEMM：权重与输入各读一次、输出写一次的操作数载荷；不预测 tile 重读。
23,k_proj,linear,"{""input"": [1, 2048], ""weight_math"": [2048, 512], ""weight_storage"": [512, 2048], ""output"": [1, 512]}",2097152,0,{},2097152,4096,1024,独立 GEMM：权重与输入各读一次、输出写一次的操作数载荷；不预测 tile 重读。
23,v_proj,linear,"{""input"": [1, 2048], ""weight_math"": [2048, 512], ""weight_storage"": [512, 2048], ""output"": [1, 512]}",2097152,0,{},2097152,4096,1024,独立 GEMM：权重与输入各读一次、输出写一次的操作数载荷；不预测 tile 重读。
23,q_norm,normalization,"{""input"": [32, 128], ""weight"": [128], ""output"": [32, 128]}",0,16416,"{""rsqrt"": 32}",256,8192,8192,按 FP32 行内归约的代数计数；rsqrt、类型转换与临时 FP32 张量分列／不推断 HBM spill。
23,k_norm,normalization,"{""input"": [4, 128], ""weight"": [128], ""output"": [4, 128]}",0,2052,"{""rsqrt"": 4}",256,1024,1024,按 FP32 行内归约的代数计数；rsqrt、类型转换与临时 FP32 张量分列／不推断 HBM spill。
23,apply_rope,position,"{""Q"": [1, 32, 1, 128], ""K"": [1, 4, 1, 128]}",0,13824,"{""negate"": 2304}",0,9728,9216,2 multiply + 1 add/元素，rotate_half 符号翻转分列；表按批／头理想复用。
23,kv_append,state,"{""new_K_and_V_each"": [1, 4, 1, 128]}",0,0,{},0,2048,2048,原位／分页 append 载荷；不假定动态 torch.cat 对旧缓存整段复制。
23,qk,attention,"{""Q"": [1, 32, 1, 128], ""K_shared"": [1, 4, 8193, 128], ""scores_rectangular"": [1, 32, 1, 8193]}",67117056,0,{},0,8397824,1048704,FLOPs 仅有效因果位置；载荷是假定 Q/K 各读一次、GQA 头共享，完整分数矩阵物化。
23,score_scale_mask_softmax,softmax,"{""scores"": [1, 32, 1, 8193]}",0,1048672,"{""exp"": 262176, ""compare_max"": 262144, ""mask_decisions"": 262176}",0,1048704,1048704,选择的融合 scale/mask/softmax 代数工作；屏蔽点不计 exp。物化 FP32 默认概率；非具体 eager trace。
23,pv,attention,"{""P"": [1, 32, 1, 8193], ""V_shared"": [1, 4, 8193, 128], ""output"": [1, 32, 1, 128]}",67117056,0,{},0,9438336,8192,PV/AV：各 Q 头仍计算；V 容量不乘 GQA 复制数。载荷假定 V 在头／查询之间理想复用。
23,o_proj,linear,"{""input"": [1, 4096], ""weight_math"": [4096, 2048], ""weight_storage"": [2048, 4096], ""output"": [1, 2048]}",16777216,0,{},16777216,8192,4096,独立 GEMM：权重与输入各读一次、输出写一次的操作数载荷；不预测 tile 重读。
23,attention_residual,residual,"{""inputs_each"": [1, 2048], ""output"": [1, 2048]}",0,2048,{},0,8192,4096,
23,post_attention_layernorm,normalization,"{""input"": [1, 2048], ""weight"": [2048], ""output"": [1, 2048]}",0,8193,"{""rsqrt"": 1}",4096,4096,4096,按 FP32 行内归约的代数计数；rsqrt、类型转换与临时 FP32 张量分列／不推断 HBM spill。
23,router,linear,"{""input"": [1, 2048], ""weight_math"": [2048, 128], ""weight_storage"": [128, 2048], ""output"": [1, 128]}",524288,0,{},524288,4096,256,独立 GEMM：权重与输入各读一次、输出写一次的操作数载荷；不预测 tile 重读。
23,router_softmax,routing,"{""input"": [1, 128], ""probabilities_fp32"": [1, 128]}",0,383,"{""exp"": 128, ""compare_max"": 127}",0,256,512,"FP32 softmax: subtract max, exp, reduction, divide; casts are not FLOPs."
23,router_topk,routing,"{""input_fp32"": [1, 128], ""values_fp32"": [1, 8], ""indices_int64"": [1, 8]}",0,0,"{""topk_rows"": 1, ""topk_candidates"": 128}",0,512,96,Top-k is an explicit selection primitive; candidate counts are not comparisons or FLOPs. Backend selection algorithm is unspecified.
23,router_renormalize_cast,routing,"{""selected_probabilities"": [1, 8]}",0,15,{},0,32,16,"Selected probabilities are renormalized if norm_topk_prob, then cast to activation dtype; row reduction assumed on-chip."
23,routing_one_hot,routing_metadata,"{""selected_int64"": [1, 8], ""mask_int64"": [1, 8, 128]}",0,0,"{""one_hot_entries"": 1024}",0,64,8192,Pinned HF reference materializes one_hot int64; this large routing mask is not assumed in optimized dispatch.
23,routing_where,routing_metadata,"{""mask_int64"": [128, 8, 1], ""top_x_and_slot_each"": [8]}",0,0,"{""integer_nonzero_tests"": 1024}",0,8192,128,Scan each expert mask; two int64 coordinates per assignment. Permute is a view.
23,expert_gather,routing,"{""source"": [1, 2048], ""gathered_rows"": [8, 2048]}",0,0,{},0,32832,32768,Logical gathers summed over experts; n_e and each concrete GEMM shape are in expert_matrices.
23,expert_gate_proj,linear,"{""input_per_expert"": [""n_e"", 2048], ""weight_storage_each"": [768, 2048], ""output_per_expert"": [""n_e"", 768], ""nonempty_experts"": 8, ""tokens_per_expert"": [1, 1, 1, 1, 1, 1, 1, 1, 0, 0, 0, 0, 0, 0, 0, 0, 0, 0, 0, 0, 0, 0, 0, 0, 0, 0, 0, 0, 0, 0, 0, 0, 0, 0, 0, 0, 0, 0, 0, 0, 0, 0, 0, 0, 0, 0, 0, 0, 0, 0, 0, 0, 0, 0, 0, 0, 0, 0, 0, 0, 0, 0, 0, 0, 0, 0, 0, 0, 0, 0, 0, 0, 0, 0, 0, 0, 0, 0, 0, 0, 0, 0, 0, 0, 0, 0, 0, 0, 0, 0, 0, 0, 0, 0, 0, 0, 0, 0, 0, 0, 0, 0, 0, 0, 0, 0, 0, 0, 0, 0, 0, 0, 0, 0, 0, 0, 0, 0, 0, 0, 0, 0, 0, 0, 0, 0, 0, 0]}",25165824,0,{},25165824,32768,12288,"Sum of unpadded per-expert GEMMs; each visited expert weight read once per layer, not once per token."
23,expert_up_proj,linear,"{""input_per_expert"": [""n_e"", 2048], ""weight_storage_each"": [768, 2048], ""output_per_expert"": [""n_e"", 768], ""nonempty_experts"": 8, ""tokens_per_expert"": [1, 1, 1, 1, 1, 1, 1, 1, 0, 0, 0, 0, 0, 0, 0, 0, 0, 0, 0, 0, 0, 0, 0, 0, 0, 0, 0, 0, 0, 0, 0, 0, 0, 0, 0, 0, 0, 0, 0, 0, 0, 0, 0, 0, 0, 0, 0, 0, 0, 0, 0, 0, 0, 0, 0, 0, 0, 0, 0, 0, 0, 0, 0, 0, 0, 0, 0, 0, 0, 0, 0, 0, 0, 0, 0, 0, 0, 0, 0, 0, 0, 0, 0, 0, 0, 0, 0, 0, 0, 0, 0, 0, 0, 0, 0, 0, 0, 0, 0, 0, 0, 0, 0, 0, 0, 0, 0, 0, 0, 0, 0, 0, 0, 0, 0, 0, 0, 0, 0, 0, 0, 0, 0, 0, 0, 0, 0, 0]}",25165824,0,{},25165824,32768,12288,"Sum of unpadded per-expert GEMMs; each visited expert weight read once per layer, not once per token."
23,expert_silu_mul,activation,"{""gate_and_up_each"": [8, 768]}",0,24576,"{""exp"": 6144, ""negate"": 6144}",0,24576,12288,
23,expert_down_proj,linear,"{""input_per_expert"": [""n_e"", 768], ""weight_storage_each"": [2048, 768], ""output_per_expert"": [""n_e"", 2048], ""nonempty_experts"": 8, ""tokens_per_expert"": [1, 1, 1, 1, 1, 1, 1, 1, 0, 0, 0, 0, 0, 0, 0, 0, 0, 0, 0, 0, 0, 0, 0, 0, 0, 0, 0, 0, 0, 0, 0, 0, 0, 0, 0, 0, 0, 0, 0, 0, 0, 0, 0, 0, 0, 0, 0, 0, 0, 0, 0, 0, 0, 0, 0, 0, 0, 0, 0, 0, 0, 0, 0, 0, 0, 0, 0, 0, 0, 0, 0, 0, 0, 0, 0, 0, 0, 0, 0, 0, 0, 0, 0, 0, 0, 0, 0, 0, 0, 0, 0, 0, 0, 0, 0, 0, 0, 0, 0, 0, 0, 0, 0, 0, 0, 0, 0, 0, 0, 0, 0, 0, 0, 0, 0, 0, 0, 0, 0, 0, 0, 0, 0, 0, 0, 0, 0, 0]}",25165824,0,{},25165824,12288,32768,Unpadded per-expert GEMMs; empty experts have zero arithmetic and no weight payload.
23,expert_probability_multiply,routing,"{""expert_outputs"": [8, 2048], ""routing_weights"": [8]}",0,16384,{},0,32912,32768,Probability broadcast reuses one value per assignment; int64 token/slot indices included.
23,expert_output_zero,routing,"{""output"": [1, 2048]}",0,0,{},0,0,4096,Reference initializes final_hidden_states to zero.
23,expert_index_add,routing,"{""weighted_outputs"": [8, 2048], ""combined_output"": [1, 2048]}",0,16384,{},0,65600,32768,"Reference index_add includes the first add into zero; destination read/update per assignment is logical payload, not measured HBM."
23,ffn_residual,residual,"{""inputs_each"": [1, 2048], ""output"": [1, 2048]}",0,2048,{},0,8192,4096,
24,input_layernorm,normalization,"{""input"": [1, 2048], ""weight"": [2048], ""output"": [1, 2048]}",0,8193,"{""rsqrt"": 1}",4096,4096,4096,按 FP32 行内归约的代数计数；rsqrt、类型转换与临时 FP32 张量分列／不推断 HBM spill。
24,q_proj,linear,"{""input"": [1, 2048], ""weight_math"": [2048, 4096], ""weight_storage"": [4096, 2048], ""output"": [1, 4096]}",16777216,0,{},16777216,4096,8192,独立 GEMM：权重与输入各读一次、输出写一次的操作数载荷；不预测 tile 重读。
24,k_proj,linear,"{""input"": [1, 2048], ""weight_math"": [2048, 512], ""weight_storage"": [512, 2048], ""output"": [1, 512]}",2097152,0,{},2097152,4096,1024,独立 GEMM：权重与输入各读一次、输出写一次的操作数载荷；不预测 tile 重读。
24,v_proj,linear,"{""input"": [1, 2048], ""weight_math"": [2048, 512], ""weight_storage"": [512, 2048], ""output"": [1, 512]}",2097152,0,{},2097152,4096,1024,独立 GEMM：权重与输入各读一次、输出写一次的操作数载荷；不预测 tile 重读。
24,q_norm,normalization,"{""input"": [32, 128], ""weight"": [128], ""output"": [32, 128]}",0,16416,"{""rsqrt"": 32}",256,8192,8192,按 FP32 行内归约的代数计数；rsqrt、类型转换与临时 FP32 张量分列／不推断 HBM spill。
24,k_norm,normalization,"{""input"": [4, 128], ""weight"": [128], ""output"": [4, 128]}",0,2052,"{""rsqrt"": 4}",256,1024,1024,按 FP32 行内归约的代数计数；rsqrt、类型转换与临时 FP32 张量分列／不推断 HBM spill。
24,apply_rope,position,"{""Q"": [1, 32, 1, 128], ""K"": [1, 4, 1, 128]}",0,13824,"{""negate"": 2304}",0,9728,9216,2 multiply + 1 add/元素，rotate_half 符号翻转分列；表按批／头理想复用。
24,kv_append,state,"{""new_K_and_V_each"": [1, 4, 1, 128]}",0,0,{},0,2048,2048,原位／分页 append 载荷；不假定动态 torch.cat 对旧缓存整段复制。
24,qk,attention,"{""Q"": [1, 32, 1, 128], ""K_shared"": [1, 4, 8193, 128], ""scores_rectangular"": [1, 32, 1, 8193]}",67117056,0,{},0,8397824,1048704,FLOPs 仅有效因果位置；载荷是假定 Q/K 各读一次、GQA 头共享，完整分数矩阵物化。
24,score_scale_mask_softmax,softmax,"{""scores"": [1, 32, 1, 8193]}",0,1048672,"{""exp"": 262176, ""compare_max"": 262144, ""mask_decisions"": 262176}",0,1048704,1048704,选择的融合 scale/mask/softmax 代数工作；屏蔽点不计 exp。物化 FP32 默认概率；非具体 eager trace。
24,pv,attention,"{""P"": [1, 32, 1, 8193], ""V_shared"": [1, 4, 8193, 128], ""output"": [1, 32, 1, 128]}",67117056,0,{},0,9438336,8192,PV/AV：各 Q 头仍计算；V 容量不乘 GQA 复制数。载荷假定 V 在头／查询之间理想复用。
24,o_proj,linear,"{""input"": [1, 4096], ""weight_math"": [4096, 2048], ""weight_storage"": [2048, 4096], ""output"": [1, 2048]}",16777216,0,{},16777216,8192,4096,独立 GEMM：权重与输入各读一次、输出写一次的操作数载荷；不预测 tile 重读。
24,attention_residual,residual,"{""inputs_each"": [1, 2048], ""output"": [1, 2048]}",0,2048,{},0,8192,4096,
24,post_attention_layernorm,normalization,"{""input"": [1, 2048], ""weight"": [2048], ""output"": [1, 2048]}",0,8193,"{""rsqrt"": 1}",4096,4096,4096,按 FP32 行内归约的代数计数；rsqrt、类型转换与临时 FP32 张量分列／不推断 HBM spill。
24,router,linear,"{""input"": [1, 2048], ""weight_math"": [2048, 128], ""weight_storage"": [128, 2048], ""output"": [1, 128]}",524288,0,{},524288,4096,256,独立 GEMM：权重与输入各读一次、输出写一次的操作数载荷；不预测 tile 重读。
24,router_softmax,routing,"{""input"": [1, 128], ""probabilities_fp32"": [1, 128]}",0,383,"{""exp"": 128, ""compare_max"": 127}",0,256,512,"FP32 softmax: subtract max, exp, reduction, divide; casts are not FLOPs."
24,router_topk,routing,"{""input_fp32"": [1, 128], ""values_fp32"": [1, 8], ""indices_int64"": [1, 8]}",0,0,"{""topk_rows"": 1, ""topk_candidates"": 128}",0,512,96,Top-k is an explicit selection primitive; candidate counts are not comparisons or FLOPs. Backend selection algorithm is unspecified.
24,router_renormalize_cast,routing,"{""selected_probabilities"": [1, 8]}",0,15,{},0,32,16,"Selected probabilities are renormalized if norm_topk_prob, then cast to activation dtype; row reduction assumed on-chip."
24,routing_one_hot,routing_metadata,"{""selected_int64"": [1, 8], ""mask_int64"": [1, 8, 128]}",0,0,"{""one_hot_entries"": 1024}",0,64,8192,Pinned HF reference materializes one_hot int64; this large routing mask is not assumed in optimized dispatch.
24,routing_where,routing_metadata,"{""mask_int64"": [128, 8, 1], ""top_x_and_slot_each"": [8]}",0,0,"{""integer_nonzero_tests"": 1024}",0,8192,128,Scan each expert mask; two int64 coordinates per assignment. Permute is a view.
24,expert_gather,routing,"{""source"": [1, 2048], ""gathered_rows"": [8, 2048]}",0,0,{},0,32832,32768,Logical gathers summed over experts; n_e and each concrete GEMM shape are in expert_matrices.
24,expert_gate_proj,linear,"{""input_per_expert"": [""n_e"", 2048], ""weight_storage_each"": [768, 2048], ""output_per_expert"": [""n_e"", 768], ""nonempty_experts"": 8, ""tokens_per_expert"": [1, 1, 1, 1, 1, 1, 1, 1, 0, 0, 0, 0, 0, 0, 0, 0, 0, 0, 0, 0, 0, 0, 0, 0, 0, 0, 0, 0, 0, 0, 0, 0, 0, 0, 0, 0, 0, 0, 0, 0, 0, 0, 0, 0, 0, 0, 0, 0, 0, 0, 0, 0, 0, 0, 0, 0, 0, 0, 0, 0, 0, 0, 0, 0, 0, 0, 0, 0, 0, 0, 0, 0, 0, 0, 0, 0, 0, 0, 0, 0, 0, 0, 0, 0, 0, 0, 0, 0, 0, 0, 0, 0, 0, 0, 0, 0, 0, 0, 0, 0, 0, 0, 0, 0, 0, 0, 0, 0, 0, 0, 0, 0, 0, 0, 0, 0, 0, 0, 0, 0, 0, 0, 0, 0, 0, 0, 0, 0]}",25165824,0,{},25165824,32768,12288,"Sum of unpadded per-expert GEMMs; each visited expert weight read once per layer, not once per token."
24,expert_up_proj,linear,"{""input_per_expert"": [""n_e"", 2048], ""weight_storage_each"": [768, 2048], ""output_per_expert"": [""n_e"", 768], ""nonempty_experts"": 8, ""tokens_per_expert"": [1, 1, 1, 1, 1, 1, 1, 1, 0, 0, 0, 0, 0, 0, 0, 0, 0, 0, 0, 0, 0, 0, 0, 0, 0, 0, 0, 0, 0, 0, 0, 0, 0, 0, 0, 0, 0, 0, 0, 0, 0, 0, 0, 0, 0, 0, 0, 0, 0, 0, 0, 0, 0, 0, 0, 0, 0, 0, 0, 0, 0, 0, 0, 0, 0, 0, 0, 0, 0, 0, 0, 0, 0, 0, 0, 0, 0, 0, 0, 0, 0, 0, 0, 0, 0, 0, 0, 0, 0, 0, 0, 0, 0, 0, 0, 0, 0, 0, 0, 0, 0, 0, 0, 0, 0, 0, 0, 0, 0, 0, 0, 0, 0, 0, 0, 0, 0, 0, 0, 0, 0, 0, 0, 0, 0, 0, 0, 0]}",25165824,0,{},25165824,32768,12288,"Sum of unpadded per-expert GEMMs; each visited expert weight read once per layer, not once per token."
24,expert_silu_mul,activation,"{""gate_and_up_each"": [8, 768]}",0,24576,"{""exp"": 6144, ""negate"": 6144}",0,24576,12288,
24,expert_down_proj,linear,"{""input_per_expert"": [""n_e"", 768], ""weight_storage_each"": [2048, 768], ""output_per_expert"": [""n_e"", 2048], ""nonempty_experts"": 8, ""tokens_per_expert"": [1, 1, 1, 1, 1, 1, 1, 1, 0, 0, 0, 0, 0, 0, 0, 0, 0, 0, 0, 0, 0, 0, 0, 0, 0, 0, 0, 0, 0, 0, 0, 0, 0, 0, 0, 0, 0, 0, 0, 0, 0, 0, 0, 0, 0, 0, 0, 0, 0, 0, 0, 0, 0, 0, 0, 0, 0, 0, 0, 0, 0, 0, 0, 0, 0, 0, 0, 0, 0, 0, 0, 0, 0, 0, 0, 0, 0, 0, 0, 0, 0, 0, 0, 0, 0, 0, 0, 0, 0, 0, 0, 0, 0, 0, 0, 0, 0, 0, 0, 0, 0, 0, 0, 0, 0, 0, 0, 0, 0, 0, 0, 0, 0, 0, 0, 0, 0, 0, 0, 0, 0, 0, 0, 0, 0, 0, 0, 0]}",25165824,0,{},25165824,12288,32768,Unpadded per-expert GEMMs; empty experts have zero arithmetic and no weight payload.
24,expert_probability_multiply,routing,"{""expert_outputs"": [8, 2048], ""routing_weights"": [8]}",0,16384,{},0,32912,32768,Probability broadcast reuses one value per assignment; int64 token/slot indices included.
24,expert_output_zero,routing,"{""output"": [1, 2048]}",0,0,{},0,0,4096,Reference initializes final_hidden_states to zero.
24,expert_index_add,routing,"{""weighted_outputs"": [8, 2048], ""combined_output"": [1, 2048]}",0,16384,{},0,65600,32768,"Reference index_add includes the first add into zero; destination read/update per assignment is logical payload, not measured HBM."
24,ffn_residual,residual,"{""inputs_each"": [1, 2048], ""output"": [1, 2048]}",0,2048,{},0,8192,4096,
25,input_layernorm,normalization,"{""input"": [1, 2048], ""weight"": [2048], ""output"": [1, 2048]}",0,8193,"{""rsqrt"": 1}",4096,4096,4096,按 FP32 行内归约的代数计数；rsqrt、类型转换与临时 FP32 张量分列／不推断 HBM spill。
25,q_proj,linear,"{""input"": [1, 2048], ""weight_math"": [2048, 4096], ""weight_storage"": [4096, 2048], ""output"": [1, 4096]}",16777216,0,{},16777216,4096,8192,独立 GEMM：权重与输入各读一次、输出写一次的操作数载荷；不预测 tile 重读。
25,k_proj,linear,"{""input"": [1, 2048], ""weight_math"": [2048, 512], ""weight_storage"": [512, 2048], ""output"": [1, 512]}",2097152,0,{},2097152,4096,1024,独立 GEMM：权重与输入各读一次、输出写一次的操作数载荷；不预测 tile 重读。
25,v_proj,linear,"{""input"": [1, 2048], ""weight_math"": [2048, 512], ""weight_storage"": [512, 2048], ""output"": [1, 512]}",2097152,0,{},2097152,4096,1024,独立 GEMM：权重与输入各读一次、输出写一次的操作数载荷；不预测 tile 重读。
25,q_norm,normalization,"{""input"": [32, 128], ""weight"": [128], ""output"": [32, 128]}",0,16416,"{""rsqrt"": 32}",256,8192,8192,按 FP32 行内归约的代数计数；rsqrt、类型转换与临时 FP32 张量分列／不推断 HBM spill。
25,k_norm,normalization,"{""input"": [4, 128], ""weight"": [128], ""output"": [4, 128]}",0,2052,"{""rsqrt"": 4}",256,1024,1024,按 FP32 行内归约的代数计数；rsqrt、类型转换与临时 FP32 张量分列／不推断 HBM spill。
25,apply_rope,position,"{""Q"": [1, 32, 1, 128], ""K"": [1, 4, 1, 128]}",0,13824,"{""negate"": 2304}",0,9728,9216,2 multiply + 1 add/元素，rotate_half 符号翻转分列；表按批／头理想复用。
25,kv_append,state,"{""new_K_and_V_each"": [1, 4, 1, 128]}",0,0,{},0,2048,2048,原位／分页 append 载荷；不假定动态 torch.cat 对旧缓存整段复制。
25,qk,attention,"{""Q"": [1, 32, 1, 128], ""K_shared"": [1, 4, 8193, 128], ""scores_rectangular"": [1, 32, 1, 8193]}",67117056,0,{},0,8397824,1048704,FLOPs 仅有效因果位置；载荷是假定 Q/K 各读一次、GQA 头共享，完整分数矩阵物化。
25,score_scale_mask_softmax,softmax,"{""scores"": [1, 32, 1, 8193]}",0,1048672,"{""exp"": 262176, ""compare_max"": 262144, ""mask_decisions"": 262176}",0,1048704,1048704,选择的融合 scale/mask/softmax 代数工作；屏蔽点不计 exp。物化 FP32 默认概率；非具体 eager trace。
25,pv,attention,"{""P"": [1, 32, 1, 8193], ""V_shared"": [1, 4, 8193, 128], ""output"": [1, 32, 1, 128]}",67117056,0,{},0,9438336,8192,PV/AV：各 Q 头仍计算；V 容量不乘 GQA 复制数。载荷假定 V 在头／查询之间理想复用。
25,o_proj,linear,"{""input"": [1, 4096], ""weight_math"": [4096, 2048], ""weight_storage"": [2048, 4096], ""output"": [1, 2048]}",16777216,0,{},16777216,8192,4096,独立 GEMM：权重与输入各读一次、输出写一次的操作数载荷；不预测 tile 重读。
25,attention_residual,residual,"{""inputs_each"": [1, 2048], ""output"": [1, 2048]}",0,2048,{},0,8192,4096,
25,post_attention_layernorm,normalization,"{""input"": [1, 2048], ""weight"": [2048], ""output"": [1, 2048]}",0,8193,"{""rsqrt"": 1}",4096,4096,4096,按 FP32 行内归约的代数计数；rsqrt、类型转换与临时 FP32 张量分列／不推断 HBM spill。
25,router,linear,"{""input"": [1, 2048], ""weight_math"": [2048, 128], ""weight_storage"": [128, 2048], ""output"": [1, 128]}",524288,0,{},524288,4096,256,独立 GEMM：权重与输入各读一次、输出写一次的操作数载荷；不预测 tile 重读。
25,router_softmax,routing,"{""input"": [1, 128], ""probabilities_fp32"": [1, 128]}",0,383,"{""exp"": 128, ""compare_max"": 127}",0,256,512,"FP32 softmax: subtract max, exp, reduction, divide; casts are not FLOPs."
25,router_topk,routing,"{""input_fp32"": [1, 128], ""values_fp32"": [1, 8], ""indices_int64"": [1, 8]}",0,0,"{""topk_rows"": 1, ""topk_candidates"": 128}",0,512,96,Top-k is an explicit selection primitive; candidate counts are not comparisons or FLOPs. Backend selection algorithm is unspecified.
25,router_renormalize_cast,routing,"{""selected_probabilities"": [1, 8]}",0,15,{},0,32,16,"Selected probabilities are renormalized if norm_topk_prob, then cast to activation dtype; row reduction assumed on-chip."
25,routing_one_hot,routing_metadata,"{""selected_int64"": [1, 8], ""mask_int64"": [1, 8, 128]}",0,0,"{""one_hot_entries"": 1024}",0,64,8192,Pinned HF reference materializes one_hot int64; this large routing mask is not assumed in optimized dispatch.
25,routing_where,routing_metadata,"{""mask_int64"": [128, 8, 1], ""top_x_and_slot_each"": [8]}",0,0,"{""integer_nonzero_tests"": 1024}",0,8192,128,Scan each expert mask; two int64 coordinates per assignment. Permute is a view.
25,expert_gather,routing,"{""source"": [1, 2048], ""gathered_rows"": [8, 2048]}",0,0,{},0,32832,32768,Logical gathers summed over experts; n_e and each concrete GEMM shape are in expert_matrices.
25,expert_gate_proj,linear,"{""input_per_expert"": [""n_e"", 2048], ""weight_storage_each"": [768, 2048], ""output_per_expert"": [""n_e"", 768], ""nonempty_experts"": 8, ""tokens_per_expert"": [1, 1, 1, 1, 1, 1, 1, 1, 0, 0, 0, 0, 0, 0, 0, 0, 0, 0, 0, 0, 0, 0, 0, 0, 0, 0, 0, 0, 0, 0, 0, 0, 0, 0, 0, 0, 0, 0, 0, 0, 0, 0, 0, 0, 0, 0, 0, 0, 0, 0, 0, 0, 0, 0, 0, 0, 0, 0, 0, 0, 0, 0, 0, 0, 0, 0, 0, 0, 0, 0, 0, 0, 0, 0, 0, 0, 0, 0, 0, 0, 0, 0, 0, 0, 0, 0, 0, 0, 0, 0, 0, 0, 0, 0, 0, 0, 0, 0, 0, 0, 0, 0, 0, 0, 0, 0, 0, 0, 0, 0, 0, 0, 0, 0, 0, 0, 0, 0, 0, 0, 0, 0, 0, 0, 0, 0, 0, 0]}",25165824,0,{},25165824,32768,12288,"Sum of unpadded per-expert GEMMs; each visited expert weight read once per layer, not once per token."
25,expert_up_proj,linear,"{""input_per_expert"": [""n_e"", 2048], ""weight_storage_each"": [768, 2048], ""output_per_expert"": [""n_e"", 768], ""nonempty_experts"": 8, ""tokens_per_expert"": [1, 1, 1, 1, 1, 1, 1, 1, 0, 0, 0, 0, 0, 0, 0, 0, 0, 0, 0, 0, 0, 0, 0, 0, 0, 0, 0, 0, 0, 0, 0, 0, 0, 0, 0, 0, 0, 0, 0, 0, 0, 0, 0, 0, 0, 0, 0, 0, 0, 0, 0, 0, 0, 0, 0, 0, 0, 0, 0, 0, 0, 0, 0, 0, 0, 0, 0, 0, 0, 0, 0, 0, 0, 0, 0, 0, 0, 0, 0, 0, 0, 0, 0, 0, 0, 0, 0, 0, 0, 0, 0, 0, 0, 0, 0, 0, 0, 0, 0, 0, 0, 0, 0, 0, 0, 0, 0, 0, 0, 0, 0, 0, 0, 0, 0, 0, 0, 0, 0, 0, 0, 0, 0, 0, 0, 0, 0, 0]}",25165824,0,{},25165824,32768,12288,"Sum of unpadded per-expert GEMMs; each visited expert weight read once per layer, not once per token."
25,expert_silu_mul,activation,"{""gate_and_up_each"": [8, 768]}",0,24576,"{""exp"": 6144, ""negate"": 6144}",0,24576,12288,
25,expert_down_proj,linear,"{""input_per_expert"": [""n_e"", 768], ""weight_storage_each"": [2048, 768], ""output_per_expert"": [""n_e"", 2048], ""nonempty_experts"": 8, ""tokens_per_expert"": [1, 1, 1, 1, 1, 1, 1, 1, 0, 0, 0, 0, 0, 0, 0, 0, 0, 0, 0, 0, 0, 0, 0, 0, 0, 0, 0, 0, 0, 0, 0, 0, 0, 0, 0, 0, 0, 0, 0, 0, 0, 0, 0, 0, 0, 0, 0, 0, 0, 0, 0, 0, 0, 0, 0, 0, 0, 0, 0, 0, 0, 0, 0, 0, 0, 0, 0, 0, 0, 0, 0, 0, 0, 0, 0, 0, 0, 0, 0, 0, 0, 0, 0, 0, 0, 0, 0, 0, 0, 0, 0, 0, 0, 0, 0, 0, 0, 0, 0, 0, 0, 0, 0, 0, 0, 0, 0, 0, 0, 0, 0, 0, 0, 0, 0, 0, 0, 0, 0, 0, 0, 0, 0, 0, 0, 0, 0, 0]}",25165824,0,{},25165824,12288,32768,Unpadded per-expert GEMMs; empty experts have zero arithmetic and no weight payload.
25,expert_probability_multiply,routing,"{""expert_outputs"": [8, 2048], ""routing_weights"": [8]}",0,16384,{},0,32912,32768,Probability broadcast reuses one value per assignment; int64 token/slot indices included.
25,expert_output_zero,routing,"{""output"": [1, 2048]}",0,0,{},0,0,4096,Reference initializes final_hidden_states to zero.
25,expert_index_add,routing,"{""weighted_outputs"": [8, 2048], ""combined_output"": [1, 2048]}",0,16384,{},0,65600,32768,"Reference index_add includes the first add into zero; destination read/update per assignment is logical payload, not measured HBM."
25,ffn_residual,residual,"{""inputs_each"": [1, 2048], ""output"": [1, 2048]}",0,2048,{},0,8192,4096,
26,input_layernorm,normalization,"{""input"": [1, 2048], ""weight"": [2048], ""output"": [1, 2048]}",0,8193,"{""rsqrt"": 1}",4096,4096,4096,按 FP32 行内归约的代数计数；rsqrt、类型转换与临时 FP32 张量分列／不推断 HBM spill。
26,q_proj,linear,"{""input"": [1, 2048], ""weight_math"": [2048, 4096], ""weight_storage"": [4096, 2048], ""output"": [1, 4096]}",16777216,0,{},16777216,4096,8192,独立 GEMM：权重与输入各读一次、输出写一次的操作数载荷；不预测 tile 重读。
26,k_proj,linear,"{""input"": [1, 2048], ""weight_math"": [2048, 512], ""weight_storage"": [512, 2048], ""output"": [1, 512]}",2097152,0,{},2097152,4096,1024,独立 GEMM：权重与输入各读一次、输出写一次的操作数载荷；不预测 tile 重读。
26,v_proj,linear,"{""input"": [1, 2048], ""weight_math"": [2048, 512], ""weight_storage"": [512, 2048], ""output"": [1, 512]}",2097152,0,{},2097152,4096,1024,独立 GEMM：权重与输入各读一次、输出写一次的操作数载荷；不预测 tile 重读。
26,q_norm,normalization,"{""input"": [32, 128], ""weight"": [128], ""output"": [32, 128]}",0,16416,"{""rsqrt"": 32}",256,8192,8192,按 FP32 行内归约的代数计数；rsqrt、类型转换与临时 FP32 张量分列／不推断 HBM spill。
26,k_norm,normalization,"{""input"": [4, 128], ""weight"": [128], ""output"": [4, 128]}",0,2052,"{""rsqrt"": 4}",256,1024,1024,按 FP32 行内归约的代数计数；rsqrt、类型转换与临时 FP32 张量分列／不推断 HBM spill。
26,apply_rope,position,"{""Q"": [1, 32, 1, 128], ""K"": [1, 4, 1, 128]}",0,13824,"{""negate"": 2304}",0,9728,9216,2 multiply + 1 add/元素，rotate_half 符号翻转分列；表按批／头理想复用。
26,kv_append,state,"{""new_K_and_V_each"": [1, 4, 1, 128]}",0,0,{},0,2048,2048,原位／分页 append 载荷；不假定动态 torch.cat 对旧缓存整段复制。
26,qk,attention,"{""Q"": [1, 32, 1, 128], ""K_shared"": [1, 4, 8193, 128], ""scores_rectangular"": [1, 32, 1, 8193]}",67117056,0,{},0,8397824,1048704,FLOPs 仅有效因果位置；载荷是假定 Q/K 各读一次、GQA 头共享，完整分数矩阵物化。
26,score_scale_mask_softmax,softmax,"{""scores"": [1, 32, 1, 8193]}",0,1048672,"{""exp"": 262176, ""compare_max"": 262144, ""mask_decisions"": 262176}",0,1048704,1048704,选择的融合 scale/mask/softmax 代数工作；屏蔽点不计 exp。物化 FP32 默认概率；非具体 eager trace。
26,pv,attention,"{""P"": [1, 32, 1, 8193], ""V_shared"": [1, 4, 8193, 128], ""output"": [1, 32, 1, 128]}",67117056,0,{},0,9438336,8192,PV/AV：各 Q 头仍计算；V 容量不乘 GQA 复制数。载荷假定 V 在头／查询之间理想复用。
26,o_proj,linear,"{""input"": [1, 4096], ""weight_math"": [4096, 2048], ""weight_storage"": [2048, 4096], ""output"": [1, 2048]}",16777216,0,{},16777216,8192,4096,独立 GEMM：权重与输入各读一次、输出写一次的操作数载荷；不预测 tile 重读。
26,attention_residual,residual,"{""inputs_each"": [1, 2048], ""output"": [1, 2048]}",0,2048,{},0,8192,4096,
26,post_attention_layernorm,normalization,"{""input"": [1, 2048], ""weight"": [2048], ""output"": [1, 2048]}",0,8193,"{""rsqrt"": 1}",4096,4096,4096,按 FP32 行内归约的代数计数；rsqrt、类型转换与临时 FP32 张量分列／不推断 HBM spill。
26,router,linear,"{""input"": [1, 2048], ""weight_math"": [2048, 128], ""weight_storage"": [128, 2048], ""output"": [1, 128]}",524288,0,{},524288,4096,256,独立 GEMM：权重与输入各读一次、输出写一次的操作数载荷；不预测 tile 重读。
26,router_softmax,routing,"{""input"": [1, 128], ""probabilities_fp32"": [1, 128]}",0,383,"{""exp"": 128, ""compare_max"": 127}",0,256,512,"FP32 softmax: subtract max, exp, reduction, divide; casts are not FLOPs."
26,router_topk,routing,"{""input_fp32"": [1, 128], ""values_fp32"": [1, 8], ""indices_int64"": [1, 8]}",0,0,"{""topk_rows"": 1, ""topk_candidates"": 128}",0,512,96,Top-k is an explicit selection primitive; candidate counts are not comparisons or FLOPs. Backend selection algorithm is unspecified.
26,router_renormalize_cast,routing,"{""selected_probabilities"": [1, 8]}",0,15,{},0,32,16,"Selected probabilities are renormalized if norm_topk_prob, then cast to activation dtype; row reduction assumed on-chip."
26,routing_one_hot,routing_metadata,"{""selected_int64"": [1, 8], ""mask_int64"": [1, 8, 128]}",0,0,"{""one_hot_entries"": 1024}",0,64,8192,Pinned HF reference materializes one_hot int64; this large routing mask is not assumed in optimized dispatch.
26,routing_where,routing_metadata,"{""mask_int64"": [128, 8, 1], ""top_x_and_slot_each"": [8]}",0,0,"{""integer_nonzero_tests"": 1024}",0,8192,128,Scan each expert mask; two int64 coordinates per assignment. Permute is a view.
26,expert_gather,routing,"{""source"": [1, 2048], ""gathered_rows"": [8, 2048]}",0,0,{},0,32832,32768,Logical gathers summed over experts; n_e and each concrete GEMM shape are in expert_matrices.
26,expert_gate_proj,linear,"{""input_per_expert"": [""n_e"", 2048], ""weight_storage_each"": [768, 2048], ""output_per_expert"": [""n_e"", 768], ""nonempty_experts"": 8, ""tokens_per_expert"": [1, 1, 1, 1, 1, 1, 1, 1, 0, 0, 0, 0, 0, 0, 0, 0, 0, 0, 0, 0, 0, 0, 0, 0, 0, 0, 0, 0, 0, 0, 0, 0, 0, 0, 0, 0, 0, 0, 0, 0, 0, 0, 0, 0, 0, 0, 0, 0, 0, 0, 0, 0, 0, 0, 0, 0, 0, 0, 0, 0, 0, 0, 0, 0, 0, 0, 0, 0, 0, 0, 0, 0, 0, 0, 0, 0, 0, 0, 0, 0, 0, 0, 0, 0, 0, 0, 0, 0, 0, 0, 0, 0, 0, 0, 0, 0, 0, 0, 0, 0, 0, 0, 0, 0, 0, 0, 0, 0, 0, 0, 0, 0, 0, 0, 0, 0, 0, 0, 0, 0, 0, 0, 0, 0, 0, 0, 0, 0]}",25165824,0,{},25165824,32768,12288,"Sum of unpadded per-expert GEMMs; each visited expert weight read once per layer, not once per token."
26,expert_up_proj,linear,"{""input_per_expert"": [""n_e"", 2048], ""weight_storage_each"": [768, 2048], ""output_per_expert"": [""n_e"", 768], ""nonempty_experts"": 8, ""tokens_per_expert"": [1, 1, 1, 1, 1, 1, 1, 1, 0, 0, 0, 0, 0, 0, 0, 0, 0, 0, 0, 0, 0, 0, 0, 0, 0, 0, 0, 0, 0, 0, 0, 0, 0, 0, 0, 0, 0, 0, 0, 0, 0, 0, 0, 0, 0, 0, 0, 0, 0, 0, 0, 0, 0, 0, 0, 0, 0, 0, 0, 0, 0, 0, 0, 0, 0, 0, 0, 0, 0, 0, 0, 0, 0, 0, 0, 0, 0, 0, 0, 0, 0, 0, 0, 0, 0, 0, 0, 0, 0, 0, 0, 0, 0, 0, 0, 0, 0, 0, 0, 0, 0, 0, 0, 0, 0, 0, 0, 0, 0, 0, 0, 0, 0, 0, 0, 0, 0, 0, 0, 0, 0, 0, 0, 0, 0, 0, 0, 0]}",25165824,0,{},25165824,32768,12288,"Sum of unpadded per-expert GEMMs; each visited expert weight read once per layer, not once per token."
26,expert_silu_mul,activation,"{""gate_and_up_each"": [8, 768]}",0,24576,"{""exp"": 6144, ""negate"": 6144}",0,24576,12288,
26,expert_down_proj,linear,"{""input_per_expert"": [""n_e"", 768], ""weight_storage_each"": [2048, 768], ""output_per_expert"": [""n_e"", 2048], ""nonempty_experts"": 8, ""tokens_per_expert"": [1, 1, 1, 1, 1, 1, 1, 1, 0, 0, 0, 0, 0, 0, 0, 0, 0, 0, 0, 0, 0, 0, 0, 0, 0, 0, 0, 0, 0, 0, 0, 0, 0, 0, 0, 0, 0, 0, 0, 0, 0, 0, 0, 0, 0, 0, 0, 0, 0, 0, 0, 0, 0, 0, 0, 0, 0, 0, 0, 0, 0, 0, 0, 0, 0, 0, 0, 0, 0, 0, 0, 0, 0, 0, 0, 0, 0, 0, 0, 0, 0, 0, 0, 0, 0, 0, 0, 0, 0, 0, 0, 0, 0, 0, 0, 0, 0, 0, 0, 0, 0, 0, 0, 0, 0, 0, 0, 0, 0, 0, 0, 0, 0, 0, 0, 0, 0, 0, 0, 0, 0, 0, 0, 0, 0, 0, 0, 0]}",25165824,0,{},25165824,12288,32768,Unpadded per-expert GEMMs; empty experts have zero arithmetic and no weight payload.
26,expert_probability_multiply,routing,"{""expert_outputs"": [8, 2048], ""routing_weights"": [8]}",0,16384,{},0,32912,32768,Probability broadcast reuses one value per assignment; int64 token/slot indices included.
26,expert_output_zero,routing,"{""output"": [1, 2048]}",0,0,{},0,0,4096,Reference initializes final_hidden_states to zero.
26,expert_index_add,routing,"{""weighted_outputs"": [8, 2048], ""combined_output"": [1, 2048]}",0,16384,{},0,65600,32768,"Reference index_add includes the first add into zero; destination read/update per assignment is logical payload, not measured HBM."
26,ffn_residual,residual,"{""inputs_each"": [1, 2048], ""output"": [1, 2048]}",0,2048,{},0,8192,4096,
27,input_layernorm,normalization,"{""input"": [1, 2048], ""weight"": [2048], ""output"": [1, 2048]}",0,8193,"{""rsqrt"": 1}",4096,4096,4096,按 FP32 行内归约的代数计数；rsqrt、类型转换与临时 FP32 张量分列／不推断 HBM spill。
27,q_proj,linear,"{""input"": [1, 2048], ""weight_math"": [2048, 4096], ""weight_storage"": [4096, 2048], ""output"": [1, 4096]}",16777216,0,{},16777216,4096,8192,独立 GEMM：权重与输入各读一次、输出写一次的操作数载荷；不预测 tile 重读。
27,k_proj,linear,"{""input"": [1, 2048], ""weight_math"": [2048, 512], ""weight_storage"": [512, 2048], ""output"": [1, 512]}",2097152,0,{},2097152,4096,1024,独立 GEMM：权重与输入各读一次、输出写一次的操作数载荷；不预测 tile 重读。
27,v_proj,linear,"{""input"": [1, 2048], ""weight_math"": [2048, 512], ""weight_storage"": [512, 2048], ""output"": [1, 512]}",2097152,0,{},2097152,4096,1024,独立 GEMM：权重与输入各读一次、输出写一次的操作数载荷；不预测 tile 重读。
27,q_norm,normalization,"{""input"": [32, 128], ""weight"": [128], ""output"": [32, 128]}",0,16416,"{""rsqrt"": 32}",256,8192,8192,按 FP32 行内归约的代数计数；rsqrt、类型转换与临时 FP32 张量分列／不推断 HBM spill。
27,k_norm,normalization,"{""input"": [4, 128], ""weight"": [128], ""output"": [4, 128]}",0,2052,"{""rsqrt"": 4}",256,1024,1024,按 FP32 行内归约的代数计数；rsqrt、类型转换与临时 FP32 张量分列／不推断 HBM spill。
27,apply_rope,position,"{""Q"": [1, 32, 1, 128], ""K"": [1, 4, 1, 128]}",0,13824,"{""negate"": 2304}",0,9728,9216,2 multiply + 1 add/元素，rotate_half 符号翻转分列；表按批／头理想复用。
27,kv_append,state,"{""new_K_and_V_each"": [1, 4, 1, 128]}",0,0,{},0,2048,2048,原位／分页 append 载荷；不假定动态 torch.cat 对旧缓存整段复制。
27,qk,attention,"{""Q"": [1, 32, 1, 128], ""K_shared"": [1, 4, 8193, 128], ""scores_rectangular"": [1, 32, 1, 8193]}",67117056,0,{},0,8397824,1048704,FLOPs 仅有效因果位置；载荷是假定 Q/K 各读一次、GQA 头共享，完整分数矩阵物化。
27,score_scale_mask_softmax,softmax,"{""scores"": [1, 32, 1, 8193]}",0,1048672,"{""exp"": 262176, ""compare_max"": 262144, ""mask_decisions"": 262176}",0,1048704,1048704,选择的融合 scale/mask/softmax 代数工作；屏蔽点不计 exp。物化 FP32 默认概率；非具体 eager trace。
27,pv,attention,"{""P"": [1, 32, 1, 8193], ""V_shared"": [1, 4, 8193, 128], ""output"": [1, 32, 1, 128]}",67117056,0,{},0,9438336,8192,PV/AV：各 Q 头仍计算；V 容量不乘 GQA 复制数。载荷假定 V 在头／查询之间理想复用。
27,o_proj,linear,"{""input"": [1, 4096], ""weight_math"": [4096, 2048], ""weight_storage"": [2048, 4096], ""output"": [1, 2048]}",16777216,0,{},16777216,8192,4096,独立 GEMM：权重与输入各读一次、输出写一次的操作数载荷；不预测 tile 重读。
27,attention_residual,residual,"{""inputs_each"": [1, 2048], ""output"": [1, 2048]}",0,2048,{},0,8192,4096,
27,post_attention_layernorm,normalization,"{""input"": [1, 2048], ""weight"": [2048], ""output"": [1, 2048]}",0,8193,"{""rsqrt"": 1}",4096,4096,4096,按 FP32 行内归约的代数计数；rsqrt、类型转换与临时 FP32 张量分列／不推断 HBM spill。
27,router,linear,"{""input"": [1, 2048], ""weight_math"": [2048, 128], ""weight_storage"": [128, 2048], ""output"": [1, 128]}",524288,0,{},524288,4096,256,独立 GEMM：权重与输入各读一次、输出写一次的操作数载荷；不预测 tile 重读。
27,router_softmax,routing,"{""input"": [1, 128], ""probabilities_fp32"": [1, 128]}",0,383,"{""exp"": 128, ""compare_max"": 127}",0,256,512,"FP32 softmax: subtract max, exp, reduction, divide; casts are not FLOPs."
27,router_topk,routing,"{""input_fp32"": [1, 128], ""values_fp32"": [1, 8], ""indices_int64"": [1, 8]}",0,0,"{""topk_rows"": 1, ""topk_candidates"": 128}",0,512,96,Top-k is an explicit selection primitive; candidate counts are not comparisons or FLOPs. Backend selection algorithm is unspecified.
27,router_renormalize_cast,routing,"{""selected_probabilities"": [1, 8]}",0,15,{},0,32,16,"Selected probabilities are renormalized if norm_topk_prob, then cast to activation dtype; row reduction assumed on-chip."
27,routing_one_hot,routing_metadata,"{""selected_int64"": [1, 8], ""mask_int64"": [1, 8, 128]}",0,0,"{""one_hot_entries"": 1024}",0,64,8192,Pinned HF reference materializes one_hot int64; this large routing mask is not assumed in optimized dispatch.
27,routing_where,routing_metadata,"{""mask_int64"": [128, 8, 1], ""top_x_and_slot_each"": [8]}",0,0,"{""integer_nonzero_tests"": 1024}",0,8192,128,Scan each expert mask; two int64 coordinates per assignment. Permute is a view.
27,expert_gather,routing,"{""source"": [1, 2048], ""gathered_rows"": [8, 2048]}",0,0,{},0,32832,32768,Logical gathers summed over experts; n_e and each concrete GEMM shape are in expert_matrices.
27,expert_gate_proj,linear,"{""input_per_expert"": [""n_e"", 2048], ""weight_storage_each"": [768, 2048], ""output_per_expert"": [""n_e"", 768], ""nonempty_experts"": 8, ""tokens_per_expert"": [1, 1, 1, 1, 1, 1, 1, 1, 0, 0, 0, 0, 0, 0, 0, 0, 0, 0, 0, 0, 0, 0, 0, 0, 0, 0, 0, 0, 0, 0, 0, 0, 0, 0, 0, 0, 0, 0, 0, 0, 0, 0, 0, 0, 0, 0, 0, 0, 0, 0, 0, 0, 0, 0, 0, 0, 0, 0, 0, 0, 0, 0, 0, 0, 0, 0, 0, 0, 0, 0, 0, 0, 0, 0, 0, 0, 0, 0, 0, 0, 0, 0, 0, 0, 0, 0, 0, 0, 0, 0, 0, 0, 0, 0, 0, 0, 0, 0, 0, 0, 0, 0, 0, 0, 0, 0, 0, 0, 0, 0, 0, 0, 0, 0, 0, 0, 0, 0, 0, 0, 0, 0, 0, 0, 0, 0, 0, 0]}",25165824,0,{},25165824,32768,12288,"Sum of unpadded per-expert GEMMs; each visited expert weight read once per layer, not once per token."
27,expert_up_proj,linear,"{""input_per_expert"": [""n_e"", 2048], ""weight_storage_each"": [768, 2048], ""output_per_expert"": [""n_e"", 768], ""nonempty_experts"": 8, ""tokens_per_expert"": [1, 1, 1, 1, 1, 1, 1, 1, 0, 0, 0, 0, 0, 0, 0, 0, 0, 0, 0, 0, 0, 0, 0, 0, 0, 0, 0, 0, 0, 0, 0, 0, 0, 0, 0, 0, 0, 0, 0, 0, 0, 0, 0, 0, 0, 0, 0, 0, 0, 0, 0, 0, 0, 0, 0, 0, 0, 0, 0, 0, 0, 0, 0, 0, 0, 0, 0, 0, 0, 0, 0, 0, 0, 0, 0, 0, 0, 0, 0, 0, 0, 0, 0, 0, 0, 0, 0, 0, 0, 0, 0, 0, 0, 0, 0, 0, 0, 0, 0, 0, 0, 0, 0, 0, 0, 0, 0, 0, 0, 0, 0, 0, 0, 0, 0, 0, 0, 0, 0, 0, 0, 0, 0, 0, 0, 0, 0, 0]}",25165824,0,{},25165824,32768,12288,"Sum of unpadded per-expert GEMMs; each visited expert weight read once per layer, not once per token."
27,expert_silu_mul,activation,"{""gate_and_up_each"": [8, 768]}",0,24576,"{""exp"": 6144, ""negate"": 6144}",0,24576,12288,
27,expert_down_proj,linear,"{""input_per_expert"": [""n_e"", 768], ""weight_storage_each"": [2048, 768], ""output_per_expert"": [""n_e"", 2048], ""nonempty_experts"": 8, ""tokens_per_expert"": [1, 1, 1, 1, 1, 1, 1, 1, 0, 0, 0, 0, 0, 0, 0, 0, 0, 0, 0, 0, 0, 0, 0, 0, 0, 0, 0, 0, 0, 0, 0, 0, 0, 0, 0, 0, 0, 0, 0, 0, 0, 0, 0, 0, 0, 0, 0, 0, 0, 0, 0, 0, 0, 0, 0, 0, 0, 0, 0, 0, 0, 0, 0, 0, 0, 0, 0, 0, 0, 0, 0, 0, 0, 0, 0, 0, 0, 0, 0, 0, 0, 0, 0, 0, 0, 0, 0, 0, 0, 0, 0, 0, 0, 0, 0, 0, 0, 0, 0, 0, 0, 0, 0, 0, 0, 0, 0, 0, 0, 0, 0, 0, 0, 0, 0, 0, 0, 0, 0, 0, 0, 0, 0, 0, 0, 0, 0, 0]}",25165824,0,{},25165824,12288,32768,Unpadded per-expert GEMMs; empty experts have zero arithmetic and no weight payload.
27,expert_probability_multiply,routing,"{""expert_outputs"": [8, 2048], ""routing_weights"": [8]}",0,16384,{},0,32912,32768,Probability broadcast reuses one value per assignment; int64 token/slot indices included.
27,expert_output_zero,routing,"{""output"": [1, 2048]}",0,0,{},0,0,4096,Reference initializes final_hidden_states to zero.
27,expert_index_add,routing,"{""weighted_outputs"": [8, 2048], ""combined_output"": [1, 2048]}",0,16384,{},0,65600,32768,"Reference index_add includes the first add into zero; destination read/update per assignment is logical payload, not measured HBM."
27,ffn_residual,residual,"{""inputs_each"": [1, 2048], ""output"": [1, 2048]}",0,2048,{},0,8192,4096,
28,input_layernorm,normalization,"{""input"": [1, 2048], ""weight"": [2048], ""output"": [1, 2048]}",0,8193,"{""rsqrt"": 1}",4096,4096,4096,按 FP32 行内归约的代数计数；rsqrt、类型转换与临时 FP32 张量分列／不推断 HBM spill。
28,q_proj,linear,"{""input"": [1, 2048], ""weight_math"": [2048, 4096], ""weight_storage"": [4096, 2048], ""output"": [1, 4096]}",16777216,0,{},16777216,4096,8192,独立 GEMM：权重与输入各读一次、输出写一次的操作数载荷；不预测 tile 重读。
28,k_proj,linear,"{""input"": [1, 2048], ""weight_math"": [2048, 512], ""weight_storage"": [512, 2048], ""output"": [1, 512]}",2097152,0,{},2097152,4096,1024,独立 GEMM：权重与输入各读一次、输出写一次的操作数载荷；不预测 tile 重读。
28,v_proj,linear,"{""input"": [1, 2048], ""weight_math"": [2048, 512], ""weight_storage"": [512, 2048], ""output"": [1, 512]}",2097152,0,{},2097152,4096,1024,独立 GEMM：权重与输入各读一次、输出写一次的操作数载荷；不预测 tile 重读。
28,q_norm,normalization,"{""input"": [32, 128], ""weight"": [128], ""output"": [32, 128]}",0,16416,"{""rsqrt"": 32}",256,8192,8192,按 FP32 行内归约的代数计数；rsqrt、类型转换与临时 FP32 张量分列／不推断 HBM spill。
28,k_norm,normalization,"{""input"": [4, 128], ""weight"": [128], ""output"": [4, 128]}",0,2052,"{""rsqrt"": 4}",256,1024,1024,按 FP32 行内归约的代数计数；rsqrt、类型转换与临时 FP32 张量分列／不推断 HBM spill。
28,apply_rope,position,"{""Q"": [1, 32, 1, 128], ""K"": [1, 4, 1, 128]}",0,13824,"{""negate"": 2304}",0,9728,9216,2 multiply + 1 add/元素，rotate_half 符号翻转分列；表按批／头理想复用。
28,kv_append,state,"{""new_K_and_V_each"": [1, 4, 1, 128]}",0,0,{},0,2048,2048,原位／分页 append 载荷；不假定动态 torch.cat 对旧缓存整段复制。
28,qk,attention,"{""Q"": [1, 32, 1, 128], ""K_shared"": [1, 4, 8193, 128], ""scores_rectangular"": [1, 32, 1, 8193]}",67117056,0,{},0,8397824,1048704,FLOPs 仅有效因果位置；载荷是假定 Q/K 各读一次、GQA 头共享，完整分数矩阵物化。
28,score_scale_mask_softmax,softmax,"{""scores"": [1, 32, 1, 8193]}",0,1048672,"{""exp"": 262176, ""compare_max"": 262144, ""mask_decisions"": 262176}",0,1048704,1048704,选择的融合 scale/mask/softmax 代数工作；屏蔽点不计 exp。物化 FP32 默认概率；非具体 eager trace。
28,pv,attention,"{""P"": [1, 32, 1, 8193], ""V_shared"": [1, 4, 8193, 128], ""output"": [1, 32, 1, 128]}",67117056,0,{},0,9438336,8192,PV/AV：各 Q 头仍计算；V 容量不乘 GQA 复制数。载荷假定 V 在头／查询之间理想复用。
28,o_proj,linear,"{""input"": [1, 4096], ""weight_math"": [4096, 2048], ""weight_storage"": [2048, 4096], ""output"": [1, 2048]}",16777216,0,{},16777216,8192,4096,独立 GEMM：权重与输入各读一次、输出写一次的操作数载荷；不预测 tile 重读。
28,attention_residual,residual,"{""inputs_each"": [1, 2048], ""output"": [1, 2048]}",0,2048,{},0,8192,4096,
28,post_attention_layernorm,normalization,"{""input"": [1, 2048], ""weight"": [2048], ""output"": [1, 2048]}",0,8193,"{""rsqrt"": 1}",4096,4096,4096,按 FP32 行内归约的代数计数；rsqrt、类型转换与临时 FP32 张量分列／不推断 HBM spill。
28,router,linear,"{""input"": [1, 2048], ""weight_math"": [2048, 128], ""weight_storage"": [128, 2048], ""output"": [1, 128]}",524288,0,{},524288,4096,256,独立 GEMM：权重与输入各读一次、输出写一次的操作数载荷；不预测 tile 重读。
28,router_softmax,routing,"{""input"": [1, 128], ""probabilities_fp32"": [1, 128]}",0,383,"{""exp"": 128, ""compare_max"": 127}",0,256,512,"FP32 softmax: subtract max, exp, reduction, divide; casts are not FLOPs."
28,router_topk,routing,"{""input_fp32"": [1, 128], ""values_fp32"": [1, 8], ""indices_int64"": [1, 8]}",0,0,"{""topk_rows"": 1, ""topk_candidates"": 128}",0,512,96,Top-k is an explicit selection primitive; candidate counts are not comparisons or FLOPs. Backend selection algorithm is unspecified.
28,router_renormalize_cast,routing,"{""selected_probabilities"": [1, 8]}",0,15,{},0,32,16,"Selected probabilities are renormalized if norm_topk_prob, then cast to activation dtype; row reduction assumed on-chip."
28,routing_one_hot,routing_metadata,"{""selected_int64"": [1, 8], ""mask_int64"": [1, 8, 128]}",0,0,"{""one_hot_entries"": 1024}",0,64,8192,Pinned HF reference materializes one_hot int64; this large routing mask is not assumed in optimized dispatch.
28,routing_where,routing_metadata,"{""mask_int64"": [128, 8, 1], ""top_x_and_slot_each"": [8]}",0,0,"{""integer_nonzero_tests"": 1024}",0,8192,128,Scan each expert mask; two int64 coordinates per assignment. Permute is a view.
28,expert_gather,routing,"{""source"": [1, 2048], ""gathered_rows"": [8, 2048]}",0,0,{},0,32832,32768,Logical gathers summed over experts; n_e and each concrete GEMM shape are in expert_matrices.
28,expert_gate_proj,linear,"{""input_per_expert"": [""n_e"", 2048], ""weight_storage_each"": [768, 2048], ""output_per_expert"": [""n_e"", 768], ""nonempty_experts"": 8, ""tokens_per_expert"": [1, 1, 1, 1, 1, 1, 1, 1, 0, 0, 0, 0, 0, 0, 0, 0, 0, 0, 0, 0, 0, 0, 0, 0, 0, 0, 0, 0, 0, 0, 0, 0, 0, 0, 0, 0, 0, 0, 0, 0, 0, 0, 0, 0, 0, 0, 0, 0, 0, 0, 0, 0, 0, 0, 0, 0, 0, 0, 0, 0, 0, 0, 0, 0, 0, 0, 0, 0, 0, 0, 0, 0, 0, 0, 0, 0, 0, 0, 0, 0, 0, 0, 0, 0, 0, 0, 0, 0, 0, 0, 0, 0, 0, 0, 0, 0, 0, 0, 0, 0, 0, 0, 0, 0, 0, 0, 0, 0, 0, 0, 0, 0, 0, 0, 0, 0, 0, 0, 0, 0, 0, 0, 0, 0, 0, 0, 0, 0]}",25165824,0,{},25165824,32768,12288,"Sum of unpadded per-expert GEMMs; each visited expert weight read once per layer, not once per token."
28,expert_up_proj,linear,"{""input_per_expert"": [""n_e"", 2048], ""weight_storage_each"": [768, 2048], ""output_per_expert"": [""n_e"", 768], ""nonempty_experts"": 8, ""tokens_per_expert"": [1, 1, 1, 1, 1, 1, 1, 1, 0, 0, 0, 0, 0, 0, 0, 0, 0, 0, 0, 0, 0, 0, 0, 0, 0, 0, 0, 0, 0, 0, 0, 0, 0, 0, 0, 0, 0, 0, 0, 0, 0, 0, 0, 0, 0, 0, 0, 0, 0, 0, 0, 0, 0, 0, 0, 0, 0, 0, 0, 0, 0, 0, 0, 0, 0, 0, 0, 0, 0, 0, 0, 0, 0, 0, 0, 0, 0, 0, 0, 0, 0, 0, 0, 0, 0, 0, 0, 0, 0, 0, 0, 0, 0, 0, 0, 0, 0, 0, 0, 0, 0, 0, 0, 0, 0, 0, 0, 0, 0, 0, 0, 0, 0, 0, 0, 0, 0, 0, 0, 0, 0, 0, 0, 0, 0, 0, 0, 0]}",25165824,0,{},25165824,32768,12288,"Sum of unpadded per-expert GEMMs; each visited expert weight read once per layer, not once per token."
28,expert_silu_mul,activation,"{""gate_and_up_each"": [8, 768]}",0,24576,"{""exp"": 6144, ""negate"": 6144}",0,24576,12288,
28,expert_down_proj,linear,"{""input_per_expert"": [""n_e"", 768], ""weight_storage_each"": [2048, 768], ""output_per_expert"": [""n_e"", 2048], ""nonempty_experts"": 8, ""tokens_per_expert"": [1, 1, 1, 1, 1, 1, 1, 1, 0, 0, 0, 0, 0, 0, 0, 0, 0, 0, 0, 0, 0, 0, 0, 0, 0, 0, 0, 0, 0, 0, 0, 0, 0, 0, 0, 0, 0, 0, 0, 0, 0, 0, 0, 0, 0, 0, 0, 0, 0, 0, 0, 0, 0, 0, 0, 0, 0, 0, 0, 0, 0, 0, 0, 0, 0, 0, 0, 0, 0, 0, 0, 0, 0, 0, 0, 0, 0, 0, 0, 0, 0, 0, 0, 0, 0, 0, 0, 0, 0, 0, 0, 0, 0, 0, 0, 0, 0, 0, 0, 0, 0, 0, 0, 0, 0, 0, 0, 0, 0, 0, 0, 0, 0, 0, 0, 0, 0, 0, 0, 0, 0, 0, 0, 0, 0, 0, 0, 0]}",25165824,0,{},25165824,12288,32768,Unpadded per-expert GEMMs; empty experts have zero arithmetic and no weight payload.
28,expert_probability_multiply,routing,"{""expert_outputs"": [8, 2048], ""routing_weights"": [8]}",0,16384,{},0,32912,32768,Probability broadcast reuses one value per assignment; int64 token/slot indices included.
28,expert_output_zero,routing,"{""output"": [1, 2048]}",0,0,{},0,0,4096,Reference initializes final_hidden_states to zero.
28,expert_index_add,routing,"{""weighted_outputs"": [8, 2048], ""combined_output"": [1, 2048]}",0,16384,{},0,65600,32768,"Reference index_add includes the first add into zero; destination read/update per assignment is logical payload, not measured HBM."
28,ffn_residual,residual,"{""inputs_each"": [1, 2048], ""output"": [1, 2048]}",0,2048,{},0,8192,4096,
29,input_layernorm,normalization,"{""input"": [1, 2048], ""weight"": [2048], ""output"": [1, 2048]}",0,8193,"{""rsqrt"": 1}",4096,4096,4096,按 FP32 行内归约的代数计数；rsqrt、类型转换与临时 FP32 张量分列／不推断 HBM spill。
29,q_proj,linear,"{""input"": [1, 2048], ""weight_math"": [2048, 4096], ""weight_storage"": [4096, 2048], ""output"": [1, 4096]}",16777216,0,{},16777216,4096,8192,独立 GEMM：权重与输入各读一次、输出写一次的操作数载荷；不预测 tile 重读。
29,k_proj,linear,"{""input"": [1, 2048], ""weight_math"": [2048, 512], ""weight_storage"": [512, 2048], ""output"": [1, 512]}",2097152,0,{},2097152,4096,1024,独立 GEMM：权重与输入各读一次、输出写一次的操作数载荷；不预测 tile 重读。
29,v_proj,linear,"{""input"": [1, 2048], ""weight_math"": [2048, 512], ""weight_storage"": [512, 2048], ""output"": [1, 512]}",2097152,0,{},2097152,4096,1024,独立 GEMM：权重与输入各读一次、输出写一次的操作数载荷；不预测 tile 重读。
29,q_norm,normalization,"{""input"": [32, 128], ""weight"": [128], ""output"": [32, 128]}",0,16416,"{""rsqrt"": 32}",256,8192,8192,按 FP32 行内归约的代数计数；rsqrt、类型转换与临时 FP32 张量分列／不推断 HBM spill。
29,k_norm,normalization,"{""input"": [4, 128], ""weight"": [128], ""output"": [4, 128]}",0,2052,"{""rsqrt"": 4}",256,1024,1024,按 FP32 行内归约的代数计数；rsqrt、类型转换与临时 FP32 张量分列／不推断 HBM spill。
29,apply_rope,position,"{""Q"": [1, 32, 1, 128], ""K"": [1, 4, 1, 128]}",0,13824,"{""negate"": 2304}",0,9728,9216,2 multiply + 1 add/元素，rotate_half 符号翻转分列；表按批／头理想复用。
29,kv_append,state,"{""new_K_and_V_each"": [1, 4, 1, 128]}",0,0,{},0,2048,2048,原位／分页 append 载荷；不假定动态 torch.cat 对旧缓存整段复制。
29,qk,attention,"{""Q"": [1, 32, 1, 128], ""K_shared"": [1, 4, 8193, 128], ""scores_rectangular"": [1, 32, 1, 8193]}",67117056,0,{},0,8397824,1048704,FLOPs 仅有效因果位置；载荷是假定 Q/K 各读一次、GQA 头共享，完整分数矩阵物化。
29,score_scale_mask_softmax,softmax,"{""scores"": [1, 32, 1, 8193]}",0,1048672,"{""exp"": 262176, ""compare_max"": 262144, ""mask_decisions"": 262176}",0,1048704,1048704,选择的融合 scale/mask/softmax 代数工作；屏蔽点不计 exp。物化 FP32 默认概率；非具体 eager trace。
29,pv,attention,"{""P"": [1, 32, 1, 8193], ""V_shared"": [1, 4, 8193, 128], ""output"": [1, 32, 1, 128]}",67117056,0,{},0,9438336,8192,PV/AV：各 Q 头仍计算；V 容量不乘 GQA 复制数。载荷假定 V 在头／查询之间理想复用。
29,o_proj,linear,"{""input"": [1, 4096], ""weight_math"": [4096, 2048], ""weight_storage"": [2048, 4096], ""output"": [1, 2048]}",16777216,0,{},16777216,8192,4096,独立 GEMM：权重与输入各读一次、输出写一次的操作数载荷；不预测 tile 重读。
29,attention_residual,residual,"{""inputs_each"": [1, 2048], ""output"": [1, 2048]}",0,2048,{},0,8192,4096,
29,post_attention_layernorm,normalization,"{""input"": [1, 2048], ""weight"": [2048], ""output"": [1, 2048]}",0,8193,"{""rsqrt"": 1}",4096,4096,4096,按 FP32 行内归约的代数计数；rsqrt、类型转换与临时 FP32 张量分列／不推断 HBM spill。
29,router,linear,"{""input"": [1, 2048], ""weight_math"": [2048, 128], ""weight_storage"": [128, 2048], ""output"": [1, 128]}",524288,0,{},524288,4096,256,独立 GEMM：权重与输入各读一次、输出写一次的操作数载荷；不预测 tile 重读。
29,router_softmax,routing,"{""input"": [1, 128], ""probabilities_fp32"": [1, 128]}",0,383,"{""exp"": 128, ""compare_max"": 127}",0,256,512,"FP32 softmax: subtract max, exp, reduction, divide; casts are not FLOPs."
29,router_topk,routing,"{""input_fp32"": [1, 128], ""values_fp32"": [1, 8], ""indices_int64"": [1, 8]}",0,0,"{""topk_rows"": 1, ""topk_candidates"": 128}",0,512,96,Top-k is an explicit selection primitive; candidate counts are not comparisons or FLOPs. Backend selection algorithm is unspecified.
29,router_renormalize_cast,routing,"{""selected_probabilities"": [1, 8]}",0,15,{},0,32,16,"Selected probabilities are renormalized if norm_topk_prob, then cast to activation dtype; row reduction assumed on-chip."
29,routing_one_hot,routing_metadata,"{""selected_int64"": [1, 8], ""mask_int64"": [1, 8, 128]}",0,0,"{""one_hot_entries"": 1024}",0,64,8192,Pinned HF reference materializes one_hot int64; this large routing mask is not assumed in optimized dispatch.
29,routing_where,routing_metadata,"{""mask_int64"": [128, 8, 1], ""top_x_and_slot_each"": [8]}",0,0,"{""integer_nonzero_tests"": 1024}",0,8192,128,Scan each expert mask; two int64 coordinates per assignment. Permute is a view.
29,expert_gather,routing,"{""source"": [1, 2048], ""gathered_rows"": [8, 2048]}",0,0,{},0,32832,32768,Logical gathers summed over experts; n_e and each concrete GEMM shape are in expert_matrices.
29,expert_gate_proj,linear,"{""input_per_expert"": [""n_e"", 2048], ""weight_storage_each"": [768, 2048], ""output_per_expert"": [""n_e"", 768], ""nonempty_experts"": 8, ""tokens_per_expert"": [1, 1, 1, 1, 1, 1, 1, 1, 0, 0, 0, 0, 0, 0, 0, 0, 0, 0, 0, 0, 0, 0, 0, 0, 0, 0, 0, 0, 0, 0, 0, 0, 0, 0, 0, 0, 0, 0, 0, 0, 0, 0, 0, 0, 0, 0, 0, 0, 0, 0, 0, 0, 0, 0, 0, 0, 0, 0, 0, 0, 0, 0, 0, 0, 0, 0, 0, 0, 0, 0, 0, 0, 0, 0, 0, 0, 0, 0, 0, 0, 0, 0, 0, 0, 0, 0, 0, 0, 0, 0, 0, 0, 0, 0, 0, 0, 0, 0, 0, 0, 0, 0, 0, 0, 0, 0, 0, 0, 0, 0, 0, 0, 0, 0, 0, 0, 0, 0, 0, 0, 0, 0, 0, 0, 0, 0, 0, 0]}",25165824,0,{},25165824,32768,12288,"Sum of unpadded per-expert GEMMs; each visited expert weight read once per layer, not once per token."
29,expert_up_proj,linear,"{""input_per_expert"": [""n_e"", 2048], ""weight_storage_each"": [768, 2048], ""output_per_expert"": [""n_e"", 768], ""nonempty_experts"": 8, ""tokens_per_expert"": [1, 1, 1, 1, 1, 1, 1, 1, 0, 0, 0, 0, 0, 0, 0, 0, 0, 0, 0, 0, 0, 0, 0, 0, 0, 0, 0, 0, 0, 0, 0, 0, 0, 0, 0, 0, 0, 0, 0, 0, 0, 0, 0, 0, 0, 0, 0, 0, 0, 0, 0, 0, 0, 0, 0, 0, 0, 0, 0, 0, 0, 0, 0, 0, 0, 0, 0, 0, 0, 0, 0, 0, 0, 0, 0, 0, 0, 0, 0, 0, 0, 0, 0, 0, 0, 0, 0, 0, 0, 0, 0, 0, 0, 0, 0, 0, 0, 0, 0, 0, 0, 0, 0, 0, 0, 0, 0, 0, 0, 0, 0, 0, 0, 0, 0, 0, 0, 0, 0, 0, 0, 0, 0, 0, 0, 0, 0, 0]}",25165824,0,{},25165824,32768,12288,"Sum of unpadded per-expert GEMMs; each visited expert weight read once per layer, not once per token."
29,expert_silu_mul,activation,"{""gate_and_up_each"": [8, 768]}",0,24576,"{""exp"": 6144, ""negate"": 6144}",0,24576,12288,
29,expert_down_proj,linear,"{""input_per_expert"": [""n_e"", 768], ""weight_storage_each"": [2048, 768], ""output_per_expert"": [""n_e"", 2048], ""nonempty_experts"": 8, ""tokens_per_expert"": [1, 1, 1, 1, 1, 1, 1, 1, 0, 0, 0, 0, 0, 0, 0, 0, 0, 0, 0, 0, 0, 0, 0, 0, 0, 0, 0, 0, 0, 0, 0, 0, 0, 0, 0, 0, 0, 0, 0, 0, 0, 0, 0, 0, 0, 0, 0, 0, 0, 0, 0, 0, 0, 0, 0, 0, 0, 0, 0, 0, 0, 0, 0, 0, 0, 0, 0, 0, 0, 0, 0, 0, 0, 0, 0, 0, 0, 0, 0, 0, 0, 0, 0, 0, 0, 0, 0, 0, 0, 0, 0, 0, 0, 0, 0, 0, 0, 0, 0, 0, 0, 0, 0, 0, 0, 0, 0, 0, 0, 0, 0, 0, 0, 0, 0, 0, 0, 0, 0, 0, 0, 0, 0, 0, 0, 0, 0, 0]}",25165824,0,{},25165824,12288,32768,Unpadded per-expert GEMMs; empty experts have zero arithmetic and no weight payload.
29,expert_probability_multiply,routing,"{""expert_outputs"": [8, 2048], ""routing_weights"": [8]}",0,16384,{},0,32912,32768,Probability broadcast reuses one value per assignment; int64 token/slot indices included.
29,expert_output_zero,routing,"{""output"": [1, 2048]}",0,0,{},0,0,4096,Reference initializes final_hidden_states to zero.
29,expert_index_add,routing,"{""weighted_outputs"": [8, 2048], ""combined_output"": [1, 2048]}",0,16384,{},0,65600,32768,"Reference index_add includes the first add into zero; destination read/update per assignment is logical payload, not measured HBM."
29,ffn_residual,residual,"{""inputs_each"": [1, 2048], ""output"": [1, 2048]}",0,2048,{},0,8192,4096,
30,input_layernorm,normalization,"{""input"": [1, 2048], ""weight"": [2048], ""output"": [1, 2048]}",0,8193,"{""rsqrt"": 1}",4096,4096,4096,按 FP32 行内归约的代数计数；rsqrt、类型转换与临时 FP32 张量分列／不推断 HBM spill。
30,q_proj,linear,"{""input"": [1, 2048], ""weight_math"": [2048, 4096], ""weight_storage"": [4096, 2048], ""output"": [1, 4096]}",16777216,0,{},16777216,4096,8192,独立 GEMM：权重与输入各读一次、输出写一次的操作数载荷；不预测 tile 重读。
30,k_proj,linear,"{""input"": [1, 2048], ""weight_math"": [2048, 512], ""weight_storage"": [512, 2048], ""output"": [1, 512]}",2097152,0,{},2097152,4096,1024,独立 GEMM：权重与输入各读一次、输出写一次的操作数载荷；不预测 tile 重读。
30,v_proj,linear,"{""input"": [1, 2048], ""weight_math"": [2048, 512], ""weight_storage"": [512, 2048], ""output"": [1, 512]}",2097152,0,{},2097152,4096,1024,独立 GEMM：权重与输入各读一次、输出写一次的操作数载荷；不预测 tile 重读。
30,q_norm,normalization,"{""input"": [32, 128], ""weight"": [128], ""output"": [32, 128]}",0,16416,"{""rsqrt"": 32}",256,8192,8192,按 FP32 行内归约的代数计数；rsqrt、类型转换与临时 FP32 张量分列／不推断 HBM spill。
30,k_norm,normalization,"{""input"": [4, 128], ""weight"": [128], ""output"": [4, 128]}",0,2052,"{""rsqrt"": 4}",256,1024,1024,按 FP32 行内归约的代数计数；rsqrt、类型转换与临时 FP32 张量分列／不推断 HBM spill。
30,apply_rope,position,"{""Q"": [1, 32, 1, 128], ""K"": [1, 4, 1, 128]}",0,13824,"{""negate"": 2304}",0,9728,9216,2 multiply + 1 add/元素，rotate_half 符号翻转分列；表按批／头理想复用。
30,kv_append,state,"{""new_K_and_V_each"": [1, 4, 1, 128]}",0,0,{},0,2048,2048,原位／分页 append 载荷；不假定动态 torch.cat 对旧缓存整段复制。
30,qk,attention,"{""Q"": [1, 32, 1, 128], ""K_shared"": [1, 4, 8193, 128], ""scores_rectangular"": [1, 32, 1, 8193]}",67117056,0,{},0,8397824,1048704,FLOPs 仅有效因果位置；载荷是假定 Q/K 各读一次、GQA 头共享，完整分数矩阵物化。
30,score_scale_mask_softmax,softmax,"{""scores"": [1, 32, 1, 8193]}",0,1048672,"{""exp"": 262176, ""compare_max"": 262144, ""mask_decisions"": 262176}",0,1048704,1048704,选择的融合 scale/mask/softmax 代数工作；屏蔽点不计 exp。物化 FP32 默认概率；非具体 eager trace。
30,pv,attention,"{""P"": [1, 32, 1, 8193], ""V_shared"": [1, 4, 8193, 128], ""output"": [1, 32, 1, 128]}",67117056,0,{},0,9438336,8192,PV/AV：各 Q 头仍计算；V 容量不乘 GQA 复制数。载荷假定 V 在头／查询之间理想复用。
30,o_proj,linear,"{""input"": [1, 4096], ""weight_math"": [4096, 2048], ""weight_storage"": [2048, 4096], ""output"": [1, 2048]}",16777216,0,{},16777216,8192,4096,独立 GEMM：权重与输入各读一次、输出写一次的操作数载荷；不预测 tile 重读。
30,attention_residual,residual,"{""inputs_each"": [1, 2048], ""output"": [1, 2048]}",0,2048,{},0,8192,4096,
30,post_attention_layernorm,normalization,"{""input"": [1, 2048], ""weight"": [2048], ""output"": [1, 2048]}",0,8193,"{""rsqrt"": 1}",4096,4096,4096,按 FP32 行内归约的代数计数；rsqrt、类型转换与临时 FP32 张量分列／不推断 HBM spill。
30,router,linear,"{""input"": [1, 2048], ""weight_math"": [2048, 128], ""weight_storage"": [128, 2048], ""output"": [1, 128]}",524288,0,{},524288,4096,256,独立 GEMM：权重与输入各读一次、输出写一次的操作数载荷；不预测 tile 重读。
30,router_softmax,routing,"{""input"": [1, 128], ""probabilities_fp32"": [1, 128]}",0,383,"{""exp"": 128, ""compare_max"": 127}",0,256,512,"FP32 softmax: subtract max, exp, reduction, divide; casts are not FLOPs."
30,router_topk,routing,"{""input_fp32"": [1, 128], ""values_fp32"": [1, 8], ""indices_int64"": [1, 8]}",0,0,"{""topk_rows"": 1, ""topk_candidates"": 128}",0,512,96,Top-k is an explicit selection primitive; candidate counts are not comparisons or FLOPs. Backend selection algorithm is unspecified.
30,router_renormalize_cast,routing,"{""selected_probabilities"": [1, 8]}",0,15,{},0,32,16,"Selected probabilities are renormalized if norm_topk_prob, then cast to activation dtype; row reduction assumed on-chip."
30,routing_one_hot,routing_metadata,"{""selected_int64"": [1, 8], ""mask_int64"": [1, 8, 128]}",0,0,"{""one_hot_entries"": 1024}",0,64,8192,Pinned HF reference materializes one_hot int64; this large routing mask is not assumed in optimized dispatch.
30,routing_where,routing_metadata,"{""mask_int64"": [128, 8, 1], ""top_x_and_slot_each"": [8]}",0,0,"{""integer_nonzero_tests"": 1024}",0,8192,128,Scan each expert mask; two int64 coordinates per assignment. Permute is a view.
30,expert_gather,routing,"{""source"": [1, 2048], ""gathered_rows"": [8, 2048]}",0,0,{},0,32832,32768,Logical gathers summed over experts; n_e and each concrete GEMM shape are in expert_matrices.
30,expert_gate_proj,linear,"{""input_per_expert"": [""n_e"", 2048], ""weight_storage_each"": [768, 2048], ""output_per_expert"": [""n_e"", 768], ""nonempty_experts"": 8, ""tokens_per_expert"": [1, 1, 1, 1, 1, 1, 1, 1, 0, 0, 0, 0, 0, 0, 0, 0, 0, 0, 0, 0, 0, 0, 0, 0, 0, 0, 0, 0, 0, 0, 0, 0, 0, 0, 0, 0, 0, 0, 0, 0, 0, 0, 0, 0, 0, 0, 0, 0, 0, 0, 0, 0, 0, 0, 0, 0, 0, 0, 0, 0, 0, 0, 0, 0, 0, 0, 0, 0, 0, 0, 0, 0, 0, 0, 0, 0, 0, 0, 0, 0, 0, 0, 0, 0, 0, 0, 0, 0, 0, 0, 0, 0, 0, 0, 0, 0, 0, 0, 0, 0, 0, 0, 0, 0, 0, 0, 0, 0, 0, 0, 0, 0, 0, 0, 0, 0, 0, 0, 0, 0, 0, 0, 0, 0, 0, 0, 0, 0]}",25165824,0,{},25165824,32768,12288,"Sum of unpadded per-expert GEMMs; each visited expert weight read once per layer, not once per token."
30,expert_up_proj,linear,"{""input_per_expert"": [""n_e"", 2048], ""weight_storage_each"": [768, 2048], ""output_per_expert"": [""n_e"", 768], ""nonempty_experts"": 8, ""tokens_per_expert"": [1, 1, 1, 1, 1, 1, 1, 1, 0, 0, 0, 0, 0, 0, 0, 0, 0, 0, 0, 0, 0, 0, 0, 0, 0, 0, 0, 0, 0, 0, 0, 0, 0, 0, 0, 0, 0, 0, 0, 0, 0, 0, 0, 0, 0, 0, 0, 0, 0, 0, 0, 0, 0, 0, 0, 0, 0, 0, 0, 0, 0, 0, 0, 0, 0, 0, 0, 0, 0, 0, 0, 0, 0, 0, 0, 0, 0, 0, 0, 0, 0, 0, 0, 0, 0, 0, 0, 0, 0, 0, 0, 0, 0, 0, 0, 0, 0, 0, 0, 0, 0, 0, 0, 0, 0, 0, 0, 0, 0, 0, 0, 0, 0, 0, 0, 0, 0, 0, 0, 0, 0, 0, 0, 0, 0, 0, 0, 0]}",25165824,0,{},25165824,32768,12288,"Sum of unpadded per-expert GEMMs; each visited expert weight read once per layer, not once per token."
30,expert_silu_mul,activation,"{""gate_and_up_each"": [8, 768]}",0,24576,"{""exp"": 6144, ""negate"": 6144}",0,24576,12288,
30,expert_down_proj,linear,"{""input_per_expert"": [""n_e"", 768], ""weight_storage_each"": [2048, 768], ""output_per_expert"": [""n_e"", 2048], ""nonempty_experts"": 8, ""tokens_per_expert"": [1, 1, 1, 1, 1, 1, 1, 1, 0, 0, 0, 0, 0, 0, 0, 0, 0, 0, 0, 0, 0, 0, 0, 0, 0, 0, 0, 0, 0, 0, 0, 0, 0, 0, 0, 0, 0, 0, 0, 0, 0, 0, 0, 0, 0, 0, 0, 0, 0, 0, 0, 0, 0, 0, 0, 0, 0, 0, 0, 0, 0, 0, 0, 0, 0, 0, 0, 0, 0, 0, 0, 0, 0, 0, 0, 0, 0, 0, 0, 0, 0, 0, 0, 0, 0, 0, 0, 0, 0, 0, 0, 0, 0, 0, 0, 0, 0, 0, 0, 0, 0, 0, 0, 0, 0, 0, 0, 0, 0, 0, 0, 0, 0, 0, 0, 0, 0, 0, 0, 0, 0, 0, 0, 0, 0, 0, 0, 0]}",25165824,0,{},25165824,12288,32768,Unpadded per-expert GEMMs; empty experts have zero arithmetic and no weight payload.
30,expert_probability_multiply,routing,"{""expert_outputs"": [8, 2048], ""routing_weights"": [8]}",0,16384,{},0,32912,32768,Probability broadcast reuses one value per assignment; int64 token/slot indices included.
30,expert_output_zero,routing,"{""output"": [1, 2048]}",0,0,{},0,0,4096,Reference initializes final_hidden_states to zero.
30,expert_index_add,routing,"{""weighted_outputs"": [8, 2048], ""combined_output"": [1, 2048]}",0,16384,{},0,65600,32768,"Reference index_add includes the first add into zero; destination read/update per assignment is logical payload, not measured HBM."
30,ffn_residual,residual,"{""inputs_each"": [1, 2048], ""output"": [1, 2048]}",0,2048,{},0,8192,4096,
31,input_layernorm,normalization,"{""input"": [1, 2048], ""weight"": [2048], ""output"": [1, 2048]}",0,8193,"{""rsqrt"": 1}",4096,4096,4096,按 FP32 行内归约的代数计数；rsqrt、类型转换与临时 FP32 张量分列／不推断 HBM spill。
31,q_proj,linear,"{""input"": [1, 2048], ""weight_math"": [2048, 4096], ""weight_storage"": [4096, 2048], ""output"": [1, 4096]}",16777216,0,{},16777216,4096,8192,独立 GEMM：权重与输入各读一次、输出写一次的操作数载荷；不预测 tile 重读。
31,k_proj,linear,"{""input"": [1, 2048], ""weight_math"": [2048, 512], ""weight_storage"": [512, 2048], ""output"": [1, 512]}",2097152,0,{},2097152,4096,1024,独立 GEMM：权重与输入各读一次、输出写一次的操作数载荷；不预测 tile 重读。
31,v_proj,linear,"{""input"": [1, 2048], ""weight_math"": [2048, 512], ""weight_storage"": [512, 2048], ""output"": [1, 512]}",2097152,0,{},2097152,4096,1024,独立 GEMM：权重与输入各读一次、输出写一次的操作数载荷；不预测 tile 重读。
31,q_norm,normalization,"{""input"": [32, 128], ""weight"": [128], ""output"": [32, 128]}",0,16416,"{""rsqrt"": 32}",256,8192,8192,按 FP32 行内归约的代数计数；rsqrt、类型转换与临时 FP32 张量分列／不推断 HBM spill。
31,k_norm,normalization,"{""input"": [4, 128], ""weight"": [128], ""output"": [4, 128]}",0,2052,"{""rsqrt"": 4}",256,1024,1024,按 FP32 行内归约的代数计数；rsqrt、类型转换与临时 FP32 张量分列／不推断 HBM spill。
31,apply_rope,position,"{""Q"": [1, 32, 1, 128], ""K"": [1, 4, 1, 128]}",0,13824,"{""negate"": 2304}",0,9728,9216,2 multiply + 1 add/元素，rotate_half 符号翻转分列；表按批／头理想复用。
31,kv_append,state,"{""new_K_and_V_each"": [1, 4, 1, 128]}",0,0,{},0,2048,2048,原位／分页 append 载荷；不假定动态 torch.cat 对旧缓存整段复制。
31,qk,attention,"{""Q"": [1, 32, 1, 128], ""K_shared"": [1, 4, 8193, 128], ""scores_rectangular"": [1, 32, 1, 8193]}",67117056,0,{},0,8397824,1048704,FLOPs 仅有效因果位置；载荷是假定 Q/K 各读一次、GQA 头共享，完整分数矩阵物化。
31,score_scale_mask_softmax,softmax,"{""scores"": [1, 32, 1, 8193]}",0,1048672,"{""exp"": 262176, ""compare_max"": 262144, ""mask_decisions"": 262176}",0,1048704,1048704,选择的融合 scale/mask/softmax 代数工作；屏蔽点不计 exp。物化 FP32 默认概率；非具体 eager trace。
31,pv,attention,"{""P"": [1, 32, 1, 8193], ""V_shared"": [1, 4, 8193, 128], ""output"": [1, 32, 1, 128]}",67117056,0,{},0,9438336,8192,PV/AV：各 Q 头仍计算；V 容量不乘 GQA 复制数。载荷假定 V 在头／查询之间理想复用。
31,o_proj,linear,"{""input"": [1, 4096], ""weight_math"": [4096, 2048], ""weight_storage"": [2048, 4096], ""output"": [1, 2048]}",16777216,0,{},16777216,8192,4096,独立 GEMM：权重与输入各读一次、输出写一次的操作数载荷；不预测 tile 重读。
31,attention_residual,residual,"{""inputs_each"": [1, 2048], ""output"": [1, 2048]}",0,2048,{},0,8192,4096,
31,post_attention_layernorm,normalization,"{""input"": [1, 2048], ""weight"": [2048], ""output"": [1, 2048]}",0,8193,"{""rsqrt"": 1}",4096,4096,4096,按 FP32 行内归约的代数计数；rsqrt、类型转换与临时 FP32 张量分列／不推断 HBM spill。
31,router,linear,"{""input"": [1, 2048], ""weight_math"": [2048, 128], ""weight_storage"": [128, 2048], ""output"": [1, 128]}",524288,0,{},524288,4096,256,独立 GEMM：权重与输入各读一次、输出写一次的操作数载荷；不预测 tile 重读。
31,router_softmax,routing,"{""input"": [1, 128], ""probabilities_fp32"": [1, 128]}",0,383,"{""exp"": 128, ""compare_max"": 127}",0,256,512,"FP32 softmax: subtract max, exp, reduction, divide; casts are not FLOPs."
31,router_topk,routing,"{""input_fp32"": [1, 128], ""values_fp32"": [1, 8], ""indices_int64"": [1, 8]}",0,0,"{""topk_rows"": 1, ""topk_candidates"": 128}",0,512,96,Top-k is an explicit selection primitive; candidate counts are not comparisons or FLOPs. Backend selection algorithm is unspecified.
31,router_renormalize_cast,routing,"{""selected_probabilities"": [1, 8]}",0,15,{},0,32,16,"Selected probabilities are renormalized if norm_topk_prob, then cast to activation dtype; row reduction assumed on-chip."
31,routing_one_hot,routing_metadata,"{""selected_int64"": [1, 8], ""mask_int64"": [1, 8, 128]}",0,0,"{""one_hot_entries"": 1024}",0,64,8192,Pinned HF reference materializes one_hot int64; this large routing mask is not assumed in optimized dispatch.
31,routing_where,routing_metadata,"{""mask_int64"": [128, 8, 1], ""top_x_and_slot_each"": [8]}",0,0,"{""integer_nonzero_tests"": 1024}",0,8192,128,Scan each expert mask; two int64 coordinates per assignment. Permute is a view.
31,expert_gather,routing,"{""source"": [1, 2048], ""gathered_rows"": [8, 2048]}",0,0,{},0,32832,32768,Logical gathers summed over experts; n_e and each concrete GEMM shape are in expert_matrices.
31,expert_gate_proj,linear,"{""input_per_expert"": [""n_e"", 2048], ""weight_storage_each"": [768, 2048], ""output_per_expert"": [""n_e"", 768], ""nonempty_experts"": 8, ""tokens_per_expert"": [1, 1, 1, 1, 1, 1, 1, 1, 0, 0, 0, 0, 0, 0, 0, 0, 0, 0, 0, 0, 0, 0, 0, 0, 0, 0, 0, 0, 0, 0, 0, 0, 0, 0, 0, 0, 0, 0, 0, 0, 0, 0, 0, 0, 0, 0, 0, 0, 0, 0, 0, 0, 0, 0, 0, 0, 0, 0, 0, 0, 0, 0, 0, 0, 0, 0, 0, 0, 0, 0, 0, 0, 0, 0, 0, 0, 0, 0, 0, 0, 0, 0, 0, 0, 0, 0, 0, 0, 0, 0, 0, 0, 0, 0, 0, 0, 0, 0, 0, 0, 0, 0, 0, 0, 0, 0, 0, 0, 0, 0, 0, 0, 0, 0, 0, 0, 0, 0, 0, 0, 0, 0, 0, 0, 0, 0, 0, 0]}",25165824,0,{},25165824,32768,12288,"Sum of unpadded per-expert GEMMs; each visited expert weight read once per layer, not once per token."
31,expert_up_proj,linear,"{""input_per_expert"": [""n_e"", 2048], ""weight_storage_each"": [768, 2048], ""output_per_expert"": [""n_e"", 768], ""nonempty_experts"": 8, ""tokens_per_expert"": [1, 1, 1, 1, 1, 1, 1, 1, 0, 0, 0, 0, 0, 0, 0, 0, 0, 0, 0, 0, 0, 0, 0, 0, 0, 0, 0, 0, 0, 0, 0, 0, 0, 0, 0, 0, 0, 0, 0, 0, 0, 0, 0, 0, 0, 0, 0, 0, 0, 0, 0, 0, 0, 0, 0, 0, 0, 0, 0, 0, 0, 0, 0, 0, 0, 0, 0, 0, 0, 0, 0, 0, 0, 0, 0, 0, 0, 0, 0, 0, 0, 0, 0, 0, 0, 0, 0, 0, 0, 0, 0, 0, 0, 0, 0, 0, 0, 0, 0, 0, 0, 0, 0, 0, 0, 0, 0, 0, 0, 0, 0, 0, 0, 0, 0, 0, 0, 0, 0, 0, 0, 0, 0, 0, 0, 0, 0, 0]}",25165824,0,{},25165824,32768,12288,"Sum of unpadded per-expert GEMMs; each visited expert weight read once per layer, not once per token."
31,expert_silu_mul,activation,"{""gate_and_up_each"": [8, 768]}",0,24576,"{""exp"": 6144, ""negate"": 6144}",0,24576,12288,
31,expert_down_proj,linear,"{""input_per_expert"": [""n_e"", 768], ""weight_storage_each"": [2048, 768], ""output_per_expert"": [""n_e"", 2048], ""nonempty_experts"": 8, ""tokens_per_expert"": [1, 1, 1, 1, 1, 1, 1, 1, 0, 0, 0, 0, 0, 0, 0, 0, 0, 0, 0, 0, 0, 0, 0, 0, 0, 0, 0, 0, 0, 0, 0, 0, 0, 0, 0, 0, 0, 0, 0, 0, 0, 0, 0, 0, 0, 0, 0, 0, 0, 0, 0, 0, 0, 0, 0, 0, 0, 0, 0, 0, 0, 0, 0, 0, 0, 0, 0, 0, 0, 0, 0, 0, 0, 0, 0, 0, 0, 0, 0, 0, 0, 0, 0, 0, 0, 0, 0, 0, 0, 0, 0, 0, 0, 0, 0, 0, 0, 0, 0, 0, 0, 0, 0, 0, 0, 0, 0, 0, 0, 0, 0, 0, 0, 0, 0, 0, 0, 0, 0, 0, 0, 0, 0, 0, 0, 0, 0, 0]}",25165824,0,{},25165824,12288,32768,Unpadded per-expert GEMMs; empty experts have zero arithmetic and no weight payload.
31,expert_probability_multiply,routing,"{""expert_outputs"": [8, 2048], ""routing_weights"": [8]}",0,16384,{},0,32912,32768,Probability broadcast reuses one value per assignment; int64 token/slot indices included.
31,expert_output_zero,routing,"{""output"": [1, 2048]}",0,0,{},0,0,4096,Reference initializes final_hidden_states to zero.
31,expert_index_add,routing,"{""weighted_outputs"": [8, 2048], ""combined_output"": [1, 2048]}",0,16384,{},0,65600,32768,"Reference index_add includes the first add into zero; destination read/update per assignment is logical payload, not measured HBM."
31,ffn_residual,residual,"{""inputs_each"": [1, 2048], ""output"": [1, 2048]}",0,2048,{},0,8192,4096,
32,input_layernorm,normalization,"{""input"": [1, 2048], ""weight"": [2048], ""output"": [1, 2048]}",0,8193,"{""rsqrt"": 1}",4096,4096,4096,按 FP32 行内归约的代数计数；rsqrt、类型转换与临时 FP32 张量分列／不推断 HBM spill。
32,q_proj,linear,"{""input"": [1, 2048], ""weight_math"": [2048, 4096], ""weight_storage"": [4096, 2048], ""output"": [1, 4096]}",16777216,0,{},16777216,4096,8192,独立 GEMM：权重与输入各读一次、输出写一次的操作数载荷；不预测 tile 重读。
32,k_proj,linear,"{""input"": [1, 2048], ""weight_math"": [2048, 512], ""weight_storage"": [512, 2048], ""output"": [1, 512]}",2097152,0,{},2097152,4096,1024,独立 GEMM：权重与输入各读一次、输出写一次的操作数载荷；不预测 tile 重读。
32,v_proj,linear,"{""input"": [1, 2048], ""weight_math"": [2048, 512], ""weight_storage"": [512, 2048], ""output"": [1, 512]}",2097152,0,{},2097152,4096,1024,独立 GEMM：权重与输入各读一次、输出写一次的操作数载荷；不预测 tile 重读。
32,q_norm,normalization,"{""input"": [32, 128], ""weight"": [128], ""output"": [32, 128]}",0,16416,"{""rsqrt"": 32}",256,8192,8192,按 FP32 行内归约的代数计数；rsqrt、类型转换与临时 FP32 张量分列／不推断 HBM spill。
32,k_norm,normalization,"{""input"": [4, 128], ""weight"": [128], ""output"": [4, 128]}",0,2052,"{""rsqrt"": 4}",256,1024,1024,按 FP32 行内归约的代数计数；rsqrt、类型转换与临时 FP32 张量分列／不推断 HBM spill。
32,apply_rope,position,"{""Q"": [1, 32, 1, 128], ""K"": [1, 4, 1, 128]}",0,13824,"{""negate"": 2304}",0,9728,9216,2 multiply + 1 add/元素，rotate_half 符号翻转分列；表按批／头理想复用。
32,kv_append,state,"{""new_K_and_V_each"": [1, 4, 1, 128]}",0,0,{},0,2048,2048,原位／分页 append 载荷；不假定动态 torch.cat 对旧缓存整段复制。
32,qk,attention,"{""Q"": [1, 32, 1, 128], ""K_shared"": [1, 4, 8193, 128], ""scores_rectangular"": [1, 32, 1, 8193]}",67117056,0,{},0,8397824,1048704,FLOPs 仅有效因果位置；载荷是假定 Q/K 各读一次、GQA 头共享，完整分数矩阵物化。
32,score_scale_mask_softmax,softmax,"{""scores"": [1, 32, 1, 8193]}",0,1048672,"{""exp"": 262176, ""compare_max"": 262144, ""mask_decisions"": 262176}",0,1048704,1048704,选择的融合 scale/mask/softmax 代数工作；屏蔽点不计 exp。物化 FP32 默认概率；非具体 eager trace。
32,pv,attention,"{""P"": [1, 32, 1, 8193], ""V_shared"": [1, 4, 8193, 128], ""output"": [1, 32, 1, 128]}",67117056,0,{},0,9438336,8192,PV/AV：各 Q 头仍计算；V 容量不乘 GQA 复制数。载荷假定 V 在头／查询之间理想复用。
32,o_proj,linear,"{""input"": [1, 4096], ""weight_math"": [4096, 2048], ""weight_storage"": [2048, 4096], ""output"": [1, 2048]}",16777216,0,{},16777216,8192,4096,独立 GEMM：权重与输入各读一次、输出写一次的操作数载荷；不预测 tile 重读。
32,attention_residual,residual,"{""inputs_each"": [1, 2048], ""output"": [1, 2048]}",0,2048,{},0,8192,4096,
32,post_attention_layernorm,normalization,"{""input"": [1, 2048], ""weight"": [2048], ""output"": [1, 2048]}",0,8193,"{""rsqrt"": 1}",4096,4096,4096,按 FP32 行内归约的代数计数；rsqrt、类型转换与临时 FP32 张量分列／不推断 HBM spill。
32,router,linear,"{""input"": [1, 2048], ""weight_math"": [2048, 128], ""weight_storage"": [128, 2048], ""output"": [1, 128]}",524288,0,{},524288,4096,256,独立 GEMM：权重与输入各读一次、输出写一次的操作数载荷；不预测 tile 重读。
32,router_softmax,routing,"{""input"": [1, 128], ""probabilities_fp32"": [1, 128]}",0,383,"{""exp"": 128, ""compare_max"": 127}",0,256,512,"FP32 softmax: subtract max, exp, reduction, divide; casts are not FLOPs."
32,router_topk,routing,"{""input_fp32"": [1, 128], ""values_fp32"": [1, 8], ""indices_int64"": [1, 8]}",0,0,"{""topk_rows"": 1, ""topk_candidates"": 128}",0,512,96,Top-k is an explicit selection primitive; candidate counts are not comparisons or FLOPs. Backend selection algorithm is unspecified.
32,router_renormalize_cast,routing,"{""selected_probabilities"": [1, 8]}",0,15,{},0,32,16,"Selected probabilities are renormalized if norm_topk_prob, then cast to activation dtype; row reduction assumed on-chip."
32,routing_one_hot,routing_metadata,"{""selected_int64"": [1, 8], ""mask_int64"": [1, 8, 128]}",0,0,"{""one_hot_entries"": 1024}",0,64,8192,Pinned HF reference materializes one_hot int64; this large routing mask is not assumed in optimized dispatch.
32,routing_where,routing_metadata,"{""mask_int64"": [128, 8, 1], ""top_x_and_slot_each"": [8]}",0,0,"{""integer_nonzero_tests"": 1024}",0,8192,128,Scan each expert mask; two int64 coordinates per assignment. Permute is a view.
32,expert_gather,routing,"{""source"": [1, 2048], ""gathered_rows"": [8, 2048]}",0,0,{},0,32832,32768,Logical gathers summed over experts; n_e and each concrete GEMM shape are in expert_matrices.
32,expert_gate_proj,linear,"{""input_per_expert"": [""n_e"", 2048], ""weight_storage_each"": [768, 2048], ""output_per_expert"": [""n_e"", 768], ""nonempty_experts"": 8, ""tokens_per_expert"": [1, 1, 1, 1, 1, 1, 1, 1, 0, 0, 0, 0, 0, 0, 0, 0, 0, 0, 0, 0, 0, 0, 0, 0, 0, 0, 0, 0, 0, 0, 0, 0, 0, 0, 0, 0, 0, 0, 0, 0, 0, 0, 0, 0, 0, 0, 0, 0, 0, 0, 0, 0, 0, 0, 0, 0, 0, 0, 0, 0, 0, 0, 0, 0, 0, 0, 0, 0, 0, 0, 0, 0, 0, 0, 0, 0, 0, 0, 0, 0, 0, 0, 0, 0, 0, 0, 0, 0, 0, 0, 0, 0, 0, 0, 0, 0, 0, 0, 0, 0, 0, 0, 0, 0, 0, 0, 0, 0, 0, 0, 0, 0, 0, 0, 0, 0, 0, 0, 0, 0, 0, 0, 0, 0, 0, 0, 0, 0]}",25165824,0,{},25165824,32768,12288,"Sum of unpadded per-expert GEMMs; each visited expert weight read once per layer, not once per token."
32,expert_up_proj,linear,"{""input_per_expert"": [""n_e"", 2048], ""weight_storage_each"": [768, 2048], ""output_per_expert"": [""n_e"", 768], ""nonempty_experts"": 8, ""tokens_per_expert"": [1, 1, 1, 1, 1, 1, 1, 1, 0, 0, 0, 0, 0, 0, 0, 0, 0, 0, 0, 0, 0, 0, 0, 0, 0, 0, 0, 0, 0, 0, 0, 0, 0, 0, 0, 0, 0, 0, 0, 0, 0, 0, 0, 0, 0, 0, 0, 0, 0, 0, 0, 0, 0, 0, 0, 0, 0, 0, 0, 0, 0, 0, 0, 0, 0, 0, 0, 0, 0, 0, 0, 0, 0, 0, 0, 0, 0, 0, 0, 0, 0, 0, 0, 0, 0, 0, 0, 0, 0, 0, 0, 0, 0, 0, 0, 0, 0, 0, 0, 0, 0, 0, 0, 0, 0, 0, 0, 0, 0, 0, 0, 0, 0, 0, 0, 0, 0, 0, 0, 0, 0, 0, 0, 0, 0, 0, 0, 0]}",25165824,0,{},25165824,32768,12288,"Sum of unpadded per-expert GEMMs; each visited expert weight read once per layer, not once per token."
32,expert_silu_mul,activation,"{""gate_and_up_each"": [8, 768]}",0,24576,"{""exp"": 6144, ""negate"": 6144}",0,24576,12288,
32,expert_down_proj,linear,"{""input_per_expert"": [""n_e"", 768], ""weight_storage_each"": [2048, 768], ""output_per_expert"": [""n_e"", 2048], ""nonempty_experts"": 8, ""tokens_per_expert"": [1, 1, 1, 1, 1, 1, 1, 1, 0, 0, 0, 0, 0, 0, 0, 0, 0, 0, 0, 0, 0, 0, 0, 0, 0, 0, 0, 0, 0, 0, 0, 0, 0, 0, 0, 0, 0, 0, 0, 0, 0, 0, 0, 0, 0, 0, 0, 0, 0, 0, 0, 0, 0, 0, 0, 0, 0, 0, 0, 0, 0, 0, 0, 0, 0, 0, 0, 0, 0, 0, 0, 0, 0, 0, 0, 0, 0, 0, 0, 0, 0, 0, 0, 0, 0, 0, 0, 0, 0, 0, 0, 0, 0, 0, 0, 0, 0, 0, 0, 0, 0, 0, 0, 0, 0, 0, 0, 0, 0, 0, 0, 0, 0, 0, 0, 0, 0, 0, 0, 0, 0, 0, 0, 0, 0, 0, 0, 0]}",25165824,0,{},25165824,12288,32768,Unpadded per-expert GEMMs; empty experts have zero arithmetic and no weight payload.
32,expert_probability_multiply,routing,"{""expert_outputs"": [8, 2048], ""routing_weights"": [8]}",0,16384,{},0,32912,32768,Probability broadcast reuses one value per assignment; int64 token/slot indices included.
32,expert_output_zero,routing,"{""output"": [1, 2048]}",0,0,{},0,0,4096,Reference initializes final_hidden_states to zero.
32,expert_index_add,routing,"{""weighted_outputs"": [8, 2048], ""combined_output"": [1, 2048]}",0,16384,{},0,65600,32768,"Reference index_add includes the first add into zero; destination read/update per assignment is logical payload, not measured HBM."
32,ffn_residual,residual,"{""inputs_each"": [1, 2048], ""output"": [1, 2048]}",0,2048,{},0,8192,4096,
33,input_layernorm,normalization,"{""input"": [1, 2048], ""weight"": [2048], ""output"": [1, 2048]}",0,8193,"{""rsqrt"": 1}",4096,4096,4096,按 FP32 行内归约的代数计数；rsqrt、类型转换与临时 FP32 张量分列／不推断 HBM spill。
33,q_proj,linear,"{""input"": [1, 2048], ""weight_math"": [2048, 4096], ""weight_storage"": [4096, 2048], ""output"": [1, 4096]}",16777216,0,{},16777216,4096,8192,独立 GEMM：权重与输入各读一次、输出写一次的操作数载荷；不预测 tile 重读。
33,k_proj,linear,"{""input"": [1, 2048], ""weight_math"": [2048, 512], ""weight_storage"": [512, 2048], ""output"": [1, 512]}",2097152,0,{},2097152,4096,1024,独立 GEMM：权重与输入各读一次、输出写一次的操作数载荷；不预测 tile 重读。
33,v_proj,linear,"{""input"": [1, 2048], ""weight_math"": [2048, 512], ""weight_storage"": [512, 2048], ""output"": [1, 512]}",2097152,0,{},2097152,4096,1024,独立 GEMM：权重与输入各读一次、输出写一次的操作数载荷；不预测 tile 重读。
33,q_norm,normalization,"{""input"": [32, 128], ""weight"": [128], ""output"": [32, 128]}",0,16416,"{""rsqrt"": 32}",256,8192,8192,按 FP32 行内归约的代数计数；rsqrt、类型转换与临时 FP32 张量分列／不推断 HBM spill。
33,k_norm,normalization,"{""input"": [4, 128], ""weight"": [128], ""output"": [4, 128]}",0,2052,"{""rsqrt"": 4}",256,1024,1024,按 FP32 行内归约的代数计数；rsqrt、类型转换与临时 FP32 张量分列／不推断 HBM spill。
33,apply_rope,position,"{""Q"": [1, 32, 1, 128], ""K"": [1, 4, 1, 128]}",0,13824,"{""negate"": 2304}",0,9728,9216,2 multiply + 1 add/元素，rotate_half 符号翻转分列；表按批／头理想复用。
33,kv_append,state,"{""new_K_and_V_each"": [1, 4, 1, 128]}",0,0,{},0,2048,2048,原位／分页 append 载荷；不假定动态 torch.cat 对旧缓存整段复制。
33,qk,attention,"{""Q"": [1, 32, 1, 128], ""K_shared"": [1, 4, 8193, 128], ""scores_rectangular"": [1, 32, 1, 8193]}",67117056,0,{},0,8397824,1048704,FLOPs 仅有效因果位置；载荷是假定 Q/K 各读一次、GQA 头共享，完整分数矩阵物化。
33,score_scale_mask_softmax,softmax,"{""scores"": [1, 32, 1, 8193]}",0,1048672,"{""exp"": 262176, ""compare_max"": 262144, ""mask_decisions"": 262176}",0,1048704,1048704,选择的融合 scale/mask/softmax 代数工作；屏蔽点不计 exp。物化 FP32 默认概率；非具体 eager trace。
33,pv,attention,"{""P"": [1, 32, 1, 8193], ""V_shared"": [1, 4, 8193, 128], ""output"": [1, 32, 1, 128]}",67117056,0,{},0,9438336,8192,PV/AV：各 Q 头仍计算；V 容量不乘 GQA 复制数。载荷假定 V 在头／查询之间理想复用。
33,o_proj,linear,"{""input"": [1, 4096], ""weight_math"": [4096, 2048], ""weight_storage"": [2048, 4096], ""output"": [1, 2048]}",16777216,0,{},16777216,8192,4096,独立 GEMM：权重与输入各读一次、输出写一次的操作数载荷；不预测 tile 重读。
33,attention_residual,residual,"{""inputs_each"": [1, 2048], ""output"": [1, 2048]}",0,2048,{},0,8192,4096,
33,post_attention_layernorm,normalization,"{""input"": [1, 2048], ""weight"": [2048], ""output"": [1, 2048]}",0,8193,"{""rsqrt"": 1}",4096,4096,4096,按 FP32 行内归约的代数计数；rsqrt、类型转换与临时 FP32 张量分列／不推断 HBM spill。
33,router,linear,"{""input"": [1, 2048], ""weight_math"": [2048, 128], ""weight_storage"": [128, 2048], ""output"": [1, 128]}",524288,0,{},524288,4096,256,独立 GEMM：权重与输入各读一次、输出写一次的操作数载荷；不预测 tile 重读。
33,router_softmax,routing,"{""input"": [1, 128], ""probabilities_fp32"": [1, 128]}",0,383,"{""exp"": 128, ""compare_max"": 127}",0,256,512,"FP32 softmax: subtract max, exp, reduction, divide; casts are not FLOPs."
33,router_topk,routing,"{""input_fp32"": [1, 128], ""values_fp32"": [1, 8], ""indices_int64"": [1, 8]}",0,0,"{""topk_rows"": 1, ""topk_candidates"": 128}",0,512,96,Top-k is an explicit selection primitive; candidate counts are not comparisons or FLOPs. Backend selection algorithm is unspecified.
33,router_renormalize_cast,routing,"{""selected_probabilities"": [1, 8]}",0,15,{},0,32,16,"Selected probabilities are renormalized if norm_topk_prob, then cast to activation dtype; row reduction assumed on-chip."
33,routing_one_hot,routing_metadata,"{""selected_int64"": [1, 8], ""mask_int64"": [1, 8, 128]}",0,0,"{""one_hot_entries"": 1024}",0,64,8192,Pinned HF reference materializes one_hot int64; this large routing mask is not assumed in optimized dispatch.
33,routing_where,routing_metadata,"{""mask_int64"": [128, 8, 1], ""top_x_and_slot_each"": [8]}",0,0,"{""integer_nonzero_tests"": 1024}",0,8192,128,Scan each expert mask; two int64 coordinates per assignment. Permute is a view.
33,expert_gather,routing,"{""source"": [1, 2048], ""gathered_rows"": [8, 2048]}",0,0,{},0,32832,32768,Logical gathers summed over experts; n_e and each concrete GEMM shape are in expert_matrices.
33,expert_gate_proj,linear,"{""input_per_expert"": [""n_e"", 2048], ""weight_storage_each"": [768, 2048], ""output_per_expert"": [""n_e"", 768], ""nonempty_experts"": 8, ""tokens_per_expert"": [1, 1, 1, 1, 1, 1, 1, 1, 0, 0, 0, 0, 0, 0, 0, 0, 0, 0, 0, 0, 0, 0, 0, 0, 0, 0, 0, 0, 0, 0, 0, 0, 0, 0, 0, 0, 0, 0, 0, 0, 0, 0, 0, 0, 0, 0, 0, 0, 0, 0, 0, 0, 0, 0, 0, 0, 0, 0, 0, 0, 0, 0, 0, 0, 0, 0, 0, 0, 0, 0, 0, 0, 0, 0, 0, 0, 0, 0, 0, 0, 0, 0, 0, 0, 0, 0, 0, 0, 0, 0, 0, 0, 0, 0, 0, 0, 0, 0, 0, 0, 0, 0, 0, 0, 0, 0, 0, 0, 0, 0, 0, 0, 0, 0, 0, 0, 0, 0, 0, 0, 0, 0, 0, 0, 0, 0, 0, 0]}",25165824,0,{},25165824,32768,12288,"Sum of unpadded per-expert GEMMs; each visited expert weight read once per layer, not once per token."
33,expert_up_proj,linear,"{""input_per_expert"": [""n_e"", 2048], ""weight_storage_each"": [768, 2048], ""output_per_expert"": [""n_e"", 768], ""nonempty_experts"": 8, ""tokens_per_expert"": [1, 1, 1, 1, 1, 1, 1, 1, 0, 0, 0, 0, 0, 0, 0, 0, 0, 0, 0, 0, 0, 0, 0, 0, 0, 0, 0, 0, 0, 0, 0, 0, 0, 0, 0, 0, 0, 0, 0, 0, 0, 0, 0, 0, 0, 0, 0, 0, 0, 0, 0, 0, 0, 0, 0, 0, 0, 0, 0, 0, 0, 0, 0, 0, 0, 0, 0, 0, 0, 0, 0, 0, 0, 0, 0, 0, 0, 0, 0, 0, 0, 0, 0, 0, 0, 0, 0, 0, 0, 0, 0, 0, 0, 0, 0, 0, 0, 0, 0, 0, 0, 0, 0, 0, 0, 0, 0, 0, 0, 0, 0, 0, 0, 0, 0, 0, 0, 0, 0, 0, 0, 0, 0, 0, 0, 0, 0, 0]}",25165824,0,{},25165824,32768,12288,"Sum of unpadded per-expert GEMMs; each visited expert weight read once per layer, not once per token."
33,expert_silu_mul,activation,"{""gate_and_up_each"": [8, 768]}",0,24576,"{""exp"": 6144, ""negate"": 6144}",0,24576,12288,
33,expert_down_proj,linear,"{""input_per_expert"": [""n_e"", 768], ""weight_storage_each"": [2048, 768], ""output_per_expert"": [""n_e"", 2048], ""nonempty_experts"": 8, ""tokens_per_expert"": [1, 1, 1, 1, 1, 1, 1, 1, 0, 0, 0, 0, 0, 0, 0, 0, 0, 0, 0, 0, 0, 0, 0, 0, 0, 0, 0, 0, 0, 0, 0, 0, 0, 0, 0, 0, 0, 0, 0, 0, 0, 0, 0, 0, 0, 0, 0, 0, 0, 0, 0, 0, 0, 0, 0, 0, 0, 0, 0, 0, 0, 0, 0, 0, 0, 0, 0, 0, 0, 0, 0, 0, 0, 0, 0, 0, 0, 0, 0, 0, 0, 0, 0, 0, 0, 0, 0, 0, 0, 0, 0, 0, 0, 0, 0, 0, 0, 0, 0, 0, 0, 0, 0, 0, 0, 0, 0, 0, 0, 0, 0, 0, 0, 0, 0, 0, 0, 0, 0, 0, 0, 0, 0, 0, 0, 0, 0, 0]}",25165824,0,{},25165824,12288,32768,Unpadded per-expert GEMMs; empty experts have zero arithmetic and no weight payload.
33,expert_probability_multiply,routing,"{""expert_outputs"": [8, 2048], ""routing_weights"": [8]}",0,16384,{},0,32912,32768,Probability broadcast reuses one value per assignment; int64 token/slot indices included.
33,expert_output_zero,routing,"{""output"": [1, 2048]}",0,0,{},0,0,4096,Reference initializes final_hidden_states to zero.
33,expert_index_add,routing,"{""weighted_outputs"": [8, 2048], ""combined_output"": [1, 2048]}",0,16384,{},0,65600,32768,"Reference index_add includes the first add into zero; destination read/update per assignment is logical payload, not measured HBM."
33,ffn_residual,residual,"{""inputs_each"": [1, 2048], ""output"": [1, 2048]}",0,2048,{},0,8192,4096,
34,input_layernorm,normalization,"{""input"": [1, 2048], ""weight"": [2048], ""output"": [1, 2048]}",0,8193,"{""rsqrt"": 1}",4096,4096,4096,按 FP32 行内归约的代数计数；rsqrt、类型转换与临时 FP32 张量分列／不推断 HBM spill。
34,q_proj,linear,"{""input"": [1, 2048], ""weight_math"": [2048, 4096], ""weight_storage"": [4096, 2048], ""output"": [1, 4096]}",16777216,0,{},16777216,4096,8192,独立 GEMM：权重与输入各读一次、输出写一次的操作数载荷；不预测 tile 重读。
34,k_proj,linear,"{""input"": [1, 2048], ""weight_math"": [2048, 512], ""weight_storage"": [512, 2048], ""output"": [1, 512]}",2097152,0,{},2097152,4096,1024,独立 GEMM：权重与输入各读一次、输出写一次的操作数载荷；不预测 tile 重读。
34,v_proj,linear,"{""input"": [1, 2048], ""weight_math"": [2048, 512], ""weight_storage"": [512, 2048], ""output"": [1, 512]}",2097152,0,{},2097152,4096,1024,独立 GEMM：权重与输入各读一次、输出写一次的操作数载荷；不预测 tile 重读。
34,q_norm,normalization,"{""input"": [32, 128], ""weight"": [128], ""output"": [32, 128]}",0,16416,"{""rsqrt"": 32}",256,8192,8192,按 FP32 行内归约的代数计数；rsqrt、类型转换与临时 FP32 张量分列／不推断 HBM spill。
34,k_norm,normalization,"{""input"": [4, 128], ""weight"": [128], ""output"": [4, 128]}",0,2052,"{""rsqrt"": 4}",256,1024,1024,按 FP32 行内归约的代数计数；rsqrt、类型转换与临时 FP32 张量分列／不推断 HBM spill。
34,apply_rope,position,"{""Q"": [1, 32, 1, 128], ""K"": [1, 4, 1, 128]}",0,13824,"{""negate"": 2304}",0,9728,9216,2 multiply + 1 add/元素，rotate_half 符号翻转分列；表按批／头理想复用。
34,kv_append,state,"{""new_K_and_V_each"": [1, 4, 1, 128]}",0,0,{},0,2048,2048,原位／分页 append 载荷；不假定动态 torch.cat 对旧缓存整段复制。
34,qk,attention,"{""Q"": [1, 32, 1, 128], ""K_shared"": [1, 4, 8193, 128], ""scores_rectangular"": [1, 32, 1, 8193]}",67117056,0,{},0,8397824,1048704,FLOPs 仅有效因果位置；载荷是假定 Q/K 各读一次、GQA 头共享，完整分数矩阵物化。
34,score_scale_mask_softmax,softmax,"{""scores"": [1, 32, 1, 8193]}",0,1048672,"{""exp"": 262176, ""compare_max"": 262144, ""mask_decisions"": 262176}",0,1048704,1048704,选择的融合 scale/mask/softmax 代数工作；屏蔽点不计 exp。物化 FP32 默认概率；非具体 eager trace。
34,pv,attention,"{""P"": [1, 32, 1, 8193], ""V_shared"": [1, 4, 8193, 128], ""output"": [1, 32, 1, 128]}",67117056,0,{},0,9438336,8192,PV/AV：各 Q 头仍计算；V 容量不乘 GQA 复制数。载荷假定 V 在头／查询之间理想复用。
34,o_proj,linear,"{""input"": [1, 4096], ""weight_math"": [4096, 2048], ""weight_storage"": [2048, 4096], ""output"": [1, 2048]}",16777216,0,{},16777216,8192,4096,独立 GEMM：权重与输入各读一次、输出写一次的操作数载荷；不预测 tile 重读。
34,attention_residual,residual,"{""inputs_each"": [1, 2048], ""output"": [1, 2048]}",0,2048,{},0,8192,4096,
34,post_attention_layernorm,normalization,"{""input"": [1, 2048], ""weight"": [2048], ""output"": [1, 2048]}",0,8193,"{""rsqrt"": 1}",4096,4096,4096,按 FP32 行内归约的代数计数；rsqrt、类型转换与临时 FP32 张量分列／不推断 HBM spill。
34,router,linear,"{""input"": [1, 2048], ""weight_math"": [2048, 128], ""weight_storage"": [128, 2048], ""output"": [1, 128]}",524288,0,{},524288,4096,256,独立 GEMM：权重与输入各读一次、输出写一次的操作数载荷；不预测 tile 重读。
34,router_softmax,routing,"{""input"": [1, 128], ""probabilities_fp32"": [1, 128]}",0,383,"{""exp"": 128, ""compare_max"": 127}",0,256,512,"FP32 softmax: subtract max, exp, reduction, divide; casts are not FLOPs."
34,router_topk,routing,"{""input_fp32"": [1, 128], ""values_fp32"": [1, 8], ""indices_int64"": [1, 8]}",0,0,"{""topk_rows"": 1, ""topk_candidates"": 128}",0,512,96,Top-k is an explicit selection primitive; candidate counts are not comparisons or FLOPs. Backend selection algorithm is unspecified.
34,router_renormalize_cast,routing,"{""selected_probabilities"": [1, 8]}",0,15,{},0,32,16,"Selected probabilities are renormalized if norm_topk_prob, then cast to activation dtype; row reduction assumed on-chip."
34,routing_one_hot,routing_metadata,"{""selected_int64"": [1, 8], ""mask_int64"": [1, 8, 128]}",0,0,"{""one_hot_entries"": 1024}",0,64,8192,Pinned HF reference materializes one_hot int64; this large routing mask is not assumed in optimized dispatch.
34,routing_where,routing_metadata,"{""mask_int64"": [128, 8, 1], ""top_x_and_slot_each"": [8]}",0,0,"{""integer_nonzero_tests"": 1024}",0,8192,128,Scan each expert mask; two int64 coordinates per assignment. Permute is a view.
34,expert_gather,routing,"{""source"": [1, 2048], ""gathered_rows"": [8, 2048]}",0,0,{},0,32832,32768,Logical gathers summed over experts; n_e and each concrete GEMM shape are in expert_matrices.
34,expert_gate_proj,linear,"{""input_per_expert"": [""n_e"", 2048], ""weight_storage_each"": [768, 2048], ""output_per_expert"": [""n_e"", 768], ""nonempty_experts"": 8, ""tokens_per_expert"": [1, 1, 1, 1, 1, 1, 1, 1, 0, 0, 0, 0, 0, 0, 0, 0, 0, 0, 0, 0, 0, 0, 0, 0, 0, 0, 0, 0, 0, 0, 0, 0, 0, 0, 0, 0, 0, 0, 0, 0, 0, 0, 0, 0, 0, 0, 0, 0, 0, 0, 0, 0, 0, 0, 0, 0, 0, 0, 0, 0, 0, 0, 0, 0, 0, 0, 0, 0, 0, 0, 0, 0, 0, 0, 0, 0, 0, 0, 0, 0, 0, 0, 0, 0, 0, 0, 0, 0, 0, 0, 0, 0, 0, 0, 0, 0, 0, 0, 0, 0, 0, 0, 0, 0, 0, 0, 0, 0, 0, 0, 0, 0, 0, 0, 0, 0, 0, 0, 0, 0, 0, 0, 0, 0, 0, 0, 0, 0]}",25165824,0,{},25165824,32768,12288,"Sum of unpadded per-expert GEMMs; each visited expert weight read once per layer, not once per token."
34,expert_up_proj,linear,"{""input_per_expert"": [""n_e"", 2048], ""weight_storage_each"": [768, 2048], ""output_per_expert"": [""n_e"", 768], ""nonempty_experts"": 8, ""tokens_per_expert"": [1, 1, 1, 1, 1, 1, 1, 1, 0, 0, 0, 0, 0, 0, 0, 0, 0, 0, 0, 0, 0, 0, 0, 0, 0, 0, 0, 0, 0, 0, 0, 0, 0, 0, 0, 0, 0, 0, 0, 0, 0, 0, 0, 0, 0, 0, 0, 0, 0, 0, 0, 0, 0, 0, 0, 0, 0, 0, 0, 0, 0, 0, 0, 0, 0, 0, 0, 0, 0, 0, 0, 0, 0, 0, 0, 0, 0, 0, 0, 0, 0, 0, 0, 0, 0, 0, 0, 0, 0, 0, 0, 0, 0, 0, 0, 0, 0, 0, 0, 0, 0, 0, 0, 0, 0, 0, 0, 0, 0, 0, 0, 0, 0, 0, 0, 0, 0, 0, 0, 0, 0, 0, 0, 0, 0, 0, 0, 0]}",25165824,0,{},25165824,32768,12288,"Sum of unpadded per-expert GEMMs; each visited expert weight read once per layer, not once per token."
34,expert_silu_mul,activation,"{""gate_and_up_each"": [8, 768]}",0,24576,"{""exp"": 6144, ""negate"": 6144}",0,24576,12288,
34,expert_down_proj,linear,"{""input_per_expert"": [""n_e"", 768], ""weight_storage_each"": [2048, 768], ""output_per_expert"": [""n_e"", 2048], ""nonempty_experts"": 8, ""tokens_per_expert"": [1, 1, 1, 1, 1, 1, 1, 1, 0, 0, 0, 0, 0, 0, 0, 0, 0, 0, 0, 0, 0, 0, 0, 0, 0, 0, 0, 0, 0, 0, 0, 0, 0, 0, 0, 0, 0, 0, 0, 0, 0, 0, 0, 0, 0, 0, 0, 0, 0, 0, 0, 0, 0, 0, 0, 0, 0, 0, 0, 0, 0, 0, 0, 0, 0, 0, 0, 0, 0, 0, 0, 0, 0, 0, 0, 0, 0, 0, 0, 0, 0, 0, 0, 0, 0, 0, 0, 0, 0, 0, 0, 0, 0, 0, 0, 0, 0, 0, 0, 0, 0, 0, 0, 0, 0, 0, 0, 0, 0, 0, 0, 0, 0, 0, 0, 0, 0, 0, 0, 0, 0, 0, 0, 0, 0, 0, 0, 0]}",25165824,0,{},25165824,12288,32768,Unpadded per-expert GEMMs; empty experts have zero arithmetic and no weight payload.
34,expert_probability_multiply,routing,"{""expert_outputs"": [8, 2048], ""routing_weights"": [8]}",0,16384,{},0,32912,32768,Probability broadcast reuses one value per assignment; int64 token/slot indices included.
34,expert_output_zero,routing,"{""output"": [1, 2048]}",0,0,{},0,0,4096,Reference initializes final_hidden_states to zero.
34,expert_index_add,routing,"{""weighted_outputs"": [8, 2048], ""combined_output"": [1, 2048]}",0,16384,{},0,65600,32768,"Reference index_add includes the first add into zero; destination read/update per assignment is logical payload, not measured HBM."
34,ffn_residual,residual,"{""inputs_each"": [1, 2048], ""output"": [1, 2048]}",0,2048,{},0,8192,4096,
35,input_layernorm,normalization,"{""input"": [1, 2048], ""weight"": [2048], ""output"": [1, 2048]}",0,8193,"{""rsqrt"": 1}",4096,4096,4096,按 FP32 行内归约的代数计数；rsqrt、类型转换与临时 FP32 张量分列／不推断 HBM spill。
35,q_proj,linear,"{""input"": [1, 2048], ""weight_math"": [2048, 4096], ""weight_storage"": [4096, 2048], ""output"": [1, 4096]}",16777216,0,{},16777216,4096,8192,独立 GEMM：权重与输入各读一次、输出写一次的操作数载荷；不预测 tile 重读。
35,k_proj,linear,"{""input"": [1, 2048], ""weight_math"": [2048, 512], ""weight_storage"": [512, 2048], ""output"": [1, 512]}",2097152,0,{},2097152,4096,1024,独立 GEMM：权重与输入各读一次、输出写一次的操作数载荷；不预测 tile 重读。
35,v_proj,linear,"{""input"": [1, 2048], ""weight_math"": [2048, 512], ""weight_storage"": [512, 2048], ""output"": [1, 512]}",2097152,0,{},2097152,4096,1024,独立 GEMM：权重与输入各读一次、输出写一次的操作数载荷；不预测 tile 重读。
35,q_norm,normalization,"{""input"": [32, 128], ""weight"": [128], ""output"": [32, 128]}",0,16416,"{""rsqrt"": 32}",256,8192,8192,按 FP32 行内归约的代数计数；rsqrt、类型转换与临时 FP32 张量分列／不推断 HBM spill。
35,k_norm,normalization,"{""input"": [4, 128], ""weight"": [128], ""output"": [4, 128]}",0,2052,"{""rsqrt"": 4}",256,1024,1024,按 FP32 行内归约的代数计数；rsqrt、类型转换与临时 FP32 张量分列／不推断 HBM spill。
35,apply_rope,position,"{""Q"": [1, 32, 1, 128], ""K"": [1, 4, 1, 128]}",0,13824,"{""negate"": 2304}",0,9728,9216,2 multiply + 1 add/元素，rotate_half 符号翻转分列；表按批／头理想复用。
35,kv_append,state,"{""new_K_and_V_each"": [1, 4, 1, 128]}",0,0,{},0,2048,2048,原位／分页 append 载荷；不假定动态 torch.cat 对旧缓存整段复制。
35,qk,attention,"{""Q"": [1, 32, 1, 128], ""K_shared"": [1, 4, 8193, 128], ""scores_rectangular"": [1, 32, 1, 8193]}",67117056,0,{},0,8397824,1048704,FLOPs 仅有效因果位置；载荷是假定 Q/K 各读一次、GQA 头共享，完整分数矩阵物化。
35,score_scale_mask_softmax,softmax,"{""scores"": [1, 32, 1, 8193]}",0,1048672,"{""exp"": 262176, ""compare_max"": 262144, ""mask_decisions"": 262176}",0,1048704,1048704,选择的融合 scale/mask/softmax 代数工作；屏蔽点不计 exp。物化 FP32 默认概率；非具体 eager trace。
35,pv,attention,"{""P"": [1, 32, 1, 8193], ""V_shared"": [1, 4, 8193, 128], ""output"": [1, 32, 1, 128]}",67117056,0,{},0,9438336,8192,PV/AV：各 Q 头仍计算；V 容量不乘 GQA 复制数。载荷假定 V 在头／查询之间理想复用。
35,o_proj,linear,"{""input"": [1, 4096], ""weight_math"": [4096, 2048], ""weight_storage"": [2048, 4096], ""output"": [1, 2048]}",16777216,0,{},16777216,8192,4096,独立 GEMM：权重与输入各读一次、输出写一次的操作数载荷；不预测 tile 重读。
35,attention_residual,residual,"{""inputs_each"": [1, 2048], ""output"": [1, 2048]}",0,2048,{},0,8192,4096,
35,post_attention_layernorm,normalization,"{""input"": [1, 2048], ""weight"": [2048], ""output"": [1, 2048]}",0,8193,"{""rsqrt"": 1}",4096,4096,4096,按 FP32 行内归约的代数计数；rsqrt、类型转换与临时 FP32 张量分列／不推断 HBM spill。
35,router,linear,"{""input"": [1, 2048], ""weight_math"": [2048, 128], ""weight_storage"": [128, 2048], ""output"": [1, 128]}",524288,0,{},524288,4096,256,独立 GEMM：权重与输入各读一次、输出写一次的操作数载荷；不预测 tile 重读。
35,router_softmax,routing,"{""input"": [1, 128], ""probabilities_fp32"": [1, 128]}",0,383,"{""exp"": 128, ""compare_max"": 127}",0,256,512,"FP32 softmax: subtract max, exp, reduction, divide; casts are not FLOPs."
35,router_topk,routing,"{""input_fp32"": [1, 128], ""values_fp32"": [1, 8], ""indices_int64"": [1, 8]}",0,0,"{""topk_rows"": 1, ""topk_candidates"": 128}",0,512,96,Top-k is an explicit selection primitive; candidate counts are not comparisons or FLOPs. Backend selection algorithm is unspecified.
35,router_renormalize_cast,routing,"{""selected_probabilities"": [1, 8]}",0,15,{},0,32,16,"Selected probabilities are renormalized if norm_topk_prob, then cast to activation dtype; row reduction assumed on-chip."
35,routing_one_hot,routing_metadata,"{""selected_int64"": [1, 8], ""mask_int64"": [1, 8, 128]}",0,0,"{""one_hot_entries"": 1024}",0,64,8192,Pinned HF reference materializes one_hot int64; this large routing mask is not assumed in optimized dispatch.
35,routing_where,routing_metadata,"{""mask_int64"": [128, 8, 1], ""top_x_and_slot_each"": [8]}",0,0,"{""integer_nonzero_tests"": 1024}",0,8192,128,Scan each expert mask; two int64 coordinates per assignment. Permute is a view.
35,expert_gather,routing,"{""source"": [1, 2048], ""gathered_rows"": [8, 2048]}",0,0,{},0,32832,32768,Logical gathers summed over experts; n_e and each concrete GEMM shape are in expert_matrices.
35,expert_gate_proj,linear,"{""input_per_expert"": [""n_e"", 2048], ""weight_storage_each"": [768, 2048], ""output_per_expert"": [""n_e"", 768], ""nonempty_experts"": 8, ""tokens_per_expert"": [1, 1, 1, 1, 1, 1, 1, 1, 0, 0, 0, 0, 0, 0, 0, 0, 0, 0, 0, 0, 0, 0, 0, 0, 0, 0, 0, 0, 0, 0, 0, 0, 0, 0, 0, 0, 0, 0, 0, 0, 0, 0, 0, 0, 0, 0, 0, 0, 0, 0, 0, 0, 0, 0, 0, 0, 0, 0, 0, 0, 0, 0, 0, 0, 0, 0, 0, 0, 0, 0, 0, 0, 0, 0, 0, 0, 0, 0, 0, 0, 0, 0, 0, 0, 0, 0, 0, 0, 0, 0, 0, 0, 0, 0, 0, 0, 0, 0, 0, 0, 0, 0, 0, 0, 0, 0, 0, 0, 0, 0, 0, 0, 0, 0, 0, 0, 0, 0, 0, 0, 0, 0, 0, 0, 0, 0, 0, 0]}",25165824,0,{},25165824,32768,12288,"Sum of unpadded per-expert GEMMs; each visited expert weight read once per layer, not once per token."
35,expert_up_proj,linear,"{""input_per_expert"": [""n_e"", 2048], ""weight_storage_each"": [768, 2048], ""output_per_expert"": [""n_e"", 768], ""nonempty_experts"": 8, ""tokens_per_expert"": [1, 1, 1, 1, 1, 1, 1, 1, 0, 0, 0, 0, 0, 0, 0, 0, 0, 0, 0, 0, 0, 0, 0, 0, 0, 0, 0, 0, 0, 0, 0, 0, 0, 0, 0, 0, 0, 0, 0, 0, 0, 0, 0, 0, 0, 0, 0, 0, 0, 0, 0, 0, 0, 0, 0, 0, 0, 0, 0, 0, 0, 0, 0, 0, 0, 0, 0, 0, 0, 0, 0, 0, 0, 0, 0, 0, 0, 0, 0, 0, 0, 0, 0, 0, 0, 0, 0, 0, 0, 0, 0, 0, 0, 0, 0, 0, 0, 0, 0, 0, 0, 0, 0, 0, 0, 0, 0, 0, 0, 0, 0, 0, 0, 0, 0, 0, 0, 0, 0, 0, 0, 0, 0, 0, 0, 0, 0, 0]}",25165824,0,{},25165824,32768,12288,"Sum of unpadded per-expert GEMMs; each visited expert weight read once per layer, not once per token."
35,expert_silu_mul,activation,"{""gate_and_up_each"": [8, 768]}",0,24576,"{""exp"": 6144, ""negate"": 6144}",0,24576,12288,
35,expert_down_proj,linear,"{""input_per_expert"": [""n_e"", 768], ""weight_storage_each"": [2048, 768], ""output_per_expert"": [""n_e"", 2048], ""nonempty_experts"": 8, ""tokens_per_expert"": [1, 1, 1, 1, 1, 1, 1, 1, 0, 0, 0, 0, 0, 0, 0, 0, 0, 0, 0, 0, 0, 0, 0, 0, 0, 0, 0, 0, 0, 0, 0, 0, 0, 0, 0, 0, 0, 0, 0, 0, 0, 0, 0, 0, 0, 0, 0, 0, 0, 0, 0, 0, 0, 0, 0, 0, 0, 0, 0, 0, 0, 0, 0, 0, 0, 0, 0, 0, 0, 0, 0, 0, 0, 0, 0, 0, 0, 0, 0, 0, 0, 0, 0, 0, 0, 0, 0, 0, 0, 0, 0, 0, 0, 0, 0, 0, 0, 0, 0, 0, 0, 0, 0, 0, 0, 0, 0, 0, 0, 0, 0, 0, 0, 0, 0, 0, 0, 0, 0, 0, 0, 0, 0, 0, 0, 0, 0, 0]}",25165824,0,{},25165824,12288,32768,Unpadded per-expert GEMMs; empty experts have zero arithmetic and no weight payload.
35,expert_probability_multiply,routing,"{""expert_outputs"": [8, 2048], ""routing_weights"": [8]}",0,16384,{},0,32912,32768,Probability broadcast reuses one value per assignment; int64 token/slot indices included.
35,expert_output_zero,routing,"{""output"": [1, 2048]}",0,0,{},0,0,4096,Reference initializes final_hidden_states to zero.
35,expert_index_add,routing,"{""weighted_outputs"": [8, 2048], ""combined_output"": [1, 2048]}",0,16384,{},0,65600,32768,"Reference index_add includes the first add into zero; destination read/update per assignment is logical payload, not measured HBM."
35,ffn_residual,residual,"{""inputs_each"": [1, 2048], ""output"": [1, 2048]}",0,2048,{},0,8192,4096,
36,input_layernorm,normalization,"{""input"": [1, 2048], ""weight"": [2048], ""output"": [1, 2048]}",0,8193,"{""rsqrt"": 1}",4096,4096,4096,按 FP32 行内归约的代数计数；rsqrt、类型转换与临时 FP32 张量分列／不推断 HBM spill。
36,q_proj,linear,"{""input"": [1, 2048], ""weight_math"": [2048, 4096], ""weight_storage"": [4096, 2048], ""output"": [1, 4096]}",16777216,0,{},16777216,4096,8192,独立 GEMM：权重与输入各读一次、输出写一次的操作数载荷；不预测 tile 重读。
36,k_proj,linear,"{""input"": [1, 2048], ""weight_math"": [2048, 512], ""weight_storage"": [512, 2048], ""output"": [1, 512]}",2097152,0,{},2097152,4096,1024,独立 GEMM：权重与输入各读一次、输出写一次的操作数载荷；不预测 tile 重读。
36,v_proj,linear,"{""input"": [1, 2048], ""weight_math"": [2048, 512], ""weight_storage"": [512, 2048], ""output"": [1, 512]}",2097152,0,{},2097152,4096,1024,独立 GEMM：权重与输入各读一次、输出写一次的操作数载荷；不预测 tile 重读。
36,q_norm,normalization,"{""input"": [32, 128], ""weight"": [128], ""output"": [32, 128]}",0,16416,"{""rsqrt"": 32}",256,8192,8192,按 FP32 行内归约的代数计数；rsqrt、类型转换与临时 FP32 张量分列／不推断 HBM spill。
36,k_norm,normalization,"{""input"": [4, 128], ""weight"": [128], ""output"": [4, 128]}",0,2052,"{""rsqrt"": 4}",256,1024,1024,按 FP32 行内归约的代数计数；rsqrt、类型转换与临时 FP32 张量分列／不推断 HBM spill。
36,apply_rope,position,"{""Q"": [1, 32, 1, 128], ""K"": [1, 4, 1, 128]}",0,13824,"{""negate"": 2304}",0,9728,9216,2 multiply + 1 add/元素，rotate_half 符号翻转分列；表按批／头理想复用。
36,kv_append,state,"{""new_K_and_V_each"": [1, 4, 1, 128]}",0,0,{},0,2048,2048,原位／分页 append 载荷；不假定动态 torch.cat 对旧缓存整段复制。
36,qk,attention,"{""Q"": [1, 32, 1, 128], ""K_shared"": [1, 4, 8193, 128], ""scores_rectangular"": [1, 32, 1, 8193]}",67117056,0,{},0,8397824,1048704,FLOPs 仅有效因果位置；载荷是假定 Q/K 各读一次、GQA 头共享，完整分数矩阵物化。
36,score_scale_mask_softmax,softmax,"{""scores"": [1, 32, 1, 8193]}",0,1048672,"{""exp"": 262176, ""compare_max"": 262144, ""mask_decisions"": 262176}",0,1048704,1048704,选择的融合 scale/mask/softmax 代数工作；屏蔽点不计 exp。物化 FP32 默认概率；非具体 eager trace。
36,pv,attention,"{""P"": [1, 32, 1, 8193], ""V_shared"": [1, 4, 8193, 128], ""output"": [1, 32, 1, 128]}",67117056,0,{},0,9438336,8192,PV/AV：各 Q 头仍计算；V 容量不乘 GQA 复制数。载荷假定 V 在头／查询之间理想复用。
36,o_proj,linear,"{""input"": [1, 4096], ""weight_math"": [4096, 2048], ""weight_storage"": [2048, 4096], ""output"": [1, 2048]}",16777216,0,{},16777216,8192,4096,独立 GEMM：权重与输入各读一次、输出写一次的操作数载荷；不预测 tile 重读。
36,attention_residual,residual,"{""inputs_each"": [1, 2048], ""output"": [1, 2048]}",0,2048,{},0,8192,4096,
36,post_attention_layernorm,normalization,"{""input"": [1, 2048], ""weight"": [2048], ""output"": [1, 2048]}",0,8193,"{""rsqrt"": 1}",4096,4096,4096,按 FP32 行内归约的代数计数；rsqrt、类型转换与临时 FP32 张量分列／不推断 HBM spill。
36,router,linear,"{""input"": [1, 2048], ""weight_math"": [2048, 128], ""weight_storage"": [128, 2048], ""output"": [1, 128]}",524288,0,{},524288,4096,256,独立 GEMM：权重与输入各读一次、输出写一次的操作数载荷；不预测 tile 重读。
36,router_softmax,routing,"{""input"": [1, 128], ""probabilities_fp32"": [1, 128]}",0,383,"{""exp"": 128, ""compare_max"": 127}",0,256,512,"FP32 softmax: subtract max, exp, reduction, divide; casts are not FLOPs."
36,router_topk,routing,"{""input_fp32"": [1, 128], ""values_fp32"": [1, 8], ""indices_int64"": [1, 8]}",0,0,"{""topk_rows"": 1, ""topk_candidates"": 128}",0,512,96,Top-k is an explicit selection primitive; candidate counts are not comparisons or FLOPs. Backend selection algorithm is unspecified.
36,router_renormalize_cast,routing,"{""selected_probabilities"": [1, 8]}",0,15,{},0,32,16,"Selected probabilities are renormalized if norm_topk_prob, then cast to activation dtype; row reduction assumed on-chip."
36,routing_one_hot,routing_metadata,"{""selected_int64"": [1, 8], ""mask_int64"": [1, 8, 128]}",0,0,"{""one_hot_entries"": 1024}",0,64,8192,Pinned HF reference materializes one_hot int64; this large routing mask is not assumed in optimized dispatch.
36,routing_where,routing_metadata,"{""mask_int64"": [128, 8, 1], ""top_x_and_slot_each"": [8]}",0,0,"{""integer_nonzero_tests"": 1024}",0,8192,128,Scan each expert mask; two int64 coordinates per assignment. Permute is a view.
36,expert_gather,routing,"{""source"": [1, 2048], ""gathered_rows"": [8, 2048]}",0,0,{},0,32832,32768,Logical gathers summed over experts; n_e and each concrete GEMM shape are in expert_matrices.
36,expert_gate_proj,linear,"{""input_per_expert"": [""n_e"", 2048], ""weight_storage_each"": [768, 2048], ""output_per_expert"": [""n_e"", 768], ""nonempty_experts"": 8, ""tokens_per_expert"": [1, 1, 1, 1, 1, 1, 1, 1, 0, 0, 0, 0, 0, 0, 0, 0, 0, 0, 0, 0, 0, 0, 0, 0, 0, 0, 0, 0, 0, 0, 0, 0, 0, 0, 0, 0, 0, 0, 0, 0, 0, 0, 0, 0, 0, 0, 0, 0, 0, 0, 0, 0, 0, 0, 0, 0, 0, 0, 0, 0, 0, 0, 0, 0, 0, 0, 0, 0, 0, 0, 0, 0, 0, 0, 0, 0, 0, 0, 0, 0, 0, 0, 0, 0, 0, 0, 0, 0, 0, 0, 0, 0, 0, 0, 0, 0, 0, 0, 0, 0, 0, 0, 0, 0, 0, 0, 0, 0, 0, 0, 0, 0, 0, 0, 0, 0, 0, 0, 0, 0, 0, 0, 0, 0, 0, 0, 0, 0]}",25165824,0,{},25165824,32768,12288,"Sum of unpadded per-expert GEMMs; each visited expert weight read once per layer, not once per token."
36,expert_up_proj,linear,"{""input_per_expert"": [""n_e"", 2048], ""weight_storage_each"": [768, 2048], ""output_per_expert"": [""n_e"", 768], ""nonempty_experts"": 8, ""tokens_per_expert"": [1, 1, 1, 1, 1, 1, 1, 1, 0, 0, 0, 0, 0, 0, 0, 0, 0, 0, 0, 0, 0, 0, 0, 0, 0, 0, 0, 0, 0, 0, 0, 0, 0, 0, 0, 0, 0, 0, 0, 0, 0, 0, 0, 0, 0, 0, 0, 0, 0, 0, 0, 0, 0, 0, 0, 0, 0, 0, 0, 0, 0, 0, 0, 0, 0, 0, 0, 0, 0, 0, 0, 0, 0, 0, 0, 0, 0, 0, 0, 0, 0, 0, 0, 0, 0, 0, 0, 0, 0, 0, 0, 0, 0, 0, 0, 0, 0, 0, 0, 0, 0, 0, 0, 0, 0, 0, 0, 0, 0, 0, 0, 0, 0, 0, 0, 0, 0, 0, 0, 0, 0, 0, 0, 0, 0, 0, 0, 0]}",25165824,0,{},25165824,32768,12288,"Sum of unpadded per-expert GEMMs; each visited expert weight read once per layer, not once per token."
36,expert_silu_mul,activation,"{""gate_and_up_each"": [8, 768]}",0,24576,"{""exp"": 6144, ""negate"": 6144}",0,24576,12288,
36,expert_down_proj,linear,"{""input_per_expert"": [""n_e"", 768], ""weight_storage_each"": [2048, 768], ""output_per_expert"": [""n_e"", 2048], ""nonempty_experts"": 8, ""tokens_per_expert"": [1, 1, 1, 1, 1, 1, 1, 1, 0, 0, 0, 0, 0, 0, 0, 0, 0, 0, 0, 0, 0, 0, 0, 0, 0, 0, 0, 0, 0, 0, 0, 0, 0, 0, 0, 0, 0, 0, 0, 0, 0, 0, 0, 0, 0, 0, 0, 0, 0, 0, 0, 0, 0, 0, 0, 0, 0, 0, 0, 0, 0, 0, 0, 0, 0, 0, 0, 0, 0, 0, 0, 0, 0, 0, 0, 0, 0, 0, 0, 0, 0, 0, 0, 0, 0, 0, 0, 0, 0, 0, 0, 0, 0, 0, 0, 0, 0, 0, 0, 0, 0, 0, 0, 0, 0, 0, 0, 0, 0, 0, 0, 0, 0, 0, 0, 0, 0, 0, 0, 0, 0, 0, 0, 0, 0, 0, 0, 0]}",25165824,0,{},25165824,12288,32768,Unpadded per-expert GEMMs; empty experts have zero arithmetic and no weight payload.
36,expert_probability_multiply,routing,"{""expert_outputs"": [8, 2048], ""routing_weights"": [8]}",0,16384,{},0,32912,32768,Probability broadcast reuses one value per assignment; int64 token/slot indices included.
36,expert_output_zero,routing,"{""output"": [1, 2048]}",0,0,{},0,0,4096,Reference initializes final_hidden_states to zero.
36,expert_index_add,routing,"{""weighted_outputs"": [8, 2048], ""combined_output"": [1, 2048]}",0,16384,{},0,65600,32768,"Reference index_add includes the first add into zero; destination read/update per assignment is logical payload, not measured HBM."
36,ffn_residual,residual,"{""inputs_each"": [1, 2048], ""output"": [1, 2048]}",0,2048,{},0,8192,4096,
37,input_layernorm,normalization,"{""input"": [1, 2048], ""weight"": [2048], ""output"": [1, 2048]}",0,8193,"{""rsqrt"": 1}",4096,4096,4096,按 FP32 行内归约的代数计数；rsqrt、类型转换与临时 FP32 张量分列／不推断 HBM spill。
37,q_proj,linear,"{""input"": [1, 2048], ""weight_math"": [2048, 4096], ""weight_storage"": [4096, 2048], ""output"": [1, 4096]}",16777216,0,{},16777216,4096,8192,独立 GEMM：权重与输入各读一次、输出写一次的操作数载荷；不预测 tile 重读。
37,k_proj,linear,"{""input"": [1, 2048], ""weight_math"": [2048, 512], ""weight_storage"": [512, 2048], ""output"": [1, 512]}",2097152,0,{},2097152,4096,1024,独立 GEMM：权重与输入各读一次、输出写一次的操作数载荷；不预测 tile 重读。
37,v_proj,linear,"{""input"": [1, 2048], ""weight_math"": [2048, 512], ""weight_storage"": [512, 2048], ""output"": [1, 512]}",2097152,0,{},2097152,4096,1024,独立 GEMM：权重与输入各读一次、输出写一次的操作数载荷；不预测 tile 重读。
37,q_norm,normalization,"{""input"": [32, 128], ""weight"": [128], ""output"": [32, 128]}",0,16416,"{""rsqrt"": 32}",256,8192,8192,按 FP32 行内归约的代数计数；rsqrt、类型转换与临时 FP32 张量分列／不推断 HBM spill。
37,k_norm,normalization,"{""input"": [4, 128], ""weight"": [128], ""output"": [4, 128]}",0,2052,"{""rsqrt"": 4}",256,1024,1024,按 FP32 行内归约的代数计数；rsqrt、类型转换与临时 FP32 张量分列／不推断 HBM spill。
37,apply_rope,position,"{""Q"": [1, 32, 1, 128], ""K"": [1, 4, 1, 128]}",0,13824,"{""negate"": 2304}",0,9728,9216,2 multiply + 1 add/元素，rotate_half 符号翻转分列；表按批／头理想复用。
37,kv_append,state,"{""new_K_and_V_each"": [1, 4, 1, 128]}",0,0,{},0,2048,2048,原位／分页 append 载荷；不假定动态 torch.cat 对旧缓存整段复制。
37,qk,attention,"{""Q"": [1, 32, 1, 128], ""K_shared"": [1, 4, 8193, 128], ""scores_rectangular"": [1, 32, 1, 8193]}",67117056,0,{},0,8397824,1048704,FLOPs 仅有效因果位置；载荷是假定 Q/K 各读一次、GQA 头共享，完整分数矩阵物化。
37,score_scale_mask_softmax,softmax,"{""scores"": [1, 32, 1, 8193]}",0,1048672,"{""exp"": 262176, ""compare_max"": 262144, ""mask_decisions"": 262176}",0,1048704,1048704,选择的融合 scale/mask/softmax 代数工作；屏蔽点不计 exp。物化 FP32 默认概率；非具体 eager trace。
37,pv,attention,"{""P"": [1, 32, 1, 8193], ""V_shared"": [1, 4, 8193, 128], ""output"": [1, 32, 1, 128]}",67117056,0,{},0,9438336,8192,PV/AV：各 Q 头仍计算；V 容量不乘 GQA 复制数。载荷假定 V 在头／查询之间理想复用。
37,o_proj,linear,"{""input"": [1, 4096], ""weight_math"": [4096, 2048], ""weight_storage"": [2048, 4096], ""output"": [1, 2048]}",16777216,0,{},16777216,8192,4096,独立 GEMM：权重与输入各读一次、输出写一次的操作数载荷；不预测 tile 重读。
37,attention_residual,residual,"{""inputs_each"": [1, 2048], ""output"": [1, 2048]}",0,2048,{},0,8192,4096,
37,post_attention_layernorm,normalization,"{""input"": [1, 2048], ""weight"": [2048], ""output"": [1, 2048]}",0,8193,"{""rsqrt"": 1}",4096,4096,4096,按 FP32 行内归约的代数计数；rsqrt、类型转换与临时 FP32 张量分列／不推断 HBM spill。
37,router,linear,"{""input"": [1, 2048], ""weight_math"": [2048, 128], ""weight_storage"": [128, 2048], ""output"": [1, 128]}",524288,0,{},524288,4096,256,独立 GEMM：权重与输入各读一次、输出写一次的操作数载荷；不预测 tile 重读。
37,router_softmax,routing,"{""input"": [1, 128], ""probabilities_fp32"": [1, 128]}",0,383,"{""exp"": 128, ""compare_max"": 127}",0,256,512,"FP32 softmax: subtract max, exp, reduction, divide; casts are not FLOPs."
37,router_topk,routing,"{""input_fp32"": [1, 128], ""values_fp32"": [1, 8], ""indices_int64"": [1, 8]}",0,0,"{""topk_rows"": 1, ""topk_candidates"": 128}",0,512,96,Top-k is an explicit selection primitive; candidate counts are not comparisons or FLOPs. Backend selection algorithm is unspecified.
37,router_renormalize_cast,routing,"{""selected_probabilities"": [1, 8]}",0,15,{},0,32,16,"Selected probabilities are renormalized if norm_topk_prob, then cast to activation dtype; row reduction assumed on-chip."
37,routing_one_hot,routing_metadata,"{""selected_int64"": [1, 8], ""mask_int64"": [1, 8, 128]}",0,0,"{""one_hot_entries"": 1024}",0,64,8192,Pinned HF reference materializes one_hot int64; this large routing mask is not assumed in optimized dispatch.
37,routing_where,routing_metadata,"{""mask_int64"": [128, 8, 1], ""top_x_and_slot_each"": [8]}",0,0,"{""integer_nonzero_tests"": 1024}",0,8192,128,Scan each expert mask; two int64 coordinates per assignment. Permute is a view.
37,expert_gather,routing,"{""source"": [1, 2048], ""gathered_rows"": [8, 2048]}",0,0,{},0,32832,32768,Logical gathers summed over experts; n_e and each concrete GEMM shape are in expert_matrices.
37,expert_gate_proj,linear,"{""input_per_expert"": [""n_e"", 2048], ""weight_storage_each"": [768, 2048], ""output_per_expert"": [""n_e"", 768], ""nonempty_experts"": 8, ""tokens_per_expert"": [1, 1, 1, 1, 1, 1, 1, 1, 0, 0, 0, 0, 0, 0, 0, 0, 0, 0, 0, 0, 0, 0, 0, 0, 0, 0, 0, 0, 0, 0, 0, 0, 0, 0, 0, 0, 0, 0, 0, 0, 0, 0, 0, 0, 0, 0, 0, 0, 0, 0, 0, 0, 0, 0, 0, 0, 0, 0, 0, 0, 0, 0, 0, 0, 0, 0, 0, 0, 0, 0, 0, 0, 0, 0, 0, 0, 0, 0, 0, 0, 0, 0, 0, 0, 0, 0, 0, 0, 0, 0, 0, 0, 0, 0, 0, 0, 0, 0, 0, 0, 0, 0, 0, 0, 0, 0, 0, 0, 0, 0, 0, 0, 0, 0, 0, 0, 0, 0, 0, 0, 0, 0, 0, 0, 0, 0, 0, 0]}",25165824,0,{},25165824,32768,12288,"Sum of unpadded per-expert GEMMs; each visited expert weight read once per layer, not once per token."
37,expert_up_proj,linear,"{""input_per_expert"": [""n_e"", 2048], ""weight_storage_each"": [768, 2048], ""output_per_expert"": [""n_e"", 768], ""nonempty_experts"": 8, ""tokens_per_expert"": [1, 1, 1, 1, 1, 1, 1, 1, 0, 0, 0, 0, 0, 0, 0, 0, 0, 0, 0, 0, 0, 0, 0, 0, 0, 0, 0, 0, 0, 0, 0, 0, 0, 0, 0, 0, 0, 0, 0, 0, 0, 0, 0, 0, 0, 0, 0, 0, 0, 0, 0, 0, 0, 0, 0, 0, 0, 0, 0, 0, 0, 0, 0, 0, 0, 0, 0, 0, 0, 0, 0, 0, 0, 0, 0, 0, 0, 0, 0, 0, 0, 0, 0, 0, 0, 0, 0, 0, 0, 0, 0, 0, 0, 0, 0, 0, 0, 0, 0, 0, 0, 0, 0, 0, 0, 0, 0, 0, 0, 0, 0, 0, 0, 0, 0, 0, 0, 0, 0, 0, 0, 0, 0, 0, 0, 0, 0, 0]}",25165824,0,{},25165824,32768,12288,"Sum of unpadded per-expert GEMMs; each visited expert weight read once per layer, not once per token."
37,expert_silu_mul,activation,"{""gate_and_up_each"": [8, 768]}",0,24576,"{""exp"": 6144, ""negate"": 6144}",0,24576,12288,
37,expert_down_proj,linear,"{""input_per_expert"": [""n_e"", 768], ""weight_storage_each"": [2048, 768], ""output_per_expert"": [""n_e"", 2048], ""nonempty_experts"": 8, ""tokens_per_expert"": [1, 1, 1, 1, 1, 1, 1, 1, 0, 0, 0, 0, 0, 0, 0, 0, 0, 0, 0, 0, 0, 0, 0, 0, 0, 0, 0, 0, 0, 0, 0, 0, 0, 0, 0, 0, 0, 0, 0, 0, 0, 0, 0, 0, 0, 0, 0, 0, 0, 0, 0, 0, 0, 0, 0, 0, 0, 0, 0, 0, 0, 0, 0, 0, 0, 0, 0, 0, 0, 0, 0, 0, 0, 0, 0, 0, 0, 0, 0, 0, 0, 0, 0, 0, 0, 0, 0, 0, 0, 0, 0, 0, 0, 0, 0, 0, 0, 0, 0, 0, 0, 0, 0, 0, 0, 0, 0, 0, 0, 0, 0, 0, 0, 0, 0, 0, 0, 0, 0, 0, 0, 0, 0, 0, 0, 0, 0, 0]}",25165824,0,{},25165824,12288,32768,Unpadded per-expert GEMMs; empty experts have zero arithmetic and no weight payload.
37,expert_probability_multiply,routing,"{""expert_outputs"": [8, 2048], ""routing_weights"": [8]}",0,16384,{},0,32912,32768,Probability broadcast reuses one value per assignment; int64 token/slot indices included.
37,expert_output_zero,routing,"{""output"": [1, 2048]}",0,0,{},0,0,4096,Reference initializes final_hidden_states to zero.
37,expert_index_add,routing,"{""weighted_outputs"": [8, 2048], ""combined_output"": [1, 2048]}",0,16384,{},0,65600,32768,"Reference index_add includes the first add into zero; destination read/update per assignment is logical payload, not measured HBM."
37,ffn_residual,residual,"{""inputs_each"": [1, 2048], ""output"": [1, 2048]}",0,2048,{},0,8192,4096,
38,input_layernorm,normalization,"{""input"": [1, 2048], ""weight"": [2048], ""output"": [1, 2048]}",0,8193,"{""rsqrt"": 1}",4096,4096,4096,按 FP32 行内归约的代数计数；rsqrt、类型转换与临时 FP32 张量分列／不推断 HBM spill。
38,q_proj,linear,"{""input"": [1, 2048], ""weight_math"": [2048, 4096], ""weight_storage"": [4096, 2048], ""output"": [1, 4096]}",16777216,0,{},16777216,4096,8192,独立 GEMM：权重与输入各读一次、输出写一次的操作数载荷；不预测 tile 重读。
38,k_proj,linear,"{""input"": [1, 2048], ""weight_math"": [2048, 512], ""weight_storage"": [512, 2048], ""output"": [1, 512]}",2097152,0,{},2097152,4096,1024,独立 GEMM：权重与输入各读一次、输出写一次的操作数载荷；不预测 tile 重读。
38,v_proj,linear,"{""input"": [1, 2048], ""weight_math"": [2048, 512], ""weight_storage"": [512, 2048], ""output"": [1, 512]}",2097152,0,{},2097152,4096,1024,独立 GEMM：权重与输入各读一次、输出写一次的操作数载荷；不预测 tile 重读。
38,q_norm,normalization,"{""input"": [32, 128], ""weight"": [128], ""output"": [32, 128]}",0,16416,"{""rsqrt"": 32}",256,8192,8192,按 FP32 行内归约的代数计数；rsqrt、类型转换与临时 FP32 张量分列／不推断 HBM spill。
38,k_norm,normalization,"{""input"": [4, 128], ""weight"": [128], ""output"": [4, 128]}",0,2052,"{""rsqrt"": 4}",256,1024,1024,按 FP32 行内归约的代数计数；rsqrt、类型转换与临时 FP32 张量分列／不推断 HBM spill。
38,apply_rope,position,"{""Q"": [1, 32, 1, 128], ""K"": [1, 4, 1, 128]}",0,13824,"{""negate"": 2304}",0,9728,9216,2 multiply + 1 add/元素，rotate_half 符号翻转分列；表按批／头理想复用。
38,kv_append,state,"{""new_K_and_V_each"": [1, 4, 1, 128]}",0,0,{},0,2048,2048,原位／分页 append 载荷；不假定动态 torch.cat 对旧缓存整段复制。
38,qk,attention,"{""Q"": [1, 32, 1, 128], ""K_shared"": [1, 4, 8193, 128], ""scores_rectangular"": [1, 32, 1, 8193]}",67117056,0,{},0,8397824,1048704,FLOPs 仅有效因果位置；载荷是假定 Q/K 各读一次、GQA 头共享，完整分数矩阵物化。
38,score_scale_mask_softmax,softmax,"{""scores"": [1, 32, 1, 8193]}",0,1048672,"{""exp"": 262176, ""compare_max"": 262144, ""mask_decisions"": 262176}",0,1048704,1048704,选择的融合 scale/mask/softmax 代数工作；屏蔽点不计 exp。物化 FP32 默认概率；非具体 eager trace。
38,pv,attention,"{""P"": [1, 32, 1, 8193], ""V_shared"": [1, 4, 8193, 128], ""output"": [1, 32, 1, 128]}",67117056,0,{},0,9438336,8192,PV/AV：各 Q 头仍计算；V 容量不乘 GQA 复制数。载荷假定 V 在头／查询之间理想复用。
38,o_proj,linear,"{""input"": [1, 4096], ""weight_math"": [4096, 2048], ""weight_storage"": [2048, 4096], ""output"": [1, 2048]}",16777216,0,{},16777216,8192,4096,独立 GEMM：权重与输入各读一次、输出写一次的操作数载荷；不预测 tile 重读。
38,attention_residual,residual,"{""inputs_each"": [1, 2048], ""output"": [1, 2048]}",0,2048,{},0,8192,4096,
38,post_attention_layernorm,normalization,"{""input"": [1, 2048], ""weight"": [2048], ""output"": [1, 2048]}",0,8193,"{""rsqrt"": 1}",4096,4096,4096,按 FP32 行内归约的代数计数；rsqrt、类型转换与临时 FP32 张量分列／不推断 HBM spill。
38,router,linear,"{""input"": [1, 2048], ""weight_math"": [2048, 128], ""weight_storage"": [128, 2048], ""output"": [1, 128]}",524288,0,{},524288,4096,256,独立 GEMM：权重与输入各读一次、输出写一次的操作数载荷；不预测 tile 重读。
38,router_softmax,routing,"{""input"": [1, 128], ""probabilities_fp32"": [1, 128]}",0,383,"{""exp"": 128, ""compare_max"": 127}",0,256,512,"FP32 softmax: subtract max, exp, reduction, divide; casts are not FLOPs."
38,router_topk,routing,"{""input_fp32"": [1, 128], ""values_fp32"": [1, 8], ""indices_int64"": [1, 8]}",0,0,"{""topk_rows"": 1, ""topk_candidates"": 128}",0,512,96,Top-k is an explicit selection primitive; candidate counts are not comparisons or FLOPs. Backend selection algorithm is unspecified.
38,router_renormalize_cast,routing,"{""selected_probabilities"": [1, 8]}",0,15,{},0,32,16,"Selected probabilities are renormalized if norm_topk_prob, then cast to activation dtype; row reduction assumed on-chip."
38,routing_one_hot,routing_metadata,"{""selected_int64"": [1, 8], ""mask_int64"": [1, 8, 128]}",0,0,"{""one_hot_entries"": 1024}",0,64,8192,Pinned HF reference materializes one_hot int64; this large routing mask is not assumed in optimized dispatch.
38,routing_where,routing_metadata,"{""mask_int64"": [128, 8, 1], ""top_x_and_slot_each"": [8]}",0,0,"{""integer_nonzero_tests"": 1024}",0,8192,128,Scan each expert mask; two int64 coordinates per assignment. Permute is a view.
38,expert_gather,routing,"{""source"": [1, 2048], ""gathered_rows"": [8, 2048]}",0,0,{},0,32832,32768,Logical gathers summed over experts; n_e and each concrete GEMM shape are in expert_matrices.
38,expert_gate_proj,linear,"{""input_per_expert"": [""n_e"", 2048], ""weight_storage_each"": [768, 2048], ""output_per_expert"": [""n_e"", 768], ""nonempty_experts"": 8, ""tokens_per_expert"": [1, 1, 1, 1, 1, 1, 1, 1, 0, 0, 0, 0, 0, 0, 0, 0, 0, 0, 0, 0, 0, 0, 0, 0, 0, 0, 0, 0, 0, 0, 0, 0, 0, 0, 0, 0, 0, 0, 0, 0, 0, 0, 0, 0, 0, 0, 0, 0, 0, 0, 0, 0, 0, 0, 0, 0, 0, 0, 0, 0, 0, 0, 0, 0, 0, 0, 0, 0, 0, 0, 0, 0, 0, 0, 0, 0, 0, 0, 0, 0, 0, 0, 0, 0, 0, 0, 0, 0, 0, 0, 0, 0, 0, 0, 0, 0, 0, 0, 0, 0, 0, 0, 0, 0, 0, 0, 0, 0, 0, 0, 0, 0, 0, 0, 0, 0, 0, 0, 0, 0, 0, 0, 0, 0, 0, 0, 0, 0]}",25165824,0,{},25165824,32768,12288,"Sum of unpadded per-expert GEMMs; each visited expert weight read once per layer, not once per token."
38,expert_up_proj,linear,"{""input_per_expert"": [""n_e"", 2048], ""weight_storage_each"": [768, 2048], ""output_per_expert"": [""n_e"", 768], ""nonempty_experts"": 8, ""tokens_per_expert"": [1, 1, 1, 1, 1, 1, 1, 1, 0, 0, 0, 0, 0, 0, 0, 0, 0, 0, 0, 0, 0, 0, 0, 0, 0, 0, 0, 0, 0, 0, 0, 0, 0, 0, 0, 0, 0, 0, 0, 0, 0, 0, 0, 0, 0, 0, 0, 0, 0, 0, 0, 0, 0, 0, 0, 0, 0, 0, 0, 0, 0, 0, 0, 0, 0, 0, 0, 0, 0, 0, 0, 0, 0, 0, 0, 0, 0, 0, 0, 0, 0, 0, 0, 0, 0, 0, 0, 0, 0, 0, 0, 0, 0, 0, 0, 0, 0, 0, 0, 0, 0, 0, 0, 0, 0, 0, 0, 0, 0, 0, 0, 0, 0, 0, 0, 0, 0, 0, 0, 0, 0, 0, 0, 0, 0, 0, 0, 0]}",25165824,0,{},25165824,32768,12288,"Sum of unpadded per-expert GEMMs; each visited expert weight read once per layer, not once per token."
38,expert_silu_mul,activation,"{""gate_and_up_each"": [8, 768]}",0,24576,"{""exp"": 6144, ""negate"": 6144}",0,24576,12288,
38,expert_down_proj,linear,"{""input_per_expert"": [""n_e"", 768], ""weight_storage_each"": [2048, 768], ""output_per_expert"": [""n_e"", 2048], ""nonempty_experts"": 8, ""tokens_per_expert"": [1, 1, 1, 1, 1, 1, 1, 1, 0, 0, 0, 0, 0, 0, 0, 0, 0, 0, 0, 0, 0, 0, 0, 0, 0, 0, 0, 0, 0, 0, 0, 0, 0, 0, 0, 0, 0, 0, 0, 0, 0, 0, 0, 0, 0, 0, 0, 0, 0, 0, 0, 0, 0, 0, 0, 0, 0, 0, 0, 0, 0, 0, 0, 0, 0, 0, 0, 0, 0, 0, 0, 0, 0, 0, 0, 0, 0, 0, 0, 0, 0, 0, 0, 0, 0, 0, 0, 0, 0, 0, 0, 0, 0, 0, 0, 0, 0, 0, 0, 0, 0, 0, 0, 0, 0, 0, 0, 0, 0, 0, 0, 0, 0, 0, 0, 0, 0, 0, 0, 0, 0, 0, 0, 0, 0, 0, 0, 0]}",25165824,0,{},25165824,12288,32768,Unpadded per-expert GEMMs; empty experts have zero arithmetic and no weight payload.
38,expert_probability_multiply,routing,"{""expert_outputs"": [8, 2048], ""routing_weights"": [8]}",0,16384,{},0,32912,32768,Probability broadcast reuses one value per assignment; int64 token/slot indices included.
38,expert_output_zero,routing,"{""output"": [1, 2048]}",0,0,{},0,0,4096,Reference initializes final_hidden_states to zero.
38,expert_index_add,routing,"{""weighted_outputs"": [8, 2048], ""combined_output"": [1, 2048]}",0,16384,{},0,65600,32768,"Reference index_add includes the first add into zero; destination read/update per assignment is logical payload, not measured HBM."
38,ffn_residual,residual,"{""inputs_each"": [1, 2048], ""output"": [1, 2048]}",0,2048,{},0,8192,4096,
39,input_layernorm,normalization,"{""input"": [1, 2048], ""weight"": [2048], ""output"": [1, 2048]}",0,8193,"{""rsqrt"": 1}",4096,4096,4096,按 FP32 行内归约的代数计数；rsqrt、类型转换与临时 FP32 张量分列／不推断 HBM spill。
39,q_proj,linear,"{""input"": [1, 2048], ""weight_math"": [2048, 4096], ""weight_storage"": [4096, 2048], ""output"": [1, 4096]}",16777216,0,{},16777216,4096,8192,独立 GEMM：权重与输入各读一次、输出写一次的操作数载荷；不预测 tile 重读。
39,k_proj,linear,"{""input"": [1, 2048], ""weight_math"": [2048, 512], ""weight_storage"": [512, 2048], ""output"": [1, 512]}",2097152,0,{},2097152,4096,1024,独立 GEMM：权重与输入各读一次、输出写一次的操作数载荷；不预测 tile 重读。
39,v_proj,linear,"{""input"": [1, 2048], ""weight_math"": [2048, 512], ""weight_storage"": [512, 2048], ""output"": [1, 512]}",2097152,0,{},2097152,4096,1024,独立 GEMM：权重与输入各读一次、输出写一次的操作数载荷；不预测 tile 重读。
39,q_norm,normalization,"{""input"": [32, 128], ""weight"": [128], ""output"": [32, 128]}",0,16416,"{""rsqrt"": 32}",256,8192,8192,按 FP32 行内归约的代数计数；rsqrt、类型转换与临时 FP32 张量分列／不推断 HBM spill。
39,k_norm,normalization,"{""input"": [4, 128], ""weight"": [128], ""output"": [4, 128]}",0,2052,"{""rsqrt"": 4}",256,1024,1024,按 FP32 行内归约的代数计数；rsqrt、类型转换与临时 FP32 张量分列／不推断 HBM spill。
39,apply_rope,position,"{""Q"": [1, 32, 1, 128], ""K"": [1, 4, 1, 128]}",0,13824,"{""negate"": 2304}",0,9728,9216,2 multiply + 1 add/元素，rotate_half 符号翻转分列；表按批／头理想复用。
39,kv_append,state,"{""new_K_and_V_each"": [1, 4, 1, 128]}",0,0,{},0,2048,2048,原位／分页 append 载荷；不假定动态 torch.cat 对旧缓存整段复制。
39,qk,attention,"{""Q"": [1, 32, 1, 128], ""K_shared"": [1, 4, 8193, 128], ""scores_rectangular"": [1, 32, 1, 8193]}",67117056,0,{},0,8397824,1048704,FLOPs 仅有效因果位置；载荷是假定 Q/K 各读一次、GQA 头共享，完整分数矩阵物化。
39,score_scale_mask_softmax,softmax,"{""scores"": [1, 32, 1, 8193]}",0,1048672,"{""exp"": 262176, ""compare_max"": 262144, ""mask_decisions"": 262176}",0,1048704,1048704,选择的融合 scale/mask/softmax 代数工作；屏蔽点不计 exp。物化 FP32 默认概率；非具体 eager trace。
39,pv,attention,"{""P"": [1, 32, 1, 8193], ""V_shared"": [1, 4, 8193, 128], ""output"": [1, 32, 1, 128]}",67117056,0,{},0,9438336,8192,PV/AV：各 Q 头仍计算；V 容量不乘 GQA 复制数。载荷假定 V 在头／查询之间理想复用。
39,o_proj,linear,"{""input"": [1, 4096], ""weight_math"": [4096, 2048], ""weight_storage"": [2048, 4096], ""output"": [1, 2048]}",16777216,0,{},16777216,8192,4096,独立 GEMM：权重与输入各读一次、输出写一次的操作数载荷；不预测 tile 重读。
39,attention_residual,residual,"{""inputs_each"": [1, 2048], ""output"": [1, 2048]}",0,2048,{},0,8192,4096,
39,post_attention_layernorm,normalization,"{""input"": [1, 2048], ""weight"": [2048], ""output"": [1, 2048]}",0,8193,"{""rsqrt"": 1}",4096,4096,4096,按 FP32 行内归约的代数计数；rsqrt、类型转换与临时 FP32 张量分列／不推断 HBM spill。
39,router,linear,"{""input"": [1, 2048], ""weight_math"": [2048, 128], ""weight_storage"": [128, 2048], ""output"": [1, 128]}",524288,0,{},524288,4096,256,独立 GEMM：权重与输入各读一次、输出写一次的操作数载荷；不预测 tile 重读。
39,router_softmax,routing,"{""input"": [1, 128], ""probabilities_fp32"": [1, 128]}",0,383,"{""exp"": 128, ""compare_max"": 127}",0,256,512,"FP32 softmax: subtract max, exp, reduction, divide; casts are not FLOPs."
39,router_topk,routing,"{""input_fp32"": [1, 128], ""values_fp32"": [1, 8], ""indices_int64"": [1, 8]}",0,0,"{""topk_rows"": 1, ""topk_candidates"": 128}",0,512,96,Top-k is an explicit selection primitive; candidate counts are not comparisons or FLOPs. Backend selection algorithm is unspecified.
39,router_renormalize_cast,routing,"{""selected_probabilities"": [1, 8]}",0,15,{},0,32,16,"Selected probabilities are renormalized if norm_topk_prob, then cast to activation dtype; row reduction assumed on-chip."
39,routing_one_hot,routing_metadata,"{""selected_int64"": [1, 8], ""mask_int64"": [1, 8, 128]}",0,0,"{""one_hot_entries"": 1024}",0,64,8192,Pinned HF reference materializes one_hot int64; this large routing mask is not assumed in optimized dispatch.
39,routing_where,routing_metadata,"{""mask_int64"": [128, 8, 1], ""top_x_and_slot_each"": [8]}",0,0,"{""integer_nonzero_tests"": 1024}",0,8192,128,Scan each expert mask; two int64 coordinates per assignment. Permute is a view.
39,expert_gather,routing,"{""source"": [1, 2048], ""gathered_rows"": [8, 2048]}",0,0,{},0,32832,32768,Logical gathers summed over experts; n_e and each concrete GEMM shape are in expert_matrices.
39,expert_gate_proj,linear,"{""input_per_expert"": [""n_e"", 2048], ""weight_storage_each"": [768, 2048], ""output_per_expert"": [""n_e"", 768], ""nonempty_experts"": 8, ""tokens_per_expert"": [1, 1, 1, 1, 1, 1, 1, 1, 0, 0, 0, 0, 0, 0, 0, 0, 0, 0, 0, 0, 0, 0, 0, 0, 0, 0, 0, 0, 0, 0, 0, 0, 0, 0, 0, 0, 0, 0, 0, 0, 0, 0, 0, 0, 0, 0, 0, 0, 0, 0, 0, 0, 0, 0, 0, 0, 0, 0, 0, 0, 0, 0, 0, 0, 0, 0, 0, 0, 0, 0, 0, 0, 0, 0, 0, 0, 0, 0, 0, 0, 0, 0, 0, 0, 0, 0, 0, 0, 0, 0, 0, 0, 0, 0, 0, 0, 0, 0, 0, 0, 0, 0, 0, 0, 0, 0, 0, 0, 0, 0, 0, 0, 0, 0, 0, 0, 0, 0, 0, 0, 0, 0, 0, 0, 0, 0, 0, 0]}",25165824,0,{},25165824,32768,12288,"Sum of unpadded per-expert GEMMs; each visited expert weight read once per layer, not once per token."
39,expert_up_proj,linear,"{""input_per_expert"": [""n_e"", 2048], ""weight_storage_each"": [768, 2048], ""output_per_expert"": [""n_e"", 768], ""nonempty_experts"": 8, ""tokens_per_expert"": [1, 1, 1, 1, 1, 1, 1, 1, 0, 0, 0, 0, 0, 0, 0, 0, 0, 0, 0, 0, 0, 0, 0, 0, 0, 0, 0, 0, 0, 0, 0, 0, 0, 0, 0, 0, 0, 0, 0, 0, 0, 0, 0, 0, 0, 0, 0, 0, 0, 0, 0, 0, 0, 0, 0, 0, 0, 0, 0, 0, 0, 0, 0, 0, 0, 0, 0, 0, 0, 0, 0, 0, 0, 0, 0, 0, 0, 0, 0, 0, 0, 0, 0, 0, 0, 0, 0, 0, 0, 0, 0, 0, 0, 0, 0, 0, 0, 0, 0, 0, 0, 0, 0, 0, 0, 0, 0, 0, 0, 0, 0, 0, 0, 0, 0, 0, 0, 0, 0, 0, 0, 0, 0, 0, 0, 0, 0, 0]}",25165824,0,{},25165824,32768,12288,"Sum of unpadded per-expert GEMMs; each visited expert weight read once per layer, not once per token."
39,expert_silu_mul,activation,"{""gate_and_up_each"": [8, 768]}",0,24576,"{""exp"": 6144, ""negate"": 6144}",0,24576,12288,
39,expert_down_proj,linear,"{""input_per_expert"": [""n_e"", 768], ""weight_storage_each"": [2048, 768], ""output_per_expert"": [""n_e"", 2048], ""nonempty_experts"": 8, ""tokens_per_expert"": [1, 1, 1, 1, 1, 1, 1, 1, 0, 0, 0, 0, 0, 0, 0, 0, 0, 0, 0, 0, 0, 0, 0, 0, 0, 0, 0, 0, 0, 0, 0, 0, 0, 0, 0, 0, 0, 0, 0, 0, 0, 0, 0, 0, 0, 0, 0, 0, 0, 0, 0, 0, 0, 0, 0, 0, 0, 0, 0, 0, 0, 0, 0, 0, 0, 0, 0, 0, 0, 0, 0, 0, 0, 0, 0, 0, 0, 0, 0, 0, 0, 0, 0, 0, 0, 0, 0, 0, 0, 0, 0, 0, 0, 0, 0, 0, 0, 0, 0, 0, 0, 0, 0, 0, 0, 0, 0, 0, 0, 0, 0, 0, 0, 0, 0, 0, 0, 0, 0, 0, 0, 0, 0, 0, 0, 0, 0, 0]}",25165824,0,{},25165824,12288,32768,Unpadded per-expert GEMMs; empty experts have zero arithmetic and no weight payload.
39,expert_probability_multiply,routing,"{""expert_outputs"": [8, 2048], ""routing_weights"": [8]}",0,16384,{},0,32912,32768,Probability broadcast reuses one value per assignment; int64 token/slot indices included.
39,expert_output_zero,routing,"{""output"": [1, 2048]}",0,0,{},0,0,4096,Reference initializes final_hidden_states to zero.
39,expert_index_add,routing,"{""weighted_outputs"": [8, 2048], ""combined_output"": [1, 2048]}",0,16384,{},0,65600,32768,"Reference index_add includes the first add into zero; destination read/update per assignment is logical payload, not measured HBM."
39,ffn_residual,residual,"{""inputs_each"": [1, 2048], ""output"": [1, 2048]}",0,2048,{},0,8192,4096,
40,input_layernorm,normalization,"{""input"": [1, 2048], ""weight"": [2048], ""output"": [1, 2048]}",0,8193,"{""rsqrt"": 1}",4096,4096,4096,按 FP32 行内归约的代数计数；rsqrt、类型转换与临时 FP32 张量分列／不推断 HBM spill。
40,q_proj,linear,"{""input"": [1, 2048], ""weight_math"": [2048, 4096], ""weight_storage"": [4096, 2048], ""output"": [1, 4096]}",16777216,0,{},16777216,4096,8192,独立 GEMM：权重与输入各读一次、输出写一次的操作数载荷；不预测 tile 重读。
40,k_proj,linear,"{""input"": [1, 2048], ""weight_math"": [2048, 512], ""weight_storage"": [512, 2048], ""output"": [1, 512]}",2097152,0,{},2097152,4096,1024,独立 GEMM：权重与输入各读一次、输出写一次的操作数载荷；不预测 tile 重读。
40,v_proj,linear,"{""input"": [1, 2048], ""weight_math"": [2048, 512], ""weight_storage"": [512, 2048], ""output"": [1, 512]}",2097152,0,{},2097152,4096,1024,独立 GEMM：权重与输入各读一次、输出写一次的操作数载荷；不预测 tile 重读。
40,q_norm,normalization,"{""input"": [32, 128], ""weight"": [128], ""output"": [32, 128]}",0,16416,"{""rsqrt"": 32}",256,8192,8192,按 FP32 行内归约的代数计数；rsqrt、类型转换与临时 FP32 张量分列／不推断 HBM spill。
40,k_norm,normalization,"{""input"": [4, 128], ""weight"": [128], ""output"": [4, 128]}",0,2052,"{""rsqrt"": 4}",256,1024,1024,按 FP32 行内归约的代数计数；rsqrt、类型转换与临时 FP32 张量分列／不推断 HBM spill。
40,apply_rope,position,"{""Q"": [1, 32, 1, 128], ""K"": [1, 4, 1, 128]}",0,13824,"{""negate"": 2304}",0,9728,9216,2 multiply + 1 add/元素，rotate_half 符号翻转分列；表按批／头理想复用。
40,kv_append,state,"{""new_K_and_V_each"": [1, 4, 1, 128]}",0,0,{},0,2048,2048,原位／分页 append 载荷；不假定动态 torch.cat 对旧缓存整段复制。
40,qk,attention,"{""Q"": [1, 32, 1, 128], ""K_shared"": [1, 4, 8193, 128], ""scores_rectangular"": [1, 32, 1, 8193]}",67117056,0,{},0,8397824,1048704,FLOPs 仅有效因果位置；载荷是假定 Q/K 各读一次、GQA 头共享，完整分数矩阵物化。
40,score_scale_mask_softmax,softmax,"{""scores"": [1, 32, 1, 8193]}",0,1048672,"{""exp"": 262176, ""compare_max"": 262144, ""mask_decisions"": 262176}",0,1048704,1048704,选择的融合 scale/mask/softmax 代数工作；屏蔽点不计 exp。物化 FP32 默认概率；非具体 eager trace。
40,pv,attention,"{""P"": [1, 32, 1, 8193], ""V_shared"": [1, 4, 8193, 128], ""output"": [1, 32, 1, 128]}",67117056,0,{},0,9438336,8192,PV/AV：各 Q 头仍计算；V 容量不乘 GQA 复制数。载荷假定 V 在头／查询之间理想复用。
40,o_proj,linear,"{""input"": [1, 4096], ""weight_math"": [4096, 2048], ""weight_storage"": [2048, 4096], ""output"": [1, 2048]}",16777216,0,{},16777216,8192,4096,独立 GEMM：权重与输入各读一次、输出写一次的操作数载荷；不预测 tile 重读。
40,attention_residual,residual,"{""inputs_each"": [1, 2048], ""output"": [1, 2048]}",0,2048,{},0,8192,4096,
40,post_attention_layernorm,normalization,"{""input"": [1, 2048], ""weight"": [2048], ""output"": [1, 2048]}",0,8193,"{""rsqrt"": 1}",4096,4096,4096,按 FP32 行内归约的代数计数；rsqrt、类型转换与临时 FP32 张量分列／不推断 HBM spill。
40,router,linear,"{""input"": [1, 2048], ""weight_math"": [2048, 128], ""weight_storage"": [128, 2048], ""output"": [1, 128]}",524288,0,{},524288,4096,256,独立 GEMM：权重与输入各读一次、输出写一次的操作数载荷；不预测 tile 重读。
40,router_softmax,routing,"{""input"": [1, 128], ""probabilities_fp32"": [1, 128]}",0,383,"{""exp"": 128, ""compare_max"": 127}",0,256,512,"FP32 softmax: subtract max, exp, reduction, divide; casts are not FLOPs."
40,router_topk,routing,"{""input_fp32"": [1, 128], ""values_fp32"": [1, 8], ""indices_int64"": [1, 8]}",0,0,"{""topk_rows"": 1, ""topk_candidates"": 128}",0,512,96,Top-k is an explicit selection primitive; candidate counts are not comparisons or FLOPs. Backend selection algorithm is unspecified.
40,router_renormalize_cast,routing,"{""selected_probabilities"": [1, 8]}",0,15,{},0,32,16,"Selected probabilities are renormalized if norm_topk_prob, then cast to activation dtype; row reduction assumed on-chip."
40,routing_one_hot,routing_metadata,"{""selected_int64"": [1, 8], ""mask_int64"": [1, 8, 128]}",0,0,"{""one_hot_entries"": 1024}",0,64,8192,Pinned HF reference materializes one_hot int64; this large routing mask is not assumed in optimized dispatch.
40,routing_where,routing_metadata,"{""mask_int64"": [128, 8, 1], ""top_x_and_slot_each"": [8]}",0,0,"{""integer_nonzero_tests"": 1024}",0,8192,128,Scan each expert mask; two int64 coordinates per assignment. Permute is a view.
40,expert_gather,routing,"{""source"": [1, 2048], ""gathered_rows"": [8, 2048]}",0,0,{},0,32832,32768,Logical gathers summed over experts; n_e and each concrete GEMM shape are in expert_matrices.
40,expert_gate_proj,linear,"{""input_per_expert"": [""n_e"", 2048], ""weight_storage_each"": [768, 2048], ""output_per_expert"": [""n_e"", 768], ""nonempty_experts"": 8, ""tokens_per_expert"": [1, 1, 1, 1, 1, 1, 1, 1, 0, 0, 0, 0, 0, 0, 0, 0, 0, 0, 0, 0, 0, 0, 0, 0, 0, 0, 0, 0, 0, 0, 0, 0, 0, 0, 0, 0, 0, 0, 0, 0, 0, 0, 0, 0, 0, 0, 0, 0, 0, 0, 0, 0, 0, 0, 0, 0, 0, 0, 0, 0, 0, 0, 0, 0, 0, 0, 0, 0, 0, 0, 0, 0, 0, 0, 0, 0, 0, 0, 0, 0, 0, 0, 0, 0, 0, 0, 0, 0, 0, 0, 0, 0, 0, 0, 0, 0, 0, 0, 0, 0, 0, 0, 0, 0, 0, 0, 0, 0, 0, 0, 0, 0, 0, 0, 0, 0, 0, 0, 0, 0, 0, 0, 0, 0, 0, 0, 0, 0]}",25165824,0,{},25165824,32768,12288,"Sum of unpadded per-expert GEMMs; each visited expert weight read once per layer, not once per token."
40,expert_up_proj,linear,"{""input_per_expert"": [""n_e"", 2048], ""weight_storage_each"": [768, 2048], ""output_per_expert"": [""n_e"", 768], ""nonempty_experts"": 8, ""tokens_per_expert"": [1, 1, 1, 1, 1, 1, 1, 1, 0, 0, 0, 0, 0, 0, 0, 0, 0, 0, 0, 0, 0, 0, 0, 0, 0, 0, 0, 0, 0, 0, 0, 0, 0, 0, 0, 0, 0, 0, 0, 0, 0, 0, 0, 0, 0, 0, 0, 0, 0, 0, 0, 0, 0, 0, 0, 0, 0, 0, 0, 0, 0, 0, 0, 0, 0, 0, 0, 0, 0, 0, 0, 0, 0, 0, 0, 0, 0, 0, 0, 0, 0, 0, 0, 0, 0, 0, 0, 0, 0, 0, 0, 0, 0, 0, 0, 0, 0, 0, 0, 0, 0, 0, 0, 0, 0, 0, 0, 0, 0, 0, 0, 0, 0, 0, 0, 0, 0, 0, 0, 0, 0, 0, 0, 0, 0, 0, 0, 0]}",25165824,0,{},25165824,32768,12288,"Sum of unpadded per-expert GEMMs; each visited expert weight read once per layer, not once per token."
40,expert_silu_mul,activation,"{""gate_and_up_each"": [8, 768]}",0,24576,"{""exp"": 6144, ""negate"": 6144}",0,24576,12288,
40,expert_down_proj,linear,"{""input_per_expert"": [""n_e"", 768], ""weight_storage_each"": [2048, 768], ""output_per_expert"": [""n_e"", 2048], ""nonempty_experts"": 8, ""tokens_per_expert"": [1, 1, 1, 1, 1, 1, 1, 1, 0, 0, 0, 0, 0, 0, 0, 0, 0, 0, 0, 0, 0, 0, 0, 0, 0, 0, 0, 0, 0, 0, 0, 0, 0, 0, 0, 0, 0, 0, 0, 0, 0, 0, 0, 0, 0, 0, 0, 0, 0, 0, 0, 0, 0, 0, 0, 0, 0, 0, 0, 0, 0, 0, 0, 0, 0, 0, 0, 0, 0, 0, 0, 0, 0, 0, 0, 0, 0, 0, 0, 0, 0, 0, 0, 0, 0, 0, 0, 0, 0, 0, 0, 0, 0, 0, 0, 0, 0, 0, 0, 0, 0, 0, 0, 0, 0, 0, 0, 0, 0, 0, 0, 0, 0, 0, 0, 0, 0, 0, 0, 0, 0, 0, 0, 0, 0, 0, 0, 0]}",25165824,0,{},25165824,12288,32768,Unpadded per-expert GEMMs; empty experts have zero arithmetic and no weight payload.
40,expert_probability_multiply,routing,"{""expert_outputs"": [8, 2048], ""routing_weights"": [8]}",0,16384,{},0,32912,32768,Probability broadcast reuses one value per assignment; int64 token/slot indices included.
40,expert_output_zero,routing,"{""output"": [1, 2048]}",0,0,{},0,0,4096,Reference initializes final_hidden_states to zero.
40,expert_index_add,routing,"{""weighted_outputs"": [8, 2048], ""combined_output"": [1, 2048]}",0,16384,{},0,65600,32768,"Reference index_add includes the first add into zero; destination read/update per assignment is logical payload, not measured HBM."
40,ffn_residual,residual,"{""inputs_each"": [1, 2048], ""output"": [1, 2048]}",0,2048,{},0,8192,4096,
41,input_layernorm,normalization,"{""input"": [1, 2048], ""weight"": [2048], ""output"": [1, 2048]}",0,8193,"{""rsqrt"": 1}",4096,4096,4096,按 FP32 行内归约的代数计数；rsqrt、类型转换与临时 FP32 张量分列／不推断 HBM spill。
41,q_proj,linear,"{""input"": [1, 2048], ""weight_math"": [2048, 4096], ""weight_storage"": [4096, 2048], ""output"": [1, 4096]}",16777216,0,{},16777216,4096,8192,独立 GEMM：权重与输入各读一次、输出写一次的操作数载荷；不预测 tile 重读。
41,k_proj,linear,"{""input"": [1, 2048], ""weight_math"": [2048, 512], ""weight_storage"": [512, 2048], ""output"": [1, 512]}",2097152,0,{},2097152,4096,1024,独立 GEMM：权重与输入各读一次、输出写一次的操作数载荷；不预测 tile 重读。
41,v_proj,linear,"{""input"": [1, 2048], ""weight_math"": [2048, 512], ""weight_storage"": [512, 2048], ""output"": [1, 512]}",2097152,0,{},2097152,4096,1024,独立 GEMM：权重与输入各读一次、输出写一次的操作数载荷；不预测 tile 重读。
41,q_norm,normalization,"{""input"": [32, 128], ""weight"": [128], ""output"": [32, 128]}",0,16416,"{""rsqrt"": 32}",256,8192,8192,按 FP32 行内归约的代数计数；rsqrt、类型转换与临时 FP32 张量分列／不推断 HBM spill。
41,k_norm,normalization,"{""input"": [4, 128], ""weight"": [128], ""output"": [4, 128]}",0,2052,"{""rsqrt"": 4}",256,1024,1024,按 FP32 行内归约的代数计数；rsqrt、类型转换与临时 FP32 张量分列／不推断 HBM spill。
41,apply_rope,position,"{""Q"": [1, 32, 1, 128], ""K"": [1, 4, 1, 128]}",0,13824,"{""negate"": 2304}",0,9728,9216,2 multiply + 1 add/元素，rotate_half 符号翻转分列；表按批／头理想复用。
41,kv_append,state,"{""new_K_and_V_each"": [1, 4, 1, 128]}",0,0,{},0,2048,2048,原位／分页 append 载荷；不假定动态 torch.cat 对旧缓存整段复制。
41,qk,attention,"{""Q"": [1, 32, 1, 128], ""K_shared"": [1, 4, 8193, 128], ""scores_rectangular"": [1, 32, 1, 8193]}",67117056,0,{},0,8397824,1048704,FLOPs 仅有效因果位置；载荷是假定 Q/K 各读一次、GQA 头共享，完整分数矩阵物化。
41,score_scale_mask_softmax,softmax,"{""scores"": [1, 32, 1, 8193]}",0,1048672,"{""exp"": 262176, ""compare_max"": 262144, ""mask_decisions"": 262176}",0,1048704,1048704,选择的融合 scale/mask/softmax 代数工作；屏蔽点不计 exp。物化 FP32 默认概率；非具体 eager trace。
41,pv,attention,"{""P"": [1, 32, 1, 8193], ""V_shared"": [1, 4, 8193, 128], ""output"": [1, 32, 1, 128]}",67117056,0,{},0,9438336,8192,PV/AV：各 Q 头仍计算；V 容量不乘 GQA 复制数。载荷假定 V 在头／查询之间理想复用。
41,o_proj,linear,"{""input"": [1, 4096], ""weight_math"": [4096, 2048], ""weight_storage"": [2048, 4096], ""output"": [1, 2048]}",16777216,0,{},16777216,8192,4096,独立 GEMM：权重与输入各读一次、输出写一次的操作数载荷；不预测 tile 重读。
41,attention_residual,residual,"{""inputs_each"": [1, 2048], ""output"": [1, 2048]}",0,2048,{},0,8192,4096,
41,post_attention_layernorm,normalization,"{""input"": [1, 2048], ""weight"": [2048], ""output"": [1, 2048]}",0,8193,"{""rsqrt"": 1}",4096,4096,4096,按 FP32 行内归约的代数计数；rsqrt、类型转换与临时 FP32 张量分列／不推断 HBM spill。
41,router,linear,"{""input"": [1, 2048], ""weight_math"": [2048, 128], ""weight_storage"": [128, 2048], ""output"": [1, 128]}",524288,0,{},524288,4096,256,独立 GEMM：权重与输入各读一次、输出写一次的操作数载荷；不预测 tile 重读。
41,router_softmax,routing,"{""input"": [1, 128], ""probabilities_fp32"": [1, 128]}",0,383,"{""exp"": 128, ""compare_max"": 127}",0,256,512,"FP32 softmax: subtract max, exp, reduction, divide; casts are not FLOPs."
41,router_topk,routing,"{""input_fp32"": [1, 128], ""values_fp32"": [1, 8], ""indices_int64"": [1, 8]}",0,0,"{""topk_rows"": 1, ""topk_candidates"": 128}",0,512,96,Top-k is an explicit selection primitive; candidate counts are not comparisons or FLOPs. Backend selection algorithm is unspecified.
41,router_renormalize_cast,routing,"{""selected_probabilities"": [1, 8]}",0,15,{},0,32,16,"Selected probabilities are renormalized if norm_topk_prob, then cast to activation dtype; row reduction assumed on-chip."
41,routing_one_hot,routing_metadata,"{""selected_int64"": [1, 8], ""mask_int64"": [1, 8, 128]}",0,0,"{""one_hot_entries"": 1024}",0,64,8192,Pinned HF reference materializes one_hot int64; this large routing mask is not assumed in optimized dispatch.
41,routing_where,routing_metadata,"{""mask_int64"": [128, 8, 1], ""top_x_and_slot_each"": [8]}",0,0,"{""integer_nonzero_tests"": 1024}",0,8192,128,Scan each expert mask; two int64 coordinates per assignment. Permute is a view.
41,expert_gather,routing,"{""source"": [1, 2048], ""gathered_rows"": [8, 2048]}",0,0,{},0,32832,32768,Logical gathers summed over experts; n_e and each concrete GEMM shape are in expert_matrices.
41,expert_gate_proj,linear,"{""input_per_expert"": [""n_e"", 2048], ""weight_storage_each"": [768, 2048], ""output_per_expert"": [""n_e"", 768], ""nonempty_experts"": 8, ""tokens_per_expert"": [1, 1, 1, 1, 1, 1, 1, 1, 0, 0, 0, 0, 0, 0, 0, 0, 0, 0, 0, 0, 0, 0, 0, 0, 0, 0, 0, 0, 0, 0, 0, 0, 0, 0, 0, 0, 0, 0, 0, 0, 0, 0, 0, 0, 0, 0, 0, 0, 0, 0, 0, 0, 0, 0, 0, 0, 0, 0, 0, 0, 0, 0, 0, 0, 0, 0, 0, 0, 0, 0, 0, 0, 0, 0, 0, 0, 0, 0, 0, 0, 0, 0, 0, 0, 0, 0, 0, 0, 0, 0, 0, 0, 0, 0, 0, 0, 0, 0, 0, 0, 0, 0, 0, 0, 0, 0, 0, 0, 0, 0, 0, 0, 0, 0, 0, 0, 0, 0, 0, 0, 0, 0, 0, 0, 0, 0, 0, 0]}",25165824,0,{},25165824,32768,12288,"Sum of unpadded per-expert GEMMs; each visited expert weight read once per layer, not once per token."
41,expert_up_proj,linear,"{""input_per_expert"": [""n_e"", 2048], ""weight_storage_each"": [768, 2048], ""output_per_expert"": [""n_e"", 768], ""nonempty_experts"": 8, ""tokens_per_expert"": [1, 1, 1, 1, 1, 1, 1, 1, 0, 0, 0, 0, 0, 0, 0, 0, 0, 0, 0, 0, 0, 0, 0, 0, 0, 0, 0, 0, 0, 0, 0, 0, 0, 0, 0, 0, 0, 0, 0, 0, 0, 0, 0, 0, 0, 0, 0, 0, 0, 0, 0, 0, 0, 0, 0, 0, 0, 0, 0, 0, 0, 0, 0, 0, 0, 0, 0, 0, 0, 0, 0, 0, 0, 0, 0, 0, 0, 0, 0, 0, 0, 0, 0, 0, 0, 0, 0, 0, 0, 0, 0, 0, 0, 0, 0, 0, 0, 0, 0, 0, 0, 0, 0, 0, 0, 0, 0, 0, 0, 0, 0, 0, 0, 0, 0, 0, 0, 0, 0, 0, 0, 0, 0, 0, 0, 0, 0, 0]}",25165824,0,{},25165824,32768,12288,"Sum of unpadded per-expert GEMMs; each visited expert weight read once per layer, not once per token."
41,expert_silu_mul,activation,"{""gate_and_up_each"": [8, 768]}",0,24576,"{""exp"": 6144, ""negate"": 6144}",0,24576,12288,
41,expert_down_proj,linear,"{""input_per_expert"": [""n_e"", 768], ""weight_storage_each"": [2048, 768], ""output_per_expert"": [""n_e"", 2048], ""nonempty_experts"": 8, ""tokens_per_expert"": [1, 1, 1, 1, 1, 1, 1, 1, 0, 0, 0, 0, 0, 0, 0, 0, 0, 0, 0, 0, 0, 0, 0, 0, 0, 0, 0, 0, 0, 0, 0, 0, 0, 0, 0, 0, 0, 0, 0, 0, 0, 0, 0, 0, 0, 0, 0, 0, 0, 0, 0, 0, 0, 0, 0, 0, 0, 0, 0, 0, 0, 0, 0, 0, 0, 0, 0, 0, 0, 0, 0, 0, 0, 0, 0, 0, 0, 0, 0, 0, 0, 0, 0, 0, 0, 0, 0, 0, 0, 0, 0, 0, 0, 0, 0, 0, 0, 0, 0, 0, 0, 0, 0, 0, 0, 0, 0, 0, 0, 0, 0, 0, 0, 0, 0, 0, 0, 0, 0, 0, 0, 0, 0, 0, 0, 0, 0, 0]}",25165824,0,{},25165824,12288,32768,Unpadded per-expert GEMMs; empty experts have zero arithmetic and no weight payload.
41,expert_probability_multiply,routing,"{""expert_outputs"": [8, 2048], ""routing_weights"": [8]}",0,16384,{},0,32912,32768,Probability broadcast reuses one value per assignment; int64 token/slot indices included.
41,expert_output_zero,routing,"{""output"": [1, 2048]}",0,0,{},0,0,4096,Reference initializes final_hidden_states to zero.
41,expert_index_add,routing,"{""weighted_outputs"": [8, 2048], ""combined_output"": [1, 2048]}",0,16384,{},0,65600,32768,"Reference index_add includes the first add into zero; destination read/update per assignment is logical payload, not measured HBM."
41,ffn_residual,residual,"{""inputs_each"": [1, 2048], ""output"": [1, 2048]}",0,2048,{},0,8192,4096,
42,input_layernorm,normalization,"{""input"": [1, 2048], ""weight"": [2048], ""output"": [1, 2048]}",0,8193,"{""rsqrt"": 1}",4096,4096,4096,按 FP32 行内归约的代数计数；rsqrt、类型转换与临时 FP32 张量分列／不推断 HBM spill。
42,q_proj,linear,"{""input"": [1, 2048], ""weight_math"": [2048, 4096], ""weight_storage"": [4096, 2048], ""output"": [1, 4096]}",16777216,0,{},16777216,4096,8192,独立 GEMM：权重与输入各读一次、输出写一次的操作数载荷；不预测 tile 重读。
42,k_proj,linear,"{""input"": [1, 2048], ""weight_math"": [2048, 512], ""weight_storage"": [512, 2048], ""output"": [1, 512]}",2097152,0,{},2097152,4096,1024,独立 GEMM：权重与输入各读一次、输出写一次的操作数载荷；不预测 tile 重读。
42,v_proj,linear,"{""input"": [1, 2048], ""weight_math"": [2048, 512], ""weight_storage"": [512, 2048], ""output"": [1, 512]}",2097152,0,{},2097152,4096,1024,独立 GEMM：权重与输入各读一次、输出写一次的操作数载荷；不预测 tile 重读。
42,q_norm,normalization,"{""input"": [32, 128], ""weight"": [128], ""output"": [32, 128]}",0,16416,"{""rsqrt"": 32}",256,8192,8192,按 FP32 行内归约的代数计数；rsqrt、类型转换与临时 FP32 张量分列／不推断 HBM spill。
42,k_norm,normalization,"{""input"": [4, 128], ""weight"": [128], ""output"": [4, 128]}",0,2052,"{""rsqrt"": 4}",256,1024,1024,按 FP32 行内归约的代数计数；rsqrt、类型转换与临时 FP32 张量分列／不推断 HBM spill。
42,apply_rope,position,"{""Q"": [1, 32, 1, 128], ""K"": [1, 4, 1, 128]}",0,13824,"{""negate"": 2304}",0,9728,9216,2 multiply + 1 add/元素，rotate_half 符号翻转分列；表按批／头理想复用。
42,kv_append,state,"{""new_K_and_V_each"": [1, 4, 1, 128]}",0,0,{},0,2048,2048,原位／分页 append 载荷；不假定动态 torch.cat 对旧缓存整段复制。
42,qk,attention,"{""Q"": [1, 32, 1, 128], ""K_shared"": [1, 4, 8193, 128], ""scores_rectangular"": [1, 32, 1, 8193]}",67117056,0,{},0,8397824,1048704,FLOPs 仅有效因果位置；载荷是假定 Q/K 各读一次、GQA 头共享，完整分数矩阵物化。
42,score_scale_mask_softmax,softmax,"{""scores"": [1, 32, 1, 8193]}",0,1048672,"{""exp"": 262176, ""compare_max"": 262144, ""mask_decisions"": 262176}",0,1048704,1048704,选择的融合 scale/mask/softmax 代数工作；屏蔽点不计 exp。物化 FP32 默认概率；非具体 eager trace。
42,pv,attention,"{""P"": [1, 32, 1, 8193], ""V_shared"": [1, 4, 8193, 128], ""output"": [1, 32, 1, 128]}",67117056,0,{},0,9438336,8192,PV/AV：各 Q 头仍计算；V 容量不乘 GQA 复制数。载荷假定 V 在头／查询之间理想复用。
42,o_proj,linear,"{""input"": [1, 4096], ""weight_math"": [4096, 2048], ""weight_storage"": [2048, 4096], ""output"": [1, 2048]}",16777216,0,{},16777216,8192,4096,独立 GEMM：权重与输入各读一次、输出写一次的操作数载荷；不预测 tile 重读。
42,attention_residual,residual,"{""inputs_each"": [1, 2048], ""output"": [1, 2048]}",0,2048,{},0,8192,4096,
42,post_attention_layernorm,normalization,"{""input"": [1, 2048], ""weight"": [2048], ""output"": [1, 2048]}",0,8193,"{""rsqrt"": 1}",4096,4096,4096,按 FP32 行内归约的代数计数；rsqrt、类型转换与临时 FP32 张量分列／不推断 HBM spill。
42,router,linear,"{""input"": [1, 2048], ""weight_math"": [2048, 128], ""weight_storage"": [128, 2048], ""output"": [1, 128]}",524288,0,{},524288,4096,256,独立 GEMM：权重与输入各读一次、输出写一次的操作数载荷；不预测 tile 重读。
42,router_softmax,routing,"{""input"": [1, 128], ""probabilities_fp32"": [1, 128]}",0,383,"{""exp"": 128, ""compare_max"": 127}",0,256,512,"FP32 softmax: subtract max, exp, reduction, divide; casts are not FLOPs."
42,router_topk,routing,"{""input_fp32"": [1, 128], ""values_fp32"": [1, 8], ""indices_int64"": [1, 8]}",0,0,"{""topk_rows"": 1, ""topk_candidates"": 128}",0,512,96,Top-k is an explicit selection primitive; candidate counts are not comparisons or FLOPs. Backend selection algorithm is unspecified.
42,router_renormalize_cast,routing,"{""selected_probabilities"": [1, 8]}",0,15,{},0,32,16,"Selected probabilities are renormalized if norm_topk_prob, then cast to activation dtype; row reduction assumed on-chip."
42,routing_one_hot,routing_metadata,"{""selected_int64"": [1, 8], ""mask_int64"": [1, 8, 128]}",0,0,"{""one_hot_entries"": 1024}",0,64,8192,Pinned HF reference materializes one_hot int64; this large routing mask is not assumed in optimized dispatch.
42,routing_where,routing_metadata,"{""mask_int64"": [128, 8, 1], ""top_x_and_slot_each"": [8]}",0,0,"{""integer_nonzero_tests"": 1024}",0,8192,128,Scan each expert mask; two int64 coordinates per assignment. Permute is a view.
42,expert_gather,routing,"{""source"": [1, 2048], ""gathered_rows"": [8, 2048]}",0,0,{},0,32832,32768,Logical gathers summed over experts; n_e and each concrete GEMM shape are in expert_matrices.
42,expert_gate_proj,linear,"{""input_per_expert"": [""n_e"", 2048], ""weight_storage_each"": [768, 2048], ""output_per_expert"": [""n_e"", 768], ""nonempty_experts"": 8, ""tokens_per_expert"": [1, 1, 1, 1, 1, 1, 1, 1, 0, 0, 0, 0, 0, 0, 0, 0, 0, 0, 0, 0, 0, 0, 0, 0, 0, 0, 0, 0, 0, 0, 0, 0, 0, 0, 0, 0, 0, 0, 0, 0, 0, 0, 0, 0, 0, 0, 0, 0, 0, 0, 0, 0, 0, 0, 0, 0, 0, 0, 0, 0, 0, 0, 0, 0, 0, 0, 0, 0, 0, 0, 0, 0, 0, 0, 0, 0, 0, 0, 0, 0, 0, 0, 0, 0, 0, 0, 0, 0, 0, 0, 0, 0, 0, 0, 0, 0, 0, 0, 0, 0, 0, 0, 0, 0, 0, 0, 0, 0, 0, 0, 0, 0, 0, 0, 0, 0, 0, 0, 0, 0, 0, 0, 0, 0, 0, 0, 0, 0]}",25165824,0,{},25165824,32768,12288,"Sum of unpadded per-expert GEMMs; each visited expert weight read once per layer, not once per token."
42,expert_up_proj,linear,"{""input_per_expert"": [""n_e"", 2048], ""weight_storage_each"": [768, 2048], ""output_per_expert"": [""n_e"", 768], ""nonempty_experts"": 8, ""tokens_per_expert"": [1, 1, 1, 1, 1, 1, 1, 1, 0, 0, 0, 0, 0, 0, 0, 0, 0, 0, 0, 0, 0, 0, 0, 0, 0, 0, 0, 0, 0, 0, 0, 0, 0, 0, 0, 0, 0, 0, 0, 0, 0, 0, 0, 0, 0, 0, 0, 0, 0, 0, 0, 0, 0, 0, 0, 0, 0, 0, 0, 0, 0, 0, 0, 0, 0, 0, 0, 0, 0, 0, 0, 0, 0, 0, 0, 0, 0, 0, 0, 0, 0, 0, 0, 0, 0, 0, 0, 0, 0, 0, 0, 0, 0, 0, 0, 0, 0, 0, 0, 0, 0, 0, 0, 0, 0, 0, 0, 0, 0, 0, 0, 0, 0, 0, 0, 0, 0, 0, 0, 0, 0, 0, 0, 0, 0, 0, 0, 0]}",25165824,0,{},25165824,32768,12288,"Sum of unpadded per-expert GEMMs; each visited expert weight read once per layer, not once per token."
42,expert_silu_mul,activation,"{""gate_and_up_each"": [8, 768]}",0,24576,"{""exp"": 6144, ""negate"": 6144}",0,24576,12288,
42,expert_down_proj,linear,"{""input_per_expert"": [""n_e"", 768], ""weight_storage_each"": [2048, 768], ""output_per_expert"": [""n_e"", 2048], ""nonempty_experts"": 8, ""tokens_per_expert"": [1, 1, 1, 1, 1, 1, 1, 1, 0, 0, 0, 0, 0, 0, 0, 0, 0, 0, 0, 0, 0, 0, 0, 0, 0, 0, 0, 0, 0, 0, 0, 0, 0, 0, 0, 0, 0, 0, 0, 0, 0, 0, 0, 0, 0, 0, 0, 0, 0, 0, 0, 0, 0, 0, 0, 0, 0, 0, 0, 0, 0, 0, 0, 0, 0, 0, 0, 0, 0, 0, 0, 0, 0, 0, 0, 0, 0, 0, 0, 0, 0, 0, 0, 0, 0, 0, 0, 0, 0, 0, 0, 0, 0, 0, 0, 0, 0, 0, 0, 0, 0, 0, 0, 0, 0, 0, 0, 0, 0, 0, 0, 0, 0, 0, 0, 0, 0, 0, 0, 0, 0, 0, 0, 0, 0, 0, 0, 0]}",25165824,0,{},25165824,12288,32768,Unpadded per-expert GEMMs; empty experts have zero arithmetic and no weight payload.
42,expert_probability_multiply,routing,"{""expert_outputs"": [8, 2048], ""routing_weights"": [8]}",0,16384,{},0,32912,32768,Probability broadcast reuses one value per assignment; int64 token/slot indices included.
42,expert_output_zero,routing,"{""output"": [1, 2048]}",0,0,{},0,0,4096,Reference initializes final_hidden_states to zero.
42,expert_index_add,routing,"{""weighted_outputs"": [8, 2048], ""combined_output"": [1, 2048]}",0,16384,{},0,65600,32768,"Reference index_add includes the first add into zero; destination read/update per assignment is logical payload, not measured HBM."
42,ffn_residual,residual,"{""inputs_each"": [1, 2048], ""output"": [1, 2048]}",0,2048,{},0,8192,4096,
43,input_layernorm,normalization,"{""input"": [1, 2048], ""weight"": [2048], ""output"": [1, 2048]}",0,8193,"{""rsqrt"": 1}",4096,4096,4096,按 FP32 行内归约的代数计数；rsqrt、类型转换与临时 FP32 张量分列／不推断 HBM spill。
43,q_proj,linear,"{""input"": [1, 2048], ""weight_math"": [2048, 4096], ""weight_storage"": [4096, 2048], ""output"": [1, 4096]}",16777216,0,{},16777216,4096,8192,独立 GEMM：权重与输入各读一次、输出写一次的操作数载荷；不预测 tile 重读。
43,k_proj,linear,"{""input"": [1, 2048], ""weight_math"": [2048, 512], ""weight_storage"": [512, 2048], ""output"": [1, 512]}",2097152,0,{},2097152,4096,1024,独立 GEMM：权重与输入各读一次、输出写一次的操作数载荷；不预测 tile 重读。
43,v_proj,linear,"{""input"": [1, 2048], ""weight_math"": [2048, 512], ""weight_storage"": [512, 2048], ""output"": [1, 512]}",2097152,0,{},2097152,4096,1024,独立 GEMM：权重与输入各读一次、输出写一次的操作数载荷；不预测 tile 重读。
43,q_norm,normalization,"{""input"": [32, 128], ""weight"": [128], ""output"": [32, 128]}",0,16416,"{""rsqrt"": 32}",256,8192,8192,按 FP32 行内归约的代数计数；rsqrt、类型转换与临时 FP32 张量分列／不推断 HBM spill。
43,k_norm,normalization,"{""input"": [4, 128], ""weight"": [128], ""output"": [4, 128]}",0,2052,"{""rsqrt"": 4}",256,1024,1024,按 FP32 行内归约的代数计数；rsqrt、类型转换与临时 FP32 张量分列／不推断 HBM spill。
43,apply_rope,position,"{""Q"": [1, 32, 1, 128], ""K"": [1, 4, 1, 128]}",0,13824,"{""negate"": 2304}",0,9728,9216,2 multiply + 1 add/元素，rotate_half 符号翻转分列；表按批／头理想复用。
43,kv_append,state,"{""new_K_and_V_each"": [1, 4, 1, 128]}",0,0,{},0,2048,2048,原位／分页 append 载荷；不假定动态 torch.cat 对旧缓存整段复制。
43,qk,attention,"{""Q"": [1, 32, 1, 128], ""K_shared"": [1, 4, 8193, 128], ""scores_rectangular"": [1, 32, 1, 8193]}",67117056,0,{},0,8397824,1048704,FLOPs 仅有效因果位置；载荷是假定 Q/K 各读一次、GQA 头共享，完整分数矩阵物化。
43,score_scale_mask_softmax,softmax,"{""scores"": [1, 32, 1, 8193]}",0,1048672,"{""exp"": 262176, ""compare_max"": 262144, ""mask_decisions"": 262176}",0,1048704,1048704,选择的融合 scale/mask/softmax 代数工作；屏蔽点不计 exp。物化 FP32 默认概率；非具体 eager trace。
43,pv,attention,"{""P"": [1, 32, 1, 8193], ""V_shared"": [1, 4, 8193, 128], ""output"": [1, 32, 1, 128]}",67117056,0,{},0,9438336,8192,PV/AV：各 Q 头仍计算；V 容量不乘 GQA 复制数。载荷假定 V 在头／查询之间理想复用。
43,o_proj,linear,"{""input"": [1, 4096], ""weight_math"": [4096, 2048], ""weight_storage"": [2048, 4096], ""output"": [1, 2048]}",16777216,0,{},16777216,8192,4096,独立 GEMM：权重与输入各读一次、输出写一次的操作数载荷；不预测 tile 重读。
43,attention_residual,residual,"{""inputs_each"": [1, 2048], ""output"": [1, 2048]}",0,2048,{},0,8192,4096,
43,post_attention_layernorm,normalization,"{""input"": [1, 2048], ""weight"": [2048], ""output"": [1, 2048]}",0,8193,"{""rsqrt"": 1}",4096,4096,4096,按 FP32 行内归约的代数计数；rsqrt、类型转换与临时 FP32 张量分列／不推断 HBM spill。
43,router,linear,"{""input"": [1, 2048], ""weight_math"": [2048, 128], ""weight_storage"": [128, 2048], ""output"": [1, 128]}",524288,0,{},524288,4096,256,独立 GEMM：权重与输入各读一次、输出写一次的操作数载荷；不预测 tile 重读。
43,router_softmax,routing,"{""input"": [1, 128], ""probabilities_fp32"": [1, 128]}",0,383,"{""exp"": 128, ""compare_max"": 127}",0,256,512,"FP32 softmax: subtract max, exp, reduction, divide; casts are not FLOPs."
43,router_topk,routing,"{""input_fp32"": [1, 128], ""values_fp32"": [1, 8], ""indices_int64"": [1, 8]}",0,0,"{""topk_rows"": 1, ""topk_candidates"": 128}",0,512,96,Top-k is an explicit selection primitive; candidate counts are not comparisons or FLOPs. Backend selection algorithm is unspecified.
43,router_renormalize_cast,routing,"{""selected_probabilities"": [1, 8]}",0,15,{},0,32,16,"Selected probabilities are renormalized if norm_topk_prob, then cast to activation dtype; row reduction assumed on-chip."
43,routing_one_hot,routing_metadata,"{""selected_int64"": [1, 8], ""mask_int64"": [1, 8, 128]}",0,0,"{""one_hot_entries"": 1024}",0,64,8192,Pinned HF reference materializes one_hot int64; this large routing mask is not assumed in optimized dispatch.
43,routing_where,routing_metadata,"{""mask_int64"": [128, 8, 1], ""top_x_and_slot_each"": [8]}",0,0,"{""integer_nonzero_tests"": 1024}",0,8192,128,Scan each expert mask; two int64 coordinates per assignment. Permute is a view.
43,expert_gather,routing,"{""source"": [1, 2048], ""gathered_rows"": [8, 2048]}",0,0,{},0,32832,32768,Logical gathers summed over experts; n_e and each concrete GEMM shape are in expert_matrices.
43,expert_gate_proj,linear,"{""input_per_expert"": [""n_e"", 2048], ""weight_storage_each"": [768, 2048], ""output_per_expert"": [""n_e"", 768], ""nonempty_experts"": 8, ""tokens_per_expert"": [1, 1, 1, 1, 1, 1, 1, 1, 0, 0, 0, 0, 0, 0, 0, 0, 0, 0, 0, 0, 0, 0, 0, 0, 0, 0, 0, 0, 0, 0, 0, 0, 0, 0, 0, 0, 0, 0, 0, 0, 0, 0, 0, 0, 0, 0, 0, 0, 0, 0, 0, 0, 0, 0, 0, 0, 0, 0, 0, 0, 0, 0, 0, 0, 0, 0, 0, 0, 0, 0, 0, 0, 0, 0, 0, 0, 0, 0, 0, 0, 0, 0, 0, 0, 0, 0, 0, 0, 0, 0, 0, 0, 0, 0, 0, 0, 0, 0, 0, 0, 0, 0, 0, 0, 0, 0, 0, 0, 0, 0, 0, 0, 0, 0, 0, 0, 0, 0, 0, 0, 0, 0, 0, 0, 0, 0, 0, 0]}",25165824,0,{},25165824,32768,12288,"Sum of unpadded per-expert GEMMs; each visited expert weight read once per layer, not once per token."
43,expert_up_proj,linear,"{""input_per_expert"": [""n_e"", 2048], ""weight_storage_each"": [768, 2048], ""output_per_expert"": [""n_e"", 768], ""nonempty_experts"": 8, ""tokens_per_expert"": [1, 1, 1, 1, 1, 1, 1, 1, 0, 0, 0, 0, 0, 0, 0, 0, 0, 0, 0, 0, 0, 0, 0, 0, 0, 0, 0, 0, 0, 0, 0, 0, 0, 0, 0, 0, 0, 0, 0, 0, 0, 0, 0, 0, 0, 0, 0, 0, 0, 0, 0, 0, 0, 0, 0, 0, 0, 0, 0, 0, 0, 0, 0, 0, 0, 0, 0, 0, 0, 0, 0, 0, 0, 0, 0, 0, 0, 0, 0, 0, 0, 0, 0, 0, 0, 0, 0, 0, 0, 0, 0, 0, 0, 0, 0, 0, 0, 0, 0, 0, 0, 0, 0, 0, 0, 0, 0, 0, 0, 0, 0, 0, 0, 0, 0, 0, 0, 0, 0, 0, 0, 0, 0, 0, 0, 0, 0, 0]}",25165824,0,{},25165824,32768,12288,"Sum of unpadded per-expert GEMMs; each visited expert weight read once per layer, not once per token."
43,expert_silu_mul,activation,"{""gate_and_up_each"": [8, 768]}",0,24576,"{""exp"": 6144, ""negate"": 6144}",0,24576,12288,
43,expert_down_proj,linear,"{""input_per_expert"": [""n_e"", 768], ""weight_storage_each"": [2048, 768], ""output_per_expert"": [""n_e"", 2048], ""nonempty_experts"": 8, ""tokens_per_expert"": [1, 1, 1, 1, 1, 1, 1, 1, 0, 0, 0, 0, 0, 0, 0, 0, 0, 0, 0, 0, 0, 0, 0, 0, 0, 0, 0, 0, 0, 0, 0, 0, 0, 0, 0, 0, 0, 0, 0, 0, 0, 0, 0, 0, 0, 0, 0, 0, 0, 0, 0, 0, 0, 0, 0, 0, 0, 0, 0, 0, 0, 0, 0, 0, 0, 0, 0, 0, 0, 0, 0, 0, 0, 0, 0, 0, 0, 0, 0, 0, 0, 0, 0, 0, 0, 0, 0, 0, 0, 0, 0, 0, 0, 0, 0, 0, 0, 0, 0, 0, 0, 0, 0, 0, 0, 0, 0, 0, 0, 0, 0, 0, 0, 0, 0, 0, 0, 0, 0, 0, 0, 0, 0, 0, 0, 0, 0, 0]}",25165824,0,{},25165824,12288,32768,Unpadded per-expert GEMMs; empty experts have zero arithmetic and no weight payload.
43,expert_probability_multiply,routing,"{""expert_outputs"": [8, 2048], ""routing_weights"": [8]}",0,16384,{},0,32912,32768,Probability broadcast reuses one value per assignment; int64 token/slot indices included.
43,expert_output_zero,routing,"{""output"": [1, 2048]}",0,0,{},0,0,4096,Reference initializes final_hidden_states to zero.
43,expert_index_add,routing,"{""weighted_outputs"": [8, 2048], ""combined_output"": [1, 2048]}",0,16384,{},0,65600,32768,"Reference index_add includes the first add into zero; destination read/update per assignment is logical payload, not measured HBM."
43,ffn_residual,residual,"{""inputs_each"": [1, 2048], ""output"": [1, 2048]}",0,2048,{},0,8192,4096,
44,input_layernorm,normalization,"{""input"": [1, 2048], ""weight"": [2048], ""output"": [1, 2048]}",0,8193,"{""rsqrt"": 1}",4096,4096,4096,按 FP32 行内归约的代数计数；rsqrt、类型转换与临时 FP32 张量分列／不推断 HBM spill。
44,q_proj,linear,"{""input"": [1, 2048], ""weight_math"": [2048, 4096], ""weight_storage"": [4096, 2048], ""output"": [1, 4096]}",16777216,0,{},16777216,4096,8192,独立 GEMM：权重与输入各读一次、输出写一次的操作数载荷；不预测 tile 重读。
44,k_proj,linear,"{""input"": [1, 2048], ""weight_math"": [2048, 512], ""weight_storage"": [512, 2048], ""output"": [1, 512]}",2097152,0,{},2097152,4096,1024,独立 GEMM：权重与输入各读一次、输出写一次的操作数载荷；不预测 tile 重读。
44,v_proj,linear,"{""input"": [1, 2048], ""weight_math"": [2048, 512], ""weight_storage"": [512, 2048], ""output"": [1, 512]}",2097152,0,{},2097152,4096,1024,独立 GEMM：权重与输入各读一次、输出写一次的操作数载荷；不预测 tile 重读。
44,q_norm,normalization,"{""input"": [32, 128], ""weight"": [128], ""output"": [32, 128]}",0,16416,"{""rsqrt"": 32}",256,8192,8192,按 FP32 行内归约的代数计数；rsqrt、类型转换与临时 FP32 张量分列／不推断 HBM spill。
44,k_norm,normalization,"{""input"": [4, 128], ""weight"": [128], ""output"": [4, 128]}",0,2052,"{""rsqrt"": 4}",256,1024,1024,按 FP32 行内归约的代数计数；rsqrt、类型转换与临时 FP32 张量分列／不推断 HBM spill。
44,apply_rope,position,"{""Q"": [1, 32, 1, 128], ""K"": [1, 4, 1, 128]}",0,13824,"{""negate"": 2304}",0,9728,9216,2 multiply + 1 add/元素，rotate_half 符号翻转分列；表按批／头理想复用。
44,kv_append,state,"{""new_K_and_V_each"": [1, 4, 1, 128]}",0,0,{},0,2048,2048,原位／分页 append 载荷；不假定动态 torch.cat 对旧缓存整段复制。
44,qk,attention,"{""Q"": [1, 32, 1, 128], ""K_shared"": [1, 4, 8193, 128], ""scores_rectangular"": [1, 32, 1, 8193]}",67117056,0,{},0,8397824,1048704,FLOPs 仅有效因果位置；载荷是假定 Q/K 各读一次、GQA 头共享，完整分数矩阵物化。
44,score_scale_mask_softmax,softmax,"{""scores"": [1, 32, 1, 8193]}",0,1048672,"{""exp"": 262176, ""compare_max"": 262144, ""mask_decisions"": 262176}",0,1048704,1048704,选择的融合 scale/mask/softmax 代数工作；屏蔽点不计 exp。物化 FP32 默认概率；非具体 eager trace。
44,pv,attention,"{""P"": [1, 32, 1, 8193], ""V_shared"": [1, 4, 8193, 128], ""output"": [1, 32, 1, 128]}",67117056,0,{},0,9438336,8192,PV/AV：各 Q 头仍计算；V 容量不乘 GQA 复制数。载荷假定 V 在头／查询之间理想复用。
44,o_proj,linear,"{""input"": [1, 4096], ""weight_math"": [4096, 2048], ""weight_storage"": [2048, 4096], ""output"": [1, 2048]}",16777216,0,{},16777216,8192,4096,独立 GEMM：权重与输入各读一次、输出写一次的操作数载荷；不预测 tile 重读。
44,attention_residual,residual,"{""inputs_each"": [1, 2048], ""output"": [1, 2048]}",0,2048,{},0,8192,4096,
44,post_attention_layernorm,normalization,"{""input"": [1, 2048], ""weight"": [2048], ""output"": [1, 2048]}",0,8193,"{""rsqrt"": 1}",4096,4096,4096,按 FP32 行内归约的代数计数；rsqrt、类型转换与临时 FP32 张量分列／不推断 HBM spill。
44,router,linear,"{""input"": [1, 2048], ""weight_math"": [2048, 128], ""weight_storage"": [128, 2048], ""output"": [1, 128]}",524288,0,{},524288,4096,256,独立 GEMM：权重与输入各读一次、输出写一次的操作数载荷；不预测 tile 重读。
44,router_softmax,routing,"{""input"": [1, 128], ""probabilities_fp32"": [1, 128]}",0,383,"{""exp"": 128, ""compare_max"": 127}",0,256,512,"FP32 softmax: subtract max, exp, reduction, divide; casts are not FLOPs."
44,router_topk,routing,"{""input_fp32"": [1, 128], ""values_fp32"": [1, 8], ""indices_int64"": [1, 8]}",0,0,"{""topk_rows"": 1, ""topk_candidates"": 128}",0,512,96,Top-k is an explicit selection primitive; candidate counts are not comparisons or FLOPs. Backend selection algorithm is unspecified.
44,router_renormalize_cast,routing,"{""selected_probabilities"": [1, 8]}",0,15,{},0,32,16,"Selected probabilities are renormalized if norm_topk_prob, then cast to activation dtype; row reduction assumed on-chip."
44,routing_one_hot,routing_metadata,"{""selected_int64"": [1, 8], ""mask_int64"": [1, 8, 128]}",0,0,"{""one_hot_entries"": 1024}",0,64,8192,Pinned HF reference materializes one_hot int64; this large routing mask is not assumed in optimized dispatch.
44,routing_where,routing_metadata,"{""mask_int64"": [128, 8, 1], ""top_x_and_slot_each"": [8]}",0,0,"{""integer_nonzero_tests"": 1024}",0,8192,128,Scan each expert mask; two int64 coordinates per assignment. Permute is a view.
44,expert_gather,routing,"{""source"": [1, 2048], ""gathered_rows"": [8, 2048]}",0,0,{},0,32832,32768,Logical gathers summed over experts; n_e and each concrete GEMM shape are in expert_matrices.
44,expert_gate_proj,linear,"{""input_per_expert"": [""n_e"", 2048], ""weight_storage_each"": [768, 2048], ""output_per_expert"": [""n_e"", 768], ""nonempty_experts"": 8, ""tokens_per_expert"": [1, 1, 1, 1, 1, 1, 1, 1, 0, 0, 0, 0, 0, 0, 0, 0, 0, 0, 0, 0, 0, 0, 0, 0, 0, 0, 0, 0, 0, 0, 0, 0, 0, 0, 0, 0, 0, 0, 0, 0, 0, 0, 0, 0, 0, 0, 0, 0, 0, 0, 0, 0, 0, 0, 0, 0, 0, 0, 0, 0, 0, 0, 0, 0, 0, 0, 0, 0, 0, 0, 0, 0, 0, 0, 0, 0, 0, 0, 0, 0, 0, 0, 0, 0, 0, 0, 0, 0, 0, 0, 0, 0, 0, 0, 0, 0, 0, 0, 0, 0, 0, 0, 0, 0, 0, 0, 0, 0, 0, 0, 0, 0, 0, 0, 0, 0, 0, 0, 0, 0, 0, 0, 0, 0, 0, 0, 0, 0]}",25165824,0,{},25165824,32768,12288,"Sum of unpadded per-expert GEMMs; each visited expert weight read once per layer, not once per token."
44,expert_up_proj,linear,"{""input_per_expert"": [""n_e"", 2048], ""weight_storage_each"": [768, 2048], ""output_per_expert"": [""n_e"", 768], ""nonempty_experts"": 8, ""tokens_per_expert"": [1, 1, 1, 1, 1, 1, 1, 1, 0, 0, 0, 0, 0, 0, 0, 0, 0, 0, 0, 0, 0, 0, 0, 0, 0, 0, 0, 0, 0, 0, 0, 0, 0, 0, 0, 0, 0, 0, 0, 0, 0, 0, 0, 0, 0, 0, 0, 0, 0, 0, 0, 0, 0, 0, 0, 0, 0, 0, 0, 0, 0, 0, 0, 0, 0, 0, 0, 0, 0, 0, 0, 0, 0, 0, 0, 0, 0, 0, 0, 0, 0, 0, 0, 0, 0, 0, 0, 0, 0, 0, 0, 0, 0, 0, 0, 0, 0, 0, 0, 0, 0, 0, 0, 0, 0, 0, 0, 0, 0, 0, 0, 0, 0, 0, 0, 0, 0, 0, 0, 0, 0, 0, 0, 0, 0, 0, 0, 0]}",25165824,0,{},25165824,32768,12288,"Sum of unpadded per-expert GEMMs; each visited expert weight read once per layer, not once per token."
44,expert_silu_mul,activation,"{""gate_and_up_each"": [8, 768]}",0,24576,"{""exp"": 6144, ""negate"": 6144}",0,24576,12288,
44,expert_down_proj,linear,"{""input_per_expert"": [""n_e"", 768], ""weight_storage_each"": [2048, 768], ""output_per_expert"": [""n_e"", 2048], ""nonempty_experts"": 8, ""tokens_per_expert"": [1, 1, 1, 1, 1, 1, 1, 1, 0, 0, 0, 0, 0, 0, 0, 0, 0, 0, 0, 0, 0, 0, 0, 0, 0, 0, 0, 0, 0, 0, 0, 0, 0, 0, 0, 0, 0, 0, 0, 0, 0, 0, 0, 0, 0, 0, 0, 0, 0, 0, 0, 0, 0, 0, 0, 0, 0, 0, 0, 0, 0, 0, 0, 0, 0, 0, 0, 0, 0, 0, 0, 0, 0, 0, 0, 0, 0, 0, 0, 0, 0, 0, 0, 0, 0, 0, 0, 0, 0, 0, 0, 0, 0, 0, 0, 0, 0, 0, 0, 0, 0, 0, 0, 0, 0, 0, 0, 0, 0, 0, 0, 0, 0, 0, 0, 0, 0, 0, 0, 0, 0, 0, 0, 0, 0, 0, 0, 0]}",25165824,0,{},25165824,12288,32768,Unpadded per-expert GEMMs; empty experts have zero arithmetic and no weight payload.
44,expert_probability_multiply,routing,"{""expert_outputs"": [8, 2048], ""routing_weights"": [8]}",0,16384,{},0,32912,32768,Probability broadcast reuses one value per assignment; int64 token/slot indices included.
44,expert_output_zero,routing,"{""output"": [1, 2048]}",0,0,{},0,0,4096,Reference initializes final_hidden_states to zero.
44,expert_index_add,routing,"{""weighted_outputs"": [8, 2048], ""combined_output"": [1, 2048]}",0,16384,{},0,65600,32768,"Reference index_add includes the first add into zero; destination read/update per assignment is logical payload, not measured HBM."
44,ffn_residual,residual,"{""inputs_each"": [1, 2048], ""output"": [1, 2048]}",0,2048,{},0,8192,4096,
45,input_layernorm,normalization,"{""input"": [1, 2048], ""weight"": [2048], ""output"": [1, 2048]}",0,8193,"{""rsqrt"": 1}",4096,4096,4096,按 FP32 行内归约的代数计数；rsqrt、类型转换与临时 FP32 张量分列／不推断 HBM spill。
45,q_proj,linear,"{""input"": [1, 2048], ""weight_math"": [2048, 4096], ""weight_storage"": [4096, 2048], ""output"": [1, 4096]}",16777216,0,{},16777216,4096,8192,独立 GEMM：权重与输入各读一次、输出写一次的操作数载荷；不预测 tile 重读。
45,k_proj,linear,"{""input"": [1, 2048], ""weight_math"": [2048, 512], ""weight_storage"": [512, 2048], ""output"": [1, 512]}",2097152,0,{},2097152,4096,1024,独立 GEMM：权重与输入各读一次、输出写一次的操作数载荷；不预测 tile 重读。
45,v_proj,linear,"{""input"": [1, 2048], ""weight_math"": [2048, 512], ""weight_storage"": [512, 2048], ""output"": [1, 512]}",2097152,0,{},2097152,4096,1024,独立 GEMM：权重与输入各读一次、输出写一次的操作数载荷；不预测 tile 重读。
45,q_norm,normalization,"{""input"": [32, 128], ""weight"": [128], ""output"": [32, 128]}",0,16416,"{""rsqrt"": 32}",256,8192,8192,按 FP32 行内归约的代数计数；rsqrt、类型转换与临时 FP32 张量分列／不推断 HBM spill。
45,k_norm,normalization,"{""input"": [4, 128], ""weight"": [128], ""output"": [4, 128]}",0,2052,"{""rsqrt"": 4}",256,1024,1024,按 FP32 行内归约的代数计数；rsqrt、类型转换与临时 FP32 张量分列／不推断 HBM spill。
45,apply_rope,position,"{""Q"": [1, 32, 1, 128], ""K"": [1, 4, 1, 128]}",0,13824,"{""negate"": 2304}",0,9728,9216,2 multiply + 1 add/元素，rotate_half 符号翻转分列；表按批／头理想复用。
45,kv_append,state,"{""new_K_and_V_each"": [1, 4, 1, 128]}",0,0,{},0,2048,2048,原位／分页 append 载荷；不假定动态 torch.cat 对旧缓存整段复制。
45,qk,attention,"{""Q"": [1, 32, 1, 128], ""K_shared"": [1, 4, 8193, 128], ""scores_rectangular"": [1, 32, 1, 8193]}",67117056,0,{},0,8397824,1048704,FLOPs 仅有效因果位置；载荷是假定 Q/K 各读一次、GQA 头共享，完整分数矩阵物化。
45,score_scale_mask_softmax,softmax,"{""scores"": [1, 32, 1, 8193]}",0,1048672,"{""exp"": 262176, ""compare_max"": 262144, ""mask_decisions"": 262176}",0,1048704,1048704,选择的融合 scale/mask/softmax 代数工作；屏蔽点不计 exp。物化 FP32 默认概率；非具体 eager trace。
45,pv,attention,"{""P"": [1, 32, 1, 8193], ""V_shared"": [1, 4, 8193, 128], ""output"": [1, 32, 1, 128]}",67117056,0,{},0,9438336,8192,PV/AV：各 Q 头仍计算；V 容量不乘 GQA 复制数。载荷假定 V 在头／查询之间理想复用。
45,o_proj,linear,"{""input"": [1, 4096], ""weight_math"": [4096, 2048], ""weight_storage"": [2048, 4096], ""output"": [1, 2048]}",16777216,0,{},16777216,8192,4096,独立 GEMM：权重与输入各读一次、输出写一次的操作数载荷；不预测 tile 重读。
45,attention_residual,residual,"{""inputs_each"": [1, 2048], ""output"": [1, 2048]}",0,2048,{},0,8192,4096,
45,post_attention_layernorm,normalization,"{""input"": [1, 2048], ""weight"": [2048], ""output"": [1, 2048]}",0,8193,"{""rsqrt"": 1}",4096,4096,4096,按 FP32 行内归约的代数计数；rsqrt、类型转换与临时 FP32 张量分列／不推断 HBM spill。
45,router,linear,"{""input"": [1, 2048], ""weight_math"": [2048, 128], ""weight_storage"": [128, 2048], ""output"": [1, 128]}",524288,0,{},524288,4096,256,独立 GEMM：权重与输入各读一次、输出写一次的操作数载荷；不预测 tile 重读。
45,router_softmax,routing,"{""input"": [1, 128], ""probabilities_fp32"": [1, 128]}",0,383,"{""exp"": 128, ""compare_max"": 127}",0,256,512,"FP32 softmax: subtract max, exp, reduction, divide; casts are not FLOPs."
45,router_topk,routing,"{""input_fp32"": [1, 128], ""values_fp32"": [1, 8], ""indices_int64"": [1, 8]}",0,0,"{""topk_rows"": 1, ""topk_candidates"": 128}",0,512,96,Top-k is an explicit selection primitive; candidate counts are not comparisons or FLOPs. Backend selection algorithm is unspecified.
45,router_renormalize_cast,routing,"{""selected_probabilities"": [1, 8]}",0,15,{},0,32,16,"Selected probabilities are renormalized if norm_topk_prob, then cast to activation dtype; row reduction assumed on-chip."
45,routing_one_hot,routing_metadata,"{""selected_int64"": [1, 8], ""mask_int64"": [1, 8, 128]}",0,0,"{""one_hot_entries"": 1024}",0,64,8192,Pinned HF reference materializes one_hot int64; this large routing mask is not assumed in optimized dispatch.
45,routing_where,routing_metadata,"{""mask_int64"": [128, 8, 1], ""top_x_and_slot_each"": [8]}",0,0,"{""integer_nonzero_tests"": 1024}",0,8192,128,Scan each expert mask; two int64 coordinates per assignment. Permute is a view.
45,expert_gather,routing,"{""source"": [1, 2048], ""gathered_rows"": [8, 2048]}",0,0,{},0,32832,32768,Logical gathers summed over experts; n_e and each concrete GEMM shape are in expert_matrices.
45,expert_gate_proj,linear,"{""input_per_expert"": [""n_e"", 2048], ""weight_storage_each"": [768, 2048], ""output_per_expert"": [""n_e"", 768], ""nonempty_experts"": 8, ""tokens_per_expert"": [1, 1, 1, 1, 1, 1, 1, 1, 0, 0, 0, 0, 0, 0, 0, 0, 0, 0, 0, 0, 0, 0, 0, 0, 0, 0, 0, 0, 0, 0, 0, 0, 0, 0, 0, 0, 0, 0, 0, 0, 0, 0, 0, 0, 0, 0, 0, 0, 0, 0, 0, 0, 0, 0, 0, 0, 0, 0, 0, 0, 0, 0, 0, 0, 0, 0, 0, 0, 0, 0, 0, 0, 0, 0, 0, 0, 0, 0, 0, 0, 0, 0, 0, 0, 0, 0, 0, 0, 0, 0, 0, 0, 0, 0, 0, 0, 0, 0, 0, 0, 0, 0, 0, 0, 0, 0, 0, 0, 0, 0, 0, 0, 0, 0, 0, 0, 0, 0, 0, 0, 0, 0, 0, 0, 0, 0, 0, 0]}",25165824,0,{},25165824,32768,12288,"Sum of unpadded per-expert GEMMs; each visited expert weight read once per layer, not once per token."
45,expert_up_proj,linear,"{""input_per_expert"": [""n_e"", 2048], ""weight_storage_each"": [768, 2048], ""output_per_expert"": [""n_e"", 768], ""nonempty_experts"": 8, ""tokens_per_expert"": [1, 1, 1, 1, 1, 1, 1, 1, 0, 0, 0, 0, 0, 0, 0, 0, 0, 0, 0, 0, 0, 0, 0, 0, 0, 0, 0, 0, 0, 0, 0, 0, 0, 0, 0, 0, 0, 0, 0, 0, 0, 0, 0, 0, 0, 0, 0, 0, 0, 0, 0, 0, 0, 0, 0, 0, 0, 0, 0, 0, 0, 0, 0, 0, 0, 0, 0, 0, 0, 0, 0, 0, 0, 0, 0, 0, 0, 0, 0, 0, 0, 0, 0, 0, 0, 0, 0, 0, 0, 0, 0, 0, 0, 0, 0, 0, 0, 0, 0, 0, 0, 0, 0, 0, 0, 0, 0, 0, 0, 0, 0, 0, 0, 0, 0, 0, 0, 0, 0, 0, 0, 0, 0, 0, 0, 0, 0, 0]}",25165824,0,{},25165824,32768,12288,"Sum of unpadded per-expert GEMMs; each visited expert weight read once per layer, not once per token."
45,expert_silu_mul,activation,"{""gate_and_up_each"": [8, 768]}",0,24576,"{""exp"": 6144, ""negate"": 6144}",0,24576,12288,
45,expert_down_proj,linear,"{""input_per_expert"": [""n_e"", 768], ""weight_storage_each"": [2048, 768], ""output_per_expert"": [""n_e"", 2048], ""nonempty_experts"": 8, ""tokens_per_expert"": [1, 1, 1, 1, 1, 1, 1, 1, 0, 0, 0, 0, 0, 0, 0, 0, 0, 0, 0, 0, 0, 0, 0, 0, 0, 0, 0, 0, 0, 0, 0, 0, 0, 0, 0, 0, 0, 0, 0, 0, 0, 0, 0, 0, 0, 0, 0, 0, 0, 0, 0, 0, 0, 0, 0, 0, 0, 0, 0, 0, 0, 0, 0, 0, 0, 0, 0, 0, 0, 0, 0, 0, 0, 0, 0, 0, 0, 0, 0, 0, 0, 0, 0, 0, 0, 0, 0, 0, 0, 0, 0, 0, 0, 0, 0, 0, 0, 0, 0, 0, 0, 0, 0, 0, 0, 0, 0, 0, 0, 0, 0, 0, 0, 0, 0, 0, 0, 0, 0, 0, 0, 0, 0, 0, 0, 0, 0, 0]}",25165824,0,{},25165824,12288,32768,Unpadded per-expert GEMMs; empty experts have zero arithmetic and no weight payload.
45,expert_probability_multiply,routing,"{""expert_outputs"": [8, 2048], ""routing_weights"": [8]}",0,16384,{},0,32912,32768,Probability broadcast reuses one value per assignment; int64 token/slot indices included.
45,expert_output_zero,routing,"{""output"": [1, 2048]}",0,0,{},0,0,4096,Reference initializes final_hidden_states to zero.
45,expert_index_add,routing,"{""weighted_outputs"": [8, 2048], ""combined_output"": [1, 2048]}",0,16384,{},0,65600,32768,"Reference index_add includes the first add into zero; destination read/update per assignment is logical payload, not measured HBM."
45,ffn_residual,residual,"{""inputs_each"": [1, 2048], ""output"": [1, 2048]}",0,2048,{},0,8192,4096,
46,input_layernorm,normalization,"{""input"": [1, 2048], ""weight"": [2048], ""output"": [1, 2048]}",0,8193,"{""rsqrt"": 1}",4096,4096,4096,按 FP32 行内归约的代数计数；rsqrt、类型转换与临时 FP32 张量分列／不推断 HBM spill。
46,q_proj,linear,"{""input"": [1, 2048], ""weight_math"": [2048, 4096], ""weight_storage"": [4096, 2048], ""output"": [1, 4096]}",16777216,0,{},16777216,4096,8192,独立 GEMM：权重与输入各读一次、输出写一次的操作数载荷；不预测 tile 重读。
46,k_proj,linear,"{""input"": [1, 2048], ""weight_math"": [2048, 512], ""weight_storage"": [512, 2048], ""output"": [1, 512]}",2097152,0,{},2097152,4096,1024,独立 GEMM：权重与输入各读一次、输出写一次的操作数载荷；不预测 tile 重读。
46,v_proj,linear,"{""input"": [1, 2048], ""weight_math"": [2048, 512], ""weight_storage"": [512, 2048], ""output"": [1, 512]}",2097152,0,{},2097152,4096,1024,独立 GEMM：权重与输入各读一次、输出写一次的操作数载荷；不预测 tile 重读。
46,q_norm,normalization,"{""input"": [32, 128], ""weight"": [128], ""output"": [32, 128]}",0,16416,"{""rsqrt"": 32}",256,8192,8192,按 FP32 行内归约的代数计数；rsqrt、类型转换与临时 FP32 张量分列／不推断 HBM spill。
46,k_norm,normalization,"{""input"": [4, 128], ""weight"": [128], ""output"": [4, 128]}",0,2052,"{""rsqrt"": 4}",256,1024,1024,按 FP32 行内归约的代数计数；rsqrt、类型转换与临时 FP32 张量分列／不推断 HBM spill。
46,apply_rope,position,"{""Q"": [1, 32, 1, 128], ""K"": [1, 4, 1, 128]}",0,13824,"{""negate"": 2304}",0,9728,9216,2 multiply + 1 add/元素，rotate_half 符号翻转分列；表按批／头理想复用。
46,kv_append,state,"{""new_K_and_V_each"": [1, 4, 1, 128]}",0,0,{},0,2048,2048,原位／分页 append 载荷；不假定动态 torch.cat 对旧缓存整段复制。
46,qk,attention,"{""Q"": [1, 32, 1, 128], ""K_shared"": [1, 4, 8193, 128], ""scores_rectangular"": [1, 32, 1, 8193]}",67117056,0,{},0,8397824,1048704,FLOPs 仅有效因果位置；载荷是假定 Q/K 各读一次、GQA 头共享，完整分数矩阵物化。
46,score_scale_mask_softmax,softmax,"{""scores"": [1, 32, 1, 8193]}",0,1048672,"{""exp"": 262176, ""compare_max"": 262144, ""mask_decisions"": 262176}",0,1048704,1048704,选择的融合 scale/mask/softmax 代数工作；屏蔽点不计 exp。物化 FP32 默认概率；非具体 eager trace。
46,pv,attention,"{""P"": [1, 32, 1, 8193], ""V_shared"": [1, 4, 8193, 128], ""output"": [1, 32, 1, 128]}",67117056,0,{},0,9438336,8192,PV/AV：各 Q 头仍计算；V 容量不乘 GQA 复制数。载荷假定 V 在头／查询之间理想复用。
46,o_proj,linear,"{""input"": [1, 4096], ""weight_math"": [4096, 2048], ""weight_storage"": [2048, 4096], ""output"": [1, 2048]}",16777216,0,{},16777216,8192,4096,独立 GEMM：权重与输入各读一次、输出写一次的操作数载荷；不预测 tile 重读。
46,attention_residual,residual,"{""inputs_each"": [1, 2048], ""output"": [1, 2048]}",0,2048,{},0,8192,4096,
46,post_attention_layernorm,normalization,"{""input"": [1, 2048], ""weight"": [2048], ""output"": [1, 2048]}",0,8193,"{""rsqrt"": 1}",4096,4096,4096,按 FP32 行内归约的代数计数；rsqrt、类型转换与临时 FP32 张量分列／不推断 HBM spill。
46,router,linear,"{""input"": [1, 2048], ""weight_math"": [2048, 128], ""weight_storage"": [128, 2048], ""output"": [1, 128]}",524288,0,{},524288,4096,256,独立 GEMM：权重与输入各读一次、输出写一次的操作数载荷；不预测 tile 重读。
46,router_softmax,routing,"{""input"": [1, 128], ""probabilities_fp32"": [1, 128]}",0,383,"{""exp"": 128, ""compare_max"": 127}",0,256,512,"FP32 softmax: subtract max, exp, reduction, divide; casts are not FLOPs."
46,router_topk,routing,"{""input_fp32"": [1, 128], ""values_fp32"": [1, 8], ""indices_int64"": [1, 8]}",0,0,"{""topk_rows"": 1, ""topk_candidates"": 128}",0,512,96,Top-k is an explicit selection primitive; candidate counts are not comparisons or FLOPs. Backend selection algorithm is unspecified.
46,router_renormalize_cast,routing,"{""selected_probabilities"": [1, 8]}",0,15,{},0,32,16,"Selected probabilities are renormalized if norm_topk_prob, then cast to activation dtype; row reduction assumed on-chip."
46,routing_one_hot,routing_metadata,"{""selected_int64"": [1, 8], ""mask_int64"": [1, 8, 128]}",0,0,"{""one_hot_entries"": 1024}",0,64,8192,Pinned HF reference materializes one_hot int64; this large routing mask is not assumed in optimized dispatch.
46,routing_where,routing_metadata,"{""mask_int64"": [128, 8, 1], ""top_x_and_slot_each"": [8]}",0,0,"{""integer_nonzero_tests"": 1024}",0,8192,128,Scan each expert mask; two int64 coordinates per assignment. Permute is a view.
46,expert_gather,routing,"{""source"": [1, 2048], ""gathered_rows"": [8, 2048]}",0,0,{},0,32832,32768,Logical gathers summed over experts; n_e and each concrete GEMM shape are in expert_matrices.
46,expert_gate_proj,linear,"{""input_per_expert"": [""n_e"", 2048], ""weight_storage_each"": [768, 2048], ""output_per_expert"": [""n_e"", 768], ""nonempty_experts"": 8, ""tokens_per_expert"": [1, 1, 1, 1, 1, 1, 1, 1, 0, 0, 0, 0, 0, 0, 0, 0, 0, 0, 0, 0, 0, 0, 0, 0, 0, 0, 0, 0, 0, 0, 0, 0, 0, 0, 0, 0, 0, 0, 0, 0, 0, 0, 0, 0, 0, 0, 0, 0, 0, 0, 0, 0, 0, 0, 0, 0, 0, 0, 0, 0, 0, 0, 0, 0, 0, 0, 0, 0, 0, 0, 0, 0, 0, 0, 0, 0, 0, 0, 0, 0, 0, 0, 0, 0, 0, 0, 0, 0, 0, 0, 0, 0, 0, 0, 0, 0, 0, 0, 0, 0, 0, 0, 0, 0, 0, 0, 0, 0, 0, 0, 0, 0, 0, 0, 0, 0, 0, 0, 0, 0, 0, 0, 0, 0, 0, 0, 0, 0]}",25165824,0,{},25165824,32768,12288,"Sum of unpadded per-expert GEMMs; each visited expert weight read once per layer, not once per token."
46,expert_up_proj,linear,"{""input_per_expert"": [""n_e"", 2048], ""weight_storage_each"": [768, 2048], ""output_per_expert"": [""n_e"", 768], ""nonempty_experts"": 8, ""tokens_per_expert"": [1, 1, 1, 1, 1, 1, 1, 1, 0, 0, 0, 0, 0, 0, 0, 0, 0, 0, 0, 0, 0, 0, 0, 0, 0, 0, 0, 0, 0, 0, 0, 0, 0, 0, 0, 0, 0, 0, 0, 0, 0, 0, 0, 0, 0, 0, 0, 0, 0, 0, 0, 0, 0, 0, 0, 0, 0, 0, 0, 0, 0, 0, 0, 0, 0, 0, 0, 0, 0, 0, 0, 0, 0, 0, 0, 0, 0, 0, 0, 0, 0, 0, 0, 0, 0, 0, 0, 0, 0, 0, 0, 0, 0, 0, 0, 0, 0, 0, 0, 0, 0, 0, 0, 0, 0, 0, 0, 0, 0, 0, 0, 0, 0, 0, 0, 0, 0, 0, 0, 0, 0, 0, 0, 0, 0, 0, 0, 0]}",25165824,0,{},25165824,32768,12288,"Sum of unpadded per-expert GEMMs; each visited expert weight read once per layer, not once per token."
46,expert_silu_mul,activation,"{""gate_and_up_each"": [8, 768]}",0,24576,"{""exp"": 6144, ""negate"": 6144}",0,24576,12288,
46,expert_down_proj,linear,"{""input_per_expert"": [""n_e"", 768], ""weight_storage_each"": [2048, 768], ""output_per_expert"": [""n_e"", 2048], ""nonempty_experts"": 8, ""tokens_per_expert"": [1, 1, 1, 1, 1, 1, 1, 1, 0, 0, 0, 0, 0, 0, 0, 0, 0, 0, 0, 0, 0, 0, 0, 0, 0, 0, 0, 0, 0, 0, 0, 0, 0, 0, 0, 0, 0, 0, 0, 0, 0, 0, 0, 0, 0, 0, 0, 0, 0, 0, 0, 0, 0, 0, 0, 0, 0, 0, 0, 0, 0, 0, 0, 0, 0, 0, 0, 0, 0, 0, 0, 0, 0, 0, 0, 0, 0, 0, 0, 0, 0, 0, 0, 0, 0, 0, 0, 0, 0, 0, 0, 0, 0, 0, 0, 0, 0, 0, 0, 0, 0, 0, 0, 0, 0, 0, 0, 0, 0, 0, 0, 0, 0, 0, 0, 0, 0, 0, 0, 0, 0, 0, 0, 0, 0, 0, 0, 0]}",25165824,0,{},25165824,12288,32768,Unpadded per-expert GEMMs; empty experts have zero arithmetic and no weight payload.
46,expert_probability_multiply,routing,"{""expert_outputs"": [8, 2048], ""routing_weights"": [8]}",0,16384,{},0,32912,32768,Probability broadcast reuses one value per assignment; int64 token/slot indices included.
46,expert_output_zero,routing,"{""output"": [1, 2048]}",0,0,{},0,0,4096,Reference initializes final_hidden_states to zero.
46,expert_index_add,routing,"{""weighted_outputs"": [8, 2048], ""combined_output"": [1, 2048]}",0,16384,{},0,65600,32768,"Reference index_add includes the first add into zero; destination read/update per assignment is logical payload, not measured HBM."
46,ffn_residual,residual,"{""inputs_each"": [1, 2048], ""output"": [1, 2048]}",0,2048,{},0,8192,4096,
47,input_layernorm,normalization,"{""input"": [1, 2048], ""weight"": [2048], ""output"": [1, 2048]}",0,8193,"{""rsqrt"": 1}",4096,4096,4096,按 FP32 行内归约的代数计数；rsqrt、类型转换与临时 FP32 张量分列／不推断 HBM spill。
47,q_proj,linear,"{""input"": [1, 2048], ""weight_math"": [2048, 4096], ""weight_storage"": [4096, 2048], ""output"": [1, 4096]}",16777216,0,{},16777216,4096,8192,独立 GEMM：权重与输入各读一次、输出写一次的操作数载荷；不预测 tile 重读。
47,k_proj,linear,"{""input"": [1, 2048], ""weight_math"": [2048, 512], ""weight_storage"": [512, 2048], ""output"": [1, 512]}",2097152,0,{},2097152,4096,1024,独立 GEMM：权重与输入各读一次、输出写一次的操作数载荷；不预测 tile 重读。
47,v_proj,linear,"{""input"": [1, 2048], ""weight_math"": [2048, 512], ""weight_storage"": [512, 2048], ""output"": [1, 512]}",2097152,0,{},2097152,4096,1024,独立 GEMM：权重与输入各读一次、输出写一次的操作数载荷；不预测 tile 重读。
47,q_norm,normalization,"{""input"": [32, 128], ""weight"": [128], ""output"": [32, 128]}",0,16416,"{""rsqrt"": 32}",256,8192,8192,按 FP32 行内归约的代数计数；rsqrt、类型转换与临时 FP32 张量分列／不推断 HBM spill。
47,k_norm,normalization,"{""input"": [4, 128], ""weight"": [128], ""output"": [4, 128]}",0,2052,"{""rsqrt"": 4}",256,1024,1024,按 FP32 行内归约的代数计数；rsqrt、类型转换与临时 FP32 张量分列／不推断 HBM spill。
47,apply_rope,position,"{""Q"": [1, 32, 1, 128], ""K"": [1, 4, 1, 128]}",0,13824,"{""negate"": 2304}",0,9728,9216,2 multiply + 1 add/元素，rotate_half 符号翻转分列；表按批／头理想复用。
47,kv_append,state,"{""new_K_and_V_each"": [1, 4, 1, 128]}",0,0,{},0,2048,2048,原位／分页 append 载荷；不假定动态 torch.cat 对旧缓存整段复制。
47,qk,attention,"{""Q"": [1, 32, 1, 128], ""K_shared"": [1, 4, 8193, 128], ""scores_rectangular"": [1, 32, 1, 8193]}",67117056,0,{},0,8397824,1048704,FLOPs 仅有效因果位置；载荷是假定 Q/K 各读一次、GQA 头共享，完整分数矩阵物化。
47,score_scale_mask_softmax,softmax,"{""scores"": [1, 32, 1, 8193]}",0,1048672,"{""exp"": 262176, ""compare_max"": 262144, ""mask_decisions"": 262176}",0,1048704,1048704,选择的融合 scale/mask/softmax 代数工作；屏蔽点不计 exp。物化 FP32 默认概率；非具体 eager trace。
47,pv,attention,"{""P"": [1, 32, 1, 8193], ""V_shared"": [1, 4, 8193, 128], ""output"": [1, 32, 1, 128]}",67117056,0,{},0,9438336,8192,PV/AV：各 Q 头仍计算；V 容量不乘 GQA 复制数。载荷假定 V 在头／查询之间理想复用。
47,o_proj,linear,"{""input"": [1, 4096], ""weight_math"": [4096, 2048], ""weight_storage"": [2048, 4096], ""output"": [1, 2048]}",16777216,0,{},16777216,8192,4096,独立 GEMM：权重与输入各读一次、输出写一次的操作数载荷；不预测 tile 重读。
47,attention_residual,residual,"{""inputs_each"": [1, 2048], ""output"": [1, 2048]}",0,2048,{},0,8192,4096,
47,post_attention_layernorm,normalization,"{""input"": [1, 2048], ""weight"": [2048], ""output"": [1, 2048]}",0,8193,"{""rsqrt"": 1}",4096,4096,4096,按 FP32 行内归约的代数计数；rsqrt、类型转换与临时 FP32 张量分列／不推断 HBM spill。
47,router,linear,"{""input"": [1, 2048], ""weight_math"": [2048, 128], ""weight_storage"": [128, 2048], ""output"": [1, 128]}",524288,0,{},524288,4096,256,独立 GEMM：权重与输入各读一次、输出写一次的操作数载荷；不预测 tile 重读。
47,router_softmax,routing,"{""input"": [1, 128], ""probabilities_fp32"": [1, 128]}",0,383,"{""exp"": 128, ""compare_max"": 127}",0,256,512,"FP32 softmax: subtract max, exp, reduction, divide; casts are not FLOPs."
47,router_topk,routing,"{""input_fp32"": [1, 128], ""values_fp32"": [1, 8], ""indices_int64"": [1, 8]}",0,0,"{""topk_rows"": 1, ""topk_candidates"": 128}",0,512,96,Top-k is an explicit selection primitive; candidate counts are not comparisons or FLOPs. Backend selection algorithm is unspecified.
47,router_renormalize_cast,routing,"{""selected_probabilities"": [1, 8]}",0,15,{},0,32,16,"Selected probabilities are renormalized if norm_topk_prob, then cast to activation dtype; row reduction assumed on-chip."
47,routing_one_hot,routing_metadata,"{""selected_int64"": [1, 8], ""mask_int64"": [1, 8, 128]}",0,0,"{""one_hot_entries"": 1024}",0,64,8192,Pinned HF reference materializes one_hot int64; this large routing mask is not assumed in optimized dispatch.
47,routing_where,routing_metadata,"{""mask_int64"": [128, 8, 1], ""top_x_and_slot_each"": [8]}",0,0,"{""integer_nonzero_tests"": 1024}",0,8192,128,Scan each expert mask; two int64 coordinates per assignment. Permute is a view.
47,expert_gather,routing,"{""source"": [1, 2048], ""gathered_rows"": [8, 2048]}",0,0,{},0,32832,32768,Logical gathers summed over experts; n_e and each concrete GEMM shape are in expert_matrices.
47,expert_gate_proj,linear,"{""input_per_expert"": [""n_e"", 2048], ""weight_storage_each"": [768, 2048], ""output_per_expert"": [""n_e"", 768], ""nonempty_experts"": 8, ""tokens_per_expert"": [1, 1, 1, 1, 1, 1, 1, 1, 0, 0, 0, 0, 0, 0, 0, 0, 0, 0, 0, 0, 0, 0, 0, 0, 0, 0, 0, 0, 0, 0, 0, 0, 0, 0, 0, 0, 0, 0, 0, 0, 0, 0, 0, 0, 0, 0, 0, 0, 0, 0, 0, 0, 0, 0, 0, 0, 0, 0, 0, 0, 0, 0, 0, 0, 0, 0, 0, 0, 0, 0, 0, 0, 0, 0, 0, 0, 0, 0, 0, 0, 0, 0, 0, 0, 0, 0, 0, 0, 0, 0, 0, 0, 0, 0, 0, 0, 0, 0, 0, 0, 0, 0, 0, 0, 0, 0, 0, 0, 0, 0, 0, 0, 0, 0, 0, 0, 0, 0, 0, 0, 0, 0, 0, 0, 0, 0, 0, 0]}",25165824,0,{},25165824,32768,12288,"Sum of unpadded per-expert GEMMs; each visited expert weight read once per layer, not once per token."
47,expert_up_proj,linear,"{""input_per_expert"": [""n_e"", 2048], ""weight_storage_each"": [768, 2048], ""output_per_expert"": [""n_e"", 768], ""nonempty_experts"": 8, ""tokens_per_expert"": [1, 1, 1, 1, 1, 1, 1, 1, 0, 0, 0, 0, 0, 0, 0, 0, 0, 0, 0, 0, 0, 0, 0, 0, 0, 0, 0, 0, 0, 0, 0, 0, 0, 0, 0, 0, 0, 0, 0, 0, 0, 0, 0, 0, 0, 0, 0, 0, 0, 0, 0, 0, 0, 0, 0, 0, 0, 0, 0, 0, 0, 0, 0, 0, 0, 0, 0, 0, 0, 0, 0, 0, 0, 0, 0, 0, 0, 0, 0, 0, 0, 0, 0, 0, 0, 0, 0, 0, 0, 0, 0, 0, 0, 0, 0, 0, 0, 0, 0, 0, 0, 0, 0, 0, 0, 0, 0, 0, 0, 0, 0, 0, 0, 0, 0, 0, 0, 0, 0, 0, 0, 0, 0, 0, 0, 0, 0, 0]}",25165824,0,{},25165824,32768,12288,"Sum of unpadded per-expert GEMMs; each visited expert weight read once per layer, not once per token."
47,expert_silu_mul,activation,"{""gate_and_up_each"": [8, 768]}",0,24576,"{""exp"": 6144, ""negate"": 6144}",0,24576,12288,
47,expert_down_proj,linear,"{""input_per_expert"": [""n_e"", 768], ""weight_storage_each"": [2048, 768], ""output_per_expert"": [""n_e"", 2048], ""nonempty_experts"": 8, ""tokens_per_expert"": [1, 1, 1, 1, 1, 1, 1, 1, 0, 0, 0, 0, 0, 0, 0, 0, 0, 0, 0, 0, 0, 0, 0, 0, 0, 0, 0, 0, 0, 0, 0, 0, 0, 0, 0, 0, 0, 0, 0, 0, 0, 0, 0, 0, 0, 0, 0, 0, 0, 0, 0, 0, 0, 0, 0, 0, 0, 0, 0, 0, 0, 0, 0, 0, 0, 0, 0, 0, 0, 0, 0, 0, 0, 0, 0, 0, 0, 0, 0, 0, 0, 0, 0, 0, 0, 0, 0, 0, 0, 0, 0, 0, 0, 0, 0, 0, 0, 0, 0, 0, 0, 0, 0, 0, 0, 0, 0, 0, 0, 0, 0, 0, 0, 0, 0, 0, 0, 0, 0, 0, 0, 0, 0, 0, 0, 0, 0, 0]}",25165824,0,{},25165824,12288,32768,Unpadded per-expert GEMMs; empty experts have zero arithmetic and no weight payload.
47,expert_probability_multiply,routing,"{""expert_outputs"": [8, 2048], ""routing_weights"": [8]}",0,16384,{},0,32912,32768,Probability broadcast reuses one value per assignment; int64 token/slot indices included.
47,expert_output_zero,routing,"{""output"": [1, 2048]}",0,0,{},0,0,4096,Reference initializes final_hidden_states to zero.
47,expert_index_add,routing,"{""weighted_outputs"": [8, 2048], ""combined_output"": [1, 2048]}",0,16384,{},0,65600,32768,"Reference index_add includes the first add into zero; destination read/update per assignment is logical payload, not measured HBM."
47,ffn_residual,residual,"{""inputs_each"": [1, 2048], ""output"": [1, 2048]}",0,2048,{},0,8192,4096,
global,final_norm,normalization,"{""input"": [1, 2048], ""weight"": [2048], ""output"": [1, 2048]}",0,8193,"{""rsqrt"": 1}",4096,4096,4096,按 FP32 行内归约的代数计数；rsqrt、类型转换与临时 FP32 张量分列／不推断 HBM spill。
global,lm_head,linear,"{""input"": [1, 2048], ""weight_math"": [2048, 151936], ""weight_storage"": [151936, 2048], ""output"": [1, 151936]}",622329856,0,{},622329856,4096,303872,独立 GEMM：权重与输入各读一次、输出写一次的操作数载荷；不预测 tile 重读。
