layer,name,category,shapes,matrix_flops,scalar_flops,special_ops,weight_read_bytes,activation_read_bytes,activation_write_bytes,notes,repeats
aggregate; see repeats,embedding_lookup,embedding,"{""ids"": [1, 8192], ""output"": [8192, 7168]}",0,0,{},117440512,0,117440512,,1
aggregate; see repeats,input_rmsnorm,normalization,"{""input"": [8192, 7168], ""weight"": [7168], ""output"": [8192, 7168]}",0,234889216,"{""rsqrt"": 8192}",14336,117440512,117440512,按 FP32 行内归约的代数计数；rsqrt、类型转换与临时 FP32 张量分列／不推断 HBM spill。,61
aggregate; see repeats,post_attention_rmsnorm,normalization,"{""input"": [8192, 7168], ""weight"": [7168], ""output"": [8192, 7168]}",0,234889216,"{""rsqrt"": 8192}",14336,117440512,117440512,按 FP32 行内归约的代数计数；rsqrt、类型转换与临时 FP32 张量分列／不推断 HBM spill。,61
aggregate; see repeats,q_a_proj,linear,"{""input"": [8192, 7168], ""weight_math"": [7168, 1536], ""weight_storage"": [1536, 7168], ""output"": [8192, 1536]}",180388626432,0,{},22020096,117440512,25165824,独立 GEMM：权重与输入各读一次、输出写一次的操作数载荷；不预测 tile 重读。,61
aggregate; see repeats,q_b_proj,linear,"{""input"": [8192, 1536], ""weight_math"": [1536, 24576], ""weight_storage"": [24576, 1536], ""output"": [8192, 24576]}",618475290624,0,{},75497472,25165824,402653184,独立 GEMM：权重与输入各读一次、输出写一次的操作数载荷；不预测 tile 重读。,61
aggregate; see repeats,kv_a_proj_with_mqa,linear,"{""input"": [8192, 7168], ""weight_math"": [7168, 576], ""weight_storage"": [576, 7168], ""output"": [8192, 576]}",67645734912,0,{},8257536,117440512,9437184,独立 GEMM：权重与输入各读一次、输出写一次的操作数载荷；不预测 tile 重读。,61
aggregate; see repeats,kv_b_proj,linear,"{""input"": [8192, 512], ""weight_math"": [512, 32768], ""weight_storage"": [32768, 512], ""output"": [8192, 32768]}",274877906944,0,{},33554432,8388608,536870912,独立 GEMM：权重与输入各读一次、输出写一次的操作数载荷；不预测 tile 重读。,61
aggregate; see repeats,o_proj,linear,"{""input"": [8192, 16384], ""weight_math"": [16384, 7168], ""weight_storage"": [7168, 16384], ""output"": [8192, 7168]}",1924145348608,0,{},234881024,268435456,117440512,独立 GEMM：权重与输入各读一次、输出写一次的操作数载荷；不预测 tile 重读。,61
aggregate; see repeats,q_a_layernorm,normalization,"{""input"": [8192, 1536], ""weight"": [1536], ""output"": [8192, 1536]}",0,50339840,"{""rsqrt"": 8192}",3072,25165824,25165824,按 FP32 行内归约的代数计数；rsqrt、类型转换与临时 FP32 张量分列／不推断 HBM spill。,61
aggregate; see repeats,kv_a_layernorm,normalization,"{""input"": [8192, 512], ""weight"": [512], ""output"": [8192, 512]}",0,16785408,"{""rsqrt"": 8192}",1024,8388608,8388608,按 FP32 行内归约的代数计数；rsqrt、类型转换与临时 FP32 张量分列／不推断 HBM spill。,61
aggregate; see repeats,rotary_q_and_shared_k,position,"{""q_rotary"": [1, 128, 8192, 64], ""k_rotary"": [1, 1, 8192, 64]}",0,202899456,"{""sign_negation"": 33816576}",0,137363456,135266304,2 multiplies + 1 add per rotary cell; sign flips separate. Cos/sin table operands read once per token and broadcast over heads. YaRN tables assumed prepared.,61
aggregate; see repeats,expanded_kv_append,cache,"{""key"": [1, 128, 8192, 192], ""value"": [1, 128, 8192, 128]}",0,0,{},0,671088640,671088640,Logical newly expanded cache records only; shared rotary branch is repeated across key heads. DynamicCache concatenation/copies are not these bytes.,61
aggregate; see repeats,qk_scores,attention,"{""query"": [1, 128, 8192, 192], ""keys"": [1, 128, 8192, 192], ""scores_rectangle"": [1, 128, 8192, 8192]}",1649468768256,0,{},0,805306368,8590983168,Logical Q/K read once each; valid triangular cells versus eager rectangular work selected explicitly.,61
aggregate; see repeats,score_scale_softmax,attention,"{""accounted_cells"": 4295491584, ""query_rows"": 1048576}",0,17180917760,"{""exp"": 4295491584, ""compare_max"": 4294443008}",0,8590983168,8590983168,"Scale + stable subtract/exp/sum/divide; eager includes explicit mask addition. Softmax internally FP32; logical interface is activation dtype, internal casts separate.",61
aggregate; see repeats,pv_output,attention,"{""probability_rectangle"": [1, 128, 8192, 8192], ""values"": [1, 128, 8192, 128], ""output"": [1, 128, 8192, 128]}",1099645845504,0,{},0,8859418624,268435456,,61
aggregate; see repeats,router_fp32,linear,"{""input"": [8192, 7168], ""weight_math"": [7168, 256], ""weight_storage"": [256, 7168], ""output"": [8192, 256]}",30064771072,0,{},7340032,234881024,8388608,Source explicitly casts input and gate weights to FP32. Operands use FP32; conversion/source reads are not hidden in this GEMM.,58
aggregate; see repeats,router_sigmoid_and_correction,routing,"{""scores"": [8192, 256]}",0,2097152,"{""sigmoid"": 2097152}",1024,8388608,16777216,One correction-bias add per expert; original sigmoid scores remain for weighting.,58
aggregate; see repeats,router_group_sum_and_weight_normalization,routing,"{""group_top2"": [8192, 8, 2], ""selected"": [8192, 8]}",0,262144,{},0,786432,524288,"Each group sums top-2; selected original scores sum (k-1), epsilon add, k divisions and k scale multiplications. Selection operation counts are separate; topk comparisons are backend dependent.",58
aggregate; see repeats,dense_gate,linear,"{""input"": [8192, 7168], ""weight_math"": [7168, 18432], ""weight_storage"": [18432, 7168], ""output"": [8192, 18432]}",2164663517184,0,{},264241152,117440512,301989888,独立 GEMM：权重与输入各读一次、输出写一次的操作数载荷；不预测 tile 重读。,3
aggregate; see repeats,dense_up,linear,"{""input"": [8192, 7168], ""weight_math"": [7168, 18432], ""weight_storage"": [18432, 7168], ""output"": [8192, 18432]}",2164663517184,0,{},264241152,117440512,301989888,独立 GEMM：权重与输入各读一次、输出写一次的操作数载荷；不预测 tile 重读。,3
aggregate; see repeats,dense_down,linear,"{""input"": [8192, 18432], ""weight_math"": [18432, 7168], ""weight_storage"": [7168, 18432], ""output"": [8192, 7168]}",2164663517184,0,{},264241152,301989888,117440512,独立 GEMM：权重与输入各读一次、输出写一次的操作数载荷；不预测 tile 重读。,3
aggregate; see repeats,dense_silu_and_product,activation,"{""gate_and_up"": [8192, 18432]}",0,301989888,"{""sigmoid"": 150994944}",0,603979776,301989888,"SiLU multiply and gated product; sigmoid is a separate primitive, fused logical interface.",3
aggregate; see repeats,shared_gate,linear,"{""input"": [8192, 7168], ""weight_math"": [7168, 2048], ""weight_storage"": [2048, 7168], ""output"": [8192, 2048]}",240518168576,0,{},29360128,117440512,33554432,独立 GEMM：权重与输入各读一次、输出写一次的操作数载荷；不预测 tile 重读。,58
aggregate; see repeats,shared_up,linear,"{""input"": [8192, 7168], ""weight_math"": [7168, 2048], ""weight_storage"": [2048, 7168], ""output"": [8192, 2048]}",240518168576,0,{},29360128,117440512,33554432,独立 GEMM：权重与输入各读一次、输出写一次的操作数载荷；不预测 tile 重读。,58
aggregate; see repeats,shared_down,linear,"{""input"": [8192, 2048], ""weight_math"": [2048, 7168], ""weight_storage"": [7168, 2048], ""output"": [8192, 7168]}",240518168576,0,{},29360128,33554432,117440512,独立 GEMM：权重与输入各读一次、输出写一次的操作数载荷；不预测 tile 重读。,58
aggregate; see repeats,shared_silu_and_product,activation,"{""gate_and_up"": [8192, 2048]}",0,33554432,"{""sigmoid"": 16777216}",0,67108864,33554432,"SiLU multiply and gated product; sigmoid is a separate primitive, fused logical interface.",58
aggregate; see repeats,expert_0_gate,linear,"{""input"": [256, 7168], ""weight_math"": [7168, 2048], ""weight_storage"": [2048, 7168], ""output"": [256, 2048]}",7516192768,0,{},29360128,3670016,1048576,独立 GEMM：权重与输入各读一次、输出写一次的操作数载荷；不预测 tile 重读。,58
aggregate; see repeats,expert_0_up,linear,"{""input"": [256, 7168], ""weight_math"": [7168, 2048], ""weight_storage"": [2048, 7168], ""output"": [256, 2048]}",7516192768,0,{},29360128,3670016,1048576,独立 GEMM：权重与输入各读一次、输出写一次的操作数载荷；不预测 tile 重读。,58
aggregate; see repeats,expert_0_down,linear,"{""input"": [256, 2048], ""weight_math"": [2048, 7168], ""weight_storage"": [7168, 2048], ""output"": [256, 7168]}",7516192768,0,{},29360128,1048576,3670016,独立 GEMM：权重与输入各读一次、输出写一次的操作数载荷；不预测 tile 重读。,58
aggregate; see repeats,expert_0_silu_and_product,activation,"{""gate_and_up"": [256, 2048]}",0,1048576,"{""sigmoid"": 524288}",0,2097152,1048576,"SiLU multiply and gated product; sigmoid is a separate primitive, fused logical interface.",58
aggregate; see repeats,expert_1_gate,linear,"{""input"": [256, 7168], ""weight_math"": [7168, 2048], ""weight_storage"": [2048, 7168], ""output"": [256, 2048]}",7516192768,0,{},29360128,3670016,1048576,独立 GEMM：权重与输入各读一次、输出写一次的操作数载荷；不预测 tile 重读。,58
aggregate; see repeats,expert_1_up,linear,"{""input"": [256, 7168], ""weight_math"": [7168, 2048], ""weight_storage"": [2048, 7168], ""output"": [256, 2048]}",7516192768,0,{},29360128,3670016,1048576,独立 GEMM：权重与输入各读一次、输出写一次的操作数载荷；不预测 tile 重读。,58
aggregate; see repeats,expert_1_down,linear,"{""input"": [256, 2048], ""weight_math"": [2048, 7168], ""weight_storage"": [7168, 2048], ""output"": [256, 7168]}",7516192768,0,{},29360128,1048576,3670016,独立 GEMM：权重与输入各读一次、输出写一次的操作数载荷；不预测 tile 重读。,58
aggregate; see repeats,expert_1_silu_and_product,activation,"{""gate_and_up"": [256, 2048]}",0,1048576,"{""sigmoid"": 524288}",0,2097152,1048576,"SiLU multiply and gated product; sigmoid is a separate primitive, fused logical interface.",58
aggregate; see repeats,expert_2_gate,linear,"{""input"": [256, 7168], ""weight_math"": [7168, 2048], ""weight_storage"": [2048, 7168], ""output"": [256, 2048]}",7516192768,0,{},29360128,3670016,1048576,独立 GEMM：权重与输入各读一次、输出写一次的操作数载荷；不预测 tile 重读。,58
aggregate; see repeats,expert_2_up,linear,"{""input"": [256, 7168], ""weight_math"": [7168, 2048], ""weight_storage"": [2048, 7168], ""output"": [256, 2048]}",7516192768,0,{},29360128,3670016,1048576,独立 GEMM：权重与输入各读一次、输出写一次的操作数载荷；不预测 tile 重读。,58
aggregate; see repeats,expert_2_down,linear,"{""input"": [256, 2048], ""weight_math"": [2048, 7168], ""weight_storage"": [7168, 2048], ""output"": [256, 7168]}",7516192768,0,{},29360128,1048576,3670016,独立 GEMM：权重与输入各读一次、输出写一次的操作数载荷；不预测 tile 重读。,58
aggregate; see repeats,expert_2_silu_and_product,activation,"{""gate_and_up"": [256, 2048]}",0,1048576,"{""sigmoid"": 524288}",0,2097152,1048576,"SiLU multiply and gated product; sigmoid is a separate primitive, fused logical interface.",58
aggregate; see repeats,expert_3_gate,linear,"{""input"": [256, 7168], ""weight_math"": [7168, 2048], ""weight_storage"": [2048, 7168], ""output"": [256, 2048]}",7516192768,0,{},29360128,3670016,1048576,独立 GEMM：权重与输入各读一次、输出写一次的操作数载荷；不预测 tile 重读。,58
aggregate; see repeats,expert_3_up,linear,"{""input"": [256, 7168], ""weight_math"": [7168, 2048], ""weight_storage"": [2048, 7168], ""output"": [256, 2048]}",7516192768,0,{},29360128,3670016,1048576,独立 GEMM：权重与输入各读一次、输出写一次的操作数载荷；不预测 tile 重读。,58
aggregate; see repeats,expert_3_down,linear,"{""input"": [256, 2048], ""weight_math"": [2048, 7168], ""weight_storage"": [7168, 2048], ""output"": [256, 7168]}",7516192768,0,{},29360128,1048576,3670016,独立 GEMM：权重与输入各读一次、输出写一次的操作数载荷；不预测 tile 重读。,58
aggregate; see repeats,expert_3_silu_and_product,activation,"{""gate_and_up"": [256, 2048]}",0,1048576,"{""sigmoid"": 524288}",0,2097152,1048576,"SiLU multiply and gated product; sigmoid is a separate primitive, fused logical interface.",58
aggregate; see repeats,expert_4_gate,linear,"{""input"": [256, 7168], ""weight_math"": [7168, 2048], ""weight_storage"": [2048, 7168], ""output"": [256, 2048]}",7516192768,0,{},29360128,3670016,1048576,独立 GEMM：权重与输入各读一次、输出写一次的操作数载荷；不预测 tile 重读。,58
aggregate; see repeats,expert_4_up,linear,"{""input"": [256, 7168], ""weight_math"": [7168, 2048], ""weight_storage"": [2048, 7168], ""output"": [256, 2048]}",7516192768,0,{},29360128,3670016,1048576,独立 GEMM：权重与输入各读一次、输出写一次的操作数载荷；不预测 tile 重读。,58
aggregate; see repeats,expert_4_down,linear,"{""input"": [256, 2048], ""weight_math"": [2048, 7168], ""weight_storage"": [7168, 2048], ""output"": [256, 7168]}",7516192768,0,{},29360128,1048576,3670016,独立 GEMM：权重与输入各读一次、输出写一次的操作数载荷；不预测 tile 重读。,58
aggregate; see repeats,expert_4_silu_and_product,activation,"{""gate_and_up"": [256, 2048]}",0,1048576,"{""sigmoid"": 524288}",0,2097152,1048576,"SiLU multiply and gated product; sigmoid is a separate primitive, fused logical interface.",58
aggregate; see repeats,expert_5_gate,linear,"{""input"": [256, 7168], ""weight_math"": [7168, 2048], ""weight_storage"": [2048, 7168], ""output"": [256, 2048]}",7516192768,0,{},29360128,3670016,1048576,独立 GEMM：权重与输入各读一次、输出写一次的操作数载荷；不预测 tile 重读。,58
aggregate; see repeats,expert_5_up,linear,"{""input"": [256, 7168], ""weight_math"": [7168, 2048], ""weight_storage"": [2048, 7168], ""output"": [256, 2048]}",7516192768,0,{},29360128,3670016,1048576,独立 GEMM：权重与输入各读一次、输出写一次的操作数载荷；不预测 tile 重读。,58
aggregate; see repeats,expert_5_down,linear,"{""input"": [256, 2048], ""weight_math"": [2048, 7168], ""weight_storage"": [7168, 2048], ""output"": [256, 7168]}",7516192768,0,{},29360128,1048576,3670016,独立 GEMM：权重与输入各读一次、输出写一次的操作数载荷；不预测 tile 重读。,58
aggregate; see repeats,expert_5_silu_and_product,activation,"{""gate_and_up"": [256, 2048]}",0,1048576,"{""sigmoid"": 524288}",0,2097152,1048576,"SiLU multiply and gated product; sigmoid is a separate primitive, fused logical interface.",58
aggregate; see repeats,expert_6_gate,linear,"{""input"": [256, 7168], ""weight_math"": [7168, 2048], ""weight_storage"": [2048, 7168], ""output"": [256, 2048]}",7516192768,0,{},29360128,3670016,1048576,独立 GEMM：权重与输入各读一次、输出写一次的操作数载荷；不预测 tile 重读。,58
aggregate; see repeats,expert_6_up,linear,"{""input"": [256, 7168], ""weight_math"": [7168, 2048], ""weight_storage"": [2048, 7168], ""output"": [256, 2048]}",7516192768,0,{},29360128,3670016,1048576,独立 GEMM：权重与输入各读一次、输出写一次的操作数载荷；不预测 tile 重读。,58
aggregate; see repeats,expert_6_down,linear,"{""input"": [256, 2048], ""weight_math"": [2048, 7168], ""weight_storage"": [7168, 2048], ""output"": [256, 7168]}",7516192768,0,{},29360128,1048576,3670016,独立 GEMM：权重与输入各读一次、输出写一次的操作数载荷；不预测 tile 重读。,58
aggregate; see repeats,expert_6_silu_and_product,activation,"{""gate_and_up"": [256, 2048]}",0,1048576,"{""sigmoid"": 524288}",0,2097152,1048576,"SiLU multiply and gated product; sigmoid is a separate primitive, fused logical interface.",58
aggregate; see repeats,expert_7_gate,linear,"{""input"": [256, 7168], ""weight_math"": [7168, 2048], ""weight_storage"": [2048, 7168], ""output"": [256, 2048]}",7516192768,0,{},29360128,3670016,1048576,独立 GEMM：权重与输入各读一次、输出写一次的操作数载荷；不预测 tile 重读。,58
aggregate; see repeats,expert_7_up,linear,"{""input"": [256, 7168], ""weight_math"": [7168, 2048], ""weight_storage"": [2048, 7168], ""output"": [256, 2048]}",7516192768,0,{},29360128,3670016,1048576,独立 GEMM：权重与输入各读一次、输出写一次的操作数载荷；不预测 tile 重读。,58
aggregate; see repeats,expert_7_down,linear,"{""input"": [256, 2048], ""weight_math"": [2048, 7168], ""weight_storage"": [7168, 2048], ""output"": [256, 7168]}",7516192768,0,{},29360128,1048576,3670016,独立 GEMM：权重与输入各读一次、输出写一次的操作数载荷；不预测 tile 重读。,58
aggregate; see repeats,expert_7_silu_and_product,activation,"{""gate_and_up"": [256, 2048]}",0,1048576,"{""sigmoid"": 524288}",0,2097152,1048576,"SiLU multiply and gated product; sigmoid is a separate primitive, fused logical interface.",58
aggregate; see repeats,expert_8_gate,linear,"{""input"": [256, 7168], ""weight_math"": [7168, 2048], ""weight_storage"": [2048, 7168], ""output"": [256, 2048]}",7516192768,0,{},29360128,3670016,1048576,独立 GEMM：权重与输入各读一次、输出写一次的操作数载荷；不预测 tile 重读。,58
aggregate; see repeats,expert_8_up,linear,"{""input"": [256, 7168], ""weight_math"": [7168, 2048], ""weight_storage"": [2048, 7168], ""output"": [256, 2048]}",7516192768,0,{},29360128,3670016,1048576,独立 GEMM：权重与输入各读一次、输出写一次的操作数载荷；不预测 tile 重读。,58
aggregate; see repeats,expert_8_down,linear,"{""input"": [256, 2048], ""weight_math"": [2048, 7168], ""weight_storage"": [7168, 2048], ""output"": [256, 7168]}",7516192768,0,{},29360128,1048576,3670016,独立 GEMM：权重与输入各读一次、输出写一次的操作数载荷；不预测 tile 重读。,58
aggregate; see repeats,expert_8_silu_and_product,activation,"{""gate_and_up"": [256, 2048]}",0,1048576,"{""sigmoid"": 524288}",0,2097152,1048576,"SiLU multiply and gated product; sigmoid is a separate primitive, fused logical interface.",58
aggregate; see repeats,expert_9_gate,linear,"{""input"": [256, 7168], ""weight_math"": [7168, 2048], ""weight_storage"": [2048, 7168], ""output"": [256, 2048]}",7516192768,0,{},29360128,3670016,1048576,独立 GEMM：权重与输入各读一次、输出写一次的操作数载荷；不预测 tile 重读。,58
aggregate; see repeats,expert_9_up,linear,"{""input"": [256, 7168], ""weight_math"": [7168, 2048], ""weight_storage"": [2048, 7168], ""output"": [256, 2048]}",7516192768,0,{},29360128,3670016,1048576,独立 GEMM：权重与输入各读一次、输出写一次的操作数载荷；不预测 tile 重读。,58
aggregate; see repeats,expert_9_down,linear,"{""input"": [256, 2048], ""weight_math"": [2048, 7168], ""weight_storage"": [7168, 2048], ""output"": [256, 7168]}",7516192768,0,{},29360128,1048576,3670016,独立 GEMM：权重与输入各读一次、输出写一次的操作数载荷；不预测 tile 重读。,58
aggregate; see repeats,expert_9_silu_and_product,activation,"{""gate_and_up"": [256, 2048]}",0,1048576,"{""sigmoid"": 524288}",0,2097152,1048576,"SiLU multiply and gated product; sigmoid is a separate primitive, fused logical interface.",58
aggregate; see repeats,expert_10_gate,linear,"{""input"": [256, 7168], ""weight_math"": [7168, 2048], ""weight_storage"": [2048, 7168], ""output"": [256, 2048]}",7516192768,0,{},29360128,3670016,1048576,独立 GEMM：权重与输入各读一次、输出写一次的操作数载荷；不预测 tile 重读。,58
aggregate; see repeats,expert_10_up,linear,"{""input"": [256, 7168], ""weight_math"": [7168, 2048], ""weight_storage"": [2048, 7168], ""output"": [256, 2048]}",7516192768,0,{},29360128,3670016,1048576,独立 GEMM：权重与输入各读一次、输出写一次的操作数载荷；不预测 tile 重读。,58
aggregate; see repeats,expert_10_down,linear,"{""input"": [256, 2048], ""weight_math"": [2048, 7168], ""weight_storage"": [7168, 2048], ""output"": [256, 7168]}",7516192768,0,{},29360128,1048576,3670016,独立 GEMM：权重与输入各读一次、输出写一次的操作数载荷；不预测 tile 重读。,58
aggregate; see repeats,expert_10_silu_and_product,activation,"{""gate_and_up"": [256, 2048]}",0,1048576,"{""sigmoid"": 524288}",0,2097152,1048576,"SiLU multiply and gated product; sigmoid is a separate primitive, fused logical interface.",58
aggregate; see repeats,expert_11_gate,linear,"{""input"": [256, 7168], ""weight_math"": [7168, 2048], ""weight_storage"": [2048, 7168], ""output"": [256, 2048]}",7516192768,0,{},29360128,3670016,1048576,独立 GEMM：权重与输入各读一次、输出写一次的操作数载荷；不预测 tile 重读。,58
aggregate; see repeats,expert_11_up,linear,"{""input"": [256, 7168], ""weight_math"": [7168, 2048], ""weight_storage"": [2048, 7168], ""output"": [256, 2048]}",7516192768,0,{},29360128,3670016,1048576,独立 GEMM：权重与输入各读一次、输出写一次的操作数载荷；不预测 tile 重读。,58
aggregate; see repeats,expert_11_down,linear,"{""input"": [256, 2048], ""weight_math"": [2048, 7168], ""weight_storage"": [7168, 2048], ""output"": [256, 7168]}",7516192768,0,{},29360128,1048576,3670016,独立 GEMM：权重与输入各读一次、输出写一次的操作数载荷；不预测 tile 重读。,58
aggregate; see repeats,expert_11_silu_and_product,activation,"{""gate_and_up"": [256, 2048]}",0,1048576,"{""sigmoid"": 524288}",0,2097152,1048576,"SiLU multiply and gated product; sigmoid is a separate primitive, fused logical interface.",58
aggregate; see repeats,expert_12_gate,linear,"{""input"": [256, 7168], ""weight_math"": [7168, 2048], ""weight_storage"": [2048, 7168], ""output"": [256, 2048]}",7516192768,0,{},29360128,3670016,1048576,独立 GEMM：权重与输入各读一次、输出写一次的操作数载荷；不预测 tile 重读。,58
aggregate; see repeats,expert_12_up,linear,"{""input"": [256, 7168], ""weight_math"": [7168, 2048], ""weight_storage"": [2048, 7168], ""output"": [256, 2048]}",7516192768,0,{},29360128,3670016,1048576,独立 GEMM：权重与输入各读一次、输出写一次的操作数载荷；不预测 tile 重读。,58
aggregate; see repeats,expert_12_down,linear,"{""input"": [256, 2048], ""weight_math"": [2048, 7168], ""weight_storage"": [7168, 2048], ""output"": [256, 7168]}",7516192768,0,{},29360128,1048576,3670016,独立 GEMM：权重与输入各读一次、输出写一次的操作数载荷；不预测 tile 重读。,58
aggregate; see repeats,expert_12_silu_and_product,activation,"{""gate_and_up"": [256, 2048]}",0,1048576,"{""sigmoid"": 524288}",0,2097152,1048576,"SiLU multiply and gated product; sigmoid is a separate primitive, fused logical interface.",58
aggregate; see repeats,expert_13_gate,linear,"{""input"": [256, 7168], ""weight_math"": [7168, 2048], ""weight_storage"": [2048, 7168], ""output"": [256, 2048]}",7516192768,0,{},29360128,3670016,1048576,独立 GEMM：权重与输入各读一次、输出写一次的操作数载荷；不预测 tile 重读。,58
aggregate; see repeats,expert_13_up,linear,"{""input"": [256, 7168], ""weight_math"": [7168, 2048], ""weight_storage"": [2048, 7168], ""output"": [256, 2048]}",7516192768,0,{},29360128,3670016,1048576,独立 GEMM：权重与输入各读一次、输出写一次的操作数载荷；不预测 tile 重读。,58
aggregate; see repeats,expert_13_down,linear,"{""input"": [256, 2048], ""weight_math"": [2048, 7168], ""weight_storage"": [7168, 2048], ""output"": [256, 7168]}",7516192768,0,{},29360128,1048576,3670016,独立 GEMM：权重与输入各读一次、输出写一次的操作数载荷；不预测 tile 重读。,58
aggregate; see repeats,expert_13_silu_and_product,activation,"{""gate_and_up"": [256, 2048]}",0,1048576,"{""sigmoid"": 524288}",0,2097152,1048576,"SiLU multiply and gated product; sigmoid is a separate primitive, fused logical interface.",58
aggregate; see repeats,expert_14_gate,linear,"{""input"": [256, 7168], ""weight_math"": [7168, 2048], ""weight_storage"": [2048, 7168], ""output"": [256, 2048]}",7516192768,0,{},29360128,3670016,1048576,独立 GEMM：权重与输入各读一次、输出写一次的操作数载荷；不预测 tile 重读。,58
aggregate; see repeats,expert_14_up,linear,"{""input"": [256, 7168], ""weight_math"": [7168, 2048], ""weight_storage"": [2048, 7168], ""output"": [256, 2048]}",7516192768,0,{},29360128,3670016,1048576,独立 GEMM：权重与输入各读一次、输出写一次的操作数载荷；不预测 tile 重读。,58
aggregate; see repeats,expert_14_down,linear,"{""input"": [256, 2048], ""weight_math"": [2048, 7168], ""weight_storage"": [7168, 2048], ""output"": [256, 7168]}",7516192768,0,{},29360128,1048576,3670016,独立 GEMM：权重与输入各读一次、输出写一次的操作数载荷；不预测 tile 重读。,58
aggregate; see repeats,expert_14_silu_and_product,activation,"{""gate_and_up"": [256, 2048]}",0,1048576,"{""sigmoid"": 524288}",0,2097152,1048576,"SiLU multiply and gated product; sigmoid is a separate primitive, fused logical interface.",58
aggregate; see repeats,expert_15_gate,linear,"{""input"": [256, 7168], ""weight_math"": [7168, 2048], ""weight_storage"": [2048, 7168], ""output"": [256, 2048]}",7516192768,0,{},29360128,3670016,1048576,独立 GEMM：权重与输入各读一次、输出写一次的操作数载荷；不预测 tile 重读。,58
aggregate; see repeats,expert_15_up,linear,"{""input"": [256, 7168], ""weight_math"": [7168, 2048], ""weight_storage"": [2048, 7168], ""output"": [256, 2048]}",7516192768,0,{},29360128,3670016,1048576,独立 GEMM：权重与输入各读一次、输出写一次的操作数载荷；不预测 tile 重读。,58
aggregate; see repeats,expert_15_down,linear,"{""input"": [256, 2048], ""weight_math"": [2048, 7168], ""weight_storage"": [7168, 2048], ""output"": [256, 7168]}",7516192768,0,{},29360128,1048576,3670016,独立 GEMM：权重与输入各读一次、输出写一次的操作数载荷；不预测 tile 重读。,58
aggregate; see repeats,expert_15_silu_and_product,activation,"{""gate_and_up"": [256, 2048]}",0,1048576,"{""sigmoid"": 524288}",0,2097152,1048576,"SiLU multiply and gated product; sigmoid is a separate primitive, fused logical interface.",58
aggregate; see repeats,expert_16_gate,linear,"{""input"": [256, 7168], ""weight_math"": [7168, 2048], ""weight_storage"": [2048, 7168], ""output"": [256, 2048]}",7516192768,0,{},29360128,3670016,1048576,独立 GEMM：权重与输入各读一次、输出写一次的操作数载荷；不预测 tile 重读。,58
aggregate; see repeats,expert_16_up,linear,"{""input"": [256, 7168], ""weight_math"": [7168, 2048], ""weight_storage"": [2048, 7168], ""output"": [256, 2048]}",7516192768,0,{},29360128,3670016,1048576,独立 GEMM：权重与输入各读一次、输出写一次的操作数载荷；不预测 tile 重读。,58
aggregate; see repeats,expert_16_down,linear,"{""input"": [256, 2048], ""weight_math"": [2048, 7168], ""weight_storage"": [7168, 2048], ""output"": [256, 7168]}",7516192768,0,{},29360128,1048576,3670016,独立 GEMM：权重与输入各读一次、输出写一次的操作数载荷；不预测 tile 重读。,58
aggregate; see repeats,expert_16_silu_and_product,activation,"{""gate_and_up"": [256, 2048]}",0,1048576,"{""sigmoid"": 524288}",0,2097152,1048576,"SiLU multiply and gated product; sigmoid is a separate primitive, fused logical interface.",58
aggregate; see repeats,expert_17_gate,linear,"{""input"": [256, 7168], ""weight_math"": [7168, 2048], ""weight_storage"": [2048, 7168], ""output"": [256, 2048]}",7516192768,0,{},29360128,3670016,1048576,独立 GEMM：权重与输入各读一次、输出写一次的操作数载荷；不预测 tile 重读。,58
aggregate; see repeats,expert_17_up,linear,"{""input"": [256, 7168], ""weight_math"": [7168, 2048], ""weight_storage"": [2048, 7168], ""output"": [256, 2048]}",7516192768,0,{},29360128,3670016,1048576,独立 GEMM：权重与输入各读一次、输出写一次的操作数载荷；不预测 tile 重读。,58
aggregate; see repeats,expert_17_down,linear,"{""input"": [256, 2048], ""weight_math"": [2048, 7168], ""weight_storage"": [7168, 2048], ""output"": [256, 7168]}",7516192768,0,{},29360128,1048576,3670016,独立 GEMM：权重与输入各读一次、输出写一次的操作数载荷；不预测 tile 重读。,58
aggregate; see repeats,expert_17_silu_and_product,activation,"{""gate_and_up"": [256, 2048]}",0,1048576,"{""sigmoid"": 524288}",0,2097152,1048576,"SiLU multiply and gated product; sigmoid is a separate primitive, fused logical interface.",58
aggregate; see repeats,expert_18_gate,linear,"{""input"": [256, 7168], ""weight_math"": [7168, 2048], ""weight_storage"": [2048, 7168], ""output"": [256, 2048]}",7516192768,0,{},29360128,3670016,1048576,独立 GEMM：权重与输入各读一次、输出写一次的操作数载荷；不预测 tile 重读。,58
aggregate; see repeats,expert_18_up,linear,"{""input"": [256, 7168], ""weight_math"": [7168, 2048], ""weight_storage"": [2048, 7168], ""output"": [256, 2048]}",7516192768,0,{},29360128,3670016,1048576,独立 GEMM：权重与输入各读一次、输出写一次的操作数载荷；不预测 tile 重读。,58
aggregate; see repeats,expert_18_down,linear,"{""input"": [256, 2048], ""weight_math"": [2048, 7168], ""weight_storage"": [7168, 2048], ""output"": [256, 7168]}",7516192768,0,{},29360128,1048576,3670016,独立 GEMM：权重与输入各读一次、输出写一次的操作数载荷；不预测 tile 重读。,58
aggregate; see repeats,expert_18_silu_and_product,activation,"{""gate_and_up"": [256, 2048]}",0,1048576,"{""sigmoid"": 524288}",0,2097152,1048576,"SiLU multiply and gated product; sigmoid is a separate primitive, fused logical interface.",58
aggregate; see repeats,expert_19_gate,linear,"{""input"": [256, 7168], ""weight_math"": [7168, 2048], ""weight_storage"": [2048, 7168], ""output"": [256, 2048]}",7516192768,0,{},29360128,3670016,1048576,独立 GEMM：权重与输入各读一次、输出写一次的操作数载荷；不预测 tile 重读。,58
aggregate; see repeats,expert_19_up,linear,"{""input"": [256, 7168], ""weight_math"": [7168, 2048], ""weight_storage"": [2048, 7168], ""output"": [256, 2048]}",7516192768,0,{},29360128,3670016,1048576,独立 GEMM：权重与输入各读一次、输出写一次的操作数载荷；不预测 tile 重读。,58
aggregate; see repeats,expert_19_down,linear,"{""input"": [256, 2048], ""weight_math"": [2048, 7168], ""weight_storage"": [7168, 2048], ""output"": [256, 7168]}",7516192768,0,{},29360128,1048576,3670016,独立 GEMM：权重与输入各读一次、输出写一次的操作数载荷；不预测 tile 重读。,58
aggregate; see repeats,expert_19_silu_and_product,activation,"{""gate_and_up"": [256, 2048]}",0,1048576,"{""sigmoid"": 524288}",0,2097152,1048576,"SiLU multiply and gated product; sigmoid is a separate primitive, fused logical interface.",58
aggregate; see repeats,expert_20_gate,linear,"{""input"": [256, 7168], ""weight_math"": [7168, 2048], ""weight_storage"": [2048, 7168], ""output"": [256, 2048]}",7516192768,0,{},29360128,3670016,1048576,独立 GEMM：权重与输入各读一次、输出写一次的操作数载荷；不预测 tile 重读。,58
aggregate; see repeats,expert_20_up,linear,"{""input"": [256, 7168], ""weight_math"": [7168, 2048], ""weight_storage"": [2048, 7168], ""output"": [256, 2048]}",7516192768,0,{},29360128,3670016,1048576,独立 GEMM：权重与输入各读一次、输出写一次的操作数载荷；不预测 tile 重读。,58
aggregate; see repeats,expert_20_down,linear,"{""input"": [256, 2048], ""weight_math"": [2048, 7168], ""weight_storage"": [7168, 2048], ""output"": [256, 7168]}",7516192768,0,{},29360128,1048576,3670016,独立 GEMM：权重与输入各读一次、输出写一次的操作数载荷；不预测 tile 重读。,58
aggregate; see repeats,expert_20_silu_and_product,activation,"{""gate_and_up"": [256, 2048]}",0,1048576,"{""sigmoid"": 524288}",0,2097152,1048576,"SiLU multiply and gated product; sigmoid is a separate primitive, fused logical interface.",58
aggregate; see repeats,expert_21_gate,linear,"{""input"": [256, 7168], ""weight_math"": [7168, 2048], ""weight_storage"": [2048, 7168], ""output"": [256, 2048]}",7516192768,0,{},29360128,3670016,1048576,独立 GEMM：权重与输入各读一次、输出写一次的操作数载荷；不预测 tile 重读。,58
aggregate; see repeats,expert_21_up,linear,"{""input"": [256, 7168], ""weight_math"": [7168, 2048], ""weight_storage"": [2048, 7168], ""output"": [256, 2048]}",7516192768,0,{},29360128,3670016,1048576,独立 GEMM：权重与输入各读一次、输出写一次的操作数载荷；不预测 tile 重读。,58
aggregate; see repeats,expert_21_down,linear,"{""input"": [256, 2048], ""weight_math"": [2048, 7168], ""weight_storage"": [7168, 2048], ""output"": [256, 7168]}",7516192768,0,{},29360128,1048576,3670016,独立 GEMM：权重与输入各读一次、输出写一次的操作数载荷；不预测 tile 重读。,58
aggregate; see repeats,expert_21_silu_and_product,activation,"{""gate_and_up"": [256, 2048]}",0,1048576,"{""sigmoid"": 524288}",0,2097152,1048576,"SiLU multiply and gated product; sigmoid is a separate primitive, fused logical interface.",58
aggregate; see repeats,expert_22_gate,linear,"{""input"": [256, 7168], ""weight_math"": [7168, 2048], ""weight_storage"": [2048, 7168], ""output"": [256, 2048]}",7516192768,0,{},29360128,3670016,1048576,独立 GEMM：权重与输入各读一次、输出写一次的操作数载荷；不预测 tile 重读。,58
aggregate; see repeats,expert_22_up,linear,"{""input"": [256, 7168], ""weight_math"": [7168, 2048], ""weight_storage"": [2048, 7168], ""output"": [256, 2048]}",7516192768,0,{},29360128,3670016,1048576,独立 GEMM：权重与输入各读一次、输出写一次的操作数载荷；不预测 tile 重读。,58
aggregate; see repeats,expert_22_down,linear,"{""input"": [256, 2048], ""weight_math"": [2048, 7168], ""weight_storage"": [7168, 2048], ""output"": [256, 7168]}",7516192768,0,{},29360128,1048576,3670016,独立 GEMM：权重与输入各读一次、输出写一次的操作数载荷；不预测 tile 重读。,58
aggregate; see repeats,expert_22_silu_and_product,activation,"{""gate_and_up"": [256, 2048]}",0,1048576,"{""sigmoid"": 524288}",0,2097152,1048576,"SiLU multiply and gated product; sigmoid is a separate primitive, fused logical interface.",58
aggregate; see repeats,expert_23_gate,linear,"{""input"": [256, 7168], ""weight_math"": [7168, 2048], ""weight_storage"": [2048, 7168], ""output"": [256, 2048]}",7516192768,0,{},29360128,3670016,1048576,独立 GEMM：权重与输入各读一次、输出写一次的操作数载荷；不预测 tile 重读。,58
aggregate; see repeats,expert_23_up,linear,"{""input"": [256, 7168], ""weight_math"": [7168, 2048], ""weight_storage"": [2048, 7168], ""output"": [256, 2048]}",7516192768,0,{},29360128,3670016,1048576,独立 GEMM：权重与输入各读一次、输出写一次的操作数载荷；不预测 tile 重读。,58
aggregate; see repeats,expert_23_down,linear,"{""input"": [256, 2048], ""weight_math"": [2048, 7168], ""weight_storage"": [7168, 2048], ""output"": [256, 7168]}",7516192768,0,{},29360128,1048576,3670016,独立 GEMM：权重与输入各读一次、输出写一次的操作数载荷；不预测 tile 重读。,58
aggregate; see repeats,expert_23_silu_and_product,activation,"{""gate_and_up"": [256, 2048]}",0,1048576,"{""sigmoid"": 524288}",0,2097152,1048576,"SiLU multiply and gated product; sigmoid is a separate primitive, fused logical interface.",58
aggregate; see repeats,expert_24_gate,linear,"{""input"": [256, 7168], ""weight_math"": [7168, 2048], ""weight_storage"": [2048, 7168], ""output"": [256, 2048]}",7516192768,0,{},29360128,3670016,1048576,独立 GEMM：权重与输入各读一次、输出写一次的操作数载荷；不预测 tile 重读。,58
aggregate; see repeats,expert_24_up,linear,"{""input"": [256, 7168], ""weight_math"": [7168, 2048], ""weight_storage"": [2048, 7168], ""output"": [256, 2048]}",7516192768,0,{},29360128,3670016,1048576,独立 GEMM：权重与输入各读一次、输出写一次的操作数载荷；不预测 tile 重读。,58
aggregate; see repeats,expert_24_down,linear,"{""input"": [256, 2048], ""weight_math"": [2048, 7168], ""weight_storage"": [7168, 2048], ""output"": [256, 7168]}",7516192768,0,{},29360128,1048576,3670016,独立 GEMM：权重与输入各读一次、输出写一次的操作数载荷；不预测 tile 重读。,58
aggregate; see repeats,expert_24_silu_and_product,activation,"{""gate_and_up"": [256, 2048]}",0,1048576,"{""sigmoid"": 524288}",0,2097152,1048576,"SiLU multiply and gated product; sigmoid is a separate primitive, fused logical interface.",58
aggregate; see repeats,expert_25_gate,linear,"{""input"": [256, 7168], ""weight_math"": [7168, 2048], ""weight_storage"": [2048, 7168], ""output"": [256, 2048]}",7516192768,0,{},29360128,3670016,1048576,独立 GEMM：权重与输入各读一次、输出写一次的操作数载荷；不预测 tile 重读。,58
aggregate; see repeats,expert_25_up,linear,"{""input"": [256, 7168], ""weight_math"": [7168, 2048], ""weight_storage"": [2048, 7168], ""output"": [256, 2048]}",7516192768,0,{},29360128,3670016,1048576,独立 GEMM：权重与输入各读一次、输出写一次的操作数载荷；不预测 tile 重读。,58
aggregate; see repeats,expert_25_down,linear,"{""input"": [256, 2048], ""weight_math"": [2048, 7168], ""weight_storage"": [7168, 2048], ""output"": [256, 7168]}",7516192768,0,{},29360128,1048576,3670016,独立 GEMM：权重与输入各读一次、输出写一次的操作数载荷；不预测 tile 重读。,58
aggregate; see repeats,expert_25_silu_and_product,activation,"{""gate_and_up"": [256, 2048]}",0,1048576,"{""sigmoid"": 524288}",0,2097152,1048576,"SiLU multiply and gated product; sigmoid is a separate primitive, fused logical interface.",58
aggregate; see repeats,expert_26_gate,linear,"{""input"": [256, 7168], ""weight_math"": [7168, 2048], ""weight_storage"": [2048, 7168], ""output"": [256, 2048]}",7516192768,0,{},29360128,3670016,1048576,独立 GEMM：权重与输入各读一次、输出写一次的操作数载荷；不预测 tile 重读。,58
aggregate; see repeats,expert_26_up,linear,"{""input"": [256, 7168], ""weight_math"": [7168, 2048], ""weight_storage"": [2048, 7168], ""output"": [256, 2048]}",7516192768,0,{},29360128,3670016,1048576,独立 GEMM：权重与输入各读一次、输出写一次的操作数载荷；不预测 tile 重读。,58
aggregate; see repeats,expert_26_down,linear,"{""input"": [256, 2048], ""weight_math"": [2048, 7168], ""weight_storage"": [7168, 2048], ""output"": [256, 7168]}",7516192768,0,{},29360128,1048576,3670016,独立 GEMM：权重与输入各读一次、输出写一次的操作数载荷；不预测 tile 重读。,58
aggregate; see repeats,expert_26_silu_and_product,activation,"{""gate_and_up"": [256, 2048]}",0,1048576,"{""sigmoid"": 524288}",0,2097152,1048576,"SiLU multiply and gated product; sigmoid is a separate primitive, fused logical interface.",58
aggregate; see repeats,expert_27_gate,linear,"{""input"": [256, 7168], ""weight_math"": [7168, 2048], ""weight_storage"": [2048, 7168], ""output"": [256, 2048]}",7516192768,0,{},29360128,3670016,1048576,独立 GEMM：权重与输入各读一次、输出写一次的操作数载荷；不预测 tile 重读。,58
aggregate; see repeats,expert_27_up,linear,"{""input"": [256, 7168], ""weight_math"": [7168, 2048], ""weight_storage"": [2048, 7168], ""output"": [256, 2048]}",7516192768,0,{},29360128,3670016,1048576,独立 GEMM：权重与输入各读一次、输出写一次的操作数载荷；不预测 tile 重读。,58
aggregate; see repeats,expert_27_down,linear,"{""input"": [256, 2048], ""weight_math"": [2048, 7168], ""weight_storage"": [7168, 2048], ""output"": [256, 7168]}",7516192768,0,{},29360128,1048576,3670016,独立 GEMM：权重与输入各读一次、输出写一次的操作数载荷；不预测 tile 重读。,58
aggregate; see repeats,expert_27_silu_and_product,activation,"{""gate_and_up"": [256, 2048]}",0,1048576,"{""sigmoid"": 524288}",0,2097152,1048576,"SiLU multiply and gated product; sigmoid is a separate primitive, fused logical interface.",58
aggregate; see repeats,expert_28_gate,linear,"{""input"": [256, 7168], ""weight_math"": [7168, 2048], ""weight_storage"": [2048, 7168], ""output"": [256, 2048]}",7516192768,0,{},29360128,3670016,1048576,独立 GEMM：权重与输入各读一次、输出写一次的操作数载荷；不预测 tile 重读。,58
aggregate; see repeats,expert_28_up,linear,"{""input"": [256, 7168], ""weight_math"": [7168, 2048], ""weight_storage"": [2048, 7168], ""output"": [256, 2048]}",7516192768,0,{},29360128,3670016,1048576,独立 GEMM：权重与输入各读一次、输出写一次的操作数载荷；不预测 tile 重读。,58
aggregate; see repeats,expert_28_down,linear,"{""input"": [256, 2048], ""weight_math"": [2048, 7168], ""weight_storage"": [7168, 2048], ""output"": [256, 7168]}",7516192768,0,{},29360128,1048576,3670016,独立 GEMM：权重与输入各读一次、输出写一次的操作数载荷；不预测 tile 重读。,58
aggregate; see repeats,expert_28_silu_and_product,activation,"{""gate_and_up"": [256, 2048]}",0,1048576,"{""sigmoid"": 524288}",0,2097152,1048576,"SiLU multiply and gated product; sigmoid is a separate primitive, fused logical interface.",58
aggregate; see repeats,expert_29_gate,linear,"{""input"": [256, 7168], ""weight_math"": [7168, 2048], ""weight_storage"": [2048, 7168], ""output"": [256, 2048]}",7516192768,0,{},29360128,3670016,1048576,独立 GEMM：权重与输入各读一次、输出写一次的操作数载荷；不预测 tile 重读。,58
aggregate; see repeats,expert_29_up,linear,"{""input"": [256, 7168], ""weight_math"": [7168, 2048], ""weight_storage"": [2048, 7168], ""output"": [256, 2048]}",7516192768,0,{},29360128,3670016,1048576,独立 GEMM：权重与输入各读一次、输出写一次的操作数载荷；不预测 tile 重读。,58
aggregate; see repeats,expert_29_down,linear,"{""input"": [256, 2048], ""weight_math"": [2048, 7168], ""weight_storage"": [7168, 2048], ""output"": [256, 7168]}",7516192768,0,{},29360128,1048576,3670016,独立 GEMM：权重与输入各读一次、输出写一次的操作数载荷；不预测 tile 重读。,58
aggregate; see repeats,expert_29_silu_and_product,activation,"{""gate_and_up"": [256, 2048]}",0,1048576,"{""sigmoid"": 524288}",0,2097152,1048576,"SiLU multiply and gated product; sigmoid is a separate primitive, fused logical interface.",58
aggregate; see repeats,expert_30_gate,linear,"{""input"": [256, 7168], ""weight_math"": [7168, 2048], ""weight_storage"": [2048, 7168], ""output"": [256, 2048]}",7516192768,0,{},29360128,3670016,1048576,独立 GEMM：权重与输入各读一次、输出写一次的操作数载荷；不预测 tile 重读。,58
aggregate; see repeats,expert_30_up,linear,"{""input"": [256, 7168], ""weight_math"": [7168, 2048], ""weight_storage"": [2048, 7168], ""output"": [256, 2048]}",7516192768,0,{},29360128,3670016,1048576,独立 GEMM：权重与输入各读一次、输出写一次的操作数载荷；不预测 tile 重读。,58
aggregate; see repeats,expert_30_down,linear,"{""input"": [256, 2048], ""weight_math"": [2048, 7168], ""weight_storage"": [7168, 2048], ""output"": [256, 7168]}",7516192768,0,{},29360128,1048576,3670016,独立 GEMM：权重与输入各读一次、输出写一次的操作数载荷；不预测 tile 重读。,58
aggregate; see repeats,expert_30_silu_and_product,activation,"{""gate_and_up"": [256, 2048]}",0,1048576,"{""sigmoid"": 524288}",0,2097152,1048576,"SiLU multiply and gated product; sigmoid is a separate primitive, fused logical interface.",58
aggregate; see repeats,expert_31_gate,linear,"{""input"": [256, 7168], ""weight_math"": [7168, 2048], ""weight_storage"": [2048, 7168], ""output"": [256, 2048]}",7516192768,0,{},29360128,3670016,1048576,独立 GEMM：权重与输入各读一次、输出写一次的操作数载荷；不预测 tile 重读。,58
aggregate; see repeats,expert_31_up,linear,"{""input"": [256, 7168], ""weight_math"": [7168, 2048], ""weight_storage"": [2048, 7168], ""output"": [256, 2048]}",7516192768,0,{},29360128,3670016,1048576,独立 GEMM：权重与输入各读一次、输出写一次的操作数载荷；不预测 tile 重读。,58
aggregate; see repeats,expert_31_down,linear,"{""input"": [256, 2048], ""weight_math"": [2048, 7168], ""weight_storage"": [7168, 2048], ""output"": [256, 7168]}",7516192768,0,{},29360128,1048576,3670016,独立 GEMM：权重与输入各读一次、输出写一次的操作数载荷；不预测 tile 重读。,58
aggregate; see repeats,expert_31_silu_and_product,activation,"{""gate_and_up"": [256, 2048]}",0,1048576,"{""sigmoid"": 524288}",0,2097152,1048576,"SiLU multiply and gated product; sigmoid is a separate primitive, fused logical interface.",58
aggregate; see repeats,expert_32_gate,linear,"{""input"": [256, 7168], ""weight_math"": [7168, 2048], ""weight_storage"": [2048, 7168], ""output"": [256, 2048]}",7516192768,0,{},29360128,3670016,1048576,独立 GEMM：权重与输入各读一次、输出写一次的操作数载荷；不预测 tile 重读。,58
aggregate; see repeats,expert_32_up,linear,"{""input"": [256, 7168], ""weight_math"": [7168, 2048], ""weight_storage"": [2048, 7168], ""output"": [256, 2048]}",7516192768,0,{},29360128,3670016,1048576,独立 GEMM：权重与输入各读一次、输出写一次的操作数载荷；不预测 tile 重读。,58
aggregate; see repeats,expert_32_down,linear,"{""input"": [256, 2048], ""weight_math"": [2048, 7168], ""weight_storage"": [7168, 2048], ""output"": [256, 7168]}",7516192768,0,{},29360128,1048576,3670016,独立 GEMM：权重与输入各读一次、输出写一次的操作数载荷；不预测 tile 重读。,58
aggregate; see repeats,expert_32_silu_and_product,activation,"{""gate_and_up"": [256, 2048]}",0,1048576,"{""sigmoid"": 524288}",0,2097152,1048576,"SiLU multiply and gated product; sigmoid is a separate primitive, fused logical interface.",58
aggregate; see repeats,expert_33_gate,linear,"{""input"": [256, 7168], ""weight_math"": [7168, 2048], ""weight_storage"": [2048, 7168], ""output"": [256, 2048]}",7516192768,0,{},29360128,3670016,1048576,独立 GEMM：权重与输入各读一次、输出写一次的操作数载荷；不预测 tile 重读。,58
aggregate; see repeats,expert_33_up,linear,"{""input"": [256, 7168], ""weight_math"": [7168, 2048], ""weight_storage"": [2048, 7168], ""output"": [256, 2048]}",7516192768,0,{},29360128,3670016,1048576,独立 GEMM：权重与输入各读一次、输出写一次的操作数载荷；不预测 tile 重读。,58
aggregate; see repeats,expert_33_down,linear,"{""input"": [256, 2048], ""weight_math"": [2048, 7168], ""weight_storage"": [7168, 2048], ""output"": [256, 7168]}",7516192768,0,{},29360128,1048576,3670016,独立 GEMM：权重与输入各读一次、输出写一次的操作数载荷；不预测 tile 重读。,58
aggregate; see repeats,expert_33_silu_and_product,activation,"{""gate_and_up"": [256, 2048]}",0,1048576,"{""sigmoid"": 524288}",0,2097152,1048576,"SiLU multiply and gated product; sigmoid is a separate primitive, fused logical interface.",58
aggregate; see repeats,expert_34_gate,linear,"{""input"": [256, 7168], ""weight_math"": [7168, 2048], ""weight_storage"": [2048, 7168], ""output"": [256, 2048]}",7516192768,0,{},29360128,3670016,1048576,独立 GEMM：权重与输入各读一次、输出写一次的操作数载荷；不预测 tile 重读。,58
aggregate; see repeats,expert_34_up,linear,"{""input"": [256, 7168], ""weight_math"": [7168, 2048], ""weight_storage"": [2048, 7168], ""output"": [256, 2048]}",7516192768,0,{},29360128,3670016,1048576,独立 GEMM：权重与输入各读一次、输出写一次的操作数载荷；不预测 tile 重读。,58
aggregate; see repeats,expert_34_down,linear,"{""input"": [256, 2048], ""weight_math"": [2048, 7168], ""weight_storage"": [7168, 2048], ""output"": [256, 7168]}",7516192768,0,{},29360128,1048576,3670016,独立 GEMM：权重与输入各读一次、输出写一次的操作数载荷；不预测 tile 重读。,58
aggregate; see repeats,expert_34_silu_and_product,activation,"{""gate_and_up"": [256, 2048]}",0,1048576,"{""sigmoid"": 524288}",0,2097152,1048576,"SiLU multiply and gated product; sigmoid is a separate primitive, fused logical interface.",58
aggregate; see repeats,expert_35_gate,linear,"{""input"": [256, 7168], ""weight_math"": [7168, 2048], ""weight_storage"": [2048, 7168], ""output"": [256, 2048]}",7516192768,0,{},29360128,3670016,1048576,独立 GEMM：权重与输入各读一次、输出写一次的操作数载荷；不预测 tile 重读。,58
aggregate; see repeats,expert_35_up,linear,"{""input"": [256, 7168], ""weight_math"": [7168, 2048], ""weight_storage"": [2048, 7168], ""output"": [256, 2048]}",7516192768,0,{},29360128,3670016,1048576,独立 GEMM：权重与输入各读一次、输出写一次的操作数载荷；不预测 tile 重读。,58
aggregate; see repeats,expert_35_down,linear,"{""input"": [256, 2048], ""weight_math"": [2048, 7168], ""weight_storage"": [7168, 2048], ""output"": [256, 7168]}",7516192768,0,{},29360128,1048576,3670016,独立 GEMM：权重与输入各读一次、输出写一次的操作数载荷；不预测 tile 重读。,58
aggregate; see repeats,expert_35_silu_and_product,activation,"{""gate_and_up"": [256, 2048]}",0,1048576,"{""sigmoid"": 524288}",0,2097152,1048576,"SiLU multiply and gated product; sigmoid is a separate primitive, fused logical interface.",58
aggregate; see repeats,expert_36_gate,linear,"{""input"": [256, 7168], ""weight_math"": [7168, 2048], ""weight_storage"": [2048, 7168], ""output"": [256, 2048]}",7516192768,0,{},29360128,3670016,1048576,独立 GEMM：权重与输入各读一次、输出写一次的操作数载荷；不预测 tile 重读。,58
aggregate; see repeats,expert_36_up,linear,"{""input"": [256, 7168], ""weight_math"": [7168, 2048], ""weight_storage"": [2048, 7168], ""output"": [256, 2048]}",7516192768,0,{},29360128,3670016,1048576,独立 GEMM：权重与输入各读一次、输出写一次的操作数载荷；不预测 tile 重读。,58
aggregate; see repeats,expert_36_down,linear,"{""input"": [256, 2048], ""weight_math"": [2048, 7168], ""weight_storage"": [7168, 2048], ""output"": [256, 7168]}",7516192768,0,{},29360128,1048576,3670016,独立 GEMM：权重与输入各读一次、输出写一次的操作数载荷；不预测 tile 重读。,58
aggregate; see repeats,expert_36_silu_and_product,activation,"{""gate_and_up"": [256, 2048]}",0,1048576,"{""sigmoid"": 524288}",0,2097152,1048576,"SiLU multiply and gated product; sigmoid is a separate primitive, fused logical interface.",58
aggregate; see repeats,expert_37_gate,linear,"{""input"": [256, 7168], ""weight_math"": [7168, 2048], ""weight_storage"": [2048, 7168], ""output"": [256, 2048]}",7516192768,0,{},29360128,3670016,1048576,独立 GEMM：权重与输入各读一次、输出写一次的操作数载荷；不预测 tile 重读。,58
aggregate; see repeats,expert_37_up,linear,"{""input"": [256, 7168], ""weight_math"": [7168, 2048], ""weight_storage"": [2048, 7168], ""output"": [256, 2048]}",7516192768,0,{},29360128,3670016,1048576,独立 GEMM：权重与输入各读一次、输出写一次的操作数载荷；不预测 tile 重读。,58
aggregate; see repeats,expert_37_down,linear,"{""input"": [256, 2048], ""weight_math"": [2048, 7168], ""weight_storage"": [7168, 2048], ""output"": [256, 7168]}",7516192768,0,{},29360128,1048576,3670016,独立 GEMM：权重与输入各读一次、输出写一次的操作数载荷；不预测 tile 重读。,58
aggregate; see repeats,expert_37_silu_and_product,activation,"{""gate_and_up"": [256, 2048]}",0,1048576,"{""sigmoid"": 524288}",0,2097152,1048576,"SiLU multiply and gated product; sigmoid is a separate primitive, fused logical interface.",58
aggregate; see repeats,expert_38_gate,linear,"{""input"": [256, 7168], ""weight_math"": [7168, 2048], ""weight_storage"": [2048, 7168], ""output"": [256, 2048]}",7516192768,0,{},29360128,3670016,1048576,独立 GEMM：权重与输入各读一次、输出写一次的操作数载荷；不预测 tile 重读。,58
aggregate; see repeats,expert_38_up,linear,"{""input"": [256, 7168], ""weight_math"": [7168, 2048], ""weight_storage"": [2048, 7168], ""output"": [256, 2048]}",7516192768,0,{},29360128,3670016,1048576,独立 GEMM：权重与输入各读一次、输出写一次的操作数载荷；不预测 tile 重读。,58
aggregate; see repeats,expert_38_down,linear,"{""input"": [256, 2048], ""weight_math"": [2048, 7168], ""weight_storage"": [7168, 2048], ""output"": [256, 7168]}",7516192768,0,{},29360128,1048576,3670016,独立 GEMM：权重与输入各读一次、输出写一次的操作数载荷；不预测 tile 重读。,58
aggregate; see repeats,expert_38_silu_and_product,activation,"{""gate_and_up"": [256, 2048]}",0,1048576,"{""sigmoid"": 524288}",0,2097152,1048576,"SiLU multiply and gated product; sigmoid is a separate primitive, fused logical interface.",58
aggregate; see repeats,expert_39_gate,linear,"{""input"": [256, 7168], ""weight_math"": [7168, 2048], ""weight_storage"": [2048, 7168], ""output"": [256, 2048]}",7516192768,0,{},29360128,3670016,1048576,独立 GEMM：权重与输入各读一次、输出写一次的操作数载荷；不预测 tile 重读。,58
aggregate; see repeats,expert_39_up,linear,"{""input"": [256, 7168], ""weight_math"": [7168, 2048], ""weight_storage"": [2048, 7168], ""output"": [256, 2048]}",7516192768,0,{},29360128,3670016,1048576,独立 GEMM：权重与输入各读一次、输出写一次的操作数载荷；不预测 tile 重读。,58
aggregate; see repeats,expert_39_down,linear,"{""input"": [256, 2048], ""weight_math"": [2048, 7168], ""weight_storage"": [7168, 2048], ""output"": [256, 7168]}",7516192768,0,{},29360128,1048576,3670016,独立 GEMM：权重与输入各读一次、输出写一次的操作数载荷；不预测 tile 重读。,58
aggregate; see repeats,expert_39_silu_and_product,activation,"{""gate_and_up"": [256, 2048]}",0,1048576,"{""sigmoid"": 524288}",0,2097152,1048576,"SiLU multiply and gated product; sigmoid is a separate primitive, fused logical interface.",58
aggregate; see repeats,expert_40_gate,linear,"{""input"": [256, 7168], ""weight_math"": [7168, 2048], ""weight_storage"": [2048, 7168], ""output"": [256, 2048]}",7516192768,0,{},29360128,3670016,1048576,独立 GEMM：权重与输入各读一次、输出写一次的操作数载荷；不预测 tile 重读。,58
aggregate; see repeats,expert_40_up,linear,"{""input"": [256, 7168], ""weight_math"": [7168, 2048], ""weight_storage"": [2048, 7168], ""output"": [256, 2048]}",7516192768,0,{},29360128,3670016,1048576,独立 GEMM：权重与输入各读一次、输出写一次的操作数载荷；不预测 tile 重读。,58
aggregate; see repeats,expert_40_down,linear,"{""input"": [256, 2048], ""weight_math"": [2048, 7168], ""weight_storage"": [7168, 2048], ""output"": [256, 7168]}",7516192768,0,{},29360128,1048576,3670016,独立 GEMM：权重与输入各读一次、输出写一次的操作数载荷；不预测 tile 重读。,58
aggregate; see repeats,expert_40_silu_and_product,activation,"{""gate_and_up"": [256, 2048]}",0,1048576,"{""sigmoid"": 524288}",0,2097152,1048576,"SiLU multiply and gated product; sigmoid is a separate primitive, fused logical interface.",58
aggregate; see repeats,expert_41_gate,linear,"{""input"": [256, 7168], ""weight_math"": [7168, 2048], ""weight_storage"": [2048, 7168], ""output"": [256, 2048]}",7516192768,0,{},29360128,3670016,1048576,独立 GEMM：权重与输入各读一次、输出写一次的操作数载荷；不预测 tile 重读。,58
aggregate; see repeats,expert_41_up,linear,"{""input"": [256, 7168], ""weight_math"": [7168, 2048], ""weight_storage"": [2048, 7168], ""output"": [256, 2048]}",7516192768,0,{},29360128,3670016,1048576,独立 GEMM：权重与输入各读一次、输出写一次的操作数载荷；不预测 tile 重读。,58
aggregate; see repeats,expert_41_down,linear,"{""input"": [256, 2048], ""weight_math"": [2048, 7168], ""weight_storage"": [7168, 2048], ""output"": [256, 7168]}",7516192768,0,{},29360128,1048576,3670016,独立 GEMM：权重与输入各读一次、输出写一次的操作数载荷；不预测 tile 重读。,58
aggregate; see repeats,expert_41_silu_and_product,activation,"{""gate_and_up"": [256, 2048]}",0,1048576,"{""sigmoid"": 524288}",0,2097152,1048576,"SiLU multiply and gated product; sigmoid is a separate primitive, fused logical interface.",58
aggregate; see repeats,expert_42_gate,linear,"{""input"": [256, 7168], ""weight_math"": [7168, 2048], ""weight_storage"": [2048, 7168], ""output"": [256, 2048]}",7516192768,0,{},29360128,3670016,1048576,独立 GEMM：权重与输入各读一次、输出写一次的操作数载荷；不预测 tile 重读。,58
aggregate; see repeats,expert_42_up,linear,"{""input"": [256, 7168], ""weight_math"": [7168, 2048], ""weight_storage"": [2048, 7168], ""output"": [256, 2048]}",7516192768,0,{},29360128,3670016,1048576,独立 GEMM：权重与输入各读一次、输出写一次的操作数载荷；不预测 tile 重读。,58
aggregate; see repeats,expert_42_down,linear,"{""input"": [256, 2048], ""weight_math"": [2048, 7168], ""weight_storage"": [7168, 2048], ""output"": [256, 7168]}",7516192768,0,{},29360128,1048576,3670016,独立 GEMM：权重与输入各读一次、输出写一次的操作数载荷；不预测 tile 重读。,58
aggregate; see repeats,expert_42_silu_and_product,activation,"{""gate_and_up"": [256, 2048]}",0,1048576,"{""sigmoid"": 524288}",0,2097152,1048576,"SiLU multiply and gated product; sigmoid is a separate primitive, fused logical interface.",58
aggregate; see repeats,expert_43_gate,linear,"{""input"": [256, 7168], ""weight_math"": [7168, 2048], ""weight_storage"": [2048, 7168], ""output"": [256, 2048]}",7516192768,0,{},29360128,3670016,1048576,独立 GEMM：权重与输入各读一次、输出写一次的操作数载荷；不预测 tile 重读。,58
aggregate; see repeats,expert_43_up,linear,"{""input"": [256, 7168], ""weight_math"": [7168, 2048], ""weight_storage"": [2048, 7168], ""output"": [256, 2048]}",7516192768,0,{},29360128,3670016,1048576,独立 GEMM：权重与输入各读一次、输出写一次的操作数载荷；不预测 tile 重读。,58
aggregate; see repeats,expert_43_down,linear,"{""input"": [256, 2048], ""weight_math"": [2048, 7168], ""weight_storage"": [7168, 2048], ""output"": [256, 7168]}",7516192768,0,{},29360128,1048576,3670016,独立 GEMM：权重与输入各读一次、输出写一次的操作数载荷；不预测 tile 重读。,58
aggregate; see repeats,expert_43_silu_and_product,activation,"{""gate_and_up"": [256, 2048]}",0,1048576,"{""sigmoid"": 524288}",0,2097152,1048576,"SiLU multiply and gated product; sigmoid is a separate primitive, fused logical interface.",58
aggregate; see repeats,expert_44_gate,linear,"{""input"": [256, 7168], ""weight_math"": [7168, 2048], ""weight_storage"": [2048, 7168], ""output"": [256, 2048]}",7516192768,0,{},29360128,3670016,1048576,独立 GEMM：权重与输入各读一次、输出写一次的操作数载荷；不预测 tile 重读。,58
aggregate; see repeats,expert_44_up,linear,"{""input"": [256, 7168], ""weight_math"": [7168, 2048], ""weight_storage"": [2048, 7168], ""output"": [256, 2048]}",7516192768,0,{},29360128,3670016,1048576,独立 GEMM：权重与输入各读一次、输出写一次的操作数载荷；不预测 tile 重读。,58
aggregate; see repeats,expert_44_down,linear,"{""input"": [256, 2048], ""weight_math"": [2048, 7168], ""weight_storage"": [7168, 2048], ""output"": [256, 7168]}",7516192768,0,{},29360128,1048576,3670016,独立 GEMM：权重与输入各读一次、输出写一次的操作数载荷；不预测 tile 重读。,58
aggregate; see repeats,expert_44_silu_and_product,activation,"{""gate_and_up"": [256, 2048]}",0,1048576,"{""sigmoid"": 524288}",0,2097152,1048576,"SiLU multiply and gated product; sigmoid is a separate primitive, fused logical interface.",58
aggregate; see repeats,expert_45_gate,linear,"{""input"": [256, 7168], ""weight_math"": [7168, 2048], ""weight_storage"": [2048, 7168], ""output"": [256, 2048]}",7516192768,0,{},29360128,3670016,1048576,独立 GEMM：权重与输入各读一次、输出写一次的操作数载荷；不预测 tile 重读。,58
aggregate; see repeats,expert_45_up,linear,"{""input"": [256, 7168], ""weight_math"": [7168, 2048], ""weight_storage"": [2048, 7168], ""output"": [256, 2048]}",7516192768,0,{},29360128,3670016,1048576,独立 GEMM：权重与输入各读一次、输出写一次的操作数载荷；不预测 tile 重读。,58
aggregate; see repeats,expert_45_down,linear,"{""input"": [256, 2048], ""weight_math"": [2048, 7168], ""weight_storage"": [7168, 2048], ""output"": [256, 7168]}",7516192768,0,{},29360128,1048576,3670016,独立 GEMM：权重与输入各读一次、输出写一次的操作数载荷；不预测 tile 重读。,58
aggregate; see repeats,expert_45_silu_and_product,activation,"{""gate_and_up"": [256, 2048]}",0,1048576,"{""sigmoid"": 524288}",0,2097152,1048576,"SiLU multiply and gated product; sigmoid is a separate primitive, fused logical interface.",58
aggregate; see repeats,expert_46_gate,linear,"{""input"": [256, 7168], ""weight_math"": [7168, 2048], ""weight_storage"": [2048, 7168], ""output"": [256, 2048]}",7516192768,0,{},29360128,3670016,1048576,独立 GEMM：权重与输入各读一次、输出写一次的操作数载荷；不预测 tile 重读。,58
aggregate; see repeats,expert_46_up,linear,"{""input"": [256, 7168], ""weight_math"": [7168, 2048], ""weight_storage"": [2048, 7168], ""output"": [256, 2048]}",7516192768,0,{},29360128,3670016,1048576,独立 GEMM：权重与输入各读一次、输出写一次的操作数载荷；不预测 tile 重读。,58
aggregate; see repeats,expert_46_down,linear,"{""input"": [256, 2048], ""weight_math"": [2048, 7168], ""weight_storage"": [7168, 2048], ""output"": [256, 7168]}",7516192768,0,{},29360128,1048576,3670016,独立 GEMM：权重与输入各读一次、输出写一次的操作数载荷；不预测 tile 重读。,58
aggregate; see repeats,expert_46_silu_and_product,activation,"{""gate_and_up"": [256, 2048]}",0,1048576,"{""sigmoid"": 524288}",0,2097152,1048576,"SiLU multiply and gated product; sigmoid is a separate primitive, fused logical interface.",58
aggregate; see repeats,expert_47_gate,linear,"{""input"": [256, 7168], ""weight_math"": [7168, 2048], ""weight_storage"": [2048, 7168], ""output"": [256, 2048]}",7516192768,0,{},29360128,3670016,1048576,独立 GEMM：权重与输入各读一次、输出写一次的操作数载荷；不预测 tile 重读。,58
aggregate; see repeats,expert_47_up,linear,"{""input"": [256, 7168], ""weight_math"": [7168, 2048], ""weight_storage"": [2048, 7168], ""output"": [256, 2048]}",7516192768,0,{},29360128,3670016,1048576,独立 GEMM：权重与输入各读一次、输出写一次的操作数载荷；不预测 tile 重读。,58
aggregate; see repeats,expert_47_down,linear,"{""input"": [256, 2048], ""weight_math"": [2048, 7168], ""weight_storage"": [7168, 2048], ""output"": [256, 7168]}",7516192768,0,{},29360128,1048576,3670016,独立 GEMM：权重与输入各读一次、输出写一次的操作数载荷；不预测 tile 重读。,58
aggregate; see repeats,expert_47_silu_and_product,activation,"{""gate_and_up"": [256, 2048]}",0,1048576,"{""sigmoid"": 524288}",0,2097152,1048576,"SiLU multiply and gated product; sigmoid is a separate primitive, fused logical interface.",58
aggregate; see repeats,expert_48_gate,linear,"{""input"": [256, 7168], ""weight_math"": [7168, 2048], ""weight_storage"": [2048, 7168], ""output"": [256, 2048]}",7516192768,0,{},29360128,3670016,1048576,独立 GEMM：权重与输入各读一次、输出写一次的操作数载荷；不预测 tile 重读。,58
aggregate; see repeats,expert_48_up,linear,"{""input"": [256, 7168], ""weight_math"": [7168, 2048], ""weight_storage"": [2048, 7168], ""output"": [256, 2048]}",7516192768,0,{},29360128,3670016,1048576,独立 GEMM：权重与输入各读一次、输出写一次的操作数载荷；不预测 tile 重读。,58
aggregate; see repeats,expert_48_down,linear,"{""input"": [256, 2048], ""weight_math"": [2048, 7168], ""weight_storage"": [7168, 2048], ""output"": [256, 7168]}",7516192768,0,{},29360128,1048576,3670016,独立 GEMM：权重与输入各读一次、输出写一次的操作数载荷；不预测 tile 重读。,58
aggregate; see repeats,expert_48_silu_and_product,activation,"{""gate_and_up"": [256, 2048]}",0,1048576,"{""sigmoid"": 524288}",0,2097152,1048576,"SiLU multiply and gated product; sigmoid is a separate primitive, fused logical interface.",58
aggregate; see repeats,expert_49_gate,linear,"{""input"": [256, 7168], ""weight_math"": [7168, 2048], ""weight_storage"": [2048, 7168], ""output"": [256, 2048]}",7516192768,0,{},29360128,3670016,1048576,独立 GEMM：权重与输入各读一次、输出写一次的操作数载荷；不预测 tile 重读。,58
aggregate; see repeats,expert_49_up,linear,"{""input"": [256, 7168], ""weight_math"": [7168, 2048], ""weight_storage"": [2048, 7168], ""output"": [256, 2048]}",7516192768,0,{},29360128,3670016,1048576,独立 GEMM：权重与输入各读一次、输出写一次的操作数载荷；不预测 tile 重读。,58
aggregate; see repeats,expert_49_down,linear,"{""input"": [256, 2048], ""weight_math"": [2048, 7168], ""weight_storage"": [7168, 2048], ""output"": [256, 7168]}",7516192768,0,{},29360128,1048576,3670016,独立 GEMM：权重与输入各读一次、输出写一次的操作数载荷；不预测 tile 重读。,58
aggregate; see repeats,expert_49_silu_and_product,activation,"{""gate_and_up"": [256, 2048]}",0,1048576,"{""sigmoid"": 524288}",0,2097152,1048576,"SiLU multiply and gated product; sigmoid is a separate primitive, fused logical interface.",58
aggregate; see repeats,expert_50_gate,linear,"{""input"": [256, 7168], ""weight_math"": [7168, 2048], ""weight_storage"": [2048, 7168], ""output"": [256, 2048]}",7516192768,0,{},29360128,3670016,1048576,独立 GEMM：权重与输入各读一次、输出写一次的操作数载荷；不预测 tile 重读。,58
aggregate; see repeats,expert_50_up,linear,"{""input"": [256, 7168], ""weight_math"": [7168, 2048], ""weight_storage"": [2048, 7168], ""output"": [256, 2048]}",7516192768,0,{},29360128,3670016,1048576,独立 GEMM：权重与输入各读一次、输出写一次的操作数载荷；不预测 tile 重读。,58
aggregate; see repeats,expert_50_down,linear,"{""input"": [256, 2048], ""weight_math"": [2048, 7168], ""weight_storage"": [7168, 2048], ""output"": [256, 7168]}",7516192768,0,{},29360128,1048576,3670016,独立 GEMM：权重与输入各读一次、输出写一次的操作数载荷；不预测 tile 重读。,58
aggregate; see repeats,expert_50_silu_and_product,activation,"{""gate_and_up"": [256, 2048]}",0,1048576,"{""sigmoid"": 524288}",0,2097152,1048576,"SiLU multiply and gated product; sigmoid is a separate primitive, fused logical interface.",58
aggregate; see repeats,expert_51_gate,linear,"{""input"": [256, 7168], ""weight_math"": [7168, 2048], ""weight_storage"": [2048, 7168], ""output"": [256, 2048]}",7516192768,0,{},29360128,3670016,1048576,独立 GEMM：权重与输入各读一次、输出写一次的操作数载荷；不预测 tile 重读。,58
aggregate; see repeats,expert_51_up,linear,"{""input"": [256, 7168], ""weight_math"": [7168, 2048], ""weight_storage"": [2048, 7168], ""output"": [256, 2048]}",7516192768,0,{},29360128,3670016,1048576,独立 GEMM：权重与输入各读一次、输出写一次的操作数载荷；不预测 tile 重读。,58
aggregate; see repeats,expert_51_down,linear,"{""input"": [256, 2048], ""weight_math"": [2048, 7168], ""weight_storage"": [7168, 2048], ""output"": [256, 7168]}",7516192768,0,{},29360128,1048576,3670016,独立 GEMM：权重与输入各读一次、输出写一次的操作数载荷；不预测 tile 重读。,58
aggregate; see repeats,expert_51_silu_and_product,activation,"{""gate_and_up"": [256, 2048]}",0,1048576,"{""sigmoid"": 524288}",0,2097152,1048576,"SiLU multiply and gated product; sigmoid is a separate primitive, fused logical interface.",58
aggregate; see repeats,expert_52_gate,linear,"{""input"": [256, 7168], ""weight_math"": [7168, 2048], ""weight_storage"": [2048, 7168], ""output"": [256, 2048]}",7516192768,0,{},29360128,3670016,1048576,独立 GEMM：权重与输入各读一次、输出写一次的操作数载荷；不预测 tile 重读。,58
aggregate; see repeats,expert_52_up,linear,"{""input"": [256, 7168], ""weight_math"": [7168, 2048], ""weight_storage"": [2048, 7168], ""output"": [256, 2048]}",7516192768,0,{},29360128,3670016,1048576,独立 GEMM：权重与输入各读一次、输出写一次的操作数载荷；不预测 tile 重读。,58
aggregate; see repeats,expert_52_down,linear,"{""input"": [256, 2048], ""weight_math"": [2048, 7168], ""weight_storage"": [7168, 2048], ""output"": [256, 7168]}",7516192768,0,{},29360128,1048576,3670016,独立 GEMM：权重与输入各读一次、输出写一次的操作数载荷；不预测 tile 重读。,58
aggregate; see repeats,expert_52_silu_and_product,activation,"{""gate_and_up"": [256, 2048]}",0,1048576,"{""sigmoid"": 524288}",0,2097152,1048576,"SiLU multiply and gated product; sigmoid is a separate primitive, fused logical interface.",58
aggregate; see repeats,expert_53_gate,linear,"{""input"": [256, 7168], ""weight_math"": [7168, 2048], ""weight_storage"": [2048, 7168], ""output"": [256, 2048]}",7516192768,0,{},29360128,3670016,1048576,独立 GEMM：权重与输入各读一次、输出写一次的操作数载荷；不预测 tile 重读。,58
aggregate; see repeats,expert_53_up,linear,"{""input"": [256, 7168], ""weight_math"": [7168, 2048], ""weight_storage"": [2048, 7168], ""output"": [256, 2048]}",7516192768,0,{},29360128,3670016,1048576,独立 GEMM：权重与输入各读一次、输出写一次的操作数载荷；不预测 tile 重读。,58
aggregate; see repeats,expert_53_down,linear,"{""input"": [256, 2048], ""weight_math"": [2048, 7168], ""weight_storage"": [7168, 2048], ""output"": [256, 7168]}",7516192768,0,{},29360128,1048576,3670016,独立 GEMM：权重与输入各读一次、输出写一次的操作数载荷；不预测 tile 重读。,58
aggregate; see repeats,expert_53_silu_and_product,activation,"{""gate_and_up"": [256, 2048]}",0,1048576,"{""sigmoid"": 524288}",0,2097152,1048576,"SiLU multiply and gated product; sigmoid is a separate primitive, fused logical interface.",58
aggregate; see repeats,expert_54_gate,linear,"{""input"": [256, 7168], ""weight_math"": [7168, 2048], ""weight_storage"": [2048, 7168], ""output"": [256, 2048]}",7516192768,0,{},29360128,3670016,1048576,独立 GEMM：权重与输入各读一次、输出写一次的操作数载荷；不预测 tile 重读。,58
aggregate; see repeats,expert_54_up,linear,"{""input"": [256, 7168], ""weight_math"": [7168, 2048], ""weight_storage"": [2048, 7168], ""output"": [256, 2048]}",7516192768,0,{},29360128,3670016,1048576,独立 GEMM：权重与输入各读一次、输出写一次的操作数载荷；不预测 tile 重读。,58
aggregate; see repeats,expert_54_down,linear,"{""input"": [256, 2048], ""weight_math"": [2048, 7168], ""weight_storage"": [7168, 2048], ""output"": [256, 7168]}",7516192768,0,{},29360128,1048576,3670016,独立 GEMM：权重与输入各读一次、输出写一次的操作数载荷；不预测 tile 重读。,58
aggregate; see repeats,expert_54_silu_and_product,activation,"{""gate_and_up"": [256, 2048]}",0,1048576,"{""sigmoid"": 524288}",0,2097152,1048576,"SiLU multiply and gated product; sigmoid is a separate primitive, fused logical interface.",58
aggregate; see repeats,expert_55_gate,linear,"{""input"": [256, 7168], ""weight_math"": [7168, 2048], ""weight_storage"": [2048, 7168], ""output"": [256, 2048]}",7516192768,0,{},29360128,3670016,1048576,独立 GEMM：权重与输入各读一次、输出写一次的操作数载荷；不预测 tile 重读。,58
aggregate; see repeats,expert_55_up,linear,"{""input"": [256, 7168], ""weight_math"": [7168, 2048], ""weight_storage"": [2048, 7168], ""output"": [256, 2048]}",7516192768,0,{},29360128,3670016,1048576,独立 GEMM：权重与输入各读一次、输出写一次的操作数载荷；不预测 tile 重读。,58
aggregate; see repeats,expert_55_down,linear,"{""input"": [256, 2048], ""weight_math"": [2048, 7168], ""weight_storage"": [7168, 2048], ""output"": [256, 7168]}",7516192768,0,{},29360128,1048576,3670016,独立 GEMM：权重与输入各读一次、输出写一次的操作数载荷；不预测 tile 重读。,58
aggregate; see repeats,expert_55_silu_and_product,activation,"{""gate_and_up"": [256, 2048]}",0,1048576,"{""sigmoid"": 524288}",0,2097152,1048576,"SiLU multiply and gated product; sigmoid is a separate primitive, fused logical interface.",58
aggregate; see repeats,expert_56_gate,linear,"{""input"": [256, 7168], ""weight_math"": [7168, 2048], ""weight_storage"": [2048, 7168], ""output"": [256, 2048]}",7516192768,0,{},29360128,3670016,1048576,独立 GEMM：权重与输入各读一次、输出写一次的操作数载荷；不预测 tile 重读。,58
aggregate; see repeats,expert_56_up,linear,"{""input"": [256, 7168], ""weight_math"": [7168, 2048], ""weight_storage"": [2048, 7168], ""output"": [256, 2048]}",7516192768,0,{},29360128,3670016,1048576,独立 GEMM：权重与输入各读一次、输出写一次的操作数载荷；不预测 tile 重读。,58
aggregate; see repeats,expert_56_down,linear,"{""input"": [256, 2048], ""weight_math"": [2048, 7168], ""weight_storage"": [7168, 2048], ""output"": [256, 7168]}",7516192768,0,{},29360128,1048576,3670016,独立 GEMM：权重与输入各读一次、输出写一次的操作数载荷；不预测 tile 重读。,58
aggregate; see repeats,expert_56_silu_and_product,activation,"{""gate_and_up"": [256, 2048]}",0,1048576,"{""sigmoid"": 524288}",0,2097152,1048576,"SiLU multiply and gated product; sigmoid is a separate primitive, fused logical interface.",58
aggregate; see repeats,expert_57_gate,linear,"{""input"": [256, 7168], ""weight_math"": [7168, 2048], ""weight_storage"": [2048, 7168], ""output"": [256, 2048]}",7516192768,0,{},29360128,3670016,1048576,独立 GEMM：权重与输入各读一次、输出写一次的操作数载荷；不预测 tile 重读。,58
aggregate; see repeats,expert_57_up,linear,"{""input"": [256, 7168], ""weight_math"": [7168, 2048], ""weight_storage"": [2048, 7168], ""output"": [256, 2048]}",7516192768,0,{},29360128,3670016,1048576,独立 GEMM：权重与输入各读一次、输出写一次的操作数载荷；不预测 tile 重读。,58
aggregate; see repeats,expert_57_down,linear,"{""input"": [256, 2048], ""weight_math"": [2048, 7168], ""weight_storage"": [7168, 2048], ""output"": [256, 7168]}",7516192768,0,{},29360128,1048576,3670016,独立 GEMM：权重与输入各读一次、输出写一次的操作数载荷；不预测 tile 重读。,58
aggregate; see repeats,expert_57_silu_and_product,activation,"{""gate_and_up"": [256, 2048]}",0,1048576,"{""sigmoid"": 524288}",0,2097152,1048576,"SiLU multiply and gated product; sigmoid is a separate primitive, fused logical interface.",58
aggregate; see repeats,expert_58_gate,linear,"{""input"": [256, 7168], ""weight_math"": [7168, 2048], ""weight_storage"": [2048, 7168], ""output"": [256, 2048]}",7516192768,0,{},29360128,3670016,1048576,独立 GEMM：权重与输入各读一次、输出写一次的操作数载荷；不预测 tile 重读。,58
aggregate; see repeats,expert_58_up,linear,"{""input"": [256, 7168], ""weight_math"": [7168, 2048], ""weight_storage"": [2048, 7168], ""output"": [256, 2048]}",7516192768,0,{},29360128,3670016,1048576,独立 GEMM：权重与输入各读一次、输出写一次的操作数载荷；不预测 tile 重读。,58
aggregate; see repeats,expert_58_down,linear,"{""input"": [256, 2048], ""weight_math"": [2048, 7168], ""weight_storage"": [7168, 2048], ""output"": [256, 7168]}",7516192768,0,{},29360128,1048576,3670016,独立 GEMM：权重与输入各读一次、输出写一次的操作数载荷；不预测 tile 重读。,58
aggregate; see repeats,expert_58_silu_and_product,activation,"{""gate_and_up"": [256, 2048]}",0,1048576,"{""sigmoid"": 524288}",0,2097152,1048576,"SiLU multiply and gated product; sigmoid is a separate primitive, fused logical interface.",58
aggregate; see repeats,expert_59_gate,linear,"{""input"": [256, 7168], ""weight_math"": [7168, 2048], ""weight_storage"": [2048, 7168], ""output"": [256, 2048]}",7516192768,0,{},29360128,3670016,1048576,独立 GEMM：权重与输入各读一次、输出写一次的操作数载荷；不预测 tile 重读。,58
aggregate; see repeats,expert_59_up,linear,"{""input"": [256, 7168], ""weight_math"": [7168, 2048], ""weight_storage"": [2048, 7168], ""output"": [256, 2048]}",7516192768,0,{},29360128,3670016,1048576,独立 GEMM：权重与输入各读一次、输出写一次的操作数载荷；不预测 tile 重读。,58
aggregate; see repeats,expert_59_down,linear,"{""input"": [256, 2048], ""weight_math"": [2048, 7168], ""weight_storage"": [7168, 2048], ""output"": [256, 7168]}",7516192768,0,{},29360128,1048576,3670016,独立 GEMM：权重与输入各读一次、输出写一次的操作数载荷；不预测 tile 重读。,58
aggregate; see repeats,expert_59_silu_and_product,activation,"{""gate_and_up"": [256, 2048]}",0,1048576,"{""sigmoid"": 524288}",0,2097152,1048576,"SiLU multiply and gated product; sigmoid is a separate primitive, fused logical interface.",58
aggregate; see repeats,expert_60_gate,linear,"{""input"": [256, 7168], ""weight_math"": [7168, 2048], ""weight_storage"": [2048, 7168], ""output"": [256, 2048]}",7516192768,0,{},29360128,3670016,1048576,独立 GEMM：权重与输入各读一次、输出写一次的操作数载荷；不预测 tile 重读。,58
aggregate; see repeats,expert_60_up,linear,"{""input"": [256, 7168], ""weight_math"": [7168, 2048], ""weight_storage"": [2048, 7168], ""output"": [256, 2048]}",7516192768,0,{},29360128,3670016,1048576,独立 GEMM：权重与输入各读一次、输出写一次的操作数载荷；不预测 tile 重读。,58
aggregate; see repeats,expert_60_down,linear,"{""input"": [256, 2048], ""weight_math"": [2048, 7168], ""weight_storage"": [7168, 2048], ""output"": [256, 7168]}",7516192768,0,{},29360128,1048576,3670016,独立 GEMM：权重与输入各读一次、输出写一次的操作数载荷；不预测 tile 重读。,58
aggregate; see repeats,expert_60_silu_and_product,activation,"{""gate_and_up"": [256, 2048]}",0,1048576,"{""sigmoid"": 524288}",0,2097152,1048576,"SiLU multiply and gated product; sigmoid is a separate primitive, fused logical interface.",58
aggregate; see repeats,expert_61_gate,linear,"{""input"": [256, 7168], ""weight_math"": [7168, 2048], ""weight_storage"": [2048, 7168], ""output"": [256, 2048]}",7516192768,0,{},29360128,3670016,1048576,独立 GEMM：权重与输入各读一次、输出写一次的操作数载荷；不预测 tile 重读。,58
aggregate; see repeats,expert_61_up,linear,"{""input"": [256, 7168], ""weight_math"": [7168, 2048], ""weight_storage"": [2048, 7168], ""output"": [256, 2048]}",7516192768,0,{},29360128,3670016,1048576,独立 GEMM：权重与输入各读一次、输出写一次的操作数载荷；不预测 tile 重读。,58
aggregate; see repeats,expert_61_down,linear,"{""input"": [256, 2048], ""weight_math"": [2048, 7168], ""weight_storage"": [7168, 2048], ""output"": [256, 7168]}",7516192768,0,{},29360128,1048576,3670016,独立 GEMM：权重与输入各读一次、输出写一次的操作数载荷；不预测 tile 重读。,58
aggregate; see repeats,expert_61_silu_and_product,activation,"{""gate_and_up"": [256, 2048]}",0,1048576,"{""sigmoid"": 524288}",0,2097152,1048576,"SiLU multiply and gated product; sigmoid is a separate primitive, fused logical interface.",58
aggregate; see repeats,expert_62_gate,linear,"{""input"": [256, 7168], ""weight_math"": [7168, 2048], ""weight_storage"": [2048, 7168], ""output"": [256, 2048]}",7516192768,0,{},29360128,3670016,1048576,独立 GEMM：权重与输入各读一次、输出写一次的操作数载荷；不预测 tile 重读。,58
aggregate; see repeats,expert_62_up,linear,"{""input"": [256, 7168], ""weight_math"": [7168, 2048], ""weight_storage"": [2048, 7168], ""output"": [256, 2048]}",7516192768,0,{},29360128,3670016,1048576,独立 GEMM：权重与输入各读一次、输出写一次的操作数载荷；不预测 tile 重读。,58
aggregate; see repeats,expert_62_down,linear,"{""input"": [256, 2048], ""weight_math"": [2048, 7168], ""weight_storage"": [7168, 2048], ""output"": [256, 7168]}",7516192768,0,{},29360128,1048576,3670016,独立 GEMM：权重与输入各读一次、输出写一次的操作数载荷；不预测 tile 重读。,58
aggregate; see repeats,expert_62_silu_and_product,activation,"{""gate_and_up"": [256, 2048]}",0,1048576,"{""sigmoid"": 524288}",0,2097152,1048576,"SiLU multiply and gated product; sigmoid is a separate primitive, fused logical interface.",58
aggregate; see repeats,expert_63_gate,linear,"{""input"": [256, 7168], ""weight_math"": [7168, 2048], ""weight_storage"": [2048, 7168], ""output"": [256, 2048]}",7516192768,0,{},29360128,3670016,1048576,独立 GEMM：权重与输入各读一次、输出写一次的操作数载荷；不预测 tile 重读。,58
aggregate; see repeats,expert_63_up,linear,"{""input"": [256, 7168], ""weight_math"": [7168, 2048], ""weight_storage"": [2048, 7168], ""output"": [256, 2048]}",7516192768,0,{},29360128,3670016,1048576,独立 GEMM：权重与输入各读一次、输出写一次的操作数载荷；不预测 tile 重读。,58
aggregate; see repeats,expert_63_down,linear,"{""input"": [256, 2048], ""weight_math"": [2048, 7168], ""weight_storage"": [7168, 2048], ""output"": [256, 7168]}",7516192768,0,{},29360128,1048576,3670016,独立 GEMM：权重与输入各读一次、输出写一次的操作数载荷；不预测 tile 重读。,58
aggregate; see repeats,expert_63_silu_and_product,activation,"{""gate_and_up"": [256, 2048]}",0,1048576,"{""sigmoid"": 524288}",0,2097152,1048576,"SiLU multiply and gated product; sigmoid is a separate primitive, fused logical interface.",58
aggregate; see repeats,expert_64_gate,linear,"{""input"": [256, 7168], ""weight_math"": [7168, 2048], ""weight_storage"": [2048, 7168], ""output"": [256, 2048]}",7516192768,0,{},29360128,3670016,1048576,独立 GEMM：权重与输入各读一次、输出写一次的操作数载荷；不预测 tile 重读。,58
aggregate; see repeats,expert_64_up,linear,"{""input"": [256, 7168], ""weight_math"": [7168, 2048], ""weight_storage"": [2048, 7168], ""output"": [256, 2048]}",7516192768,0,{},29360128,3670016,1048576,独立 GEMM：权重与输入各读一次、输出写一次的操作数载荷；不预测 tile 重读。,58
aggregate; see repeats,expert_64_down,linear,"{""input"": [256, 2048], ""weight_math"": [2048, 7168], ""weight_storage"": [7168, 2048], ""output"": [256, 7168]}",7516192768,0,{},29360128,1048576,3670016,独立 GEMM：权重与输入各读一次、输出写一次的操作数载荷；不预测 tile 重读。,58
aggregate; see repeats,expert_64_silu_and_product,activation,"{""gate_and_up"": [256, 2048]}",0,1048576,"{""sigmoid"": 524288}",0,2097152,1048576,"SiLU multiply and gated product; sigmoid is a separate primitive, fused logical interface.",58
aggregate; see repeats,expert_65_gate,linear,"{""input"": [256, 7168], ""weight_math"": [7168, 2048], ""weight_storage"": [2048, 7168], ""output"": [256, 2048]}",7516192768,0,{},29360128,3670016,1048576,独立 GEMM：权重与输入各读一次、输出写一次的操作数载荷；不预测 tile 重读。,58
aggregate; see repeats,expert_65_up,linear,"{""input"": [256, 7168], ""weight_math"": [7168, 2048], ""weight_storage"": [2048, 7168], ""output"": [256, 2048]}",7516192768,0,{},29360128,3670016,1048576,独立 GEMM：权重与输入各读一次、输出写一次的操作数载荷；不预测 tile 重读。,58
aggregate; see repeats,expert_65_down,linear,"{""input"": [256, 2048], ""weight_math"": [2048, 7168], ""weight_storage"": [7168, 2048], ""output"": [256, 7168]}",7516192768,0,{},29360128,1048576,3670016,独立 GEMM：权重与输入各读一次、输出写一次的操作数载荷；不预测 tile 重读。,58
aggregate; see repeats,expert_65_silu_and_product,activation,"{""gate_and_up"": [256, 2048]}",0,1048576,"{""sigmoid"": 524288}",0,2097152,1048576,"SiLU multiply and gated product; sigmoid is a separate primitive, fused logical interface.",58
aggregate; see repeats,expert_66_gate,linear,"{""input"": [256, 7168], ""weight_math"": [7168, 2048], ""weight_storage"": [2048, 7168], ""output"": [256, 2048]}",7516192768,0,{},29360128,3670016,1048576,独立 GEMM：权重与输入各读一次、输出写一次的操作数载荷；不预测 tile 重读。,58
aggregate; see repeats,expert_66_up,linear,"{""input"": [256, 7168], ""weight_math"": [7168, 2048], ""weight_storage"": [2048, 7168], ""output"": [256, 2048]}",7516192768,0,{},29360128,3670016,1048576,独立 GEMM：权重与输入各读一次、输出写一次的操作数载荷；不预测 tile 重读。,58
aggregate; see repeats,expert_66_down,linear,"{""input"": [256, 2048], ""weight_math"": [2048, 7168], ""weight_storage"": [7168, 2048], ""output"": [256, 7168]}",7516192768,0,{},29360128,1048576,3670016,独立 GEMM：权重与输入各读一次、输出写一次的操作数载荷；不预测 tile 重读。,58
aggregate; see repeats,expert_66_silu_and_product,activation,"{""gate_and_up"": [256, 2048]}",0,1048576,"{""sigmoid"": 524288}",0,2097152,1048576,"SiLU multiply and gated product; sigmoid is a separate primitive, fused logical interface.",58
aggregate; see repeats,expert_67_gate,linear,"{""input"": [256, 7168], ""weight_math"": [7168, 2048], ""weight_storage"": [2048, 7168], ""output"": [256, 2048]}",7516192768,0,{},29360128,3670016,1048576,独立 GEMM：权重与输入各读一次、输出写一次的操作数载荷；不预测 tile 重读。,58
aggregate; see repeats,expert_67_up,linear,"{""input"": [256, 7168], ""weight_math"": [7168, 2048], ""weight_storage"": [2048, 7168], ""output"": [256, 2048]}",7516192768,0,{},29360128,3670016,1048576,独立 GEMM：权重与输入各读一次、输出写一次的操作数载荷；不预测 tile 重读。,58
aggregate; see repeats,expert_67_down,linear,"{""input"": [256, 2048], ""weight_math"": [2048, 7168], ""weight_storage"": [7168, 2048], ""output"": [256, 7168]}",7516192768,0,{},29360128,1048576,3670016,独立 GEMM：权重与输入各读一次、输出写一次的操作数载荷；不预测 tile 重读。,58
aggregate; see repeats,expert_67_silu_and_product,activation,"{""gate_and_up"": [256, 2048]}",0,1048576,"{""sigmoid"": 524288}",0,2097152,1048576,"SiLU multiply and gated product; sigmoid is a separate primitive, fused logical interface.",58
aggregate; see repeats,expert_68_gate,linear,"{""input"": [256, 7168], ""weight_math"": [7168, 2048], ""weight_storage"": [2048, 7168], ""output"": [256, 2048]}",7516192768,0,{},29360128,3670016,1048576,独立 GEMM：权重与输入各读一次、输出写一次的操作数载荷；不预测 tile 重读。,58
aggregate; see repeats,expert_68_up,linear,"{""input"": [256, 7168], ""weight_math"": [7168, 2048], ""weight_storage"": [2048, 7168], ""output"": [256, 2048]}",7516192768,0,{},29360128,3670016,1048576,独立 GEMM：权重与输入各读一次、输出写一次的操作数载荷；不预测 tile 重读。,58
aggregate; see repeats,expert_68_down,linear,"{""input"": [256, 2048], ""weight_math"": [2048, 7168], ""weight_storage"": [7168, 2048], ""output"": [256, 7168]}",7516192768,0,{},29360128,1048576,3670016,独立 GEMM：权重与输入各读一次、输出写一次的操作数载荷；不预测 tile 重读。,58
aggregate; see repeats,expert_68_silu_and_product,activation,"{""gate_and_up"": [256, 2048]}",0,1048576,"{""sigmoid"": 524288}",0,2097152,1048576,"SiLU multiply and gated product; sigmoid is a separate primitive, fused logical interface.",58
aggregate; see repeats,expert_69_gate,linear,"{""input"": [256, 7168], ""weight_math"": [7168, 2048], ""weight_storage"": [2048, 7168], ""output"": [256, 2048]}",7516192768,0,{},29360128,3670016,1048576,独立 GEMM：权重与输入各读一次、输出写一次的操作数载荷；不预测 tile 重读。,58
aggregate; see repeats,expert_69_up,linear,"{""input"": [256, 7168], ""weight_math"": [7168, 2048], ""weight_storage"": [2048, 7168], ""output"": [256, 2048]}",7516192768,0,{},29360128,3670016,1048576,独立 GEMM：权重与输入各读一次、输出写一次的操作数载荷；不预测 tile 重读。,58
aggregate; see repeats,expert_69_down,linear,"{""input"": [256, 2048], ""weight_math"": [2048, 7168], ""weight_storage"": [7168, 2048], ""output"": [256, 7168]}",7516192768,0,{},29360128,1048576,3670016,独立 GEMM：权重与输入各读一次、输出写一次的操作数载荷；不预测 tile 重读。,58
aggregate; see repeats,expert_69_silu_and_product,activation,"{""gate_and_up"": [256, 2048]}",0,1048576,"{""sigmoid"": 524288}",0,2097152,1048576,"SiLU multiply and gated product; sigmoid is a separate primitive, fused logical interface.",58
aggregate; see repeats,expert_70_gate,linear,"{""input"": [256, 7168], ""weight_math"": [7168, 2048], ""weight_storage"": [2048, 7168], ""output"": [256, 2048]}",7516192768,0,{},29360128,3670016,1048576,独立 GEMM：权重与输入各读一次、输出写一次的操作数载荷；不预测 tile 重读。,58
aggregate; see repeats,expert_70_up,linear,"{""input"": [256, 7168], ""weight_math"": [7168, 2048], ""weight_storage"": [2048, 7168], ""output"": [256, 2048]}",7516192768,0,{},29360128,3670016,1048576,独立 GEMM：权重与输入各读一次、输出写一次的操作数载荷；不预测 tile 重读。,58
aggregate; see repeats,expert_70_down,linear,"{""input"": [256, 2048], ""weight_math"": [2048, 7168], ""weight_storage"": [7168, 2048], ""output"": [256, 7168]}",7516192768,0,{},29360128,1048576,3670016,独立 GEMM：权重与输入各读一次、输出写一次的操作数载荷；不预测 tile 重读。,58
aggregate; see repeats,expert_70_silu_and_product,activation,"{""gate_and_up"": [256, 2048]}",0,1048576,"{""sigmoid"": 524288}",0,2097152,1048576,"SiLU multiply and gated product; sigmoid is a separate primitive, fused logical interface.",58
aggregate; see repeats,expert_71_gate,linear,"{""input"": [256, 7168], ""weight_math"": [7168, 2048], ""weight_storage"": [2048, 7168], ""output"": [256, 2048]}",7516192768,0,{},29360128,3670016,1048576,独立 GEMM：权重与输入各读一次、输出写一次的操作数载荷；不预测 tile 重读。,58
aggregate; see repeats,expert_71_up,linear,"{""input"": [256, 7168], ""weight_math"": [7168, 2048], ""weight_storage"": [2048, 7168], ""output"": [256, 2048]}",7516192768,0,{},29360128,3670016,1048576,独立 GEMM：权重与输入各读一次、输出写一次的操作数载荷；不预测 tile 重读。,58
aggregate; see repeats,expert_71_down,linear,"{""input"": [256, 2048], ""weight_math"": [2048, 7168], ""weight_storage"": [7168, 2048], ""output"": [256, 7168]}",7516192768,0,{},29360128,1048576,3670016,独立 GEMM：权重与输入各读一次、输出写一次的操作数载荷；不预测 tile 重读。,58
aggregate; see repeats,expert_71_silu_and_product,activation,"{""gate_and_up"": [256, 2048]}",0,1048576,"{""sigmoid"": 524288}",0,2097152,1048576,"SiLU multiply and gated product; sigmoid is a separate primitive, fused logical interface.",58
aggregate; see repeats,expert_72_gate,linear,"{""input"": [256, 7168], ""weight_math"": [7168, 2048], ""weight_storage"": [2048, 7168], ""output"": [256, 2048]}",7516192768,0,{},29360128,3670016,1048576,独立 GEMM：权重与输入各读一次、输出写一次的操作数载荷；不预测 tile 重读。,58
aggregate; see repeats,expert_72_up,linear,"{""input"": [256, 7168], ""weight_math"": [7168, 2048], ""weight_storage"": [2048, 7168], ""output"": [256, 2048]}",7516192768,0,{},29360128,3670016,1048576,独立 GEMM：权重与输入各读一次、输出写一次的操作数载荷；不预测 tile 重读。,58
aggregate; see repeats,expert_72_down,linear,"{""input"": [256, 2048], ""weight_math"": [2048, 7168], ""weight_storage"": [7168, 2048], ""output"": [256, 7168]}",7516192768,0,{},29360128,1048576,3670016,独立 GEMM：权重与输入各读一次、输出写一次的操作数载荷；不预测 tile 重读。,58
aggregate; see repeats,expert_72_silu_and_product,activation,"{""gate_and_up"": [256, 2048]}",0,1048576,"{""sigmoid"": 524288}",0,2097152,1048576,"SiLU multiply and gated product; sigmoid is a separate primitive, fused logical interface.",58
aggregate; see repeats,expert_73_gate,linear,"{""input"": [256, 7168], ""weight_math"": [7168, 2048], ""weight_storage"": [2048, 7168], ""output"": [256, 2048]}",7516192768,0,{},29360128,3670016,1048576,独立 GEMM：权重与输入各读一次、输出写一次的操作数载荷；不预测 tile 重读。,58
aggregate; see repeats,expert_73_up,linear,"{""input"": [256, 7168], ""weight_math"": [7168, 2048], ""weight_storage"": [2048, 7168], ""output"": [256, 2048]}",7516192768,0,{},29360128,3670016,1048576,独立 GEMM：权重与输入各读一次、输出写一次的操作数载荷；不预测 tile 重读。,58
aggregate; see repeats,expert_73_down,linear,"{""input"": [256, 2048], ""weight_math"": [2048, 7168], ""weight_storage"": [7168, 2048], ""output"": [256, 7168]}",7516192768,0,{},29360128,1048576,3670016,独立 GEMM：权重与输入各读一次、输出写一次的操作数载荷；不预测 tile 重读。,58
aggregate; see repeats,expert_73_silu_and_product,activation,"{""gate_and_up"": [256, 2048]}",0,1048576,"{""sigmoid"": 524288}",0,2097152,1048576,"SiLU multiply and gated product; sigmoid is a separate primitive, fused logical interface.",58
aggregate; see repeats,expert_74_gate,linear,"{""input"": [256, 7168], ""weight_math"": [7168, 2048], ""weight_storage"": [2048, 7168], ""output"": [256, 2048]}",7516192768,0,{},29360128,3670016,1048576,独立 GEMM：权重与输入各读一次、输出写一次的操作数载荷；不预测 tile 重读。,58
aggregate; see repeats,expert_74_up,linear,"{""input"": [256, 7168], ""weight_math"": [7168, 2048], ""weight_storage"": [2048, 7168], ""output"": [256, 2048]}",7516192768,0,{},29360128,3670016,1048576,独立 GEMM：权重与输入各读一次、输出写一次的操作数载荷；不预测 tile 重读。,58
aggregate; see repeats,expert_74_down,linear,"{""input"": [256, 2048], ""weight_math"": [2048, 7168], ""weight_storage"": [7168, 2048], ""output"": [256, 7168]}",7516192768,0,{},29360128,1048576,3670016,独立 GEMM：权重与输入各读一次、输出写一次的操作数载荷；不预测 tile 重读。,58
aggregate; see repeats,expert_74_silu_and_product,activation,"{""gate_and_up"": [256, 2048]}",0,1048576,"{""sigmoid"": 524288}",0,2097152,1048576,"SiLU multiply and gated product; sigmoid is a separate primitive, fused logical interface.",58
aggregate; see repeats,expert_75_gate,linear,"{""input"": [256, 7168], ""weight_math"": [7168, 2048], ""weight_storage"": [2048, 7168], ""output"": [256, 2048]}",7516192768,0,{},29360128,3670016,1048576,独立 GEMM：权重与输入各读一次、输出写一次的操作数载荷；不预测 tile 重读。,58
aggregate; see repeats,expert_75_up,linear,"{""input"": [256, 7168], ""weight_math"": [7168, 2048], ""weight_storage"": [2048, 7168], ""output"": [256, 2048]}",7516192768,0,{},29360128,3670016,1048576,独立 GEMM：权重与输入各读一次、输出写一次的操作数载荷；不预测 tile 重读。,58
aggregate; see repeats,expert_75_down,linear,"{""input"": [256, 2048], ""weight_math"": [2048, 7168], ""weight_storage"": [7168, 2048], ""output"": [256, 7168]}",7516192768,0,{},29360128,1048576,3670016,独立 GEMM：权重与输入各读一次、输出写一次的操作数载荷；不预测 tile 重读。,58
aggregate; see repeats,expert_75_silu_and_product,activation,"{""gate_and_up"": [256, 2048]}",0,1048576,"{""sigmoid"": 524288}",0,2097152,1048576,"SiLU multiply and gated product; sigmoid is a separate primitive, fused logical interface.",58
aggregate; see repeats,expert_76_gate,linear,"{""input"": [256, 7168], ""weight_math"": [7168, 2048], ""weight_storage"": [2048, 7168], ""output"": [256, 2048]}",7516192768,0,{},29360128,3670016,1048576,独立 GEMM：权重与输入各读一次、输出写一次的操作数载荷；不预测 tile 重读。,58
aggregate; see repeats,expert_76_up,linear,"{""input"": [256, 7168], ""weight_math"": [7168, 2048], ""weight_storage"": [2048, 7168], ""output"": [256, 2048]}",7516192768,0,{},29360128,3670016,1048576,独立 GEMM：权重与输入各读一次、输出写一次的操作数载荷；不预测 tile 重读。,58
aggregate; see repeats,expert_76_down,linear,"{""input"": [256, 2048], ""weight_math"": [2048, 7168], ""weight_storage"": [7168, 2048], ""output"": [256, 7168]}",7516192768,0,{},29360128,1048576,3670016,独立 GEMM：权重与输入各读一次、输出写一次的操作数载荷；不预测 tile 重读。,58
aggregate; see repeats,expert_76_silu_and_product,activation,"{""gate_and_up"": [256, 2048]}",0,1048576,"{""sigmoid"": 524288}",0,2097152,1048576,"SiLU multiply and gated product; sigmoid is a separate primitive, fused logical interface.",58
aggregate; see repeats,expert_77_gate,linear,"{""input"": [256, 7168], ""weight_math"": [7168, 2048], ""weight_storage"": [2048, 7168], ""output"": [256, 2048]}",7516192768,0,{},29360128,3670016,1048576,独立 GEMM：权重与输入各读一次、输出写一次的操作数载荷；不预测 tile 重读。,58
aggregate; see repeats,expert_77_up,linear,"{""input"": [256, 7168], ""weight_math"": [7168, 2048], ""weight_storage"": [2048, 7168], ""output"": [256, 2048]}",7516192768,0,{},29360128,3670016,1048576,独立 GEMM：权重与输入各读一次、输出写一次的操作数载荷；不预测 tile 重读。,58
aggregate; see repeats,expert_77_down,linear,"{""input"": [256, 2048], ""weight_math"": [2048, 7168], ""weight_storage"": [7168, 2048], ""output"": [256, 7168]}",7516192768,0,{},29360128,1048576,3670016,独立 GEMM：权重与输入各读一次、输出写一次的操作数载荷；不预测 tile 重读。,58
aggregate; see repeats,expert_77_silu_and_product,activation,"{""gate_and_up"": [256, 2048]}",0,1048576,"{""sigmoid"": 524288}",0,2097152,1048576,"SiLU multiply and gated product; sigmoid is a separate primitive, fused logical interface.",58
aggregate; see repeats,expert_78_gate,linear,"{""input"": [256, 7168], ""weight_math"": [7168, 2048], ""weight_storage"": [2048, 7168], ""output"": [256, 2048]}",7516192768,0,{},29360128,3670016,1048576,独立 GEMM：权重与输入各读一次、输出写一次的操作数载荷；不预测 tile 重读。,58
aggregate; see repeats,expert_78_up,linear,"{""input"": [256, 7168], ""weight_math"": [7168, 2048], ""weight_storage"": [2048, 7168], ""output"": [256, 2048]}",7516192768,0,{},29360128,3670016,1048576,独立 GEMM：权重与输入各读一次、输出写一次的操作数载荷；不预测 tile 重读。,58
aggregate; see repeats,expert_78_down,linear,"{""input"": [256, 2048], ""weight_math"": [2048, 7168], ""weight_storage"": [7168, 2048], ""output"": [256, 7168]}",7516192768,0,{},29360128,1048576,3670016,独立 GEMM：权重与输入各读一次、输出写一次的操作数载荷；不预测 tile 重读。,58
aggregate; see repeats,expert_78_silu_and_product,activation,"{""gate_and_up"": [256, 2048]}",0,1048576,"{""sigmoid"": 524288}",0,2097152,1048576,"SiLU multiply and gated product; sigmoid is a separate primitive, fused logical interface.",58
aggregate; see repeats,expert_79_gate,linear,"{""input"": [256, 7168], ""weight_math"": [7168, 2048], ""weight_storage"": [2048, 7168], ""output"": [256, 2048]}",7516192768,0,{},29360128,3670016,1048576,独立 GEMM：权重与输入各读一次、输出写一次的操作数载荷；不预测 tile 重读。,58
aggregate; see repeats,expert_79_up,linear,"{""input"": [256, 7168], ""weight_math"": [7168, 2048], ""weight_storage"": [2048, 7168], ""output"": [256, 2048]}",7516192768,0,{},29360128,3670016,1048576,独立 GEMM：权重与输入各读一次、输出写一次的操作数载荷；不预测 tile 重读。,58
aggregate; see repeats,expert_79_down,linear,"{""input"": [256, 2048], ""weight_math"": [2048, 7168], ""weight_storage"": [7168, 2048], ""output"": [256, 7168]}",7516192768,0,{},29360128,1048576,3670016,独立 GEMM：权重与输入各读一次、输出写一次的操作数载荷；不预测 tile 重读。,58
aggregate; see repeats,expert_79_silu_and_product,activation,"{""gate_and_up"": [256, 2048]}",0,1048576,"{""sigmoid"": 524288}",0,2097152,1048576,"SiLU multiply and gated product; sigmoid is a separate primitive, fused logical interface.",58
aggregate; see repeats,expert_80_gate,linear,"{""input"": [256, 7168], ""weight_math"": [7168, 2048], ""weight_storage"": [2048, 7168], ""output"": [256, 2048]}",7516192768,0,{},29360128,3670016,1048576,独立 GEMM：权重与输入各读一次、输出写一次的操作数载荷；不预测 tile 重读。,58
aggregate; see repeats,expert_80_up,linear,"{""input"": [256, 7168], ""weight_math"": [7168, 2048], ""weight_storage"": [2048, 7168], ""output"": [256, 2048]}",7516192768,0,{},29360128,3670016,1048576,独立 GEMM：权重与输入各读一次、输出写一次的操作数载荷；不预测 tile 重读。,58
aggregate; see repeats,expert_80_down,linear,"{""input"": [256, 2048], ""weight_math"": [2048, 7168], ""weight_storage"": [7168, 2048], ""output"": [256, 7168]}",7516192768,0,{},29360128,1048576,3670016,独立 GEMM：权重与输入各读一次、输出写一次的操作数载荷；不预测 tile 重读。,58
aggregate; see repeats,expert_80_silu_and_product,activation,"{""gate_and_up"": [256, 2048]}",0,1048576,"{""sigmoid"": 524288}",0,2097152,1048576,"SiLU multiply and gated product; sigmoid is a separate primitive, fused logical interface.",58
aggregate; see repeats,expert_81_gate,linear,"{""input"": [256, 7168], ""weight_math"": [7168, 2048], ""weight_storage"": [2048, 7168], ""output"": [256, 2048]}",7516192768,0,{},29360128,3670016,1048576,独立 GEMM：权重与输入各读一次、输出写一次的操作数载荷；不预测 tile 重读。,58
aggregate; see repeats,expert_81_up,linear,"{""input"": [256, 7168], ""weight_math"": [7168, 2048], ""weight_storage"": [2048, 7168], ""output"": [256, 2048]}",7516192768,0,{},29360128,3670016,1048576,独立 GEMM：权重与输入各读一次、输出写一次的操作数载荷；不预测 tile 重读。,58
aggregate; see repeats,expert_81_down,linear,"{""input"": [256, 2048], ""weight_math"": [2048, 7168], ""weight_storage"": [7168, 2048], ""output"": [256, 7168]}",7516192768,0,{},29360128,1048576,3670016,独立 GEMM：权重与输入各读一次、输出写一次的操作数载荷；不预测 tile 重读。,58
aggregate; see repeats,expert_81_silu_and_product,activation,"{""gate_and_up"": [256, 2048]}",0,1048576,"{""sigmoid"": 524288}",0,2097152,1048576,"SiLU multiply and gated product; sigmoid is a separate primitive, fused logical interface.",58
aggregate; see repeats,expert_82_gate,linear,"{""input"": [256, 7168], ""weight_math"": [7168, 2048], ""weight_storage"": [2048, 7168], ""output"": [256, 2048]}",7516192768,0,{},29360128,3670016,1048576,独立 GEMM：权重与输入各读一次、输出写一次的操作数载荷；不预测 tile 重读。,58
aggregate; see repeats,expert_82_up,linear,"{""input"": [256, 7168], ""weight_math"": [7168, 2048], ""weight_storage"": [2048, 7168], ""output"": [256, 2048]}",7516192768,0,{},29360128,3670016,1048576,独立 GEMM：权重与输入各读一次、输出写一次的操作数载荷；不预测 tile 重读。,58
aggregate; see repeats,expert_82_down,linear,"{""input"": [256, 2048], ""weight_math"": [2048, 7168], ""weight_storage"": [7168, 2048], ""output"": [256, 7168]}",7516192768,0,{},29360128,1048576,3670016,独立 GEMM：权重与输入各读一次、输出写一次的操作数载荷；不预测 tile 重读。,58
aggregate; see repeats,expert_82_silu_and_product,activation,"{""gate_and_up"": [256, 2048]}",0,1048576,"{""sigmoid"": 524288}",0,2097152,1048576,"SiLU multiply and gated product; sigmoid is a separate primitive, fused logical interface.",58
aggregate; see repeats,expert_83_gate,linear,"{""input"": [256, 7168], ""weight_math"": [7168, 2048], ""weight_storage"": [2048, 7168], ""output"": [256, 2048]}",7516192768,0,{},29360128,3670016,1048576,独立 GEMM：权重与输入各读一次、输出写一次的操作数载荷；不预测 tile 重读。,58
aggregate; see repeats,expert_83_up,linear,"{""input"": [256, 7168], ""weight_math"": [7168, 2048], ""weight_storage"": [2048, 7168], ""output"": [256, 2048]}",7516192768,0,{},29360128,3670016,1048576,独立 GEMM：权重与输入各读一次、输出写一次的操作数载荷；不预测 tile 重读。,58
aggregate; see repeats,expert_83_down,linear,"{""input"": [256, 2048], ""weight_math"": [2048, 7168], ""weight_storage"": [7168, 2048], ""output"": [256, 7168]}",7516192768,0,{},29360128,1048576,3670016,独立 GEMM：权重与输入各读一次、输出写一次的操作数载荷；不预测 tile 重读。,58
aggregate; see repeats,expert_83_silu_and_product,activation,"{""gate_and_up"": [256, 2048]}",0,1048576,"{""sigmoid"": 524288}",0,2097152,1048576,"SiLU multiply and gated product; sigmoid is a separate primitive, fused logical interface.",58
aggregate; see repeats,expert_84_gate,linear,"{""input"": [256, 7168], ""weight_math"": [7168, 2048], ""weight_storage"": [2048, 7168], ""output"": [256, 2048]}",7516192768,0,{},29360128,3670016,1048576,独立 GEMM：权重与输入各读一次、输出写一次的操作数载荷；不预测 tile 重读。,58
aggregate; see repeats,expert_84_up,linear,"{""input"": [256, 7168], ""weight_math"": [7168, 2048], ""weight_storage"": [2048, 7168], ""output"": [256, 2048]}",7516192768,0,{},29360128,3670016,1048576,独立 GEMM：权重与输入各读一次、输出写一次的操作数载荷；不预测 tile 重读。,58
aggregate; see repeats,expert_84_down,linear,"{""input"": [256, 2048], ""weight_math"": [2048, 7168], ""weight_storage"": [7168, 2048], ""output"": [256, 7168]}",7516192768,0,{},29360128,1048576,3670016,独立 GEMM：权重与输入各读一次、输出写一次的操作数载荷；不预测 tile 重读。,58
aggregate; see repeats,expert_84_silu_and_product,activation,"{""gate_and_up"": [256, 2048]}",0,1048576,"{""sigmoid"": 524288}",0,2097152,1048576,"SiLU multiply and gated product; sigmoid is a separate primitive, fused logical interface.",58
aggregate; see repeats,expert_85_gate,linear,"{""input"": [256, 7168], ""weight_math"": [7168, 2048], ""weight_storage"": [2048, 7168], ""output"": [256, 2048]}",7516192768,0,{},29360128,3670016,1048576,独立 GEMM：权重与输入各读一次、输出写一次的操作数载荷；不预测 tile 重读。,58
aggregate; see repeats,expert_85_up,linear,"{""input"": [256, 7168], ""weight_math"": [7168, 2048], ""weight_storage"": [2048, 7168], ""output"": [256, 2048]}",7516192768,0,{},29360128,3670016,1048576,独立 GEMM：权重与输入各读一次、输出写一次的操作数载荷；不预测 tile 重读。,58
aggregate; see repeats,expert_85_down,linear,"{""input"": [256, 2048], ""weight_math"": [2048, 7168], ""weight_storage"": [7168, 2048], ""output"": [256, 7168]}",7516192768,0,{},29360128,1048576,3670016,独立 GEMM：权重与输入各读一次、输出写一次的操作数载荷；不预测 tile 重读。,58
aggregate; see repeats,expert_85_silu_and_product,activation,"{""gate_and_up"": [256, 2048]}",0,1048576,"{""sigmoid"": 524288}",0,2097152,1048576,"SiLU multiply and gated product; sigmoid is a separate primitive, fused logical interface.",58
aggregate; see repeats,expert_86_gate,linear,"{""input"": [256, 7168], ""weight_math"": [7168, 2048], ""weight_storage"": [2048, 7168], ""output"": [256, 2048]}",7516192768,0,{},29360128,3670016,1048576,独立 GEMM：权重与输入各读一次、输出写一次的操作数载荷；不预测 tile 重读。,58
aggregate; see repeats,expert_86_up,linear,"{""input"": [256, 7168], ""weight_math"": [7168, 2048], ""weight_storage"": [2048, 7168], ""output"": [256, 2048]}",7516192768,0,{},29360128,3670016,1048576,独立 GEMM：权重与输入各读一次、输出写一次的操作数载荷；不预测 tile 重读。,58
aggregate; see repeats,expert_86_down,linear,"{""input"": [256, 2048], ""weight_math"": [2048, 7168], ""weight_storage"": [7168, 2048], ""output"": [256, 7168]}",7516192768,0,{},29360128,1048576,3670016,独立 GEMM：权重与输入各读一次、输出写一次的操作数载荷；不预测 tile 重读。,58
aggregate; see repeats,expert_86_silu_and_product,activation,"{""gate_and_up"": [256, 2048]}",0,1048576,"{""sigmoid"": 524288}",0,2097152,1048576,"SiLU multiply and gated product; sigmoid is a separate primitive, fused logical interface.",58
aggregate; see repeats,expert_87_gate,linear,"{""input"": [256, 7168], ""weight_math"": [7168, 2048], ""weight_storage"": [2048, 7168], ""output"": [256, 2048]}",7516192768,0,{},29360128,3670016,1048576,独立 GEMM：权重与输入各读一次、输出写一次的操作数载荷；不预测 tile 重读。,58
aggregate; see repeats,expert_87_up,linear,"{""input"": [256, 7168], ""weight_math"": [7168, 2048], ""weight_storage"": [2048, 7168], ""output"": [256, 2048]}",7516192768,0,{},29360128,3670016,1048576,独立 GEMM：权重与输入各读一次、输出写一次的操作数载荷；不预测 tile 重读。,58
aggregate; see repeats,expert_87_down,linear,"{""input"": [256, 2048], ""weight_math"": [2048, 7168], ""weight_storage"": [7168, 2048], ""output"": [256, 7168]}",7516192768,0,{},29360128,1048576,3670016,独立 GEMM：权重与输入各读一次、输出写一次的操作数载荷；不预测 tile 重读。,58
aggregate; see repeats,expert_87_silu_and_product,activation,"{""gate_and_up"": [256, 2048]}",0,1048576,"{""sigmoid"": 524288}",0,2097152,1048576,"SiLU multiply and gated product; sigmoid is a separate primitive, fused logical interface.",58
aggregate; see repeats,expert_88_gate,linear,"{""input"": [256, 7168], ""weight_math"": [7168, 2048], ""weight_storage"": [2048, 7168], ""output"": [256, 2048]}",7516192768,0,{},29360128,3670016,1048576,独立 GEMM：权重与输入各读一次、输出写一次的操作数载荷；不预测 tile 重读。,58
aggregate; see repeats,expert_88_up,linear,"{""input"": [256, 7168], ""weight_math"": [7168, 2048], ""weight_storage"": [2048, 7168], ""output"": [256, 2048]}",7516192768,0,{},29360128,3670016,1048576,独立 GEMM：权重与输入各读一次、输出写一次的操作数载荷；不预测 tile 重读。,58
aggregate; see repeats,expert_88_down,linear,"{""input"": [256, 2048], ""weight_math"": [2048, 7168], ""weight_storage"": [7168, 2048], ""output"": [256, 7168]}",7516192768,0,{},29360128,1048576,3670016,独立 GEMM：权重与输入各读一次、输出写一次的操作数载荷；不预测 tile 重读。,58
aggregate; see repeats,expert_88_silu_and_product,activation,"{""gate_and_up"": [256, 2048]}",0,1048576,"{""sigmoid"": 524288}",0,2097152,1048576,"SiLU multiply and gated product; sigmoid is a separate primitive, fused logical interface.",58
aggregate; see repeats,expert_89_gate,linear,"{""input"": [256, 7168], ""weight_math"": [7168, 2048], ""weight_storage"": [2048, 7168], ""output"": [256, 2048]}",7516192768,0,{},29360128,3670016,1048576,独立 GEMM：权重与输入各读一次、输出写一次的操作数载荷；不预测 tile 重读。,58
aggregate; see repeats,expert_89_up,linear,"{""input"": [256, 7168], ""weight_math"": [7168, 2048], ""weight_storage"": [2048, 7168], ""output"": [256, 2048]}",7516192768,0,{},29360128,3670016,1048576,独立 GEMM：权重与输入各读一次、输出写一次的操作数载荷；不预测 tile 重读。,58
aggregate; see repeats,expert_89_down,linear,"{""input"": [256, 2048], ""weight_math"": [2048, 7168], ""weight_storage"": [7168, 2048], ""output"": [256, 7168]}",7516192768,0,{},29360128,1048576,3670016,独立 GEMM：权重与输入各读一次、输出写一次的操作数载荷；不预测 tile 重读。,58
aggregate; see repeats,expert_89_silu_and_product,activation,"{""gate_and_up"": [256, 2048]}",0,1048576,"{""sigmoid"": 524288}",0,2097152,1048576,"SiLU multiply and gated product; sigmoid is a separate primitive, fused logical interface.",58
aggregate; see repeats,expert_90_gate,linear,"{""input"": [256, 7168], ""weight_math"": [7168, 2048], ""weight_storage"": [2048, 7168], ""output"": [256, 2048]}",7516192768,0,{},29360128,3670016,1048576,独立 GEMM：权重与输入各读一次、输出写一次的操作数载荷；不预测 tile 重读。,58
aggregate; see repeats,expert_90_up,linear,"{""input"": [256, 7168], ""weight_math"": [7168, 2048], ""weight_storage"": [2048, 7168], ""output"": [256, 2048]}",7516192768,0,{},29360128,3670016,1048576,独立 GEMM：权重与输入各读一次、输出写一次的操作数载荷；不预测 tile 重读。,58
aggregate; see repeats,expert_90_down,linear,"{""input"": [256, 2048], ""weight_math"": [2048, 7168], ""weight_storage"": [7168, 2048], ""output"": [256, 7168]}",7516192768,0,{},29360128,1048576,3670016,独立 GEMM：权重与输入各读一次、输出写一次的操作数载荷；不预测 tile 重读。,58
aggregate; see repeats,expert_90_silu_and_product,activation,"{""gate_and_up"": [256, 2048]}",0,1048576,"{""sigmoid"": 524288}",0,2097152,1048576,"SiLU multiply and gated product; sigmoid is a separate primitive, fused logical interface.",58
aggregate; see repeats,expert_91_gate,linear,"{""input"": [256, 7168], ""weight_math"": [7168, 2048], ""weight_storage"": [2048, 7168], ""output"": [256, 2048]}",7516192768,0,{},29360128,3670016,1048576,独立 GEMM：权重与输入各读一次、输出写一次的操作数载荷；不预测 tile 重读。,58
aggregate; see repeats,expert_91_up,linear,"{""input"": [256, 7168], ""weight_math"": [7168, 2048], ""weight_storage"": [2048, 7168], ""output"": [256, 2048]}",7516192768,0,{},29360128,3670016,1048576,独立 GEMM：权重与输入各读一次、输出写一次的操作数载荷；不预测 tile 重读。,58
aggregate; see repeats,expert_91_down,linear,"{""input"": [256, 2048], ""weight_math"": [2048, 7168], ""weight_storage"": [7168, 2048], ""output"": [256, 7168]}",7516192768,0,{},29360128,1048576,3670016,独立 GEMM：权重与输入各读一次、输出写一次的操作数载荷；不预测 tile 重读。,58
aggregate; see repeats,expert_91_silu_and_product,activation,"{""gate_and_up"": [256, 2048]}",0,1048576,"{""sigmoid"": 524288}",0,2097152,1048576,"SiLU multiply and gated product; sigmoid is a separate primitive, fused logical interface.",58
aggregate; see repeats,expert_92_gate,linear,"{""input"": [256, 7168], ""weight_math"": [7168, 2048], ""weight_storage"": [2048, 7168], ""output"": [256, 2048]}",7516192768,0,{},29360128,3670016,1048576,独立 GEMM：权重与输入各读一次、输出写一次的操作数载荷；不预测 tile 重读。,58
aggregate; see repeats,expert_92_up,linear,"{""input"": [256, 7168], ""weight_math"": [7168, 2048], ""weight_storage"": [2048, 7168], ""output"": [256, 2048]}",7516192768,0,{},29360128,3670016,1048576,独立 GEMM：权重与输入各读一次、输出写一次的操作数载荷；不预测 tile 重读。,58
aggregate; see repeats,expert_92_down,linear,"{""input"": [256, 2048], ""weight_math"": [2048, 7168], ""weight_storage"": [7168, 2048], ""output"": [256, 7168]}",7516192768,0,{},29360128,1048576,3670016,独立 GEMM：权重与输入各读一次、输出写一次的操作数载荷；不预测 tile 重读。,58
aggregate; see repeats,expert_92_silu_and_product,activation,"{""gate_and_up"": [256, 2048]}",0,1048576,"{""sigmoid"": 524288}",0,2097152,1048576,"SiLU multiply and gated product; sigmoid is a separate primitive, fused logical interface.",58
aggregate; see repeats,expert_93_gate,linear,"{""input"": [256, 7168], ""weight_math"": [7168, 2048], ""weight_storage"": [2048, 7168], ""output"": [256, 2048]}",7516192768,0,{},29360128,3670016,1048576,独立 GEMM：权重与输入各读一次、输出写一次的操作数载荷；不预测 tile 重读。,58
aggregate; see repeats,expert_93_up,linear,"{""input"": [256, 7168], ""weight_math"": [7168, 2048], ""weight_storage"": [2048, 7168], ""output"": [256, 2048]}",7516192768,0,{},29360128,3670016,1048576,独立 GEMM：权重与输入各读一次、输出写一次的操作数载荷；不预测 tile 重读。,58
aggregate; see repeats,expert_93_down,linear,"{""input"": [256, 2048], ""weight_math"": [2048, 7168], ""weight_storage"": [7168, 2048], ""output"": [256, 7168]}",7516192768,0,{},29360128,1048576,3670016,独立 GEMM：权重与输入各读一次、输出写一次的操作数载荷；不预测 tile 重读。,58
aggregate; see repeats,expert_93_silu_and_product,activation,"{""gate_and_up"": [256, 2048]}",0,1048576,"{""sigmoid"": 524288}",0,2097152,1048576,"SiLU multiply and gated product; sigmoid is a separate primitive, fused logical interface.",58
aggregate; see repeats,expert_94_gate,linear,"{""input"": [256, 7168], ""weight_math"": [7168, 2048], ""weight_storage"": [2048, 7168], ""output"": [256, 2048]}",7516192768,0,{},29360128,3670016,1048576,独立 GEMM：权重与输入各读一次、输出写一次的操作数载荷；不预测 tile 重读。,58
aggregate; see repeats,expert_94_up,linear,"{""input"": [256, 7168], ""weight_math"": [7168, 2048], ""weight_storage"": [2048, 7168], ""output"": [256, 2048]}",7516192768,0,{},29360128,3670016,1048576,独立 GEMM：权重与输入各读一次、输出写一次的操作数载荷；不预测 tile 重读。,58
aggregate; see repeats,expert_94_down,linear,"{""input"": [256, 2048], ""weight_math"": [2048, 7168], ""weight_storage"": [7168, 2048], ""output"": [256, 7168]}",7516192768,0,{},29360128,1048576,3670016,独立 GEMM：权重与输入各读一次、输出写一次的操作数载荷；不预测 tile 重读。,58
aggregate; see repeats,expert_94_silu_and_product,activation,"{""gate_and_up"": [256, 2048]}",0,1048576,"{""sigmoid"": 524288}",0,2097152,1048576,"SiLU multiply and gated product; sigmoid is a separate primitive, fused logical interface.",58
aggregate; see repeats,expert_95_gate,linear,"{""input"": [256, 7168], ""weight_math"": [7168, 2048], ""weight_storage"": [2048, 7168], ""output"": [256, 2048]}",7516192768,0,{},29360128,3670016,1048576,独立 GEMM：权重与输入各读一次、输出写一次的操作数载荷；不预测 tile 重读。,58
aggregate; see repeats,expert_95_up,linear,"{""input"": [256, 7168], ""weight_math"": [7168, 2048], ""weight_storage"": [2048, 7168], ""output"": [256, 2048]}",7516192768,0,{},29360128,3670016,1048576,独立 GEMM：权重与输入各读一次、输出写一次的操作数载荷；不预测 tile 重读。,58
aggregate; see repeats,expert_95_down,linear,"{""input"": [256, 2048], ""weight_math"": [2048, 7168], ""weight_storage"": [7168, 2048], ""output"": [256, 7168]}",7516192768,0,{},29360128,1048576,3670016,独立 GEMM：权重与输入各读一次、输出写一次的操作数载荷；不预测 tile 重读。,58
aggregate; see repeats,expert_95_silu_and_product,activation,"{""gate_and_up"": [256, 2048]}",0,1048576,"{""sigmoid"": 524288}",0,2097152,1048576,"SiLU multiply and gated product; sigmoid is a separate primitive, fused logical interface.",58
aggregate; see repeats,expert_96_gate,linear,"{""input"": [256, 7168], ""weight_math"": [7168, 2048], ""weight_storage"": [2048, 7168], ""output"": [256, 2048]}",7516192768,0,{},29360128,3670016,1048576,独立 GEMM：权重与输入各读一次、输出写一次的操作数载荷；不预测 tile 重读。,58
aggregate; see repeats,expert_96_up,linear,"{""input"": [256, 7168], ""weight_math"": [7168, 2048], ""weight_storage"": [2048, 7168], ""output"": [256, 2048]}",7516192768,0,{},29360128,3670016,1048576,独立 GEMM：权重与输入各读一次、输出写一次的操作数载荷；不预测 tile 重读。,58
aggregate; see repeats,expert_96_down,linear,"{""input"": [256, 2048], ""weight_math"": [2048, 7168], ""weight_storage"": [7168, 2048], ""output"": [256, 7168]}",7516192768,0,{},29360128,1048576,3670016,独立 GEMM：权重与输入各读一次、输出写一次的操作数载荷；不预测 tile 重读。,58
aggregate; see repeats,expert_96_silu_and_product,activation,"{""gate_and_up"": [256, 2048]}",0,1048576,"{""sigmoid"": 524288}",0,2097152,1048576,"SiLU multiply and gated product; sigmoid is a separate primitive, fused logical interface.",58
aggregate; see repeats,expert_97_gate,linear,"{""input"": [256, 7168], ""weight_math"": [7168, 2048], ""weight_storage"": [2048, 7168], ""output"": [256, 2048]}",7516192768,0,{},29360128,3670016,1048576,独立 GEMM：权重与输入各读一次、输出写一次的操作数载荷；不预测 tile 重读。,58
aggregate; see repeats,expert_97_up,linear,"{""input"": [256, 7168], ""weight_math"": [7168, 2048], ""weight_storage"": [2048, 7168], ""output"": [256, 2048]}",7516192768,0,{},29360128,3670016,1048576,独立 GEMM：权重与输入各读一次、输出写一次的操作数载荷；不预测 tile 重读。,58
aggregate; see repeats,expert_97_down,linear,"{""input"": [256, 2048], ""weight_math"": [2048, 7168], ""weight_storage"": [7168, 2048], ""output"": [256, 7168]}",7516192768,0,{},29360128,1048576,3670016,独立 GEMM：权重与输入各读一次、输出写一次的操作数载荷；不预测 tile 重读。,58
aggregate; see repeats,expert_97_silu_and_product,activation,"{""gate_and_up"": [256, 2048]}",0,1048576,"{""sigmoid"": 524288}",0,2097152,1048576,"SiLU multiply and gated product; sigmoid is a separate primitive, fused logical interface.",58
aggregate; see repeats,expert_98_gate,linear,"{""input"": [256, 7168], ""weight_math"": [7168, 2048], ""weight_storage"": [2048, 7168], ""output"": [256, 2048]}",7516192768,0,{},29360128,3670016,1048576,独立 GEMM：权重与输入各读一次、输出写一次的操作数载荷；不预测 tile 重读。,58
aggregate; see repeats,expert_98_up,linear,"{""input"": [256, 7168], ""weight_math"": [7168, 2048], ""weight_storage"": [2048, 7168], ""output"": [256, 2048]}",7516192768,0,{},29360128,3670016,1048576,独立 GEMM：权重与输入各读一次、输出写一次的操作数载荷；不预测 tile 重读。,58
aggregate; see repeats,expert_98_down,linear,"{""input"": [256, 2048], ""weight_math"": [2048, 7168], ""weight_storage"": [7168, 2048], ""output"": [256, 7168]}",7516192768,0,{},29360128,1048576,3670016,独立 GEMM：权重与输入各读一次、输出写一次的操作数载荷；不预测 tile 重读。,58
aggregate; see repeats,expert_98_silu_and_product,activation,"{""gate_and_up"": [256, 2048]}",0,1048576,"{""sigmoid"": 524288}",0,2097152,1048576,"SiLU multiply and gated product; sigmoid is a separate primitive, fused logical interface.",58
aggregate; see repeats,expert_99_gate,linear,"{""input"": [256, 7168], ""weight_math"": [7168, 2048], ""weight_storage"": [2048, 7168], ""output"": [256, 2048]}",7516192768,0,{},29360128,3670016,1048576,独立 GEMM：权重与输入各读一次、输出写一次的操作数载荷；不预测 tile 重读。,58
aggregate; see repeats,expert_99_up,linear,"{""input"": [256, 7168], ""weight_math"": [7168, 2048], ""weight_storage"": [2048, 7168], ""output"": [256, 2048]}",7516192768,0,{},29360128,3670016,1048576,独立 GEMM：权重与输入各读一次、输出写一次的操作数载荷；不预测 tile 重读。,58
aggregate; see repeats,expert_99_down,linear,"{""input"": [256, 2048], ""weight_math"": [2048, 7168], ""weight_storage"": [7168, 2048], ""output"": [256, 7168]}",7516192768,0,{},29360128,1048576,3670016,独立 GEMM：权重与输入各读一次、输出写一次的操作数载荷；不预测 tile 重读。,58
aggregate; see repeats,expert_99_silu_and_product,activation,"{""gate_and_up"": [256, 2048]}",0,1048576,"{""sigmoid"": 524288}",0,2097152,1048576,"SiLU multiply and gated product; sigmoid is a separate primitive, fused logical interface.",58
aggregate; see repeats,expert_100_gate,linear,"{""input"": [256, 7168], ""weight_math"": [7168, 2048], ""weight_storage"": [2048, 7168], ""output"": [256, 2048]}",7516192768,0,{},29360128,3670016,1048576,独立 GEMM：权重与输入各读一次、输出写一次的操作数载荷；不预测 tile 重读。,58
aggregate; see repeats,expert_100_up,linear,"{""input"": [256, 7168], ""weight_math"": [7168, 2048], ""weight_storage"": [2048, 7168], ""output"": [256, 2048]}",7516192768,0,{},29360128,3670016,1048576,独立 GEMM：权重与输入各读一次、输出写一次的操作数载荷；不预测 tile 重读。,58
aggregate; see repeats,expert_100_down,linear,"{""input"": [256, 2048], ""weight_math"": [2048, 7168], ""weight_storage"": [7168, 2048], ""output"": [256, 7168]}",7516192768,0,{},29360128,1048576,3670016,独立 GEMM：权重与输入各读一次、输出写一次的操作数载荷；不预测 tile 重读。,58
aggregate; see repeats,expert_100_silu_and_product,activation,"{""gate_and_up"": [256, 2048]}",0,1048576,"{""sigmoid"": 524288}",0,2097152,1048576,"SiLU multiply and gated product; sigmoid is a separate primitive, fused logical interface.",58
aggregate; see repeats,expert_101_gate,linear,"{""input"": [256, 7168], ""weight_math"": [7168, 2048], ""weight_storage"": [2048, 7168], ""output"": [256, 2048]}",7516192768,0,{},29360128,3670016,1048576,独立 GEMM：权重与输入各读一次、输出写一次的操作数载荷；不预测 tile 重读。,58
aggregate; see repeats,expert_101_up,linear,"{""input"": [256, 7168], ""weight_math"": [7168, 2048], ""weight_storage"": [2048, 7168], ""output"": [256, 2048]}",7516192768,0,{},29360128,3670016,1048576,独立 GEMM：权重与输入各读一次、输出写一次的操作数载荷；不预测 tile 重读。,58
aggregate; see repeats,expert_101_down,linear,"{""input"": [256, 2048], ""weight_math"": [2048, 7168], ""weight_storage"": [7168, 2048], ""output"": [256, 7168]}",7516192768,0,{},29360128,1048576,3670016,独立 GEMM：权重与输入各读一次、输出写一次的操作数载荷；不预测 tile 重读。,58
aggregate; see repeats,expert_101_silu_and_product,activation,"{""gate_and_up"": [256, 2048]}",0,1048576,"{""sigmoid"": 524288}",0,2097152,1048576,"SiLU multiply and gated product; sigmoid is a separate primitive, fused logical interface.",58
aggregate; see repeats,expert_102_gate,linear,"{""input"": [256, 7168], ""weight_math"": [7168, 2048], ""weight_storage"": [2048, 7168], ""output"": [256, 2048]}",7516192768,0,{},29360128,3670016,1048576,独立 GEMM：权重与输入各读一次、输出写一次的操作数载荷；不预测 tile 重读。,58
aggregate; see repeats,expert_102_up,linear,"{""input"": [256, 7168], ""weight_math"": [7168, 2048], ""weight_storage"": [2048, 7168], ""output"": [256, 2048]}",7516192768,0,{},29360128,3670016,1048576,独立 GEMM：权重与输入各读一次、输出写一次的操作数载荷；不预测 tile 重读。,58
aggregate; see repeats,expert_102_down,linear,"{""input"": [256, 2048], ""weight_math"": [2048, 7168], ""weight_storage"": [7168, 2048], ""output"": [256, 7168]}",7516192768,0,{},29360128,1048576,3670016,独立 GEMM：权重与输入各读一次、输出写一次的操作数载荷；不预测 tile 重读。,58
aggregate; see repeats,expert_102_silu_and_product,activation,"{""gate_and_up"": [256, 2048]}",0,1048576,"{""sigmoid"": 524288}",0,2097152,1048576,"SiLU multiply and gated product; sigmoid is a separate primitive, fused logical interface.",58
aggregate; see repeats,expert_103_gate,linear,"{""input"": [256, 7168], ""weight_math"": [7168, 2048], ""weight_storage"": [2048, 7168], ""output"": [256, 2048]}",7516192768,0,{},29360128,3670016,1048576,独立 GEMM：权重与输入各读一次、输出写一次的操作数载荷；不预测 tile 重读。,58
aggregate; see repeats,expert_103_up,linear,"{""input"": [256, 7168], ""weight_math"": [7168, 2048], ""weight_storage"": [2048, 7168], ""output"": [256, 2048]}",7516192768,0,{},29360128,3670016,1048576,独立 GEMM：权重与输入各读一次、输出写一次的操作数载荷；不预测 tile 重读。,58
aggregate; see repeats,expert_103_down,linear,"{""input"": [256, 2048], ""weight_math"": [2048, 7168], ""weight_storage"": [7168, 2048], ""output"": [256, 7168]}",7516192768,0,{},29360128,1048576,3670016,独立 GEMM：权重与输入各读一次、输出写一次的操作数载荷；不预测 tile 重读。,58
aggregate; see repeats,expert_103_silu_and_product,activation,"{""gate_and_up"": [256, 2048]}",0,1048576,"{""sigmoid"": 524288}",0,2097152,1048576,"SiLU multiply and gated product; sigmoid is a separate primitive, fused logical interface.",58
aggregate; see repeats,expert_104_gate,linear,"{""input"": [256, 7168], ""weight_math"": [7168, 2048], ""weight_storage"": [2048, 7168], ""output"": [256, 2048]}",7516192768,0,{},29360128,3670016,1048576,独立 GEMM：权重与输入各读一次、输出写一次的操作数载荷；不预测 tile 重读。,58
aggregate; see repeats,expert_104_up,linear,"{""input"": [256, 7168], ""weight_math"": [7168, 2048], ""weight_storage"": [2048, 7168], ""output"": [256, 2048]}",7516192768,0,{},29360128,3670016,1048576,独立 GEMM：权重与输入各读一次、输出写一次的操作数载荷；不预测 tile 重读。,58
aggregate; see repeats,expert_104_down,linear,"{""input"": [256, 2048], ""weight_math"": [2048, 7168], ""weight_storage"": [7168, 2048], ""output"": [256, 7168]}",7516192768,0,{},29360128,1048576,3670016,独立 GEMM：权重与输入各读一次、输出写一次的操作数载荷；不预测 tile 重读。,58
aggregate; see repeats,expert_104_silu_and_product,activation,"{""gate_and_up"": [256, 2048]}",0,1048576,"{""sigmoid"": 524288}",0,2097152,1048576,"SiLU multiply and gated product; sigmoid is a separate primitive, fused logical interface.",58
aggregate; see repeats,expert_105_gate,linear,"{""input"": [256, 7168], ""weight_math"": [7168, 2048], ""weight_storage"": [2048, 7168], ""output"": [256, 2048]}",7516192768,0,{},29360128,3670016,1048576,独立 GEMM：权重与输入各读一次、输出写一次的操作数载荷；不预测 tile 重读。,58
aggregate; see repeats,expert_105_up,linear,"{""input"": [256, 7168], ""weight_math"": [7168, 2048], ""weight_storage"": [2048, 7168], ""output"": [256, 2048]}",7516192768,0,{},29360128,3670016,1048576,独立 GEMM：权重与输入各读一次、输出写一次的操作数载荷；不预测 tile 重读。,58
aggregate; see repeats,expert_105_down,linear,"{""input"": [256, 2048], ""weight_math"": [2048, 7168], ""weight_storage"": [7168, 2048], ""output"": [256, 7168]}",7516192768,0,{},29360128,1048576,3670016,独立 GEMM：权重与输入各读一次、输出写一次的操作数载荷；不预测 tile 重读。,58
aggregate; see repeats,expert_105_silu_and_product,activation,"{""gate_and_up"": [256, 2048]}",0,1048576,"{""sigmoid"": 524288}",0,2097152,1048576,"SiLU multiply and gated product; sigmoid is a separate primitive, fused logical interface.",58
aggregate; see repeats,expert_106_gate,linear,"{""input"": [256, 7168], ""weight_math"": [7168, 2048], ""weight_storage"": [2048, 7168], ""output"": [256, 2048]}",7516192768,0,{},29360128,3670016,1048576,独立 GEMM：权重与输入各读一次、输出写一次的操作数载荷；不预测 tile 重读。,58
aggregate; see repeats,expert_106_up,linear,"{""input"": [256, 7168], ""weight_math"": [7168, 2048], ""weight_storage"": [2048, 7168], ""output"": [256, 2048]}",7516192768,0,{},29360128,3670016,1048576,独立 GEMM：权重与输入各读一次、输出写一次的操作数载荷；不预测 tile 重读。,58
aggregate; see repeats,expert_106_down,linear,"{""input"": [256, 2048], ""weight_math"": [2048, 7168], ""weight_storage"": [7168, 2048], ""output"": [256, 7168]}",7516192768,0,{},29360128,1048576,3670016,独立 GEMM：权重与输入各读一次、输出写一次的操作数载荷；不预测 tile 重读。,58
aggregate; see repeats,expert_106_silu_and_product,activation,"{""gate_and_up"": [256, 2048]}",0,1048576,"{""sigmoid"": 524288}",0,2097152,1048576,"SiLU multiply and gated product; sigmoid is a separate primitive, fused logical interface.",58
aggregate; see repeats,expert_107_gate,linear,"{""input"": [256, 7168], ""weight_math"": [7168, 2048], ""weight_storage"": [2048, 7168], ""output"": [256, 2048]}",7516192768,0,{},29360128,3670016,1048576,独立 GEMM：权重与输入各读一次、输出写一次的操作数载荷；不预测 tile 重读。,58
aggregate; see repeats,expert_107_up,linear,"{""input"": [256, 7168], ""weight_math"": [7168, 2048], ""weight_storage"": [2048, 7168], ""output"": [256, 2048]}",7516192768,0,{},29360128,3670016,1048576,独立 GEMM：权重与输入各读一次、输出写一次的操作数载荷；不预测 tile 重读。,58
aggregate; see repeats,expert_107_down,linear,"{""input"": [256, 2048], ""weight_math"": [2048, 7168], ""weight_storage"": [7168, 2048], ""output"": [256, 7168]}",7516192768,0,{},29360128,1048576,3670016,独立 GEMM：权重与输入各读一次、输出写一次的操作数载荷；不预测 tile 重读。,58
aggregate; see repeats,expert_107_silu_and_product,activation,"{""gate_and_up"": [256, 2048]}",0,1048576,"{""sigmoid"": 524288}",0,2097152,1048576,"SiLU multiply and gated product; sigmoid is a separate primitive, fused logical interface.",58
aggregate; see repeats,expert_108_gate,linear,"{""input"": [256, 7168], ""weight_math"": [7168, 2048], ""weight_storage"": [2048, 7168], ""output"": [256, 2048]}",7516192768,0,{},29360128,3670016,1048576,独立 GEMM：权重与输入各读一次、输出写一次的操作数载荷；不预测 tile 重读。,58
aggregate; see repeats,expert_108_up,linear,"{""input"": [256, 7168], ""weight_math"": [7168, 2048], ""weight_storage"": [2048, 7168], ""output"": [256, 2048]}",7516192768,0,{},29360128,3670016,1048576,独立 GEMM：权重与输入各读一次、输出写一次的操作数载荷；不预测 tile 重读。,58
aggregate; see repeats,expert_108_down,linear,"{""input"": [256, 2048], ""weight_math"": [2048, 7168], ""weight_storage"": [7168, 2048], ""output"": [256, 7168]}",7516192768,0,{},29360128,1048576,3670016,独立 GEMM：权重与输入各读一次、输出写一次的操作数载荷；不预测 tile 重读。,58
aggregate; see repeats,expert_108_silu_and_product,activation,"{""gate_and_up"": [256, 2048]}",0,1048576,"{""sigmoid"": 524288}",0,2097152,1048576,"SiLU multiply and gated product; sigmoid is a separate primitive, fused logical interface.",58
aggregate; see repeats,expert_109_gate,linear,"{""input"": [256, 7168], ""weight_math"": [7168, 2048], ""weight_storage"": [2048, 7168], ""output"": [256, 2048]}",7516192768,0,{},29360128,3670016,1048576,独立 GEMM：权重与输入各读一次、输出写一次的操作数载荷；不预测 tile 重读。,58
aggregate; see repeats,expert_109_up,linear,"{""input"": [256, 7168], ""weight_math"": [7168, 2048], ""weight_storage"": [2048, 7168], ""output"": [256, 2048]}",7516192768,0,{},29360128,3670016,1048576,独立 GEMM：权重与输入各读一次、输出写一次的操作数载荷；不预测 tile 重读。,58
aggregate; see repeats,expert_109_down,linear,"{""input"": [256, 2048], ""weight_math"": [2048, 7168], ""weight_storage"": [7168, 2048], ""output"": [256, 7168]}",7516192768,0,{},29360128,1048576,3670016,独立 GEMM：权重与输入各读一次、输出写一次的操作数载荷；不预测 tile 重读。,58
aggregate; see repeats,expert_109_silu_and_product,activation,"{""gate_and_up"": [256, 2048]}",0,1048576,"{""sigmoid"": 524288}",0,2097152,1048576,"SiLU multiply and gated product; sigmoid is a separate primitive, fused logical interface.",58
aggregate; see repeats,expert_110_gate,linear,"{""input"": [256, 7168], ""weight_math"": [7168, 2048], ""weight_storage"": [2048, 7168], ""output"": [256, 2048]}",7516192768,0,{},29360128,3670016,1048576,独立 GEMM：权重与输入各读一次、输出写一次的操作数载荷；不预测 tile 重读。,58
aggregate; see repeats,expert_110_up,linear,"{""input"": [256, 7168], ""weight_math"": [7168, 2048], ""weight_storage"": [2048, 7168], ""output"": [256, 2048]}",7516192768,0,{},29360128,3670016,1048576,独立 GEMM：权重与输入各读一次、输出写一次的操作数载荷；不预测 tile 重读。,58
aggregate; see repeats,expert_110_down,linear,"{""input"": [256, 2048], ""weight_math"": [2048, 7168], ""weight_storage"": [7168, 2048], ""output"": [256, 7168]}",7516192768,0,{},29360128,1048576,3670016,独立 GEMM：权重与输入各读一次、输出写一次的操作数载荷；不预测 tile 重读。,58
aggregate; see repeats,expert_110_silu_and_product,activation,"{""gate_and_up"": [256, 2048]}",0,1048576,"{""sigmoid"": 524288}",0,2097152,1048576,"SiLU multiply and gated product; sigmoid is a separate primitive, fused logical interface.",58
aggregate; see repeats,expert_111_gate,linear,"{""input"": [256, 7168], ""weight_math"": [7168, 2048], ""weight_storage"": [2048, 7168], ""output"": [256, 2048]}",7516192768,0,{},29360128,3670016,1048576,独立 GEMM：权重与输入各读一次、输出写一次的操作数载荷；不预测 tile 重读。,58
aggregate; see repeats,expert_111_up,linear,"{""input"": [256, 7168], ""weight_math"": [7168, 2048], ""weight_storage"": [2048, 7168], ""output"": [256, 2048]}",7516192768,0,{},29360128,3670016,1048576,独立 GEMM：权重与输入各读一次、输出写一次的操作数载荷；不预测 tile 重读。,58
aggregate; see repeats,expert_111_down,linear,"{""input"": [256, 2048], ""weight_math"": [2048, 7168], ""weight_storage"": [7168, 2048], ""output"": [256, 7168]}",7516192768,0,{},29360128,1048576,3670016,独立 GEMM：权重与输入各读一次、输出写一次的操作数载荷；不预测 tile 重读。,58
aggregate; see repeats,expert_111_silu_and_product,activation,"{""gate_and_up"": [256, 2048]}",0,1048576,"{""sigmoid"": 524288}",0,2097152,1048576,"SiLU multiply and gated product; sigmoid is a separate primitive, fused logical interface.",58
aggregate; see repeats,expert_112_gate,linear,"{""input"": [256, 7168], ""weight_math"": [7168, 2048], ""weight_storage"": [2048, 7168], ""output"": [256, 2048]}",7516192768,0,{},29360128,3670016,1048576,独立 GEMM：权重与输入各读一次、输出写一次的操作数载荷；不预测 tile 重读。,58
aggregate; see repeats,expert_112_up,linear,"{""input"": [256, 7168], ""weight_math"": [7168, 2048], ""weight_storage"": [2048, 7168], ""output"": [256, 2048]}",7516192768,0,{},29360128,3670016,1048576,独立 GEMM：权重与输入各读一次、输出写一次的操作数载荷；不预测 tile 重读。,58
aggregate; see repeats,expert_112_down,linear,"{""input"": [256, 2048], ""weight_math"": [2048, 7168], ""weight_storage"": [7168, 2048], ""output"": [256, 7168]}",7516192768,0,{},29360128,1048576,3670016,独立 GEMM：权重与输入各读一次、输出写一次的操作数载荷；不预测 tile 重读。,58
aggregate; see repeats,expert_112_silu_and_product,activation,"{""gate_and_up"": [256, 2048]}",0,1048576,"{""sigmoid"": 524288}",0,2097152,1048576,"SiLU multiply and gated product; sigmoid is a separate primitive, fused logical interface.",58
aggregate; see repeats,expert_113_gate,linear,"{""input"": [256, 7168], ""weight_math"": [7168, 2048], ""weight_storage"": [2048, 7168], ""output"": [256, 2048]}",7516192768,0,{},29360128,3670016,1048576,独立 GEMM：权重与输入各读一次、输出写一次的操作数载荷；不预测 tile 重读。,58
aggregate; see repeats,expert_113_up,linear,"{""input"": [256, 7168], ""weight_math"": [7168, 2048], ""weight_storage"": [2048, 7168], ""output"": [256, 2048]}",7516192768,0,{},29360128,3670016,1048576,独立 GEMM：权重与输入各读一次、输出写一次的操作数载荷；不预测 tile 重读。,58
aggregate; see repeats,expert_113_down,linear,"{""input"": [256, 2048], ""weight_math"": [2048, 7168], ""weight_storage"": [7168, 2048], ""output"": [256, 7168]}",7516192768,0,{},29360128,1048576,3670016,独立 GEMM：权重与输入各读一次、输出写一次的操作数载荷；不预测 tile 重读。,58
aggregate; see repeats,expert_113_silu_and_product,activation,"{""gate_and_up"": [256, 2048]}",0,1048576,"{""sigmoid"": 524288}",0,2097152,1048576,"SiLU multiply and gated product; sigmoid is a separate primitive, fused logical interface.",58
aggregate; see repeats,expert_114_gate,linear,"{""input"": [256, 7168], ""weight_math"": [7168, 2048], ""weight_storage"": [2048, 7168], ""output"": [256, 2048]}",7516192768,0,{},29360128,3670016,1048576,独立 GEMM：权重与输入各读一次、输出写一次的操作数载荷；不预测 tile 重读。,58
aggregate; see repeats,expert_114_up,linear,"{""input"": [256, 7168], ""weight_math"": [7168, 2048], ""weight_storage"": [2048, 7168], ""output"": [256, 2048]}",7516192768,0,{},29360128,3670016,1048576,独立 GEMM：权重与输入各读一次、输出写一次的操作数载荷；不预测 tile 重读。,58
aggregate; see repeats,expert_114_down,linear,"{""input"": [256, 2048], ""weight_math"": [2048, 7168], ""weight_storage"": [7168, 2048], ""output"": [256, 7168]}",7516192768,0,{},29360128,1048576,3670016,独立 GEMM：权重与输入各读一次、输出写一次的操作数载荷；不预测 tile 重读。,58
aggregate; see repeats,expert_114_silu_and_product,activation,"{""gate_and_up"": [256, 2048]}",0,1048576,"{""sigmoid"": 524288}",0,2097152,1048576,"SiLU multiply and gated product; sigmoid is a separate primitive, fused logical interface.",58
aggregate; see repeats,expert_115_gate,linear,"{""input"": [256, 7168], ""weight_math"": [7168, 2048], ""weight_storage"": [2048, 7168], ""output"": [256, 2048]}",7516192768,0,{},29360128,3670016,1048576,独立 GEMM：权重与输入各读一次、输出写一次的操作数载荷；不预测 tile 重读。,58
aggregate; see repeats,expert_115_up,linear,"{""input"": [256, 7168], ""weight_math"": [7168, 2048], ""weight_storage"": [2048, 7168], ""output"": [256, 2048]}",7516192768,0,{},29360128,3670016,1048576,独立 GEMM：权重与输入各读一次、输出写一次的操作数载荷；不预测 tile 重读。,58
aggregate; see repeats,expert_115_down,linear,"{""input"": [256, 2048], ""weight_math"": [2048, 7168], ""weight_storage"": [7168, 2048], ""output"": [256, 7168]}",7516192768,0,{},29360128,1048576,3670016,独立 GEMM：权重与输入各读一次、输出写一次的操作数载荷；不预测 tile 重读。,58
aggregate; see repeats,expert_115_silu_and_product,activation,"{""gate_and_up"": [256, 2048]}",0,1048576,"{""sigmoid"": 524288}",0,2097152,1048576,"SiLU multiply and gated product; sigmoid is a separate primitive, fused logical interface.",58
aggregate; see repeats,expert_116_gate,linear,"{""input"": [256, 7168], ""weight_math"": [7168, 2048], ""weight_storage"": [2048, 7168], ""output"": [256, 2048]}",7516192768,0,{},29360128,3670016,1048576,独立 GEMM：权重与输入各读一次、输出写一次的操作数载荷；不预测 tile 重读。,58
aggregate; see repeats,expert_116_up,linear,"{""input"": [256, 7168], ""weight_math"": [7168, 2048], ""weight_storage"": [2048, 7168], ""output"": [256, 2048]}",7516192768,0,{},29360128,3670016,1048576,独立 GEMM：权重与输入各读一次、输出写一次的操作数载荷；不预测 tile 重读。,58
aggregate; see repeats,expert_116_down,linear,"{""input"": [256, 2048], ""weight_math"": [2048, 7168], ""weight_storage"": [7168, 2048], ""output"": [256, 7168]}",7516192768,0,{},29360128,1048576,3670016,独立 GEMM：权重与输入各读一次、输出写一次的操作数载荷；不预测 tile 重读。,58
aggregate; see repeats,expert_116_silu_and_product,activation,"{""gate_and_up"": [256, 2048]}",0,1048576,"{""sigmoid"": 524288}",0,2097152,1048576,"SiLU multiply and gated product; sigmoid is a separate primitive, fused logical interface.",58
aggregate; see repeats,expert_117_gate,linear,"{""input"": [256, 7168], ""weight_math"": [7168, 2048], ""weight_storage"": [2048, 7168], ""output"": [256, 2048]}",7516192768,0,{},29360128,3670016,1048576,独立 GEMM：权重与输入各读一次、输出写一次的操作数载荷；不预测 tile 重读。,58
aggregate; see repeats,expert_117_up,linear,"{""input"": [256, 7168], ""weight_math"": [7168, 2048], ""weight_storage"": [2048, 7168], ""output"": [256, 2048]}",7516192768,0,{},29360128,3670016,1048576,独立 GEMM：权重与输入各读一次、输出写一次的操作数载荷；不预测 tile 重读。,58
aggregate; see repeats,expert_117_down,linear,"{""input"": [256, 2048], ""weight_math"": [2048, 7168], ""weight_storage"": [7168, 2048], ""output"": [256, 7168]}",7516192768,0,{},29360128,1048576,3670016,独立 GEMM：权重与输入各读一次、输出写一次的操作数载荷；不预测 tile 重读。,58
aggregate; see repeats,expert_117_silu_and_product,activation,"{""gate_and_up"": [256, 2048]}",0,1048576,"{""sigmoid"": 524288}",0,2097152,1048576,"SiLU multiply and gated product; sigmoid is a separate primitive, fused logical interface.",58
aggregate; see repeats,expert_118_gate,linear,"{""input"": [256, 7168], ""weight_math"": [7168, 2048], ""weight_storage"": [2048, 7168], ""output"": [256, 2048]}",7516192768,0,{},29360128,3670016,1048576,独立 GEMM：权重与输入各读一次、输出写一次的操作数载荷；不预测 tile 重读。,58
aggregate; see repeats,expert_118_up,linear,"{""input"": [256, 7168], ""weight_math"": [7168, 2048], ""weight_storage"": [2048, 7168], ""output"": [256, 2048]}",7516192768,0,{},29360128,3670016,1048576,独立 GEMM：权重与输入各读一次、输出写一次的操作数载荷；不预测 tile 重读。,58
aggregate; see repeats,expert_118_down,linear,"{""input"": [256, 2048], ""weight_math"": [2048, 7168], ""weight_storage"": [7168, 2048], ""output"": [256, 7168]}",7516192768,0,{},29360128,1048576,3670016,独立 GEMM：权重与输入各读一次、输出写一次的操作数载荷；不预测 tile 重读。,58
aggregate; see repeats,expert_118_silu_and_product,activation,"{""gate_and_up"": [256, 2048]}",0,1048576,"{""sigmoid"": 524288}",0,2097152,1048576,"SiLU multiply and gated product; sigmoid is a separate primitive, fused logical interface.",58
aggregate; see repeats,expert_119_gate,linear,"{""input"": [256, 7168], ""weight_math"": [7168, 2048], ""weight_storage"": [2048, 7168], ""output"": [256, 2048]}",7516192768,0,{},29360128,3670016,1048576,独立 GEMM：权重与输入各读一次、输出写一次的操作数载荷；不预测 tile 重读。,58
aggregate; see repeats,expert_119_up,linear,"{""input"": [256, 7168], ""weight_math"": [7168, 2048], ""weight_storage"": [2048, 7168], ""output"": [256, 2048]}",7516192768,0,{},29360128,3670016,1048576,独立 GEMM：权重与输入各读一次、输出写一次的操作数载荷；不预测 tile 重读。,58
aggregate; see repeats,expert_119_down,linear,"{""input"": [256, 2048], ""weight_math"": [2048, 7168], ""weight_storage"": [7168, 2048], ""output"": [256, 7168]}",7516192768,0,{},29360128,1048576,3670016,独立 GEMM：权重与输入各读一次、输出写一次的操作数载荷；不预测 tile 重读。,58
aggregate; see repeats,expert_119_silu_and_product,activation,"{""gate_and_up"": [256, 2048]}",0,1048576,"{""sigmoid"": 524288}",0,2097152,1048576,"SiLU multiply and gated product; sigmoid is a separate primitive, fused logical interface.",58
aggregate; see repeats,expert_120_gate,linear,"{""input"": [256, 7168], ""weight_math"": [7168, 2048], ""weight_storage"": [2048, 7168], ""output"": [256, 2048]}",7516192768,0,{},29360128,3670016,1048576,独立 GEMM：权重与输入各读一次、输出写一次的操作数载荷；不预测 tile 重读。,58
aggregate; see repeats,expert_120_up,linear,"{""input"": [256, 7168], ""weight_math"": [7168, 2048], ""weight_storage"": [2048, 7168], ""output"": [256, 2048]}",7516192768,0,{},29360128,3670016,1048576,独立 GEMM：权重与输入各读一次、输出写一次的操作数载荷；不预测 tile 重读。,58
aggregate; see repeats,expert_120_down,linear,"{""input"": [256, 2048], ""weight_math"": [2048, 7168], ""weight_storage"": [7168, 2048], ""output"": [256, 7168]}",7516192768,0,{},29360128,1048576,3670016,独立 GEMM：权重与输入各读一次、输出写一次的操作数载荷；不预测 tile 重读。,58
aggregate; see repeats,expert_120_silu_and_product,activation,"{""gate_and_up"": [256, 2048]}",0,1048576,"{""sigmoid"": 524288}",0,2097152,1048576,"SiLU multiply and gated product; sigmoid is a separate primitive, fused logical interface.",58
aggregate; see repeats,expert_121_gate,linear,"{""input"": [256, 7168], ""weight_math"": [7168, 2048], ""weight_storage"": [2048, 7168], ""output"": [256, 2048]}",7516192768,0,{},29360128,3670016,1048576,独立 GEMM：权重与输入各读一次、输出写一次的操作数载荷；不预测 tile 重读。,58
aggregate; see repeats,expert_121_up,linear,"{""input"": [256, 7168], ""weight_math"": [7168, 2048], ""weight_storage"": [2048, 7168], ""output"": [256, 2048]}",7516192768,0,{},29360128,3670016,1048576,独立 GEMM：权重与输入各读一次、输出写一次的操作数载荷；不预测 tile 重读。,58
aggregate; see repeats,expert_121_down,linear,"{""input"": [256, 2048], ""weight_math"": [2048, 7168], ""weight_storage"": [7168, 2048], ""output"": [256, 7168]}",7516192768,0,{},29360128,1048576,3670016,独立 GEMM：权重与输入各读一次、输出写一次的操作数载荷；不预测 tile 重读。,58
aggregate; see repeats,expert_121_silu_and_product,activation,"{""gate_and_up"": [256, 2048]}",0,1048576,"{""sigmoid"": 524288}",0,2097152,1048576,"SiLU multiply and gated product; sigmoid is a separate primitive, fused logical interface.",58
aggregate; see repeats,expert_122_gate,linear,"{""input"": [256, 7168], ""weight_math"": [7168, 2048], ""weight_storage"": [2048, 7168], ""output"": [256, 2048]}",7516192768,0,{},29360128,3670016,1048576,独立 GEMM：权重与输入各读一次、输出写一次的操作数载荷；不预测 tile 重读。,58
aggregate; see repeats,expert_122_up,linear,"{""input"": [256, 7168], ""weight_math"": [7168, 2048], ""weight_storage"": [2048, 7168], ""output"": [256, 2048]}",7516192768,0,{},29360128,3670016,1048576,独立 GEMM：权重与输入各读一次、输出写一次的操作数载荷；不预测 tile 重读。,58
aggregate; see repeats,expert_122_down,linear,"{""input"": [256, 2048], ""weight_math"": [2048, 7168], ""weight_storage"": [7168, 2048], ""output"": [256, 7168]}",7516192768,0,{},29360128,1048576,3670016,独立 GEMM：权重与输入各读一次、输出写一次的操作数载荷；不预测 tile 重读。,58
aggregate; see repeats,expert_122_silu_and_product,activation,"{""gate_and_up"": [256, 2048]}",0,1048576,"{""sigmoid"": 524288}",0,2097152,1048576,"SiLU multiply and gated product; sigmoid is a separate primitive, fused logical interface.",58
aggregate; see repeats,expert_123_gate,linear,"{""input"": [256, 7168], ""weight_math"": [7168, 2048], ""weight_storage"": [2048, 7168], ""output"": [256, 2048]}",7516192768,0,{},29360128,3670016,1048576,独立 GEMM：权重与输入各读一次、输出写一次的操作数载荷；不预测 tile 重读。,58
aggregate; see repeats,expert_123_up,linear,"{""input"": [256, 7168], ""weight_math"": [7168, 2048], ""weight_storage"": [2048, 7168], ""output"": [256, 2048]}",7516192768,0,{},29360128,3670016,1048576,独立 GEMM：权重与输入各读一次、输出写一次的操作数载荷；不预测 tile 重读。,58
aggregate; see repeats,expert_123_down,linear,"{""input"": [256, 2048], ""weight_math"": [2048, 7168], ""weight_storage"": [7168, 2048], ""output"": [256, 7168]}",7516192768,0,{},29360128,1048576,3670016,独立 GEMM：权重与输入各读一次、输出写一次的操作数载荷；不预测 tile 重读。,58
aggregate; see repeats,expert_123_silu_and_product,activation,"{""gate_and_up"": [256, 2048]}",0,1048576,"{""sigmoid"": 524288}",0,2097152,1048576,"SiLU multiply and gated product; sigmoid is a separate primitive, fused logical interface.",58
aggregate; see repeats,expert_124_gate,linear,"{""input"": [256, 7168], ""weight_math"": [7168, 2048], ""weight_storage"": [2048, 7168], ""output"": [256, 2048]}",7516192768,0,{},29360128,3670016,1048576,独立 GEMM：权重与输入各读一次、输出写一次的操作数载荷；不预测 tile 重读。,58
aggregate; see repeats,expert_124_up,linear,"{""input"": [256, 7168], ""weight_math"": [7168, 2048], ""weight_storage"": [2048, 7168], ""output"": [256, 2048]}",7516192768,0,{},29360128,3670016,1048576,独立 GEMM：权重与输入各读一次、输出写一次的操作数载荷；不预测 tile 重读。,58
aggregate; see repeats,expert_124_down,linear,"{""input"": [256, 2048], ""weight_math"": [2048, 7168], ""weight_storage"": [7168, 2048], ""output"": [256, 7168]}",7516192768,0,{},29360128,1048576,3670016,独立 GEMM：权重与输入各读一次、输出写一次的操作数载荷；不预测 tile 重读。,58
aggregate; see repeats,expert_124_silu_and_product,activation,"{""gate_and_up"": [256, 2048]}",0,1048576,"{""sigmoid"": 524288}",0,2097152,1048576,"SiLU multiply and gated product; sigmoid is a separate primitive, fused logical interface.",58
aggregate; see repeats,expert_125_gate,linear,"{""input"": [256, 7168], ""weight_math"": [7168, 2048], ""weight_storage"": [2048, 7168], ""output"": [256, 2048]}",7516192768,0,{},29360128,3670016,1048576,独立 GEMM：权重与输入各读一次、输出写一次的操作数载荷；不预测 tile 重读。,58
aggregate; see repeats,expert_125_up,linear,"{""input"": [256, 7168], ""weight_math"": [7168, 2048], ""weight_storage"": [2048, 7168], ""output"": [256, 2048]}",7516192768,0,{},29360128,3670016,1048576,独立 GEMM：权重与输入各读一次、输出写一次的操作数载荷；不预测 tile 重读。,58
aggregate; see repeats,expert_125_down,linear,"{""input"": [256, 2048], ""weight_math"": [2048, 7168], ""weight_storage"": [7168, 2048], ""output"": [256, 7168]}",7516192768,0,{},29360128,1048576,3670016,独立 GEMM：权重与输入各读一次、输出写一次的操作数载荷；不预测 tile 重读。,58
aggregate; see repeats,expert_125_silu_and_product,activation,"{""gate_and_up"": [256, 2048]}",0,1048576,"{""sigmoid"": 524288}",0,2097152,1048576,"SiLU multiply and gated product; sigmoid is a separate primitive, fused logical interface.",58
aggregate; see repeats,expert_126_gate,linear,"{""input"": [256, 7168], ""weight_math"": [7168, 2048], ""weight_storage"": [2048, 7168], ""output"": [256, 2048]}",7516192768,0,{},29360128,3670016,1048576,独立 GEMM：权重与输入各读一次、输出写一次的操作数载荷；不预测 tile 重读。,58
aggregate; see repeats,expert_126_up,linear,"{""input"": [256, 7168], ""weight_math"": [7168, 2048], ""weight_storage"": [2048, 7168], ""output"": [256, 2048]}",7516192768,0,{},29360128,3670016,1048576,独立 GEMM：权重与输入各读一次、输出写一次的操作数载荷；不预测 tile 重读。,58
aggregate; see repeats,expert_126_down,linear,"{""input"": [256, 2048], ""weight_math"": [2048, 7168], ""weight_storage"": [7168, 2048], ""output"": [256, 7168]}",7516192768,0,{},29360128,1048576,3670016,独立 GEMM：权重与输入各读一次、输出写一次的操作数载荷；不预测 tile 重读。,58
aggregate; see repeats,expert_126_silu_and_product,activation,"{""gate_and_up"": [256, 2048]}",0,1048576,"{""sigmoid"": 524288}",0,2097152,1048576,"SiLU multiply and gated product; sigmoid is a separate primitive, fused logical interface.",58
aggregate; see repeats,expert_127_gate,linear,"{""input"": [256, 7168], ""weight_math"": [7168, 2048], ""weight_storage"": [2048, 7168], ""output"": [256, 2048]}",7516192768,0,{},29360128,3670016,1048576,独立 GEMM：权重与输入各读一次、输出写一次的操作数载荷；不预测 tile 重读。,58
aggregate; see repeats,expert_127_up,linear,"{""input"": [256, 7168], ""weight_math"": [7168, 2048], ""weight_storage"": [2048, 7168], ""output"": [256, 2048]}",7516192768,0,{},29360128,3670016,1048576,独立 GEMM：权重与输入各读一次、输出写一次的操作数载荷；不预测 tile 重读。,58
aggregate; see repeats,expert_127_down,linear,"{""input"": [256, 2048], ""weight_math"": [2048, 7168], ""weight_storage"": [7168, 2048], ""output"": [256, 7168]}",7516192768,0,{},29360128,1048576,3670016,独立 GEMM：权重与输入各读一次、输出写一次的操作数载荷；不预测 tile 重读。,58
aggregate; see repeats,expert_127_silu_and_product,activation,"{""gate_and_up"": [256, 2048]}",0,1048576,"{""sigmoid"": 524288}",0,2097152,1048576,"SiLU multiply and gated product; sigmoid is a separate primitive, fused logical interface.",58
aggregate; see repeats,expert_128_gate,linear,"{""input"": [256, 7168], ""weight_math"": [7168, 2048], ""weight_storage"": [2048, 7168], ""output"": [256, 2048]}",7516192768,0,{},29360128,3670016,1048576,独立 GEMM：权重与输入各读一次、输出写一次的操作数载荷；不预测 tile 重读。,58
aggregate; see repeats,expert_128_up,linear,"{""input"": [256, 7168], ""weight_math"": [7168, 2048], ""weight_storage"": [2048, 7168], ""output"": [256, 2048]}",7516192768,0,{},29360128,3670016,1048576,独立 GEMM：权重与输入各读一次、输出写一次的操作数载荷；不预测 tile 重读。,58
aggregate; see repeats,expert_128_down,linear,"{""input"": [256, 2048], ""weight_math"": [2048, 7168], ""weight_storage"": [7168, 2048], ""output"": [256, 7168]}",7516192768,0,{},29360128,1048576,3670016,独立 GEMM：权重与输入各读一次、输出写一次的操作数载荷；不预测 tile 重读。,58
aggregate; see repeats,expert_128_silu_and_product,activation,"{""gate_and_up"": [256, 2048]}",0,1048576,"{""sigmoid"": 524288}",0,2097152,1048576,"SiLU multiply and gated product; sigmoid is a separate primitive, fused logical interface.",58
aggregate; see repeats,expert_129_gate,linear,"{""input"": [256, 7168], ""weight_math"": [7168, 2048], ""weight_storage"": [2048, 7168], ""output"": [256, 2048]}",7516192768,0,{},29360128,3670016,1048576,独立 GEMM：权重与输入各读一次、输出写一次的操作数载荷；不预测 tile 重读。,58
aggregate; see repeats,expert_129_up,linear,"{""input"": [256, 7168], ""weight_math"": [7168, 2048], ""weight_storage"": [2048, 7168], ""output"": [256, 2048]}",7516192768,0,{},29360128,3670016,1048576,独立 GEMM：权重与输入各读一次、输出写一次的操作数载荷；不预测 tile 重读。,58
aggregate; see repeats,expert_129_down,linear,"{""input"": [256, 2048], ""weight_math"": [2048, 7168], ""weight_storage"": [7168, 2048], ""output"": [256, 7168]}",7516192768,0,{},29360128,1048576,3670016,独立 GEMM：权重与输入各读一次、输出写一次的操作数载荷；不预测 tile 重读。,58
aggregate; see repeats,expert_129_silu_and_product,activation,"{""gate_and_up"": [256, 2048]}",0,1048576,"{""sigmoid"": 524288}",0,2097152,1048576,"SiLU multiply and gated product; sigmoid is a separate primitive, fused logical interface.",58
aggregate; see repeats,expert_130_gate,linear,"{""input"": [256, 7168], ""weight_math"": [7168, 2048], ""weight_storage"": [2048, 7168], ""output"": [256, 2048]}",7516192768,0,{},29360128,3670016,1048576,独立 GEMM：权重与输入各读一次、输出写一次的操作数载荷；不预测 tile 重读。,58
aggregate; see repeats,expert_130_up,linear,"{""input"": [256, 7168], ""weight_math"": [7168, 2048], ""weight_storage"": [2048, 7168], ""output"": [256, 2048]}",7516192768,0,{},29360128,3670016,1048576,独立 GEMM：权重与输入各读一次、输出写一次的操作数载荷；不预测 tile 重读。,58
aggregate; see repeats,expert_130_down,linear,"{""input"": [256, 2048], ""weight_math"": [2048, 7168], ""weight_storage"": [7168, 2048], ""output"": [256, 7168]}",7516192768,0,{},29360128,1048576,3670016,独立 GEMM：权重与输入各读一次、输出写一次的操作数载荷；不预测 tile 重读。,58
aggregate; see repeats,expert_130_silu_and_product,activation,"{""gate_and_up"": [256, 2048]}",0,1048576,"{""sigmoid"": 524288}",0,2097152,1048576,"SiLU multiply and gated product; sigmoid is a separate primitive, fused logical interface.",58
aggregate; see repeats,expert_131_gate,linear,"{""input"": [256, 7168], ""weight_math"": [7168, 2048], ""weight_storage"": [2048, 7168], ""output"": [256, 2048]}",7516192768,0,{},29360128,3670016,1048576,独立 GEMM：权重与输入各读一次、输出写一次的操作数载荷；不预测 tile 重读。,58
aggregate; see repeats,expert_131_up,linear,"{""input"": [256, 7168], ""weight_math"": [7168, 2048], ""weight_storage"": [2048, 7168], ""output"": [256, 2048]}",7516192768,0,{},29360128,3670016,1048576,独立 GEMM：权重与输入各读一次、输出写一次的操作数载荷；不预测 tile 重读。,58
aggregate; see repeats,expert_131_down,linear,"{""input"": [256, 2048], ""weight_math"": [2048, 7168], ""weight_storage"": [7168, 2048], ""output"": [256, 7168]}",7516192768,0,{},29360128,1048576,3670016,独立 GEMM：权重与输入各读一次、输出写一次的操作数载荷；不预测 tile 重读。,58
aggregate; see repeats,expert_131_silu_and_product,activation,"{""gate_and_up"": [256, 2048]}",0,1048576,"{""sigmoid"": 524288}",0,2097152,1048576,"SiLU multiply and gated product; sigmoid is a separate primitive, fused logical interface.",58
aggregate; see repeats,expert_132_gate,linear,"{""input"": [256, 7168], ""weight_math"": [7168, 2048], ""weight_storage"": [2048, 7168], ""output"": [256, 2048]}",7516192768,0,{},29360128,3670016,1048576,独立 GEMM：权重与输入各读一次、输出写一次的操作数载荷；不预测 tile 重读。,58
aggregate; see repeats,expert_132_up,linear,"{""input"": [256, 7168], ""weight_math"": [7168, 2048], ""weight_storage"": [2048, 7168], ""output"": [256, 2048]}",7516192768,0,{},29360128,3670016,1048576,独立 GEMM：权重与输入各读一次、输出写一次的操作数载荷；不预测 tile 重读。,58
aggregate; see repeats,expert_132_down,linear,"{""input"": [256, 2048], ""weight_math"": [2048, 7168], ""weight_storage"": [7168, 2048], ""output"": [256, 7168]}",7516192768,0,{},29360128,1048576,3670016,独立 GEMM：权重与输入各读一次、输出写一次的操作数载荷；不预测 tile 重读。,58
aggregate; see repeats,expert_132_silu_and_product,activation,"{""gate_and_up"": [256, 2048]}",0,1048576,"{""sigmoid"": 524288}",0,2097152,1048576,"SiLU multiply and gated product; sigmoid is a separate primitive, fused logical interface.",58
aggregate; see repeats,expert_133_gate,linear,"{""input"": [256, 7168], ""weight_math"": [7168, 2048], ""weight_storage"": [2048, 7168], ""output"": [256, 2048]}",7516192768,0,{},29360128,3670016,1048576,独立 GEMM：权重与输入各读一次、输出写一次的操作数载荷；不预测 tile 重读。,58
aggregate; see repeats,expert_133_up,linear,"{""input"": [256, 7168], ""weight_math"": [7168, 2048], ""weight_storage"": [2048, 7168], ""output"": [256, 2048]}",7516192768,0,{},29360128,3670016,1048576,独立 GEMM：权重与输入各读一次、输出写一次的操作数载荷；不预测 tile 重读。,58
aggregate; see repeats,expert_133_down,linear,"{""input"": [256, 2048], ""weight_math"": [2048, 7168], ""weight_storage"": [7168, 2048], ""output"": [256, 7168]}",7516192768,0,{},29360128,1048576,3670016,独立 GEMM：权重与输入各读一次、输出写一次的操作数载荷；不预测 tile 重读。,58
aggregate; see repeats,expert_133_silu_and_product,activation,"{""gate_and_up"": [256, 2048]}",0,1048576,"{""sigmoid"": 524288}",0,2097152,1048576,"SiLU multiply and gated product; sigmoid is a separate primitive, fused logical interface.",58
aggregate; see repeats,expert_134_gate,linear,"{""input"": [256, 7168], ""weight_math"": [7168, 2048], ""weight_storage"": [2048, 7168], ""output"": [256, 2048]}",7516192768,0,{},29360128,3670016,1048576,独立 GEMM：权重与输入各读一次、输出写一次的操作数载荷；不预测 tile 重读。,58
aggregate; see repeats,expert_134_up,linear,"{""input"": [256, 7168], ""weight_math"": [7168, 2048], ""weight_storage"": [2048, 7168], ""output"": [256, 2048]}",7516192768,0,{},29360128,3670016,1048576,独立 GEMM：权重与输入各读一次、输出写一次的操作数载荷；不预测 tile 重读。,58
aggregate; see repeats,expert_134_down,linear,"{""input"": [256, 2048], ""weight_math"": [2048, 7168], ""weight_storage"": [7168, 2048], ""output"": [256, 7168]}",7516192768,0,{},29360128,1048576,3670016,独立 GEMM：权重与输入各读一次、输出写一次的操作数载荷；不预测 tile 重读。,58
aggregate; see repeats,expert_134_silu_and_product,activation,"{""gate_and_up"": [256, 2048]}",0,1048576,"{""sigmoid"": 524288}",0,2097152,1048576,"SiLU multiply and gated product; sigmoid is a separate primitive, fused logical interface.",58
aggregate; see repeats,expert_135_gate,linear,"{""input"": [256, 7168], ""weight_math"": [7168, 2048], ""weight_storage"": [2048, 7168], ""output"": [256, 2048]}",7516192768,0,{},29360128,3670016,1048576,独立 GEMM：权重与输入各读一次、输出写一次的操作数载荷；不预测 tile 重读。,58
aggregate; see repeats,expert_135_up,linear,"{""input"": [256, 7168], ""weight_math"": [7168, 2048], ""weight_storage"": [2048, 7168], ""output"": [256, 2048]}",7516192768,0,{},29360128,3670016,1048576,独立 GEMM：权重与输入各读一次、输出写一次的操作数载荷；不预测 tile 重读。,58
aggregate; see repeats,expert_135_down,linear,"{""input"": [256, 2048], ""weight_math"": [2048, 7168], ""weight_storage"": [7168, 2048], ""output"": [256, 7168]}",7516192768,0,{},29360128,1048576,3670016,独立 GEMM：权重与输入各读一次、输出写一次的操作数载荷；不预测 tile 重读。,58
aggregate; see repeats,expert_135_silu_and_product,activation,"{""gate_and_up"": [256, 2048]}",0,1048576,"{""sigmoid"": 524288}",0,2097152,1048576,"SiLU multiply and gated product; sigmoid is a separate primitive, fused logical interface.",58
aggregate; see repeats,expert_136_gate,linear,"{""input"": [256, 7168], ""weight_math"": [7168, 2048], ""weight_storage"": [2048, 7168], ""output"": [256, 2048]}",7516192768,0,{},29360128,3670016,1048576,独立 GEMM：权重与输入各读一次、输出写一次的操作数载荷；不预测 tile 重读。,58
aggregate; see repeats,expert_136_up,linear,"{""input"": [256, 7168], ""weight_math"": [7168, 2048], ""weight_storage"": [2048, 7168], ""output"": [256, 2048]}",7516192768,0,{},29360128,3670016,1048576,独立 GEMM：权重与输入各读一次、输出写一次的操作数载荷；不预测 tile 重读。,58
aggregate; see repeats,expert_136_down,linear,"{""input"": [256, 2048], ""weight_math"": [2048, 7168], ""weight_storage"": [7168, 2048], ""output"": [256, 7168]}",7516192768,0,{},29360128,1048576,3670016,独立 GEMM：权重与输入各读一次、输出写一次的操作数载荷；不预测 tile 重读。,58
aggregate; see repeats,expert_136_silu_and_product,activation,"{""gate_and_up"": [256, 2048]}",0,1048576,"{""sigmoid"": 524288}",0,2097152,1048576,"SiLU multiply and gated product; sigmoid is a separate primitive, fused logical interface.",58
aggregate; see repeats,expert_137_gate,linear,"{""input"": [256, 7168], ""weight_math"": [7168, 2048], ""weight_storage"": [2048, 7168], ""output"": [256, 2048]}",7516192768,0,{},29360128,3670016,1048576,独立 GEMM：权重与输入各读一次、输出写一次的操作数载荷；不预测 tile 重读。,58
aggregate; see repeats,expert_137_up,linear,"{""input"": [256, 7168], ""weight_math"": [7168, 2048], ""weight_storage"": [2048, 7168], ""output"": [256, 2048]}",7516192768,0,{},29360128,3670016,1048576,独立 GEMM：权重与输入各读一次、输出写一次的操作数载荷；不预测 tile 重读。,58
aggregate; see repeats,expert_137_down,linear,"{""input"": [256, 2048], ""weight_math"": [2048, 7168], ""weight_storage"": [7168, 2048], ""output"": [256, 7168]}",7516192768,0,{},29360128,1048576,3670016,独立 GEMM：权重与输入各读一次、输出写一次的操作数载荷；不预测 tile 重读。,58
aggregate; see repeats,expert_137_silu_and_product,activation,"{""gate_and_up"": [256, 2048]}",0,1048576,"{""sigmoid"": 524288}",0,2097152,1048576,"SiLU multiply and gated product; sigmoid is a separate primitive, fused logical interface.",58
aggregate; see repeats,expert_138_gate,linear,"{""input"": [256, 7168], ""weight_math"": [7168, 2048], ""weight_storage"": [2048, 7168], ""output"": [256, 2048]}",7516192768,0,{},29360128,3670016,1048576,独立 GEMM：权重与输入各读一次、输出写一次的操作数载荷；不预测 tile 重读。,58
aggregate; see repeats,expert_138_up,linear,"{""input"": [256, 7168], ""weight_math"": [7168, 2048], ""weight_storage"": [2048, 7168], ""output"": [256, 2048]}",7516192768,0,{},29360128,3670016,1048576,独立 GEMM：权重与输入各读一次、输出写一次的操作数载荷；不预测 tile 重读。,58
aggregate; see repeats,expert_138_down,linear,"{""input"": [256, 2048], ""weight_math"": [2048, 7168], ""weight_storage"": [7168, 2048], ""output"": [256, 7168]}",7516192768,0,{},29360128,1048576,3670016,独立 GEMM：权重与输入各读一次、输出写一次的操作数载荷；不预测 tile 重读。,58
aggregate; see repeats,expert_138_silu_and_product,activation,"{""gate_and_up"": [256, 2048]}",0,1048576,"{""sigmoid"": 524288}",0,2097152,1048576,"SiLU multiply and gated product; sigmoid is a separate primitive, fused logical interface.",58
aggregate; see repeats,expert_139_gate,linear,"{""input"": [256, 7168], ""weight_math"": [7168, 2048], ""weight_storage"": [2048, 7168], ""output"": [256, 2048]}",7516192768,0,{},29360128,3670016,1048576,独立 GEMM：权重与输入各读一次、输出写一次的操作数载荷；不预测 tile 重读。,58
aggregate; see repeats,expert_139_up,linear,"{""input"": [256, 7168], ""weight_math"": [7168, 2048], ""weight_storage"": [2048, 7168], ""output"": [256, 2048]}",7516192768,0,{},29360128,3670016,1048576,独立 GEMM：权重与输入各读一次、输出写一次的操作数载荷；不预测 tile 重读。,58
aggregate; see repeats,expert_139_down,linear,"{""input"": [256, 2048], ""weight_math"": [2048, 7168], ""weight_storage"": [7168, 2048], ""output"": [256, 7168]}",7516192768,0,{},29360128,1048576,3670016,独立 GEMM：权重与输入各读一次、输出写一次的操作数载荷；不预测 tile 重读。,58
aggregate; see repeats,expert_139_silu_and_product,activation,"{""gate_and_up"": [256, 2048]}",0,1048576,"{""sigmoid"": 524288}",0,2097152,1048576,"SiLU multiply and gated product; sigmoid is a separate primitive, fused logical interface.",58
aggregate; see repeats,expert_140_gate,linear,"{""input"": [256, 7168], ""weight_math"": [7168, 2048], ""weight_storage"": [2048, 7168], ""output"": [256, 2048]}",7516192768,0,{},29360128,3670016,1048576,独立 GEMM：权重与输入各读一次、输出写一次的操作数载荷；不预测 tile 重读。,58
aggregate; see repeats,expert_140_up,linear,"{""input"": [256, 7168], ""weight_math"": [7168, 2048], ""weight_storage"": [2048, 7168], ""output"": [256, 2048]}",7516192768,0,{},29360128,3670016,1048576,独立 GEMM：权重与输入各读一次、输出写一次的操作数载荷；不预测 tile 重读。,58
aggregate; see repeats,expert_140_down,linear,"{""input"": [256, 2048], ""weight_math"": [2048, 7168], ""weight_storage"": [7168, 2048], ""output"": [256, 7168]}",7516192768,0,{},29360128,1048576,3670016,独立 GEMM：权重与输入各读一次、输出写一次的操作数载荷；不预测 tile 重读。,58
aggregate; see repeats,expert_140_silu_and_product,activation,"{""gate_and_up"": [256, 2048]}",0,1048576,"{""sigmoid"": 524288}",0,2097152,1048576,"SiLU multiply and gated product; sigmoid is a separate primitive, fused logical interface.",58
aggregate; see repeats,expert_141_gate,linear,"{""input"": [256, 7168], ""weight_math"": [7168, 2048], ""weight_storage"": [2048, 7168], ""output"": [256, 2048]}",7516192768,0,{},29360128,3670016,1048576,独立 GEMM：权重与输入各读一次、输出写一次的操作数载荷；不预测 tile 重读。,58
aggregate; see repeats,expert_141_up,linear,"{""input"": [256, 7168], ""weight_math"": [7168, 2048], ""weight_storage"": [2048, 7168], ""output"": [256, 2048]}",7516192768,0,{},29360128,3670016,1048576,独立 GEMM：权重与输入各读一次、输出写一次的操作数载荷；不预测 tile 重读。,58
aggregate; see repeats,expert_141_down,linear,"{""input"": [256, 2048], ""weight_math"": [2048, 7168], ""weight_storage"": [7168, 2048], ""output"": [256, 7168]}",7516192768,0,{},29360128,1048576,3670016,独立 GEMM：权重与输入各读一次、输出写一次的操作数载荷；不预测 tile 重读。,58
aggregate; see repeats,expert_141_silu_and_product,activation,"{""gate_and_up"": [256, 2048]}",0,1048576,"{""sigmoid"": 524288}",0,2097152,1048576,"SiLU multiply and gated product; sigmoid is a separate primitive, fused logical interface.",58
aggregate; see repeats,expert_142_gate,linear,"{""input"": [256, 7168], ""weight_math"": [7168, 2048], ""weight_storage"": [2048, 7168], ""output"": [256, 2048]}",7516192768,0,{},29360128,3670016,1048576,独立 GEMM：权重与输入各读一次、输出写一次的操作数载荷；不预测 tile 重读。,58
aggregate; see repeats,expert_142_up,linear,"{""input"": [256, 7168], ""weight_math"": [7168, 2048], ""weight_storage"": [2048, 7168], ""output"": [256, 2048]}",7516192768,0,{},29360128,3670016,1048576,独立 GEMM：权重与输入各读一次、输出写一次的操作数载荷；不预测 tile 重读。,58
aggregate; see repeats,expert_142_down,linear,"{""input"": [256, 2048], ""weight_math"": [2048, 7168], ""weight_storage"": [7168, 2048], ""output"": [256, 7168]}",7516192768,0,{},29360128,1048576,3670016,独立 GEMM：权重与输入各读一次、输出写一次的操作数载荷；不预测 tile 重读。,58
aggregate; see repeats,expert_142_silu_and_product,activation,"{""gate_and_up"": [256, 2048]}",0,1048576,"{""sigmoid"": 524288}",0,2097152,1048576,"SiLU multiply and gated product; sigmoid is a separate primitive, fused logical interface.",58
aggregate; see repeats,expert_143_gate,linear,"{""input"": [256, 7168], ""weight_math"": [7168, 2048], ""weight_storage"": [2048, 7168], ""output"": [256, 2048]}",7516192768,0,{},29360128,3670016,1048576,独立 GEMM：权重与输入各读一次、输出写一次的操作数载荷；不预测 tile 重读。,58
aggregate; see repeats,expert_143_up,linear,"{""input"": [256, 7168], ""weight_math"": [7168, 2048], ""weight_storage"": [2048, 7168], ""output"": [256, 2048]}",7516192768,0,{},29360128,3670016,1048576,独立 GEMM：权重与输入各读一次、输出写一次的操作数载荷；不预测 tile 重读。,58
aggregate; see repeats,expert_143_down,linear,"{""input"": [256, 2048], ""weight_math"": [2048, 7168], ""weight_storage"": [7168, 2048], ""output"": [256, 7168]}",7516192768,0,{},29360128,1048576,3670016,独立 GEMM：权重与输入各读一次、输出写一次的操作数载荷；不预测 tile 重读。,58
aggregate; see repeats,expert_143_silu_and_product,activation,"{""gate_and_up"": [256, 2048]}",0,1048576,"{""sigmoid"": 524288}",0,2097152,1048576,"SiLU multiply and gated product; sigmoid is a separate primitive, fused logical interface.",58
aggregate; see repeats,expert_144_gate,linear,"{""input"": [256, 7168], ""weight_math"": [7168, 2048], ""weight_storage"": [2048, 7168], ""output"": [256, 2048]}",7516192768,0,{},29360128,3670016,1048576,独立 GEMM：权重与输入各读一次、输出写一次的操作数载荷；不预测 tile 重读。,58
aggregate; see repeats,expert_144_up,linear,"{""input"": [256, 7168], ""weight_math"": [7168, 2048], ""weight_storage"": [2048, 7168], ""output"": [256, 2048]}",7516192768,0,{},29360128,3670016,1048576,独立 GEMM：权重与输入各读一次、输出写一次的操作数载荷；不预测 tile 重读。,58
aggregate; see repeats,expert_144_down,linear,"{""input"": [256, 2048], ""weight_math"": [2048, 7168], ""weight_storage"": [7168, 2048], ""output"": [256, 7168]}",7516192768,0,{},29360128,1048576,3670016,独立 GEMM：权重与输入各读一次、输出写一次的操作数载荷；不预测 tile 重读。,58
aggregate; see repeats,expert_144_silu_and_product,activation,"{""gate_and_up"": [256, 2048]}",0,1048576,"{""sigmoid"": 524288}",0,2097152,1048576,"SiLU multiply and gated product; sigmoid is a separate primitive, fused logical interface.",58
aggregate; see repeats,expert_145_gate,linear,"{""input"": [256, 7168], ""weight_math"": [7168, 2048], ""weight_storage"": [2048, 7168], ""output"": [256, 2048]}",7516192768,0,{},29360128,3670016,1048576,独立 GEMM：权重与输入各读一次、输出写一次的操作数载荷；不预测 tile 重读。,58
aggregate; see repeats,expert_145_up,linear,"{""input"": [256, 7168], ""weight_math"": [7168, 2048], ""weight_storage"": [2048, 7168], ""output"": [256, 2048]}",7516192768,0,{},29360128,3670016,1048576,独立 GEMM：权重与输入各读一次、输出写一次的操作数载荷；不预测 tile 重读。,58
aggregate; see repeats,expert_145_down,linear,"{""input"": [256, 2048], ""weight_math"": [2048, 7168], ""weight_storage"": [7168, 2048], ""output"": [256, 7168]}",7516192768,0,{},29360128,1048576,3670016,独立 GEMM：权重与输入各读一次、输出写一次的操作数载荷；不预测 tile 重读。,58
aggregate; see repeats,expert_145_silu_and_product,activation,"{""gate_and_up"": [256, 2048]}",0,1048576,"{""sigmoid"": 524288}",0,2097152,1048576,"SiLU multiply and gated product; sigmoid is a separate primitive, fused logical interface.",58
aggregate; see repeats,expert_146_gate,linear,"{""input"": [256, 7168], ""weight_math"": [7168, 2048], ""weight_storage"": [2048, 7168], ""output"": [256, 2048]}",7516192768,0,{},29360128,3670016,1048576,独立 GEMM：权重与输入各读一次、输出写一次的操作数载荷；不预测 tile 重读。,58
aggregate; see repeats,expert_146_up,linear,"{""input"": [256, 7168], ""weight_math"": [7168, 2048], ""weight_storage"": [2048, 7168], ""output"": [256, 2048]}",7516192768,0,{},29360128,3670016,1048576,独立 GEMM：权重与输入各读一次、输出写一次的操作数载荷；不预测 tile 重读。,58
aggregate; see repeats,expert_146_down,linear,"{""input"": [256, 2048], ""weight_math"": [2048, 7168], ""weight_storage"": [7168, 2048], ""output"": [256, 7168]}",7516192768,0,{},29360128,1048576,3670016,独立 GEMM：权重与输入各读一次、输出写一次的操作数载荷；不预测 tile 重读。,58
aggregate; see repeats,expert_146_silu_and_product,activation,"{""gate_and_up"": [256, 2048]}",0,1048576,"{""sigmoid"": 524288}",0,2097152,1048576,"SiLU multiply and gated product; sigmoid is a separate primitive, fused logical interface.",58
aggregate; see repeats,expert_147_gate,linear,"{""input"": [256, 7168], ""weight_math"": [7168, 2048], ""weight_storage"": [2048, 7168], ""output"": [256, 2048]}",7516192768,0,{},29360128,3670016,1048576,独立 GEMM：权重与输入各读一次、输出写一次的操作数载荷；不预测 tile 重读。,58
aggregate; see repeats,expert_147_up,linear,"{""input"": [256, 7168], ""weight_math"": [7168, 2048], ""weight_storage"": [2048, 7168], ""output"": [256, 2048]}",7516192768,0,{},29360128,3670016,1048576,独立 GEMM：权重与输入各读一次、输出写一次的操作数载荷；不预测 tile 重读。,58
aggregate; see repeats,expert_147_down,linear,"{""input"": [256, 2048], ""weight_math"": [2048, 7168], ""weight_storage"": [7168, 2048], ""output"": [256, 7168]}",7516192768,0,{},29360128,1048576,3670016,独立 GEMM：权重与输入各读一次、输出写一次的操作数载荷；不预测 tile 重读。,58
aggregate; see repeats,expert_147_silu_and_product,activation,"{""gate_and_up"": [256, 2048]}",0,1048576,"{""sigmoid"": 524288}",0,2097152,1048576,"SiLU multiply and gated product; sigmoid is a separate primitive, fused logical interface.",58
aggregate; see repeats,expert_148_gate,linear,"{""input"": [256, 7168], ""weight_math"": [7168, 2048], ""weight_storage"": [2048, 7168], ""output"": [256, 2048]}",7516192768,0,{},29360128,3670016,1048576,独立 GEMM：权重与输入各读一次、输出写一次的操作数载荷；不预测 tile 重读。,58
aggregate; see repeats,expert_148_up,linear,"{""input"": [256, 7168], ""weight_math"": [7168, 2048], ""weight_storage"": [2048, 7168], ""output"": [256, 2048]}",7516192768,0,{},29360128,3670016,1048576,独立 GEMM：权重与输入各读一次、输出写一次的操作数载荷；不预测 tile 重读。,58
aggregate; see repeats,expert_148_down,linear,"{""input"": [256, 2048], ""weight_math"": [2048, 7168], ""weight_storage"": [7168, 2048], ""output"": [256, 7168]}",7516192768,0,{},29360128,1048576,3670016,独立 GEMM：权重与输入各读一次、输出写一次的操作数载荷；不预测 tile 重读。,58
aggregate; see repeats,expert_148_silu_and_product,activation,"{""gate_and_up"": [256, 2048]}",0,1048576,"{""sigmoid"": 524288}",0,2097152,1048576,"SiLU multiply and gated product; sigmoid is a separate primitive, fused logical interface.",58
aggregate; see repeats,expert_149_gate,linear,"{""input"": [256, 7168], ""weight_math"": [7168, 2048], ""weight_storage"": [2048, 7168], ""output"": [256, 2048]}",7516192768,0,{},29360128,3670016,1048576,独立 GEMM：权重与输入各读一次、输出写一次的操作数载荷；不预测 tile 重读。,58
aggregate; see repeats,expert_149_up,linear,"{""input"": [256, 7168], ""weight_math"": [7168, 2048], ""weight_storage"": [2048, 7168], ""output"": [256, 2048]}",7516192768,0,{},29360128,3670016,1048576,独立 GEMM：权重与输入各读一次、输出写一次的操作数载荷；不预测 tile 重读。,58
aggregate; see repeats,expert_149_down,linear,"{""input"": [256, 2048], ""weight_math"": [2048, 7168], ""weight_storage"": [7168, 2048], ""output"": [256, 7168]}",7516192768,0,{},29360128,1048576,3670016,独立 GEMM：权重与输入各读一次、输出写一次的操作数载荷；不预测 tile 重读。,58
aggregate; see repeats,expert_149_silu_and_product,activation,"{""gate_and_up"": [256, 2048]}",0,1048576,"{""sigmoid"": 524288}",0,2097152,1048576,"SiLU multiply and gated product; sigmoid is a separate primitive, fused logical interface.",58
aggregate; see repeats,expert_150_gate,linear,"{""input"": [256, 7168], ""weight_math"": [7168, 2048], ""weight_storage"": [2048, 7168], ""output"": [256, 2048]}",7516192768,0,{},29360128,3670016,1048576,独立 GEMM：权重与输入各读一次、输出写一次的操作数载荷；不预测 tile 重读。,58
aggregate; see repeats,expert_150_up,linear,"{""input"": [256, 7168], ""weight_math"": [7168, 2048], ""weight_storage"": [2048, 7168], ""output"": [256, 2048]}",7516192768,0,{},29360128,3670016,1048576,独立 GEMM：权重与输入各读一次、输出写一次的操作数载荷；不预测 tile 重读。,58
aggregate; see repeats,expert_150_down,linear,"{""input"": [256, 2048], ""weight_math"": [2048, 7168], ""weight_storage"": [7168, 2048], ""output"": [256, 7168]}",7516192768,0,{},29360128,1048576,3670016,独立 GEMM：权重与输入各读一次、输出写一次的操作数载荷；不预测 tile 重读。,58
aggregate; see repeats,expert_150_silu_and_product,activation,"{""gate_and_up"": [256, 2048]}",0,1048576,"{""sigmoid"": 524288}",0,2097152,1048576,"SiLU multiply and gated product; sigmoid is a separate primitive, fused logical interface.",58
aggregate; see repeats,expert_151_gate,linear,"{""input"": [256, 7168], ""weight_math"": [7168, 2048], ""weight_storage"": [2048, 7168], ""output"": [256, 2048]}",7516192768,0,{},29360128,3670016,1048576,独立 GEMM：权重与输入各读一次、输出写一次的操作数载荷；不预测 tile 重读。,58
aggregate; see repeats,expert_151_up,linear,"{""input"": [256, 7168], ""weight_math"": [7168, 2048], ""weight_storage"": [2048, 7168], ""output"": [256, 2048]}",7516192768,0,{},29360128,3670016,1048576,独立 GEMM：权重与输入各读一次、输出写一次的操作数载荷；不预测 tile 重读。,58
aggregate; see repeats,expert_151_down,linear,"{""input"": [256, 2048], ""weight_math"": [2048, 7168], ""weight_storage"": [7168, 2048], ""output"": [256, 7168]}",7516192768,0,{},29360128,1048576,3670016,独立 GEMM：权重与输入各读一次、输出写一次的操作数载荷；不预测 tile 重读。,58
aggregate; see repeats,expert_151_silu_and_product,activation,"{""gate_and_up"": [256, 2048]}",0,1048576,"{""sigmoid"": 524288}",0,2097152,1048576,"SiLU multiply and gated product; sigmoid is a separate primitive, fused logical interface.",58
aggregate; see repeats,expert_152_gate,linear,"{""input"": [256, 7168], ""weight_math"": [7168, 2048], ""weight_storage"": [2048, 7168], ""output"": [256, 2048]}",7516192768,0,{},29360128,3670016,1048576,独立 GEMM：权重与输入各读一次、输出写一次的操作数载荷；不预测 tile 重读。,58
aggregate; see repeats,expert_152_up,linear,"{""input"": [256, 7168], ""weight_math"": [7168, 2048], ""weight_storage"": [2048, 7168], ""output"": [256, 2048]}",7516192768,0,{},29360128,3670016,1048576,独立 GEMM：权重与输入各读一次、输出写一次的操作数载荷；不预测 tile 重读。,58
aggregate; see repeats,expert_152_down,linear,"{""input"": [256, 2048], ""weight_math"": [2048, 7168], ""weight_storage"": [7168, 2048], ""output"": [256, 7168]}",7516192768,0,{},29360128,1048576,3670016,独立 GEMM：权重与输入各读一次、输出写一次的操作数载荷；不预测 tile 重读。,58
aggregate; see repeats,expert_152_silu_and_product,activation,"{""gate_and_up"": [256, 2048]}",0,1048576,"{""sigmoid"": 524288}",0,2097152,1048576,"SiLU multiply and gated product; sigmoid is a separate primitive, fused logical interface.",58
aggregate; see repeats,expert_153_gate,linear,"{""input"": [256, 7168], ""weight_math"": [7168, 2048], ""weight_storage"": [2048, 7168], ""output"": [256, 2048]}",7516192768,0,{},29360128,3670016,1048576,独立 GEMM：权重与输入各读一次、输出写一次的操作数载荷；不预测 tile 重读。,58
aggregate; see repeats,expert_153_up,linear,"{""input"": [256, 7168], ""weight_math"": [7168, 2048], ""weight_storage"": [2048, 7168], ""output"": [256, 2048]}",7516192768,0,{},29360128,3670016,1048576,独立 GEMM：权重与输入各读一次、输出写一次的操作数载荷；不预测 tile 重读。,58
aggregate; see repeats,expert_153_down,linear,"{""input"": [256, 2048], ""weight_math"": [2048, 7168], ""weight_storage"": [7168, 2048], ""output"": [256, 7168]}",7516192768,0,{},29360128,1048576,3670016,独立 GEMM：权重与输入各读一次、输出写一次的操作数载荷；不预测 tile 重读。,58
aggregate; see repeats,expert_153_silu_and_product,activation,"{""gate_and_up"": [256, 2048]}",0,1048576,"{""sigmoid"": 524288}",0,2097152,1048576,"SiLU multiply and gated product; sigmoid is a separate primitive, fused logical interface.",58
aggregate; see repeats,expert_154_gate,linear,"{""input"": [256, 7168], ""weight_math"": [7168, 2048], ""weight_storage"": [2048, 7168], ""output"": [256, 2048]}",7516192768,0,{},29360128,3670016,1048576,独立 GEMM：权重与输入各读一次、输出写一次的操作数载荷；不预测 tile 重读。,58
aggregate; see repeats,expert_154_up,linear,"{""input"": [256, 7168], ""weight_math"": [7168, 2048], ""weight_storage"": [2048, 7168], ""output"": [256, 2048]}",7516192768,0,{},29360128,3670016,1048576,独立 GEMM：权重与输入各读一次、输出写一次的操作数载荷；不预测 tile 重读。,58
aggregate; see repeats,expert_154_down,linear,"{""input"": [256, 2048], ""weight_math"": [2048, 7168], ""weight_storage"": [7168, 2048], ""output"": [256, 7168]}",7516192768,0,{},29360128,1048576,3670016,独立 GEMM：权重与输入各读一次、输出写一次的操作数载荷；不预测 tile 重读。,58
aggregate; see repeats,expert_154_silu_and_product,activation,"{""gate_and_up"": [256, 2048]}",0,1048576,"{""sigmoid"": 524288}",0,2097152,1048576,"SiLU multiply and gated product; sigmoid is a separate primitive, fused logical interface.",58
aggregate; see repeats,expert_155_gate,linear,"{""input"": [256, 7168], ""weight_math"": [7168, 2048], ""weight_storage"": [2048, 7168], ""output"": [256, 2048]}",7516192768,0,{},29360128,3670016,1048576,独立 GEMM：权重与输入各读一次、输出写一次的操作数载荷；不预测 tile 重读。,58
aggregate; see repeats,expert_155_up,linear,"{""input"": [256, 7168], ""weight_math"": [7168, 2048], ""weight_storage"": [2048, 7168], ""output"": [256, 2048]}",7516192768,0,{},29360128,3670016,1048576,独立 GEMM：权重与输入各读一次、输出写一次的操作数载荷；不预测 tile 重读。,58
aggregate; see repeats,expert_155_down,linear,"{""input"": [256, 2048], ""weight_math"": [2048, 7168], ""weight_storage"": [7168, 2048], ""output"": [256, 7168]}",7516192768,0,{},29360128,1048576,3670016,独立 GEMM：权重与输入各读一次、输出写一次的操作数载荷；不预测 tile 重读。,58
aggregate; see repeats,expert_155_silu_and_product,activation,"{""gate_and_up"": [256, 2048]}",0,1048576,"{""sigmoid"": 524288}",0,2097152,1048576,"SiLU multiply and gated product; sigmoid is a separate primitive, fused logical interface.",58
aggregate; see repeats,expert_156_gate,linear,"{""input"": [256, 7168], ""weight_math"": [7168, 2048], ""weight_storage"": [2048, 7168], ""output"": [256, 2048]}",7516192768,0,{},29360128,3670016,1048576,独立 GEMM：权重与输入各读一次、输出写一次的操作数载荷；不预测 tile 重读。,58
aggregate; see repeats,expert_156_up,linear,"{""input"": [256, 7168], ""weight_math"": [7168, 2048], ""weight_storage"": [2048, 7168], ""output"": [256, 2048]}",7516192768,0,{},29360128,3670016,1048576,独立 GEMM：权重与输入各读一次、输出写一次的操作数载荷；不预测 tile 重读。,58
aggregate; see repeats,expert_156_down,linear,"{""input"": [256, 2048], ""weight_math"": [2048, 7168], ""weight_storage"": [7168, 2048], ""output"": [256, 7168]}",7516192768,0,{},29360128,1048576,3670016,独立 GEMM：权重与输入各读一次、输出写一次的操作数载荷；不预测 tile 重读。,58
aggregate; see repeats,expert_156_silu_and_product,activation,"{""gate_and_up"": [256, 2048]}",0,1048576,"{""sigmoid"": 524288}",0,2097152,1048576,"SiLU multiply and gated product; sigmoid is a separate primitive, fused logical interface.",58
aggregate; see repeats,expert_157_gate,linear,"{""input"": [256, 7168], ""weight_math"": [7168, 2048], ""weight_storage"": [2048, 7168], ""output"": [256, 2048]}",7516192768,0,{},29360128,3670016,1048576,独立 GEMM：权重与输入各读一次、输出写一次的操作数载荷；不预测 tile 重读。,58
aggregate; see repeats,expert_157_up,linear,"{""input"": [256, 7168], ""weight_math"": [7168, 2048], ""weight_storage"": [2048, 7168], ""output"": [256, 2048]}",7516192768,0,{},29360128,3670016,1048576,独立 GEMM：权重与输入各读一次、输出写一次的操作数载荷；不预测 tile 重读。,58
aggregate; see repeats,expert_157_down,linear,"{""input"": [256, 2048], ""weight_math"": [2048, 7168], ""weight_storage"": [7168, 2048], ""output"": [256, 7168]}",7516192768,0,{},29360128,1048576,3670016,独立 GEMM：权重与输入各读一次、输出写一次的操作数载荷；不预测 tile 重读。,58
aggregate; see repeats,expert_157_silu_and_product,activation,"{""gate_and_up"": [256, 2048]}",0,1048576,"{""sigmoid"": 524288}",0,2097152,1048576,"SiLU multiply and gated product; sigmoid is a separate primitive, fused logical interface.",58
aggregate; see repeats,expert_158_gate,linear,"{""input"": [256, 7168], ""weight_math"": [7168, 2048], ""weight_storage"": [2048, 7168], ""output"": [256, 2048]}",7516192768,0,{},29360128,3670016,1048576,独立 GEMM：权重与输入各读一次、输出写一次的操作数载荷；不预测 tile 重读。,58
aggregate; see repeats,expert_158_up,linear,"{""input"": [256, 7168], ""weight_math"": [7168, 2048], ""weight_storage"": [2048, 7168], ""output"": [256, 2048]}",7516192768,0,{},29360128,3670016,1048576,独立 GEMM：权重与输入各读一次、输出写一次的操作数载荷；不预测 tile 重读。,58
aggregate; see repeats,expert_158_down,linear,"{""input"": [256, 2048], ""weight_math"": [2048, 7168], ""weight_storage"": [7168, 2048], ""output"": [256, 7168]}",7516192768,0,{},29360128,1048576,3670016,独立 GEMM：权重与输入各读一次、输出写一次的操作数载荷；不预测 tile 重读。,58
aggregate; see repeats,expert_158_silu_and_product,activation,"{""gate_and_up"": [256, 2048]}",0,1048576,"{""sigmoid"": 524288}",0,2097152,1048576,"SiLU multiply and gated product; sigmoid is a separate primitive, fused logical interface.",58
aggregate; see repeats,expert_159_gate,linear,"{""input"": [256, 7168], ""weight_math"": [7168, 2048], ""weight_storage"": [2048, 7168], ""output"": [256, 2048]}",7516192768,0,{},29360128,3670016,1048576,独立 GEMM：权重与输入各读一次、输出写一次的操作数载荷；不预测 tile 重读。,58
aggregate; see repeats,expert_159_up,linear,"{""input"": [256, 7168], ""weight_math"": [7168, 2048], ""weight_storage"": [2048, 7168], ""output"": [256, 2048]}",7516192768,0,{},29360128,3670016,1048576,独立 GEMM：权重与输入各读一次、输出写一次的操作数载荷；不预测 tile 重读。,58
aggregate; see repeats,expert_159_down,linear,"{""input"": [256, 2048], ""weight_math"": [2048, 7168], ""weight_storage"": [7168, 2048], ""output"": [256, 7168]}",7516192768,0,{},29360128,1048576,3670016,独立 GEMM：权重与输入各读一次、输出写一次的操作数载荷；不预测 tile 重读。,58
aggregate; see repeats,expert_159_silu_and_product,activation,"{""gate_and_up"": [256, 2048]}",0,1048576,"{""sigmoid"": 524288}",0,2097152,1048576,"SiLU multiply and gated product; sigmoid is a separate primitive, fused logical interface.",58
aggregate; see repeats,expert_160_gate,linear,"{""input"": [256, 7168], ""weight_math"": [7168, 2048], ""weight_storage"": [2048, 7168], ""output"": [256, 2048]}",7516192768,0,{},29360128,3670016,1048576,独立 GEMM：权重与输入各读一次、输出写一次的操作数载荷；不预测 tile 重读。,58
aggregate; see repeats,expert_160_up,linear,"{""input"": [256, 7168], ""weight_math"": [7168, 2048], ""weight_storage"": [2048, 7168], ""output"": [256, 2048]}",7516192768,0,{},29360128,3670016,1048576,独立 GEMM：权重与输入各读一次、输出写一次的操作数载荷；不预测 tile 重读。,58
aggregate; see repeats,expert_160_down,linear,"{""input"": [256, 2048], ""weight_math"": [2048, 7168], ""weight_storage"": [7168, 2048], ""output"": [256, 7168]}",7516192768,0,{},29360128,1048576,3670016,独立 GEMM：权重与输入各读一次、输出写一次的操作数载荷；不预测 tile 重读。,58
aggregate; see repeats,expert_160_silu_and_product,activation,"{""gate_and_up"": [256, 2048]}",0,1048576,"{""sigmoid"": 524288}",0,2097152,1048576,"SiLU multiply and gated product; sigmoid is a separate primitive, fused logical interface.",58
aggregate; see repeats,expert_161_gate,linear,"{""input"": [256, 7168], ""weight_math"": [7168, 2048], ""weight_storage"": [2048, 7168], ""output"": [256, 2048]}",7516192768,0,{},29360128,3670016,1048576,独立 GEMM：权重与输入各读一次、输出写一次的操作数载荷；不预测 tile 重读。,58
aggregate; see repeats,expert_161_up,linear,"{""input"": [256, 7168], ""weight_math"": [7168, 2048], ""weight_storage"": [2048, 7168], ""output"": [256, 2048]}",7516192768,0,{},29360128,3670016,1048576,独立 GEMM：权重与输入各读一次、输出写一次的操作数载荷；不预测 tile 重读。,58
aggregate; see repeats,expert_161_down,linear,"{""input"": [256, 2048], ""weight_math"": [2048, 7168], ""weight_storage"": [7168, 2048], ""output"": [256, 7168]}",7516192768,0,{},29360128,1048576,3670016,独立 GEMM：权重与输入各读一次、输出写一次的操作数载荷；不预测 tile 重读。,58
aggregate; see repeats,expert_161_silu_and_product,activation,"{""gate_and_up"": [256, 2048]}",0,1048576,"{""sigmoid"": 524288}",0,2097152,1048576,"SiLU multiply and gated product; sigmoid is a separate primitive, fused logical interface.",58
aggregate; see repeats,expert_162_gate,linear,"{""input"": [256, 7168], ""weight_math"": [7168, 2048], ""weight_storage"": [2048, 7168], ""output"": [256, 2048]}",7516192768,0,{},29360128,3670016,1048576,独立 GEMM：权重与输入各读一次、输出写一次的操作数载荷；不预测 tile 重读。,58
aggregate; see repeats,expert_162_up,linear,"{""input"": [256, 7168], ""weight_math"": [7168, 2048], ""weight_storage"": [2048, 7168], ""output"": [256, 2048]}",7516192768,0,{},29360128,3670016,1048576,独立 GEMM：权重与输入各读一次、输出写一次的操作数载荷；不预测 tile 重读。,58
aggregate; see repeats,expert_162_down,linear,"{""input"": [256, 2048], ""weight_math"": [2048, 7168], ""weight_storage"": [7168, 2048], ""output"": [256, 7168]}",7516192768,0,{},29360128,1048576,3670016,独立 GEMM：权重与输入各读一次、输出写一次的操作数载荷；不预测 tile 重读。,58
aggregate; see repeats,expert_162_silu_and_product,activation,"{""gate_and_up"": [256, 2048]}",0,1048576,"{""sigmoid"": 524288}",0,2097152,1048576,"SiLU multiply and gated product; sigmoid is a separate primitive, fused logical interface.",58
aggregate; see repeats,expert_163_gate,linear,"{""input"": [256, 7168], ""weight_math"": [7168, 2048], ""weight_storage"": [2048, 7168], ""output"": [256, 2048]}",7516192768,0,{},29360128,3670016,1048576,独立 GEMM：权重与输入各读一次、输出写一次的操作数载荷；不预测 tile 重读。,58
aggregate; see repeats,expert_163_up,linear,"{""input"": [256, 7168], ""weight_math"": [7168, 2048], ""weight_storage"": [2048, 7168], ""output"": [256, 2048]}",7516192768,0,{},29360128,3670016,1048576,独立 GEMM：权重与输入各读一次、输出写一次的操作数载荷；不预测 tile 重读。,58
aggregate; see repeats,expert_163_down,linear,"{""input"": [256, 2048], ""weight_math"": [2048, 7168], ""weight_storage"": [7168, 2048], ""output"": [256, 7168]}",7516192768,0,{},29360128,1048576,3670016,独立 GEMM：权重与输入各读一次、输出写一次的操作数载荷；不预测 tile 重读。,58
aggregate; see repeats,expert_163_silu_and_product,activation,"{""gate_and_up"": [256, 2048]}",0,1048576,"{""sigmoid"": 524288}",0,2097152,1048576,"SiLU multiply and gated product; sigmoid is a separate primitive, fused logical interface.",58
aggregate; see repeats,expert_164_gate,linear,"{""input"": [256, 7168], ""weight_math"": [7168, 2048], ""weight_storage"": [2048, 7168], ""output"": [256, 2048]}",7516192768,0,{},29360128,3670016,1048576,独立 GEMM：权重与输入各读一次、输出写一次的操作数载荷；不预测 tile 重读。,58
aggregate; see repeats,expert_164_up,linear,"{""input"": [256, 7168], ""weight_math"": [7168, 2048], ""weight_storage"": [2048, 7168], ""output"": [256, 2048]}",7516192768,0,{},29360128,3670016,1048576,独立 GEMM：权重与输入各读一次、输出写一次的操作数载荷；不预测 tile 重读。,58
aggregate; see repeats,expert_164_down,linear,"{""input"": [256, 2048], ""weight_math"": [2048, 7168], ""weight_storage"": [7168, 2048], ""output"": [256, 7168]}",7516192768,0,{},29360128,1048576,3670016,独立 GEMM：权重与输入各读一次、输出写一次的操作数载荷；不预测 tile 重读。,58
aggregate; see repeats,expert_164_silu_and_product,activation,"{""gate_and_up"": [256, 2048]}",0,1048576,"{""sigmoid"": 524288}",0,2097152,1048576,"SiLU multiply and gated product; sigmoid is a separate primitive, fused logical interface.",58
aggregate; see repeats,expert_165_gate,linear,"{""input"": [256, 7168], ""weight_math"": [7168, 2048], ""weight_storage"": [2048, 7168], ""output"": [256, 2048]}",7516192768,0,{},29360128,3670016,1048576,独立 GEMM：权重与输入各读一次、输出写一次的操作数载荷；不预测 tile 重读。,58
aggregate; see repeats,expert_165_up,linear,"{""input"": [256, 7168], ""weight_math"": [7168, 2048], ""weight_storage"": [2048, 7168], ""output"": [256, 2048]}",7516192768,0,{},29360128,3670016,1048576,独立 GEMM：权重与输入各读一次、输出写一次的操作数载荷；不预测 tile 重读。,58
aggregate; see repeats,expert_165_down,linear,"{""input"": [256, 2048], ""weight_math"": [2048, 7168], ""weight_storage"": [7168, 2048], ""output"": [256, 7168]}",7516192768,0,{},29360128,1048576,3670016,独立 GEMM：权重与输入各读一次、输出写一次的操作数载荷；不预测 tile 重读。,58
aggregate; see repeats,expert_165_silu_and_product,activation,"{""gate_and_up"": [256, 2048]}",0,1048576,"{""sigmoid"": 524288}",0,2097152,1048576,"SiLU multiply and gated product; sigmoid is a separate primitive, fused logical interface.",58
aggregate; see repeats,expert_166_gate,linear,"{""input"": [256, 7168], ""weight_math"": [7168, 2048], ""weight_storage"": [2048, 7168], ""output"": [256, 2048]}",7516192768,0,{},29360128,3670016,1048576,独立 GEMM：权重与输入各读一次、输出写一次的操作数载荷；不预测 tile 重读。,58
aggregate; see repeats,expert_166_up,linear,"{""input"": [256, 7168], ""weight_math"": [7168, 2048], ""weight_storage"": [2048, 7168], ""output"": [256, 2048]}",7516192768,0,{},29360128,3670016,1048576,独立 GEMM：权重与输入各读一次、输出写一次的操作数载荷；不预测 tile 重读。,58
aggregate; see repeats,expert_166_down,linear,"{""input"": [256, 2048], ""weight_math"": [2048, 7168], ""weight_storage"": [7168, 2048], ""output"": [256, 7168]}",7516192768,0,{},29360128,1048576,3670016,独立 GEMM：权重与输入各读一次、输出写一次的操作数载荷；不预测 tile 重读。,58
aggregate; see repeats,expert_166_silu_and_product,activation,"{""gate_and_up"": [256, 2048]}",0,1048576,"{""sigmoid"": 524288}",0,2097152,1048576,"SiLU multiply and gated product; sigmoid is a separate primitive, fused logical interface.",58
aggregate; see repeats,expert_167_gate,linear,"{""input"": [256, 7168], ""weight_math"": [7168, 2048], ""weight_storage"": [2048, 7168], ""output"": [256, 2048]}",7516192768,0,{},29360128,3670016,1048576,独立 GEMM：权重与输入各读一次、输出写一次的操作数载荷；不预测 tile 重读。,58
aggregate; see repeats,expert_167_up,linear,"{""input"": [256, 7168], ""weight_math"": [7168, 2048], ""weight_storage"": [2048, 7168], ""output"": [256, 2048]}",7516192768,0,{},29360128,3670016,1048576,独立 GEMM：权重与输入各读一次、输出写一次的操作数载荷；不预测 tile 重读。,58
aggregate; see repeats,expert_167_down,linear,"{""input"": [256, 2048], ""weight_math"": [2048, 7168], ""weight_storage"": [7168, 2048], ""output"": [256, 7168]}",7516192768,0,{},29360128,1048576,3670016,独立 GEMM：权重与输入各读一次、输出写一次的操作数载荷；不预测 tile 重读。,58
aggregate; see repeats,expert_167_silu_and_product,activation,"{""gate_and_up"": [256, 2048]}",0,1048576,"{""sigmoid"": 524288}",0,2097152,1048576,"SiLU multiply and gated product; sigmoid is a separate primitive, fused logical interface.",58
aggregate; see repeats,expert_168_gate,linear,"{""input"": [256, 7168], ""weight_math"": [7168, 2048], ""weight_storage"": [2048, 7168], ""output"": [256, 2048]}",7516192768,0,{},29360128,3670016,1048576,独立 GEMM：权重与输入各读一次、输出写一次的操作数载荷；不预测 tile 重读。,58
aggregate; see repeats,expert_168_up,linear,"{""input"": [256, 7168], ""weight_math"": [7168, 2048], ""weight_storage"": [2048, 7168], ""output"": [256, 2048]}",7516192768,0,{},29360128,3670016,1048576,独立 GEMM：权重与输入各读一次、输出写一次的操作数载荷；不预测 tile 重读。,58
aggregate; see repeats,expert_168_down,linear,"{""input"": [256, 2048], ""weight_math"": [2048, 7168], ""weight_storage"": [7168, 2048], ""output"": [256, 7168]}",7516192768,0,{},29360128,1048576,3670016,独立 GEMM：权重与输入各读一次、输出写一次的操作数载荷；不预测 tile 重读。,58
aggregate; see repeats,expert_168_silu_and_product,activation,"{""gate_and_up"": [256, 2048]}",0,1048576,"{""sigmoid"": 524288}",0,2097152,1048576,"SiLU multiply and gated product; sigmoid is a separate primitive, fused logical interface.",58
aggregate; see repeats,expert_169_gate,linear,"{""input"": [256, 7168], ""weight_math"": [7168, 2048], ""weight_storage"": [2048, 7168], ""output"": [256, 2048]}",7516192768,0,{},29360128,3670016,1048576,独立 GEMM：权重与输入各读一次、输出写一次的操作数载荷；不预测 tile 重读。,58
aggregate; see repeats,expert_169_up,linear,"{""input"": [256, 7168], ""weight_math"": [7168, 2048], ""weight_storage"": [2048, 7168], ""output"": [256, 2048]}",7516192768,0,{},29360128,3670016,1048576,独立 GEMM：权重与输入各读一次、输出写一次的操作数载荷；不预测 tile 重读。,58
aggregate; see repeats,expert_169_down,linear,"{""input"": [256, 2048], ""weight_math"": [2048, 7168], ""weight_storage"": [7168, 2048], ""output"": [256, 7168]}",7516192768,0,{},29360128,1048576,3670016,独立 GEMM：权重与输入各读一次、输出写一次的操作数载荷；不预测 tile 重读。,58
aggregate; see repeats,expert_169_silu_and_product,activation,"{""gate_and_up"": [256, 2048]}",0,1048576,"{""sigmoid"": 524288}",0,2097152,1048576,"SiLU multiply and gated product; sigmoid is a separate primitive, fused logical interface.",58
aggregate; see repeats,expert_170_gate,linear,"{""input"": [256, 7168], ""weight_math"": [7168, 2048], ""weight_storage"": [2048, 7168], ""output"": [256, 2048]}",7516192768,0,{},29360128,3670016,1048576,独立 GEMM：权重与输入各读一次、输出写一次的操作数载荷；不预测 tile 重读。,58
aggregate; see repeats,expert_170_up,linear,"{""input"": [256, 7168], ""weight_math"": [7168, 2048], ""weight_storage"": [2048, 7168], ""output"": [256, 2048]}",7516192768,0,{},29360128,3670016,1048576,独立 GEMM：权重与输入各读一次、输出写一次的操作数载荷；不预测 tile 重读。,58
aggregate; see repeats,expert_170_down,linear,"{""input"": [256, 2048], ""weight_math"": [2048, 7168], ""weight_storage"": [7168, 2048], ""output"": [256, 7168]}",7516192768,0,{},29360128,1048576,3670016,独立 GEMM：权重与输入各读一次、输出写一次的操作数载荷；不预测 tile 重读。,58
aggregate; see repeats,expert_170_silu_and_product,activation,"{""gate_and_up"": [256, 2048]}",0,1048576,"{""sigmoid"": 524288}",0,2097152,1048576,"SiLU multiply and gated product; sigmoid is a separate primitive, fused logical interface.",58
aggregate; see repeats,expert_171_gate,linear,"{""input"": [256, 7168], ""weight_math"": [7168, 2048], ""weight_storage"": [2048, 7168], ""output"": [256, 2048]}",7516192768,0,{},29360128,3670016,1048576,独立 GEMM：权重与输入各读一次、输出写一次的操作数载荷；不预测 tile 重读。,58
aggregate; see repeats,expert_171_up,linear,"{""input"": [256, 7168], ""weight_math"": [7168, 2048], ""weight_storage"": [2048, 7168], ""output"": [256, 2048]}",7516192768,0,{},29360128,3670016,1048576,独立 GEMM：权重与输入各读一次、输出写一次的操作数载荷；不预测 tile 重读。,58
aggregate; see repeats,expert_171_down,linear,"{""input"": [256, 2048], ""weight_math"": [2048, 7168], ""weight_storage"": [7168, 2048], ""output"": [256, 7168]}",7516192768,0,{},29360128,1048576,3670016,独立 GEMM：权重与输入各读一次、输出写一次的操作数载荷；不预测 tile 重读。,58
aggregate; see repeats,expert_171_silu_and_product,activation,"{""gate_and_up"": [256, 2048]}",0,1048576,"{""sigmoid"": 524288}",0,2097152,1048576,"SiLU multiply and gated product; sigmoid is a separate primitive, fused logical interface.",58
aggregate; see repeats,expert_172_gate,linear,"{""input"": [256, 7168], ""weight_math"": [7168, 2048], ""weight_storage"": [2048, 7168], ""output"": [256, 2048]}",7516192768,0,{},29360128,3670016,1048576,独立 GEMM：权重与输入各读一次、输出写一次的操作数载荷；不预测 tile 重读。,58
aggregate; see repeats,expert_172_up,linear,"{""input"": [256, 7168], ""weight_math"": [7168, 2048], ""weight_storage"": [2048, 7168], ""output"": [256, 2048]}",7516192768,0,{},29360128,3670016,1048576,独立 GEMM：权重与输入各读一次、输出写一次的操作数载荷；不预测 tile 重读。,58
aggregate; see repeats,expert_172_down,linear,"{""input"": [256, 2048], ""weight_math"": [2048, 7168], ""weight_storage"": [7168, 2048], ""output"": [256, 7168]}",7516192768,0,{},29360128,1048576,3670016,独立 GEMM：权重与输入各读一次、输出写一次的操作数载荷；不预测 tile 重读。,58
aggregate; see repeats,expert_172_silu_and_product,activation,"{""gate_and_up"": [256, 2048]}",0,1048576,"{""sigmoid"": 524288}",0,2097152,1048576,"SiLU multiply and gated product; sigmoid is a separate primitive, fused logical interface.",58
aggregate; see repeats,expert_173_gate,linear,"{""input"": [256, 7168], ""weight_math"": [7168, 2048], ""weight_storage"": [2048, 7168], ""output"": [256, 2048]}",7516192768,0,{},29360128,3670016,1048576,独立 GEMM：权重与输入各读一次、输出写一次的操作数载荷；不预测 tile 重读。,58
aggregate; see repeats,expert_173_up,linear,"{""input"": [256, 7168], ""weight_math"": [7168, 2048], ""weight_storage"": [2048, 7168], ""output"": [256, 2048]}",7516192768,0,{},29360128,3670016,1048576,独立 GEMM：权重与输入各读一次、输出写一次的操作数载荷；不预测 tile 重读。,58
aggregate; see repeats,expert_173_down,linear,"{""input"": [256, 2048], ""weight_math"": [2048, 7168], ""weight_storage"": [7168, 2048], ""output"": [256, 7168]}",7516192768,0,{},29360128,1048576,3670016,独立 GEMM：权重与输入各读一次、输出写一次的操作数载荷；不预测 tile 重读。,58
aggregate; see repeats,expert_173_silu_and_product,activation,"{""gate_and_up"": [256, 2048]}",0,1048576,"{""sigmoid"": 524288}",0,2097152,1048576,"SiLU multiply and gated product; sigmoid is a separate primitive, fused logical interface.",58
aggregate; see repeats,expert_174_gate,linear,"{""input"": [256, 7168], ""weight_math"": [7168, 2048], ""weight_storage"": [2048, 7168], ""output"": [256, 2048]}",7516192768,0,{},29360128,3670016,1048576,独立 GEMM：权重与输入各读一次、输出写一次的操作数载荷；不预测 tile 重读。,58
aggregate; see repeats,expert_174_up,linear,"{""input"": [256, 7168], ""weight_math"": [7168, 2048], ""weight_storage"": [2048, 7168], ""output"": [256, 2048]}",7516192768,0,{},29360128,3670016,1048576,独立 GEMM：权重与输入各读一次、输出写一次的操作数载荷；不预测 tile 重读。,58
aggregate; see repeats,expert_174_down,linear,"{""input"": [256, 2048], ""weight_math"": [2048, 7168], ""weight_storage"": [7168, 2048], ""output"": [256, 7168]}",7516192768,0,{},29360128,1048576,3670016,独立 GEMM：权重与输入各读一次、输出写一次的操作数载荷；不预测 tile 重读。,58
aggregate; see repeats,expert_174_silu_and_product,activation,"{""gate_and_up"": [256, 2048]}",0,1048576,"{""sigmoid"": 524288}",0,2097152,1048576,"SiLU multiply and gated product; sigmoid is a separate primitive, fused logical interface.",58
aggregate; see repeats,expert_175_gate,linear,"{""input"": [256, 7168], ""weight_math"": [7168, 2048], ""weight_storage"": [2048, 7168], ""output"": [256, 2048]}",7516192768,0,{},29360128,3670016,1048576,独立 GEMM：权重与输入各读一次、输出写一次的操作数载荷；不预测 tile 重读。,58
aggregate; see repeats,expert_175_up,linear,"{""input"": [256, 7168], ""weight_math"": [7168, 2048], ""weight_storage"": [2048, 7168], ""output"": [256, 2048]}",7516192768,0,{},29360128,3670016,1048576,独立 GEMM：权重与输入各读一次、输出写一次的操作数载荷；不预测 tile 重读。,58
aggregate; see repeats,expert_175_down,linear,"{""input"": [256, 2048], ""weight_math"": [2048, 7168], ""weight_storage"": [7168, 2048], ""output"": [256, 7168]}",7516192768,0,{},29360128,1048576,3670016,独立 GEMM：权重与输入各读一次、输出写一次的操作数载荷；不预测 tile 重读。,58
aggregate; see repeats,expert_175_silu_and_product,activation,"{""gate_and_up"": [256, 2048]}",0,1048576,"{""sigmoid"": 524288}",0,2097152,1048576,"SiLU multiply and gated product; sigmoid is a separate primitive, fused logical interface.",58
aggregate; see repeats,expert_176_gate,linear,"{""input"": [256, 7168], ""weight_math"": [7168, 2048], ""weight_storage"": [2048, 7168], ""output"": [256, 2048]}",7516192768,0,{},29360128,3670016,1048576,独立 GEMM：权重与输入各读一次、输出写一次的操作数载荷；不预测 tile 重读。,58
aggregate; see repeats,expert_176_up,linear,"{""input"": [256, 7168], ""weight_math"": [7168, 2048], ""weight_storage"": [2048, 7168], ""output"": [256, 2048]}",7516192768,0,{},29360128,3670016,1048576,独立 GEMM：权重与输入各读一次、输出写一次的操作数载荷；不预测 tile 重读。,58
aggregate; see repeats,expert_176_down,linear,"{""input"": [256, 2048], ""weight_math"": [2048, 7168], ""weight_storage"": [7168, 2048], ""output"": [256, 7168]}",7516192768,0,{},29360128,1048576,3670016,独立 GEMM：权重与输入各读一次、输出写一次的操作数载荷；不预测 tile 重读。,58
aggregate; see repeats,expert_176_silu_and_product,activation,"{""gate_and_up"": [256, 2048]}",0,1048576,"{""sigmoid"": 524288}",0,2097152,1048576,"SiLU multiply and gated product; sigmoid is a separate primitive, fused logical interface.",58
aggregate; see repeats,expert_177_gate,linear,"{""input"": [256, 7168], ""weight_math"": [7168, 2048], ""weight_storage"": [2048, 7168], ""output"": [256, 2048]}",7516192768,0,{},29360128,3670016,1048576,独立 GEMM：权重与输入各读一次、输出写一次的操作数载荷；不预测 tile 重读。,58
aggregate; see repeats,expert_177_up,linear,"{""input"": [256, 7168], ""weight_math"": [7168, 2048], ""weight_storage"": [2048, 7168], ""output"": [256, 2048]}",7516192768,0,{},29360128,3670016,1048576,独立 GEMM：权重与输入各读一次、输出写一次的操作数载荷；不预测 tile 重读。,58
aggregate; see repeats,expert_177_down,linear,"{""input"": [256, 2048], ""weight_math"": [2048, 7168], ""weight_storage"": [7168, 2048], ""output"": [256, 7168]}",7516192768,0,{},29360128,1048576,3670016,独立 GEMM：权重与输入各读一次、输出写一次的操作数载荷；不预测 tile 重读。,58
aggregate; see repeats,expert_177_silu_and_product,activation,"{""gate_and_up"": [256, 2048]}",0,1048576,"{""sigmoid"": 524288}",0,2097152,1048576,"SiLU multiply and gated product; sigmoid is a separate primitive, fused logical interface.",58
aggregate; see repeats,expert_178_gate,linear,"{""input"": [256, 7168], ""weight_math"": [7168, 2048], ""weight_storage"": [2048, 7168], ""output"": [256, 2048]}",7516192768,0,{},29360128,3670016,1048576,独立 GEMM：权重与输入各读一次、输出写一次的操作数载荷；不预测 tile 重读。,58
aggregate; see repeats,expert_178_up,linear,"{""input"": [256, 7168], ""weight_math"": [7168, 2048], ""weight_storage"": [2048, 7168], ""output"": [256, 2048]}",7516192768,0,{},29360128,3670016,1048576,独立 GEMM：权重与输入各读一次、输出写一次的操作数载荷；不预测 tile 重读。,58
aggregate; see repeats,expert_178_down,linear,"{""input"": [256, 2048], ""weight_math"": [2048, 7168], ""weight_storage"": [7168, 2048], ""output"": [256, 7168]}",7516192768,0,{},29360128,1048576,3670016,独立 GEMM：权重与输入各读一次、输出写一次的操作数载荷；不预测 tile 重读。,58
aggregate; see repeats,expert_178_silu_and_product,activation,"{""gate_and_up"": [256, 2048]}",0,1048576,"{""sigmoid"": 524288}",0,2097152,1048576,"SiLU multiply and gated product; sigmoid is a separate primitive, fused logical interface.",58
aggregate; see repeats,expert_179_gate,linear,"{""input"": [256, 7168], ""weight_math"": [7168, 2048], ""weight_storage"": [2048, 7168], ""output"": [256, 2048]}",7516192768,0,{},29360128,3670016,1048576,独立 GEMM：权重与输入各读一次、输出写一次的操作数载荷；不预测 tile 重读。,58
aggregate; see repeats,expert_179_up,linear,"{""input"": [256, 7168], ""weight_math"": [7168, 2048], ""weight_storage"": [2048, 7168], ""output"": [256, 2048]}",7516192768,0,{},29360128,3670016,1048576,独立 GEMM：权重与输入各读一次、输出写一次的操作数载荷；不预测 tile 重读。,58
aggregate; see repeats,expert_179_down,linear,"{""input"": [256, 2048], ""weight_math"": [2048, 7168], ""weight_storage"": [7168, 2048], ""output"": [256, 7168]}",7516192768,0,{},29360128,1048576,3670016,独立 GEMM：权重与输入各读一次、输出写一次的操作数载荷；不预测 tile 重读。,58
aggregate; see repeats,expert_179_silu_and_product,activation,"{""gate_and_up"": [256, 2048]}",0,1048576,"{""sigmoid"": 524288}",0,2097152,1048576,"SiLU multiply and gated product; sigmoid is a separate primitive, fused logical interface.",58
aggregate; see repeats,expert_180_gate,linear,"{""input"": [256, 7168], ""weight_math"": [7168, 2048], ""weight_storage"": [2048, 7168], ""output"": [256, 2048]}",7516192768,0,{},29360128,3670016,1048576,独立 GEMM：权重与输入各读一次、输出写一次的操作数载荷；不预测 tile 重读。,58
aggregate; see repeats,expert_180_up,linear,"{""input"": [256, 7168], ""weight_math"": [7168, 2048], ""weight_storage"": [2048, 7168], ""output"": [256, 2048]}",7516192768,0,{},29360128,3670016,1048576,独立 GEMM：权重与输入各读一次、输出写一次的操作数载荷；不预测 tile 重读。,58
aggregate; see repeats,expert_180_down,linear,"{""input"": [256, 2048], ""weight_math"": [2048, 7168], ""weight_storage"": [7168, 2048], ""output"": [256, 7168]}",7516192768,0,{},29360128,1048576,3670016,独立 GEMM：权重与输入各读一次、输出写一次的操作数载荷；不预测 tile 重读。,58
aggregate; see repeats,expert_180_silu_and_product,activation,"{""gate_and_up"": [256, 2048]}",0,1048576,"{""sigmoid"": 524288}",0,2097152,1048576,"SiLU multiply and gated product; sigmoid is a separate primitive, fused logical interface.",58
aggregate; see repeats,expert_181_gate,linear,"{""input"": [256, 7168], ""weight_math"": [7168, 2048], ""weight_storage"": [2048, 7168], ""output"": [256, 2048]}",7516192768,0,{},29360128,3670016,1048576,独立 GEMM：权重与输入各读一次、输出写一次的操作数载荷；不预测 tile 重读。,58
aggregate; see repeats,expert_181_up,linear,"{""input"": [256, 7168], ""weight_math"": [7168, 2048], ""weight_storage"": [2048, 7168], ""output"": [256, 2048]}",7516192768,0,{},29360128,3670016,1048576,独立 GEMM：权重与输入各读一次、输出写一次的操作数载荷；不预测 tile 重读。,58
aggregate; see repeats,expert_181_down,linear,"{""input"": [256, 2048], ""weight_math"": [2048, 7168], ""weight_storage"": [7168, 2048], ""output"": [256, 7168]}",7516192768,0,{},29360128,1048576,3670016,独立 GEMM：权重与输入各读一次、输出写一次的操作数载荷；不预测 tile 重读。,58
aggregate; see repeats,expert_181_silu_and_product,activation,"{""gate_and_up"": [256, 2048]}",0,1048576,"{""sigmoid"": 524288}",0,2097152,1048576,"SiLU multiply and gated product; sigmoid is a separate primitive, fused logical interface.",58
aggregate; see repeats,expert_182_gate,linear,"{""input"": [256, 7168], ""weight_math"": [7168, 2048], ""weight_storage"": [2048, 7168], ""output"": [256, 2048]}",7516192768,0,{},29360128,3670016,1048576,独立 GEMM：权重与输入各读一次、输出写一次的操作数载荷；不预测 tile 重读。,58
aggregate; see repeats,expert_182_up,linear,"{""input"": [256, 7168], ""weight_math"": [7168, 2048], ""weight_storage"": [2048, 7168], ""output"": [256, 2048]}",7516192768,0,{},29360128,3670016,1048576,独立 GEMM：权重与输入各读一次、输出写一次的操作数载荷；不预测 tile 重读。,58
aggregate; see repeats,expert_182_down,linear,"{""input"": [256, 2048], ""weight_math"": [2048, 7168], ""weight_storage"": [7168, 2048], ""output"": [256, 7168]}",7516192768,0,{},29360128,1048576,3670016,独立 GEMM：权重与输入各读一次、输出写一次的操作数载荷；不预测 tile 重读。,58
aggregate; see repeats,expert_182_silu_and_product,activation,"{""gate_and_up"": [256, 2048]}",0,1048576,"{""sigmoid"": 524288}",0,2097152,1048576,"SiLU multiply and gated product; sigmoid is a separate primitive, fused logical interface.",58
aggregate; see repeats,expert_183_gate,linear,"{""input"": [256, 7168], ""weight_math"": [7168, 2048], ""weight_storage"": [2048, 7168], ""output"": [256, 2048]}",7516192768,0,{},29360128,3670016,1048576,独立 GEMM：权重与输入各读一次、输出写一次的操作数载荷；不预测 tile 重读。,58
aggregate; see repeats,expert_183_up,linear,"{""input"": [256, 7168], ""weight_math"": [7168, 2048], ""weight_storage"": [2048, 7168], ""output"": [256, 2048]}",7516192768,0,{},29360128,3670016,1048576,独立 GEMM：权重与输入各读一次、输出写一次的操作数载荷；不预测 tile 重读。,58
aggregate; see repeats,expert_183_down,linear,"{""input"": [256, 2048], ""weight_math"": [2048, 7168], ""weight_storage"": [7168, 2048], ""output"": [256, 7168]}",7516192768,0,{},29360128,1048576,3670016,独立 GEMM：权重与输入各读一次、输出写一次的操作数载荷；不预测 tile 重读。,58
aggregate; see repeats,expert_183_silu_and_product,activation,"{""gate_and_up"": [256, 2048]}",0,1048576,"{""sigmoid"": 524288}",0,2097152,1048576,"SiLU multiply and gated product; sigmoid is a separate primitive, fused logical interface.",58
aggregate; see repeats,expert_184_gate,linear,"{""input"": [256, 7168], ""weight_math"": [7168, 2048], ""weight_storage"": [2048, 7168], ""output"": [256, 2048]}",7516192768,0,{},29360128,3670016,1048576,独立 GEMM：权重与输入各读一次、输出写一次的操作数载荷；不预测 tile 重读。,58
aggregate; see repeats,expert_184_up,linear,"{""input"": [256, 7168], ""weight_math"": [7168, 2048], ""weight_storage"": [2048, 7168], ""output"": [256, 2048]}",7516192768,0,{},29360128,3670016,1048576,独立 GEMM：权重与输入各读一次、输出写一次的操作数载荷；不预测 tile 重读。,58
aggregate; see repeats,expert_184_down,linear,"{""input"": [256, 2048], ""weight_math"": [2048, 7168], ""weight_storage"": [7168, 2048], ""output"": [256, 7168]}",7516192768,0,{},29360128,1048576,3670016,独立 GEMM：权重与输入各读一次、输出写一次的操作数载荷；不预测 tile 重读。,58
aggregate; see repeats,expert_184_silu_and_product,activation,"{""gate_and_up"": [256, 2048]}",0,1048576,"{""sigmoid"": 524288}",0,2097152,1048576,"SiLU multiply and gated product; sigmoid is a separate primitive, fused logical interface.",58
aggregate; see repeats,expert_185_gate,linear,"{""input"": [256, 7168], ""weight_math"": [7168, 2048], ""weight_storage"": [2048, 7168], ""output"": [256, 2048]}",7516192768,0,{},29360128,3670016,1048576,独立 GEMM：权重与输入各读一次、输出写一次的操作数载荷；不预测 tile 重读。,58
aggregate; see repeats,expert_185_up,linear,"{""input"": [256, 7168], ""weight_math"": [7168, 2048], ""weight_storage"": [2048, 7168], ""output"": [256, 2048]}",7516192768,0,{},29360128,3670016,1048576,独立 GEMM：权重与输入各读一次、输出写一次的操作数载荷；不预测 tile 重读。,58
aggregate; see repeats,expert_185_down,linear,"{""input"": [256, 2048], ""weight_math"": [2048, 7168], ""weight_storage"": [7168, 2048], ""output"": [256, 7168]}",7516192768,0,{},29360128,1048576,3670016,独立 GEMM：权重与输入各读一次、输出写一次的操作数载荷；不预测 tile 重读。,58
aggregate; see repeats,expert_185_silu_and_product,activation,"{""gate_and_up"": [256, 2048]}",0,1048576,"{""sigmoid"": 524288}",0,2097152,1048576,"SiLU multiply and gated product; sigmoid is a separate primitive, fused logical interface.",58
aggregate; see repeats,expert_186_gate,linear,"{""input"": [256, 7168], ""weight_math"": [7168, 2048], ""weight_storage"": [2048, 7168], ""output"": [256, 2048]}",7516192768,0,{},29360128,3670016,1048576,独立 GEMM：权重与输入各读一次、输出写一次的操作数载荷；不预测 tile 重读。,58
aggregate; see repeats,expert_186_up,linear,"{""input"": [256, 7168], ""weight_math"": [7168, 2048], ""weight_storage"": [2048, 7168], ""output"": [256, 2048]}",7516192768,0,{},29360128,3670016,1048576,独立 GEMM：权重与输入各读一次、输出写一次的操作数载荷；不预测 tile 重读。,58
aggregate; see repeats,expert_186_down,linear,"{""input"": [256, 2048], ""weight_math"": [2048, 7168], ""weight_storage"": [7168, 2048], ""output"": [256, 7168]}",7516192768,0,{},29360128,1048576,3670016,独立 GEMM：权重与输入各读一次、输出写一次的操作数载荷；不预测 tile 重读。,58
aggregate; see repeats,expert_186_silu_and_product,activation,"{""gate_and_up"": [256, 2048]}",0,1048576,"{""sigmoid"": 524288}",0,2097152,1048576,"SiLU multiply and gated product; sigmoid is a separate primitive, fused logical interface.",58
aggregate; see repeats,expert_187_gate,linear,"{""input"": [256, 7168], ""weight_math"": [7168, 2048], ""weight_storage"": [2048, 7168], ""output"": [256, 2048]}",7516192768,0,{},29360128,3670016,1048576,独立 GEMM：权重与输入各读一次、输出写一次的操作数载荷；不预测 tile 重读。,58
aggregate; see repeats,expert_187_up,linear,"{""input"": [256, 7168], ""weight_math"": [7168, 2048], ""weight_storage"": [2048, 7168], ""output"": [256, 2048]}",7516192768,0,{},29360128,3670016,1048576,独立 GEMM：权重与输入各读一次、输出写一次的操作数载荷；不预测 tile 重读。,58
aggregate; see repeats,expert_187_down,linear,"{""input"": [256, 2048], ""weight_math"": [2048, 7168], ""weight_storage"": [7168, 2048], ""output"": [256, 7168]}",7516192768,0,{},29360128,1048576,3670016,独立 GEMM：权重与输入各读一次、输出写一次的操作数载荷；不预测 tile 重读。,58
aggregate; see repeats,expert_187_silu_and_product,activation,"{""gate_and_up"": [256, 2048]}",0,1048576,"{""sigmoid"": 524288}",0,2097152,1048576,"SiLU multiply and gated product; sigmoid is a separate primitive, fused logical interface.",58
aggregate; see repeats,expert_188_gate,linear,"{""input"": [256, 7168], ""weight_math"": [7168, 2048], ""weight_storage"": [2048, 7168], ""output"": [256, 2048]}",7516192768,0,{},29360128,3670016,1048576,独立 GEMM：权重与输入各读一次、输出写一次的操作数载荷；不预测 tile 重读。,58
aggregate; see repeats,expert_188_up,linear,"{""input"": [256, 7168], ""weight_math"": [7168, 2048], ""weight_storage"": [2048, 7168], ""output"": [256, 2048]}",7516192768,0,{},29360128,3670016,1048576,独立 GEMM：权重与输入各读一次、输出写一次的操作数载荷；不预测 tile 重读。,58
aggregate; see repeats,expert_188_down,linear,"{""input"": [256, 2048], ""weight_math"": [2048, 7168], ""weight_storage"": [7168, 2048], ""output"": [256, 7168]}",7516192768,0,{},29360128,1048576,3670016,独立 GEMM：权重与输入各读一次、输出写一次的操作数载荷；不预测 tile 重读。,58
aggregate; see repeats,expert_188_silu_and_product,activation,"{""gate_and_up"": [256, 2048]}",0,1048576,"{""sigmoid"": 524288}",0,2097152,1048576,"SiLU multiply and gated product; sigmoid is a separate primitive, fused logical interface.",58
aggregate; see repeats,expert_189_gate,linear,"{""input"": [256, 7168], ""weight_math"": [7168, 2048], ""weight_storage"": [2048, 7168], ""output"": [256, 2048]}",7516192768,0,{},29360128,3670016,1048576,独立 GEMM：权重与输入各读一次、输出写一次的操作数载荷；不预测 tile 重读。,58
aggregate; see repeats,expert_189_up,linear,"{""input"": [256, 7168], ""weight_math"": [7168, 2048], ""weight_storage"": [2048, 7168], ""output"": [256, 2048]}",7516192768,0,{},29360128,3670016,1048576,独立 GEMM：权重与输入各读一次、输出写一次的操作数载荷；不预测 tile 重读。,58
aggregate; see repeats,expert_189_down,linear,"{""input"": [256, 2048], ""weight_math"": [2048, 7168], ""weight_storage"": [7168, 2048], ""output"": [256, 7168]}",7516192768,0,{},29360128,1048576,3670016,独立 GEMM：权重与输入各读一次、输出写一次的操作数载荷；不预测 tile 重读。,58
aggregate; see repeats,expert_189_silu_and_product,activation,"{""gate_and_up"": [256, 2048]}",0,1048576,"{""sigmoid"": 524288}",0,2097152,1048576,"SiLU multiply and gated product; sigmoid is a separate primitive, fused logical interface.",58
aggregate; see repeats,expert_190_gate,linear,"{""input"": [256, 7168], ""weight_math"": [7168, 2048], ""weight_storage"": [2048, 7168], ""output"": [256, 2048]}",7516192768,0,{},29360128,3670016,1048576,独立 GEMM：权重与输入各读一次、输出写一次的操作数载荷；不预测 tile 重读。,58
aggregate; see repeats,expert_190_up,linear,"{""input"": [256, 7168], ""weight_math"": [7168, 2048], ""weight_storage"": [2048, 7168], ""output"": [256, 2048]}",7516192768,0,{},29360128,3670016,1048576,独立 GEMM：权重与输入各读一次、输出写一次的操作数载荷；不预测 tile 重读。,58
aggregate; see repeats,expert_190_down,linear,"{""input"": [256, 2048], ""weight_math"": [2048, 7168], ""weight_storage"": [7168, 2048], ""output"": [256, 7168]}",7516192768,0,{},29360128,1048576,3670016,独立 GEMM：权重与输入各读一次、输出写一次的操作数载荷；不预测 tile 重读。,58
aggregate; see repeats,expert_190_silu_and_product,activation,"{""gate_and_up"": [256, 2048]}",0,1048576,"{""sigmoid"": 524288}",0,2097152,1048576,"SiLU multiply and gated product; sigmoid is a separate primitive, fused logical interface.",58
aggregate; see repeats,expert_191_gate,linear,"{""input"": [256, 7168], ""weight_math"": [7168, 2048], ""weight_storage"": [2048, 7168], ""output"": [256, 2048]}",7516192768,0,{},29360128,3670016,1048576,独立 GEMM：权重与输入各读一次、输出写一次的操作数载荷；不预测 tile 重读。,58
aggregate; see repeats,expert_191_up,linear,"{""input"": [256, 7168], ""weight_math"": [7168, 2048], ""weight_storage"": [2048, 7168], ""output"": [256, 2048]}",7516192768,0,{},29360128,3670016,1048576,独立 GEMM：权重与输入各读一次、输出写一次的操作数载荷；不预测 tile 重读。,58
aggregate; see repeats,expert_191_down,linear,"{""input"": [256, 2048], ""weight_math"": [2048, 7168], ""weight_storage"": [7168, 2048], ""output"": [256, 7168]}",7516192768,0,{},29360128,1048576,3670016,独立 GEMM：权重与输入各读一次、输出写一次的操作数载荷；不预测 tile 重读。,58
aggregate; see repeats,expert_191_silu_and_product,activation,"{""gate_and_up"": [256, 2048]}",0,1048576,"{""sigmoid"": 524288}",0,2097152,1048576,"SiLU multiply and gated product; sigmoid is a separate primitive, fused logical interface.",58
aggregate; see repeats,expert_192_gate,linear,"{""input"": [256, 7168], ""weight_math"": [7168, 2048], ""weight_storage"": [2048, 7168], ""output"": [256, 2048]}",7516192768,0,{},29360128,3670016,1048576,独立 GEMM：权重与输入各读一次、输出写一次的操作数载荷；不预测 tile 重读。,58
aggregate; see repeats,expert_192_up,linear,"{""input"": [256, 7168], ""weight_math"": [7168, 2048], ""weight_storage"": [2048, 7168], ""output"": [256, 2048]}",7516192768,0,{},29360128,3670016,1048576,独立 GEMM：权重与输入各读一次、输出写一次的操作数载荷；不预测 tile 重读。,58
aggregate; see repeats,expert_192_down,linear,"{""input"": [256, 2048], ""weight_math"": [2048, 7168], ""weight_storage"": [7168, 2048], ""output"": [256, 7168]}",7516192768,0,{},29360128,1048576,3670016,独立 GEMM：权重与输入各读一次、输出写一次的操作数载荷；不预测 tile 重读。,58
aggregate; see repeats,expert_192_silu_and_product,activation,"{""gate_and_up"": [256, 2048]}",0,1048576,"{""sigmoid"": 524288}",0,2097152,1048576,"SiLU multiply and gated product; sigmoid is a separate primitive, fused logical interface.",58
aggregate; see repeats,expert_193_gate,linear,"{""input"": [256, 7168], ""weight_math"": [7168, 2048], ""weight_storage"": [2048, 7168], ""output"": [256, 2048]}",7516192768,0,{},29360128,3670016,1048576,独立 GEMM：权重与输入各读一次、输出写一次的操作数载荷；不预测 tile 重读。,58
aggregate; see repeats,expert_193_up,linear,"{""input"": [256, 7168], ""weight_math"": [7168, 2048], ""weight_storage"": [2048, 7168], ""output"": [256, 2048]}",7516192768,0,{},29360128,3670016,1048576,独立 GEMM：权重与输入各读一次、输出写一次的操作数载荷；不预测 tile 重读。,58
aggregate; see repeats,expert_193_down,linear,"{""input"": [256, 2048], ""weight_math"": [2048, 7168], ""weight_storage"": [7168, 2048], ""output"": [256, 7168]}",7516192768,0,{},29360128,1048576,3670016,独立 GEMM：权重与输入各读一次、输出写一次的操作数载荷；不预测 tile 重读。,58
aggregate; see repeats,expert_193_silu_and_product,activation,"{""gate_and_up"": [256, 2048]}",0,1048576,"{""sigmoid"": 524288}",0,2097152,1048576,"SiLU multiply and gated product; sigmoid is a separate primitive, fused logical interface.",58
aggregate; see repeats,expert_194_gate,linear,"{""input"": [256, 7168], ""weight_math"": [7168, 2048], ""weight_storage"": [2048, 7168], ""output"": [256, 2048]}",7516192768,0,{},29360128,3670016,1048576,独立 GEMM：权重与输入各读一次、输出写一次的操作数载荷；不预测 tile 重读。,58
aggregate; see repeats,expert_194_up,linear,"{""input"": [256, 7168], ""weight_math"": [7168, 2048], ""weight_storage"": [2048, 7168], ""output"": [256, 2048]}",7516192768,0,{},29360128,3670016,1048576,独立 GEMM：权重与输入各读一次、输出写一次的操作数载荷；不预测 tile 重读。,58
aggregate; see repeats,expert_194_down,linear,"{""input"": [256, 2048], ""weight_math"": [2048, 7168], ""weight_storage"": [7168, 2048], ""output"": [256, 7168]}",7516192768,0,{},29360128,1048576,3670016,独立 GEMM：权重与输入各读一次、输出写一次的操作数载荷；不预测 tile 重读。,58
aggregate; see repeats,expert_194_silu_and_product,activation,"{""gate_and_up"": [256, 2048]}",0,1048576,"{""sigmoid"": 524288}",0,2097152,1048576,"SiLU multiply and gated product; sigmoid is a separate primitive, fused logical interface.",58
aggregate; see repeats,expert_195_gate,linear,"{""input"": [256, 7168], ""weight_math"": [7168, 2048], ""weight_storage"": [2048, 7168], ""output"": [256, 2048]}",7516192768,0,{},29360128,3670016,1048576,独立 GEMM：权重与输入各读一次、输出写一次的操作数载荷；不预测 tile 重读。,58
aggregate; see repeats,expert_195_up,linear,"{""input"": [256, 7168], ""weight_math"": [7168, 2048], ""weight_storage"": [2048, 7168], ""output"": [256, 2048]}",7516192768,0,{},29360128,3670016,1048576,独立 GEMM：权重与输入各读一次、输出写一次的操作数载荷；不预测 tile 重读。,58
aggregate; see repeats,expert_195_down,linear,"{""input"": [256, 2048], ""weight_math"": [2048, 7168], ""weight_storage"": [7168, 2048], ""output"": [256, 7168]}",7516192768,0,{},29360128,1048576,3670016,独立 GEMM：权重与输入各读一次、输出写一次的操作数载荷；不预测 tile 重读。,58
aggregate; see repeats,expert_195_silu_and_product,activation,"{""gate_and_up"": [256, 2048]}",0,1048576,"{""sigmoid"": 524288}",0,2097152,1048576,"SiLU multiply and gated product; sigmoid is a separate primitive, fused logical interface.",58
aggregate; see repeats,expert_196_gate,linear,"{""input"": [256, 7168], ""weight_math"": [7168, 2048], ""weight_storage"": [2048, 7168], ""output"": [256, 2048]}",7516192768,0,{},29360128,3670016,1048576,独立 GEMM：权重与输入各读一次、输出写一次的操作数载荷；不预测 tile 重读。,58
aggregate; see repeats,expert_196_up,linear,"{""input"": [256, 7168], ""weight_math"": [7168, 2048], ""weight_storage"": [2048, 7168], ""output"": [256, 2048]}",7516192768,0,{},29360128,3670016,1048576,独立 GEMM：权重与输入各读一次、输出写一次的操作数载荷；不预测 tile 重读。,58
aggregate; see repeats,expert_196_down,linear,"{""input"": [256, 2048], ""weight_math"": [2048, 7168], ""weight_storage"": [7168, 2048], ""output"": [256, 7168]}",7516192768,0,{},29360128,1048576,3670016,独立 GEMM：权重与输入各读一次、输出写一次的操作数载荷；不预测 tile 重读。,58
aggregate; see repeats,expert_196_silu_and_product,activation,"{""gate_and_up"": [256, 2048]}",0,1048576,"{""sigmoid"": 524288}",0,2097152,1048576,"SiLU multiply and gated product; sigmoid is a separate primitive, fused logical interface.",58
aggregate; see repeats,expert_197_gate,linear,"{""input"": [256, 7168], ""weight_math"": [7168, 2048], ""weight_storage"": [2048, 7168], ""output"": [256, 2048]}",7516192768,0,{},29360128,3670016,1048576,独立 GEMM：权重与输入各读一次、输出写一次的操作数载荷；不预测 tile 重读。,58
aggregate; see repeats,expert_197_up,linear,"{""input"": [256, 7168], ""weight_math"": [7168, 2048], ""weight_storage"": [2048, 7168], ""output"": [256, 2048]}",7516192768,0,{},29360128,3670016,1048576,独立 GEMM：权重与输入各读一次、输出写一次的操作数载荷；不预测 tile 重读。,58
aggregate; see repeats,expert_197_down,linear,"{""input"": [256, 2048], ""weight_math"": [2048, 7168], ""weight_storage"": [7168, 2048], ""output"": [256, 7168]}",7516192768,0,{},29360128,1048576,3670016,独立 GEMM：权重与输入各读一次、输出写一次的操作数载荷；不预测 tile 重读。,58
aggregate; see repeats,expert_197_silu_and_product,activation,"{""gate_and_up"": [256, 2048]}",0,1048576,"{""sigmoid"": 524288}",0,2097152,1048576,"SiLU multiply and gated product; sigmoid is a separate primitive, fused logical interface.",58
aggregate; see repeats,expert_198_gate,linear,"{""input"": [256, 7168], ""weight_math"": [7168, 2048], ""weight_storage"": [2048, 7168], ""output"": [256, 2048]}",7516192768,0,{},29360128,3670016,1048576,独立 GEMM：权重与输入各读一次、输出写一次的操作数载荷；不预测 tile 重读。,58
aggregate; see repeats,expert_198_up,linear,"{""input"": [256, 7168], ""weight_math"": [7168, 2048], ""weight_storage"": [2048, 7168], ""output"": [256, 2048]}",7516192768,0,{},29360128,3670016,1048576,独立 GEMM：权重与输入各读一次、输出写一次的操作数载荷；不预测 tile 重读。,58
aggregate; see repeats,expert_198_down,linear,"{""input"": [256, 2048], ""weight_math"": [2048, 7168], ""weight_storage"": [7168, 2048], ""output"": [256, 7168]}",7516192768,0,{},29360128,1048576,3670016,独立 GEMM：权重与输入各读一次、输出写一次的操作数载荷；不预测 tile 重读。,58
aggregate; see repeats,expert_198_silu_and_product,activation,"{""gate_and_up"": [256, 2048]}",0,1048576,"{""sigmoid"": 524288}",0,2097152,1048576,"SiLU multiply and gated product; sigmoid is a separate primitive, fused logical interface.",58
aggregate; see repeats,expert_199_gate,linear,"{""input"": [256, 7168], ""weight_math"": [7168, 2048], ""weight_storage"": [2048, 7168], ""output"": [256, 2048]}",7516192768,0,{},29360128,3670016,1048576,独立 GEMM：权重与输入各读一次、输出写一次的操作数载荷；不预测 tile 重读。,58
aggregate; see repeats,expert_199_up,linear,"{""input"": [256, 7168], ""weight_math"": [7168, 2048], ""weight_storage"": [2048, 7168], ""output"": [256, 2048]}",7516192768,0,{},29360128,3670016,1048576,独立 GEMM：权重与输入各读一次、输出写一次的操作数载荷；不预测 tile 重读。,58
aggregate; see repeats,expert_199_down,linear,"{""input"": [256, 2048], ""weight_math"": [2048, 7168], ""weight_storage"": [7168, 2048], ""output"": [256, 7168]}",7516192768,0,{},29360128,1048576,3670016,独立 GEMM：权重与输入各读一次、输出写一次的操作数载荷；不预测 tile 重读。,58
aggregate; see repeats,expert_199_silu_and_product,activation,"{""gate_and_up"": [256, 2048]}",0,1048576,"{""sigmoid"": 524288}",0,2097152,1048576,"SiLU multiply and gated product; sigmoid is a separate primitive, fused logical interface.",58
aggregate; see repeats,expert_200_gate,linear,"{""input"": [256, 7168], ""weight_math"": [7168, 2048], ""weight_storage"": [2048, 7168], ""output"": [256, 2048]}",7516192768,0,{},29360128,3670016,1048576,独立 GEMM：权重与输入各读一次、输出写一次的操作数载荷；不预测 tile 重读。,58
aggregate; see repeats,expert_200_up,linear,"{""input"": [256, 7168], ""weight_math"": [7168, 2048], ""weight_storage"": [2048, 7168], ""output"": [256, 2048]}",7516192768,0,{},29360128,3670016,1048576,独立 GEMM：权重与输入各读一次、输出写一次的操作数载荷；不预测 tile 重读。,58
aggregate; see repeats,expert_200_down,linear,"{""input"": [256, 2048], ""weight_math"": [2048, 7168], ""weight_storage"": [7168, 2048], ""output"": [256, 7168]}",7516192768,0,{},29360128,1048576,3670016,独立 GEMM：权重与输入各读一次、输出写一次的操作数载荷；不预测 tile 重读。,58
aggregate; see repeats,expert_200_silu_and_product,activation,"{""gate_and_up"": [256, 2048]}",0,1048576,"{""sigmoid"": 524288}",0,2097152,1048576,"SiLU multiply and gated product; sigmoid is a separate primitive, fused logical interface.",58
aggregate; see repeats,expert_201_gate,linear,"{""input"": [256, 7168], ""weight_math"": [7168, 2048], ""weight_storage"": [2048, 7168], ""output"": [256, 2048]}",7516192768,0,{},29360128,3670016,1048576,独立 GEMM：权重与输入各读一次、输出写一次的操作数载荷；不预测 tile 重读。,58
aggregate; see repeats,expert_201_up,linear,"{""input"": [256, 7168], ""weight_math"": [7168, 2048], ""weight_storage"": [2048, 7168], ""output"": [256, 2048]}",7516192768,0,{},29360128,3670016,1048576,独立 GEMM：权重与输入各读一次、输出写一次的操作数载荷；不预测 tile 重读。,58
aggregate; see repeats,expert_201_down,linear,"{""input"": [256, 2048], ""weight_math"": [2048, 7168], ""weight_storage"": [7168, 2048], ""output"": [256, 7168]}",7516192768,0,{},29360128,1048576,3670016,独立 GEMM：权重与输入各读一次、输出写一次的操作数载荷；不预测 tile 重读。,58
aggregate; see repeats,expert_201_silu_and_product,activation,"{""gate_and_up"": [256, 2048]}",0,1048576,"{""sigmoid"": 524288}",0,2097152,1048576,"SiLU multiply and gated product; sigmoid is a separate primitive, fused logical interface.",58
aggregate; see repeats,expert_202_gate,linear,"{""input"": [256, 7168], ""weight_math"": [7168, 2048], ""weight_storage"": [2048, 7168], ""output"": [256, 2048]}",7516192768,0,{},29360128,3670016,1048576,独立 GEMM：权重与输入各读一次、输出写一次的操作数载荷；不预测 tile 重读。,58
aggregate; see repeats,expert_202_up,linear,"{""input"": [256, 7168], ""weight_math"": [7168, 2048], ""weight_storage"": [2048, 7168], ""output"": [256, 2048]}",7516192768,0,{},29360128,3670016,1048576,独立 GEMM：权重与输入各读一次、输出写一次的操作数载荷；不预测 tile 重读。,58
aggregate; see repeats,expert_202_down,linear,"{""input"": [256, 2048], ""weight_math"": [2048, 7168], ""weight_storage"": [7168, 2048], ""output"": [256, 7168]}",7516192768,0,{},29360128,1048576,3670016,独立 GEMM：权重与输入各读一次、输出写一次的操作数载荷；不预测 tile 重读。,58
aggregate; see repeats,expert_202_silu_and_product,activation,"{""gate_and_up"": [256, 2048]}",0,1048576,"{""sigmoid"": 524288}",0,2097152,1048576,"SiLU multiply and gated product; sigmoid is a separate primitive, fused logical interface.",58
aggregate; see repeats,expert_203_gate,linear,"{""input"": [256, 7168], ""weight_math"": [7168, 2048], ""weight_storage"": [2048, 7168], ""output"": [256, 2048]}",7516192768,0,{},29360128,3670016,1048576,独立 GEMM：权重与输入各读一次、输出写一次的操作数载荷；不预测 tile 重读。,58
aggregate; see repeats,expert_203_up,linear,"{""input"": [256, 7168], ""weight_math"": [7168, 2048], ""weight_storage"": [2048, 7168], ""output"": [256, 2048]}",7516192768,0,{},29360128,3670016,1048576,独立 GEMM：权重与输入各读一次、输出写一次的操作数载荷；不预测 tile 重读。,58
aggregate; see repeats,expert_203_down,linear,"{""input"": [256, 2048], ""weight_math"": [2048, 7168], ""weight_storage"": [7168, 2048], ""output"": [256, 7168]}",7516192768,0,{},29360128,1048576,3670016,独立 GEMM：权重与输入各读一次、输出写一次的操作数载荷；不预测 tile 重读。,58
aggregate; see repeats,expert_203_silu_and_product,activation,"{""gate_and_up"": [256, 2048]}",0,1048576,"{""sigmoid"": 524288}",0,2097152,1048576,"SiLU multiply and gated product; sigmoid is a separate primitive, fused logical interface.",58
aggregate; see repeats,expert_204_gate,linear,"{""input"": [256, 7168], ""weight_math"": [7168, 2048], ""weight_storage"": [2048, 7168], ""output"": [256, 2048]}",7516192768,0,{},29360128,3670016,1048576,独立 GEMM：权重与输入各读一次、输出写一次的操作数载荷；不预测 tile 重读。,58
aggregate; see repeats,expert_204_up,linear,"{""input"": [256, 7168], ""weight_math"": [7168, 2048], ""weight_storage"": [2048, 7168], ""output"": [256, 2048]}",7516192768,0,{},29360128,3670016,1048576,独立 GEMM：权重与输入各读一次、输出写一次的操作数载荷；不预测 tile 重读。,58
aggregate; see repeats,expert_204_down,linear,"{""input"": [256, 2048], ""weight_math"": [2048, 7168], ""weight_storage"": [7168, 2048], ""output"": [256, 7168]}",7516192768,0,{},29360128,1048576,3670016,独立 GEMM：权重与输入各读一次、输出写一次的操作数载荷；不预测 tile 重读。,58
aggregate; see repeats,expert_204_silu_and_product,activation,"{""gate_and_up"": [256, 2048]}",0,1048576,"{""sigmoid"": 524288}",0,2097152,1048576,"SiLU multiply and gated product; sigmoid is a separate primitive, fused logical interface.",58
aggregate; see repeats,expert_205_gate,linear,"{""input"": [256, 7168], ""weight_math"": [7168, 2048], ""weight_storage"": [2048, 7168], ""output"": [256, 2048]}",7516192768,0,{},29360128,3670016,1048576,独立 GEMM：权重与输入各读一次、输出写一次的操作数载荷；不预测 tile 重读。,58
aggregate; see repeats,expert_205_up,linear,"{""input"": [256, 7168], ""weight_math"": [7168, 2048], ""weight_storage"": [2048, 7168], ""output"": [256, 2048]}",7516192768,0,{},29360128,3670016,1048576,独立 GEMM：权重与输入各读一次、输出写一次的操作数载荷；不预测 tile 重读。,58
aggregate; see repeats,expert_205_down,linear,"{""input"": [256, 2048], ""weight_math"": [2048, 7168], ""weight_storage"": [7168, 2048], ""output"": [256, 7168]}",7516192768,0,{},29360128,1048576,3670016,独立 GEMM：权重与输入各读一次、输出写一次的操作数载荷；不预测 tile 重读。,58
aggregate; see repeats,expert_205_silu_and_product,activation,"{""gate_and_up"": [256, 2048]}",0,1048576,"{""sigmoid"": 524288}",0,2097152,1048576,"SiLU multiply and gated product; sigmoid is a separate primitive, fused logical interface.",58
aggregate; see repeats,expert_206_gate,linear,"{""input"": [256, 7168], ""weight_math"": [7168, 2048], ""weight_storage"": [2048, 7168], ""output"": [256, 2048]}",7516192768,0,{},29360128,3670016,1048576,独立 GEMM：权重与输入各读一次、输出写一次的操作数载荷；不预测 tile 重读。,58
aggregate; see repeats,expert_206_up,linear,"{""input"": [256, 7168], ""weight_math"": [7168, 2048], ""weight_storage"": [2048, 7168], ""output"": [256, 2048]}",7516192768,0,{},29360128,3670016,1048576,独立 GEMM：权重与输入各读一次、输出写一次的操作数载荷；不预测 tile 重读。,58
aggregate; see repeats,expert_206_down,linear,"{""input"": [256, 2048], ""weight_math"": [2048, 7168], ""weight_storage"": [7168, 2048], ""output"": [256, 7168]}",7516192768,0,{},29360128,1048576,3670016,独立 GEMM：权重与输入各读一次、输出写一次的操作数载荷；不预测 tile 重读。,58
aggregate; see repeats,expert_206_silu_and_product,activation,"{""gate_and_up"": [256, 2048]}",0,1048576,"{""sigmoid"": 524288}",0,2097152,1048576,"SiLU multiply and gated product; sigmoid is a separate primitive, fused logical interface.",58
aggregate; see repeats,expert_207_gate,linear,"{""input"": [256, 7168], ""weight_math"": [7168, 2048], ""weight_storage"": [2048, 7168], ""output"": [256, 2048]}",7516192768,0,{},29360128,3670016,1048576,独立 GEMM：权重与输入各读一次、输出写一次的操作数载荷；不预测 tile 重读。,58
aggregate; see repeats,expert_207_up,linear,"{""input"": [256, 7168], ""weight_math"": [7168, 2048], ""weight_storage"": [2048, 7168], ""output"": [256, 2048]}",7516192768,0,{},29360128,3670016,1048576,独立 GEMM：权重与输入各读一次、输出写一次的操作数载荷；不预测 tile 重读。,58
aggregate; see repeats,expert_207_down,linear,"{""input"": [256, 2048], ""weight_math"": [2048, 7168], ""weight_storage"": [7168, 2048], ""output"": [256, 7168]}",7516192768,0,{},29360128,1048576,3670016,独立 GEMM：权重与输入各读一次、输出写一次的操作数载荷；不预测 tile 重读。,58
aggregate; see repeats,expert_207_silu_and_product,activation,"{""gate_and_up"": [256, 2048]}",0,1048576,"{""sigmoid"": 524288}",0,2097152,1048576,"SiLU multiply and gated product; sigmoid is a separate primitive, fused logical interface.",58
aggregate; see repeats,expert_208_gate,linear,"{""input"": [256, 7168], ""weight_math"": [7168, 2048], ""weight_storage"": [2048, 7168], ""output"": [256, 2048]}",7516192768,0,{},29360128,3670016,1048576,独立 GEMM：权重与输入各读一次、输出写一次的操作数载荷；不预测 tile 重读。,58
aggregate; see repeats,expert_208_up,linear,"{""input"": [256, 7168], ""weight_math"": [7168, 2048], ""weight_storage"": [2048, 7168], ""output"": [256, 2048]}",7516192768,0,{},29360128,3670016,1048576,独立 GEMM：权重与输入各读一次、输出写一次的操作数载荷；不预测 tile 重读。,58
aggregate; see repeats,expert_208_down,linear,"{""input"": [256, 2048], ""weight_math"": [2048, 7168], ""weight_storage"": [7168, 2048], ""output"": [256, 7168]}",7516192768,0,{},29360128,1048576,3670016,独立 GEMM：权重与输入各读一次、输出写一次的操作数载荷；不预测 tile 重读。,58
aggregate; see repeats,expert_208_silu_and_product,activation,"{""gate_and_up"": [256, 2048]}",0,1048576,"{""sigmoid"": 524288}",0,2097152,1048576,"SiLU multiply and gated product; sigmoid is a separate primitive, fused logical interface.",58
aggregate; see repeats,expert_209_gate,linear,"{""input"": [256, 7168], ""weight_math"": [7168, 2048], ""weight_storage"": [2048, 7168], ""output"": [256, 2048]}",7516192768,0,{},29360128,3670016,1048576,独立 GEMM：权重与输入各读一次、输出写一次的操作数载荷；不预测 tile 重读。,58
aggregate; see repeats,expert_209_up,linear,"{""input"": [256, 7168], ""weight_math"": [7168, 2048], ""weight_storage"": [2048, 7168], ""output"": [256, 2048]}",7516192768,0,{},29360128,3670016,1048576,独立 GEMM：权重与输入各读一次、输出写一次的操作数载荷；不预测 tile 重读。,58
aggregate; see repeats,expert_209_down,linear,"{""input"": [256, 2048], ""weight_math"": [2048, 7168], ""weight_storage"": [7168, 2048], ""output"": [256, 7168]}",7516192768,0,{},29360128,1048576,3670016,独立 GEMM：权重与输入各读一次、输出写一次的操作数载荷；不预测 tile 重读。,58
aggregate; see repeats,expert_209_silu_and_product,activation,"{""gate_and_up"": [256, 2048]}",0,1048576,"{""sigmoid"": 524288}",0,2097152,1048576,"SiLU multiply and gated product; sigmoid is a separate primitive, fused logical interface.",58
aggregate; see repeats,expert_210_gate,linear,"{""input"": [256, 7168], ""weight_math"": [7168, 2048], ""weight_storage"": [2048, 7168], ""output"": [256, 2048]}",7516192768,0,{},29360128,3670016,1048576,独立 GEMM：权重与输入各读一次、输出写一次的操作数载荷；不预测 tile 重读。,58
aggregate; see repeats,expert_210_up,linear,"{""input"": [256, 7168], ""weight_math"": [7168, 2048], ""weight_storage"": [2048, 7168], ""output"": [256, 2048]}",7516192768,0,{},29360128,3670016,1048576,独立 GEMM：权重与输入各读一次、输出写一次的操作数载荷；不预测 tile 重读。,58
aggregate; see repeats,expert_210_down,linear,"{""input"": [256, 2048], ""weight_math"": [2048, 7168], ""weight_storage"": [7168, 2048], ""output"": [256, 7168]}",7516192768,0,{},29360128,1048576,3670016,独立 GEMM：权重与输入各读一次、输出写一次的操作数载荷；不预测 tile 重读。,58
aggregate; see repeats,expert_210_silu_and_product,activation,"{""gate_and_up"": [256, 2048]}",0,1048576,"{""sigmoid"": 524288}",0,2097152,1048576,"SiLU multiply and gated product; sigmoid is a separate primitive, fused logical interface.",58
aggregate; see repeats,expert_211_gate,linear,"{""input"": [256, 7168], ""weight_math"": [7168, 2048], ""weight_storage"": [2048, 7168], ""output"": [256, 2048]}",7516192768,0,{},29360128,3670016,1048576,独立 GEMM：权重与输入各读一次、输出写一次的操作数载荷；不预测 tile 重读。,58
aggregate; see repeats,expert_211_up,linear,"{""input"": [256, 7168], ""weight_math"": [7168, 2048], ""weight_storage"": [2048, 7168], ""output"": [256, 2048]}",7516192768,0,{},29360128,3670016,1048576,独立 GEMM：权重与输入各读一次、输出写一次的操作数载荷；不预测 tile 重读。,58
aggregate; see repeats,expert_211_down,linear,"{""input"": [256, 2048], ""weight_math"": [2048, 7168], ""weight_storage"": [7168, 2048], ""output"": [256, 7168]}",7516192768,0,{},29360128,1048576,3670016,独立 GEMM：权重与输入各读一次、输出写一次的操作数载荷；不预测 tile 重读。,58
aggregate; see repeats,expert_211_silu_and_product,activation,"{""gate_and_up"": [256, 2048]}",0,1048576,"{""sigmoid"": 524288}",0,2097152,1048576,"SiLU multiply and gated product; sigmoid is a separate primitive, fused logical interface.",58
aggregate; see repeats,expert_212_gate,linear,"{""input"": [256, 7168], ""weight_math"": [7168, 2048], ""weight_storage"": [2048, 7168], ""output"": [256, 2048]}",7516192768,0,{},29360128,3670016,1048576,独立 GEMM：权重与输入各读一次、输出写一次的操作数载荷；不预测 tile 重读。,58
aggregate; see repeats,expert_212_up,linear,"{""input"": [256, 7168], ""weight_math"": [7168, 2048], ""weight_storage"": [2048, 7168], ""output"": [256, 2048]}",7516192768,0,{},29360128,3670016,1048576,独立 GEMM：权重与输入各读一次、输出写一次的操作数载荷；不预测 tile 重读。,58
aggregate; see repeats,expert_212_down,linear,"{""input"": [256, 2048], ""weight_math"": [2048, 7168], ""weight_storage"": [7168, 2048], ""output"": [256, 7168]}",7516192768,0,{},29360128,1048576,3670016,独立 GEMM：权重与输入各读一次、输出写一次的操作数载荷；不预测 tile 重读。,58
aggregate; see repeats,expert_212_silu_and_product,activation,"{""gate_and_up"": [256, 2048]}",0,1048576,"{""sigmoid"": 524288}",0,2097152,1048576,"SiLU multiply and gated product; sigmoid is a separate primitive, fused logical interface.",58
aggregate; see repeats,expert_213_gate,linear,"{""input"": [256, 7168], ""weight_math"": [7168, 2048], ""weight_storage"": [2048, 7168], ""output"": [256, 2048]}",7516192768,0,{},29360128,3670016,1048576,独立 GEMM：权重与输入各读一次、输出写一次的操作数载荷；不预测 tile 重读。,58
aggregate; see repeats,expert_213_up,linear,"{""input"": [256, 7168], ""weight_math"": [7168, 2048], ""weight_storage"": [2048, 7168], ""output"": [256, 2048]}",7516192768,0,{},29360128,3670016,1048576,独立 GEMM：权重与输入各读一次、输出写一次的操作数载荷；不预测 tile 重读。,58
aggregate; see repeats,expert_213_down,linear,"{""input"": [256, 2048], ""weight_math"": [2048, 7168], ""weight_storage"": [7168, 2048], ""output"": [256, 7168]}",7516192768,0,{},29360128,1048576,3670016,独立 GEMM：权重与输入各读一次、输出写一次的操作数载荷；不预测 tile 重读。,58
aggregate; see repeats,expert_213_silu_and_product,activation,"{""gate_and_up"": [256, 2048]}",0,1048576,"{""sigmoid"": 524288}",0,2097152,1048576,"SiLU multiply and gated product; sigmoid is a separate primitive, fused logical interface.",58
aggregate; see repeats,expert_214_gate,linear,"{""input"": [256, 7168], ""weight_math"": [7168, 2048], ""weight_storage"": [2048, 7168], ""output"": [256, 2048]}",7516192768,0,{},29360128,3670016,1048576,独立 GEMM：权重与输入各读一次、输出写一次的操作数载荷；不预测 tile 重读。,58
aggregate; see repeats,expert_214_up,linear,"{""input"": [256, 7168], ""weight_math"": [7168, 2048], ""weight_storage"": [2048, 7168], ""output"": [256, 2048]}",7516192768,0,{},29360128,3670016,1048576,独立 GEMM：权重与输入各读一次、输出写一次的操作数载荷；不预测 tile 重读。,58
aggregate; see repeats,expert_214_down,linear,"{""input"": [256, 2048], ""weight_math"": [2048, 7168], ""weight_storage"": [7168, 2048], ""output"": [256, 7168]}",7516192768,0,{},29360128,1048576,3670016,独立 GEMM：权重与输入各读一次、输出写一次的操作数载荷；不预测 tile 重读。,58
aggregate; see repeats,expert_214_silu_and_product,activation,"{""gate_and_up"": [256, 2048]}",0,1048576,"{""sigmoid"": 524288}",0,2097152,1048576,"SiLU multiply and gated product; sigmoid is a separate primitive, fused logical interface.",58
aggregate; see repeats,expert_215_gate,linear,"{""input"": [256, 7168], ""weight_math"": [7168, 2048], ""weight_storage"": [2048, 7168], ""output"": [256, 2048]}",7516192768,0,{},29360128,3670016,1048576,独立 GEMM：权重与输入各读一次、输出写一次的操作数载荷；不预测 tile 重读。,58
aggregate; see repeats,expert_215_up,linear,"{""input"": [256, 7168], ""weight_math"": [7168, 2048], ""weight_storage"": [2048, 7168], ""output"": [256, 2048]}",7516192768,0,{},29360128,3670016,1048576,独立 GEMM：权重与输入各读一次、输出写一次的操作数载荷；不预测 tile 重读。,58
aggregate; see repeats,expert_215_down,linear,"{""input"": [256, 2048], ""weight_math"": [2048, 7168], ""weight_storage"": [7168, 2048], ""output"": [256, 7168]}",7516192768,0,{},29360128,1048576,3670016,独立 GEMM：权重与输入各读一次、输出写一次的操作数载荷；不预测 tile 重读。,58
aggregate; see repeats,expert_215_silu_and_product,activation,"{""gate_and_up"": [256, 2048]}",0,1048576,"{""sigmoid"": 524288}",0,2097152,1048576,"SiLU multiply and gated product; sigmoid is a separate primitive, fused logical interface.",58
aggregate; see repeats,expert_216_gate,linear,"{""input"": [256, 7168], ""weight_math"": [7168, 2048], ""weight_storage"": [2048, 7168], ""output"": [256, 2048]}",7516192768,0,{},29360128,3670016,1048576,独立 GEMM：权重与输入各读一次、输出写一次的操作数载荷；不预测 tile 重读。,58
aggregate; see repeats,expert_216_up,linear,"{""input"": [256, 7168], ""weight_math"": [7168, 2048], ""weight_storage"": [2048, 7168], ""output"": [256, 2048]}",7516192768,0,{},29360128,3670016,1048576,独立 GEMM：权重与输入各读一次、输出写一次的操作数载荷；不预测 tile 重读。,58
aggregate; see repeats,expert_216_down,linear,"{""input"": [256, 2048], ""weight_math"": [2048, 7168], ""weight_storage"": [7168, 2048], ""output"": [256, 7168]}",7516192768,0,{},29360128,1048576,3670016,独立 GEMM：权重与输入各读一次、输出写一次的操作数载荷；不预测 tile 重读。,58
aggregate; see repeats,expert_216_silu_and_product,activation,"{""gate_and_up"": [256, 2048]}",0,1048576,"{""sigmoid"": 524288}",0,2097152,1048576,"SiLU multiply and gated product; sigmoid is a separate primitive, fused logical interface.",58
aggregate; see repeats,expert_217_gate,linear,"{""input"": [256, 7168], ""weight_math"": [7168, 2048], ""weight_storage"": [2048, 7168], ""output"": [256, 2048]}",7516192768,0,{},29360128,3670016,1048576,独立 GEMM：权重与输入各读一次、输出写一次的操作数载荷；不预测 tile 重读。,58
aggregate; see repeats,expert_217_up,linear,"{""input"": [256, 7168], ""weight_math"": [7168, 2048], ""weight_storage"": [2048, 7168], ""output"": [256, 2048]}",7516192768,0,{},29360128,3670016,1048576,独立 GEMM：权重与输入各读一次、输出写一次的操作数载荷；不预测 tile 重读。,58
aggregate; see repeats,expert_217_down,linear,"{""input"": [256, 2048], ""weight_math"": [2048, 7168], ""weight_storage"": [7168, 2048], ""output"": [256, 7168]}",7516192768,0,{},29360128,1048576,3670016,独立 GEMM：权重与输入各读一次、输出写一次的操作数载荷；不预测 tile 重读。,58
aggregate; see repeats,expert_217_silu_and_product,activation,"{""gate_and_up"": [256, 2048]}",0,1048576,"{""sigmoid"": 524288}",0,2097152,1048576,"SiLU multiply and gated product; sigmoid is a separate primitive, fused logical interface.",58
aggregate; see repeats,expert_218_gate,linear,"{""input"": [256, 7168], ""weight_math"": [7168, 2048], ""weight_storage"": [2048, 7168], ""output"": [256, 2048]}",7516192768,0,{},29360128,3670016,1048576,独立 GEMM：权重与输入各读一次、输出写一次的操作数载荷；不预测 tile 重读。,58
aggregate; see repeats,expert_218_up,linear,"{""input"": [256, 7168], ""weight_math"": [7168, 2048], ""weight_storage"": [2048, 7168], ""output"": [256, 2048]}",7516192768,0,{},29360128,3670016,1048576,独立 GEMM：权重与输入各读一次、输出写一次的操作数载荷；不预测 tile 重读。,58
aggregate; see repeats,expert_218_down,linear,"{""input"": [256, 2048], ""weight_math"": [2048, 7168], ""weight_storage"": [7168, 2048], ""output"": [256, 7168]}",7516192768,0,{},29360128,1048576,3670016,独立 GEMM：权重与输入各读一次、输出写一次的操作数载荷；不预测 tile 重读。,58
aggregate; see repeats,expert_218_silu_and_product,activation,"{""gate_and_up"": [256, 2048]}",0,1048576,"{""sigmoid"": 524288}",0,2097152,1048576,"SiLU multiply and gated product; sigmoid is a separate primitive, fused logical interface.",58
aggregate; see repeats,expert_219_gate,linear,"{""input"": [256, 7168], ""weight_math"": [7168, 2048], ""weight_storage"": [2048, 7168], ""output"": [256, 2048]}",7516192768,0,{},29360128,3670016,1048576,独立 GEMM：权重与输入各读一次、输出写一次的操作数载荷；不预测 tile 重读。,58
aggregate; see repeats,expert_219_up,linear,"{""input"": [256, 7168], ""weight_math"": [7168, 2048], ""weight_storage"": [2048, 7168], ""output"": [256, 2048]}",7516192768,0,{},29360128,3670016,1048576,独立 GEMM：权重与输入各读一次、输出写一次的操作数载荷；不预测 tile 重读。,58
aggregate; see repeats,expert_219_down,linear,"{""input"": [256, 2048], ""weight_math"": [2048, 7168], ""weight_storage"": [7168, 2048], ""output"": [256, 7168]}",7516192768,0,{},29360128,1048576,3670016,独立 GEMM：权重与输入各读一次、输出写一次的操作数载荷；不预测 tile 重读。,58
aggregate; see repeats,expert_219_silu_and_product,activation,"{""gate_and_up"": [256, 2048]}",0,1048576,"{""sigmoid"": 524288}",0,2097152,1048576,"SiLU multiply and gated product; sigmoid is a separate primitive, fused logical interface.",58
aggregate; see repeats,expert_220_gate,linear,"{""input"": [256, 7168], ""weight_math"": [7168, 2048], ""weight_storage"": [2048, 7168], ""output"": [256, 2048]}",7516192768,0,{},29360128,3670016,1048576,独立 GEMM：权重与输入各读一次、输出写一次的操作数载荷；不预测 tile 重读。,58
aggregate; see repeats,expert_220_up,linear,"{""input"": [256, 7168], ""weight_math"": [7168, 2048], ""weight_storage"": [2048, 7168], ""output"": [256, 2048]}",7516192768,0,{},29360128,3670016,1048576,独立 GEMM：权重与输入各读一次、输出写一次的操作数载荷；不预测 tile 重读。,58
aggregate; see repeats,expert_220_down,linear,"{""input"": [256, 2048], ""weight_math"": [2048, 7168], ""weight_storage"": [7168, 2048], ""output"": [256, 7168]}",7516192768,0,{},29360128,1048576,3670016,独立 GEMM：权重与输入各读一次、输出写一次的操作数载荷；不预测 tile 重读。,58
aggregate; see repeats,expert_220_silu_and_product,activation,"{""gate_and_up"": [256, 2048]}",0,1048576,"{""sigmoid"": 524288}",0,2097152,1048576,"SiLU multiply and gated product; sigmoid is a separate primitive, fused logical interface.",58
aggregate; see repeats,expert_221_gate,linear,"{""input"": [256, 7168], ""weight_math"": [7168, 2048], ""weight_storage"": [2048, 7168], ""output"": [256, 2048]}",7516192768,0,{},29360128,3670016,1048576,独立 GEMM：权重与输入各读一次、输出写一次的操作数载荷；不预测 tile 重读。,58
aggregate; see repeats,expert_221_up,linear,"{""input"": [256, 7168], ""weight_math"": [7168, 2048], ""weight_storage"": [2048, 7168], ""output"": [256, 2048]}",7516192768,0,{},29360128,3670016,1048576,独立 GEMM：权重与输入各读一次、输出写一次的操作数载荷；不预测 tile 重读。,58
aggregate; see repeats,expert_221_down,linear,"{""input"": [256, 2048], ""weight_math"": [2048, 7168], ""weight_storage"": [7168, 2048], ""output"": [256, 7168]}",7516192768,0,{},29360128,1048576,3670016,独立 GEMM：权重与输入各读一次、输出写一次的操作数载荷；不预测 tile 重读。,58
aggregate; see repeats,expert_221_silu_and_product,activation,"{""gate_and_up"": [256, 2048]}",0,1048576,"{""sigmoid"": 524288}",0,2097152,1048576,"SiLU multiply and gated product; sigmoid is a separate primitive, fused logical interface.",58
aggregate; see repeats,expert_222_gate,linear,"{""input"": [256, 7168], ""weight_math"": [7168, 2048], ""weight_storage"": [2048, 7168], ""output"": [256, 2048]}",7516192768,0,{},29360128,3670016,1048576,独立 GEMM：权重与输入各读一次、输出写一次的操作数载荷；不预测 tile 重读。,58
aggregate; see repeats,expert_222_up,linear,"{""input"": [256, 7168], ""weight_math"": [7168, 2048], ""weight_storage"": [2048, 7168], ""output"": [256, 2048]}",7516192768,0,{},29360128,3670016,1048576,独立 GEMM：权重与输入各读一次、输出写一次的操作数载荷；不预测 tile 重读。,58
aggregate; see repeats,expert_222_down,linear,"{""input"": [256, 2048], ""weight_math"": [2048, 7168], ""weight_storage"": [7168, 2048], ""output"": [256, 7168]}",7516192768,0,{},29360128,1048576,3670016,独立 GEMM：权重与输入各读一次、输出写一次的操作数载荷；不预测 tile 重读。,58
aggregate; see repeats,expert_222_silu_and_product,activation,"{""gate_and_up"": [256, 2048]}",0,1048576,"{""sigmoid"": 524288}",0,2097152,1048576,"SiLU multiply and gated product; sigmoid is a separate primitive, fused logical interface.",58
aggregate; see repeats,expert_223_gate,linear,"{""input"": [256, 7168], ""weight_math"": [7168, 2048], ""weight_storage"": [2048, 7168], ""output"": [256, 2048]}",7516192768,0,{},29360128,3670016,1048576,独立 GEMM：权重与输入各读一次、输出写一次的操作数载荷；不预测 tile 重读。,58
aggregate; see repeats,expert_223_up,linear,"{""input"": [256, 7168], ""weight_math"": [7168, 2048], ""weight_storage"": [2048, 7168], ""output"": [256, 2048]}",7516192768,0,{},29360128,3670016,1048576,独立 GEMM：权重与输入各读一次、输出写一次的操作数载荷；不预测 tile 重读。,58
aggregate; see repeats,expert_223_down,linear,"{""input"": [256, 2048], ""weight_math"": [2048, 7168], ""weight_storage"": [7168, 2048], ""output"": [256, 7168]}",7516192768,0,{},29360128,1048576,3670016,独立 GEMM：权重与输入各读一次、输出写一次的操作数载荷；不预测 tile 重读。,58
aggregate; see repeats,expert_223_silu_and_product,activation,"{""gate_and_up"": [256, 2048]}",0,1048576,"{""sigmoid"": 524288}",0,2097152,1048576,"SiLU multiply and gated product; sigmoid is a separate primitive, fused logical interface.",58
aggregate; see repeats,expert_224_gate,linear,"{""input"": [256, 7168], ""weight_math"": [7168, 2048], ""weight_storage"": [2048, 7168], ""output"": [256, 2048]}",7516192768,0,{},29360128,3670016,1048576,独立 GEMM：权重与输入各读一次、输出写一次的操作数载荷；不预测 tile 重读。,58
aggregate; see repeats,expert_224_up,linear,"{""input"": [256, 7168], ""weight_math"": [7168, 2048], ""weight_storage"": [2048, 7168], ""output"": [256, 2048]}",7516192768,0,{},29360128,3670016,1048576,独立 GEMM：权重与输入各读一次、输出写一次的操作数载荷；不预测 tile 重读。,58
aggregate; see repeats,expert_224_down,linear,"{""input"": [256, 2048], ""weight_math"": [2048, 7168], ""weight_storage"": [7168, 2048], ""output"": [256, 7168]}",7516192768,0,{},29360128,1048576,3670016,独立 GEMM：权重与输入各读一次、输出写一次的操作数载荷；不预测 tile 重读。,58
aggregate; see repeats,expert_224_silu_and_product,activation,"{""gate_and_up"": [256, 2048]}",0,1048576,"{""sigmoid"": 524288}",0,2097152,1048576,"SiLU multiply and gated product; sigmoid is a separate primitive, fused logical interface.",58
aggregate; see repeats,expert_225_gate,linear,"{""input"": [256, 7168], ""weight_math"": [7168, 2048], ""weight_storage"": [2048, 7168], ""output"": [256, 2048]}",7516192768,0,{},29360128,3670016,1048576,独立 GEMM：权重与输入各读一次、输出写一次的操作数载荷；不预测 tile 重读。,58
aggregate; see repeats,expert_225_up,linear,"{""input"": [256, 7168], ""weight_math"": [7168, 2048], ""weight_storage"": [2048, 7168], ""output"": [256, 2048]}",7516192768,0,{},29360128,3670016,1048576,独立 GEMM：权重与输入各读一次、输出写一次的操作数载荷；不预测 tile 重读。,58
aggregate; see repeats,expert_225_down,linear,"{""input"": [256, 2048], ""weight_math"": [2048, 7168], ""weight_storage"": [7168, 2048], ""output"": [256, 7168]}",7516192768,0,{},29360128,1048576,3670016,独立 GEMM：权重与输入各读一次、输出写一次的操作数载荷；不预测 tile 重读。,58
aggregate; see repeats,expert_225_silu_and_product,activation,"{""gate_and_up"": [256, 2048]}",0,1048576,"{""sigmoid"": 524288}",0,2097152,1048576,"SiLU multiply and gated product; sigmoid is a separate primitive, fused logical interface.",58
aggregate; see repeats,expert_226_gate,linear,"{""input"": [256, 7168], ""weight_math"": [7168, 2048], ""weight_storage"": [2048, 7168], ""output"": [256, 2048]}",7516192768,0,{},29360128,3670016,1048576,独立 GEMM：权重与输入各读一次、输出写一次的操作数载荷；不预测 tile 重读。,58
aggregate; see repeats,expert_226_up,linear,"{""input"": [256, 7168], ""weight_math"": [7168, 2048], ""weight_storage"": [2048, 7168], ""output"": [256, 2048]}",7516192768,0,{},29360128,3670016,1048576,独立 GEMM：权重与输入各读一次、输出写一次的操作数载荷；不预测 tile 重读。,58
aggregate; see repeats,expert_226_down,linear,"{""input"": [256, 2048], ""weight_math"": [2048, 7168], ""weight_storage"": [7168, 2048], ""output"": [256, 7168]}",7516192768,0,{},29360128,1048576,3670016,独立 GEMM：权重与输入各读一次、输出写一次的操作数载荷；不预测 tile 重读。,58
aggregate; see repeats,expert_226_silu_and_product,activation,"{""gate_and_up"": [256, 2048]}",0,1048576,"{""sigmoid"": 524288}",0,2097152,1048576,"SiLU multiply and gated product; sigmoid is a separate primitive, fused logical interface.",58
aggregate; see repeats,expert_227_gate,linear,"{""input"": [256, 7168], ""weight_math"": [7168, 2048], ""weight_storage"": [2048, 7168], ""output"": [256, 2048]}",7516192768,0,{},29360128,3670016,1048576,独立 GEMM：权重与输入各读一次、输出写一次的操作数载荷；不预测 tile 重读。,58
aggregate; see repeats,expert_227_up,linear,"{""input"": [256, 7168], ""weight_math"": [7168, 2048], ""weight_storage"": [2048, 7168], ""output"": [256, 2048]}",7516192768,0,{},29360128,3670016,1048576,独立 GEMM：权重与输入各读一次、输出写一次的操作数载荷；不预测 tile 重读。,58
aggregate; see repeats,expert_227_down,linear,"{""input"": [256, 2048], ""weight_math"": [2048, 7168], ""weight_storage"": [7168, 2048], ""output"": [256, 7168]}",7516192768,0,{},29360128,1048576,3670016,独立 GEMM：权重与输入各读一次、输出写一次的操作数载荷；不预测 tile 重读。,58
aggregate; see repeats,expert_227_silu_and_product,activation,"{""gate_and_up"": [256, 2048]}",0,1048576,"{""sigmoid"": 524288}",0,2097152,1048576,"SiLU multiply and gated product; sigmoid is a separate primitive, fused logical interface.",58
aggregate; see repeats,expert_228_gate,linear,"{""input"": [256, 7168], ""weight_math"": [7168, 2048], ""weight_storage"": [2048, 7168], ""output"": [256, 2048]}",7516192768,0,{},29360128,3670016,1048576,独立 GEMM：权重与输入各读一次、输出写一次的操作数载荷；不预测 tile 重读。,58
aggregate; see repeats,expert_228_up,linear,"{""input"": [256, 7168], ""weight_math"": [7168, 2048], ""weight_storage"": [2048, 7168], ""output"": [256, 2048]}",7516192768,0,{},29360128,3670016,1048576,独立 GEMM：权重与输入各读一次、输出写一次的操作数载荷；不预测 tile 重读。,58
aggregate; see repeats,expert_228_down,linear,"{""input"": [256, 2048], ""weight_math"": [2048, 7168], ""weight_storage"": [7168, 2048], ""output"": [256, 7168]}",7516192768,0,{},29360128,1048576,3670016,独立 GEMM：权重与输入各读一次、输出写一次的操作数载荷；不预测 tile 重读。,58
aggregate; see repeats,expert_228_silu_and_product,activation,"{""gate_and_up"": [256, 2048]}",0,1048576,"{""sigmoid"": 524288}",0,2097152,1048576,"SiLU multiply and gated product; sigmoid is a separate primitive, fused logical interface.",58
aggregate; see repeats,expert_229_gate,linear,"{""input"": [256, 7168], ""weight_math"": [7168, 2048], ""weight_storage"": [2048, 7168], ""output"": [256, 2048]}",7516192768,0,{},29360128,3670016,1048576,独立 GEMM：权重与输入各读一次、输出写一次的操作数载荷；不预测 tile 重读。,58
aggregate; see repeats,expert_229_up,linear,"{""input"": [256, 7168], ""weight_math"": [7168, 2048], ""weight_storage"": [2048, 7168], ""output"": [256, 2048]}",7516192768,0,{},29360128,3670016,1048576,独立 GEMM：权重与输入各读一次、输出写一次的操作数载荷；不预测 tile 重读。,58
aggregate; see repeats,expert_229_down,linear,"{""input"": [256, 2048], ""weight_math"": [2048, 7168], ""weight_storage"": [7168, 2048], ""output"": [256, 7168]}",7516192768,0,{},29360128,1048576,3670016,独立 GEMM：权重与输入各读一次、输出写一次的操作数载荷；不预测 tile 重读。,58
aggregate; see repeats,expert_229_silu_and_product,activation,"{""gate_and_up"": [256, 2048]}",0,1048576,"{""sigmoid"": 524288}",0,2097152,1048576,"SiLU multiply and gated product; sigmoid is a separate primitive, fused logical interface.",58
aggregate; see repeats,expert_230_gate,linear,"{""input"": [256, 7168], ""weight_math"": [7168, 2048], ""weight_storage"": [2048, 7168], ""output"": [256, 2048]}",7516192768,0,{},29360128,3670016,1048576,独立 GEMM：权重与输入各读一次、输出写一次的操作数载荷；不预测 tile 重读。,58
aggregate; see repeats,expert_230_up,linear,"{""input"": [256, 7168], ""weight_math"": [7168, 2048], ""weight_storage"": [2048, 7168], ""output"": [256, 2048]}",7516192768,0,{},29360128,3670016,1048576,独立 GEMM：权重与输入各读一次、输出写一次的操作数载荷；不预测 tile 重读。,58
aggregate; see repeats,expert_230_down,linear,"{""input"": [256, 2048], ""weight_math"": [2048, 7168], ""weight_storage"": [7168, 2048], ""output"": [256, 7168]}",7516192768,0,{},29360128,1048576,3670016,独立 GEMM：权重与输入各读一次、输出写一次的操作数载荷；不预测 tile 重读。,58
aggregate; see repeats,expert_230_silu_and_product,activation,"{""gate_and_up"": [256, 2048]}",0,1048576,"{""sigmoid"": 524288}",0,2097152,1048576,"SiLU multiply and gated product; sigmoid is a separate primitive, fused logical interface.",58
aggregate; see repeats,expert_231_gate,linear,"{""input"": [256, 7168], ""weight_math"": [7168, 2048], ""weight_storage"": [2048, 7168], ""output"": [256, 2048]}",7516192768,0,{},29360128,3670016,1048576,独立 GEMM：权重与输入各读一次、输出写一次的操作数载荷；不预测 tile 重读。,58
aggregate; see repeats,expert_231_up,linear,"{""input"": [256, 7168], ""weight_math"": [7168, 2048], ""weight_storage"": [2048, 7168], ""output"": [256, 2048]}",7516192768,0,{},29360128,3670016,1048576,独立 GEMM：权重与输入各读一次、输出写一次的操作数载荷；不预测 tile 重读。,58
aggregate; see repeats,expert_231_down,linear,"{""input"": [256, 2048], ""weight_math"": [2048, 7168], ""weight_storage"": [7168, 2048], ""output"": [256, 7168]}",7516192768,0,{},29360128,1048576,3670016,独立 GEMM：权重与输入各读一次、输出写一次的操作数载荷；不预测 tile 重读。,58
aggregate; see repeats,expert_231_silu_and_product,activation,"{""gate_and_up"": [256, 2048]}",0,1048576,"{""sigmoid"": 524288}",0,2097152,1048576,"SiLU multiply and gated product; sigmoid is a separate primitive, fused logical interface.",58
aggregate; see repeats,expert_232_gate,linear,"{""input"": [256, 7168], ""weight_math"": [7168, 2048], ""weight_storage"": [2048, 7168], ""output"": [256, 2048]}",7516192768,0,{},29360128,3670016,1048576,独立 GEMM：权重与输入各读一次、输出写一次的操作数载荷；不预测 tile 重读。,58
aggregate; see repeats,expert_232_up,linear,"{""input"": [256, 7168], ""weight_math"": [7168, 2048], ""weight_storage"": [2048, 7168], ""output"": [256, 2048]}",7516192768,0,{},29360128,3670016,1048576,独立 GEMM：权重与输入各读一次、输出写一次的操作数载荷；不预测 tile 重读。,58
aggregate; see repeats,expert_232_down,linear,"{""input"": [256, 2048], ""weight_math"": [2048, 7168], ""weight_storage"": [7168, 2048], ""output"": [256, 7168]}",7516192768,0,{},29360128,1048576,3670016,独立 GEMM：权重与输入各读一次、输出写一次的操作数载荷；不预测 tile 重读。,58
aggregate; see repeats,expert_232_silu_and_product,activation,"{""gate_and_up"": [256, 2048]}",0,1048576,"{""sigmoid"": 524288}",0,2097152,1048576,"SiLU multiply and gated product; sigmoid is a separate primitive, fused logical interface.",58
aggregate; see repeats,expert_233_gate,linear,"{""input"": [256, 7168], ""weight_math"": [7168, 2048], ""weight_storage"": [2048, 7168], ""output"": [256, 2048]}",7516192768,0,{},29360128,3670016,1048576,独立 GEMM：权重与输入各读一次、输出写一次的操作数载荷；不预测 tile 重读。,58
aggregate; see repeats,expert_233_up,linear,"{""input"": [256, 7168], ""weight_math"": [7168, 2048], ""weight_storage"": [2048, 7168], ""output"": [256, 2048]}",7516192768,0,{},29360128,3670016,1048576,独立 GEMM：权重与输入各读一次、输出写一次的操作数载荷；不预测 tile 重读。,58
aggregate; see repeats,expert_233_down,linear,"{""input"": [256, 2048], ""weight_math"": [2048, 7168], ""weight_storage"": [7168, 2048], ""output"": [256, 7168]}",7516192768,0,{},29360128,1048576,3670016,独立 GEMM：权重与输入各读一次、输出写一次的操作数载荷；不预测 tile 重读。,58
aggregate; see repeats,expert_233_silu_and_product,activation,"{""gate_and_up"": [256, 2048]}",0,1048576,"{""sigmoid"": 524288}",0,2097152,1048576,"SiLU multiply and gated product; sigmoid is a separate primitive, fused logical interface.",58
aggregate; see repeats,expert_234_gate,linear,"{""input"": [256, 7168], ""weight_math"": [7168, 2048], ""weight_storage"": [2048, 7168], ""output"": [256, 2048]}",7516192768,0,{},29360128,3670016,1048576,独立 GEMM：权重与输入各读一次、输出写一次的操作数载荷；不预测 tile 重读。,58
aggregate; see repeats,expert_234_up,linear,"{""input"": [256, 7168], ""weight_math"": [7168, 2048], ""weight_storage"": [2048, 7168], ""output"": [256, 2048]}",7516192768,0,{},29360128,3670016,1048576,独立 GEMM：权重与输入各读一次、输出写一次的操作数载荷；不预测 tile 重读。,58
aggregate; see repeats,expert_234_down,linear,"{""input"": [256, 2048], ""weight_math"": [2048, 7168], ""weight_storage"": [7168, 2048], ""output"": [256, 7168]}",7516192768,0,{},29360128,1048576,3670016,独立 GEMM：权重与输入各读一次、输出写一次的操作数载荷；不预测 tile 重读。,58
aggregate; see repeats,expert_234_silu_and_product,activation,"{""gate_and_up"": [256, 2048]}",0,1048576,"{""sigmoid"": 524288}",0,2097152,1048576,"SiLU multiply and gated product; sigmoid is a separate primitive, fused logical interface.",58
aggregate; see repeats,expert_235_gate,linear,"{""input"": [256, 7168], ""weight_math"": [7168, 2048], ""weight_storage"": [2048, 7168], ""output"": [256, 2048]}",7516192768,0,{},29360128,3670016,1048576,独立 GEMM：权重与输入各读一次、输出写一次的操作数载荷；不预测 tile 重读。,58
aggregate; see repeats,expert_235_up,linear,"{""input"": [256, 7168], ""weight_math"": [7168, 2048], ""weight_storage"": [2048, 7168], ""output"": [256, 2048]}",7516192768,0,{},29360128,3670016,1048576,独立 GEMM：权重与输入各读一次、输出写一次的操作数载荷；不预测 tile 重读。,58
aggregate; see repeats,expert_235_down,linear,"{""input"": [256, 2048], ""weight_math"": [2048, 7168], ""weight_storage"": [7168, 2048], ""output"": [256, 7168]}",7516192768,0,{},29360128,1048576,3670016,独立 GEMM：权重与输入各读一次、输出写一次的操作数载荷；不预测 tile 重读。,58
aggregate; see repeats,expert_235_silu_and_product,activation,"{""gate_and_up"": [256, 2048]}",0,1048576,"{""sigmoid"": 524288}",0,2097152,1048576,"SiLU multiply and gated product; sigmoid is a separate primitive, fused logical interface.",58
aggregate; see repeats,expert_236_gate,linear,"{""input"": [256, 7168], ""weight_math"": [7168, 2048], ""weight_storage"": [2048, 7168], ""output"": [256, 2048]}",7516192768,0,{},29360128,3670016,1048576,独立 GEMM：权重与输入各读一次、输出写一次的操作数载荷；不预测 tile 重读。,58
aggregate; see repeats,expert_236_up,linear,"{""input"": [256, 7168], ""weight_math"": [7168, 2048], ""weight_storage"": [2048, 7168], ""output"": [256, 2048]}",7516192768,0,{},29360128,3670016,1048576,独立 GEMM：权重与输入各读一次、输出写一次的操作数载荷；不预测 tile 重读。,58
aggregate; see repeats,expert_236_down,linear,"{""input"": [256, 2048], ""weight_math"": [2048, 7168], ""weight_storage"": [7168, 2048], ""output"": [256, 7168]}",7516192768,0,{},29360128,1048576,3670016,独立 GEMM：权重与输入各读一次、输出写一次的操作数载荷；不预测 tile 重读。,58
aggregate; see repeats,expert_236_silu_and_product,activation,"{""gate_and_up"": [256, 2048]}",0,1048576,"{""sigmoid"": 524288}",0,2097152,1048576,"SiLU multiply and gated product; sigmoid is a separate primitive, fused logical interface.",58
aggregate; see repeats,expert_237_gate,linear,"{""input"": [256, 7168], ""weight_math"": [7168, 2048], ""weight_storage"": [2048, 7168], ""output"": [256, 2048]}",7516192768,0,{},29360128,3670016,1048576,独立 GEMM：权重与输入各读一次、输出写一次的操作数载荷；不预测 tile 重读。,58
aggregate; see repeats,expert_237_up,linear,"{""input"": [256, 7168], ""weight_math"": [7168, 2048], ""weight_storage"": [2048, 7168], ""output"": [256, 2048]}",7516192768,0,{},29360128,3670016,1048576,独立 GEMM：权重与输入各读一次、输出写一次的操作数载荷；不预测 tile 重读。,58
aggregate; see repeats,expert_237_down,linear,"{""input"": [256, 2048], ""weight_math"": [2048, 7168], ""weight_storage"": [7168, 2048], ""output"": [256, 7168]}",7516192768,0,{},29360128,1048576,3670016,独立 GEMM：权重与输入各读一次、输出写一次的操作数载荷；不预测 tile 重读。,58
aggregate; see repeats,expert_237_silu_and_product,activation,"{""gate_and_up"": [256, 2048]}",0,1048576,"{""sigmoid"": 524288}",0,2097152,1048576,"SiLU multiply and gated product; sigmoid is a separate primitive, fused logical interface.",58
aggregate; see repeats,expert_238_gate,linear,"{""input"": [256, 7168], ""weight_math"": [7168, 2048], ""weight_storage"": [2048, 7168], ""output"": [256, 2048]}",7516192768,0,{},29360128,3670016,1048576,独立 GEMM：权重与输入各读一次、输出写一次的操作数载荷；不预测 tile 重读。,58
aggregate; see repeats,expert_238_up,linear,"{""input"": [256, 7168], ""weight_math"": [7168, 2048], ""weight_storage"": [2048, 7168], ""output"": [256, 2048]}",7516192768,0,{},29360128,3670016,1048576,独立 GEMM：权重与输入各读一次、输出写一次的操作数载荷；不预测 tile 重读。,58
aggregate; see repeats,expert_238_down,linear,"{""input"": [256, 2048], ""weight_math"": [2048, 7168], ""weight_storage"": [7168, 2048], ""output"": [256, 7168]}",7516192768,0,{},29360128,1048576,3670016,独立 GEMM：权重与输入各读一次、输出写一次的操作数载荷；不预测 tile 重读。,58
aggregate; see repeats,expert_238_silu_and_product,activation,"{""gate_and_up"": [256, 2048]}",0,1048576,"{""sigmoid"": 524288}",0,2097152,1048576,"SiLU multiply and gated product; sigmoid is a separate primitive, fused logical interface.",58
aggregate; see repeats,expert_239_gate,linear,"{""input"": [256, 7168], ""weight_math"": [7168, 2048], ""weight_storage"": [2048, 7168], ""output"": [256, 2048]}",7516192768,0,{},29360128,3670016,1048576,独立 GEMM：权重与输入各读一次、输出写一次的操作数载荷；不预测 tile 重读。,58
aggregate; see repeats,expert_239_up,linear,"{""input"": [256, 7168], ""weight_math"": [7168, 2048], ""weight_storage"": [2048, 7168], ""output"": [256, 2048]}",7516192768,0,{},29360128,3670016,1048576,独立 GEMM：权重与输入各读一次、输出写一次的操作数载荷；不预测 tile 重读。,58
aggregate; see repeats,expert_239_down,linear,"{""input"": [256, 2048], ""weight_math"": [2048, 7168], ""weight_storage"": [7168, 2048], ""output"": [256, 7168]}",7516192768,0,{},29360128,1048576,3670016,独立 GEMM：权重与输入各读一次、输出写一次的操作数载荷；不预测 tile 重读。,58
aggregate; see repeats,expert_239_silu_and_product,activation,"{""gate_and_up"": [256, 2048]}",0,1048576,"{""sigmoid"": 524288}",0,2097152,1048576,"SiLU multiply and gated product; sigmoid is a separate primitive, fused logical interface.",58
aggregate; see repeats,expert_240_gate,linear,"{""input"": [256, 7168], ""weight_math"": [7168, 2048], ""weight_storage"": [2048, 7168], ""output"": [256, 2048]}",7516192768,0,{},29360128,3670016,1048576,独立 GEMM：权重与输入各读一次、输出写一次的操作数载荷；不预测 tile 重读。,58
aggregate; see repeats,expert_240_up,linear,"{""input"": [256, 7168], ""weight_math"": [7168, 2048], ""weight_storage"": [2048, 7168], ""output"": [256, 2048]}",7516192768,0,{},29360128,3670016,1048576,独立 GEMM：权重与输入各读一次、输出写一次的操作数载荷；不预测 tile 重读。,58
aggregate; see repeats,expert_240_down,linear,"{""input"": [256, 2048], ""weight_math"": [2048, 7168], ""weight_storage"": [7168, 2048], ""output"": [256, 7168]}",7516192768,0,{},29360128,1048576,3670016,独立 GEMM：权重与输入各读一次、输出写一次的操作数载荷；不预测 tile 重读。,58
aggregate; see repeats,expert_240_silu_and_product,activation,"{""gate_and_up"": [256, 2048]}",0,1048576,"{""sigmoid"": 524288}",0,2097152,1048576,"SiLU multiply and gated product; sigmoid is a separate primitive, fused logical interface.",58
aggregate; see repeats,expert_241_gate,linear,"{""input"": [256, 7168], ""weight_math"": [7168, 2048], ""weight_storage"": [2048, 7168], ""output"": [256, 2048]}",7516192768,0,{},29360128,3670016,1048576,独立 GEMM：权重与输入各读一次、输出写一次的操作数载荷；不预测 tile 重读。,58
aggregate; see repeats,expert_241_up,linear,"{""input"": [256, 7168], ""weight_math"": [7168, 2048], ""weight_storage"": [2048, 7168], ""output"": [256, 2048]}",7516192768,0,{},29360128,3670016,1048576,独立 GEMM：权重与输入各读一次、输出写一次的操作数载荷；不预测 tile 重读。,58
aggregate; see repeats,expert_241_down,linear,"{""input"": [256, 2048], ""weight_math"": [2048, 7168], ""weight_storage"": [7168, 2048], ""output"": [256, 7168]}",7516192768,0,{},29360128,1048576,3670016,独立 GEMM：权重与输入各读一次、输出写一次的操作数载荷；不预测 tile 重读。,58
aggregate; see repeats,expert_241_silu_and_product,activation,"{""gate_and_up"": [256, 2048]}",0,1048576,"{""sigmoid"": 524288}",0,2097152,1048576,"SiLU multiply and gated product; sigmoid is a separate primitive, fused logical interface.",58
aggregate; see repeats,expert_242_gate,linear,"{""input"": [256, 7168], ""weight_math"": [7168, 2048], ""weight_storage"": [2048, 7168], ""output"": [256, 2048]}",7516192768,0,{},29360128,3670016,1048576,独立 GEMM：权重与输入各读一次、输出写一次的操作数载荷；不预测 tile 重读。,58
aggregate; see repeats,expert_242_up,linear,"{""input"": [256, 7168], ""weight_math"": [7168, 2048], ""weight_storage"": [2048, 7168], ""output"": [256, 2048]}",7516192768,0,{},29360128,3670016,1048576,独立 GEMM：权重与输入各读一次、输出写一次的操作数载荷；不预测 tile 重读。,58
aggregate; see repeats,expert_242_down,linear,"{""input"": [256, 2048], ""weight_math"": [2048, 7168], ""weight_storage"": [7168, 2048], ""output"": [256, 7168]}",7516192768,0,{},29360128,1048576,3670016,独立 GEMM：权重与输入各读一次、输出写一次的操作数载荷；不预测 tile 重读。,58
aggregate; see repeats,expert_242_silu_and_product,activation,"{""gate_and_up"": [256, 2048]}",0,1048576,"{""sigmoid"": 524288}",0,2097152,1048576,"SiLU multiply and gated product; sigmoid is a separate primitive, fused logical interface.",58
aggregate; see repeats,expert_243_gate,linear,"{""input"": [256, 7168], ""weight_math"": [7168, 2048], ""weight_storage"": [2048, 7168], ""output"": [256, 2048]}",7516192768,0,{},29360128,3670016,1048576,独立 GEMM：权重与输入各读一次、输出写一次的操作数载荷；不预测 tile 重读。,58
aggregate; see repeats,expert_243_up,linear,"{""input"": [256, 7168], ""weight_math"": [7168, 2048], ""weight_storage"": [2048, 7168], ""output"": [256, 2048]}",7516192768,0,{},29360128,3670016,1048576,独立 GEMM：权重与输入各读一次、输出写一次的操作数载荷；不预测 tile 重读。,58
aggregate; see repeats,expert_243_down,linear,"{""input"": [256, 2048], ""weight_math"": [2048, 7168], ""weight_storage"": [7168, 2048], ""output"": [256, 7168]}",7516192768,0,{},29360128,1048576,3670016,独立 GEMM：权重与输入各读一次、输出写一次的操作数载荷；不预测 tile 重读。,58
aggregate; see repeats,expert_243_silu_and_product,activation,"{""gate_and_up"": [256, 2048]}",0,1048576,"{""sigmoid"": 524288}",0,2097152,1048576,"SiLU multiply and gated product; sigmoid is a separate primitive, fused logical interface.",58
aggregate; see repeats,expert_244_gate,linear,"{""input"": [256, 7168], ""weight_math"": [7168, 2048], ""weight_storage"": [2048, 7168], ""output"": [256, 2048]}",7516192768,0,{},29360128,3670016,1048576,独立 GEMM：权重与输入各读一次、输出写一次的操作数载荷；不预测 tile 重读。,58
aggregate; see repeats,expert_244_up,linear,"{""input"": [256, 7168], ""weight_math"": [7168, 2048], ""weight_storage"": [2048, 7168], ""output"": [256, 2048]}",7516192768,0,{},29360128,3670016,1048576,独立 GEMM：权重与输入各读一次、输出写一次的操作数载荷；不预测 tile 重读。,58
aggregate; see repeats,expert_244_down,linear,"{""input"": [256, 2048], ""weight_math"": [2048, 7168], ""weight_storage"": [7168, 2048], ""output"": [256, 7168]}",7516192768,0,{},29360128,1048576,3670016,独立 GEMM：权重与输入各读一次、输出写一次的操作数载荷；不预测 tile 重读。,58
aggregate; see repeats,expert_244_silu_and_product,activation,"{""gate_and_up"": [256, 2048]}",0,1048576,"{""sigmoid"": 524288}",0,2097152,1048576,"SiLU multiply and gated product; sigmoid is a separate primitive, fused logical interface.",58
aggregate; see repeats,expert_245_gate,linear,"{""input"": [256, 7168], ""weight_math"": [7168, 2048], ""weight_storage"": [2048, 7168], ""output"": [256, 2048]}",7516192768,0,{},29360128,3670016,1048576,独立 GEMM：权重与输入各读一次、输出写一次的操作数载荷；不预测 tile 重读。,58
aggregate; see repeats,expert_245_up,linear,"{""input"": [256, 7168], ""weight_math"": [7168, 2048], ""weight_storage"": [2048, 7168], ""output"": [256, 2048]}",7516192768,0,{},29360128,3670016,1048576,独立 GEMM：权重与输入各读一次、输出写一次的操作数载荷；不预测 tile 重读。,58
aggregate; see repeats,expert_245_down,linear,"{""input"": [256, 2048], ""weight_math"": [2048, 7168], ""weight_storage"": [7168, 2048], ""output"": [256, 7168]}",7516192768,0,{},29360128,1048576,3670016,独立 GEMM：权重与输入各读一次、输出写一次的操作数载荷；不预测 tile 重读。,58
aggregate; see repeats,expert_245_silu_and_product,activation,"{""gate_and_up"": [256, 2048]}",0,1048576,"{""sigmoid"": 524288}",0,2097152,1048576,"SiLU multiply and gated product; sigmoid is a separate primitive, fused logical interface.",58
aggregate; see repeats,expert_246_gate,linear,"{""input"": [256, 7168], ""weight_math"": [7168, 2048], ""weight_storage"": [2048, 7168], ""output"": [256, 2048]}",7516192768,0,{},29360128,3670016,1048576,独立 GEMM：权重与输入各读一次、输出写一次的操作数载荷；不预测 tile 重读。,58
aggregate; see repeats,expert_246_up,linear,"{""input"": [256, 7168], ""weight_math"": [7168, 2048], ""weight_storage"": [2048, 7168], ""output"": [256, 2048]}",7516192768,0,{},29360128,3670016,1048576,独立 GEMM：权重与输入各读一次、输出写一次的操作数载荷；不预测 tile 重读。,58
aggregate; see repeats,expert_246_down,linear,"{""input"": [256, 2048], ""weight_math"": [2048, 7168], ""weight_storage"": [7168, 2048], ""output"": [256, 7168]}",7516192768,0,{},29360128,1048576,3670016,独立 GEMM：权重与输入各读一次、输出写一次的操作数载荷；不预测 tile 重读。,58
aggregate; see repeats,expert_246_silu_and_product,activation,"{""gate_and_up"": [256, 2048]}",0,1048576,"{""sigmoid"": 524288}",0,2097152,1048576,"SiLU multiply and gated product; sigmoid is a separate primitive, fused logical interface.",58
aggregate; see repeats,expert_247_gate,linear,"{""input"": [256, 7168], ""weight_math"": [7168, 2048], ""weight_storage"": [2048, 7168], ""output"": [256, 2048]}",7516192768,0,{},29360128,3670016,1048576,独立 GEMM：权重与输入各读一次、输出写一次的操作数载荷；不预测 tile 重读。,58
aggregate; see repeats,expert_247_up,linear,"{""input"": [256, 7168], ""weight_math"": [7168, 2048], ""weight_storage"": [2048, 7168], ""output"": [256, 2048]}",7516192768,0,{},29360128,3670016,1048576,独立 GEMM：权重与输入各读一次、输出写一次的操作数载荷；不预测 tile 重读。,58
aggregate; see repeats,expert_247_down,linear,"{""input"": [256, 2048], ""weight_math"": [2048, 7168], ""weight_storage"": [7168, 2048], ""output"": [256, 7168]}",7516192768,0,{},29360128,1048576,3670016,独立 GEMM：权重与输入各读一次、输出写一次的操作数载荷；不预测 tile 重读。,58
aggregate; see repeats,expert_247_silu_and_product,activation,"{""gate_and_up"": [256, 2048]}",0,1048576,"{""sigmoid"": 524288}",0,2097152,1048576,"SiLU multiply and gated product; sigmoid is a separate primitive, fused logical interface.",58
aggregate; see repeats,expert_248_gate,linear,"{""input"": [256, 7168], ""weight_math"": [7168, 2048], ""weight_storage"": [2048, 7168], ""output"": [256, 2048]}",7516192768,0,{},29360128,3670016,1048576,独立 GEMM：权重与输入各读一次、输出写一次的操作数载荷；不预测 tile 重读。,58
aggregate; see repeats,expert_248_up,linear,"{""input"": [256, 7168], ""weight_math"": [7168, 2048], ""weight_storage"": [2048, 7168], ""output"": [256, 2048]}",7516192768,0,{},29360128,3670016,1048576,独立 GEMM：权重与输入各读一次、输出写一次的操作数载荷；不预测 tile 重读。,58
aggregate; see repeats,expert_248_down,linear,"{""input"": [256, 2048], ""weight_math"": [2048, 7168], ""weight_storage"": [7168, 2048], ""output"": [256, 7168]}",7516192768,0,{},29360128,1048576,3670016,独立 GEMM：权重与输入各读一次、输出写一次的操作数载荷；不预测 tile 重读。,58
aggregate; see repeats,expert_248_silu_and_product,activation,"{""gate_and_up"": [256, 2048]}",0,1048576,"{""sigmoid"": 524288}",0,2097152,1048576,"SiLU multiply and gated product; sigmoid is a separate primitive, fused logical interface.",58
aggregate; see repeats,expert_249_gate,linear,"{""input"": [256, 7168], ""weight_math"": [7168, 2048], ""weight_storage"": [2048, 7168], ""output"": [256, 2048]}",7516192768,0,{},29360128,3670016,1048576,独立 GEMM：权重与输入各读一次、输出写一次的操作数载荷；不预测 tile 重读。,58
aggregate; see repeats,expert_249_up,linear,"{""input"": [256, 7168], ""weight_math"": [7168, 2048], ""weight_storage"": [2048, 7168], ""output"": [256, 2048]}",7516192768,0,{},29360128,3670016,1048576,独立 GEMM：权重与输入各读一次、输出写一次的操作数载荷；不预测 tile 重读。,58
aggregate; see repeats,expert_249_down,linear,"{""input"": [256, 2048], ""weight_math"": [2048, 7168], ""weight_storage"": [7168, 2048], ""output"": [256, 7168]}",7516192768,0,{},29360128,1048576,3670016,独立 GEMM：权重与输入各读一次、输出写一次的操作数载荷；不预测 tile 重读。,58
aggregate; see repeats,expert_249_silu_and_product,activation,"{""gate_and_up"": [256, 2048]}",0,1048576,"{""sigmoid"": 524288}",0,2097152,1048576,"SiLU multiply and gated product; sigmoid is a separate primitive, fused logical interface.",58
aggregate; see repeats,expert_250_gate,linear,"{""input"": [256, 7168], ""weight_math"": [7168, 2048], ""weight_storage"": [2048, 7168], ""output"": [256, 2048]}",7516192768,0,{},29360128,3670016,1048576,独立 GEMM：权重与输入各读一次、输出写一次的操作数载荷；不预测 tile 重读。,58
aggregate; see repeats,expert_250_up,linear,"{""input"": [256, 7168], ""weight_math"": [7168, 2048], ""weight_storage"": [2048, 7168], ""output"": [256, 2048]}",7516192768,0,{},29360128,3670016,1048576,独立 GEMM：权重与输入各读一次、输出写一次的操作数载荷；不预测 tile 重读。,58
aggregate; see repeats,expert_250_down,linear,"{""input"": [256, 2048], ""weight_math"": [2048, 7168], ""weight_storage"": [7168, 2048], ""output"": [256, 7168]}",7516192768,0,{},29360128,1048576,3670016,独立 GEMM：权重与输入各读一次、输出写一次的操作数载荷；不预测 tile 重读。,58
aggregate; see repeats,expert_250_silu_and_product,activation,"{""gate_and_up"": [256, 2048]}",0,1048576,"{""sigmoid"": 524288}",0,2097152,1048576,"SiLU multiply and gated product; sigmoid is a separate primitive, fused logical interface.",58
aggregate; see repeats,expert_251_gate,linear,"{""input"": [256, 7168], ""weight_math"": [7168, 2048], ""weight_storage"": [2048, 7168], ""output"": [256, 2048]}",7516192768,0,{},29360128,3670016,1048576,独立 GEMM：权重与输入各读一次、输出写一次的操作数载荷；不预测 tile 重读。,58
aggregate; see repeats,expert_251_up,linear,"{""input"": [256, 7168], ""weight_math"": [7168, 2048], ""weight_storage"": [2048, 7168], ""output"": [256, 2048]}",7516192768,0,{},29360128,3670016,1048576,独立 GEMM：权重与输入各读一次、输出写一次的操作数载荷；不预测 tile 重读。,58
aggregate; see repeats,expert_251_down,linear,"{""input"": [256, 2048], ""weight_math"": [2048, 7168], ""weight_storage"": [7168, 2048], ""output"": [256, 7168]}",7516192768,0,{},29360128,1048576,3670016,独立 GEMM：权重与输入各读一次、输出写一次的操作数载荷；不预测 tile 重读。,58
aggregate; see repeats,expert_251_silu_and_product,activation,"{""gate_and_up"": [256, 2048]}",0,1048576,"{""sigmoid"": 524288}",0,2097152,1048576,"SiLU multiply and gated product; sigmoid is a separate primitive, fused logical interface.",58
aggregate; see repeats,expert_252_gate,linear,"{""input"": [256, 7168], ""weight_math"": [7168, 2048], ""weight_storage"": [2048, 7168], ""output"": [256, 2048]}",7516192768,0,{},29360128,3670016,1048576,独立 GEMM：权重与输入各读一次、输出写一次的操作数载荷；不预测 tile 重读。,58
aggregate; see repeats,expert_252_up,linear,"{""input"": [256, 7168], ""weight_math"": [7168, 2048], ""weight_storage"": [2048, 7168], ""output"": [256, 2048]}",7516192768,0,{},29360128,3670016,1048576,独立 GEMM：权重与输入各读一次、输出写一次的操作数载荷；不预测 tile 重读。,58
aggregate; see repeats,expert_252_down,linear,"{""input"": [256, 2048], ""weight_math"": [2048, 7168], ""weight_storage"": [7168, 2048], ""output"": [256, 7168]}",7516192768,0,{},29360128,1048576,3670016,独立 GEMM：权重与输入各读一次、输出写一次的操作数载荷；不预测 tile 重读。,58
aggregate; see repeats,expert_252_silu_and_product,activation,"{""gate_and_up"": [256, 2048]}",0,1048576,"{""sigmoid"": 524288}",0,2097152,1048576,"SiLU multiply and gated product; sigmoid is a separate primitive, fused logical interface.",58
aggregate; see repeats,expert_253_gate,linear,"{""input"": [256, 7168], ""weight_math"": [7168, 2048], ""weight_storage"": [2048, 7168], ""output"": [256, 2048]}",7516192768,0,{},29360128,3670016,1048576,独立 GEMM：权重与输入各读一次、输出写一次的操作数载荷；不预测 tile 重读。,58
aggregate; see repeats,expert_253_up,linear,"{""input"": [256, 7168], ""weight_math"": [7168, 2048], ""weight_storage"": [2048, 7168], ""output"": [256, 2048]}",7516192768,0,{},29360128,3670016,1048576,独立 GEMM：权重与输入各读一次、输出写一次的操作数载荷；不预测 tile 重读。,58
aggregate; see repeats,expert_253_down,linear,"{""input"": [256, 2048], ""weight_math"": [2048, 7168], ""weight_storage"": [7168, 2048], ""output"": [256, 7168]}",7516192768,0,{},29360128,1048576,3670016,独立 GEMM：权重与输入各读一次、输出写一次的操作数载荷；不预测 tile 重读。,58
aggregate; see repeats,expert_253_silu_and_product,activation,"{""gate_and_up"": [256, 2048]}",0,1048576,"{""sigmoid"": 524288}",0,2097152,1048576,"SiLU multiply and gated product; sigmoid is a separate primitive, fused logical interface.",58
aggregate; see repeats,expert_254_gate,linear,"{""input"": [256, 7168], ""weight_math"": [7168, 2048], ""weight_storage"": [2048, 7168], ""output"": [256, 2048]}",7516192768,0,{},29360128,3670016,1048576,独立 GEMM：权重与输入各读一次、输出写一次的操作数载荷；不预测 tile 重读。,58
aggregate; see repeats,expert_254_up,linear,"{""input"": [256, 7168], ""weight_math"": [7168, 2048], ""weight_storage"": [2048, 7168], ""output"": [256, 2048]}",7516192768,0,{},29360128,3670016,1048576,独立 GEMM：权重与输入各读一次、输出写一次的操作数载荷；不预测 tile 重读。,58
aggregate; see repeats,expert_254_down,linear,"{""input"": [256, 2048], ""weight_math"": [2048, 7168], ""weight_storage"": [7168, 2048], ""output"": [256, 7168]}",7516192768,0,{},29360128,1048576,3670016,独立 GEMM：权重与输入各读一次、输出写一次的操作数载荷；不预测 tile 重读。,58
aggregate; see repeats,expert_254_silu_and_product,activation,"{""gate_and_up"": [256, 2048]}",0,1048576,"{""sigmoid"": 524288}",0,2097152,1048576,"SiLU multiply and gated product; sigmoid is a separate primitive, fused logical interface.",58
aggregate; see repeats,expert_255_gate,linear,"{""input"": [256, 7168], ""weight_math"": [7168, 2048], ""weight_storage"": [2048, 7168], ""output"": [256, 2048]}",7516192768,0,{},29360128,3670016,1048576,独立 GEMM：权重与输入各读一次、输出写一次的操作数载荷；不预测 tile 重读。,58
aggregate; see repeats,expert_255_up,linear,"{""input"": [256, 7168], ""weight_math"": [7168, 2048], ""weight_storage"": [2048, 7168], ""output"": [256, 2048]}",7516192768,0,{},29360128,3670016,1048576,独立 GEMM：权重与输入各读一次、输出写一次的操作数载荷；不预测 tile 重读。,58
aggregate; see repeats,expert_255_down,linear,"{""input"": [256, 2048], ""weight_math"": [2048, 7168], ""weight_storage"": [7168, 2048], ""output"": [256, 7168]}",7516192768,0,{},29360128,1048576,3670016,独立 GEMM：权重与输入各读一次、输出写一次的操作数载荷；不预测 tile 重读。,58
aggregate; see repeats,expert_255_silu_and_product,activation,"{""gate_and_up"": [256, 2048]}",0,1048576,"{""sigmoid"": 524288}",0,2097152,1048576,"SiLU multiply and gated product; sigmoid is a separate primitive, fused logical interface.",58
aggregate; see repeats,routed_weighted_reduce_and_shared_add,routing,"{""expert_outputs"": [8192, 8, 7168]}",0,939524096,{},0,1057226752,117440512,"k weighted products, k-1 reductions, shared add per output cell. Source does weighted accumulation in FP32; operand interface uses BF16 expert outputs plus FP32 gate weights.",58
aggregate; see repeats,attention_and_ffn_residual_adds,residual,"{""input"": [8192, 7168]}",0,58720256,{},0,234881024,117440512,,122
aggregate; see repeats,final_rmsnorm,normalization,"{""input"": [8192, 7168], ""weight"": [7168], ""output"": [8192, 7168]}",0,234889216,"{""rsqrt"": 8192}",14336,117440512,117440512,按 FP32 行内归约的代数计数；rsqrt、类型转换与临时 FP32 张量分列／不推断 HBM spill。,1
aggregate; see repeats,lm_head,linear,"{""input"": [1, 7168], ""weight_math"": [7168, 129280], ""weight_storage"": [129280, 7168], ""output"": [1, 129280]}",1853358080,0,{},1853358080,14336,258560,独立 GEMM：权重与输入各读一次、输出写一次的操作数载荷；不预测 tile 重读。,1
aggregate; see repeats,logits_float32_cast,cast,"{""logits"": [1, 129280]}",0,0,"{""cast_elements"": 129280}",0,258560,517120,,1
