V0908 19:18:58.103000 1964246 torch/_inductor/graph.py:2469] [0/0] [__output_code] Output code: 
V0908 19:18:58.103000 1964246 torch/_inductor/graph.py:2469] [0/0] [__output_code] # AOT ID: ['0_inference']
V0908 19:18:58.103000 1964246 torch/_inductor/graph.py:2469] [0/0] [__output_code] from ctypes import c_void_p, c_long, c_int
V0908 19:18:58.103000 1964246 torch/_inductor/graph.py:2469] [0/0] [__output_code] import torch
V0908 19:18:58.103000 1964246 torch/_inductor/graph.py:2469] [0/0] [__output_code] import math
V0908 19:18:58.103000 1964246 torch/_inductor/graph.py:2469] [0/0] [__output_code] import random
V0908 19:18:58.103000 1964246 torch/_inductor/graph.py:2469] [0/0] [__output_code] import os
V0908 19:18:58.103000 1964246 torch/_inductor/graph.py:2469] [0/0] [__output_code] import tempfile
V0908 19:18:58.103000 1964246 torch/_inductor/graph.py:2469] [0/0] [__output_code] from math import inf, nan
V0908 19:18:58.103000 1964246 torch/_inductor/graph.py:2469] [0/0] [__output_code] from cmath import nanj
V0908 19:18:58.103000 1964246 torch/_inductor/graph.py:2469] [0/0] [__output_code] from torch._inductor.hooks import run_intermediate_hooks
V0908 19:18:58.103000 1964246 torch/_inductor/graph.py:2469] [0/0] [__output_code] from torch._inductor.utils import maybe_profile
V0908 19:18:58.103000 1964246 torch/_inductor/graph.py:2469] [0/0] [__output_code] from torch._inductor.codegen.memory_planning import _align as align
V0908 19:18:58.103000 1964246 torch/_inductor/graph.py:2469] [0/0] [__output_code] from torch import device, empty_strided
V0908 19:18:58.103000 1964246 torch/_inductor/graph.py:2469] [0/0] [__output_code] from torch._inductor.async_compile import AsyncCompile
V0908 19:18:58.103000 1964246 torch/_inductor/graph.py:2469] [0/0] [__output_code] from torch._inductor.select_algorithm import extern_kernels
V0908 19:18:58.103000 1964246 torch/_inductor/graph.py:2469] [0/0] [__output_code] 
V0908 19:18:58.103000 1964246 torch/_inductor/graph.py:2469] [0/0] [__output_code] aten = torch.ops.aten
V0908 19:18:58.103000 1964246 torch/_inductor/graph.py:2469] [0/0] [__output_code] inductor_ops = torch.ops.inductor
V0908 19:18:58.103000 1964246 torch/_inductor/graph.py:2469] [0/0] [__output_code] _quantized = torch.ops._quantized
V0908 19:18:58.103000 1964246 torch/_inductor/graph.py:2469] [0/0] [__output_code] assert_size_stride = torch._C._dynamo.guards.assert_size_stride
V0908 19:18:58.103000 1964246 torch/_inductor/graph.py:2469] [0/0] [__output_code] assert_alignment = torch._C._dynamo.guards.assert_alignment
V0908 19:18:58.103000 1964246 torch/_inductor/graph.py:2469] [0/0] [__output_code] empty_strided_cpu = torch._C._dynamo.guards._empty_strided_cpu
V0908 19:18:58.103000 1964246 torch/_inductor/graph.py:2469] [0/0] [__output_code] empty_strided_cpu_pinned = torch._C._dynamo.guards._empty_strided_cpu_pinned
V0908 19:18:58.103000 1964246 torch/_inductor/graph.py:2469] [0/0] [__output_code] empty_strided_cuda = torch._C._dynamo.guards._empty_strided_cuda
V0908 19:18:58.103000 1964246 torch/_inductor/graph.py:2469] [0/0] [__output_code] empty_strided_xpu = torch._C._dynamo.guards._empty_strided_xpu
V0908 19:18:58.103000 1964246 torch/_inductor/graph.py:2469] [0/0] [__output_code] empty_strided_mtia = torch._C._dynamo.guards._empty_strided_mtia
V0908 19:18:58.103000 1964246 torch/_inductor/graph.py:2469] [0/0] [__output_code] reinterpret_tensor = torch._C._dynamo.guards._reinterpret_tensor
V0908 19:18:58.103000 1964246 torch/_inductor/graph.py:2469] [0/0] [__output_code] alloc_from_pool = torch.ops.inductor._alloc_from_pool
V0908 19:18:58.103000 1964246 torch/_inductor/graph.py:2469] [0/0] [__output_code] async_compile = AsyncCompile()
V0908 19:18:58.103000 1964246 torch/_inductor/graph.py:2469] [0/0] [__output_code] empty_strided_p2p = torch._C._distributed_c10d._SymmetricMemory.empty_strided_p2p
V0908 19:18:58.103000 1964246 torch/_inductor/graph.py:2469] [0/0] [__output_code] 
V0908 19:18:58.103000 1964246 torch/_inductor/graph.py:2469] [0/0] [__output_code] 
V0908 19:18:58.103000 1964246 torch/_inductor/graph.py:2469] [0/0] [__output_code] async_compile.wait(globals())
V0908 19:18:58.103000 1964246 torch/_inductor/graph.py:2469] [0/0] [__output_code] del async_compile
V0908 19:18:58.103000 1964246 torch/_inductor/graph.py:2469] [0/0] [__output_code] 
V0908 19:18:58.103000 1964246 torch/_inductor/graph.py:2469] [0/0] [__output_code] class Runner:
V0908 19:18:58.103000 1964246 torch/_inductor/graph.py:2469] [0/0] [__output_code]     def __init__(self, partitions):
V0908 19:18:58.103000 1964246 torch/_inductor/graph.py:2469] [0/0] [__output_code]         self.partitions = partitions
V0908 19:18:58.103000 1964246 torch/_inductor/graph.py:2469] [0/0] [__output_code] 
V0908 19:18:58.103000 1964246 torch/_inductor/graph.py:2469] [0/0] [__output_code]     def recursively_apply_fns(self, fns):
V0908 19:18:58.103000 1964246 torch/_inductor/graph.py:2469] [0/0] [__output_code]         new_callables = []
V0908 19:18:58.103000 1964246 torch/_inductor/graph.py:2469] [0/0] [__output_code]         for fn, c in zip(fns, self.partitions):
V0908 19:18:58.103000 1964246 torch/_inductor/graph.py:2469] [0/0] [__output_code]             new_callables.append(fn(c))
V0908 19:18:58.103000 1964246 torch/_inductor/graph.py:2469] [0/0] [__output_code]         self.partitions = new_callables
V0908 19:18:58.103000 1964246 torch/_inductor/graph.py:2469] [0/0] [__output_code] 
V0908 19:18:58.103000 1964246 torch/_inductor/graph.py:2469] [0/0] [__output_code]     def call(self, args):
V0908 19:18:58.103000 1964246 torch/_inductor/graph.py:2469] [0/0] [__output_code]         arg0_1, arg1_1 = args
V0908 19:18:58.103000 1964246 torch/_inductor/graph.py:2469] [0/0] [__output_code]         args.clear()
V0908 19:18:58.103000 1964246 torch/_inductor/graph.py:2469] [0/0] [__output_code]         assert_size_stride(arg0_1, (1, 12288), (12288, 1))
V0908 19:18:58.103000 1964246 torch/_inductor/graph.py:2469] [0/0] [__output_code]         assert_size_stride(arg1_1, (1, 12288), (12288, 1))
V0908 19:18:58.103000 1964246 torch/_inductor/graph.py:2469] [0/0] [__output_code]         with torch.cuda._DeviceGuard(0):
V0908 19:18:58.103000 1964246 torch/_inductor/graph.py:2469] [0/0] [__output_code]             torch.cuda.set_device(0)
V0908 19:18:58.103000 1964246 torch/_inductor/graph.py:2469] [0/0] [__output_code]             # Topologically Sorted Source Nodes: [opaque_default], Original ATen: [book504round.opaque]
V0908 19:18:58.103000 1964246 torch/_inductor/graph.py:2469] [0/0] [__output_code]             buf0 = torch.ops.book504round.opaque.default(arg0_1, arg1_1)
V0908 19:18:58.103000 1964246 torch/_inductor/graph.py:2469] [0/0] [__output_code]             del arg0_1
V0908 19:18:58.103000 1964246 torch/_inductor/graph.py:2469] [0/0] [__output_code]             del arg1_1
V0908 19:18:58.103000 1964246 torch/_inductor/graph.py:2469] [0/0] [__output_code]             buf1 = buf0[0]
V0908 19:18:58.103000 1964246 torch/_inductor/graph.py:2469] [0/0] [__output_code]             assert_size_stride(buf1, (1, 12288), (12288, 1), 'torch.ops.book504round.opaque.default')
V0908 19:18:58.103000 1964246 torch/_inductor/graph.py:2469] [0/0] [__output_code]             assert_alignment(buf1, 16, 'torch.ops.book504round.opaque.default')
V0908 19:18:58.103000 1964246 torch/_inductor/graph.py:2469] [0/0] [__output_code]             buf2 = buf0[1]
V0908 19:18:58.103000 1964246 torch/_inductor/graph.py:2469] [0/0] [__output_code]             assert_size_stride(buf2, (1, 1), (1, 1), 'torch.ops.book504round.opaque.default')
V0908 19:18:58.103000 1964246 torch/_inductor/graph.py:2469] [0/0] [__output_code]             assert_alignment(buf2, 16, 'torch.ops.book504round.opaque.default')
V0908 19:18:58.103000 1964246 torch/_inductor/graph.py:2469] [0/0] [__output_code]             del buf0
V0908 19:18:58.103000 1964246 torch/_inductor/graph.py:2469] [0/0] [__output_code]         return (buf1, buf2, )
V0908 19:18:58.103000 1964246 torch/_inductor/graph.py:2469] [0/0] [__output_code] 
V0908 19:18:58.103000 1964246 torch/_inductor/graph.py:2469] [0/0] [__output_code] runner = Runner(partitions=[])
V0908 19:18:58.103000 1964246 torch/_inductor/graph.py:2469] [0/0] [__output_code] call = runner.call
V0908 19:18:58.103000 1964246 torch/_inductor/graph.py:2469] [0/0] [__output_code] recursively_apply_fns = runner.recursively_apply_fns
V0908 19:18:58.103000 1964246 torch/_inductor/graph.py:2469] [0/0] [__output_code] 
V0908 19:18:58.103000 1964246 torch/_inductor/graph.py:2469] [0/0] [__output_code] 
V0908 19:18:58.103000 1964246 torch/_inductor/graph.py:2469] [0/0] [__output_code] def benchmark_compiled_module(times=10, repeat=10):
V0908 19:18:58.103000 1964246 torch/_inductor/graph.py:2469] [0/0] [__output_code]     from torch._dynamo.testing import rand_strided
V0908 19:18:58.103000 1964246 torch/_inductor/graph.py:2469] [0/0] [__output_code]     from torch._inductor.utils import print_performance
V0908 19:18:58.103000 1964246 torch/_inductor/graph.py:2469] [0/0] [__output_code]     arg0_1 = rand_strided((1, 12288), (12288, 1), device='cuda:0', dtype=torch.bfloat16)
V0908 19:18:58.103000 1964246 torch/_inductor/graph.py:2469] [0/0] [__output_code]     arg1_1 = rand_strided((1, 12288), (12288, 1), device='cuda:0', dtype=torch.bfloat16)
V0908 19:18:58.103000 1964246 torch/_inductor/graph.py:2469] [0/0] [__output_code]     fn = lambda: call([arg0_1, arg1_1])
V0908 19:18:58.103000 1964246 torch/_inductor/graph.py:2469] [0/0] [__output_code]     return print_performance(fn, times=times, repeat=repeat)
V0908 19:18:58.103000 1964246 torch/_inductor/graph.py:2469] [0/0] [__output_code] 
V0908 19:18:58.103000 1964246 torch/_inductor/graph.py:2469] [0/0] [__output_code] 
V0908 19:18:58.103000 1964246 torch/_inductor/graph.py:2469] [0/0] [__output_code] if __name__ == "__main__":
V0908 19:18:58.103000 1964246 torch/_inductor/graph.py:2469] [0/0] [__output_code]     from torch._inductor.wrapper_benchmark import compiled_module_main
V0908 19:18:58.103000 1964246 torch/_inductor/graph.py:2469] [0/0] [__output_code]     compiled_module_main('None', benchmark_compiled_module)
V0908 19:18:58.103000 1964246 torch/_inductor/graph.py:2469] [0/0] [__output_code] 
V0908 19:18:58.316000 1964246 torch/_inductor/graph.py:2480] [0/0] [__output_code] Output code written to: /tmp/torchinductor_ubuntu/jf/cjf4udvnxmsiekdwrg2hl7aic4ppkzuhw4thva3lnydsbiqtugdb.py
I0908 19:18:58.321000 1964246 torch/_inductor/graph.py:2440] [0/0] [__output_code] Output code written to: /tmp/torchinductor_ubuntu/jf/cjf4udvnxmsiekdwrg2hl7aic4ppkzuhw4thva3lnydsbiqtugdb.py
V0908 19:18:58.643000 1964246 torch/_inductor/graph.py:2469] [1/0] [__output_code] Output code: 
V0908 19:18:58.643000 1964246 torch/_inductor/graph.py:2469] [1/0] [__output_code] # AOT ID: ['1_inference']
V0908 19:18:58.643000 1964246 torch/_inductor/graph.py:2469] [1/0] [__output_code] from ctypes import c_void_p, c_long, c_int
V0908 19:18:58.643000 1964246 torch/_inductor/graph.py:2469] [1/0] [__output_code] import torch
V0908 19:18:58.643000 1964246 torch/_inductor/graph.py:2469] [1/0] [__output_code] import math
V0908 19:18:58.643000 1964246 torch/_inductor/graph.py:2469] [1/0] [__output_code] import random
V0908 19:18:58.643000 1964246 torch/_inductor/graph.py:2469] [1/0] [__output_code] import os
V0908 19:18:58.643000 1964246 torch/_inductor/graph.py:2469] [1/0] [__output_code] import tempfile
V0908 19:18:58.643000 1964246 torch/_inductor/graph.py:2469] [1/0] [__output_code] from math import inf, nan
V0908 19:18:58.643000 1964246 torch/_inductor/graph.py:2469] [1/0] [__output_code] from cmath import nanj
V0908 19:18:58.643000 1964246 torch/_inductor/graph.py:2469] [1/0] [__output_code] from torch._inductor.hooks import run_intermediate_hooks
V0908 19:18:58.643000 1964246 torch/_inductor/graph.py:2469] [1/0] [__output_code] from torch._inductor.utils import maybe_profile
V0908 19:18:58.643000 1964246 torch/_inductor/graph.py:2469] [1/0] [__output_code] from torch._inductor.codegen.memory_planning import _align as align
V0908 19:18:58.643000 1964246 torch/_inductor/graph.py:2469] [1/0] [__output_code] from torch import device, empty_strided
V0908 19:18:58.643000 1964246 torch/_inductor/graph.py:2469] [1/0] [__output_code] from torch._inductor.async_compile import AsyncCompile
V0908 19:18:58.643000 1964246 torch/_inductor/graph.py:2469] [1/0] [__output_code] from torch._inductor.select_algorithm import extern_kernels
V0908 19:18:58.643000 1964246 torch/_inductor/graph.py:2469] [1/0] [__output_code] import triton
V0908 19:18:58.643000 1964246 torch/_inductor/graph.py:2469] [1/0] [__output_code] import triton.language as tl
V0908 19:18:58.643000 1964246 torch/_inductor/graph.py:2469] [1/0] [__output_code] from torch._inductor.runtime.triton_heuristics import start_graph, end_graph
V0908 19:18:58.643000 1964246 torch/_inductor/graph.py:2469] [1/0] [__output_code] from torch._C import _cuda_getCurrentRawStream as get_raw_stream
V0908 19:18:58.643000 1964246 torch/_inductor/graph.py:2469] [1/0] [__output_code] 
V0908 19:18:58.643000 1964246 torch/_inductor/graph.py:2469] [1/0] [__output_code] aten = torch.ops.aten
V0908 19:18:58.643000 1964246 torch/_inductor/graph.py:2469] [1/0] [__output_code] inductor_ops = torch.ops.inductor
V0908 19:18:58.643000 1964246 torch/_inductor/graph.py:2469] [1/0] [__output_code] _quantized = torch.ops._quantized
V0908 19:18:58.643000 1964246 torch/_inductor/graph.py:2469] [1/0] [__output_code] assert_size_stride = torch._C._dynamo.guards.assert_size_stride
V0908 19:18:58.643000 1964246 torch/_inductor/graph.py:2469] [1/0] [__output_code] assert_alignment = torch._C._dynamo.guards.assert_alignment
V0908 19:18:58.643000 1964246 torch/_inductor/graph.py:2469] [1/0] [__output_code] empty_strided_cpu = torch._C._dynamo.guards._empty_strided_cpu
V0908 19:18:58.643000 1964246 torch/_inductor/graph.py:2469] [1/0] [__output_code] empty_strided_cpu_pinned = torch._C._dynamo.guards._empty_strided_cpu_pinned
V0908 19:18:58.643000 1964246 torch/_inductor/graph.py:2469] [1/0] [__output_code] empty_strided_cuda = torch._C._dynamo.guards._empty_strided_cuda
V0908 19:18:58.643000 1964246 torch/_inductor/graph.py:2469] [1/0] [__output_code] empty_strided_xpu = torch._C._dynamo.guards._empty_strided_xpu
V0908 19:18:58.643000 1964246 torch/_inductor/graph.py:2469] [1/0] [__output_code] empty_strided_mtia = torch._C._dynamo.guards._empty_strided_mtia
V0908 19:18:58.643000 1964246 torch/_inductor/graph.py:2469] [1/0] [__output_code] reinterpret_tensor = torch._C._dynamo.guards._reinterpret_tensor
V0908 19:18:58.643000 1964246 torch/_inductor/graph.py:2469] [1/0] [__output_code] alloc_from_pool = torch.ops.inductor._alloc_from_pool
V0908 19:18:58.643000 1964246 torch/_inductor/graph.py:2469] [1/0] [__output_code] async_compile = AsyncCompile()
V0908 19:18:58.643000 1964246 torch/_inductor/graph.py:2469] [1/0] [__output_code] empty_strided_p2p = torch._C._distributed_c10d._SymmetricMemory.empty_strided_p2p
V0908 19:18:58.643000 1964246 torch/_inductor/graph.py:2469] [1/0] [__output_code] 
V0908 19:18:58.643000 1964246 torch/_inductor/graph.py:2469] [1/0] [__output_code] 
V0908 19:18:58.643000 1964246 torch/_inductor/graph.py:2469] [1/0] [__output_code] # kernel path: /tmp/torchinductor_ubuntu/zm/czmnazywluhq7iaouevyzxtbvrgi4vdmpnvwrdhz5q3b7y3ie5es.py
V0908 19:18:58.643000 1964246 torch/_inductor/graph.py:2469] [1/0] [__output_code] # Topologically Sorted Source Nodes: [float_1, silu, float_2, raw, bits, add, rshift, and_, add_1, and__1, y, abs_1, amax], Original ATen: [aten._to_copy, aten.silu, aten.mul, aten.view, aten.add, aten.__rshift__, aten.bitwise_and, aten.abs, aten.amax]
V0908 19:18:58.643000 1964246 torch/_inductor/graph.py:2469] [1/0] [__output_code] # Source node to ATen node mapping:
V0908 19:18:58.643000 1964246 torch/_inductor/graph.py:2469] [1/0] [__output_code] #   abs_1 => abs_1
V0908 19:18:58.643000 1964246 torch/_inductor/graph.py:2469] [1/0] [__output_code] #   add => add
V0908 19:18:58.643000 1964246 torch/_inductor/graph.py:2469] [1/0] [__output_code] #   add_1 => add_1
V0908 19:18:58.643000 1964246 torch/_inductor/graph.py:2469] [1/0] [__output_code] #   amax => amax
V0908 19:18:58.643000 1964246 torch/_inductor/graph.py:2469] [1/0] [__output_code] #   and_ => bitwise_and
V0908 19:18:58.643000 1964246 torch/_inductor/graph.py:2469] [1/0] [__output_code] #   and__1 => bitwise_and_1
V0908 19:18:58.643000 1964246 torch/_inductor/graph.py:2469] [1/0] [__output_code] #   bits => view
V0908 19:18:58.643000 1964246 torch/_inductor/graph.py:2469] [1/0] [__output_code] #   float_1 => convert_element_type
V0908 19:18:58.643000 1964246 torch/_inductor/graph.py:2469] [1/0] [__output_code] #   float_2 => convert_element_type_1
V0908 19:18:58.643000 1964246 torch/_inductor/graph.py:2469] [1/0] [__output_code] #   raw => mul_1
V0908 19:18:58.643000 1964246 torch/_inductor/graph.py:2469] [1/0] [__output_code] #   rshift => rshift
V0908 19:18:58.643000 1964246 torch/_inductor/graph.py:2469] [1/0] [__output_code] #   silu => mul, sigmoid
V0908 19:18:58.643000 1964246 torch/_inductor/graph.py:2469] [1/0] [__output_code] #   y => view_1
V0908 19:18:58.643000 1964246 torch/_inductor/graph.py:2469] [1/0] [__output_code] # Graph fragment:
V0908 19:18:58.643000 1964246 torch/_inductor/graph.py:2469] [1/0] [__output_code] #   %arg0_1 : Tensor "bf16[1, 12288][12288, 1]cuda:0" = PlaceHolder[target=arg0_1]
V0908 19:18:58.643000 1964246 torch/_inductor/graph.py:2469] [1/0] [__output_code] #   %arg1_1 : Tensor "bf16[1, 12288][12288, 1]cuda:0" = PlaceHolder[target=arg1_1]
V0908 19:18:58.643000 1964246 torch/_inductor/graph.py:2469] [1/0] [__output_code] #   %convert_element_type : Tensor "f32[1, 12288][12288, 1]cuda:0"[num_users=2] = call_function[target=torch.ops.prims.convert_element_type.default](args = (%arg0_1, torch.float32), kwargs = {})
V0908 19:18:58.643000 1964246 torch/_inductor/graph.py:2469] [1/0] [__output_code] #   %sigmoid : Tensor "f32[1, 12288][12288, 1]cuda:0"[num_users=1] = call_function[target=torch.ops.aten.sigmoid.default](args = (%convert_element_type,), kwargs = {})
V0908 19:18:58.643000 1964246 torch/_inductor/graph.py:2469] [1/0] [__output_code] #   %mul : Tensor "f32[1, 12288][12288, 1]cuda:0"[num_users=1] = call_function[target=torch.ops.aten.mul.Tensor](args = (%convert_element_type, %sigmoid), kwargs = {})
V0908 19:18:58.643000 1964246 torch/_inductor/graph.py:2469] [1/0] [__output_code] #   %convert_element_type_1 : Tensor "f32[1, 12288][12288, 1]cuda:0"[num_users=1] = call_function[target=torch.ops.prims.convert_element_type.default](args = (%arg1_1, torch.float32), kwargs = {})
V0908 19:18:58.643000 1964246 torch/_inductor/graph.py:2469] [1/0] [__output_code] #   %mul_1 : Tensor "f32[1, 12288][12288, 1]cuda:0"[num_users=1] = call_function[target=torch.ops.aten.mul.Tensor](args = (%mul, %convert_element_type_1), kwargs = {})
V0908 19:18:58.643000 1964246 torch/_inductor/graph.py:2469] [1/0] [__output_code] #   %view : Tensor "i32[1, 12288][12288, 1]cuda:0"[num_users=2] = call_function[target=torch.ops.aten.view.dtype](args = (%mul_1, torch.int32), kwargs = {})
V0908 19:18:58.643000 1964246 torch/_inductor/graph.py:2469] [1/0] [__output_code] #   %add : Tensor "i32[1, 12288][12288, 1]cuda:0"[num_users=1] = call_function[target=torch.ops.aten.add.Tensor](args = (%view, 32767), kwargs = {})
V0908 19:18:58.643000 1964246 torch/_inductor/graph.py:2469] [1/0] [__output_code] #   %rshift : Tensor "i32[1, 12288][12288, 1]cuda:0"[num_users=1] = call_function[target=torch.ops.aten.__rshift__.Scalar](args = (%view, 16), kwargs = {})
V0908 19:18:58.643000 1964246 torch/_inductor/graph.py:2469] [1/0] [__output_code] #   %bitwise_and : Tensor "i32[1, 12288][12288, 1]cuda:0"[num_users=1] = call_function[target=torch.ops.aten.bitwise_and.Scalar](args = (%rshift, 1), kwargs = {})
V0908 19:18:58.643000 1964246 torch/_inductor/graph.py:2469] [1/0] [__output_code] #   %add_1 : Tensor "i32[1, 12288][12288, 1]cuda:0"[num_users=1] = call_function[target=torch.ops.aten.add.Tensor](args = (%add, %bitwise_and), kwargs = {})
V0908 19:18:58.643000 1964246 torch/_inductor/graph.py:2469] [1/0] [__output_code] #   %bitwise_and_1 : Tensor "i32[1, 12288][12288, 1]cuda:0"[num_users=1] = call_function[target=torch.ops.aten.bitwise_and.Scalar](args = (%add_1, -65536), kwargs = {})
V0908 19:18:58.643000 1964246 torch/_inductor/graph.py:2469] [1/0] [__output_code] #   %view_1 : Tensor "f32[1, 12288][12288, 1]cuda:0"[num_users=2] = call_function[target=torch.ops.aten.view.dtype](args = (%bitwise_and_1, torch.float32), kwargs = {})
V0908 19:18:58.643000 1964246 torch/_inductor/graph.py:2469] [1/0] [__output_code] #   %abs_1 : Tensor "f32[1, 12288][12288, 1]cuda:0"[num_users=1] = call_function[target=torch.ops.aten.abs.default](args = (%view_1,), kwargs = {})
V0908 19:18:58.643000 1964246 torch/_inductor/graph.py:2469] [1/0] [__output_code] #   %amax : Tensor "f32[1, 1][1, 1]cuda:0"[num_users=1] = call_function[target=torch.ops.aten.amax.default](args = (%abs_1, [-1], True), kwargs = {})
V0908 19:18:58.643000 1964246 torch/_inductor/graph.py:2469] [1/0] [__output_code] #   return %buf1
V0908 19:18:58.643000 1964246 torch/_inductor/graph.py:2469] [1/0] [__output_code] triton_red_fused___rshift____to_copy_abs_add_amax_bitwise_and_mul_silu_view_0 = async_compile.triton('triton_red_fused___rshift____to_copy_abs_add_amax_bitwise_and_mul_silu_view_0', '''
V0908 19:18:58.643000 1964246 torch/_inductor/graph.py:2469] [1/0] [__output_code] import triton
V0908 19:18:58.643000 1964246 torch/_inductor/graph.py:2469] [1/0] [__output_code] import triton.language as tl
V0908 19:18:58.643000 1964246 torch/_inductor/graph.py:2469] [1/0] [__output_code] 
V0908 19:18:58.643000 1964246 torch/_inductor/graph.py:2469] [1/0] [__output_code] from torch._inductor.runtime import triton_helpers, triton_heuristics
V0908 19:18:58.643000 1964246 torch/_inductor/graph.py:2469] [1/0] [__output_code] from torch._inductor.runtime.triton_helpers import libdevice, math as tl_math
V0908 19:18:58.643000 1964246 torch/_inductor/graph.py:2469] [1/0] [__output_code] from torch._inductor.runtime.hints import AutotuneHint, ReductionHint, TileHint, DeviceProperties
V0908 19:18:58.643000 1964246 torch/_inductor/graph.py:2469] [1/0] [__output_code] triton_helpers.set_driver_to_gpu()
V0908 19:18:58.643000 1964246 torch/_inductor/graph.py:2469] [1/0] [__output_code] 
V0908 19:18:58.643000 1964246 torch/_inductor/graph.py:2469] [1/0] [__output_code] @triton_heuristics.reduction(
V0908 19:18:58.643000 1964246 torch/_inductor/graph.py:2469] [1/0] [__output_code]     size_hints={'x': 2, 'r0_': 8192},
V0908 19:18:58.643000 1964246 torch/_inductor/graph.py:2469] [1/0] [__output_code]     reduction_hint=ReductionHint.INNER,
V0908 19:18:58.643000 1964246 torch/_inductor/graph.py:2469] [1/0] [__output_code]     filename=__file__,
V0908 19:18:58.643000 1964246 torch/_inductor/graph.py:2469] [1/0] [__output_code]     triton_meta={'signature': {'in_ptr0': '*bf16', 'in_ptr1': '*bf16', 'out_ptr0': '*fp32', 'xnumel': 'i32', 'r0_numel': 'i32', 'XBLOCK': 'constexpr', 'R0_BLOCK': 'constexpr'}, 'device': DeviceProperties(type='cuda', index=0, multi_processor_count=188, cc=120, major=12, regs_per_multiprocessor=65536, max_threads_per_multi_processor=1536, max_threads_per_block=1024, warp_size=32), 'constants': {}, 'native_matmul': False, 'configs': [{(0,): [['tt.divisibility', 16]], (1,): [['tt.divisibility', 16]], (2,): [['tt.divisibility', 16]], (4,): [['tt.divisibility', 16]]}], 'enable_fp_fusion': True},
V0908 19:18:58.643000 1964246 torch/_inductor/graph.py:2469] [1/0] [__output_code]     inductor_meta={'grid_type': 'Grid1D', 'autotune_hints': set(), 'kernel_name': 'triton_red_fused___rshift____to_copy_abs_add_amax_bitwise_and_mul_silu_view_0', 'mutated_arg_names': [], 'optimize_mem': True, 'no_x_dim': False, 'atomic_add_found': False, 'num_load': 2, 'num_store': 1, 'num_reduction': 1, 'backend_hash': '92025B7F7887B63B7E2E081949457B6F5D4FE41E179BB00C0C96468C7AE5D1D0', 'assert_indirect_indexing': True, 'autotune_local_cache': True, 'autotune_pointwise': True, 'autotune_remote_cache': None, 'force_disable_caches': False, 'dynamic_scale_rblock': True, 'max_autotune': False, 'max_autotune_pointwise': False, 'min_split_scan_rblock': 256, 'spill_threshold': 16, 'store_cubin': False, 'deterministic': False, 'force_filter_reduction_configs': False, 'are_deterministic_algorithms_enabled': False, 'tiling_scores': {'x': 4, 'r0_': 49152}}
V0908 19:18:58.643000 1964246 torch/_inductor/graph.py:2469] [1/0] [__output_code] )
V0908 19:18:58.643000 1964246 torch/_inductor/graph.py:2469] [1/0] [__output_code] @triton.jit
V0908 19:18:58.643000 1964246 torch/_inductor/graph.py:2469] [1/0] [__output_code] def triton_red_fused___rshift____to_copy_abs_add_amax_bitwise_and_mul_silu_view_0(in_ptr0, in_ptr1, out_ptr0, xnumel, r0_numel, XBLOCK : tl.constexpr, R0_BLOCK : tl.constexpr):
V0908 19:18:58.643000 1964246 torch/_inductor/graph.py:2469] [1/0] [__output_code]     xnumel = 2
V0908 19:18:58.643000 1964246 torch/_inductor/graph.py:2469] [1/0] [__output_code]     r0_numel = 6144
V0908 19:18:58.643000 1964246 torch/_inductor/graph.py:2469] [1/0] [__output_code]     rnumel = r0_numel
V0908 19:18:58.643000 1964246 torch/_inductor/graph.py:2469] [1/0] [__output_code]     RBLOCK: tl.constexpr = R0_BLOCK
V0908 19:18:58.643000 1964246 torch/_inductor/graph.py:2469] [1/0] [__output_code]     xoffset = tl.program_id(0) * XBLOCK
V0908 19:18:58.643000 1964246 torch/_inductor/graph.py:2469] [1/0] [__output_code]     xindex = xoffset + tl.arange(0, XBLOCK)[:, None]
V0908 19:18:58.643000 1964246 torch/_inductor/graph.py:2469] [1/0] [__output_code]     xmask = xindex < xnumel
V0908 19:18:58.643000 1964246 torch/_inductor/graph.py:2469] [1/0] [__output_code]     r0_base = tl.arange(0, R0_BLOCK)[None, :]
V0908 19:18:58.643000 1964246 torch/_inductor/graph.py:2469] [1/0] [__output_code]     rbase = r0_base
V0908 19:18:58.643000 1964246 torch/_inductor/graph.py:2469] [1/0] [__output_code]     x0 = xindex
V0908 19:18:58.643000 1964246 torch/_inductor/graph.py:2469] [1/0] [__output_code]     _tmp20 = tl.full([XBLOCK, R0_BLOCK], float("-inf"), tl.float32)
V0908 19:18:58.643000 1964246 torch/_inductor/graph.py:2469] [1/0] [__output_code]     for r0_offset in range(0, r0_numel, R0_BLOCK):
V0908 19:18:58.643000 1964246 torch/_inductor/graph.py:2469] [1/0] [__output_code]         r0_index = r0_offset + r0_base
V0908 19:18:58.643000 1964246 torch/_inductor/graph.py:2469] [1/0] [__output_code]         r0_mask = r0_index < r0_numel
V0908 19:18:58.643000 1964246 torch/_inductor/graph.py:2469] [1/0] [__output_code]         roffset = r0_offset
V0908 19:18:58.643000 1964246 torch/_inductor/graph.py:2469] [1/0] [__output_code]         rindex = r0_index
V0908 19:18:58.643000 1964246 torch/_inductor/graph.py:2469] [1/0] [__output_code]         r0_1 = r0_index
V0908 19:18:58.643000 1964246 torch/_inductor/graph.py:2469] [1/0] [__output_code]         tmp0 = tl.load(in_ptr0 + (r0_1 + 6144*x0), r0_mask & xmask, eviction_policy='evict_first', other=0.0).to(tl.float32)
V0908 19:18:58.643000 1964246 torch/_inductor/graph.py:2469] [1/0] [__output_code]         tmp4 = tl.load(in_ptr1 + (r0_1 + 6144*x0), r0_mask & xmask, eviction_policy='evict_first', other=0.0).to(tl.float32)
V0908 19:18:58.643000 1964246 torch/_inductor/graph.py:2469] [1/0] [__output_code]         tmp1 = tmp0.to(tl.float32)
V0908 19:18:58.643000 1964246 torch/_inductor/graph.py:2469] [1/0] [__output_code]         tmp2 = tl.sigmoid(tmp1)
V0908 19:18:58.643000 1964246 torch/_inductor/graph.py:2469] [1/0] [__output_code]         tmp3 = tmp1 * tmp2
V0908 19:18:58.643000 1964246 torch/_inductor/graph.py:2469] [1/0] [__output_code]         tmp5 = tmp4.to(tl.float32)
V0908 19:18:58.643000 1964246 torch/_inductor/graph.py:2469] [1/0] [__output_code]         tmp6 = tmp3 * tmp5
V0908 19:18:58.643000 1964246 torch/_inductor/graph.py:2469] [1/0] [__output_code]         tmp7 = tmp6.to(tl.int32, bitcast=True)
V0908 19:18:58.643000 1964246 torch/_inductor/graph.py:2469] [1/0] [__output_code]         tmp8 = tl.full([1, 1], 32767, tl.int32)
V0908 19:18:58.643000 1964246 torch/_inductor/graph.py:2469] [1/0] [__output_code]         tmp9 = tmp7 + tmp8
V0908 19:18:58.643000 1964246 torch/_inductor/graph.py:2469] [1/0] [__output_code]         tmp10 = tl.full([1, 1], 16, tl.int32)
V0908 19:18:58.643000 1964246 torch/_inductor/graph.py:2469] [1/0] [__output_code]         tmp11 = tmp7 >> tmp10
V0908 19:18:58.643000 1964246 torch/_inductor/graph.py:2469] [1/0] [__output_code]         tmp12 = tl.full([1, 1], 1, tl.int32)
V0908 19:18:58.643000 1964246 torch/_inductor/graph.py:2469] [1/0] [__output_code]         tmp13 = tmp11 & tmp12
V0908 19:18:58.643000 1964246 torch/_inductor/graph.py:2469] [1/0] [__output_code]         tmp14 = tmp9 + tmp13
V0908 19:18:58.643000 1964246 torch/_inductor/graph.py:2469] [1/0] [__output_code]         tmp15 = tl.full([1, 1], -65536, tl.int32)
V0908 19:18:58.643000 1964246 torch/_inductor/graph.py:2469] [1/0] [__output_code]         tmp16 = tmp14 & tmp15
V0908 19:18:58.643000 1964246 torch/_inductor/graph.py:2469] [1/0] [__output_code]         tmp17 = tmp16.to(tl.float32, bitcast=True)
V0908 19:18:58.643000 1964246 torch/_inductor/graph.py:2469] [1/0] [__output_code]         tmp18 = tl_math.abs(tmp17)
V0908 19:18:58.643000 1964246 torch/_inductor/graph.py:2469] [1/0] [__output_code]         tmp19 = tl.broadcast_to(tmp18, [XBLOCK, R0_BLOCK])
V0908 19:18:58.643000 1964246 torch/_inductor/graph.py:2469] [1/0] [__output_code]         tmp21 = triton_helpers.maximum(_tmp20, tmp19)
V0908 19:18:58.643000 1964246 torch/_inductor/graph.py:2469] [1/0] [__output_code]         _tmp20 = tl.where(r0_mask & xmask, tmp21, _tmp20)
V0908 19:18:58.643000 1964246 torch/_inductor/graph.py:2469] [1/0] [__output_code]     tmp20 = triton_helpers.max2(_tmp20, 1)[:, None]
V0908 19:18:58.643000 1964246 torch/_inductor/graph.py:2469] [1/0] [__output_code]     tl.store(out_ptr0 + (x0), tmp20, xmask)
V0908 19:18:58.643000 1964246 torch/_inductor/graph.py:2469] [1/0] [__output_code] ''', device_str='cuda')
V0908 19:18:58.643000 1964246 torch/_inductor/graph.py:2469] [1/0] [__output_code] 
V0908 19:18:58.643000 1964246 torch/_inductor/graph.py:2469] [1/0] [__output_code] 
V0908 19:18:58.643000 1964246 torch/_inductor/graph.py:2469] [1/0] [__output_code] # kernel path: /tmp/torchinductor_ubuntu/d7/cd7jryxzamni2ubt657nkobkvtcxs33gg5uf5x2fzgxrvhn2troe.py
V0908 19:18:58.643000 1964246 torch/_inductor/graph.py:2469] [1/0] [__output_code] # Topologically Sorted Source Nodes: [float_1, silu, float_2, raw, bits, add, rshift, and_, add_1, and__1, y, abs_1, amax, div, s], Original ATen: [aten._to_copy, aten.silu, aten.mul, aten.view, aten.add, aten.__rshift__, aten.bitwise_and, aten.abs, aten.amax, aten.div, aten.clamp_min]
V0908 19:18:58.643000 1964246 torch/_inductor/graph.py:2469] [1/0] [__output_code] # Source node to ATen node mapping:
V0908 19:18:58.643000 1964246 torch/_inductor/graph.py:2469] [1/0] [__output_code] #   abs_1 => abs_1
V0908 19:18:58.643000 1964246 torch/_inductor/graph.py:2469] [1/0] [__output_code] #   add => add
V0908 19:18:58.643000 1964246 torch/_inductor/graph.py:2469] [1/0] [__output_code] #   add_1 => add_1
V0908 19:18:58.643000 1964246 torch/_inductor/graph.py:2469] [1/0] [__output_code] #   amax => amax
V0908 19:18:58.643000 1964246 torch/_inductor/graph.py:2469] [1/0] [__output_code] #   and_ => bitwise_and
V0908 19:18:58.643000 1964246 torch/_inductor/graph.py:2469] [1/0] [__output_code] #   and__1 => bitwise_and_1
V0908 19:18:58.643000 1964246 torch/_inductor/graph.py:2469] [1/0] [__output_code] #   bits => view
V0908 19:18:58.643000 1964246 torch/_inductor/graph.py:2469] [1/0] [__output_code] #   div => div
V0908 19:18:58.643000 1964246 torch/_inductor/graph.py:2469] [1/0] [__output_code] #   float_1 => convert_element_type
V0908 19:18:58.643000 1964246 torch/_inductor/graph.py:2469] [1/0] [__output_code] #   float_2 => convert_element_type_1
V0908 19:18:58.643000 1964246 torch/_inductor/graph.py:2469] [1/0] [__output_code] #   raw => mul_1
V0908 19:18:58.643000 1964246 torch/_inductor/graph.py:2469] [1/0] [__output_code] #   rshift => rshift
V0908 19:18:58.643000 1964246 torch/_inductor/graph.py:2469] [1/0] [__output_code] #   s => clamp_min
V0908 19:18:58.643000 1964246 torch/_inductor/graph.py:2469] [1/0] [__output_code] #   silu => mul, sigmoid
V0908 19:18:58.643000 1964246 torch/_inductor/graph.py:2469] [1/0] [__output_code] #   y => view_1
V0908 19:18:58.643000 1964246 torch/_inductor/graph.py:2469] [1/0] [__output_code] # Graph fragment:
V0908 19:18:58.643000 1964246 torch/_inductor/graph.py:2469] [1/0] [__output_code] #   %buf1 : Tensor "f32[1, 1, 2][2, 2, 1]cuda:0" = PlaceHolder[target=buf1]
V0908 19:18:58.643000 1964246 torch/_inductor/graph.py:2469] [1/0] [__output_code] #   %amax : Tensor "f32[1, 1][1, 1]cuda:0" = PlaceHolder[target=amax]
V0908 19:18:58.643000 1964246 torch/_inductor/graph.py:2469] [1/0] [__output_code] #   %convert_element_type : Tensor "f32[1, 12288][12288, 1]cuda:0"[num_users=2] = call_function[target=torch.ops.prims.convert_element_type.default](args = (%arg0_1, torch.float32), kwargs = {})
V0908 19:18:58.643000 1964246 torch/_inductor/graph.py:2469] [1/0] [__output_code] #   %sigmoid : Tensor "f32[1, 12288][12288, 1]cuda:0"[num_users=1] = call_function[target=torch.ops.aten.sigmoid.default](args = (%convert_element_type,), kwargs = {})
V0908 19:18:58.643000 1964246 torch/_inductor/graph.py:2469] [1/0] [__output_code] #   %mul : Tensor "f32[1, 12288][12288, 1]cuda:0"[num_users=1] = call_function[target=torch.ops.aten.mul.Tensor](args = (%convert_element_type, %sigmoid), kwargs = {})
V0908 19:18:58.643000 1964246 torch/_inductor/graph.py:2469] [1/0] [__output_code] #   %convert_element_type_1 : Tensor "f32[1, 12288][12288, 1]cuda:0"[num_users=1] = call_function[target=torch.ops.prims.convert_element_type.default](args = (%arg1_1, torch.float32), kwargs = {})
V0908 19:18:58.643000 1964246 torch/_inductor/graph.py:2469] [1/0] [__output_code] #   %mul_1 : Tensor "f32[1, 12288][12288, 1]cuda:0"[num_users=1] = call_function[target=torch.ops.aten.mul.Tensor](args = (%mul, %convert_element_type_1), kwargs = {})
V0908 19:18:58.643000 1964246 torch/_inductor/graph.py:2469] [1/0] [__output_code] #   %view : Tensor "i32[1, 12288][12288, 1]cuda:0"[num_users=2] = call_function[target=torch.ops.aten.view.dtype](args = (%mul_1, torch.int32), kwargs = {})
V0908 19:18:58.643000 1964246 torch/_inductor/graph.py:2469] [1/0] [__output_code] #   %add : Tensor "i32[1, 12288][12288, 1]cuda:0"[num_users=1] = call_function[target=torch.ops.aten.add.Tensor](args = (%view, 32767), kwargs = {})
V0908 19:18:58.643000 1964246 torch/_inductor/graph.py:2469] [1/0] [__output_code] #   %rshift : Tensor "i32[1, 12288][12288, 1]cuda:0"[num_users=1] = call_function[target=torch.ops.aten.__rshift__.Scalar](args = (%view, 16), kwargs = {})
V0908 19:18:58.643000 1964246 torch/_inductor/graph.py:2469] [1/0] [__output_code] #   %bitwise_and : Tensor "i32[1, 12288][12288, 1]cuda:0"[num_users=1] = call_function[target=torch.ops.aten.bitwise_and.Scalar](args = (%rshift, 1), kwargs = {})
V0908 19:18:58.643000 1964246 torch/_inductor/graph.py:2469] [1/0] [__output_code] #   %add_1 : Tensor "i32[1, 12288][12288, 1]cuda:0"[num_users=1] = call_function[target=torch.ops.aten.add.Tensor](args = (%add, %bitwise_and), kwargs = {})
V0908 19:18:58.643000 1964246 torch/_inductor/graph.py:2469] [1/0] [__output_code] #   %bitwise_and_1 : Tensor "i32[1, 12288][12288, 1]cuda:0"[num_users=1] = call_function[target=torch.ops.aten.bitwise_and.Scalar](args = (%add_1, -65536), kwargs = {})
V0908 19:18:58.643000 1964246 torch/_inductor/graph.py:2469] [1/0] [__output_code] #   %view_1 : Tensor "f32[1, 12288][12288, 1]cuda:0"[num_users=2] = call_function[target=torch.ops.aten.view.dtype](args = (%bitwise_and_1, torch.float32), kwargs = {})
V0908 19:18:58.643000 1964246 torch/_inductor/graph.py:2469] [1/0] [__output_code] #   %abs_1 : Tensor "f32[1, 12288][12288, 1]cuda:0"[num_users=1] = call_function[target=torch.ops.aten.abs.default](args = (%view_1,), kwargs = {})
V0908 19:18:58.643000 1964246 torch/_inductor/graph.py:2469] [1/0] [__output_code] #   %amax : Tensor "f32[1, 1][1, 1]cuda:0"[num_users=1] = call_function[target=torch.ops.aten.amax.default](args = (%abs_1, [-1], True), kwargs = {})
V0908 19:18:58.643000 1964246 torch/_inductor/graph.py:2469] [1/0] [__output_code] #   %div : Tensor "f32[1, 1][1, 1]cuda:0"[num_users=1] = call_function[target=torch.ops.aten.div.Tensor](args = (%amax, 448.0), kwargs = {})
V0908 19:18:58.643000 1964246 torch/_inductor/graph.py:2469] [1/0] [__output_code] #   %clamp_min : Tensor "f32[1, 1][1, 1]cuda:0"[num_users=2] = call_function[target=torch.ops.aten.clamp_min.default](args = (%div, 1e-08), kwargs = {})
V0908 19:18:58.643000 1964246 torch/_inductor/graph.py:2469] [1/0] [__output_code] #   return %amax,%clamp_min
V0908 19:18:58.643000 1964246 torch/_inductor/graph.py:2469] [1/0] [__output_code] triton_per_fused___rshift____to_copy_abs_add_amax_bitwise_and_clamp_min_div_mul_silu_view_1 = async_compile.triton('triton_per_fused___rshift____to_copy_abs_add_amax_bitwise_and_clamp_min_div_mul_silu_view_1', '''
V0908 19:18:58.643000 1964246 torch/_inductor/graph.py:2469] [1/0] [__output_code] import triton
V0908 19:18:58.643000 1964246 torch/_inductor/graph.py:2469] [1/0] [__output_code] import triton.language as tl
V0908 19:18:58.643000 1964246 torch/_inductor/graph.py:2469] [1/0] [__output_code] 
V0908 19:18:58.643000 1964246 torch/_inductor/graph.py:2469] [1/0] [__output_code] from torch._inductor.runtime import triton_helpers, triton_heuristics
V0908 19:18:58.643000 1964246 torch/_inductor/graph.py:2469] [1/0] [__output_code] from torch._inductor.runtime.triton_helpers import libdevice, math as tl_math
V0908 19:18:58.643000 1964246 torch/_inductor/graph.py:2469] [1/0] [__output_code] from torch._inductor.runtime.hints import AutotuneHint, ReductionHint, TileHint, DeviceProperties
V0908 19:18:58.643000 1964246 torch/_inductor/graph.py:2469] [1/0] [__output_code] triton_helpers.set_driver_to_gpu()
V0908 19:18:58.643000 1964246 torch/_inductor/graph.py:2469] [1/0] [__output_code] 
V0908 19:18:58.643000 1964246 torch/_inductor/graph.py:2469] [1/0] [__output_code] @triton_heuristics.persistent_reduction(
V0908 19:18:58.643000 1964246 torch/_inductor/graph.py:2469] [1/0] [__output_code]     size_hints={'x': 1, 'r0_': 2},
V0908 19:18:58.643000 1964246 torch/_inductor/graph.py:2469] [1/0] [__output_code]     reduction_hint=ReductionHint.INNER,
V0908 19:18:58.643000 1964246 torch/_inductor/graph.py:2469] [1/0] [__output_code]     filename=__file__,
V0908 19:18:58.643000 1964246 torch/_inductor/graph.py:2469] [1/0] [__output_code]     triton_meta={'signature': {'in_out_ptr0': '*fp32', 'in_ptr0': '*fp32', 'xnumel': 'constexpr', 'r0_numel': 'i32', 'XBLOCK': 'constexpr'}, 'device': DeviceProperties(type='cuda', index=0, multi_processor_count=188, cc=120, major=12, regs_per_multiprocessor=65536, max_threads_per_multi_processor=1536, max_threads_per_block=1024, warp_size=32), 'constants': {'xnumel': 1}, 'native_matmul': False, 'configs': [{(0,): [['tt.divisibility', 16]], (1,): [['tt.divisibility', 16]]}], 'enable_fp_fusion': True},
V0908 19:18:58.643000 1964246 torch/_inductor/graph.py:2469] [1/0] [__output_code]     inductor_meta={'grid_type': 'Grid1D', 'autotune_hints': set(), 'kernel_name': 'triton_per_fused___rshift____to_copy_abs_add_amax_bitwise_and_clamp_min_div_mul_silu_view_1', 'mutated_arg_names': ['in_out_ptr0'], 'optimize_mem': True, 'no_x_dim': None, 'atomic_add_found': False, 'num_load': 1, 'num_store': 1, 'num_reduction': 1, 'backend_hash': '92025B7F7887B63B7E2E081949457B6F5D4FE41E179BB00C0C96468C7AE5D1D0', 'assert_indirect_indexing': True, 'autotune_local_cache': True, 'autotune_pointwise': True, 'autotune_remote_cache': None, 'force_disable_caches': False, 'dynamic_scale_rblock': True, 'max_autotune': False, 'max_autotune_pointwise': False, 'min_split_scan_rblock': 256, 'spill_threshold': 16, 'store_cubin': False, 'deterministic': False, 'force_filter_reduction_configs': False, 'are_deterministic_algorithms_enabled': False, 'tiling_scores': {'r0_': 2}}
V0908 19:18:58.643000 1964246 torch/_inductor/graph.py:2469] [1/0] [__output_code] )
V0908 19:18:58.643000 1964246 torch/_inductor/graph.py:2469] [1/0] [__output_code] @triton.jit
V0908 19:18:58.643000 1964246 torch/_inductor/graph.py:2469] [1/0] [__output_code] def triton_per_fused___rshift____to_copy_abs_add_amax_bitwise_and_clamp_min_div_mul_silu_view_1(in_out_ptr0, in_ptr0, xnumel, r0_numel, XBLOCK : tl.constexpr):
V0908 19:18:58.643000 1964246 torch/_inductor/graph.py:2469] [1/0] [__output_code]     xnumel = 1
V0908 19:18:58.643000 1964246 torch/_inductor/graph.py:2469] [1/0] [__output_code]     r0_numel = 2
V0908 19:18:58.643000 1964246 torch/_inductor/graph.py:2469] [1/0] [__output_code]     R0_BLOCK: tl.constexpr = 2
V0908 19:18:58.643000 1964246 torch/_inductor/graph.py:2469] [1/0] [__output_code]     rnumel = r0_numel
V0908 19:18:58.643000 1964246 torch/_inductor/graph.py:2469] [1/0] [__output_code]     RBLOCK: tl.constexpr = R0_BLOCK
V0908 19:18:58.643000 1964246 torch/_inductor/graph.py:2469] [1/0] [__output_code]     xoffset = tl.program_id(0) * XBLOCK
V0908 19:18:58.643000 1964246 torch/_inductor/graph.py:2469] [1/0] [__output_code]     xindex = xoffset + tl.arange(0, XBLOCK)[:, None]
V0908 19:18:58.643000 1964246 torch/_inductor/graph.py:2469] [1/0] [__output_code]     xmask = tl.full([XBLOCK], True, tl.int1)[:, None]
V0908 19:18:58.643000 1964246 torch/_inductor/graph.py:2469] [1/0] [__output_code]     r0_index = tl.arange(0, R0_BLOCK)[None, :]
V0908 19:18:58.643000 1964246 torch/_inductor/graph.py:2469] [1/0] [__output_code]     r0_offset = 0
V0908 19:18:58.643000 1964246 torch/_inductor/graph.py:2469] [1/0] [__output_code]     r0_mask = tl.full([R0_BLOCK], True, tl.int1)[None, :]
V0908 19:18:58.643000 1964246 torch/_inductor/graph.py:2469] [1/0] [__output_code]     roffset = r0_offset
V0908 19:18:58.643000 1964246 torch/_inductor/graph.py:2469] [1/0] [__output_code]     rindex = r0_index
V0908 19:18:58.643000 1964246 torch/_inductor/graph.py:2469] [1/0] [__output_code]     r0_0 = r0_index
V0908 19:18:58.643000 1964246 torch/_inductor/graph.py:2469] [1/0] [__output_code]     tmp0 = tl.load(in_ptr0 + (r0_0), None)
V0908 19:18:58.643000 1964246 torch/_inductor/graph.py:2469] [1/0] [__output_code]     tmp1 = tl.broadcast_to(tmp0, [XBLOCK, R0_BLOCK])
V0908 19:18:58.643000 1964246 torch/_inductor/graph.py:2469] [1/0] [__output_code]     tmp3 = triton_helpers.max2(tmp1, 1)[:, None].to(tl.float32)
V0908 19:18:58.643000 1964246 torch/_inductor/graph.py:2469] [1/0] [__output_code]     tmp4 = 0.002232142857142857
V0908 19:18:58.643000 1964246 torch/_inductor/graph.py:2469] [1/0] [__output_code]     tmp5 = tmp3 * tmp4
V0908 19:18:58.643000 1964246 torch/_inductor/graph.py:2469] [1/0] [__output_code]     tmp6 = 1e-08
V0908 19:18:58.643000 1964246 torch/_inductor/graph.py:2469] [1/0] [__output_code]     tmp7 = triton_helpers.maximum(tmp5, tmp6)
V0908 19:18:58.643000 1964246 torch/_inductor/graph.py:2469] [1/0] [__output_code]     tl.debug_barrier()
V0908 19:18:58.643000 1964246 torch/_inductor/graph.py:2469] [1/0] [__output_code]     tl.store(in_out_ptr0 + (tl.full([1, 1], 0, tl.int32).broadcast_to(XBLOCK, 1)), tmp7, None)
V0908 19:18:58.643000 1964246 torch/_inductor/graph.py:2469] [1/0] [__output_code] ''', device_str='cuda')
V0908 19:18:58.643000 1964246 torch/_inductor/graph.py:2469] [1/0] [__output_code] 
V0908 19:18:58.643000 1964246 torch/_inductor/graph.py:2469] [1/0] [__output_code] 
V0908 19:18:58.643000 1964246 torch/_inductor/graph.py:2469] [1/0] [__output_code] # kernel path: /tmp/torchinductor_ubuntu/qu/cqujgptbggslh4eqta7wdcuhyr4y5rf3ebr2v6frdgjs2th75ug2.py
V0908 19:18:58.643000 1964246 torch/_inductor/graph.py:2469] [1/0] [__output_code] # Topologically Sorted Source Nodes: [float_1, silu, float_2, raw, bits, add, rshift, and_, add_1, and__1, y, truediv, clamp, to], Original ATen: [aten._to_copy, aten.silu, aten.mul, aten.view, aten.add, aten.__rshift__, aten.bitwise_and, aten.div, aten.clamp]
V0908 19:18:58.643000 1964246 torch/_inductor/graph.py:2469] [1/0] [__output_code] # Source node to ATen node mapping:
V0908 19:18:58.643000 1964246 torch/_inductor/graph.py:2469] [1/0] [__output_code] #   add => add
V0908 19:18:58.643000 1964246 torch/_inductor/graph.py:2469] [1/0] [__output_code] #   add_1 => add_1
V0908 19:18:58.643000 1964246 torch/_inductor/graph.py:2469] [1/0] [__output_code] #   and_ => bitwise_and
V0908 19:18:58.643000 1964246 torch/_inductor/graph.py:2469] [1/0] [__output_code] #   and__1 => bitwise_and_1
V0908 19:18:58.643000 1964246 torch/_inductor/graph.py:2469] [1/0] [__output_code] #   bits => view
V0908 19:18:58.643000 1964246 torch/_inductor/graph.py:2469] [1/0] [__output_code] #   clamp => clamp_max, clamp_min_1
V0908 19:18:58.643000 1964246 torch/_inductor/graph.py:2469] [1/0] [__output_code] #   float_1 => convert_element_type
V0908 19:18:58.643000 1964246 torch/_inductor/graph.py:2469] [1/0] [__output_code] #   float_2 => convert_element_type_1
V0908 19:18:58.643000 1964246 torch/_inductor/graph.py:2469] [1/0] [__output_code] #   raw => mul_1
V0908 19:18:58.643000 1964246 torch/_inductor/graph.py:2469] [1/0] [__output_code] #   rshift => rshift
V0908 19:18:58.643000 1964246 torch/_inductor/graph.py:2469] [1/0] [__output_code] #   silu => mul, sigmoid
V0908 19:18:58.643000 1964246 torch/_inductor/graph.py:2469] [1/0] [__output_code] #   to => convert_element_type_2
V0908 19:18:58.643000 1964246 torch/_inductor/graph.py:2469] [1/0] [__output_code] #   truediv => div_1
V0908 19:18:58.643000 1964246 torch/_inductor/graph.py:2469] [1/0] [__output_code] #   y => view_1
V0908 19:18:58.643000 1964246 torch/_inductor/graph.py:2469] [1/0] [__output_code] # Graph fragment:
V0908 19:18:58.643000 1964246 torch/_inductor/graph.py:2469] [1/0] [__output_code] #   %arg0_1 : Tensor "bf16[1, 12288][12288, 1]cuda:0" = PlaceHolder[target=arg0_1]
V0908 19:18:58.643000 1964246 torch/_inductor/graph.py:2469] [1/0] [__output_code] #   %arg1_1 : Tensor "bf16[1, 12288][12288, 1]cuda:0" = PlaceHolder[target=arg1_1]
V0908 19:18:58.643000 1964246 torch/_inductor/graph.py:2469] [1/0] [__output_code] #   %clamp_min : Tensor "f32[1, 1][1, 1]cuda:0" = PlaceHolder[target=clamp_min]
V0908 19:18:58.643000 1964246 torch/_inductor/graph.py:2469] [1/0] [__output_code] #   %convert_element_type : Tensor "f32[1, 12288][12288, 1]cuda:0"[num_users=2] = call_function[target=torch.ops.prims.convert_element_type.default](args = (%arg0_1, torch.float32), kwargs = {})
V0908 19:18:58.643000 1964246 torch/_inductor/graph.py:2469] [1/0] [__output_code] #   %sigmoid : Tensor "f32[1, 12288][12288, 1]cuda:0"[num_users=1] = call_function[target=torch.ops.aten.sigmoid.default](args = (%convert_element_type,), kwargs = {})
V0908 19:18:58.643000 1964246 torch/_inductor/graph.py:2469] [1/0] [__output_code] #   %mul : Tensor "f32[1, 12288][12288, 1]cuda:0"[num_users=1] = call_function[target=torch.ops.aten.mul.Tensor](args = (%convert_element_type, %sigmoid), kwargs = {})
V0908 19:18:58.643000 1964246 torch/_inductor/graph.py:2469] [1/0] [__output_code] #   %convert_element_type_1 : Tensor "f32[1, 12288][12288, 1]cuda:0"[num_users=1] = call_function[target=torch.ops.prims.convert_element_type.default](args = (%arg1_1, torch.float32), kwargs = {})
V0908 19:18:58.643000 1964246 torch/_inductor/graph.py:2469] [1/0] [__output_code] #   %mul_1 : Tensor "f32[1, 12288][12288, 1]cuda:0"[num_users=1] = call_function[target=torch.ops.aten.mul.Tensor](args = (%mul, %convert_element_type_1), kwargs = {})
V0908 19:18:58.643000 1964246 torch/_inductor/graph.py:2469] [1/0] [__output_code] #   %view : Tensor "i32[1, 12288][12288, 1]cuda:0"[num_users=2] = call_function[target=torch.ops.aten.view.dtype](args = (%mul_1, torch.int32), kwargs = {})
V0908 19:18:58.643000 1964246 torch/_inductor/graph.py:2469] [1/0] [__output_code] #   %add : Tensor "i32[1, 12288][12288, 1]cuda:0"[num_users=1] = call_function[target=torch.ops.aten.add.Tensor](args = (%view, 32767), kwargs = {})
V0908 19:18:58.643000 1964246 torch/_inductor/graph.py:2469] [1/0] [__output_code] #   %rshift : Tensor "i32[1, 12288][12288, 1]cuda:0"[num_users=1] = call_function[target=torch.ops.aten.__rshift__.Scalar](args = (%view, 16), kwargs = {})
V0908 19:18:58.643000 1964246 torch/_inductor/graph.py:2469] [1/0] [__output_code] #   %bitwise_and : Tensor "i32[1, 12288][12288, 1]cuda:0"[num_users=1] = call_function[target=torch.ops.aten.bitwise_and.Scalar](args = (%rshift, 1), kwargs = {})
V0908 19:18:58.643000 1964246 torch/_inductor/graph.py:2469] [1/0] [__output_code] #   %add_1 : Tensor "i32[1, 12288][12288, 1]cuda:0"[num_users=1] = call_function[target=torch.ops.aten.add.Tensor](args = (%add, %bitwise_and), kwargs = {})
V0908 19:18:58.643000 1964246 torch/_inductor/graph.py:2469] [1/0] [__output_code] #   %bitwise_and_1 : Tensor "i32[1, 12288][12288, 1]cuda:0"[num_users=1] = call_function[target=torch.ops.aten.bitwise_and.Scalar](args = (%add_1, -65536), kwargs = {})
V0908 19:18:58.643000 1964246 torch/_inductor/graph.py:2469] [1/0] [__output_code] #   %view_1 : Tensor "f32[1, 12288][12288, 1]cuda:0"[num_users=2] = call_function[target=torch.ops.aten.view.dtype](args = (%bitwise_and_1, torch.float32), kwargs = {})
V0908 19:18:58.643000 1964246 torch/_inductor/graph.py:2469] [1/0] [__output_code] #   %div_1 : Tensor "f32[1, 12288][12288, 1]cuda:0"[num_users=1] = call_function[target=torch.ops.aten.div.Tensor](args = (%view_1, %clamp_min), kwargs = {})
V0908 19:18:58.643000 1964246 torch/_inductor/graph.py:2469] [1/0] [__output_code] #   %clamp_min_1 : Tensor "f32[1, 12288][12288, 1]cuda:0"[num_users=1] = call_function[target=torch.ops.aten.clamp_min.default](args = (%div_1, -448), kwargs = {})
V0908 19:18:58.643000 1964246 torch/_inductor/graph.py:2469] [1/0] [__output_code] #   %clamp_max : Tensor "f32[1, 12288][12288, 1]cuda:0"[num_users=1] = call_function[target=torch.ops.aten.clamp_max.default](args = (%clamp_min_1, 448), kwargs = {})
V0908 19:18:58.643000 1964246 torch/_inductor/graph.py:2469] [1/0] [__output_code] #   %convert_element_type_2 : Tensor "f8e4m3fn[1, 12288][12288, 1]cuda:0"[num_users=1] = call_function[target=torch.ops.prims.convert_element_type.default](args = (%clamp_max, torch.float8_e4m3fn), kwargs = {})
V0908 19:18:58.643000 1964246 torch/_inductor/graph.py:2469] [1/0] [__output_code] #   return %convert_element_type_2
V0908 19:18:58.643000 1964246 torch/_inductor/graph.py:2469] [1/0] [__output_code] triton_poi_fused___rshift____to_copy_add_bitwise_and_clamp_div_mul_silu_view_2 = async_compile.triton('triton_poi_fused___rshift____to_copy_add_bitwise_and_clamp_div_mul_silu_view_2', '''
V0908 19:18:58.643000 1964246 torch/_inductor/graph.py:2469] [1/0] [__output_code] import triton
V0908 19:18:58.643000 1964246 torch/_inductor/graph.py:2469] [1/0] [__output_code] import triton.language as tl
V0908 19:18:58.643000 1964246 torch/_inductor/graph.py:2469] [1/0] [__output_code] 
V0908 19:18:58.643000 1964246 torch/_inductor/graph.py:2469] [1/0] [__output_code] from torch._inductor.runtime import triton_helpers, triton_heuristics
V0908 19:18:58.643000 1964246 torch/_inductor/graph.py:2469] [1/0] [__output_code] from torch._inductor.runtime.triton_helpers import libdevice, math as tl_math
V0908 19:18:58.643000 1964246 torch/_inductor/graph.py:2469] [1/0] [__output_code] from torch._inductor.runtime.hints import AutotuneHint, ReductionHint, TileHint, DeviceProperties
V0908 19:18:58.643000 1964246 torch/_inductor/graph.py:2469] [1/0] [__output_code] triton_helpers.set_driver_to_gpu()
V0908 19:18:58.643000 1964246 torch/_inductor/graph.py:2469] [1/0] [__output_code] 
V0908 19:18:58.643000 1964246 torch/_inductor/graph.py:2469] [1/0] [__output_code] @triton_heuristics.pointwise(
V0908 19:18:58.643000 1964246 torch/_inductor/graph.py:2469] [1/0] [__output_code]     size_hints={'x': 16384}, 
V0908 19:18:58.643000 1964246 torch/_inductor/graph.py:2469] [1/0] [__output_code]     filename=__file__,
V0908 19:18:58.643000 1964246 torch/_inductor/graph.py:2469] [1/0] [__output_code]     triton_meta={'signature': {'in_ptr0': '*bf16', 'in_ptr1': '*bf16', 'in_ptr2': '*fp32', 'out_ptr0': '*fp8e4nv', 'xnumel': 'i32', 'XBLOCK': 'constexpr'}, 'device': DeviceProperties(type='cuda', index=0, multi_processor_count=188, cc=120, major=12, regs_per_multiprocessor=65536, max_threads_per_multi_processor=1536, max_threads_per_block=1024, warp_size=32), 'constants': {}, 'native_matmul': False, 'configs': [{(0,): [['tt.divisibility', 16]], (1,): [['tt.divisibility', 16]], (2,): [['tt.divisibility', 16]], (3,): [['tt.divisibility', 16]], (4,): [['tt.divisibility', 16]]}], 'enable_fp_fusion': True},
V0908 19:18:58.643000 1964246 torch/_inductor/graph.py:2469] [1/0] [__output_code]     inductor_meta={'grid_type': 'Grid1D', 'autotune_hints': set(), 'kernel_name': 'triton_poi_fused___rshift____to_copy_add_bitwise_and_clamp_div_mul_silu_view_2', 'mutated_arg_names': [], 'optimize_mem': True, 'no_x_dim': False, 'atomic_add_found': False, 'num_load': 3, 'num_store': 1, 'num_reduction': 0, 'backend_hash': '92025B7F7887B63B7E2E081949457B6F5D4FE41E179BB00C0C96468C7AE5D1D0', 'assert_indirect_indexing': True, 'autotune_local_cache': True, 'autotune_pointwise': True, 'autotune_remote_cache': None, 'force_disable_caches': False, 'dynamic_scale_rblock': True, 'max_autotune': False, 'max_autotune_pointwise': False, 'min_split_scan_rblock': 256, 'spill_threshold': 16, 'store_cubin': False, 'deterministic': False, 'force_filter_reduction_configs': False, 'are_deterministic_algorithms_enabled': False, 'tiling_scores': {'x': 73728}},
V0908 19:18:58.643000 1964246 torch/_inductor/graph.py:2469] [1/0] [__output_code]     min_elem_per_thread=2
V0908 19:18:58.643000 1964246 torch/_inductor/graph.py:2469] [1/0] [__output_code] )
V0908 19:18:58.643000 1964246 torch/_inductor/graph.py:2469] [1/0] [__output_code] @triton.jit
V0908 19:18:58.643000 1964246 torch/_inductor/graph.py:2469] [1/0] [__output_code] def triton_poi_fused___rshift____to_copy_add_bitwise_and_clamp_div_mul_silu_view_2(in_ptr0, in_ptr1, in_ptr2, out_ptr0, xnumel, XBLOCK : tl.constexpr):
V0908 19:18:58.643000 1964246 torch/_inductor/graph.py:2469] [1/0] [__output_code]     xnumel = 12288
V0908 19:18:58.643000 1964246 torch/_inductor/graph.py:2469] [1/0] [__output_code]     xoffset = tl.program_id(0) * XBLOCK
V0908 19:18:58.643000 1964246 torch/_inductor/graph.py:2469] [1/0] [__output_code]     xindex = xoffset + tl.arange(0, XBLOCK)[:]
V0908 19:18:58.643000 1964246 torch/_inductor/graph.py:2469] [1/0] [__output_code]     xmask = tl.full([XBLOCK], True, tl.int1)[:]
V0908 19:18:58.643000 1964246 torch/_inductor/graph.py:2469] [1/0] [__output_code]     x0 = xindex
V0908 19:18:58.643000 1964246 torch/_inductor/graph.py:2469] [1/0] [__output_code]     tmp0 = tl.load(in_ptr0 + (x0), None).to(tl.float32)
V0908 19:18:58.643000 1964246 torch/_inductor/graph.py:2469] [1/0] [__output_code]     tmp4 = tl.load(in_ptr1 + (x0), None).to(tl.float32)
V0908 19:18:58.643000 1964246 torch/_inductor/graph.py:2469] [1/0] [__output_code]     tmp18 = tl.load(in_ptr2 + (0))
V0908 19:18:58.643000 1964246 torch/_inductor/graph.py:2469] [1/0] [__output_code]     tmp19 = tl.broadcast_to(tmp18, [XBLOCK])
V0908 19:18:58.643000 1964246 torch/_inductor/graph.py:2469] [1/0] [__output_code]     tmp1 = tmp0.to(tl.float32)
V0908 19:18:58.643000 1964246 torch/_inductor/graph.py:2469] [1/0] [__output_code]     tmp2 = tl.sigmoid(tmp1)
V0908 19:18:58.643000 1964246 torch/_inductor/graph.py:2469] [1/0] [__output_code]     tmp3 = tmp1 * tmp2
V0908 19:18:58.643000 1964246 torch/_inductor/graph.py:2469] [1/0] [__output_code]     tmp5 = tmp4.to(tl.float32)
V0908 19:18:58.643000 1964246 torch/_inductor/graph.py:2469] [1/0] [__output_code]     tmp6 = tmp3 * tmp5
V0908 19:18:58.643000 1964246 torch/_inductor/graph.py:2469] [1/0] [__output_code]     tmp7 = tmp6.to(tl.int32, bitcast=True)
V0908 19:18:58.643000 1964246 torch/_inductor/graph.py:2469] [1/0] [__output_code]     tmp8 = tl.full([1], 32767, tl.int32)
V0908 19:18:58.643000 1964246 torch/_inductor/graph.py:2469] [1/0] [__output_code]     tmp9 = tmp7 + tmp8
V0908 19:18:58.643000 1964246 torch/_inductor/graph.py:2469] [1/0] [__output_code]     tmp10 = tl.full([1], 16, tl.int32)
V0908 19:18:58.643000 1964246 torch/_inductor/graph.py:2469] [1/0] [__output_code]     tmp11 = tmp7 >> tmp10
V0908 19:18:58.643000 1964246 torch/_inductor/graph.py:2469] [1/0] [__output_code]     tmp12 = tl.full([1], 1, tl.int32)
V0908 19:18:58.643000 1964246 torch/_inductor/graph.py:2469] [1/0] [__output_code]     tmp13 = tmp11 & tmp12
V0908 19:18:58.643000 1964246 torch/_inductor/graph.py:2469] [1/0] [__output_code]     tmp14 = tmp9 + tmp13
V0908 19:18:58.643000 1964246 torch/_inductor/graph.py:2469] [1/0] [__output_code]     tmp15 = tl.full([1], -65536, tl.int32)
V0908 19:18:58.643000 1964246 torch/_inductor/graph.py:2469] [1/0] [__output_code]     tmp16 = tmp14 & tmp15
V0908 19:18:58.643000 1964246 torch/_inductor/graph.py:2469] [1/0] [__output_code]     tmp17 = tmp16.to(tl.float32, bitcast=True)
V0908 19:18:58.643000 1964246 torch/_inductor/graph.py:2469] [1/0] [__output_code]     tmp20 = (tmp17 / tmp19)
V0908 19:18:58.643000 1964246 torch/_inductor/graph.py:2469] [1/0] [__output_code]     tmp21 = -448.0
V0908 19:18:58.643000 1964246 torch/_inductor/graph.py:2469] [1/0] [__output_code]     tmp22 = triton_helpers.maximum(tmp20, tmp21)
V0908 19:18:58.643000 1964246 torch/_inductor/graph.py:2469] [1/0] [__output_code]     tmp23 = 448.0
V0908 19:18:58.643000 1964246 torch/_inductor/graph.py:2469] [1/0] [__output_code]     tmp24 = triton_helpers.minimum(tmp22, tmp23)
V0908 19:18:58.643000 1964246 torch/_inductor/graph.py:2469] [1/0] [__output_code]     tmp25 = tmp24.to(tl.float8e4nv)
V0908 19:18:58.643000 1964246 torch/_inductor/graph.py:2469] [1/0] [__output_code]     tl.store(out_ptr0 + (x0), tmp25, None)
V0908 19:18:58.643000 1964246 torch/_inductor/graph.py:2469] [1/0] [__output_code] ''', device_str='cuda')
V0908 19:18:58.643000 1964246 torch/_inductor/graph.py:2469] [1/0] [__output_code] 
V0908 19:18:58.643000 1964246 torch/_inductor/graph.py:2469] [1/0] [__output_code] 
V0908 19:18:58.643000 1964246 torch/_inductor/graph.py:2469] [1/0] [__output_code] async_compile.wait(globals())
V0908 19:18:58.643000 1964246 torch/_inductor/graph.py:2469] [1/0] [__output_code] del async_compile
V0908 19:18:58.643000 1964246 torch/_inductor/graph.py:2469] [1/0] [__output_code] 
V0908 19:18:58.643000 1964246 torch/_inductor/graph.py:2469] [1/0] [__output_code] class Runner:
V0908 19:18:58.643000 1964246 torch/_inductor/graph.py:2469] [1/0] [__output_code]     def __init__(self, partitions):
V0908 19:18:58.643000 1964246 torch/_inductor/graph.py:2469] [1/0] [__output_code]         self.partitions = partitions
V0908 19:18:58.643000 1964246 torch/_inductor/graph.py:2469] [1/0] [__output_code] 
V0908 19:18:58.643000 1964246 torch/_inductor/graph.py:2469] [1/0] [__output_code]     def recursively_apply_fns(self, fns):
V0908 19:18:58.643000 1964246 torch/_inductor/graph.py:2469] [1/0] [__output_code]         new_callables = []
V0908 19:18:58.643000 1964246 torch/_inductor/graph.py:2469] [1/0] [__output_code]         for fn, c in zip(fns, self.partitions):
V0908 19:18:58.643000 1964246 torch/_inductor/graph.py:2469] [1/0] [__output_code]             new_callables.append(fn(c))
V0908 19:18:58.643000 1964246 torch/_inductor/graph.py:2469] [1/0] [__output_code]         self.partitions = new_callables
V0908 19:18:58.643000 1964246 torch/_inductor/graph.py:2469] [1/0] [__output_code] 
V0908 19:18:58.643000 1964246 torch/_inductor/graph.py:2469] [1/0] [__output_code]     def call(self, args):
V0908 19:18:58.643000 1964246 torch/_inductor/graph.py:2469] [1/0] [__output_code]         arg0_1, arg1_1 = args
V0908 19:18:58.643000 1964246 torch/_inductor/graph.py:2469] [1/0] [__output_code]         args.clear()
V0908 19:18:58.643000 1964246 torch/_inductor/graph.py:2469] [1/0] [__output_code]         assert_size_stride(arg0_1, (1, 12288), (12288, 1))
V0908 19:18:58.643000 1964246 torch/_inductor/graph.py:2469] [1/0] [__output_code]         assert_size_stride(arg1_1, (1, 12288), (12288, 1))
V0908 19:18:58.643000 1964246 torch/_inductor/graph.py:2469] [1/0] [__output_code]         with torch.cuda._DeviceGuard(0):
V0908 19:18:58.643000 1964246 torch/_inductor/graph.py:2469] [1/0] [__output_code]             torch.cuda.set_device(0)
V0908 19:18:58.643000 1964246 torch/_inductor/graph.py:2469] [1/0] [__output_code]             buf1 = empty_strided_cuda((1, 1, 2), (2, 2, 1), torch.float32)
V0908 19:18:58.643000 1964246 torch/_inductor/graph.py:2469] [1/0] [__output_code]             # Topologically Sorted Source Nodes: [float_1, silu, float_2, raw, bits, add, rshift, and_, add_1, and__1, y, abs_1, amax], Original ATen: [aten._to_copy, aten.silu, aten.mul, aten.view, aten.add, aten.__rshift__, aten.bitwise_and, aten.abs, aten.amax]
V0908 19:18:58.643000 1964246 torch/_inductor/graph.py:2469] [1/0] [__output_code]             stream0 = get_raw_stream(0)
V0908 19:18:58.643000 1964246 torch/_inductor/graph.py:2469] [1/0] [__output_code]             triton_red_fused___rshift____to_copy_abs_add_amax_bitwise_and_mul_silu_view_0.run(arg0_1, arg1_1, buf1, 2, 6144, stream=stream0)
V0908 19:18:58.643000 1964246 torch/_inductor/graph.py:2469] [1/0] [__output_code]             buf2 = empty_strided_cuda((1, 1), (1, 1), torch.float32)
V0908 19:18:58.643000 1964246 torch/_inductor/graph.py:2469] [1/0] [__output_code]             buf3 = buf2; del buf2  # reuse
V0908 19:18:58.643000 1964246 torch/_inductor/graph.py:2469] [1/0] [__output_code]             # Topologically Sorted Source Nodes: [float_1, silu, float_2, raw, bits, add, rshift, and_, add_1, and__1, y, abs_1, amax, div, s], Original ATen: [aten._to_copy, aten.silu, aten.mul, aten.view, aten.add, aten.__rshift__, aten.bitwise_and, aten.abs, aten.amax, aten.div, aten.clamp_min]
V0908 19:18:58.643000 1964246 torch/_inductor/graph.py:2469] [1/0] [__output_code]             stream0 = get_raw_stream(0)
V0908 19:18:58.643000 1964246 torch/_inductor/graph.py:2469] [1/0] [__output_code]             triton_per_fused___rshift____to_copy_abs_add_amax_bitwise_and_clamp_min_div_mul_silu_view_1.run(buf3, buf1, 1, 2, stream=stream0)
V0908 19:18:58.643000 1964246 torch/_inductor/graph.py:2469] [1/0] [__output_code]             del buf1
V0908 19:18:58.643000 1964246 torch/_inductor/graph.py:2469] [1/0] [__output_code]             buf4 = empty_strided_cuda((1, 12288), (12288, 1), torch.float8_e4m3fn)
V0908 19:18:58.643000 1964246 torch/_inductor/graph.py:2469] [1/0] [__output_code]             # Topologically Sorted Source Nodes: [float_1, silu, float_2, raw, bits, add, rshift, and_, add_1, and__1, y, truediv, clamp, to], Original ATen: [aten._to_copy, aten.silu, aten.mul, aten.view, aten.add, aten.__rshift__, aten.bitwise_and, aten.div, aten.clamp]
V0908 19:18:58.643000 1964246 torch/_inductor/graph.py:2469] [1/0] [__output_code]             stream0 = get_raw_stream(0)
V0908 19:18:58.643000 1964246 torch/_inductor/graph.py:2469] [1/0] [__output_code]             triton_poi_fused___rshift____to_copy_add_bitwise_and_clamp_div_mul_silu_view_2.run(arg0_1, arg1_1, buf3, buf4, 12288, stream=stream0)
V0908 19:18:58.643000 1964246 torch/_inductor/graph.py:2469] [1/0] [__output_code]             del arg0_1
V0908 19:18:58.643000 1964246 torch/_inductor/graph.py:2469] [1/0] [__output_code]             del arg1_1
V0908 19:18:58.643000 1964246 torch/_inductor/graph.py:2469] [1/0] [__output_code]         return (buf4, buf3, )
V0908 19:18:58.643000 1964246 torch/_inductor/graph.py:2469] [1/0] [__output_code] 
V0908 19:18:58.643000 1964246 torch/_inductor/graph.py:2469] [1/0] [__output_code] runner = Runner(partitions=[])
V0908 19:18:58.643000 1964246 torch/_inductor/graph.py:2469] [1/0] [__output_code] call = runner.call
V0908 19:18:58.643000 1964246 torch/_inductor/graph.py:2469] [1/0] [__output_code] recursively_apply_fns = runner.recursively_apply_fns
V0908 19:18:58.643000 1964246 torch/_inductor/graph.py:2469] [1/0] [__output_code] 
V0908 19:18:58.643000 1964246 torch/_inductor/graph.py:2469] [1/0] [__output_code] 
V0908 19:18:58.643000 1964246 torch/_inductor/graph.py:2469] [1/0] [__output_code] def benchmark_compiled_module(times=10, repeat=10):
V0908 19:18:58.643000 1964246 torch/_inductor/graph.py:2469] [1/0] [__output_code]     from torch._dynamo.testing import rand_strided
V0908 19:18:58.643000 1964246 torch/_inductor/graph.py:2469] [1/0] [__output_code]     from torch._inductor.utils import print_performance
V0908 19:18:58.643000 1964246 torch/_inductor/graph.py:2469] [1/0] [__output_code]     arg0_1 = rand_strided((1, 12288), (12288, 1), device='cuda:0', dtype=torch.bfloat16)
V0908 19:18:58.643000 1964246 torch/_inductor/graph.py:2469] [1/0] [__output_code]     arg1_1 = rand_strided((1, 12288), (12288, 1), device='cuda:0', dtype=torch.bfloat16)
V0908 19:18:58.643000 1964246 torch/_inductor/graph.py:2469] [1/0] [__output_code]     fn = lambda: call([arg0_1, arg1_1])
V0908 19:18:58.643000 1964246 torch/_inductor/graph.py:2469] [1/0] [__output_code]     return print_performance(fn, times=times, repeat=repeat)
V0908 19:18:58.643000 1964246 torch/_inductor/graph.py:2469] [1/0] [__output_code] 
V0908 19:18:58.643000 1964246 torch/_inductor/graph.py:2469] [1/0] [__output_code] 
V0908 19:18:58.643000 1964246 torch/_inductor/graph.py:2469] [1/0] [__output_code] if __name__ == "__main__":
V0908 19:18:58.643000 1964246 torch/_inductor/graph.py:2469] [1/0] [__output_code]     from torch._inductor.wrapper_benchmark import compiled_module_main
V0908 19:18:58.643000 1964246 torch/_inductor/graph.py:2469] [1/0] [__output_code]     compiled_module_main('None', benchmark_compiled_module)
V0908 19:18:58.643000 1964246 torch/_inductor/graph.py:2469] [1/0] [__output_code] 
V0908 19:18:58.644000 1964246 torch/_inductor/graph.py:2480] [1/0] [__output_code] Output code written to: /tmp/torchinductor_ubuntu/yk/cykbdgdjoxxgdlnh22wrqadyhmrrp7ernprcqxmjbfh4taqtuviz.py
I0908 19:18:58.893000 1964246 torch/_inductor/graph.py:2440] [1/0] [__output_code] Output code written to: /tmp/torchinductor_ubuntu/yk/cykbdgdjoxxgdlnh22wrqadyhmrrp7ernprcqxmjbfh4taqtuviz.py
/home/ubuntu/.local/lib/python3.10/site-packages/torch/profiler/profiler.py:217: UserWarning: Warning: Profiler clears events at the end of each cycle.Only events from the current cycle will be reported.To keep events across cycles, set acc_events=True.
  _warn_once(
completed 1
V0908 19:18:59.153000 1964246 torch/_inductor/graph.py:2469] [0/1] [__output_code] Output code: 
V0908 19:18:59.153000 1964246 torch/_inductor/graph.py:2469] [0/1] [__output_code] # AOT ID: ['2_inference']
V0908 19:18:59.153000 1964246 torch/_inductor/graph.py:2469] [0/1] [__output_code] from ctypes import c_void_p, c_long, c_int
V0908 19:18:59.153000 1964246 torch/_inductor/graph.py:2469] [0/1] [__output_code] import torch
V0908 19:18:59.153000 1964246 torch/_inductor/graph.py:2469] [0/1] [__output_code] import math
V0908 19:18:59.153000 1964246 torch/_inductor/graph.py:2469] [0/1] [__output_code] import random
V0908 19:18:59.153000 1964246 torch/_inductor/graph.py:2469] [0/1] [__output_code] import os
V0908 19:18:59.153000 1964246 torch/_inductor/graph.py:2469] [0/1] [__output_code] import tempfile
V0908 19:18:59.153000 1964246 torch/_inductor/graph.py:2469] [0/1] [__output_code] from math import inf, nan
V0908 19:18:59.153000 1964246 torch/_inductor/graph.py:2469] [0/1] [__output_code] from cmath import nanj
V0908 19:18:59.153000 1964246 torch/_inductor/graph.py:2469] [0/1] [__output_code] from torch._inductor.hooks import run_intermediate_hooks
V0908 19:18:59.153000 1964246 torch/_inductor/graph.py:2469] [0/1] [__output_code] from torch._inductor.utils import maybe_profile
V0908 19:18:59.153000 1964246 torch/_inductor/graph.py:2469] [0/1] [__output_code] from torch._inductor.codegen.memory_planning import _align as align
V0908 19:18:59.153000 1964246 torch/_inductor/graph.py:2469] [0/1] [__output_code] from torch import device, empty_strided
V0908 19:18:59.153000 1964246 torch/_inductor/graph.py:2469] [0/1] [__output_code] from torch._inductor.async_compile import AsyncCompile
V0908 19:18:59.153000 1964246 torch/_inductor/graph.py:2469] [0/1] [__output_code] from torch._inductor.select_algorithm import extern_kernels
V0908 19:18:59.153000 1964246 torch/_inductor/graph.py:2469] [0/1] [__output_code] 
V0908 19:18:59.153000 1964246 torch/_inductor/graph.py:2469] [0/1] [__output_code] aten = torch.ops.aten
V0908 19:18:59.153000 1964246 torch/_inductor/graph.py:2469] [0/1] [__output_code] inductor_ops = torch.ops.inductor
V0908 19:18:59.153000 1964246 torch/_inductor/graph.py:2469] [0/1] [__output_code] _quantized = torch.ops._quantized
V0908 19:18:59.153000 1964246 torch/_inductor/graph.py:2469] [0/1] [__output_code] assert_size_stride = torch._C._dynamo.guards.assert_size_stride
V0908 19:18:59.153000 1964246 torch/_inductor/graph.py:2469] [0/1] [__output_code] assert_alignment = torch._C._dynamo.guards.assert_alignment
V0908 19:18:59.153000 1964246 torch/_inductor/graph.py:2469] [0/1] [__output_code] empty_strided_cpu = torch._C._dynamo.guards._empty_strided_cpu
V0908 19:18:59.153000 1964246 torch/_inductor/graph.py:2469] [0/1] [__output_code] empty_strided_cpu_pinned = torch._C._dynamo.guards._empty_strided_cpu_pinned
V0908 19:18:59.153000 1964246 torch/_inductor/graph.py:2469] [0/1] [__output_code] empty_strided_cuda = torch._C._dynamo.guards._empty_strided_cuda
V0908 19:18:59.153000 1964246 torch/_inductor/graph.py:2469] [0/1] [__output_code] empty_strided_xpu = torch._C._dynamo.guards._empty_strided_xpu
V0908 19:18:59.153000 1964246 torch/_inductor/graph.py:2469] [0/1] [__output_code] empty_strided_mtia = torch._C._dynamo.guards._empty_strided_mtia
V0908 19:18:59.153000 1964246 torch/_inductor/graph.py:2469] [0/1] [__output_code] reinterpret_tensor = torch._C._dynamo.guards._reinterpret_tensor
V0908 19:18:59.153000 1964246 torch/_inductor/graph.py:2469] [0/1] [__output_code] alloc_from_pool = torch.ops.inductor._alloc_from_pool
V0908 19:18:59.153000 1964246 torch/_inductor/graph.py:2469] [0/1] [__output_code] async_compile = AsyncCompile()
V0908 19:18:59.153000 1964246 torch/_inductor/graph.py:2469] [0/1] [__output_code] empty_strided_p2p = torch._C._distributed_c10d._SymmetricMemory.empty_strided_p2p
V0908 19:18:59.153000 1964246 torch/_inductor/graph.py:2469] [0/1] [__output_code] 
V0908 19:18:59.153000 1964246 torch/_inductor/graph.py:2469] [0/1] [__output_code] 
V0908 19:18:59.153000 1964246 torch/_inductor/graph.py:2469] [0/1] [__output_code] async_compile.wait(globals())
V0908 19:18:59.153000 1964246 torch/_inductor/graph.py:2469] [0/1] [__output_code] del async_compile
V0908 19:18:59.153000 1964246 torch/_inductor/graph.py:2469] [0/1] [__output_code] 
V0908 19:18:59.153000 1964246 torch/_inductor/graph.py:2469] [0/1] [__output_code] class Runner:
V0908 19:18:59.153000 1964246 torch/_inductor/graph.py:2469] [0/1] [__output_code]     def __init__(self, partitions):
V0908 19:18:59.153000 1964246 torch/_inductor/graph.py:2469] [0/1] [__output_code]         self.partitions = partitions
V0908 19:18:59.153000 1964246 torch/_inductor/graph.py:2469] [0/1] [__output_code] 
V0908 19:18:59.153000 1964246 torch/_inductor/graph.py:2469] [0/1] [__output_code]     def recursively_apply_fns(self, fns):
V0908 19:18:59.153000 1964246 torch/_inductor/graph.py:2469] [0/1] [__output_code]         new_callables = []
V0908 19:18:59.153000 1964246 torch/_inductor/graph.py:2469] [0/1] [__output_code]         for fn, c in zip(fns, self.partitions):
V0908 19:18:59.153000 1964246 torch/_inductor/graph.py:2469] [0/1] [__output_code]             new_callables.append(fn(c))
V0908 19:18:59.153000 1964246 torch/_inductor/graph.py:2469] [0/1] [__output_code]         self.partitions = new_callables
V0908 19:18:59.153000 1964246 torch/_inductor/graph.py:2469] [0/1] [__output_code] 
V0908 19:18:59.153000 1964246 torch/_inductor/graph.py:2469] [0/1] [__output_code]     def call(self, args):
V0908 19:18:59.153000 1964246 torch/_inductor/graph.py:2469] [0/1] [__output_code]         arg0_1, arg1_1, arg2_1, arg3_1 = args
V0908 19:18:59.153000 1964246 torch/_inductor/graph.py:2469] [0/1] [__output_code]         args.clear()
V0908 19:18:59.153000 1964246 torch/_inductor/graph.py:2469] [0/1] [__output_code]         s33 = arg0_1
V0908 19:18:59.153000 1964246 torch/_inductor/graph.py:2469] [0/1] [__output_code]         s6 = arg2_1
V0908 19:18:59.153000 1964246 torch/_inductor/graph.py:2469] [0/1] [__output_code]         assert_size_stride(arg1_1, (s33, 12288), (12288, 1))
V0908 19:18:59.153000 1964246 torch/_inductor/graph.py:2469] [0/1] [__output_code]         assert_size_stride(arg3_1, (s6, 12288), (12288, 1))
V0908 19:18:59.153000 1964246 torch/_inductor/graph.py:2469] [0/1] [__output_code]         with torch.cuda._DeviceGuard(0):
V0908 19:18:59.153000 1964246 torch/_inductor/graph.py:2469] [0/1] [__output_code]             torch.cuda.set_device(0)
V0908 19:18:59.153000 1964246 torch/_inductor/graph.py:2469] [0/1] [__output_code]             # Topologically Sorted Source Nodes: [opaque_default], Original ATen: [book504round.opaque]
V0908 19:18:59.153000 1964246 torch/_inductor/graph.py:2469] [0/1] [__output_code]             buf0 = torch.ops.book504round.opaque.default(arg1_1, arg3_1)
V0908 19:18:59.153000 1964246 torch/_inductor/graph.py:2469] [0/1] [__output_code]             del arg1_1
V0908 19:18:59.153000 1964246 torch/_inductor/graph.py:2469] [0/1] [__output_code]             del arg3_1
V0908 19:18:59.153000 1964246 torch/_inductor/graph.py:2469] [0/1] [__output_code]             buf1 = buf0[0]
V0908 19:18:59.153000 1964246 torch/_inductor/graph.py:2469] [0/1] [__output_code]             assert_size_stride(buf1, (s33, 12288), (12288, 1), 'torch.ops.book504round.opaque.default')
V0908 19:18:59.153000 1964246 torch/_inductor/graph.py:2469] [0/1] [__output_code]             assert_alignment(buf1, 16, 'torch.ops.book504round.opaque.default')
V0908 19:18:59.153000 1964246 torch/_inductor/graph.py:2469] [0/1] [__output_code]             buf2 = buf0[1]
V0908 19:18:59.153000 1964246 torch/_inductor/graph.py:2469] [0/1] [__output_code]             assert_size_stride(buf2, (s33, 1), (1, 1), 'torch.ops.book504round.opaque.default')
V0908 19:18:59.153000 1964246 torch/_inductor/graph.py:2469] [0/1] [__output_code]             assert_alignment(buf2, 16, 'torch.ops.book504round.opaque.default')
V0908 19:18:59.153000 1964246 torch/_inductor/graph.py:2469] [0/1] [__output_code]             del buf0
V0908 19:18:59.153000 1964246 torch/_inductor/graph.py:2469] [0/1] [__output_code]         return (buf1, buf2, )
V0908 19:18:59.153000 1964246 torch/_inductor/graph.py:2469] [0/1] [__output_code] 
V0908 19:18:59.153000 1964246 torch/_inductor/graph.py:2469] [0/1] [__output_code] runner = Runner(partitions=[])
V0908 19:18:59.153000 1964246 torch/_inductor/graph.py:2469] [0/1] [__output_code] call = runner.call
V0908 19:18:59.153000 1964246 torch/_inductor/graph.py:2469] [0/1] [__output_code] recursively_apply_fns = runner.recursively_apply_fns
V0908 19:18:59.153000 1964246 torch/_inductor/graph.py:2469] [0/1] [__output_code] 
V0908 19:18:59.153000 1964246 torch/_inductor/graph.py:2469] [0/1] [__output_code] 
V0908 19:18:59.153000 1964246 torch/_inductor/graph.py:2469] [0/1] [__output_code] def benchmark_compiled_module(times=10, repeat=10):
V0908 19:18:59.153000 1964246 torch/_inductor/graph.py:2469] [0/1] [__output_code]     from torch._dynamo.testing import rand_strided
V0908 19:18:59.153000 1964246 torch/_inductor/graph.py:2469] [0/1] [__output_code]     from torch._inductor.utils import print_performance
V0908 19:18:59.153000 1964246 torch/_inductor/graph.py:2469] [0/1] [__output_code]     arg0_1 = 1024
V0908 19:18:59.153000 1964246 torch/_inductor/graph.py:2469] [0/1] [__output_code]     arg1_1 = rand_strided((1024, 12288), (12288, 1), device='cuda:0', dtype=torch.bfloat16)
V0908 19:18:59.153000 1964246 torch/_inductor/graph.py:2469] [0/1] [__output_code]     arg2_1 = 1024
V0908 19:18:59.153000 1964246 torch/_inductor/graph.py:2469] [0/1] [__output_code]     arg3_1 = rand_strided((1024, 12288), (12288, 1), device='cuda:0', dtype=torch.bfloat16)
V0908 19:18:59.153000 1964246 torch/_inductor/graph.py:2469] [0/1] [__output_code]     fn = lambda: call([arg0_1, arg1_1, arg2_1, arg3_1])
V0908 19:18:59.153000 1964246 torch/_inductor/graph.py:2469] [0/1] [__output_code]     return print_performance(fn, times=times, repeat=repeat)
V0908 19:18:59.153000 1964246 torch/_inductor/graph.py:2469] [0/1] [__output_code] 
V0908 19:18:59.153000 1964246 torch/_inductor/graph.py:2469] [0/1] [__output_code] 
V0908 19:18:59.153000 1964246 torch/_inductor/graph.py:2469] [0/1] [__output_code] if __name__ == "__main__":
V0908 19:18:59.153000 1964246 torch/_inductor/graph.py:2469] [0/1] [__output_code]     from torch._inductor.wrapper_benchmark import compiled_module_main
V0908 19:18:59.153000 1964246 torch/_inductor/graph.py:2469] [0/1] [__output_code]     compiled_module_main('None', benchmark_compiled_module)
V0908 19:18:59.153000 1964246 torch/_inductor/graph.py:2469] [0/1] [__output_code] 
V0908 19:18:59.160000 1964246 torch/_inductor/graph.py:2480] [0/1] [__output_code] Output code written to: /tmp/torchinductor_ubuntu/6h/c6hmslbzx5gdin7oq24m6554yy7fp63g47aakelmku73wjwiqflo.py
I0908 19:18:59.161000 1964246 torch/_inductor/graph.py:2440] [0/1] [__output_code] Output code written to: /tmp/torchinductor_ubuntu/6h/c6hmslbzx5gdin7oq24m6554yy7fp63g47aakelmku73wjwiqflo.py
V0908 19:18:59.534000 1964246 torch/_inductor/graph.py:2469] [1/1] [__output_code] Output code: 
V0908 19:18:59.534000 1964246 torch/_inductor/graph.py:2469] [1/1] [__output_code] # AOT ID: ['3_inference']
V0908 19:18:59.534000 1964246 torch/_inductor/graph.py:2469] [1/1] [__output_code] from ctypes import c_void_p, c_long, c_int
V0908 19:18:59.534000 1964246 torch/_inductor/graph.py:2469] [1/1] [__output_code] import torch
V0908 19:18:59.534000 1964246 torch/_inductor/graph.py:2469] [1/1] [__output_code] import math
V0908 19:18:59.534000 1964246 torch/_inductor/graph.py:2469] [1/1] [__output_code] import random
V0908 19:18:59.534000 1964246 torch/_inductor/graph.py:2469] [1/1] [__output_code] import os
V0908 19:18:59.534000 1964246 torch/_inductor/graph.py:2469] [1/1] [__output_code] import tempfile
V0908 19:18:59.534000 1964246 torch/_inductor/graph.py:2469] [1/1] [__output_code] from math import inf, nan
V0908 19:18:59.534000 1964246 torch/_inductor/graph.py:2469] [1/1] [__output_code] from cmath import nanj
V0908 19:18:59.534000 1964246 torch/_inductor/graph.py:2469] [1/1] [__output_code] from torch._inductor.hooks import run_intermediate_hooks
V0908 19:18:59.534000 1964246 torch/_inductor/graph.py:2469] [1/1] [__output_code] from torch._inductor.utils import maybe_profile
V0908 19:18:59.534000 1964246 torch/_inductor/graph.py:2469] [1/1] [__output_code] from torch._inductor.codegen.memory_planning import _align as align
V0908 19:18:59.534000 1964246 torch/_inductor/graph.py:2469] [1/1] [__output_code] from torch import device, empty_strided
V0908 19:18:59.534000 1964246 torch/_inductor/graph.py:2469] [1/1] [__output_code] from torch._inductor.async_compile import AsyncCompile
V0908 19:18:59.534000 1964246 torch/_inductor/graph.py:2469] [1/1] [__output_code] from torch._inductor.select_algorithm import extern_kernels
V0908 19:18:59.534000 1964246 torch/_inductor/graph.py:2469] [1/1] [__output_code] import triton
V0908 19:18:59.534000 1964246 torch/_inductor/graph.py:2469] [1/1] [__output_code] import triton.language as tl
V0908 19:18:59.534000 1964246 torch/_inductor/graph.py:2469] [1/1] [__output_code] from torch._inductor.runtime.triton_heuristics import start_graph, end_graph
V0908 19:18:59.534000 1964246 torch/_inductor/graph.py:2469] [1/1] [__output_code] from torch._C import _cuda_getCurrentRawStream as get_raw_stream
V0908 19:18:59.534000 1964246 torch/_inductor/graph.py:2469] [1/1] [__output_code] 
V0908 19:18:59.534000 1964246 torch/_inductor/graph.py:2469] [1/1] [__output_code] aten = torch.ops.aten
V0908 19:18:59.534000 1964246 torch/_inductor/graph.py:2469] [1/1] [__output_code] inductor_ops = torch.ops.inductor
V0908 19:18:59.534000 1964246 torch/_inductor/graph.py:2469] [1/1] [__output_code] _quantized = torch.ops._quantized
V0908 19:18:59.534000 1964246 torch/_inductor/graph.py:2469] [1/1] [__output_code] assert_size_stride = torch._C._dynamo.guards.assert_size_stride
V0908 19:18:59.534000 1964246 torch/_inductor/graph.py:2469] [1/1] [__output_code] assert_alignment = torch._C._dynamo.guards.assert_alignment
V0908 19:18:59.534000 1964246 torch/_inductor/graph.py:2469] [1/1] [__output_code] empty_strided_cpu = torch._C._dynamo.guards._empty_strided_cpu
V0908 19:18:59.534000 1964246 torch/_inductor/graph.py:2469] [1/1] [__output_code] empty_strided_cpu_pinned = torch._C._dynamo.guards._empty_strided_cpu_pinned
V0908 19:18:59.534000 1964246 torch/_inductor/graph.py:2469] [1/1] [__output_code] empty_strided_cuda = torch._C._dynamo.guards._empty_strided_cuda
V0908 19:18:59.534000 1964246 torch/_inductor/graph.py:2469] [1/1] [__output_code] empty_strided_xpu = torch._C._dynamo.guards._empty_strided_xpu
V0908 19:18:59.534000 1964246 torch/_inductor/graph.py:2469] [1/1] [__output_code] empty_strided_mtia = torch._C._dynamo.guards._empty_strided_mtia
V0908 19:18:59.534000 1964246 torch/_inductor/graph.py:2469] [1/1] [__output_code] reinterpret_tensor = torch._C._dynamo.guards._reinterpret_tensor
V0908 19:18:59.534000 1964246 torch/_inductor/graph.py:2469] [1/1] [__output_code] alloc_from_pool = torch.ops.inductor._alloc_from_pool
V0908 19:18:59.534000 1964246 torch/_inductor/graph.py:2469] [1/1] [__output_code] async_compile = AsyncCompile()
V0908 19:18:59.534000 1964246 torch/_inductor/graph.py:2469] [1/1] [__output_code] empty_strided_p2p = torch._C._distributed_c10d._SymmetricMemory.empty_strided_p2p
V0908 19:18:59.534000 1964246 torch/_inductor/graph.py:2469] [1/1] [__output_code] 
V0908 19:18:59.534000 1964246 torch/_inductor/graph.py:2469] [1/1] [__output_code] 
V0908 19:18:59.534000 1964246 torch/_inductor/graph.py:2469] [1/1] [__output_code] # kernel path: /tmp/torchinductor_ubuntu/np/cnp4gp7uqxeo3dko6h7pmi7wudgogxnpx7v5ixzx4rkekdcx2lrz.py
V0908 19:18:59.534000 1964246 torch/_inductor/graph.py:2469] [1/1] [__output_code] # Topologically Sorted Source Nodes: [float_1, silu, float_2, raw, bits, add, rshift, and_, add_1, and__1, y, abs_1, amax, div, s, truediv, clamp, to], Original ATen: [aten._to_copy, aten.silu, aten.mul, aten.view, aten.add, aten.__rshift__, aten.bitwise_and, aten.abs, aten.amax, aten.div, aten.clamp_min, aten.clamp]
V0908 19:18:59.534000 1964246 torch/_inductor/graph.py:2469] [1/1] [__output_code] # Source node to ATen node mapping:
V0908 19:18:59.534000 1964246 torch/_inductor/graph.py:2469] [1/1] [__output_code] #   abs_1 => abs_1
V0908 19:18:59.534000 1964246 torch/_inductor/graph.py:2469] [1/1] [__output_code] #   add => add_18
V0908 19:18:59.534000 1964246 torch/_inductor/graph.py:2469] [1/1] [__output_code] #   add_1 => add_28
V0908 19:18:59.534000 1964246 torch/_inductor/graph.py:2469] [1/1] [__output_code] #   amax => amax
V0908 19:18:59.534000 1964246 torch/_inductor/graph.py:2469] [1/1] [__output_code] #   and_ => bitwise_and
V0908 19:18:59.534000 1964246 torch/_inductor/graph.py:2469] [1/1] [__output_code] #   and__1 => bitwise_and_1
V0908 19:18:59.534000 1964246 torch/_inductor/graph.py:2469] [1/1] [__output_code] #   bits => view
V0908 19:18:59.534000 1964246 torch/_inductor/graph.py:2469] [1/1] [__output_code] #   clamp => clamp_max, clamp_min_1
V0908 19:18:59.534000 1964246 torch/_inductor/graph.py:2469] [1/1] [__output_code] #   div => div
V0908 19:18:59.534000 1964246 torch/_inductor/graph.py:2469] [1/1] [__output_code] #   float_1 => convert_element_type
V0908 19:18:59.534000 1964246 torch/_inductor/graph.py:2469] [1/1] [__output_code] #   float_2 => convert_element_type_1
V0908 19:18:59.534000 1964246 torch/_inductor/graph.py:2469] [1/1] [__output_code] #   raw => mul_7
V0908 19:18:59.534000 1964246 torch/_inductor/graph.py:2469] [1/1] [__output_code] #   rshift => rshift
V0908 19:18:59.534000 1964246 torch/_inductor/graph.py:2469] [1/1] [__output_code] #   s => clamp_min
V0908 19:18:59.534000 1964246 torch/_inductor/graph.py:2469] [1/1] [__output_code] #   silu => mul_2, sigmoid
V0908 19:18:59.534000 1964246 torch/_inductor/graph.py:2469] [1/1] [__output_code] #   to => convert_element_type_2
V0908 19:18:59.534000 1964246 torch/_inductor/graph.py:2469] [1/1] [__output_code] #   truediv => div_1
V0908 19:18:59.534000 1964246 torch/_inductor/graph.py:2469] [1/1] [__output_code] #   y => view_1
V0908 19:18:59.534000 1964246 torch/_inductor/graph.py:2469] [1/1] [__output_code] # Graph fragment:
V0908 19:18:59.534000 1964246 torch/_inductor/graph.py:2469] [1/1] [__output_code] #   %arg1_1 : Tensor "bf16[s44, 12288][12288, 1]cuda:0" = PlaceHolder[target=arg1_1]
V0908 19:18:59.534000 1964246 torch/_inductor/graph.py:2469] [1/1] [__output_code] #   %arg2_1 : Tensor "bf16[s44, 12288][12288, 1]cuda:0" = PlaceHolder[target=arg2_1]
V0908 19:18:59.534000 1964246 torch/_inductor/graph.py:2469] [1/1] [__output_code] #   %amax : Tensor "f32[s44, 1][1, s44]cuda:0" = PlaceHolder[target=amax]
V0908 19:18:59.534000 1964246 torch/_inductor/graph.py:2469] [1/1] [__output_code] #   %clamp_min : Tensor "f32[s44, 1][1, 1]cuda:0" = PlaceHolder[target=clamp_min]
V0908 19:18:59.534000 1964246 torch/_inductor/graph.py:2469] [1/1] [__output_code] #   %convert_element_type : Tensor "f32[s44, 12288][12288, 1]cuda:0"[num_users=2] = call_function[target=torch.ops.prims.convert_element_type.default](args = (%arg1_1, torch.float32), kwargs = {})
V0908 19:18:59.534000 1964246 torch/_inductor/graph.py:2469] [1/1] [__output_code] #   %sigmoid : Tensor "f32[s44, 12288][12288, 1]cuda:0"[num_users=1] = call_function[target=torch.ops.aten.sigmoid.default](args = (%convert_element_type,), kwargs = {})
V0908 19:18:59.534000 1964246 torch/_inductor/graph.py:2469] [1/1] [__output_code] #   %mul_2 : Tensor "f32[s44, 12288][12288, 1]cuda:0"[num_users=1] = call_function[target=torch.ops.aten.mul.Tensor](args = (%convert_element_type, %sigmoid), kwargs = {})
V0908 19:18:59.534000 1964246 torch/_inductor/graph.py:2469] [1/1] [__output_code] #   %convert_element_type_1 : Tensor "f32[s44, 12288][12288, 1]cuda:0"[num_users=1] = call_function[target=torch.ops.prims.convert_element_type.default](args = (%arg2_1, torch.float32), kwargs = {})
V0908 19:18:59.534000 1964246 torch/_inductor/graph.py:2469] [1/1] [__output_code] #   %mul_7 : Tensor "f32[s44, 12288][12288, 1]cuda:0"[num_users=1] = call_function[target=torch.ops.aten.mul.Tensor](args = (%mul_2, %convert_element_type_1), kwargs = {})
V0908 19:18:59.534000 1964246 torch/_inductor/graph.py:2469] [1/1] [__output_code] #   %view : Tensor "i32[s44, 12288][12288, 1]cuda:0"[num_users=2] = call_function[target=torch.ops.aten.view.dtype](args = (%mul_7, torch.int32), kwargs = {})
V0908 19:18:59.534000 1964246 torch/_inductor/graph.py:2469] [1/1] [__output_code] #   %add_18 : Tensor "i32[s44, 12288][12288, 1]cuda:0"[num_users=1] = call_function[target=torch.ops.aten.add.Tensor](args = (%view, 32767), kwargs = {})
V0908 19:18:59.534000 1964246 torch/_inductor/graph.py:2469] [1/1] [__output_code] #   %rshift : Tensor "i32[s44, 12288][12288, 1]cuda:0"[num_users=1] = call_function[target=torch.ops.aten.__rshift__.Scalar](args = (%view, 16), kwargs = {})
V0908 19:18:59.534000 1964246 torch/_inductor/graph.py:2469] [1/1] [__output_code] #   %bitwise_and : Tensor "i32[s44, 12288][12288, 1]cuda:0"[num_users=1] = call_function[target=torch.ops.aten.bitwise_and.Scalar](args = (%rshift, 1), kwargs = {})
V0908 19:18:59.534000 1964246 torch/_inductor/graph.py:2469] [1/1] [__output_code] #   %add_28 : Tensor "i32[s44, 12288][12288, 1]cuda:0"[num_users=1] = call_function[target=torch.ops.aten.add.Tensor](args = (%add_18, %bitwise_and), kwargs = {})
V0908 19:18:59.534000 1964246 torch/_inductor/graph.py:2469] [1/1] [__output_code] #   %bitwise_and_1 : Tensor "i32[s44, 12288][12288, 1]cuda:0"[num_users=1] = call_function[target=torch.ops.aten.bitwise_and.Scalar](args = (%add_28, -65536), kwargs = {})
V0908 19:18:59.534000 1964246 torch/_inductor/graph.py:2469] [1/1] [__output_code] #   %view_1 : Tensor "f32[s44, 12288][12288, 1]cuda:0"[num_users=2] = call_function[target=torch.ops.aten.view.dtype](args = (%bitwise_and_1, torch.float32), kwargs = {})
V0908 19:18:59.534000 1964246 torch/_inductor/graph.py:2469] [1/1] [__output_code] #   %abs_1 : Tensor "f32[s44, 12288][12288, 1]cuda:0"[num_users=1] = call_function[target=torch.ops.aten.abs.default](args = (%view_1,), kwargs = {})
V0908 19:18:59.534000 1964246 torch/_inductor/graph.py:2469] [1/1] [__output_code] #   %amax : Tensor "f32[s44, 1][1, 1]cuda:0"[num_users=1] = call_function[target=torch.ops.aten.amax.default](args = (%abs_1, [-1], True), kwargs = {})
V0908 19:18:59.534000 1964246 torch/_inductor/graph.py:2469] [1/1] [__output_code] #   %div : Tensor "f32[s44, 1][1, 1]cuda:0"[num_users=1] = call_function[target=torch.ops.aten.div.Tensor](args = (%amax, 448.0), kwargs = {})
V0908 19:18:59.534000 1964246 torch/_inductor/graph.py:2469] [1/1] [__output_code] #   %clamp_min : Tensor "f32[s44, 1][1, 1]cuda:0"[num_users=2] = call_function[target=torch.ops.aten.clamp_min.default](args = (%div, 1e-08), kwargs = {})
V0908 19:18:59.534000 1964246 torch/_inductor/graph.py:2469] [1/1] [__output_code] #   %div_1 : Tensor "f32[s44, 12288][12288, 1]cuda:0"[num_users=1] = call_function[target=torch.ops.aten.div.Tensor](args = (%view_1, %clamp_min), kwargs = {})
V0908 19:18:59.534000 1964246 torch/_inductor/graph.py:2469] [1/1] [__output_code] #   %clamp_min_1 : Tensor "f32[s44, 12288][12288, 1]cuda:0"[num_users=1] = call_function[target=torch.ops.aten.clamp_min.default](args = (%div_1, -448), kwargs = {})
V0908 19:18:59.534000 1964246 torch/_inductor/graph.py:2469] [1/1] [__output_code] #   %clamp_max : Tensor "f32[s44, 12288][12288, 1]cuda:0"[num_users=1] = call_function[target=torch.ops.aten.clamp_max.default](args = (%clamp_min_1, 448), kwargs = {})
V0908 19:18:59.534000 1964246 torch/_inductor/graph.py:2469] [1/1] [__output_code] #   %convert_element_type_2 : Tensor "f8e4m3fn[s44, 12288][12288, 1]cuda:0"[num_users=1] = call_function[target=torch.ops.prims.convert_element_type.default](args = (%clamp_max, torch.float8_e4m3fn), kwargs = {})
V0908 19:18:59.534000 1964246 torch/_inductor/graph.py:2469] [1/1] [__output_code] #   return %amax,%clamp_min,%convert_element_type_2
V0908 19:18:59.534000 1964246 torch/_inductor/graph.py:2469] [1/1] [__output_code] triton_red_fused___rshift____to_copy_abs_add_amax_bitwise_and_clamp_clamp_min_div_mul_silu_view_0 = async_compile.triton('triton_red_fused___rshift____to_copy_abs_add_amax_bitwise_and_clamp_clamp_min_div_mul_silu_view_0', '''
V0908 19:18:59.534000 1964246 torch/_inductor/graph.py:2469] [1/1] [__output_code] import triton
V0908 19:18:59.534000 1964246 torch/_inductor/graph.py:2469] [1/1] [__output_code] import triton.language as tl
V0908 19:18:59.534000 1964246 torch/_inductor/graph.py:2469] [1/1] [__output_code] 
V0908 19:18:59.534000 1964246 torch/_inductor/graph.py:2469] [1/1] [__output_code] from torch._inductor.runtime import triton_helpers, triton_heuristics
V0908 19:18:59.534000 1964246 torch/_inductor/graph.py:2469] [1/1] [__output_code] from torch._inductor.runtime.triton_helpers import libdevice, math as tl_math
V0908 19:18:59.534000 1964246 torch/_inductor/graph.py:2469] [1/1] [__output_code] from torch._inductor.runtime.hints import AutotuneHint, ReductionHint, TileHint, DeviceProperties
V0908 19:18:59.534000 1964246 torch/_inductor/graph.py:2469] [1/1] [__output_code] triton_helpers.set_driver_to_gpu()
V0908 19:18:59.534000 1964246 torch/_inductor/graph.py:2469] [1/1] [__output_code] 
V0908 19:18:59.534000 1964246 torch/_inductor/graph.py:2469] [1/1] [__output_code] @triton_heuristics.reduction(
V0908 19:18:59.534000 1964246 torch/_inductor/graph.py:2469] [1/1] [__output_code]     size_hints={'x': 1024, 'r0_': 16384},
V0908 19:18:59.534000 1964246 torch/_inductor/graph.py:2469] [1/1] [__output_code]     reduction_hint=ReductionHint.INNER,
V0908 19:18:59.534000 1964246 torch/_inductor/graph.py:2469] [1/1] [__output_code]     filename=__file__,
V0908 19:18:59.534000 1964246 torch/_inductor/graph.py:2469] [1/1] [__output_code]     triton_meta={'signature': {'in_out_ptr0': '*fp32', 'in_ptr0': '*bf16', 'in_ptr1': '*bf16', 'out_ptr0': '*fp8e4nv', 'xnumel': 'i32', 'r0_numel': 'i32', 'XBLOCK': 'constexpr', 'R0_BLOCK': 'constexpr'}, 'device': DeviceProperties(type='cuda', index=0, multi_processor_count=188, cc=120, major=12, regs_per_multiprocessor=65536, max_threads_per_multi_processor=1536, max_threads_per_block=1024, warp_size=32), 'constants': {}, 'native_matmul': False, 'configs': [{(0,): [['tt.divisibility', 16]], (1,): [['tt.divisibility', 16]], (2,): [['tt.divisibility', 16]], (3,): [['tt.divisibility', 16]], (5,): [['tt.divisibility', 16]]}], 'enable_fp_fusion': True},
V0908 19:18:59.534000 1964246 torch/_inductor/graph.py:2469] [1/1] [__output_code]     inductor_meta={'grid_type': 'Grid1D', 'autotune_hints': set(), 'kernel_name': 'triton_red_fused___rshift____to_copy_abs_add_amax_bitwise_and_clamp_clamp_min_div_mul_silu_view_0', 'mutated_arg_names': ['in_out_ptr0'], 'optimize_mem': True, 'no_x_dim': False, 'atomic_add_found': False, 'num_load': 4, 'num_store': 2, 'num_reduction': 1, 'backend_hash': '92025B7F7887B63B7E2E081949457B6F5D4FE41E179BB00C0C96468C7AE5D1D0', 'assert_indirect_indexing': True, 'autotune_local_cache': True, 'autotune_pointwise': True, 'autotune_remote_cache': None, 'force_disable_caches': False, 'dynamic_scale_rblock': True, 'max_autotune': False, 'max_autotune_pointwise': False, 'min_split_scan_rblock': 256, 'spill_threshold': 16, 'store_cubin': False, 'deterministic': False, 'force_filter_reduction_configs': False, 'are_deterministic_algorithms_enabled': False, 'add_persistent_rblock': True}
V0908 19:18:59.534000 1964246 torch/_inductor/graph.py:2469] [1/1] [__output_code] )
V0908 19:18:59.534000 1964246 torch/_inductor/graph.py:2469] [1/1] [__output_code] @triton.jit
V0908 19:18:59.534000 1964246 torch/_inductor/graph.py:2469] [1/1] [__output_code] def triton_red_fused___rshift____to_copy_abs_add_amax_bitwise_and_clamp_clamp_min_div_mul_silu_view_0(in_out_ptr0, in_ptr0, in_ptr1, out_ptr0, xnumel, r0_numel, XBLOCK : tl.constexpr, R0_BLOCK : tl.constexpr):
V0908 19:18:59.534000 1964246 torch/_inductor/graph.py:2469] [1/1] [__output_code]     r0_numel = 12288
V0908 19:18:59.534000 1964246 torch/_inductor/graph.py:2469] [1/1] [__output_code]     rnumel = r0_numel
V0908 19:18:59.534000 1964246 torch/_inductor/graph.py:2469] [1/1] [__output_code]     RBLOCK: tl.constexpr = R0_BLOCK
V0908 19:18:59.534000 1964246 torch/_inductor/graph.py:2469] [1/1] [__output_code]     xoffset = tl.program_id(0) * XBLOCK
V0908 19:18:59.534000 1964246 torch/_inductor/graph.py:2469] [1/1] [__output_code]     xindex = xoffset + tl.arange(0, XBLOCK)[:, None]
V0908 19:18:59.534000 1964246 torch/_inductor/graph.py:2469] [1/1] [__output_code]     xmask = xindex < xnumel
V0908 19:18:59.534000 1964246 torch/_inductor/graph.py:2469] [1/1] [__output_code]     r0_base = tl.arange(0, R0_BLOCK)[None, :]
V0908 19:18:59.534000 1964246 torch/_inductor/graph.py:2469] [1/1] [__output_code]     rbase = r0_base
V0908 19:18:59.534000 1964246 torch/_inductor/graph.py:2469] [1/1] [__output_code]     x0 = xindex
V0908 19:18:59.534000 1964246 torch/_inductor/graph.py:2469] [1/1] [__output_code]     _tmp20 = tl.full([XBLOCK, R0_BLOCK], float("-inf"), tl.float32)
V0908 19:18:59.534000 1964246 torch/_inductor/graph.py:2469] [1/1] [__output_code]     for r0_offset in range(0, r0_numel, R0_BLOCK):
V0908 19:18:59.534000 1964246 torch/_inductor/graph.py:2469] [1/1] [__output_code]         r0_index = r0_offset + r0_base
V0908 19:18:59.534000 1964246 torch/_inductor/graph.py:2469] [1/1] [__output_code]         r0_mask = r0_index < r0_numel
V0908 19:18:59.534000 1964246 torch/_inductor/graph.py:2469] [1/1] [__output_code]         roffset = r0_offset
V0908 19:18:59.534000 1964246 torch/_inductor/graph.py:2469] [1/1] [__output_code]         rindex = r0_index
V0908 19:18:59.534000 1964246 torch/_inductor/graph.py:2469] [1/1] [__output_code]         r0_1 = r0_index
V0908 19:18:59.534000 1964246 torch/_inductor/graph.py:2469] [1/1] [__output_code]         tmp0 = tl.load(in_ptr0 + (r0_1 + 12288*x0), r0_mask & xmask, eviction_policy='evict_last', other=0.0).to(tl.float32)
V0908 19:18:59.534000 1964246 torch/_inductor/graph.py:2469] [1/1] [__output_code]         tmp4 = tl.load(in_ptr1 + (r0_1 + 12288*x0), r0_mask & xmask, eviction_policy='evict_last', other=0.0).to(tl.float32)
V0908 19:18:59.534000 1964246 torch/_inductor/graph.py:2469] [1/1] [__output_code]         tmp1 = tmp0.to(tl.float32)
V0908 19:18:59.534000 1964246 torch/_inductor/graph.py:2469] [1/1] [__output_code]         tmp2 = tl.sigmoid(tmp1)
V0908 19:18:59.534000 1964246 torch/_inductor/graph.py:2469] [1/1] [__output_code]         tmp3 = tmp1 * tmp2
V0908 19:18:59.534000 1964246 torch/_inductor/graph.py:2469] [1/1] [__output_code]         tmp5 = tmp4.to(tl.float32)
V0908 19:18:59.534000 1964246 torch/_inductor/graph.py:2469] [1/1] [__output_code]         tmp6 = tmp3 * tmp5
V0908 19:18:59.534000 1964246 torch/_inductor/graph.py:2469] [1/1] [__output_code]         tmp7 = tmp6.to(tl.int32, bitcast=True)
V0908 19:18:59.534000 1964246 torch/_inductor/graph.py:2469] [1/1] [__output_code]         tmp8 = tl.full([1, 1], 32767, tl.int32)
V0908 19:18:59.534000 1964246 torch/_inductor/graph.py:2469] [1/1] [__output_code]         tmp9 = tmp7 + tmp8
V0908 19:18:59.534000 1964246 torch/_inductor/graph.py:2469] [1/1] [__output_code]         tmp10 = tl.full([1, 1], 16, tl.int32)
V0908 19:18:59.534000 1964246 torch/_inductor/graph.py:2469] [1/1] [__output_code]         tmp11 = tmp7 >> tmp10
V0908 19:18:59.534000 1964246 torch/_inductor/graph.py:2469] [1/1] [__output_code]         tmp12 = tl.full([1, 1], 1, tl.int32)
V0908 19:18:59.534000 1964246 torch/_inductor/graph.py:2469] [1/1] [__output_code]         tmp13 = tmp11 & tmp12
V0908 19:18:59.534000 1964246 torch/_inductor/graph.py:2469] [1/1] [__output_code]         tmp14 = tmp9 + tmp13
V0908 19:18:59.534000 1964246 torch/_inductor/graph.py:2469] [1/1] [__output_code]         tmp15 = tl.full([1, 1], -65536, tl.int32)
V0908 19:18:59.534000 1964246 torch/_inductor/graph.py:2469] [1/1] [__output_code]         tmp16 = tmp14 & tmp15
V0908 19:18:59.534000 1964246 torch/_inductor/graph.py:2469] [1/1] [__output_code]         tmp17 = tmp16.to(tl.float32, bitcast=True)
V0908 19:18:59.534000 1964246 torch/_inductor/graph.py:2469] [1/1] [__output_code]         tmp18 = tl_math.abs(tmp17)
V0908 19:18:59.534000 1964246 torch/_inductor/graph.py:2469] [1/1] [__output_code]         tmp19 = tl.broadcast_to(tmp18, [XBLOCK, R0_BLOCK])
V0908 19:18:59.534000 1964246 torch/_inductor/graph.py:2469] [1/1] [__output_code]         tmp21 = triton_helpers.maximum(_tmp20, tmp19)
V0908 19:18:59.534000 1964246 torch/_inductor/graph.py:2469] [1/1] [__output_code]         _tmp20 = tl.where(r0_mask & xmask, tmp21, _tmp20)
V0908 19:18:59.534000 1964246 torch/_inductor/graph.py:2469] [1/1] [__output_code]     tmp20 = triton_helpers.max2(_tmp20, 1)[:, None]
V0908 19:18:59.534000 1964246 torch/_inductor/graph.py:2469] [1/1] [__output_code]     tmp22 = 0.002232142857142857
V0908 19:18:59.534000 1964246 torch/_inductor/graph.py:2469] [1/1] [__output_code]     tmp23 = tmp20 * tmp22
V0908 19:18:59.534000 1964246 torch/_inductor/graph.py:2469] [1/1] [__output_code]     tmp24 = 1e-08
V0908 19:18:59.534000 1964246 torch/_inductor/graph.py:2469] [1/1] [__output_code]     tmp25 = triton_helpers.maximum(tmp23, tmp24)
V0908 19:18:59.534000 1964246 torch/_inductor/graph.py:2469] [1/1] [__output_code]     tl.debug_barrier()
V0908 19:18:59.534000 1964246 torch/_inductor/graph.py:2469] [1/1] [__output_code]     tl.store(in_out_ptr0 + (x0), tmp25, xmask)
V0908 19:18:59.534000 1964246 torch/_inductor/graph.py:2469] [1/1] [__output_code]     for r0_offset in range(0, r0_numel, R0_BLOCK):
V0908 19:18:59.534000 1964246 torch/_inductor/graph.py:2469] [1/1] [__output_code]         r0_index = r0_offset + r0_base
V0908 19:18:59.534000 1964246 torch/_inductor/graph.py:2469] [1/1] [__output_code]         r0_mask = r0_index < r0_numel
V0908 19:18:59.534000 1964246 torch/_inductor/graph.py:2469] [1/1] [__output_code]         roffset = r0_offset
V0908 19:18:59.534000 1964246 torch/_inductor/graph.py:2469] [1/1] [__output_code]         rindex = r0_index
V0908 19:18:59.534000 1964246 torch/_inductor/graph.py:2469] [1/1] [__output_code]         r0_1 = r0_index
V0908 19:18:59.534000 1964246 torch/_inductor/graph.py:2469] [1/1] [__output_code]         tmp26 = tl.load(in_ptr0 + (r0_1 + 12288*x0), r0_mask & xmask, eviction_policy='evict_first', other=0.0).to(tl.float32)
V0908 19:18:59.534000 1964246 torch/_inductor/graph.py:2469] [1/1] [__output_code]         tmp30 = tl.load(in_ptr1 + (r0_1 + 12288*x0), r0_mask & xmask, eviction_policy='evict_first', other=0.0).to(tl.float32)
V0908 19:18:59.534000 1964246 torch/_inductor/graph.py:2469] [1/1] [__output_code]         tmp27 = tmp26.to(tl.float32)
V0908 19:18:59.534000 1964246 torch/_inductor/graph.py:2469] [1/1] [__output_code]         tmp28 = tl.sigmoid(tmp27)
V0908 19:18:59.534000 1964246 torch/_inductor/graph.py:2469] [1/1] [__output_code]         tmp29 = tmp27 * tmp28
V0908 19:18:59.534000 1964246 torch/_inductor/graph.py:2469] [1/1] [__output_code]         tmp31 = tmp30.to(tl.float32)
V0908 19:18:59.534000 1964246 torch/_inductor/graph.py:2469] [1/1] [__output_code]         tmp32 = tmp29 * tmp31
V0908 19:18:59.534000 1964246 torch/_inductor/graph.py:2469] [1/1] [__output_code]         tmp33 = tmp32.to(tl.int32, bitcast=True)
V0908 19:18:59.534000 1964246 torch/_inductor/graph.py:2469] [1/1] [__output_code]         tmp34 = tl.full([1, 1], 32767, tl.int32)
V0908 19:18:59.534000 1964246 torch/_inductor/graph.py:2469] [1/1] [__output_code]         tmp35 = tmp33 + tmp34
V0908 19:18:59.534000 1964246 torch/_inductor/graph.py:2469] [1/1] [__output_code]         tmp36 = tl.full([1, 1], 16, tl.int32)
V0908 19:18:59.534000 1964246 torch/_inductor/graph.py:2469] [1/1] [__output_code]         tmp37 = tmp33 >> tmp36
V0908 19:18:59.534000 1964246 torch/_inductor/graph.py:2469] [1/1] [__output_code]         tmp38 = tl.full([1, 1], 1, tl.int32)
V0908 19:18:59.534000 1964246 torch/_inductor/graph.py:2469] [1/1] [__output_code]         tmp39 = tmp37 & tmp38
V0908 19:18:59.534000 1964246 torch/_inductor/graph.py:2469] [1/1] [__output_code]         tmp40 = tmp35 + tmp39
V0908 19:18:59.534000 1964246 torch/_inductor/graph.py:2469] [1/1] [__output_code]         tmp41 = tl.full([1, 1], -65536, tl.int32)
V0908 19:18:59.534000 1964246 torch/_inductor/graph.py:2469] [1/1] [__output_code]         tmp42 = tmp40 & tmp41
V0908 19:18:59.534000 1964246 torch/_inductor/graph.py:2469] [1/1] [__output_code]         tmp43 = tmp42.to(tl.float32, bitcast=True)
V0908 19:18:59.534000 1964246 torch/_inductor/graph.py:2469] [1/1] [__output_code]         tmp44 = (tmp43 / tmp25)
V0908 19:18:59.534000 1964246 torch/_inductor/graph.py:2469] [1/1] [__output_code]         tmp45 = -448.0
V0908 19:18:59.534000 1964246 torch/_inductor/graph.py:2469] [1/1] [__output_code]         tmp46 = triton_helpers.maximum(tmp44, tmp45)
V0908 19:18:59.534000 1964246 torch/_inductor/graph.py:2469] [1/1] [__output_code]         tmp47 = 448.0
V0908 19:18:59.534000 1964246 torch/_inductor/graph.py:2469] [1/1] [__output_code]         tmp48 = triton_helpers.minimum(tmp46, tmp47)
V0908 19:18:59.534000 1964246 torch/_inductor/graph.py:2469] [1/1] [__output_code]         tmp49 = tmp48.to(tl.float8e4nv)
V0908 19:18:59.534000 1964246 torch/_inductor/graph.py:2469] [1/1] [__output_code]         tl.store(out_ptr0 + (r0_1 + 12288*x0), tmp49, r0_mask & xmask)
V0908 19:18:59.534000 1964246 torch/_inductor/graph.py:2469] [1/1] [__output_code] ''', device_str='cuda')
V0908 19:18:59.534000 1964246 torch/_inductor/graph.py:2469] [1/1] [__output_code] 
V0908 19:18:59.534000 1964246 torch/_inductor/graph.py:2469] [1/1] [__output_code] 
V0908 19:18:59.534000 1964246 torch/_inductor/graph.py:2469] [1/1] [__output_code] async_compile.wait(globals())
V0908 19:18:59.534000 1964246 torch/_inductor/graph.py:2469] [1/1] [__output_code] del async_compile
V0908 19:18:59.534000 1964246 torch/_inductor/graph.py:2469] [1/1] [__output_code] 
V0908 19:18:59.534000 1964246 torch/_inductor/graph.py:2469] [1/1] [__output_code] class Runner:
V0908 19:18:59.534000 1964246 torch/_inductor/graph.py:2469] [1/1] [__output_code]     def __init__(self, partitions):
V0908 19:18:59.534000 1964246 torch/_inductor/graph.py:2469] [1/1] [__output_code]         self.partitions = partitions
V0908 19:18:59.534000 1964246 torch/_inductor/graph.py:2469] [1/1] [__output_code] 
V0908 19:18:59.534000 1964246 torch/_inductor/graph.py:2469] [1/1] [__output_code]     def recursively_apply_fns(self, fns):
V0908 19:18:59.534000 1964246 torch/_inductor/graph.py:2469] [1/1] [__output_code]         new_callables = []
V0908 19:18:59.534000 1964246 torch/_inductor/graph.py:2469] [1/1] [__output_code]         for fn, c in zip(fns, self.partitions):
V0908 19:18:59.534000 1964246 torch/_inductor/graph.py:2469] [1/1] [__output_code]             new_callables.append(fn(c))
V0908 19:18:59.534000 1964246 torch/_inductor/graph.py:2469] [1/1] [__output_code]         self.partitions = new_callables
V0908 19:18:59.534000 1964246 torch/_inductor/graph.py:2469] [1/1] [__output_code] 
V0908 19:18:59.534000 1964246 torch/_inductor/graph.py:2469] [1/1] [__output_code]     def call(self, args):
V0908 19:18:59.534000 1964246 torch/_inductor/graph.py:2469] [1/1] [__output_code]         arg0_1, arg1_1, arg2_1 = args
V0908 19:18:59.534000 1964246 torch/_inductor/graph.py:2469] [1/1] [__output_code]         args.clear()
V0908 19:18:59.534000 1964246 torch/_inductor/graph.py:2469] [1/1] [__output_code]         s72 = arg0_1
V0908 19:18:59.534000 1964246 torch/_inductor/graph.py:2469] [1/1] [__output_code]         arg1_1_size = arg1_1.size()
V0908 19:18:59.534000 1964246 torch/_inductor/graph.py:2469] [1/1] [__output_code]         s44 = arg1_1_size[0]
V0908 19:18:59.534000 1964246 torch/_inductor/graph.py:2469] [1/1] [__output_code]         assert_size_stride(arg1_1, (s44, 12288), (12288, 1))
V0908 19:18:59.534000 1964246 torch/_inductor/graph.py:2469] [1/1] [__output_code]         assert_size_stride(arg2_1, (s44, 12288), (12288, 1))
V0908 19:18:59.534000 1964246 torch/_inductor/graph.py:2469] [1/1] [__output_code]         with torch.cuda._DeviceGuard(0):
V0908 19:18:59.534000 1964246 torch/_inductor/graph.py:2469] [1/1] [__output_code]             torch.cuda.set_device(0)
V0908 19:18:59.534000 1964246 torch/_inductor/graph.py:2469] [1/1] [__output_code]             buf0 = empty_strided_cuda((s44, 1), (1, s44), torch.float32)
V0908 19:18:59.534000 1964246 torch/_inductor/graph.py:2469] [1/1] [__output_code]             buf1 = reinterpret_tensor(buf0, (s44, 1), (1, 1), 0); del buf0  # reuse
V0908 19:18:59.534000 1964246 torch/_inductor/graph.py:2469] [1/1] [__output_code]             buf2 = empty_strided_cuda((s44, 12288), (12288, 1), torch.float8_e4m3fn)
V0908 19:18:59.534000 1964246 torch/_inductor/graph.py:2469] [1/1] [__output_code]             # Topologically Sorted Source Nodes: [float_1, silu, float_2, raw, bits, add, rshift, and_, add_1, and__1, y, abs_1, amax, div, s, truediv, clamp, to], Original ATen: [aten._to_copy, aten.silu, aten.mul, aten.view, aten.add, aten.__rshift__, aten.bitwise_and, aten.abs, aten.amax, aten.div, aten.clamp_min, aten.clamp]
V0908 19:18:59.534000 1964246 torch/_inductor/graph.py:2469] [1/1] [__output_code]             stream0 = get_raw_stream(0)
V0908 19:18:59.534000 1964246 torch/_inductor/graph.py:2469] [1/1] [__output_code]             triton_red_fused___rshift____to_copy_abs_add_amax_bitwise_and_clamp_clamp_min_div_mul_silu_view_0.run(buf1, arg1_1, arg2_1, buf2, s44, 12288, stream=stream0)
V0908 19:18:59.534000 1964246 torch/_inductor/graph.py:2469] [1/1] [__output_code]             del arg1_1
V0908 19:18:59.534000 1964246 torch/_inductor/graph.py:2469] [1/1] [__output_code]             del arg2_1
V0908 19:18:59.534000 1964246 torch/_inductor/graph.py:2469] [1/1] [__output_code]         return (buf2, buf1, )
V0908 19:18:59.534000 1964246 torch/_inductor/graph.py:2469] [1/1] [__output_code] 
V0908 19:18:59.534000 1964246 torch/_inductor/graph.py:2469] [1/1] [__output_code] runner = Runner(partitions=[])
V0908 19:18:59.534000 1964246 torch/_inductor/graph.py:2469] [1/1] [__output_code] call = runner.call
V0908 19:18:59.534000 1964246 torch/_inductor/graph.py:2469] [1/1] [__output_code] recursively_apply_fns = runner.recursively_apply_fns
V0908 19:18:59.534000 1964246 torch/_inductor/graph.py:2469] [1/1] [__output_code] 
V0908 19:18:59.534000 1964246 torch/_inductor/graph.py:2469] [1/1] [__output_code] 
V0908 19:18:59.534000 1964246 torch/_inductor/graph.py:2469] [1/1] [__output_code] def benchmark_compiled_module(times=10, repeat=10):
V0908 19:18:59.534000 1964246 torch/_inductor/graph.py:2469] [1/1] [__output_code]     from torch._dynamo.testing import rand_strided
V0908 19:18:59.534000 1964246 torch/_inductor/graph.py:2469] [1/1] [__output_code]     from torch._inductor.utils import print_performance
V0908 19:18:59.534000 1964246 torch/_inductor/graph.py:2469] [1/1] [__output_code]     arg0_1 = 1024
V0908 19:18:59.534000 1964246 torch/_inductor/graph.py:2469] [1/1] [__output_code]     arg1_1 = rand_strided((1024, 12288), (12288, 1), device='cuda:0', dtype=torch.bfloat16)
V0908 19:18:59.534000 1964246 torch/_inductor/graph.py:2469] [1/1] [__output_code]     arg2_1 = rand_strided((1024, 12288), (12288, 1), device='cuda:0', dtype=torch.bfloat16)
V0908 19:18:59.534000 1964246 torch/_inductor/graph.py:2469] [1/1] [__output_code]     fn = lambda: call([arg0_1, arg1_1, arg2_1])
V0908 19:18:59.534000 1964246 torch/_inductor/graph.py:2469] [1/1] [__output_code]     return print_performance(fn, times=times, repeat=repeat)
V0908 19:18:59.534000 1964246 torch/_inductor/graph.py:2469] [1/1] [__output_code] 
V0908 19:18:59.534000 1964246 torch/_inductor/graph.py:2469] [1/1] [__output_code] 
V0908 19:18:59.534000 1964246 torch/_inductor/graph.py:2469] [1/1] [__output_code] if __name__ == "__main__":
V0908 19:18:59.534000 1964246 torch/_inductor/graph.py:2469] [1/1] [__output_code]     from torch._inductor.wrapper_benchmark import compiled_module_main
V0908 19:18:59.534000 1964246 torch/_inductor/graph.py:2469] [1/1] [__output_code]     compiled_module_main('None', benchmark_compiled_module)
V0908 19:18:59.534000 1964246 torch/_inductor/graph.py:2469] [1/1] [__output_code] 
V0908 19:18:59.542000 1964246 torch/_inductor/graph.py:2480] [1/1] [__output_code] Output code written to: /tmp/torchinductor_ubuntu/sf/csfmtlz4bednwydiugbwpldpr6yxne4nmmqdefifbaghgwf3mfap.py
I0908 19:19:00.132000 1964246 torch/_inductor/graph.py:2440] [1/1] [__output_code] Output code written to: /tmp/torchinductor_ubuntu/sf/csfmtlz4bednwydiugbwpldpr6yxne4nmmqdefifbaghgwf3mfap.py
completed 1024
