/home/ubuntu/ai-infra-book-experiments/tools/verl-private/verl-project-verl-d040717/verl/trainer/main_ppo.py:180: UserWarning: Disabled critic as algorithm.adv_estimator != gae. If it is not intended, please set critic.enable=True
  use_critic=need_critic(config),
[validate_config] All configuration checks passed successfully!
/home/ubuntu/ai-infra-book-experiments/tools/verl-private/verl-project-verl-d040717/verl/workers/engine/__init__.py:32: UserWarning: torchtitan engine is not available: ModuleNotFoundError("No module named 'torchtitan'")
  warnings.warn(f"torchtitan engine is not available: {e!r}", stacklevel=1)
/home/ubuntu/ai-infra-book-experiments/tools/verl-private/verl-project-verl-d040717/verl/workers/engine/__init__.py:41: UserWarning: veomni engine is not available: ModuleNotFoundError("No module named 'veomni'")
  warnings.warn(f"veomni engine is not available: {e!r}", stacklevel=1)
/home/ubuntu/ai-infra-book-experiments/tools/verl-private/verl-project-verl-d040717/verl/workers/engine/__init__.py:50: UserWarning: automodel engine is not available: ModuleNotFoundError("No module named 'nemo_automodel'")
  warnings.warn(f"automodel engine is not available: {e!r}", stacklevel=1)
/home/ubuntu/ai-infra-book-experiments/tools/verl-private/verl-project-verl-d040717/verl/workers/engine/__init__.py:60: UserWarning: mindspeed engine is not available: ModuleNotFoundError("No module named 'megatron'")
  warnings.warn(f"mindspeed engine is not available: {e!r}", stacklevel=1)
/home/ubuntu/ai-infra-book-experiments/tools/verl-private/verl-project-verl-d040717/verl/workers/engine/__init__.py:69: UserWarning: megatron engine is not available: ModuleNotFoundError("No module named 'megatron'")
  warnings.warn(f"megatron engine is not available: {e!r}", stacklevel=1)
[2026-09-09 05:15:45,973][verl.trainer.main_ppo][WARNING] - Legacy trainer `main_ppo_v0.py` is deprecated, and wil be removed in v0.9.0.Please set `trainer.use_v1=True` in config to use V1 trainer.
ray init kwargs: {'num_cpus': None, 'runtime_env': {'env_vars': {'NCCL_DEBUG': 'WARN', 'VLLM_LOGGING_LEVEL': 'WARN', 'VLLM_ALLOW_RUNTIME_LORA_UPDATING': 'true', 'VLLM_DISABLE_COMPILE_CACHE': '1', 'HCCL_HOST_SOCKET_PORT_RANGE': 'auto', 'HCCL_NPU_SOCKET_PORT_RANGE': 'auto', 'HSA_NO_SCRATCH_RECLAIM': '1', 'VERL_FULL_DETERMINISM': '0', 'VLLM_BATCH_INVARIANT': '0', 'VERL_RL_INSIGHT_ENABLE': '0'}, 'working_dir': None, 'py_executable': '/home/ubuntu/ai-infra-book-experiments/tools/verl-private/verl-project-verl-d040717/.venv/bin/python'}, 'address': '155.103.252.95:6398'}
2026-09-09 05:15:45,977	INFO worker.py:1814 -- Connecting to existing Ray cluster at address: 155.103.252.95:6398...
2026-09-09 05:15:45,997	INFO worker.py:2012 -- Connected to Ray cluster.
/home/ubuntu/ai-infra-book-experiments/tools/verl-private/verl-project-verl-d040717/.venv/lib/python3.12/site-packages/ray/_private/worker.py:2051: FutureWarning: Tip: In future versions of Ray, Ray will no longer override accelerator visible devices env var if num_gpus=0 or num_gpus=None (default). To enable this behavior and turn off this error message, set RAY_ACCEL_ENV_VAR_OVERRIDE_ON_ZERO=0
  warnings.warn(
[36m(pid=3252623)[0m WARNING:2026-09-09 05:15:49,456:Platform 'nvidia' (PlatformCUDA) is registered but not available. This may be due to this ray actor being a CPU-only actor.
[36m(pid=3252623)[0m /home/ubuntu/ai-infra-book-experiments/tools/verl-private/verl-project-verl-d040717/verl/workers/engine/__init__.py:32: UserWarning: torchtitan engine is not available: ModuleNotFoundError("No module named 'torchtitan'")
[36m(pid=3252623)[0m   warnings.warn(f"torchtitan engine is not available: {e!r}", stacklevel=1)
[36m(pid=3252623)[0m /home/ubuntu/ai-infra-book-experiments/tools/verl-private/verl-project-verl-d040717/verl/workers/engine/__init__.py:41: UserWarning: veomni engine is not available: ModuleNotFoundError("No module named 'veomni'")
[36m(pid=3252623)[0m   warnings.warn(f"veomni engine is not available: {e!r}", stacklevel=1)
[36m(pid=3252623)[0m /home/ubuntu/ai-infra-book-experiments/tools/verl-private/verl-project-verl-d040717/verl/workers/engine/__init__.py:50: UserWarning: automodel engine is not available: ModuleNotFoundError("No module named 'nemo_automodel'")
[36m(pid=3252623)[0m   warnings.warn(f"automodel engine is not available: {e!r}", stacklevel=1)
[36m(pid=3252623)[0m /home/ubuntu/ai-infra-book-experiments/tools/verl-private/verl-project-verl-d040717/verl/workers/engine/__init__.py:60: UserWarning: mindspeed engine is not available: ModuleNotFoundError("No module named 'megatron'")
[36m(pid=3252623)[0m   warnings.warn(f"mindspeed engine is not available: {e!r}", stacklevel=1)
[36m(pid=3252623)[0m /home/ubuntu/ai-infra-book-experiments/tools/verl-private/verl-project-verl-d040717/verl/workers/engine/__init__.py:69: UserWarning: megatron engine is not available: ModuleNotFoundError("No module named 'megatron'")
[36m(pid=3252623)[0m   warnings.warn(f"megatron engine is not available: {e!r}", stacklevel=1)
[36m(TaskRunner pid=3252623)[0m TaskRunner hostname: ubuntu, PID: 3252623
[36m(TaskRunner pid=3252623)[0m {'actor_rollout_ref': {'actor': {'_target_': 'verl.workers.config.FSDPActorConfig',
[36m(TaskRunner pid=3252623)[0m                                  'calculate_entropy': False,
[36m(TaskRunner pid=3252623)[0m                                  'calculate_sum_pi_squared': False,
[36m(TaskRunner pid=3252623)[0m                                  'checkpoint': {'_target_': 'verl.trainer.config.CheckpointConfig',
[36m(TaskRunner pid=3252623)[0m                                                 'async_save': False,
[36m(TaskRunner pid=3252623)[0m                                                 'load_contents': ['model',
[36m(TaskRunner pid=3252623)[0m                                                                   'optimizer',
[36m(TaskRunner pid=3252623)[0m                                                                   'extra'],
[36m(TaskRunner pid=3252623)[0m                                                 'save_contents': ['model',
[36m(TaskRunner pid=3252623)[0m                                                                   'optimizer',
[36m(TaskRunner pid=3252623)[0m                                                                   'extra'],
[36m(TaskRunner pid=3252623)[0m                                                 'strict': True},
[36m(TaskRunner pid=3252623)[0m                                  'clip_ratio': 0.2,
[36m(TaskRunner pid=3252623)[0m                                  'clip_ratio_c': 3.0,
[36m(TaskRunner pid=3252623)[0m                                  'clip_ratio_high': 0.2,
[36m(TaskRunner pid=3252623)[0m                                  'clip_ratio_low': 0.2,
[36m(TaskRunner pid=3252623)[0m                                  'data_loader_seed': 42,
[36m(TaskRunner pid=3252623)[0m                                  'entropy_checkpointing': False,
[36m(TaskRunner pid=3252623)[0m                                  'entropy_coeff': 0,
[36m(TaskRunner pid=3252623)[0m                                  'entropy_from_logits_chunk_size': 2048,
[36m(TaskRunner pid=3252623)[0m                                  'entropy_from_logits_with_chunking': False,
[36m(TaskRunner pid=3252623)[0m                                  'freeze_vision_tower': False,
[36m(TaskRunner pid=3252623)[0m                                  'fsdp_config': {'_target_': 'verl.workers.config.FSDPEngineConfig',
[36m(TaskRunner pid=3252623)[0m                                                  'dtype': 'bfloat16',
[36m(TaskRunner pid=3252623)[0m                                                  'entropy_checkpointing': False,
[36m(TaskRunner pid=3252623)[0m                                                  'entropy_from_logits_chunk_size': 2048,
[36m(TaskRunner pid=3252623)[0m                                                  'entropy_from_logits_with_chunking': False,
[36m(TaskRunner pid=3252623)[0m                                                  'forward_only': False,
[36m(TaskRunner pid=3252623)[0m                                                  'forward_prefetch': False,
[36m(TaskRunner pid=3252623)[0m                                                  'fsdp_size': -1,
[36m(TaskRunner pid=3252623)[0m                                                  'full_determinism': False,
[36m(TaskRunner pid=3252623)[0m                                                  'model_dtype': 'fp32',
[36m(TaskRunner pid=3252623)[0m                                                  'offload_policy': False,
[36m(TaskRunner pid=3252623)[0m                                                  'optimizer_offload': False,
[36m(TaskRunner pid=3252623)[0m                                                  'pad_to_length': False,
[36m(TaskRunner pid=3252623)[0m                                                  'pad_to_length_bucket': 1024,
[36m(TaskRunner pid=3252623)[0m                                                  'param_offload': False,
[36m(TaskRunner pid=3252623)[0m                                                  'qat': {'_target_': 'verl.workers.config.QATEngineConfig',
[36m(TaskRunner pid=3252623)[0m                                                          'activation_observer': 'static_minmax',
[36m(TaskRunner pid=3252623)[0m                                                          'enable': False,
[36m(TaskRunner pid=3252623)[0m                                                          'group_size': 16,
[36m(TaskRunner pid=3252623)[0m                                                          'ignore_patterns': ['lm_head',
[36m(TaskRunner pid=3252623)[0m                                                                              'embed_tokens',
[36m(TaskRunner pid=3252623)[0m                                                                              're:.*mlp.gate$'],
[36m(TaskRunner pid=3252623)[0m                                                          'mode': 'w4a16',
[36m(TaskRunner pid=3252623)[0m                                                          'quantization_config_path': None},
[36m(TaskRunner pid=3252623)[0m                                                  'reshard_after_forward': True,
[36m(TaskRunner pid=3252623)[0m                                                  'seed': 42,
[36m(TaskRunner pid=3252623)[0m                                                  'strategy': 'fsdp',
[36m(TaskRunner pid=3252623)[0m                                                  'turbo_config': {'distributed': {'expert_fully_shard_parallel_size': 1,
[36m(TaskRunner pid=3252623)[0m                                                                                   'expert_parallel_size': 1,
[36m(TaskRunner pid=3252623)[0m                                                                                   'fsdp_plan': {'fsdp_implementation': 'native',
[36m(TaskRunner pid=3252623)[0m                                                                                                 'num_to_backward_prefetch': 1,
[36m(TaskRunner pid=3252623)[0m                                                                                                 'num_to_forward_prefetch': 1,
[36m(TaskRunner pid=3252623)[0m                                                                                                 'output_dtype': 'bf16',
[36m(TaskRunner pid=3252623)[0m                                                                                                 'param_dtype': 'bf16',
[36m(TaskRunner pid=3252623)[0m                                                                                                 'reduce_dtype': 'fp32'},
[36m(TaskRunner pid=3252623)[0m                                                                                   'fully_shard_parallel_size': 16,
[36m(TaskRunner pid=3252623)[0m                                                                                   'tensor_parallel_size': 1,
[36m(TaskRunner pid=3252623)[0m                                                                                   'ulysses_parallel_size': 1}},
[36m(TaskRunner pid=3252623)[0m                                                  'ulysses_sequence_parallel_size': 1,
[36m(TaskRunner pid=3252623)[0m                                                  'use_no_sync_for_gradient_accumulation': False,
[36m(TaskRunner pid=3252623)[0m                                                  'use_orig_params': True,
[36m(TaskRunner pid=3252623)[0m                                                  'use_torch_compile': True,
[36m(TaskRunner pid=3252623)[0m                                                  'wrap_policy': {'min_num_params': 0}},
[36m(TaskRunner pid=3252623)[0m                                  'grad_clip': 1.0,
[36m(TaskRunner pid=3252623)[0m                                  'kl_loss_coef': 0.001,
[36m(TaskRunner pid=3252623)[0m                                  'kl_loss_type': 'low_var_kl',
[36m(TaskRunner pid=3252623)[0m                                  'loss_agg_mode': 'token-mean',
[36m(TaskRunner pid=3252623)[0m                                  'loss_scale_factor': None,
[36m(TaskRunner pid=3252623)[0m                                  'optim': {'_target_': 'verl.workers.config.FSDPOptimizerConfig',
[36m(TaskRunner pid=3252623)[0m                                            'betas': [0.9, 0.999],
[36m(TaskRunner pid=3252623)[0m                                            'clip_grad': 1.0,
[36m(TaskRunner pid=3252623)[0m                                            'lr': 1e-05,
[36m(TaskRunner pid=3252623)[0m                                            'lr_scheduler_type': 'constant',
[36m(TaskRunner pid=3252623)[0m                                            'lr_warmup_steps': -1,
[36m(TaskRunner pid=3252623)[0m                                            'lr_warmup_steps_ratio': 0.0,
[36m(TaskRunner pid=3252623)[0m                                            'min_lr_ratio': 0.0,
[36m(TaskRunner pid=3252623)[0m                                            'num_cycles': 0.5,
[36m(TaskRunner pid=3252623)[0m                                            'optimizer': 'AdamW',
[36m(TaskRunner pid=3252623)[0m                                            'optimizer_impl': 'torch.optim',
[36m(TaskRunner pid=3252623)[0m                                            'override_optimizer_config': None,
[36m(TaskRunner pid=3252623)[0m                                            'total_training_steps': -1,
[36m(TaskRunner pid=3252623)[0m                                            'warmup_style': None,
[36m(TaskRunner pid=3252623)[0m                                            'weight_decay': 0.01,
[36m(TaskRunner pid=3252623)[0m                                            'zero_indexed_step': True},
[36m(TaskRunner pid=3252623)[0m                                  'pad_to_length': False,
[36m(TaskRunner pid=3252623)[0m                                  'policy_loss': {'_target_': 'verl.workers.config.PolicyLossConfig',
[36m(TaskRunner pid=3252623)[0m                                                  'clip_cov_lb': 1.0,
[36m(TaskRunner pid=3252623)[0m                                                  'clip_cov_ratio': 0.0002,
[36m(TaskRunner pid=3252623)[0m                                                  'clip_cov_ub': 5.0,
[36m(TaskRunner pid=3252623)[0m                                                  'dro_beta': None,
[36m(TaskRunner pid=3252623)[0m                                                  'kl_cov_ratio': 0.0002,
[36m(TaskRunner pid=3252623)[0m                                                  'loss_mode': 'vanilla',
[36m(TaskRunner pid=3252623)[0m                                                  'ppo_kl_coef': 0.1},
[36m(TaskRunner pid=3252623)[0m                                  'ppo_epochs': 1,
[36m(TaskRunner pid=3252623)[0m                                  'ppo_max_token_len_per_gpu': 16384,
[36m(TaskRunner pid=3252623)[0m                                  'ppo_micro_batch_size': None,
[36m(TaskRunner pid=3252623)[0m                                  'ppo_micro_batch_size_per_gpu': 1,
[36m(TaskRunner pid=3252623)[0m                                  'ppo_mini_batch_size': 4,
[36m(TaskRunner pid=3252623)[0m                                  'profiler': {'_target_': 'verl.utils.profiler.ProfilerConfig',
[36m(TaskRunner pid=3252623)[0m                                               'all_ranks': False,
[36m(TaskRunner pid=3252623)[0m                                               'enable': False,
[36m(TaskRunner pid=3252623)[0m                                               'finish_hook_all_ranks': False,
[36m(TaskRunner pid=3252623)[0m                                               'finish_hook_cmd': None,
[36m(TaskRunner pid=3252623)[0m                                               'finish_hook_ranks': [],
[36m(TaskRunner pid=3252623)[0m                                               'ranks': [],
[36m(TaskRunner pid=3252623)[0m                                               'relocate_results': False,
[36m(TaskRunner pid=3252623)[0m                                               'save_path': 'outputs/profile',
[36m(TaskRunner pid=3252623)[0m                                               'tool': None,
[36m(TaskRunner pid=3252623)[0m                                               'tool_config': {'npu': {'_target_': 'verl.utils.profiler.config.NPUToolConfig',
[36m(TaskRunner pid=3252623)[0m                                                                       'analysis': True,
[36m(TaskRunner pid=3252623)[0m                                                                       'contents': [],
[36m(TaskRunner pid=3252623)[0m                                                                       'discrete': False,
[36m(TaskRunner pid=3252623)[0m                                                                       'level': 'level0'},
[36m(TaskRunner pid=3252623)[0m                                                               'nsys': {'_target_': 'verl.utils.profiler.config.NsightToolConfig',
[36m(TaskRunner pid=3252623)[0m                                                                        'discrete': False},
[36m(TaskRunner pid=3252623)[0m                                                               'precision_debugger': {'_target_': 'verl.utils.profiler.config.PrecisionDebuggerToolConfig',
[36m(TaskRunner pid=3252623)[0m                                                                                      'config_path': None,
[36m(TaskRunner pid=3252623)[0m                                                                                      'stages': None,
[36m(TaskRunner pid=3252623)[0m                                                                                      'steps': None,
[36m(TaskRunner pid=3252623)[0m                                                                                      'strict': False},
[36m(TaskRunner pid=3252623)[0m                                                               'torch': {'_target_': 'verl.utils.profiler.config.TorchProfilerToolConfig',
[36m(TaskRunner pid=3252623)[0m                                                                         'contents': [],
[36m(TaskRunner pid=3252623)[0m                                                                         'discrete': False,
[36m(TaskRunner pid=3252623)[0m                                                                         'schedule': {'_target_': 'verl.utils.profiler.config.TorchProfilerScheduleConfig',
[36m(TaskRunner pid=3252623)[0m                                                                                      'active': 0,
[36m(TaskRunner pid=3252623)[0m                                                                                      'repeat': 0,
[36m(TaskRunner pid=3252623)[0m                                                                                      'skip_first': 0,
[36m(TaskRunner pid=3252623)[0m                                                                                      'wait': 0,
[36m(TaskRunner pid=3252623)[0m                                                                                      'warmup': 0}},
[36m(TaskRunner pid=3252623)[0m                                                               'torch_memory': {'_target_': 'verl.utils.profiler.config.TorchMemoryToolConfig',
[36m(TaskRunner pid=3252623)[0m                                                                                'stack_depth': 32,
[36m(TaskRunner pid=3252623)[0m                                                                                'trace_alloc_max_entries': 100000}}},
[36m(TaskRunner pid=3252623)[0m                                  'qat': {'activation_observer': 'static_minmax',
[36m(TaskRunner pid=3252623)[0m                                          'enable': False,
[36m(TaskRunner pid=3252623)[0m                                          'group_size': 16,
[36m(TaskRunner pid=3252623)[0m                                          'ignore_patterns': ['lm_head',
[36m(TaskRunner pid=3252623)[0m                                                              'embed_tokens',
[36m(TaskRunner pid=3252623)[0m                                                              're:.*mlp.gate$'],
[36m(TaskRunner pid=3252623)[0m                                          'mode': 'w4a16',
[36m(TaskRunner pid=3252623)[0m                                          'quantization_config_path': None},
[36m(TaskRunner pid=3252623)[0m                                  'rollout_n': 2,
[36m(TaskRunner pid=3252623)[0m                                  'shuffle': False,
[36m(TaskRunner pid=3252623)[0m                                  'strategy': 'fsdp',
[36m(TaskRunner pid=3252623)[0m                                  'tau_neg': 1.05,
[36m(TaskRunner pid=3252623)[0m                                  'tau_pos': 1.0,
[36m(TaskRunner pid=3252623)[0m                                  'ulysses_sequence_parallel_size': 1,
[36m(TaskRunner pid=3252623)[0m                                  'use_dynamic_bsz': False,
[36m(TaskRunner pid=3252623)[0m                                  'use_fused_kernels': False,
[36m(TaskRunner pid=3252623)[0m                                  'use_kl_loss': False,
[36m(TaskRunner pid=3252623)[0m                                  'use_prefix_grouper': False,
[36m(TaskRunner pid=3252623)[0m                                  'use_remove_padding': False,
[36m(TaskRunner pid=3252623)[0m                                  'use_torch_compile': True},
[36m(TaskRunner pid=3252623)[0m                        'hybrid_engine': True,
[36m(TaskRunner pid=3252623)[0m                        'model': {'_target_': 'verl.workers.config.HFModelConfig',
[36m(TaskRunner pid=3252623)[0m                                  'custom_chat_template': None,
[36m(TaskRunner pid=3252623)[0m                                  'enable_activation_offload': False,
[36m(TaskRunner pid=3252623)[0m                                  'enable_gradient_checkpointing': True,
[36m(TaskRunner pid=3252623)[0m                                  'exclude_modules': None,
[36m(TaskRunner pid=3252623)[0m                                  'external_lib': None,
[36m(TaskRunner pid=3252623)[0m                                  'fused_kernel_options': {'impl_backend': 'torch'},
[36m(TaskRunner pid=3252623)[0m                                  'hf_config_path': None,
[36m(TaskRunner pid=3252623)[0m                                  'lora': {'a2a_experimental': False,
[36m(TaskRunner pid=3252623)[0m                                           'adapter_path': None,
[36m(TaskRunner pid=3252623)[0m                                           'alpha': 32,
[36m(TaskRunner pid=3252623)[0m                                           'dropout': 0.0,
[36m(TaskRunner pid=3252623)[0m                                           'dropout_position': 'pre',
[36m(TaskRunner pid=3252623)[0m                                           'dtype': None,
[36m(TaskRunner pid=3252623)[0m                                           'exclude_modules': [],
[36m(TaskRunner pid=3252623)[0m                                           'freeze_language_model': True,
[36m(TaskRunner pid=3252623)[0m                                           'freeze_vision_model': True,
[36m(TaskRunner pid=3252623)[0m                                           'freeze_vision_projection': True,
[36m(TaskRunner pid=3252623)[0m                                           'lora_A_init_method': 'xavier',
[36m(TaskRunner pid=3252623)[0m                                           'lora_B_init_method': 'zero',
[36m(TaskRunner pid=3252623)[0m                                           'merge': False,
[36m(TaskRunner pid=3252623)[0m                                           'rank': 0,
[36m(TaskRunner pid=3252623)[0m                                           'target_modules': ['linear_qkv',
[36m(TaskRunner pid=3252623)[0m                                                              'linear_proj',
[36m(TaskRunner pid=3252623)[0m                                                              'linear_fc1',
[36m(TaskRunner pid=3252623)[0m                                                              'linear_fc2'],
[36m(TaskRunner pid=3252623)[0m                                           'type': 'lora'},
[36m(TaskRunner pid=3252623)[0m                                  'lora_adapter_path': None,
[36m(TaskRunner pid=3252623)[0m                                  'lora_alpha': 16,
[36m(TaskRunner pid=3252623)[0m                                  'lora_rank': 0,
[36m(TaskRunner pid=3252623)[0m                                  'mtp': {'_target_': 'verl.workers.config.MtpConfig',
[36m(TaskRunner pid=3252623)[0m                                          'detach_encoder': False,
[36m(TaskRunner pid=3252623)[0m                                          'enable': False,
[36m(TaskRunner pid=3252623)[0m                                          'enable_rollout': False,
[36m(TaskRunner pid=3252623)[0m                                          'enable_train': False,
[36m(TaskRunner pid=3252623)[0m                                          'method': 'mtp',
[36m(TaskRunner pid=3252623)[0m                                          'mtp_loss_scaling_factor': 0.1,
[36m(TaskRunner pid=3252623)[0m                                          'num_speculative_tokens': 1,
[36m(TaskRunner pid=3252623)[0m                                          'speculative_algorithm': 'EAGLE',
[36m(TaskRunner pid=3252623)[0m                                          'speculative_eagle_topk': 1,
[36m(TaskRunner pid=3252623)[0m                                          'speculative_num_draft_tokens': 4,
[36m(TaskRunner pid=3252623)[0m                                          'speculative_num_steps': 3},
[36m(TaskRunner pid=3252623)[0m                                  'override_config': {'attn_implementation': 'sdpa'},
[36m(TaskRunner pid=3252623)[0m                                  'path': '/home/ubuntu/ai-infra-book-experiments/tools/verl-private/model',
[36m(TaskRunner pid=3252623)[0m                                  'target_modules': 'all-linear',
[36m(TaskRunner pid=3252623)[0m                                  'tiled_mlp': {'enabled': False,
[36m(TaskRunner pid=3252623)[0m                                                'num_shards': 4},
[36m(TaskRunner pid=3252623)[0m                                  'tokenizer_path': None,
[36m(TaskRunner pid=3252623)[0m                                  'trust_remote_code': False,
[36m(TaskRunner pid=3252623)[0m                                  'use_fused_kernels': False,
[36m(TaskRunner pid=3252623)[0m                                  'use_liger': False,
[36m(TaskRunner pid=3252623)[0m                                  'use_remove_padding': False,
[36m(TaskRunner pid=3252623)[0m                                  'use_shm': False},
[36m(TaskRunner pid=3252623)[0m                        'nccl_timeout': 600,
[36m(TaskRunner pid=3252623)[0m                        'ref': {'_target_': 'verl.workers.config.FSDPActorConfig',
[36m(TaskRunner pid=3252623)[0m                                'entropy_checkpointing': False,
[36m(TaskRunner pid=3252623)[0m                                'entropy_from_logits_chunk_size': 2048,
[36m(TaskRunner pid=3252623)[0m                                'entropy_from_logits_with_chunking': False,
[36m(TaskRunner pid=3252623)[0m                                'fsdp_config': {'_target_': 'verl.workers.config.FSDPEngineConfig',
[36m(TaskRunner pid=3252623)[0m                                                'dtype': 'bfloat16',
[36m(TaskRunner pid=3252623)[0m                                                'entropy_checkpointing': False,
[36m(TaskRunner pid=3252623)[0m                                                'entropy_from_logits_chunk_size': 2048,
[36m(TaskRunner pid=3252623)[0m                                                'entropy_from_logits_with_chunking': False,
[36m(TaskRunner pid=3252623)[0m                                                'forward_only': True,
[36m(TaskRunner pid=3252623)[0m                                                'forward_prefetch': False,
[36m(TaskRunner pid=3252623)[0m                                                'fsdp_size': -1,
[36m(TaskRunner pid=3252623)[0m                                                'full_determinism': False,
[36m(TaskRunner pid=3252623)[0m                                                'model_dtype': 'fp32',
[36m(TaskRunner pid=3252623)[0m                                                'offload_policy': False,
[36m(TaskRunner pid=3252623)[0m                                                'optimizer_offload': False,
[36m(TaskRunner pid=3252623)[0m                                                'pad_to_length': False,
[36m(TaskRunner pid=3252623)[0m                                                'pad_to_length_bucket': 1024,
[36m(TaskRunner pid=3252623)[0m                                                'param_offload': False,
[36m(TaskRunner pid=3252623)[0m                                                'qat': {'_target_': 'verl.workers.config.QATEngineConfig',
[36m(TaskRunner pid=3252623)[0m                                                        'activation_observer': 'static_minmax',
[36m(TaskRunner pid=3252623)[0m                                                        'enable': False,
[36m(TaskRunner pid=3252623)[0m                                                        'group_size': 16,
[36m(TaskRunner pid=3252623)[0m                                                        'ignore_patterns': ['lm_head',
[36m(TaskRunner pid=3252623)[0m                                                                            'embed_tokens',
[36m(TaskRunner pid=3252623)[0m                                                                            're:.*mlp.gate$'],
[36m(TaskRunner pid=3252623)[0m                                                        'mode': 'w4a16',
[36m(TaskRunner pid=3252623)[0m                                                        'quantization_config_path': None},
[36m(TaskRunner pid=3252623)[0m                                                'reshard_after_forward': True,
[36m(TaskRunner pid=3252623)[0m                                                'seed': 42,
[36m(TaskRunner pid=3252623)[0m                                                'strategy': 'fsdp',
[36m(TaskRunner pid=3252623)[0m                                                'turbo_config': {'distributed': {'expert_fully_shard_parallel_size': 1,
[36m(TaskRunner pid=3252623)[0m                                                                                 'expert_parallel_size': 1,
[36m(TaskRunner pid=3252623)[0m                                                                                 'fsdp_plan': {'fsdp_implementation': 'native',
[36m(TaskRunner pid=3252623)[0m                                                                                               'num_to_backward_prefetch': 1,
[36m(TaskRunner pid=3252623)[0m                                                                                               'num_to_forward_prefetch': 1,
[36m(TaskRunner pid=3252623)[0m                                                                                               'output_dtype': 'bf16',
[36m(TaskRunner pid=3252623)[0m                                                                                               'param_dtype': 'bf16',
[36m(TaskRunner pid=3252623)[0m                                                                                               'reduce_dtype': 'fp32'},
[36m(TaskRunner pid=3252623)[0m                                                                                 'fully_shard_parallel_size': 16,
[36m(TaskRunner pid=3252623)[0m                                                                                 'tensor_parallel_size': 1,
[36m(TaskRunner pid=3252623)[0m                                                                                 'ulysses_parallel_size': 1}},
[36m(TaskRunner pid=3252623)[0m                                                'ulysses_sequence_parallel_size': 1,
[36m(TaskRunner pid=3252623)[0m                                                'use_no_sync_for_gradient_accumulation': False,
[36m(TaskRunner pid=3252623)[0m                                                'use_orig_params': False,
[36m(TaskRunner pid=3252623)[0m                                                'use_torch_compile': True,
[36m(TaskRunner pid=3252623)[0m                                                'wrap_policy': {'min_num_params': 0}},
[36m(TaskRunner pid=3252623)[0m                                'log_prob_max_token_len_per_gpu': 16384,
[36m(TaskRunner pid=3252623)[0m                                'log_prob_micro_batch_size': None,
[36m(TaskRunner pid=3252623)[0m                                'log_prob_micro_batch_size_per_gpu': None,
[36m(TaskRunner pid=3252623)[0m                                'log_prob_use_dynamic_bsz': False,
[36m(TaskRunner pid=3252623)[0m                                'pad_to_length': False,
[36m(TaskRunner pid=3252623)[0m                                'profiler': {'_target_': 'verl.utils.profiler.ProfilerConfig',
[36m(TaskRunner pid=3252623)[0m                                             'all_ranks': False,
[36m(TaskRunner pid=3252623)[0m                                             'enable': False,
[36m(TaskRunner pid=3252623)[0m                                             'finish_hook_all_ranks': False,
[36m(TaskRunner pid=3252623)[0m                                             'finish_hook_cmd': None,
[36m(TaskRunner pid=3252623)[0m                                             'finish_hook_ranks': [],
[36m(TaskRunner pid=3252623)[0m                                             'ranks': [],
[36m(TaskRunner pid=3252623)[0m                                             'relocate_results': False,
[36m(TaskRunner pid=3252623)[0m                                             'save_path': 'outputs/profile',
[36m(TaskRunner pid=3252623)[0m                                             'tool': None,
[36m(TaskRunner pid=3252623)[0m                                             'tool_config': {'npu': {'_target_': 'verl.utils.profiler.config.NPUToolConfig',
[36m(TaskRunner pid=3252623)[0m                                                                     'analysis': True,
[36m(TaskRunner pid=3252623)[0m                                                                     'contents': [],
[36m(TaskRunner pid=3252623)[0m                                                                     'discrete': False,
[36m(TaskRunner pid=3252623)[0m                                                                     'level': 'level0'},
[36m(TaskRunner pid=3252623)[0m                                                             'nsys': {'_target_': 'verl.utils.profiler.config.NsightToolConfig',
[36m(TaskRunner pid=3252623)[0m                                                                      'discrete': False},
[36m(TaskRunner pid=3252623)[0m                                                             'precision_debugger': {'_target_': 'verl.utils.profiler.config.PrecisionDebuggerToolConfig',
[36m(TaskRunner pid=3252623)[0m                                                                                    'config_path': None,
[36m(TaskRunner pid=3252623)[0m                                                                                    'stages': None,
[36m(TaskRunner pid=3252623)[0m                                                                                    'steps': None,
[36m(TaskRunner pid=3252623)[0m                                                                                    'strict': False},
[36m(TaskRunner pid=3252623)[0m                                                             'torch': {'_target_': 'verl.utils.profiler.config.TorchProfilerToolConfig',
[36m(TaskRunner pid=3252623)[0m                                                                       'contents': [],
[36m(TaskRunner pid=3252623)[0m                                                                       'discrete': False,
[36m(TaskRunner pid=3252623)[0m                                                                       'schedule': {'_target_': 'verl.utils.profiler.config.TorchProfilerScheduleConfig',
[36m(TaskRunner pid=3252623)[0m                                                                                    'active': 0,
[36m(TaskRunner pid=3252623)[0m                                                                                    'repeat': 0,
[36m(TaskRunner pid=3252623)[0m                                                                                    'skip_first': 0,
[36m(TaskRunner pid=3252623)[0m                                                                                    'wait': 0,
[36m(TaskRunner pid=3252623)[0m                                                                                    'warmup': 0}},
[36m(TaskRunner pid=3252623)[0m                                                             'torch_memory': {'_target_': 'verl.utils.profiler.config.TorchMemoryToolConfig',
[36m(TaskRunner pid=3252623)[0m                                                                              'stack_depth': 32,
[36m(TaskRunner pid=3252623)[0m                                                                              'trace_alloc_max_entries': 100000}}},
[36m(TaskRunner pid=3252623)[0m                                'rollout_n': 2,
[36m(TaskRunner pid=3252623)[0m                                'strategy': 'fsdp',
[36m(TaskRunner pid=3252623)[0m                                'ulysses_sequence_parallel_size': 1,
[36m(TaskRunner pid=3252623)[0m                                'use_torch_compile': True},
[36m(TaskRunner pid=3252623)[0m                        'rollout': {'_target_': 'verl.workers.config.RolloutConfig',
[36m(TaskRunner pid=3252623)[0m                                    'agent': {'_target_': 'verl.workers.config.AgentLoopConfig',
[36m(TaskRunner pid=3252623)[0m                                              'agent_loop_config_path': None,
[36m(TaskRunner pid=3252623)[0m                                              'custom_async_server': {'_target_': 'verl.workers.config.CustomAsyncServerConfig',
[36m(TaskRunner pid=3252623)[0m                                                                      'name': None,
[36m(TaskRunner pid=3252623)[0m                                                                      'path': None},
[36m(TaskRunner pid=3252623)[0m                                              'default_agent_loop': 'single_turn_agent',
[36m(TaskRunner pid=3252623)[0m                                              'num_workers': 1},
[36m(TaskRunner pid=3252623)[0m                                    'calculate_log_probs': True,
[36m(TaskRunner pid=3252623)[0m                                    'checkpoint_engine': {'_target_': 'verl.workers.config.CheckpointEngineConfig',
[36m(TaskRunner pid=3252623)[0m                                                          'backend': 'naive',
[36m(TaskRunner pid=3252623)[0m                                                          'custom_backend_module': None,
[36m(TaskRunner pid=3252623)[0m                                                          'engine_kwargs': {},
[36m(TaskRunner pid=3252623)[0m                                                          'update_weights_bucket_megabytes': 32},
[36m(TaskRunner pid=3252623)[0m                                    'cudagraph_capture_sizes': None,
[36m(TaskRunner pid=3252623)[0m                                    'data_parallel_size': 1,
[36m(TaskRunner pid=3252623)[0m                                    'disable_log_stats': True,
[36m(TaskRunner pid=3252623)[0m                                    'disaggregation': {'bootstrap_port': None,
[36m(TaskRunner pid=3252623)[0m                                                       'decode_replicas': 1,
[36m(TaskRunner pid=3252623)[0m                                                       'decode_tensor_model_parallel_size': None,
[36m(TaskRunner pid=3252623)[0m                                                       'enabled': False,
[36m(TaskRunner pid=3252623)[0m                                                       'ib_device': None,
[36m(TaskRunner pid=3252623)[0m                                                       'prefill_replicas': 1,
[36m(TaskRunner pid=3252623)[0m                                                       'transfer_backend': 'nixl'},
[36m(TaskRunner pid=3252623)[0m                                    'do_sample': True,
[36m(TaskRunner pid=3252623)[0m                                    'dtype': 'bfloat16',
[36m(TaskRunner pid=3252623)[0m                                    'enable_chunked_prefill': True,
[36m(TaskRunner pid=3252623)[0m                                    'enable_prefix_caching': True,
[36m(TaskRunner pid=3252623)[0m                                    'enable_rollout_routing_replay': False,
[36m(TaskRunner pid=3252623)[0m                                    'enforce_eager': True,
[36m(TaskRunner pid=3252623)[0m                                    'engine_kwargs': {'sglang': {},
[36m(TaskRunner pid=3252623)[0m                                                      'trtllm': {},
[36m(TaskRunner pid=3252623)[0m                                                      'vllm': {}},
[36m(TaskRunner pid=3252623)[0m                                    'expert_parallel_size': 1,
[36m(TaskRunner pid=3252623)[0m                                    'free_cache_engine': True,
[36m(TaskRunner pid=3252623)[0m                                    'full_determinism': False,
[36m(TaskRunner pid=3252623)[0m                                    'gpu_memory_utilization': 0.035,
[36m(TaskRunner pid=3252623)[0m                                    'ignore_eos': False,
[36m(TaskRunner pid=3252623)[0m                                    'layered_summon': False,
[36m(TaskRunner pid=3252623)[0m                                    'load_format': 'safetensors',
[36m(TaskRunner pid=3252623)[0m                                    'log_prob_max_token_len_per_gpu': 16384,
[36m(TaskRunner pid=3252623)[0m                                    'log_prob_micro_batch_size': None,
[36m(TaskRunner pid=3252623)[0m                                    'log_prob_micro_batch_size_per_gpu': 1,
[36m(TaskRunner pid=3252623)[0m                                    'log_prob_use_dynamic_bsz': False,
[36m(TaskRunner pid=3252623)[0m                                    'logprobs_mode': 'processed_logprobs',
[36m(TaskRunner pid=3252623)[0m                                    'max_model_len': 144,
[36m(TaskRunner pid=3252623)[0m                                    'max_num_batched_tokens': 144,
[36m(TaskRunner pid=3252623)[0m                                    'max_num_seqs': 8,
[36m(TaskRunner pid=3252623)[0m                                    'mode': 'async',
[36m(TaskRunner pid=3252623)[0m                                    'moe_load_balance_metrics_interval': 0,
[36m(TaskRunner pid=3252623)[0m                                    'mtp': {'_target_': 'verl.workers.config.MtpConfig',
[36m(TaskRunner pid=3252623)[0m                                            'detach_encoder': False,
[36m(TaskRunner pid=3252623)[0m                                            'enable': False,
[36m(TaskRunner pid=3252623)[0m                                            'enable_rollout': False,
[36m(TaskRunner pid=3252623)[0m                                            'enable_train': False,
[36m(TaskRunner pid=3252623)[0m                                            'method': 'mtp',
[36m(TaskRunner pid=3252623)[0m                                            'mtp_loss_scaling_factor': 0.1,
[36m(TaskRunner pid=3252623)[0m                                            'num_speculative_tokens': 1,
[36m(TaskRunner pid=3252623)[0m                                            'speculative_algorithm': 'EAGLE',
[36m(TaskRunner pid=3252623)[0m                                            'speculative_eagle_topk': 1,
[36m(TaskRunner pid=3252623)[0m                                            'speculative_num_draft_tokens': 4,
[36m(TaskRunner pid=3252623)[0m                                            'speculative_num_steps': 3},
[36m(TaskRunner pid=3252623)[0m                                    'multi_stage_wake_up': False,
[36m(TaskRunner pid=3252623)[0m                                    'multi_turn': {'_target_': 'verl.workers.config.MultiTurnConfig',
[36m(TaskRunner pid=3252623)[0m                                                   'enable': False,
[36m(TaskRunner pid=3252623)[0m                                                   'format': 'hermes',
[36m(TaskRunner pid=3252623)[0m                                                   'function_tool_path': None,
[36m(TaskRunner pid=3252623)[0m                                                   'max_assistant_turns': None,
[36m(TaskRunner pid=3252623)[0m                                                   'max_parallel_calls': 1,
[36m(TaskRunner pid=3252623)[0m                                                   'max_tool_response_length': 256,
[36m(TaskRunner pid=3252623)[0m                                                   'max_user_turns': None,
[36m(TaskRunner pid=3252623)[0m                                                   'num_repeat_rollouts': None,
[36m(TaskRunner pid=3252623)[0m                                                   'tokenization_sanity_check_mode': 'strict',
[36m(TaskRunner pid=3252623)[0m                                                   'tool_config_path': None,
[36m(TaskRunner pid=3252623)[0m                                                   'tool_response_truncate_side': 'middle',
[36m(TaskRunner pid=3252623)[0m                                                   'use_inference_chat_template': False},
[36m(TaskRunner pid=3252623)[0m                                    'n': 2,
[36m(TaskRunner pid=3252623)[0m                                    'n_gpus_per_node': 1,
[36m(TaskRunner pid=3252623)[0m                                    'name': 'vllm',
[36m(TaskRunner pid=3252623)[0m                                    'nnodes': 0,
[36m(TaskRunner pid=3252623)[0m                                    'over_sample_rate': 0,
[36m(TaskRunner pid=3252623)[0m                                    'pipeline_model_parallel_size': 1,
[36m(TaskRunner pid=3252623)[0m                                    'profiler': {'_target_': 'verl.utils.profiler.ProfilerConfig',
[36m(TaskRunner pid=3252623)[0m                                                 'all_ranks': False,
[36m(TaskRunner pid=3252623)[0m                                                 'enable': False,
[36m(TaskRunner pid=3252623)[0m                                                 'finish_hook_all_ranks': False,
[36m(TaskRunner pid=3252623)[0m                                                 'finish_hook_cmd': None,
[36m(TaskRunner pid=3252623)[0m                                                 'finish_hook_ranks': [],
[36m(TaskRunner pid=3252623)[0m                                                 'ranks': [],
[36m(TaskRunner pid=3252623)[0m                                                 'relocate_results': False,
[36m(TaskRunner pid=3252623)[0m                                                 'save_path': 'outputs/profile',
[36m(TaskRunner pid=3252623)[0m                                                 'tool': None,
[36m(TaskRunner pid=3252623)[0m                                                 'tool_config': {'npu': {'_target_': 'verl.utils.profiler.config.NPUToolConfig',
[36m(TaskRunner pid=3252623)[0m                                                                         'analysis': True,
[36m(TaskRunner pid=3252623)[0m                                                                         'contents': [],
[36m(TaskRunner pid=3252623)[0m                                                                         'discrete': False,
[36m(TaskRunner pid=3252623)[0m                                                                         'level': 'level0',
[36m(TaskRunner pid=3252623)[0m                                                                         'profile_token_end': None,
[36m(TaskRunner pid=3252623)[0m                                                                         'profile_token_start': None},
[36m(TaskRunner pid=3252623)[0m                                                                 'precision_debugger': {'_target_': 'verl.utils.profiler.config.PrecisionDebuggerToolConfig',
[36m(TaskRunner pid=3252623)[0m                                                                                        'config_path': None,
[36m(TaskRunner pid=3252623)[0m                                                                                        'stages': None,
[36m(TaskRunner pid=3252623)[0m                                                                                        'steps': None,
[36m(TaskRunner pid=3252623)[0m                                                                                        'strict': False},
[36m(TaskRunner pid=3252623)[0m                                                                 'torch': {'_target_': 'verl.utils.profiler.config.TorchProfilerToolConfig',
[36m(TaskRunner pid=3252623)[0m                                                                           'contents': [],
[36m(TaskRunner pid=3252623)[0m                                                                           'discrete': False,
[36m(TaskRunner pid=3252623)[0m                                                                           'profile_token_end': None,
[36m(TaskRunner pid=3252623)[0m                                                                           'profile_token_start': None}}},
[36m(TaskRunner pid=3252623)[0m                                    'prometheus': {'_target_': 'verl.workers.config.PrometheusConfig',
[36m(TaskRunner pid=3252623)[0m                                                   'enable': False,
[36m(TaskRunner pid=3252623)[0m                                                   'file': '/tmp/ray/session_latest/metrics/prometheus/prometheus.yml',
[36m(TaskRunner pid=3252623)[0m                                                   'port': 9090,
[36m(TaskRunner pid=3252623)[0m                                                   'served_model_name': '/home/ubuntu/ai-infra-book-experiments/tools/verl-private/model'},
[36m(TaskRunner pid=3252623)[0m                                    'prompt_length': 128,
[36m(TaskRunner pid=3252623)[0m                                    'qat': {'_target_': 'verl.workers.config.QATEngineConfig',
[36m(TaskRunner pid=3252623)[0m                                            'activation_observer': 'static_minmax',
[36m(TaskRunner pid=3252623)[0m                                            'enable': False,
[36m(TaskRunner pid=3252623)[0m                                            'group_size': 16,
[36m(TaskRunner pid=3252623)[0m                                            'ignore_patterns': ['lm_head',
[36m(TaskRunner pid=3252623)[0m                                                                'embed_tokens',
[36m(TaskRunner pid=3252623)[0m                                                                're:.*mlp.gate$'],
[36m(TaskRunner pid=3252623)[0m                                            'mode': 'w4a16',
[36m(TaskRunner pid=3252623)[0m                                            'quantization_config_path': None},
[36m(TaskRunner pid=3252623)[0m                                    'quantization': None,
[36m(TaskRunner pid=3252623)[0m                                    'quantization_config_file': None,
[36m(TaskRunner pid=3252623)[0m                                    'response_length': 16,
[36m(TaskRunner pid=3252623)[0m                                    'router_config_path': None,
[36m(TaskRunner pid=3252623)[0m                                    'scheduling_policy': 'fcfs',
[36m(TaskRunner pid=3252623)[0m                                    'seed': 42,
[36m(TaskRunner pid=3252623)[0m                                    'skip_tokenizer_init': True,
[36m(TaskRunner pid=3252623)[0m                                    'temperature': 1.0,
[36m(TaskRunner pid=3252623)[0m                                    'tensor_model_parallel_size': 1,
[36m(TaskRunner pid=3252623)[0m                                    'top_k': -1,
[36m(TaskRunner pid=3252623)[0m                                    'top_p': 1.0,
[36m(TaskRunner pid=3252623)[0m                                    'trace': {'_target_': 'verl.workers.config.TraceConfig',
[36m(TaskRunner pid=3252623)[0m                                              'backend': None,
[36m(TaskRunner pid=3252623)[0m                                              'experiment_name': 'gsm8k',
[36m(TaskRunner pid=3252623)[0m                                              'max_samples_per_step_per_worker': None,
[36m(TaskRunner pid=3252623)[0m                                              'project_name': 'verl_examples',
[36m(TaskRunner pid=3252623)[0m                                              'token2text': False},
[36m(TaskRunner pid=3252623)[0m                                    'val_kwargs': {'_target_': 'verl.workers.config.SamplingConfig',
[36m(TaskRunner pid=3252623)[0m                                                   'do_sample': True,
[36m(TaskRunner pid=3252623)[0m                                                   'n': 1,
[36m(TaskRunner pid=3252623)[0m                                                   'temperature': 1.0,
[36m(TaskRunner pid=3252623)[0m                                                   'top_k': -1,
[36m(TaskRunner pid=3252623)[0m                                                   'top_p': 1.0}}},
[36m(TaskRunner pid=3252623)[0m  'algorithm': {'_target_': 'verl.trainer.config.AlgoConfig',
[36m(TaskRunner pid=3252623)[0m                'adv_estimator': 'reinforce_plus_plus',
[36m(TaskRunner pid=3252623)[0m                'filter_groups': {'_target_': 'verl.trainer.config.FilterGroupsConfig',
[36m(TaskRunner pid=3252623)[0m                                  'enable': False,
[36m(TaskRunner pid=3252623)[0m                                  'max_inflight_gen_batches': 1,
[36m(TaskRunner pid=3252623)[0m                                  'max_num_gen_batches': 0,
[36m(TaskRunner pid=3252623)[0m                                  'metric': None},
[36m(TaskRunner pid=3252623)[0m                'gamma': 1.0,
[36m(TaskRunner pid=3252623)[0m                'kl_ctrl': {'_target_': 'verl.trainer.config.KLControlConfig',
[36m(TaskRunner pid=3252623)[0m                            'horizon': 10000,
[36m(TaskRunner pid=3252623)[0m                            'kl_coef': 0.001,
[36m(TaskRunner pid=3252623)[0m                            'target_kl': 0.1,
[36m(TaskRunner pid=3252623)[0m                            'type': 'fixed'},
[36m(TaskRunner pid=3252623)[0m                'kl_penalty': 'kl',
[36m(TaskRunner pid=3252623)[0m                'lam': 1.0,
[36m(TaskRunner pid=3252623)[0m                'norm_adv_by_std_in_grpo': True,
[36m(TaskRunner pid=3252623)[0m                'pf_ppo': {'reweight_method': 'pow', 'weight_pow': 2.0},
[36m(TaskRunner pid=3252623)[0m                'rollout_correction': {'bypass_mode': False,
[36m(TaskRunner pid=3252623)[0m                                       'loss_type': 'ppo_clip',
[36m(TaskRunner pid=3252623)[0m                                       'rollout_is': None,
[36m(TaskRunner pid=3252623)[0m                                       'rollout_is_batch_normalize': False,
[36m(TaskRunner pid=3252623)[0m                                       'rollout_is_threshold': 2.0,
[36m(TaskRunner pid=3252623)[0m                                       'rollout_rs': None,
[36m(TaskRunner pid=3252623)[0m                                       'rollout_rs_threshold': None},
[36m(TaskRunner pid=3252623)[0m                'use_kl_in_reward': False,
[36m(TaskRunner pid=3252623)[0m                'use_pf_ppo': False},
[36m(TaskRunner pid=3252623)[0m  'critic': {'_target_': 'verl.workers.config.FSDPCriticConfig',
[36m(TaskRunner pid=3252623)[0m             'checkpoint': {'_target_': 'verl.trainer.config.CheckpointConfig',
[36m(TaskRunner pid=3252623)[0m                            'async_save': False,
[36m(TaskRunner pid=3252623)[0m                            'load_contents': ['model', 'optimizer', 'extra'],
[36m(TaskRunner pid=3252623)[0m                            'save_contents': ['model', 'optimizer', 'extra']},
[36m(TaskRunner pid=3252623)[0m             'cliprange_value': 0.5,
[36m(TaskRunner pid=3252623)[0m             'data_loader_seed': 42,
[36m(TaskRunner pid=3252623)[0m             'enable': None,
[36m(TaskRunner pid=3252623)[0m             'forward_max_token_len_per_gpu': 32768,
[36m(TaskRunner pid=3252623)[0m             'forward_micro_batch_size': None,
[36m(TaskRunner pid=3252623)[0m             'forward_micro_batch_size_per_gpu': None,
[36m(TaskRunner pid=3252623)[0m             'fsdp': {'_target_': 'verl.workers.config.FSDPEngineConfig',
[36m(TaskRunner pid=3252623)[0m                      'dtype': 'bfloat16',
[36m(TaskRunner pid=3252623)[0m                      'entropy_checkpointing': False,
[36m(TaskRunner pid=3252623)[0m                      'entropy_from_logits_chunk_size': 2048,
[36m(TaskRunner pid=3252623)[0m                      'entropy_from_logits_with_chunking': False,
[36m(TaskRunner pid=3252623)[0m                      'forward_only': False,
[36m(TaskRunner pid=3252623)[0m                      'forward_prefetch': False,
[36m(TaskRunner pid=3252623)[0m                      'fsdp_size': -1,
[36m(TaskRunner pid=3252623)[0m                      'full_determinism': False,
[36m(TaskRunner pid=3252623)[0m                      'model_dtype': 'fp32',
[36m(TaskRunner pid=3252623)[0m                      'offload_policy': False,
[36m(TaskRunner pid=3252623)[0m                      'optimizer_offload': False,
[36m(TaskRunner pid=3252623)[0m                      'pad_to_length': False,
[36m(TaskRunner pid=3252623)[0m                      'pad_to_length_bucket': 1024,
[36m(TaskRunner pid=3252623)[0m                      'param_offload': False,
[36m(TaskRunner pid=3252623)[0m                      'qat': {'_target_': 'verl.workers.config.QATEngineConfig',
[36m(TaskRunner pid=3252623)[0m                              'activation_observer': 'static_minmax',
[36m(TaskRunner pid=3252623)[0m                              'enable': False,
[36m(TaskRunner pid=3252623)[0m                              'group_size': 16,
[36m(TaskRunner pid=3252623)[0m                              'ignore_patterns': ['lm_head',
[36m(TaskRunner pid=3252623)[0m                                                  'embed_tokens',
[36m(TaskRunner pid=3252623)[0m                                                  're:.*mlp.gate$'],
[36m(TaskRunner pid=3252623)[0m                              'mode': 'w4a16',
[36m(TaskRunner pid=3252623)[0m                              'quantization_config_path': None},
[36m(TaskRunner pid=3252623)[0m                      'reshard_after_forward': True,
[36m(TaskRunner pid=3252623)[0m                      'seed': 42,
[36m(TaskRunner pid=3252623)[0m                      'strategy': 'fsdp',
[36m(TaskRunner pid=3252623)[0m                      'turbo_config': {'distributed': {'expert_fully_shard_parallel_size': 1,
[36m(TaskRunner pid=3252623)[0m                                                       'expert_parallel_size': 1,
[36m(TaskRunner pid=3252623)[0m                                                       'fsdp_plan': {'fsdp_implementation': 'native',
[36m(TaskRunner pid=3252623)[0m                                                                     'num_to_backward_prefetch': 1,
[36m(TaskRunner pid=3252623)[0m                                                                     'num_to_forward_prefetch': 1,
[36m(TaskRunner pid=3252623)[0m                                                                     'output_dtype': 'bf16',
[36m(TaskRunner pid=3252623)[0m                                                                     'param_dtype': 'bf16',
[36m(TaskRunner pid=3252623)[0m                                                                     'reduce_dtype': 'fp32'},
[36m(TaskRunner pid=3252623)[0m                                                       'fully_shard_parallel_size': 16,
[36m(TaskRunner pid=3252623)[0m                                                       'tensor_parallel_size': 1,
[36m(TaskRunner pid=3252623)[0m                                                       'ulysses_parallel_size': 1}},
[36m(TaskRunner pid=3252623)[0m                      'ulysses_sequence_parallel_size': 1,
[36m(TaskRunner pid=3252623)[0m                      'use_no_sync_for_gradient_accumulation': False,
[36m(TaskRunner pid=3252623)[0m                      'use_orig_params': False,
[36m(TaskRunner pid=3252623)[0m                      'use_torch_compile': True,
[36m(TaskRunner pid=3252623)[0m                      'wrap_policy': {'min_num_params': 0}},
[36m(TaskRunner pid=3252623)[0m             'grad_clip': 1.0,
[36m(TaskRunner pid=3252623)[0m             'loss_agg_mode': 'token-mean',
[36m(TaskRunner pid=3252623)[0m             'loss_scale_factor': None,
[36m(TaskRunner pid=3252623)[0m             'model': {'_target_': 'verl.workers.config.HFModelConfig',
[36m(TaskRunner pid=3252623)[0m                       'custom_chat_template': None,
[36m(TaskRunner pid=3252623)[0m                       'enable_activation_offload': False,
[36m(TaskRunner pid=3252623)[0m                       'enable_gradient_checkpointing': True,
[36m(TaskRunner pid=3252623)[0m                       'exclude_modules': None,
[36m(TaskRunner pid=3252623)[0m                       'external_lib': None,
[36m(TaskRunner pid=3252623)[0m                       'fused_kernel_options': {'impl_backend': 'torch'},
[36m(TaskRunner pid=3252623)[0m                       'hf_config_path': None,
[36m(TaskRunner pid=3252623)[0m                       'lora': {'a2a_experimental': False,
[36m(TaskRunner pid=3252623)[0m                                'adapter_path': None,
[36m(TaskRunner pid=3252623)[0m                                'alpha': 32,
[36m(TaskRunner pid=3252623)[0m                                'dropout': 0.0,
[36m(TaskRunner pid=3252623)[0m                                'dropout_position': 'pre',
[36m(TaskRunner pid=3252623)[0m                                'dtype': None,
[36m(TaskRunner pid=3252623)[0m                                'exclude_modules': [],
[36m(TaskRunner pid=3252623)[0m                                'freeze_language_model': True,
[36m(TaskRunner pid=3252623)[0m                                'freeze_vision_model': True,
[36m(TaskRunner pid=3252623)[0m                                'freeze_vision_projection': True,
[36m(TaskRunner pid=3252623)[0m                                'lora_A_init_method': 'xavier',
[36m(TaskRunner pid=3252623)[0m                                'lora_B_init_method': 'zero',
[36m(TaskRunner pid=3252623)[0m                                'merge': False,
[36m(TaskRunner pid=3252623)[0m                                'rank': 0,
[36m(TaskRunner pid=3252623)[0m                                'target_modules': ['linear_qkv',
[36m(TaskRunner pid=3252623)[0m                                                   'linear_proj',
[36m(TaskRunner pid=3252623)[0m                                                   'linear_fc1',
[36m(TaskRunner pid=3252623)[0m                                                   'linear_fc2'],
[36m(TaskRunner pid=3252623)[0m                                'type': 'lora'},
[36m(TaskRunner pid=3252623)[0m                       'lora_adapter_path': None,
[36m(TaskRunner pid=3252623)[0m                       'lora_alpha': 16,
[36m(TaskRunner pid=3252623)[0m                       'lora_rank': 0,
[36m(TaskRunner pid=3252623)[0m                       'mtp': {'_target_': 'verl.workers.config.MtpConfig',
[36m(TaskRunner pid=3252623)[0m                               'detach_encoder': False,
[36m(TaskRunner pid=3252623)[0m                               'enable': False,
[36m(TaskRunner pid=3252623)[0m                               'enable_rollout': False,
[36m(TaskRunner pid=3252623)[0m                               'enable_train': False,
[36m(TaskRunner pid=3252623)[0m                               'method': 'mtp',
[36m(TaskRunner pid=3252623)[0m                               'mtp_loss_scaling_factor': 0.1,
[36m(TaskRunner pid=3252623)[0m                               'num_speculative_tokens': 1,
[36m(TaskRunner pid=3252623)[0m                               'speculative_algorithm': 'EAGLE',
[36m(TaskRunner pid=3252623)[0m                               'speculative_eagle_topk': 1,
[36m(TaskRunner pid=3252623)[0m                               'speculative_num_draft_tokens': 4,
[36m(TaskRunner pid=3252623)[0m                               'speculative_num_steps': 3},
[36m(TaskRunner pid=3252623)[0m                       'override_config': {},
[36m(TaskRunner pid=3252623)[0m                       'path': '~/models/deepseek-llm-7b-chat',
[36m(TaskRunner pid=3252623)[0m                       'target_modules': 'all-linear',
[36m(TaskRunner pid=3252623)[0m                       'tiled_mlp': {'enabled': False, 'num_shards': 4},
[36m(TaskRunner pid=3252623)[0m                       'tokenizer_path': None,
[36m(TaskRunner pid=3252623)[0m                       'trust_remote_code': False,
[36m(TaskRunner pid=3252623)[0m                       'use_fused_kernels': False,
[36m(TaskRunner pid=3252623)[0m                       'use_liger': False,
[36m(TaskRunner pid=3252623)[0m                       'use_remove_padding': True,
[36m(TaskRunner pid=3252623)[0m                       'use_shm': False},
[36m(TaskRunner pid=3252623)[0m             'optim': {'_target_': 'verl.workers.config.FSDPOptimizerConfig',
[36m(TaskRunner pid=3252623)[0m                       'betas': [0.9, 0.999],
[36m(TaskRunner pid=3252623)[0m                       'clip_grad': 1.0,
[36m(TaskRunner pid=3252623)[0m                       'lr': 1e-05,
[36m(TaskRunner pid=3252623)[0m                       'lr_scheduler_type': 'constant',
[36m(TaskRunner pid=3252623)[0m                       'lr_warmup_steps': -1,
[36m(TaskRunner pid=3252623)[0m                       'lr_warmup_steps_ratio': 0.0,
[36m(TaskRunner pid=3252623)[0m                       'min_lr_ratio': 0.0,
[36m(TaskRunner pid=3252623)[0m                       'num_cycles': 0.5,
[36m(TaskRunner pid=3252623)[0m                       'optimizer': 'AdamW',
[36m(TaskRunner pid=3252623)[0m                       'optimizer_impl': 'torch.optim',
[36m(TaskRunner pid=3252623)[0m                       'override_optimizer_config': None,
[36m(TaskRunner pid=3252623)[0m                       'total_training_steps': -1,
[36m(TaskRunner pid=3252623)[0m                       'warmup_style': None,
[36m(TaskRunner pid=3252623)[0m                       'weight_decay': 0.01,
[36m(TaskRunner pid=3252623)[0m                       'zero_indexed_step': True},
[36m(TaskRunner pid=3252623)[0m             'ppo_epochs': 1,
[36m(TaskRunner pid=3252623)[0m             'ppo_max_token_len_per_gpu': 32768,
[36m(TaskRunner pid=3252623)[0m             'ppo_micro_batch_size': None,
[36m(TaskRunner pid=3252623)[0m             'ppo_micro_batch_size_per_gpu': None,
[36m(TaskRunner pid=3252623)[0m             'ppo_mini_batch_size': 4,
[36m(TaskRunner pid=3252623)[0m             'profiler': {'_target_': 'verl.utils.profiler.ProfilerConfig',
[36m(TaskRunner pid=3252623)[0m                          'all_ranks': False,
[36m(TaskRunner pid=3252623)[0m                          'enable': False,
[36m(TaskRunner pid=3252623)[0m                          'finish_hook_all_ranks': False,
[36m(TaskRunner pid=3252623)[0m                          'finish_hook_cmd': None,
[36m(TaskRunner pid=3252623)[0m                          'finish_hook_ranks': [],
[36m(TaskRunner pid=3252623)[0m                          'ranks': [],
[36m(TaskRunner pid=3252623)[0m                          'relocate_results': False,
[36m(TaskRunner pid=3252623)[0m                          'save_path': 'outputs/profile',
[36m(TaskRunner pid=3252623)[0m                          'tool': None,
[36m(TaskRunner pid=3252623)[0m                          'tool_config': {'npu': {'_target_': 'verl.utils.profiler.config.NPUToolConfig',
[36m(TaskRunner pid=3252623)[0m                                                  'analysis': True,
[36m(TaskRunner pid=3252623)[0m                                                  'contents': [],
[36m(TaskRunner pid=3252623)[0m                                                  'discrete': False,
[36m(TaskRunner pid=3252623)[0m                                                  'level': 'level0'},
[36m(TaskRunner pid=3252623)[0m                                          'nsys': {'_target_': 'verl.utils.profiler.config.NsightToolConfig',
[36m(TaskRunner pid=3252623)[0m                                                   'discrete': False},
[36m(TaskRunner pid=3252623)[0m                                          'precision_debugger': {'_target_': 'verl.utils.profiler.config.PrecisionDebuggerToolConfig',
[36m(TaskRunner pid=3252623)[0m                                                                 'config_path': None,
[36m(TaskRunner pid=3252623)[0m                                                                 'stages': None,
[36m(TaskRunner pid=3252623)[0m                                                                 'steps': None,
[36m(TaskRunner pid=3252623)[0m                                                                 'strict': False},
[36m(TaskRunner pid=3252623)[0m                                          'torch': {'_target_': 'verl.utils.profiler.config.TorchProfilerToolConfig',
[36m(TaskRunner pid=3252623)[0m                                                    'contents': [],
[36m(TaskRunner pid=3252623)[0m                                                    'discrete': False,
[36m(TaskRunner pid=3252623)[0m                                                    'schedule': {'_target_': 'verl.utils.profiler.config.TorchProfilerScheduleConfig',
[36m(TaskRunner pid=3252623)[0m                                                                 'active': 0,
[36m(TaskRunner pid=3252623)[0m                                                                 'repeat': 0,
[36m(TaskRunner pid=3252623)[0m                                                                 'skip_first': 0,
[36m(TaskRunner pid=3252623)[0m                                                                 'wait': 0,
[36m(TaskRunner pid=3252623)[0m                                                                 'warmup': 0}},
[36m(TaskRunner pid=3252623)[0m                                          'torch_memory': {'_target_': 'verl.utils.profiler.config.TorchMemoryToolConfig',
[36m(TaskRunner pid=3252623)[0m                                                           'stack_depth': 32,
[36m(TaskRunner pid=3252623)[0m                                                           'trace_alloc_max_entries': 100000}}},
[36m(TaskRunner pid=3252623)[0m             'rollout_n': 2,
[36m(TaskRunner pid=3252623)[0m             'shuffle': False,
[36m(TaskRunner pid=3252623)[0m             'strategy': 'fsdp',
[36m(TaskRunner pid=3252623)[0m             'ulysses_sequence_parallel_size': 1,
[36m(TaskRunner pid=3252623)[0m             'use_dynamic_bsz': False},
[36m(TaskRunner pid=3252623)[0m  'custom_reward_function': {'name': None, 'path': None},
[36m(TaskRunner pid=3252623)[0m  'data': {'apply_chat_template_kwargs': {},
[36m(TaskRunner pid=3252623)[0m           'audio_key': 'audios',
[36m(TaskRunner pid=3252623)[0m           'custom_cls': {'name': None, 'path': None},
[36m(TaskRunner pid=3252623)[0m           'dataloader_num_workers': 0,
[36m(TaskRunner pid=3252623)[0m           'filter_overlong_prompts': False,
[36m(TaskRunner pid=3252623)[0m           'filter_overlong_prompts_workers': 1,
[36m(TaskRunner pid=3252623)[0m           'function_tool_path': None,
[36m(TaskRunner pid=3252623)[0m           'gen_batch_size': None,
[36m(TaskRunner pid=3252623)[0m           'image_key': 'images',
[36m(TaskRunner pid=3252623)[0m           'image_patch_size': 14,
[36m(TaskRunner pid=3252623)[0m           'max_prompt_length': 128,
[36m(TaskRunner pid=3252623)[0m           'max_response_length': 16,
[36m(TaskRunner pid=3252623)[0m           'mm_processor_kwargs': {},
[36m(TaskRunner pid=3252623)[0m           'prompt_key': 'prompt',
[36m(TaskRunner pid=3252623)[0m           'return_full_prompt': False,
[36m(TaskRunner pid=3252623)[0m           'return_multi_modal_inputs': True,
[36m(TaskRunner pid=3252623)[0m           'return_raw_chat': True,
[36m(TaskRunner pid=3252623)[0m           'return_raw_input_ids': False,
[36m(TaskRunner pid=3252623)[0m           'reward_fn_key': 'data_source',
[36m(TaskRunner pid=3252623)[0m           'seed': 42,
[36m(TaskRunner pid=3252623)[0m           'shuffle': False,
[36m(TaskRunner pid=3252623)[0m           'tokenizer': None,
[36m(TaskRunner pid=3252623)[0m           'tool_config_path': None,
[36m(TaskRunner pid=3252623)[0m           'train_batch_size': 4,
[36m(TaskRunner pid=3252623)[0m           'train_files': '/home/ubuntu/ai-infra-book-experiments/experiments/ch10/10-08/train.parquet',
[36m(TaskRunner pid=3252623)[0m           'train_max_samples': -1,
[36m(TaskRunner pid=3252623)[0m           'truncation': 'error',
[36m(TaskRunner pid=3252623)[0m           'trust_remote_code': False,
[36m(TaskRunner pid=3252623)[0m           'use_shm': False,
[36m(TaskRunner pid=3252623)[0m           'val_batch_size': None,
[36m(TaskRunner pid=3252623)[0m           'val_files': '/home/ubuntu/ai-infra-book-experiments/experiments/ch10/10-08/val.parquet',
[36m(TaskRunner pid=3252623)[0m           'val_max_samples': -1,
[36m(TaskRunner pid=3252623)[0m           'validation_shuffle': False,
[36m(TaskRunner pid=3252623)[0m           'video_key': 'videos'},
[36m(TaskRunner pid=3252623)[0m  'distillation': {'_target_': 'verl.workers.config.DistillationConfig',
[36m(TaskRunner pid=3252623)[0m                   'distillation_loss': {'_target_': 'verl.workers.config.DistillationLossConfig',
[36m(TaskRunner pid=3252623)[0m                                         'clip_ratio': 0.2,
[36m(TaskRunner pid=3252623)[0m                                         'clip_ratio_high': 0.2,
[36m(TaskRunner pid=3252623)[0m                                         'clip_ratio_low': 0.2,
[36m(TaskRunner pid=3252623)[0m                                         'distillation_loss_coef': 1.0,
[36m(TaskRunner pid=3252623)[0m                                         'log_prob_min_clamp': None,
[36m(TaskRunner pid=3252623)[0m                                         'loss_max_clamp': None,
[36m(TaskRunner pid=3252623)[0m                                         'loss_mode': 'k3',
[36m(TaskRunner pid=3252623)[0m                                         'policy_loss_mode': 'vanilla',
[36m(TaskRunner pid=3252623)[0m                                         'topk': 32,
[36m(TaskRunner pid=3252623)[0m                                         'use_policy_gradient': False,
[36m(TaskRunner pid=3252623)[0m                                         'use_task_rewards': True},
[36m(TaskRunner pid=3252623)[0m                   'enabled': False,
[36m(TaskRunner pid=3252623)[0m                   'n_gpus_per_node': 8,
[36m(TaskRunner pid=3252623)[0m                   'nnodes': 0,
[36m(TaskRunner pid=3252623)[0m                   'teacher_key': 'data_source',
[36m(TaskRunner pid=3252623)[0m                   'teacher_models': {'teacher_model': {'_target_': 'verl.workers.config.DistillationTeacherModelConfig',
[36m(TaskRunner pid=3252623)[0m                                                        'inference': {'_target_': 'verl.workers.config.RolloutConfig',
[36m(TaskRunner pid=3252623)[0m                                                                      'cudagraph_capture_sizes': None,
[36m(TaskRunner pid=3252623)[0m                                                                      'data_parallel_size': 1,
[36m(TaskRunner pid=3252623)[0m                                                                      'disable_log_stats': True,
[36m(TaskRunner pid=3252623)[0m                                                                      'dtype': 'bfloat16',
[36m(TaskRunner pid=3252623)[0m                                                                      'enable_chunked_prefill': True,
[36m(TaskRunner pid=3252623)[0m                                                                      'enable_prefix_caching': True,
[36m(TaskRunner pid=3252623)[0m                                                                      'enforce_eager': True,
[36m(TaskRunner pid=3252623)[0m                                                                      'engine_kwargs': {},
[36m(TaskRunner pid=3252623)[0m                                                                      'expert_parallel_size': 1,
[36m(TaskRunner pid=3252623)[0m                                                                      'free_cache_engine': True,
[36m(TaskRunner pid=3252623)[0m                                                                      'gpu_memory_utilization': 0.5,
[36m(TaskRunner pid=3252623)[0m                                                                      'limit_images': None,
[36m(TaskRunner pid=3252623)[0m                                                                      'load_format': 'auto',
[36m(TaskRunner pid=3252623)[0m                                                                      'max_model_len': None,
[36m(TaskRunner pid=3252623)[0m                                                                      'max_num_batched_tokens': 8192,
[36m(TaskRunner pid=3252623)[0m                                                                      'max_num_seqs': 1024,
[36m(TaskRunner pid=3252623)[0m                                                                      'name': 'vllm',
[36m(TaskRunner pid=3252623)[0m                                                                      'prompt_length': 128,
[36m(TaskRunner pid=3252623)[0m                                                                      'response_length': 16,
[36m(TaskRunner pid=3252623)[0m                                                                      'skip_tokenizer_init': True,
[36m(TaskRunner pid=3252623)[0m                                                                      'temperature': 1.0,
[36m(TaskRunner pid=3252623)[0m                                                                      'tensor_model_parallel_size': 2},
[36m(TaskRunner pid=3252623)[0m                                                        'key': None,
[36m(TaskRunner pid=3252623)[0m                                                        'model_path': None,
[36m(TaskRunner pid=3252623)[0m                                                        'num_replicas': 0}}},
[36m(TaskRunner pid=3252623)[0m  'global_profiler': {'_target_': 'verl.utils.profiler.ProfilerConfig',
[36m(TaskRunner pid=3252623)[0m                      'finish_hook_all_ranks': False,
[36m(TaskRunner pid=3252623)[0m                      'finish_hook_cmd': None,
[36m(TaskRunner pid=3252623)[0m                      'finish_hook_ranks': [],
[36m(TaskRunner pid=3252623)[0m                      'global_tool_config': {'nsys': {'_target_': 'verl.utils.profiler.config.NsightToolConfig',
[36m(TaskRunner pid=3252623)[0m                                                      'controller_nsight_options': {'cuda-graph-trace': 'graph',
[36m(TaskRunner pid=3252623)[0m                                                                                    'cuda-memory-usage': 'true',
[36m(TaskRunner pid=3252623)[0m                                                                                    'trace': 'cuda,nvtx,cublas,ucx'},
[36m(TaskRunner pid=3252623)[0m                                                      'discrete': False,
[36m(TaskRunner pid=3252623)[0m                                                      'worker_nsight_options': {'capture-range': 'cudaProfilerApi',
[36m(TaskRunner pid=3252623)[0m                                                                                'capture-range-end': None,
[36m(TaskRunner pid=3252623)[0m                                                                                'cuda-graph-trace': 'graph',
[36m(TaskRunner pid=3252623)[0m                                                                                'cuda-memory-usage': 'true',
[36m(TaskRunner pid=3252623)[0m                                                                                'kill': 'none',
[36m(TaskRunner pid=3252623)[0m                                                                                'trace': 'cuda,nvtx,cublas,ucx'}},
[36m(TaskRunner pid=3252623)[0m                                             'precision_debugger': {'_target_': 'verl.utils.profiler.config.PrecisionDebuggerToolConfig',
[36m(TaskRunner pid=3252623)[0m                                                                    'config_path': None,
[36m(TaskRunner pid=3252623)[0m                                                                    'stages': None,
[36m(TaskRunner pid=3252623)[0m                                                                    'steps': None,
[36m(TaskRunner pid=3252623)[0m                                                                    'strict': False},
[36m(TaskRunner pid=3252623)[0m                                             'torch_memory': {'context': 'all',
[36m(TaskRunner pid=3252623)[0m                                                              'kw_args': {},
[36m(TaskRunner pid=3252623)[0m                                                              'stack_depth': 32,
[36m(TaskRunner pid=3252623)[0m                                                              'stacks': 'all',
[36m(TaskRunner pid=3252623)[0m                                                              'trace_alloc_max_entries': 100000}},
[36m(TaskRunner pid=3252623)[0m                      'profile_continuous_steps': False,
[36m(TaskRunner pid=3252623)[0m                      'relocate_results': False,
[36m(TaskRunner pid=3252623)[0m                      'save_path': 'outputs/profile',
[36m(TaskRunner pid=3252623)[0m                      'steps': None,
[36m(TaskRunner pid=3252623)[0m                      'tool': None},
[36m(TaskRunner pid=3252623)[0m  'model_engine': 'dp',
[36m(TaskRunner pid=3252623)[0m  'ray_kwargs': {'ray_init': {'address': '155.103.252.95:6398',
[36m(TaskRunner pid=3252623)[0m                              'num_cpus': None,
[36m(TaskRunner pid=3252623)[0m                              'runtime_env': {'py_executable': '/home/ubuntu/ai-infra-book-experiments/tools/verl-private/verl-project-verl-d040717/.venv/bin/python'}},
[36m(TaskRunner pid=3252623)[0m                 'timeline_json_file': None},
[36m(TaskRunner pid=3252623)[0m  'reward': {'_target_': 'verl.workers.config.RewardConfig',
[36m(TaskRunner pid=3252623)[0m             'custom_reward_function': {'name': 'compute_control_score',
[36m(TaskRunner pid=3252623)[0m                                        'path': '/home/ubuntu/ai-infra-book-experiments/experiments/ch10/10-08/reward.py'},
[36m(TaskRunner pid=3252623)[0m             'num_workers': 1,
[36m(TaskRunner pid=3252623)[0m             'reward_manager': {'_target_': 'verl.workers.config.reward.RewardManagerConfig',
[36m(TaskRunner pid=3252623)[0m                                'module': {'_target_': 'verl.trainer.config.config.ModuleConfig',
[36m(TaskRunner pid=3252623)[0m                                           'name': 'custom_reward_manager',
[36m(TaskRunner pid=3252623)[0m                                           'path': None},
[36m(TaskRunner pid=3252623)[0m                                'name': 'naive',
[36m(TaskRunner pid=3252623)[0m                                'source': 'register'},
[36m(TaskRunner pid=3252623)[0m             'reward_model': {'_target_': 'verl.workers.config.RewardModelConfig',
[36m(TaskRunner pid=3252623)[0m                              'enable': False,
[36m(TaskRunner pid=3252623)[0m                              'enable_resource_pool': False,
[36m(TaskRunner pid=3252623)[0m                              'model_path': None,
[36m(TaskRunner pid=3252623)[0m                              'n_gpus_per_node': 8,
[36m(TaskRunner pid=3252623)[0m                              'nnodes': 0,
[36m(TaskRunner pid=3252623)[0m                              'rollout': {'_target_': 'verl.workers.config.RolloutConfig',
[36m(TaskRunner pid=3252623)[0m                                          'cudagraph_capture_sizes': None,
[36m(TaskRunner pid=3252623)[0m                                          'data_parallel_size': 1,
[36m(TaskRunner pid=3252623)[0m                                          'disable_log_stats': True,
[36m(TaskRunner pid=3252623)[0m                                          'disaggregation': {'bootstrap_port': None,
[36m(TaskRunner pid=3252623)[0m                                                             'decode_replicas': 1,
[36m(TaskRunner pid=3252623)[0m                                                             'decode_tensor_model_parallel_size': None,
[36m(TaskRunner pid=3252623)[0m                                                             'enabled': False,
[36m(TaskRunner pid=3252623)[0m                                                             'ib_device': None,
[36m(TaskRunner pid=3252623)[0m                                                             'prefill_replicas': 1,
[36m(TaskRunner pid=3252623)[0m                                                             'transfer_backend': 'nixl'},
[36m(TaskRunner pid=3252623)[0m                                          'do_sample': True,
[36m(TaskRunner pid=3252623)[0m                                          'dtype': 'bfloat16',
[36m(TaskRunner pid=3252623)[0m                                          'enable_chunked_prefill': True,
[36m(TaskRunner pid=3252623)[0m                                          'enable_prefix_caching': True,
[36m(TaskRunner pid=3252623)[0m                                          'enforce_eager': True,
[36m(TaskRunner pid=3252623)[0m                                          'engine_kwargs': {},
[36m(TaskRunner pid=3252623)[0m                                          'expert_parallel_size': 1,
[36m(TaskRunner pid=3252623)[0m                                          'free_cache_engine': True,
[36m(TaskRunner pid=3252623)[0m                                          'full_determinism': False,
[36m(TaskRunner pid=3252623)[0m                                          'gpu_memory_utilization': 0.5,
[36m(TaskRunner pid=3252623)[0m                                          'ignore_eos': False,
[36m(TaskRunner pid=3252623)[0m                                          'layered_summon': False,
[36m(TaskRunner pid=3252623)[0m                                          'limit_images': None,
[36m(TaskRunner pid=3252623)[0m                                          'load_format': 'auto',
[36m(TaskRunner pid=3252623)[0m                                          'max_model_len': None,
[36m(TaskRunner pid=3252623)[0m                                          'max_num_batched_tokens': 8192,
[36m(TaskRunner pid=3252623)[0m                                          'max_num_seqs': 1024,
[36m(TaskRunner pid=3252623)[0m                                          'mtp': None,
[36m(TaskRunner pid=3252623)[0m                                          'multi_stage_wake_up': False,
[36m(TaskRunner pid=3252623)[0m                                          'n': 1,
[36m(TaskRunner pid=3252623)[0m                                          'name': '???',
[36m(TaskRunner pid=3252623)[0m                                          'pipeline_model_parallel_size': 1,
[36m(TaskRunner pid=3252623)[0m                                          'prompt_length': 2048,
[36m(TaskRunner pid=3252623)[0m                                          'quantization': None,
[36m(TaskRunner pid=3252623)[0m                                          'quantization_config_file': None,
[36m(TaskRunner pid=3252623)[0m                                          'response_length': 2048,
[36m(TaskRunner pid=3252623)[0m                                          'scheduling_policy': 'fcfs',
[36m(TaskRunner pid=3252623)[0m                                          'seed': 42,
[36m(TaskRunner pid=3252623)[0m                                          'skip_tokenizer_init': False,
[36m(TaskRunner pid=3252623)[0m                                          'temperature': 1.0,
[36m(TaskRunner pid=3252623)[0m                                          'tensor_model_parallel_size': 2,
[36m(TaskRunner pid=3252623)[0m                                          'top_k': -1,
[36m(TaskRunner pid=3252623)[0m                                          'top_p': 1}},
[36m(TaskRunner pid=3252623)[0m             'sandbox_fusion': {'_target_': 'verl.workers.config.SandboxFusionConfig',
[36m(TaskRunner pid=3252623)[0m                                'max_concurrent': 64,
[36m(TaskRunner pid=3252623)[0m                                'memory_limit_mb': 1024,
[36m(TaskRunner pid=3252623)[0m                                'url': None}},
[36m(TaskRunner pid=3252623)[0m  'reward_model': {'enable': None,
[36m(TaskRunner pid=3252623)[0m                   'enable_resource_pool': None,
[36m(TaskRunner pid=3252623)[0m                   'model': {'external_lib': None,
[36m(TaskRunner pid=3252623)[0m                             'path': None,
[36m(TaskRunner pid=3252623)[0m                             'trust_remote_code': None},
[36m(TaskRunner pid=3252623)[0m                   'n_gpus_per_node': None,
[36m(TaskRunner pid=3252623)[0m                   'nnodes': None,
[36m(TaskRunner pid=3252623)[0m                   'num_workers': None,
[36m(TaskRunner pid=3252623)[0m                   'reward_loop_class_name': None,
[36m(TaskRunner pid=3252623)[0m                   'reward_loop_module_path': None,
[36m(TaskRunner pid=3252623)[0m                   'reward_loop_source': None,
[36m(TaskRunner pid=3252623)[0m                   'reward_manager': None,
[36m(TaskRunner pid=3252623)[0m                   'rollout': {'cudagraph_capture_sizes': None,
[36m(TaskRunner pid=3252623)[0m                               'data_parallel_size': None,
[36m(TaskRunner pid=3252623)[0m                               'disable_log_stats': None,
[36m(TaskRunner pid=3252623)[0m                               'dtype': None,
[36m(TaskRunner pid=3252623)[0m                               'enable_chunked_prefill': None,
[36m(TaskRunner pid=3252623)[0m                               'enable_prefix_caching': None,
[36m(TaskRunner pid=3252623)[0m                               'enforce_eager': None,
[36m(TaskRunner pid=3252623)[0m                               'engine_kwargs': None,
[36m(TaskRunner pid=3252623)[0m                               'expert_parallel_size': None,
[36m(TaskRunner pid=3252623)[0m                               'free_cache_engine': None,
[36m(TaskRunner pid=3252623)[0m                               'gpu_memory_utilization': None,
[36m(TaskRunner pid=3252623)[0m                               'limit_images': None,
[36m(TaskRunner pid=3252623)[0m                               'load_format': None,
[36m(TaskRunner pid=3252623)[0m                               'max_model_len': None,
[36m(TaskRunner pid=3252623)[0m                               'max_num_batched_tokens': None,
[36m(TaskRunner pid=3252623)[0m                               'max_num_seqs': None,
[36m(TaskRunner pid=3252623)[0m                               'name': None,
[36m(TaskRunner pid=3252623)[0m                               'prompt_length': None,
[36m(TaskRunner pid=3252623)[0m                               'response_length': None,
[36m(TaskRunner pid=3252623)[0m                               'skip_tokenizer_init': None,
[36m(TaskRunner pid=3252623)[0m                               'tensor_model_parallel_size': None}},
[36m(TaskRunner pid=3252623)[0m  'sandbox_fusion': {'max_concurrent': None,
[36m(TaskRunner pid=3252623)[0m                     'memory_limit_mb': None,
[36m(TaskRunner pid=3252623)[0m                     'url': None},
[36m(TaskRunner pid=3252623)[0m  'skip': {'_target_': 'verl.utils.skip.SkipManagerConfig',
[36m(TaskRunner pid=3252623)[0m           'async_rollout': {'action': 'cache',
[36m(TaskRunner pid=3252623)[0m                             'dump_dir': '~/.verl/rollout_dump',
[36m(TaskRunner pid=3252623)[0m                             'enable': False,
[36m(TaskRunner pid=3252623)[0m                             'steps': []},
[36m(TaskRunner pid=3252623)[0m           'rollout': {'action': 'cache',
[36m(TaskRunner pid=3252623)[0m                       'dump_dir': '~/.verl/rollout_dump',
[36m(TaskRunner pid=3252623)[0m                       'enable': False,
[36m(TaskRunner pid=3252623)[0m                       'steps': []},
[36m(TaskRunner pid=3252623)[0m           'rollout_tq': {'action': 'cache',
[36m(TaskRunner pid=3252623)[0m                          'dump_dir': '~/.verl/rollout_dump',
[36m(TaskRunner pid=3252623)[0m                          'enable': False,
[36m(TaskRunner pid=3252623)[0m                          'steps': []}},
[36m(TaskRunner pid=3252623)[0m  'trainer': {'balance_batch': True,
[36m(TaskRunner pid=3252623)[0m              'checkpoint_callback_class': None,
[36m(TaskRunner pid=3252623)[0m              'critic_warmup': 0,
[36m(TaskRunner pid=3252623)[0m              'default_hdfs_dir': None,
[36m(TaskRunner pid=3252623)[0m              'default_local_dir': '/home/ubuntu/ai-infra-book-experiments/experiments/ch10/10-08/control/checkpoints',
[36m(TaskRunner pid=3252623)[0m              'del_local_ckpt_after_load': False,
[36m(TaskRunner pid=3252623)[0m              'device': 'cuda',
[36m(TaskRunner pid=3252623)[0m              'esi_redundant_time': 0,
[36m(TaskRunner pid=3252623)[0m              'experiment_name': 'gsm8k',
[36m(TaskRunner pid=3252623)[0m              'log_val_generations': 0,
[36m(TaskRunner pid=3252623)[0m              'logger': ['console'],
[36m(TaskRunner pid=3252623)[0m              'max_actor_ckpt_to_keep': None,
[36m(TaskRunner pid=3252623)[0m              'max_critic_ckpt_to_keep': None,
[36m(TaskRunner pid=3252623)[0m              'n_gpus_per_node': 1,
[36m(TaskRunner pid=3252623)[0m              'nnodes': 1,
[36m(TaskRunner pid=3252623)[0m              'project_name': 'verl_examples',
[36m(TaskRunner pid=3252623)[0m              'ray_wait_register_center_timeout': 300,
[36m(TaskRunner pid=3252623)[0m              'resume_from_path': None,
[36m(TaskRunner pid=3252623)[0m              'resume_mode': 'disable',
[36m(TaskRunner pid=3252623)[0m              'rollout_data_dir': '/home/ubuntu/ai-infra-book-experiments/experiments/ch10/10-08/control/rollouts',
[36m(TaskRunner pid=3252623)[0m              'save_freq': -1,
[36m(TaskRunner pid=3252623)[0m              'test_freq': 2,
[36m(TaskRunner pid=3252623)[0m              'total_epochs': 1,
[36m(TaskRunner pid=3252623)[0m              'total_training_steps': 2,
[36m(TaskRunner pid=3252623)[0m              'use_v1': False,
[36m(TaskRunner pid=3252623)[0m              'v1': {'colocate_async': {'num_warmup_batches': 1},
[36m(TaskRunner pid=3252623)[0m                     'sampler': {'custom_sampler': {'name': None, 'path': None},
[36m(TaskRunner pid=3252623)[0m                                 'max_off_policy_strategy': 'drop',
[36m(TaskRunner pid=3252623)[0m                                 'max_off_policy_threshold': 8,
[36m(TaskRunner pid=3252623)[0m                                 'sampler_kwargs': {},
[36m(TaskRunner pid=3252623)[0m                                 'sync_refill_failed_groups': False},
[36m(TaskRunner pid=3252623)[0m                     'separate_async': {'hybrid_rollout': {'_target_': 'verl.trainer.config.HybridRolloutSwitchConfig',
[36m(TaskRunner pid=3252623)[0m                                                           'adaptive_switch_threshold': True,
[36m(TaskRunner pid=3252623)[0m                                                           'enable_switch': False,
[36m(TaskRunner pid=3252623)[0m                                                           'switch_cost_window_size': 3,
[36m(TaskRunner pid=3252623)[0m                                                           'switch_threshold_ratio': 0.4,
[36m(TaskRunner pid=3252623)[0m                                                           'switch_threshold_release_steps': 2,
[36m(TaskRunner pid=3252623)[0m                                                           'switch_threshold_step_down': 0.03,
[36m(TaskRunner pid=3252623)[0m                                                           'switch_threshold_step_up': 0.05},
[36m(TaskRunner pid=3252623)[0m                                        'num_warmup_batches': 1,
[36m(TaskRunner pid=3252623)[0m                                        'parameter_sync_step': 4},
[36m(TaskRunner pid=3252623)[0m                     'sync': {},
[36m(TaskRunner pid=3252623)[0m                     'trainer_mode': 'sync'},
[36m(TaskRunner pid=3252623)[0m              'val_before_train': False,
[36m(TaskRunner pid=3252623)[0m              'val_only': False,
[36m(TaskRunner pid=3252623)[0m              'validation_data_dir': '/home/ubuntu/ai-infra-book-experiments/experiments/ch10/10-08/control/validation'},
[36m(TaskRunner pid=3252623)[0m  'transfer_queue': {'backend': {'MooncakeStore': {'auto_init': False,
[36m(TaskRunner pid=3252623)[0m                                                   'device_name': '',
[36m(TaskRunner pid=3252623)[0m                                                   'global_segment_size': 4294967296,
[36m(TaskRunner pid=3252623)[0m                                                   'local_buffer_size': 1073741824,
[36m(TaskRunner pid=3252623)[0m                                                   'local_hostname': 'localhost',
[36m(TaskRunner pid=3252623)[0m                                                   'master_server_address': 'localhost:50124',
[36m(TaskRunner pid=3252623)[0m                                                   'metadata_server': 'localhost:50123',
[36m(TaskRunner pid=3252623)[0m                                                   'protocol': 'tcp'},
[36m(TaskRunner pid=3252623)[0m                                 'SimpleStorage': {'num_data_storage_units': 8,
[36m(TaskRunner pid=3252623)[0m                                                   'total_storage_size': 100000},
[36m(TaskRunner pid=3252623)[0m                                 'storage_backend': 'SimpleStorage'},
[36m(TaskRunner pid=3252623)[0m                     'enable': False,
[36m(TaskRunner pid=3252623)[0m                     'metrics': {'enabled': False, 'port': 0}}}
[36m(TaskRunner pid=3252623)[0m /home/ubuntu/ai-infra-book-experiments/tools/verl-private/verl-project-verl-d040717/verl/trainer/main_ppo_v0.py:182: UserWarning: Disabled critic as algorithm.adv_estimator != gae. If it is not intended, please set critic.enable=True
[36m(TaskRunner pid=3252623)[0m   use_critic=need_critic(config),
[36m(TaskRunner pid=3252623)[0m [validate_config] All configuration checks passed successfully!
[36m(TaskRunner pid=3252623)[0m Using dataset class: RLHFDataset
[36m(TaskRunner pid=3252623)[0m dataset len: 8
[36m(TaskRunner pid=3252623)[0m Using dataset class: RLHFDataset
[36m(TaskRunner pid=3252623)[0m dataset len: 4
[36m(TaskRunner pid=3252623)[0m Size of train dataloader: 2, Size of val dataloader: 1
[36m(TaskRunner pid=3252623)[0m Total training steps: 2
[36m(TaskRunner pid=3252623)[0m colocated worker base class <class 'verl.single_controller.base.worker.Worker'>
[36m(TaskRunner pid=3252623)[0m /home/ubuntu/ai-infra-book-experiments/tools/verl-private/verl-project-verl-d040717/verl/trainer/main_ppo_v0.py:218: FutureWarning: Warning: Class 'verl.trainer.ppo.ray_trainer.RayPPOTrainer' is deprecated. Please use 'Legacy trainer is deprecated, and wil be removed in v0.9.0. Please use `trainer.use_v1=True` instead.' instead.
[36m(TaskRunner pid=3252623)[0m   trainer = RayPPOTrainer(
[36m(TaskRunner pid=3252623)[0m /home/ubuntu/ai-infra-book-experiments/tools/verl-private/verl-project-verl-d040717/verl/trainer/ppo/ray_trainer.py:348: UserWarning: Disabled critic as algorithm.adv_estimator != gae. If it is not intended, please set critic.enable=True
[36m(TaskRunner pid=3252623)[0m   self.use_critic = need_critic(self.config)
[33m(raylet)[0m [2026-09-09 05:15:51,607 E 3252022 3252046] (raylet) file_system_monitor.cc:116: /home/ubuntu/ai-infra-book-experiments/tools/verl-private/r/control is over 95% full, available space: 74.3485 GB; capacity: 3752.16 GB. Object creation will fail if spilling is required.
[36m(WorkerDict pid=3253237)[0m /home/ubuntu/ai-infra-book-experiments/tools/verl-private/verl-project-verl-d040717/verl/workers/engine/__init__.py:32: UserWarning: torchtitan engine is not available: ModuleNotFoundError("No module named 'torchtitan'")
[36m(WorkerDict pid=3253237)[0m   warnings.warn(f"torchtitan engine is not available: {e!r}", stacklevel=1)
[36m(WorkerDict pid=3253237)[0m /home/ubuntu/ai-infra-book-experiments/tools/verl-private/verl-project-verl-d040717/verl/workers/engine/__init__.py:41: UserWarning: veomni engine is not available: ModuleNotFoundError("No module named 'veomni'")
[36m(WorkerDict pid=3253237)[0m   warnings.warn(f"veomni engine is not available: {e!r}", stacklevel=1)
[36m(WorkerDict pid=3253237)[0m /home/ubuntu/ai-infra-book-experiments/tools/verl-private/verl-project-verl-d040717/verl/workers/engine/__init__.py:50: UserWarning: automodel engine is not available: ModuleNotFoundError("No module named 'nemo_automodel'")
[36m(WorkerDict pid=3253237)[0m   warnings.warn(f"automodel engine is not available: {e!r}", stacklevel=1)
[36m(WorkerDict pid=3253237)[0m /home/ubuntu/ai-infra-book-experiments/tools/verl-private/verl-project-verl-d040717/verl/workers/engine/__init__.py:60: UserWarning: mindspeed engine is not available: ModuleNotFoundError("No module named 'megatron'")
[36m(WorkerDict pid=3253237)[0m   warnings.warn(f"mindspeed engine is not available: {e!r}", stacklevel=1)
[36m(WorkerDict pid=3253237)[0m /home/ubuntu/ai-infra-book-experiments/tools/verl-private/verl-project-verl-d040717/verl/workers/engine/__init__.py:69: UserWarning: megatron engine is not available: ModuleNotFoundError("No module named 'megatron'")
[36m(WorkerDict pid=3253237)[0m   warnings.warn(f"megatron engine is not available: {e!r}", stacklevel=1)
[36m(WorkerDict pid=3253237)[0m Loading weights:   0%|          | 0/290 [00:00<?, ?it/s]
[36m(WorkerDict pid=3253237)[0m Loading weights:  96%|█████████▌| 279/290 [00:00<00:00, 2745.10it/s]Loading weights: 100%|██████████| 290/290 [00:00<00:00, 2812.92it/s]
[36m(WorkerDict pid=3253237)[0m Monkey patch state_dict in AutoModelForCausalLMWithValueHead. 
[36m(WorkerDict pid=3253237)[0m Skipping monkey patch for Qwen2ForCausalLM as use_fused_kernels is False or fused_kernels_backend is torch
[36m(WorkerDict pid=3253237)[0m Qwen2ForCausalLM contains 494.03M parameters
[36m(WorkerDict pid=3253237)[0m Before FSDP, memory allocated (GB): 0.00, memory reserved (GB): 0.00, device memory used/total (GB): 60.07/94.97
[36m(WorkerDict pid=3253237)[0m NCCL version 2.28.9+cuda13.0
[36m(WorkerDict pid=3253237)[0m /home/ubuntu/ai-infra-book-experiments/tools/verl-private/verl-project-verl-d040717/.venv/lib/python3.12/site-packages/torch/distributed/fsdp/fully_sharded_data_parallel.py:478: UserWarning: FSDP is switching to use `NO_SHARD` instead of ShardingStrategy.FULL_SHARD since the world size is 1.
[36m(WorkerDict pid=3253237)[0m   _init_core_state(
[36m(WorkerDict pid=3253237)[0m After FSDP, memory allocated (GB): 1.84, memory reserved (GB): 2.45, device memory used/total (GB): 63.17/94.97
[36m(WorkerDict pid=3253237)[0m Total steps: 2, num_warmup_steps: 0
[36m(WorkerDict pid=3253237)[0m /home/ubuntu/ai-infra-book-experiments/tools/verl-private/verl-project-verl-d040717/verl/workers/engine/fsdp/transformer_impl.py:477: FutureWarning: FSDP.state_dict_type() and FSDP.set_state_dict_type() are being deprecated. Please use APIs, get_state_dict() and set_state_dict(), which can support different parallelisms, FSDP1, FSDP2, DDP. API doc: https://pytorch.org/docs/stable/distributed.checkpoint.html#torch.distributed.checkpoint.state_dict.get_state_dict .Tutorial: https://pytorch.org/tutorials/recipes/distributed_checkpoint_recipe.html .
[36m(WorkerDict pid=3253237)[0m   FSDP.set_state_dict_type(
[36m(TaskRunner pid=3252623)[0m W0909 05:15:59.773000 3252623 verl-project-verl-d040717/.venv/lib/python3.12/site-packages/torch/utils/cpp_extension.py:140] No CUDA runtime is found, using CUDA_HOME='/home/ubuntu/ai-infra-book-experiments/tools/flashinfer-cuda130/nvidia/cu13'
[33m(raylet)[0m [2026-09-09 05:16:01,616 E 3252022 3252046] (raylet) file_system_monitor.cc:116: /home/ubuntu/ai-infra-book-experiments/tools/verl-private/r/control is over 95% full, available space: 74.3142 GB; capacity: 3752.16 GB. Object creation will fail if spilling is required.
[36m(vLLMHttpServer pid=3256272)[0m ['serve',
[36m(vLLMHttpServer pid=3256272)[0m  '/home/ubuntu/ai-infra-book-experiments/tools/verl-private/model',
[36m(vLLMHttpServer pid=3256272)[0m  '--dtype',
[36m(vLLMHttpServer pid=3256272)[0m  'bfloat16',
[36m(vLLMHttpServer pid=3256272)[0m  '--load_format',
[36m(vLLMHttpServer pid=3256272)[0m  'safetensors',
[36m(vLLMHttpServer pid=3256272)[0m  '--distributed_executor_backend',
[36m(vLLMHttpServer pid=3256272)[0m  'mp',
[36m(vLLMHttpServer pid=3256272)[0m  '--worker_extension_cls',
[36m(vLLMHttpServer pid=3256272)[0m  'verl.workers.rollout.vllm_rollout.utils.vLLMColocateWorkerExtension',
[36m(vLLMHttpServer pid=3256272)[0m  '--max_model_len',
[36m(vLLMHttpServer pid=3256272)[0m  '144',
[36m(vLLMHttpServer pid=3256272)[0m  '--max_num_seqs',
[36m(vLLMHttpServer pid=3256272)[0m  '8',
[36m(vLLMHttpServer pid=3256272)[0m  '--enable_chunked_prefill',
[36m(vLLMHttpServer pid=3256272)[0m  '--max_num_batched_tokens',
[36m(vLLMHttpServer pid=3256272)[0m  '144',
[36m(vLLMHttpServer pid=3256272)[0m  '--enable_prefix_caching',
[36m(vLLMHttpServer pid=3256272)[0m  '--enable_sleep_mode',
[36m(vLLMHttpServer pid=3256272)[0m  '--logprobs_mode',
[36m(vLLMHttpServer pid=3256272)[0m  'processed_logprobs',
[36m(vLLMHttpServer pid=3256272)[0m  '--enforce_eager',
[36m(vLLMHttpServer pid=3256272)[0m  '--gpu_memory_utilization',
[36m(vLLMHttpServer pid=3256272)[0m  '0.035',
[36m(vLLMHttpServer pid=3256272)[0m  '--disable_log_stats',
[36m(vLLMHttpServer pid=3256272)[0m  '--tensor_parallel_size',
[36m(vLLMHttpServer pid=3256272)[0m  '1',
[36m(vLLMHttpServer pid=3256272)[0m  '--seed',
[36m(vLLMHttpServer pid=3256272)[0m  '42',
[36m(vLLMHttpServer pid=3256272)[0m  '--override_generation_config',
[36m(vLLMHttpServer pid=3256272)[0m  '{"temperature": 1.0, "top_k": -1, "top_p": 1.0, "repetition_penalty": 1.0, '
[36m(vLLMHttpServer pid=3256272)[0m  '"max_new_tokens": 16}',
[36m(vLLMHttpServer pid=3256272)[0m  '--hf_overrides',
[36m(vLLMHttpServer pid=3256272)[0m  '{}',
[36m(vLLMHttpServer pid=3256272)[0m  '--scheduling_policy',
[36m(vLLMHttpServer pid=3256272)[0m  'fcfs',
[36m(vLLMHttpServer pid=3256272)[0m  '--compilation_config',
[36m(vLLMHttpServer pid=3256272)[0m  '{"cudagraph_mode": "FULL_AND_PIECEWISE"}']
[36m(vLLMHttpServer pid=3256272)[0m WARNING 09-09 05:16:06 [vllm.py:1062] Enforce eager set, disabling torch.compile and CUDAGraphs. This is equivalent to setting -cc.mode=none -cc.cudagraph_mode=none
[36m(vLLMHttpServer pid=3256272)[0m WARNING 09-09 05:16:06 [vllm.py:1110] Inductor compilation was disabled by user settings, optimizations settings that are only active during inductor compilation will be ignored.
[36m(vLLMHttpServer pid=3256272)[0m WARNING 09-09 05:16:07 [system_utils.py:157] We must use the `spawn` multiprocessing start method. Overriding VLLM_WORKER_MULTIPROC_METHOD to 'spawn'. See https://docs.vllm.ai/en/latest/usage/troubleshooting.html#python-multiprocessing for more information. Reasons: In a Ray actor and can only be spawned; CUDA is initialized
[33m(raylet)[0m [2026-09-09 05:16:11,626 E 3252022 3252046] (raylet) file_system_monitor.cc:116: /home/ubuntu/ai-infra-book-experiments/tools/verl-private/r/control is over 95% full, available space: 74.2885 GB; capacity: 3752.16 GB. Object creation will fail if spilling is required.
[36m(vLLMHttpServer pid=3256272)[0m (Worker pid=3257683) Loading safetensors checkpoint shards:   0% Completed | 0/1 [00:00<?, ?it/s]
[36m(vLLMHttpServer pid=3256272)[0m (Worker pid=3257683) Loading safetensors checkpoint shards: 100% Completed | 1/1 [00:00<00:00,  7.87it/s]
[36m(vLLMHttpServer pid=3256272)[0m (Worker pid=3257683) Loading safetensors checkpoint shards: 100% Completed | 1/1 [00:00<00:00,  7.86it/s]
[36m(vLLMHttpServer pid=3256272)[0m (Worker pid=3257683) 
[36m(vLLMHttpServer pid=3256272)[0m (Worker pid=3257683) 2026-09-09 05:16:17,787 - INFO - autotuner.py:622 - flashinfer.jit: [Autotuner]: Autotuning process starts ...
[36m(vLLMHttpServer pid=3256272)[0m (Worker pid=3257683) 2026-09-09 05:16:17,797 - INFO - autotuner.py:641 - flashinfer.jit: [Autotuner]: Autotuning process ends
[36m(vLLMHttpServer pid=3256272)[0m (EngineCore pid=3257493) WARNING 09-09 05:16:18 [vllm.py:1062] Enforce eager set, disabling torch.compile and CUDAGraphs. This is equivalent to setting -cc.mode=none -cc.cudagraph_mode=none
[36m(vLLMHttpServer pid=3256272)[0m (EngineCore pid=3257493) WARNING 09-09 05:16:18 [vllm.py:1110] Inductor compilation was disabled by user settings, optimizations settings that are only active during inductor compilation will be ignored.
[36m(vLLMHttpServer pid=3256272)[0m WARNING 09-09 05:16:18 [api_router.py:30] LoRA dynamic loading & unloading is enabled in the API server. This should ONLY be used for local development!
[36m(vLLMHttpServer pid=3256272)[0m WARNING 09-09 05:16:18 [model.py:1477] Default vLLM sampling parameters have been overridden by the model's `generation_config.json`: `{'repetition_penalty': 1.0, 'temperature': 1.0, 'top_k': -1, 'top_p': 1.0, 'max_tokens': 16}`. If this is not intended, please relaunch vLLM instance with `--generation-config vllm`.
[36m(TaskRunner pid=3252623)[0m LLMServerManager: ['155.103.252.95:45823']
[36m(WorkerDict pid=3253237)[0m /home/ubuntu/ai-infra-book-experiments/tools/verl-private/verl-project-verl-d040717/verl/plugin/platform/platform_cuda.py:99: FutureWarning: torch.cuda._set_allocator_settings is deprecated. Use torch._C._accelerator_setAllocatorSettings instead.
[36m(WorkerDict pid=3253237)[0m   torch.cuda.memory._set_allocator_settings(settings)
[36m(WorkerDict pid=3253237)[0m /home/ubuntu/ai-infra-book-experiments/tools/verl-private/verl-project-verl-d040717/.venv/lib/python3.12/site-packages/torch/utils/_contextlib.py:124: UserWarning: When using ``NO_SHARD`` for ``ShardingStrategy``, full_state_dict will be returned.
[36m(WorkerDict pid=3253237)[0m   return func(*args, **kwargs)
[33m(raylet)[0m [2026-09-09 05:16:21,639 E 3252022 3252046] (raylet) file_system_monitor.cc:116: /home/ubuntu/ai-infra-book-experiments/tools/verl-private/r/control is over 95% full, available space: 74.2718 GB; capacity: 3752.16 GB. Object creation will fail if spilling is required.
[36m(TaskRunner pid=3252623)[0m Training Progress:   0%|          | 0/2 [00:00<?, ?it/s]
[36m(WorkerDict pid=3253237)[0m /home/ubuntu/ai-infra-book-experiments/tools/verl-private/verl-project-verl-d040717/verl/plugin/platform/platform_cuda.py:99: FutureWarning: torch.cuda._set_allocator_settings is deprecated. Use torch._C._accelerator_setAllocatorSettings instead.
[36m(WorkerDict pid=3253237)[0m   torch.cuda.memory._set_allocator_settings(settings)
[36m(AgentLoopWorker pid=3259567)[0m Using dataset class: RLHFDataset
[36m(AgentLoopWorker pid=3259567)[0m WARNING:2026-09-09 05:16:24,717:Platform 'nvidia' (PlatformCUDA) is registered but not available. This may be due to this ray actor being a CPU-only actor.
[36m(GlobalRequestLoadBalancer pid=3259564)[0m W0909 05:16:24.821000 3259564 verl-project-verl-d040717/.venv/lib/python3.12/site-packages/torch/utils/cpp_extension.py:140] No CUDA runtime is found, using CUDA_HOME='/home/ubuntu/ai-infra-book-experiments/tools/flashinfer-cuda130/nvidia/cu13'
[36m(AgentLoopWorker pid=3259567)[0m W0909 05:16:27.033000 3259567 verl-project-verl-d040717/.venv/lib/python3.12/site-packages/torch/utils/cpp_extension.py:140] No CUDA runtime is found, using CUDA_HOME='/home/ubuntu/ai-infra-book-experiments/tools/flashinfer-cuda130/nvidia/cu13'
[36m(vLLMHttpServer pid=3256272)[0m WARNING 09-09 05:16:27 [input_processor.py:282] Passing raw prompts to InputProcessor is deprecated and will be removed in v0.18. You should instead pass the outputs of Renderer.render_cmpl() or Renderer.render_chat().
[36m(vLLMHttpServer pid=3256272)[0m (Worker pid=3257683) WARNING 09-09 05:16:27 [jit_monitor.py:106] Triton kernel JIT compilation during inference: _compute_slot_mapping_kernel. This causes a latency spike; consider extending warmup to cover this shape/config.
[36m(RewardLoopWorker pid=3255575)[0m WARNING:2026-09-09 05:16:28,385:Platform 'nvidia' (PlatformCUDA) is registered but not available. This may be due to this ray actor being a CPU-only actor.
[36m(TaskRunner pid=3252623)[0m W0909 05:16:28.490000 3252623 verl-project-verl-d040717/.venv/lib/python3.12/site-packages/torch/fx/_symbolic_trace.py:53] is_fx_tracing will return true for both fx.symbolic_trace and torch.export. Please use is_fx_tracing_symbolic_tracing() for specifically fx.symbolic_trace or torch.compiler.is_compiling() for specifically torch.export/compile.
[36m(WorkerDict pid=3253237)[0m [rank0]:W0909 05:16:29.250000 3253237 verl-project-verl-d040717/.venv/lib/python3.12/site-packages/torch/fx/_symbolic_trace.py:53] is_fx_tracing will return true for both fx.symbolic_trace and torch.export. Please use is_fx_tracing_symbolic_tracing() for specifically fx.symbolic_trace or torch.compiler.is_compiling() for specifically torch.export/compile.
[33m(raylet)[0m [2026-09-09 05:16:31,653 E 3252022 3252046] (raylet) file_system_monitor.cc:116: /home/ubuntu/ai-infra-book-experiments/tools/verl-private/r/control is over 95% full, available space: 74.0887 GB; capacity: 3752.16 GB. Object creation will fail if spilling is required.
[36m(TaskRunner pid=3252623)[0m Dumped generations to /home/ubuntu/ai-infra-book-experiments/experiments/ch10/10-08/control/rollouts/1.jsonl
[36m(TaskRunner pid=3252623)[0m step:1 - global_seqlen/min:366 - global_seqlen/max:366 - global_seqlen/minmax_diff:0 - global_seqlen/balanced_min:366 - global_seqlen/balanced_max:366 - global_seqlen/mean:366.0 - actor/entropy:0.027091408148407936 - perf/mfu/actor_infer:0.0 - training/rollout_probs_diff_valid:1 - training/rollout_probs_diff_max:0.0017848610877990723 - training/rollout_probs_diff_mean:0.0003257781208958477 - training/rollout_probs_diff_std:0.0005538943805731833 - training/rollout_actor_probs_pearson_corr:0.988625168800354 - rollout_corr/training_ppl:1.0031012296676636 - rollout_corr/training_log_ppl:0.0030947525519877672 - rollout_corr/kl:0.00028896541334688663 - rollout_corr/k3_kl:2.0265579792067e-07 - rollout_corr/rollout_ppl:1.002780795097351 - rollout_corr/rollout_log_ppl:0.002775824861600995 - rollout_corr/log_ppl_diff:0.0003189279232174158 - rollout_corr/log_ppl_abs_diff:0.0003341044648550451 - rollout_corr/log_ppl_diff_max:0.0009308736771345139 - rollout_corr/log_ppl_diff_min:-5.6819524616003036e-05 - rollout_corr/ppl_ratio:1.000319004058838 - rollout_corr/chi2_token:-0.0005771517753601074 - rollout_corr/chi2_seq:-0.0014424920082092285 - actor/pg_clipfrac:np.float64(0.0) - actor/ppo_kl:np.float64(0.0) - actor/pg_clipfrac_lower:np.float64(0.0) - actor/pg_loss:np.float64(0.0) - actor/loss:np.float64(0.0) - actor/grad_norm:np.float64(1.6182572841644287) - actor/lr:np.float64(1e-05) - actor/perf/max_memory_allocated_gb:np.float64(9.220569610595703) - actor/perf/max_memory_reserved_gb:np.float64(10.095703125) - actor/perf/cpu_memory_used_gb:np.float64(86.46048736572266) - perf/mfu/actor:np.float64(0.0) - training/global_step:1 - training/epoch:0 - critic/score/mean:0.0 - critic/score/max:1.0 - critic/score/min:-1.0 - critic/rewards/mean:0.0 - critic/rewards/max:1.0 - critic/rewards/min:-1.0 - critic/advantages/mean:1.7881394143159923e-08 - critic/advantages/max:1.1937336921691895 - critic/advantages/min:-0.7958224415779114 - critic/returns/mean:-0.20000000298023224 - critic/returns/max:1.0 - critic/returns/min:-1.0 - response_length/mean:2.5 - response_length/max:3.0 - response_length/min:2.0 - response_length/clip_ratio:0.0 - response_length_non_aborted/mean:2.5 - response_length_non_aborted/max:3.0 - response_length_non_aborted/min:2.0 - response_length_non_aborted/clip_ratio:0.0 - response/aborted_ratio:0.0 - prompt_length/mean:43.25 - prompt_length/max:44.0 - prompt_length/min:43.0 - prompt_length/clip_ratio:0.0 - num_turns/min:np.int32(2) - num_turns/max:np.int32(2) - num_turns/mean:np.float64(2.0) - timing_s/start_profile:3.902497701346874e-05 - timing_s/agent_loop/num_preempted/min:np.int64(-1) - timing_s/agent_loop/num_preempted/max:np.int64(-1) - timing_s/agent_loop/num_preempted/mean:np.float64(-1.0) - timing_s/agent_loop/generate_sequences/min:np.float64(3.582451561000198) - timing_s/agent_loop/generate_sequences/max:np.float64(3.6136302570812404) - timing_s/agent_loop/generate_sequences/mean:np.float64(3.6043763190100435) - timing_s/agent_loop/tool_calls/min:np.float64(0.0) - timing_s/agent_loop/tool_calls/max:np.float64(0.0) - timing_s/agent_loop/tool_calls/mean:np.float64(0.0) - timing_s/agent_loop/compute_score/min:np.float64(0.08466028515249491) - timing_s/agent_loop/compute_score/max:np.float64(0.11811543209478259) - timing_s/agent_loop/compute_score/mean:np.float64(0.09572448040125892) - timing_s/agent_loop/slowest/generate_sequences:np.float64(3.6100227520801127) - timing_s/agent_loop/slowest/tool_calls:np.float64(0.0) - timing_s/agent_loop/slowest/compute_score:np.float64(0.09267893806099892) - timing_s/agent_loop/slowest/num_preempted:np.int64(-1) - timing_s/agent_loop/slowest/prompt_length:43 - timing_s/agent_loop/slowest/response_length:3 - timing_s/gen:5.9310124448966235 - timing_s/reward:6.887130439281464e-06 - timing_s/old_log_prob:0.9383412238676101 - timing_s/adv:0.0019387418869882822 - timing_s/update_actor:4.756381530081853 - timing_s/update_weights:1.902859728783369 - timing_s/dump_rollout_generations:0.0010379909072071314 - timing_s/step:13.536498109111562 - timing_s/stop_profile:4.2550964280962944e-05 - timing_per_token_ms/gen:296.5506222448312 - timing_per_token_ms/update_actor:12.995577951043314 - timing_per_token_ms/adv:0.0052971089808423015 - perf/total_num_tokens:366 - perf/time_per_step:13.536498109111562 - perf/throughput:27.038012124689875
[36m(TaskRunner pid=3252623)[0m Training Progress:  50%|█████     | 1/2 [00:13<00:13, 13.54s/it]
[33m(raylet)[0m [2026-09-09 05:16:41,659 E 3252022 3252046] (raylet) file_system_monitor.cc:116: /home/ubuntu/ai-infra-book-experiments/tools/verl-private/r/control is over 95% full, available space: 74.1214 GB; capacity: 3752.16 GB. Object creation will fail if spilling is required.
[36m(TaskRunner pid=3252623)[0m test_gen_batch meta info: {'eos_token_id': 151645, 'pad_token_id': 151643, 'recompute_log_prob': False, 'do_sample': True, 'validate': True, 'global_steps': 2}
[36m(TaskRunner pid=3252623)[0m Dumped generations to /home/ubuntu/ai-infra-book-experiments/experiments/ch10/10-08/control/rollouts/2.jsonl
[36m(TaskRunner pid=3252623)[0m validation generation end
[36m(TaskRunner pid=3252623)[0m Dumped generations to /home/ubuntu/ai-infra-book-experiments/experiments/ch10/10-08/control/validation/2.jsonl
[36m(TaskRunner pid=3252623)[0m step:2 - global_seqlen/min:366 - global_seqlen/max:366 - global_seqlen/minmax_diff:0 - global_seqlen/balanced_min:366 - global_seqlen/balanced_max:366 - global_seqlen/mean:366.0 - actor/entropy:0.0008533477666787803 - perf/mfu/actor_infer:0.0 - training/rollout_probs_diff_valid:1 - training/rollout_probs_diff_max:5.8770179748535156e-05 - training/rollout_probs_diff_mean:8.958578291640151e-06 - training/rollout_probs_diff_std:1.773949588823598e-05 - training/rollout_actor_probs_pearson_corr:0.9767971038818359 - rollout_corr/training_ppl:1.0000638961791992 - rollout_corr/training_log_ppl:6.397564720828086e-05 - rollout_corr/kl:4.536042069958057e-06 - rollout_corr/k3_kl:0.0 - rollout_corr/rollout_ppl:1.000059962272644 - rollout_corr/rollout_log_ppl:5.996202162350528e-05 - rollout_corr/log_ppl_diff:4.013630586996442e-06 - rollout_corr/log_ppl_abs_diff:4.211794930597534e-06 - rollout_corr/log_ppl_diff_max:1.3647746527567506e-05 - rollout_corr/log_ppl_diff_min:-3.963286872021854e-07 - rollout_corr/ppl_ratio:1.0000040531158447 - rollout_corr/chi2_token:-9.059906005859375e-06 - rollout_corr/chi2_seq:-2.2709369659423828e-05 - actor/pg_clipfrac:np.float64(0.0) - actor/ppo_kl:np.float64(0.0) - actor/pg_clipfrac_lower:np.float64(0.0) - actor/pg_loss:np.float64(0.0) - actor/loss:np.float64(0.0) - actor/grad_norm:np.float64(0.049960799515247345) - actor/lr:np.float64(1e-05) - actor/perf/max_memory_allocated_gb:np.float64(9.220569610595703) - actor/perf/max_memory_reserved_gb:np.float64(10.095703125) - actor/perf/cpu_memory_used_gb:np.float64(86.15790176391602) - perf/mfu/actor:np.float64(0.0) - val-aux/short_arithmetic/reward/mean@1:np.float64(0.0) - val-core/short_arithmetic/acc/mean@1:np.float64(0.0) - val-aux/num_turns/min:np.int32(2) - val-aux/num_turns/max:np.int32(2) - val-aux/num_turns/mean:np.float64(2.0) - training/global_step:2 - training/epoch:0 - critic/score/mean:0.0 - critic/score/max:1.0 - critic/score/min:-1.0 - critic/rewards/mean:0.0 - critic/rewards/max:1.0 - critic/rewards/min:-1.0 - critic/advantages/mean:1.7881394143159923e-08 - critic/advantages/max:1.1937336921691895 - critic/advantages/min:-0.7958224415779114 - critic/returns/mean:-0.20000000298023224 - critic/returns/max:1.0 - critic/returns/min:-1.0 - response_length/mean:2.5 - response_length/max:3.0 - response_length/min:2.0 - response_length/clip_ratio:0.0 - response_length_non_aborted/mean:2.5 - response_length_non_aborted/max:3.0 - response_length_non_aborted/min:2.0 - response_length_non_aborted/clip_ratio:0.0 - response/aborted_ratio:0.0 - prompt_length/mean:43.25 - prompt_length/max:44.0 - prompt_length/min:43.0 - prompt_length/clip_ratio:0.0 - num_turns/min:np.int32(2) - num_turns/max:np.int32(2) - num_turns/mean:np.float64(2.0) - timing_s/start_profile:3.3961841836571693e-05 - timing_s/agent_loop/num_preempted/min:np.int64(-1) - timing_s/agent_loop/num_preempted/max:np.int64(-1) - timing_s/agent_loop/num_preempted/mean:np.float64(-1.0) - timing_s/agent_loop/generate_sequences/min:np.float64(0.02219991898164153) - timing_s/agent_loop/generate_sequences/max:np.float64(0.0487787420861423) - timing_s/agent_loop/generate_sequences/mean:np.float64(0.04113727097865194) - timing_s/agent_loop/tool_calls/min:np.float64(0.0) - timing_s/agent_loop/tool_calls/max:np.float64(0.0) - timing_s/agent_loop/tool_calls/mean:np.float64(0.0) - timing_s/agent_loop/compute_score/min:np.float64(0.0038271541707217693) - timing_s/agent_loop/compute_score/max:np.float64(0.007986210053786635) - timing_s/agent_loop/compute_score/mean:np.float64(0.005492307769600302) - timing_s/agent_loop/slowest/generate_sequences:np.float64(0.04819606989622116) - timing_s/agent_loop/slowest/tool_calls:np.float64(0.0) - timing_s/agent_loop/slowest/compute_score:np.float64(0.004920403007417917) - timing_s/agent_loop/slowest/num_preempted:np.int64(-1) - timing_s/agent_loop/slowest/prompt_length:43 - timing_s/agent_loop/slowest/response_length:3 - timing_s/gen:0.10386788216419518 - timing_s/reward:7.244059816002846e-06 - timing_s/old_log_prob:0.20967653300613165 - timing_s/adv:0.0012035388499498367 - timing_s/update_actor:4.017436823807657 - timing_s/update_weights:1.8284877759870142 - timing_s/dump_rollout_generations:0.0007795798592269421 - timing_s/step:6.163923377869651 - timing_s/testing:0.07063113991171122 - timing_s/stop_profile:5.830894224345684e-05 - timing_per_token_ms/gen:5.193394108209759 - timing_per_token_ms/update_actor:10.976603343736768 - timing_per_token_ms/adv:0.003288357513524144 - perf/total_num_tokens:366 - perf/time_per_step:6.163923377869651 - perf/throughput:59.37776600436837
[36m(TaskRunner pid=3252623)[0m ("Final validation metrics: {'val-aux/short_arithmetic/reward/mean@1': "
[36m(TaskRunner pid=3252623)[0m  "np.float64(0.0), 'val-core/short_arithmetic/acc/mean@1': np.float64(0.0), "
[36m(TaskRunner pid=3252623)[0m  "'val-aux/num_turns/min': np.int32(2), 'val-aux/num_turns/max': np.int32(2), "
[36m(TaskRunner pid=3252623)[0m  "'val-aux/num_turns/mean': np.float64(2.0)}")
[36m(TaskRunner pid=3252623)[0m Training Progress: 100%|██████████| 2/2 [00:19<00:00,  9.24s/it]Training Progress: 100%|██████████| 2/2 [00:19<00:00,  9.89s/it]
