[32;20m[2026-09-09 08:35:19,639] LMCache INFO:[0m  torch_dev=<module 'torch.cuda' from '/home/ubuntu/vllm023-venv/lib/python3.10/site-packages/torch/cuda/__init__.py'>, torch_device_type=cuda [3m(__init__.py:62:lmcache)[0m
[32;20m[2026-09-09 08:35:19,698] LMCache INFO:[0m Skipping backend lmcache.xpu_ops: predicate returned False [3m(__init__.py:94:lmcache)[0m
[32;20m[2026-09-09 08:35:19,699] LMCache INFO:[0m Using backend: lmcache.c_ops [3m(__init__.py:112:lmcache)[0m
[32;20m[2026-09-09 08:35:20,040] LMCache INFO:[0m multi_layer_block_kv_transfer mode: ptr [3m(base.py:94:lmcache.v1.multiprocess.transfer_context.base)[0m

 _     __  __    ____           _          
| |   |  \/  |  / ___|__ _  ___| |__   ___      LMCache v0.4.7 (g307439a1)
| |   | |\/| | | |   / _` |/ __| '_ \ / _ \     Website:  https://lmcache.ai/
| |___| |  | | | |__| (_| | (__| | | |  __/     Recipes:  https://docs.lmcache.ai/recipes
|_____|_|  |_|  \____\__,_|\___|_| |_|\___|     LinkedIn: https://www.linkedin.com/company/lmcache-lab
Set LMCACHE_DISABLE_BANNER=1 to hide this banner.

[32;20m[2026-09-09 08:35:20,173] LMCache INFO:[0m Discovered API module: cache_api [3m(router_discovery.py:53:lmcache.v1.utils.router_discovery)[0m
[32;20m[2026-09-09 08:35:20,173] LMCache INFO:[0m Discovered API module: env_api [3m(router_discovery.py:53:lmcache.v1.utils.router_discovery)[0m
[32;20m[2026-09-09 08:35:20,174] LMCache INFO:[0m Discovered API module: loglevel_api [3m(router_discovery.py:53:lmcache.v1.utils.router_discovery)[0m
[32;20m[2026-09-09 08:35:20,174] LMCache INFO:[0m Discovered API module: metrics_api [3m(router_discovery.py:53:lmcache.v1.utils.router_discovery)[0m
[32;20m[2026-09-09 08:35:20,176] LMCache INFO:[0m Discovered API module: periodic_thread_api [3m(router_discovery.py:53:lmcache.v1.utils.router_discovery)[0m
[32;20m[2026-09-09 08:35:20,176] LMCache INFO:[0m Discovered API module: run_script_api [3m(router_discovery.py:53:lmcache.v1.utils.router_discovery)[0m
[32;20m[2026-09-09 08:35:20,177] LMCache INFO:[0m Discovered API module: thread_api [3m(router_discovery.py:53:lmcache.v1.utils.router_discovery)[0m
[32;20m[2026-09-09 08:35:20,178] LMCache INFO:[0m Discovered API module: common_api [3m(router_discovery.py:53:lmcache.v1.utils.router_discovery)[0m
[32;20m[2026-09-09 08:35:20,179] LMCache INFO:[0m Discovered API module: conf_api [3m(router_discovery.py:53:lmcache.v1.utils.router_discovery)[0m
[32;20m[2026-09-09 08:35:20,179] LMCache INFO:[0m Discovered API module: healthcheck_api [3m(router_discovery.py:53:lmcache.v1.utils.router_discovery)[0m
[32;20m[2026-09-09 08:35:20,181] LMCache INFO:[0m Discovered API module: quota_api [3m(router_discovery.py:53:lmcache.v1.utils.router_discovery)[0m
[32;20m[2026-09-09 08:35:20,183] LMCache INFO:[0m Discovered API module: reconfigure_api [3m(router_discovery.py:53:lmcache.v1.utils.router_discovery)[0m
[32;20m[2026-09-09 08:35:20,184] LMCache INFO:[0m Discovered API module: root_api [3m(router_discovery.py:53:lmcache.v1.utils.router_discovery)[0m
[32;20m[2026-09-09 08:35:20,184] LMCache INFO:[0m Discovered API module: status_api [3m(router_discovery.py:53:lmcache.v1.utils.router_discovery)[0m
[32;20m[2026-09-09 08:35:20,184] LMCache INFO:[0m Discovered API module: version_api [3m(router_discovery.py:53:lmcache.v1.utils.router_discovery)[0m
[32;20m[2026-09-09 08:35:20,196] LMCache INFO:[0m Starting LMCache HTTP server on http://127.0.0.1:49495 [3m(http_server.py:230:lmcache.v1.multiprocess.http_server)[0m
INFO:     Started server process [1136550]
INFO:     Waiting for application startup.
[32;20m[2026-09-09 08:35:20,204] LMCache INFO:[0m Starting LMCache HTTP server... (accelerator available: True) [3m(http_server.py:68:lmcache.v1.multiprocess.http_server)[0m
[32;20m[2026-09-09 08:35:20,211] LMCache INFO:[0m OTel MeterProvider initialised with Prometheus fallback (standalone metrics HTTP server disabled; /metrics must be exposed by the caller), resource={'telemetry.sdk.language': 'python', 'telemetry.sdk.name': 'opentelemetry', 'telemetry.sdk.version': '1.40.0', 'service.instance.id': 'c0ddbf1e-f13f-43f5-9d15-532942bc6ad1', 'service.name': 'unknown_service'} [3m(otel_init.py:114:lmcache.v1.mp_observability.otel_init)[0m
[32;20m[2026-09-09 08:35:20,212] LMCache INFO:[0m LookupHashLoggingSubscriber started: output_dir=/home/ubuntu/ai-infra-book-experiments/ch09/09-07/shared-kv/runs/formal-002/lookup-hashes, rotation_interval=21600s, rotation_max_size=104857600, max_files=100, existing_files=0 [3m(lookup_hash.py:113:lmcache.v1.mp_observability.subscribers.logging.lookup_hash)[0m
[32;20m[2026-09-09 08:35:21,586] LMCache INFO:[0m Starting L1EvictionController... [3m(eviction_controller.py:53:lmcache.v1.distributed.storage_controllers.eviction_controller)[0m
[32;20m[2026-09-09 08:35:21,586] LMCache INFO:[0m Starting L2EvictionController... [3m(eviction_controller.py:229:lmcache.v1.distributed.storage_controllers.eviction_controller)[0m
[32;20m[2026-09-09 08:35:21,586] LMCache INFO:[0m Starting StoreController... [3m(store_controller.py:274:lmcache.v1.distributed.storage_controllers.store_controller)[0m
[32;20m[2026-09-09 08:35:21,586] LMCache INFO:[0m Starting PrefetchController... [3m(prefetch_controller.py:457:lmcache.v1.distributed.storage_controllers.prefetch_controller)[0m
[32;20m[2026-09-09 08:35:21,587] LMCache INFO:[0m Using blake3 hash function [3m(token_hasher.py:79:lmcache.v1.multiprocess.token_hasher)[0m
[32;20m[2026-09-09 08:35:21,587] LMCache INFO:[0m Computed NONE_HASH=b"~>\xff\x9e\xf7a:P4\x0e\xb1&w\xee\x03\xb8:\xc7Y\xfc\xba\x9b\xb3'\x05\xf0rH\xd5mG;" using hash function [3m(token_hasher.py:180:lmcache.v1.multiprocess.token_hasher)[0m
[32;20m[2026-09-09 08:35:21,587] LMCache INFO:[0m TokenHasher initialized: chunk_size=256, hash_algorithm=blake3 [3m(token_hasher.py:67:lmcache.v1.multiprocess.token_hasher)[0m
[32;20m[2026-09-09 08:35:21,587] LMCache INFO:[0m Supported transfer mode: gpu [3m(server.py:184:lmcache.v1.multiprocess.server)[0m
[32;20m[2026-09-09 08:35:21,588] LMCache INFO:[0m LMCache ZMQ cache server is running on tcp://127.0.0.1:52651 [3m(server.py:320:lmcache.v1.multiprocess.server)[0m
[32;20m[2026-09-09 08:35:21,608] LMCache INFO:[0m LMCache cache server is running... [3m(server.py:335:lmcache.v1.multiprocess.server)[0m
[32;20m[2026-09-09 08:35:21,608] LMCache INFO:[0m LMCache HTTP server initialized [3m(http_server.py:159:lmcache.v1.multiprocess.http_server)[0m
INFO:     Application startup complete.
INFO:     Uvicorn running on http://127.0.0.1:49495 (Press CTRL+C to quit)
INFO:     127.0.0.1:47250 - "GET /healthcheck HTTP/1.1" 200 OK
[32;20m[2026-09-09 08:35:28,900] LMCache INFO:[0m list_depth: 1, tensor_dim: 5 [3m(utils.py:636:lmcache.v1.gpu_connector.utils)[0m
[32;20m[2026-09-09 08:35:28,900] LMCache INFO:[0m GPU KV Cache Dimensions: [36][910, 2, 16, 8, 128] [3m(utils.py:647:lmcache.v1.gpu_connector.utils)[0m
[32;20m[2026-09-09 08:35:28,900] LMCache INFO:[0m vLLM KV cache layout: NHD [3m(utils.py:668:lmcache.v1.gpu_connector.utils)[0m
[32;20m[2026-09-09 08:35:28,900] LMCache INFO:[0m GPU KV Format: NL x [NB, 2, BS, NH, HS] [3m(utils.py:498:lmcache.v1.gpu_connector.utils)[0m
[32;20m[2026-09-09 08:35:28,901] LMCache INFO:[0m Currently used by:
  - vLLM non-MLA flash infer [3m(utils.py:499:lmcache.v1.gpu_connector.utils)[0m
[32;20m[2026-09-09 08:35:28,901] LMCache INFO:[0m Group 0 first-layer tensor: layer_idx=0 shape=(910, 2, 16, 8, 128) stride=(32768, 16384, 1024, 128, 1) is_contiguous=True dtype=torch.bfloat16 device=cuda:0 storage_offset=0 numel=29818880 storage_nbytes=59637760 padding_per_block=0 [3m(utils.py:1415:lmcache.v1.gpu_connector.utils)[0m
[32;20m[2026-09-09 08:35:28,902] LMCache INFO:[0m KV layer groups: ---
KernelGroupInfo(layers=36, indices=0-35, shape_desc=(kv=2, nl=36, nb=910, bs=16, nh=8, hs=128, element_size=2, block_stride_elems=0), dtype=torch.bfloat16, tokens_per_block=16, slots_per_block=16, engine_group_idx=0, sw_size_tokens=-1)
--- [3m(kv_layer_groups.py:403:lmcache.v1.kv_layer_groups)[0m
[33;20m[2026-09-09 08:35:28,902] LMCache WARNING:[0m KVLayerGroupsManager.kv_layer_groups is deprecated: `kv_layer_groups` is an outdated alias for `kernel_groups` [3m(utils.py:733:lmcache.utils)[0m
[32;20m[2026-09-09 08:35:28,940] LMCache INFO:[0m Registered KV cache for GPU ID 1137644 with 36 layers [3m(gpu_transfer.py:563:lmcache.v1.multiprocess.modules.gpu_transfer)[0m
[32;20m[2026-09-09 08:35:28,940] LMCache INFO:[0m Initialized cuda stream on device cuda:0 [3m(gpu_context.py:424:lmcache.v1.multiprocess.gpu_context)[0m
[33;20m[2026-09-09 08:35:29,358] LMCache WARNING:[0m Session producer-warmup-a10639f2 not found, skipping touch [3m(lookup.py:430:lmcache.v1.multiprocess.modules.lookup)[0m
[32;20m[2026-09-09 08:35:36,454] LMCache INFO:[0m list_depth: 1, tensor_dim: 5 [3m(utils.py:636:lmcache.v1.gpu_connector.utils)[0m
[32;20m[2026-09-09 08:35:36,454] LMCache INFO:[0m GPU KV Cache Dimensions: [36][910, 2, 16, 8, 128] [3m(utils.py:647:lmcache.v1.gpu_connector.utils)[0m
[32;20m[2026-09-09 08:35:36,454] LMCache INFO:[0m vLLM KV cache layout: NHD [3m(utils.py:668:lmcache.v1.gpu_connector.utils)[0m
[32;20m[2026-09-09 08:35:36,454] LMCache INFO:[0m GPU KV Format: NL x [NB, 2, BS, NH, HS] [3m(utils.py:498:lmcache.v1.gpu_connector.utils)[0m
[32;20m[2026-09-09 08:35:36,454] LMCache INFO:[0m Currently used by:
  - vLLM non-MLA flash infer [3m(utils.py:499:lmcache.v1.gpu_connector.utils)[0m
[32;20m[2026-09-09 08:35:36,455] LMCache INFO:[0m Group 0 first-layer tensor: layer_idx=0 shape=(910, 2, 16, 8, 128) stride=(32768, 16384, 1024, 128, 1) is_contiguous=True dtype=torch.bfloat16 device=cuda:0 storage_offset=0 numel=29818880 storage_nbytes=59637760 padding_per_block=0 [3m(utils.py:1415:lmcache.v1.gpu_connector.utils)[0m
[32;20m[2026-09-09 08:35:36,455] LMCache INFO:[0m KV layer groups: ---
KernelGroupInfo(layers=36, indices=0-35, shape_desc=(kv=2, nl=36, nb=910, bs=16, nh=8, hs=128, element_size=2, block_stride_elems=0), dtype=torch.bfloat16, tokens_per_block=16, slots_per_block=16, engine_group_idx=0, sw_size_tokens=-1)
--- [3m(kv_layer_groups.py:403:lmcache.v1.kv_layer_groups)[0m
[32;20m[2026-09-09 08:35:36,456] LMCache INFO:[0m Registered KV cache for GPU ID 1137887 with 36 layers [3m(gpu_transfer.py:563:lmcache.v1.multiprocess.modules.gpu_transfer)[0m
[32;20m[2026-09-09 08:35:36,456] LMCache INFO:[0m Initialized cuda stream on device cuda:0 [3m(gpu_context.py:424:lmcache.v1.multiprocess.gpu_context)[0m
[33;20m[2026-09-09 08:35:36,907] LMCache WARNING:[0m Session consumer-warmup-82306e68 not found, skipping touch [3m(lookup.py:430:lmcache.v1.multiprocess.modules.lookup)[0m
[32;20m[2026-09-09 08:35:36,927] LMCache INFO:[0m Stored 256 tokens in 0.004 seconds [3m(gpu_transfer.py:790:lmcache.v1.multiprocess.modules.gpu_transfer)[0m
[32;20m[2026-09-09 08:35:36,940] LMCache INFO:[0m Stored 256 tokens in 0.001 seconds [3m(gpu_transfer.py:790:lmcache.v1.multiprocess.modules.gpu_transfer)[0m
[32;20m[2026-09-09 08:35:36,956] LMCache INFO:[0m Stored 256 tokens in 0.001 seconds [3m(gpu_transfer.py:790:lmcache.v1.multiprocess.modules.gpu_transfer)[0m
[32;20m[2026-09-09 08:35:36,973] LMCache INFO:[0m Stored 256 tokens in 0.001 seconds [3m(gpu_transfer.py:790:lmcache.v1.multiprocess.modules.gpu_transfer)[0m
[32;20m[2026-09-09 08:35:36,990] LMCache INFO:[0m Stored 256 tokens in 0.001 seconds [3m(gpu_transfer.py:790:lmcache.v1.multiprocess.modules.gpu_transfer)[0m
[32;20m[2026-09-09 08:35:37,008] LMCache INFO:[0m Stored 256 tokens in 0.001 seconds [3m(gpu_transfer.py:790:lmcache.v1.multiprocess.modules.gpu_transfer)[0m
[32;20m[2026-09-09 08:35:37,027] LMCache INFO:[0m Stored 256 tokens in 0.001 seconds [3m(gpu_transfer.py:790:lmcache.v1.multiprocess.modules.gpu_transfer)[0m
INFO:     127.0.0.1:38144 - "GET /metrics HTTP/1.1" 200 OK
[32;20m[2026-09-09 08:35:37,081] LMCache INFO:[0m Prefetch request completed (L1+L2): 7/7 retained keys (7 L1, 0 L2) in 0.3 ms (external_request_id=r0-n2048-a0-main-retrieve-a088fe44, prefetch_request_id=-1) [3m(storage_manager.py:636:lmcache.v1.distributed.storage_manager)[0m
[32;20m[2026-09-09 08:35:37,084] LMCache INFO:[0m Retrieved 1792 tokens in 0.001 seconds [3m(gpu_transfer.py:962:lmcache.v1.multiprocess.modules.gpu_transfer)[0m
INFO:     127.0.0.1:38150 - "GET /metrics HTTP/1.1" 200 OK
[32;20m[2026-09-09 08:35:37,144] LMCache INFO:[0m Prefetch request completed (L1+L2): 7/7 retained keys (7 L1, 0 L2) in 0.3 ms (external_request_id=r0-n2048-a0-main-resident-bf347f9c, prefetch_request_id=-1) [3m(storage_manager.py:636:lmcache.v1.distributed.storage_manager)[0m
INFO:     127.0.0.1:38166 - "GET /metrics HTTP/1.1" 200 OK
[32;20m[2026-09-09 08:35:37,201] LMCache INFO:[0m Stored 256 tokens in 0.001 seconds [3m(gpu_transfer.py:790:lmcache.v1.multiprocess.modules.gpu_transfer)[0m
[32;20m[2026-09-09 08:35:37,217] LMCache INFO:[0m Stored 256 tokens in 0.000 seconds [3m(gpu_transfer.py:790:lmcache.v1.multiprocess.modules.gpu_transfer)[0m
[32;20m[2026-09-09 08:35:37,234] LMCache INFO:[0m Stored 256 tokens in 0.000 seconds [3m(gpu_transfer.py:790:lmcache.v1.multiprocess.modules.gpu_transfer)[0m
[32;20m[2026-09-09 08:35:37,250] LMCache INFO:[0m Stored 256 tokens in 0.000 seconds [3m(gpu_transfer.py:790:lmcache.v1.multiprocess.modules.gpu_transfer)[0m
[32;20m[2026-09-09 08:35:37,268] LMCache INFO:[0m Stored 256 tokens in 0.000 seconds [3m(gpu_transfer.py:790:lmcache.v1.multiprocess.modules.gpu_transfer)[0m
[32;20m[2026-09-09 08:35:37,285] LMCache INFO:[0m Stored 256 tokens in 0.000 seconds [3m(gpu_transfer.py:790:lmcache.v1.multiprocess.modules.gpu_transfer)[0m
[32;20m[2026-09-09 08:35:37,303] LMCache INFO:[0m Stored 256 tokens in 0.000 seconds [3m(gpu_transfer.py:790:lmcache.v1.multiprocess.modules.gpu_transfer)[0m
INFO:     127.0.0.1:38176 - "GET /metrics HTTP/1.1" 200 OK
[32;20m[2026-09-09 08:35:37,372] LMCache INFO:[0m Stored 256 tokens in 0.001 seconds [3m(gpu_transfer.py:790:lmcache.v1.multiprocess.modules.gpu_transfer)[0m
[32;20m[2026-09-09 08:35:37,388] LMCache INFO:[0m Stored 256 tokens in 0.001 seconds [3m(gpu_transfer.py:790:lmcache.v1.multiprocess.modules.gpu_transfer)[0m
[32;20m[2026-09-09 08:35:37,405] LMCache INFO:[0m Stored 256 tokens in 0.000 seconds [3m(gpu_transfer.py:790:lmcache.v1.multiprocess.modules.gpu_transfer)[0m
[32;20m[2026-09-09 08:35:37,424] LMCache INFO:[0m Stored 256 tokens in 0.001 seconds [3m(gpu_transfer.py:790:lmcache.v1.multiprocess.modules.gpu_transfer)[0m
[32;20m[2026-09-09 08:35:37,440] LMCache INFO:[0m Stored 256 tokens in 0.001 seconds [3m(gpu_transfer.py:790:lmcache.v1.multiprocess.modules.gpu_transfer)[0m
[32;20m[2026-09-09 08:35:37,457] LMCache INFO:[0m Stored 256 tokens in 0.000 seconds [3m(gpu_transfer.py:790:lmcache.v1.multiprocess.modules.gpu_transfer)[0m
[32;20m[2026-09-09 08:35:37,475] LMCache INFO:[0m Stored 256 tokens in 0.000 seconds [3m(gpu_transfer.py:790:lmcache.v1.multiprocess.modules.gpu_transfer)[0m
INFO:     127.0.0.1:38190 - "GET /metrics HTTP/1.1" 200 OK
[32;20m[2026-09-09 08:35:37,546] LMCache INFO:[0m Prefetch request completed (L1+L2): 7/7 retained keys (7 L1, 0 L2) in 0.3 ms (external_request_id=r0-n2048-a1-main-retrieve-89582968, prefetch_request_id=-1) [3m(storage_manager.py:636:lmcache.v1.distributed.storage_manager)[0m
[32;20m[2026-09-09 08:35:37,548] LMCache INFO:[0m Retrieved 1792 tokens in 0.001 seconds [3m(gpu_transfer.py:962:lmcache.v1.multiprocess.modules.gpu_transfer)[0m
[32;20m[2026-09-09 08:35:37,605] LMCache INFO:[0m Stored 256 tokens in 0.001 seconds [3m(gpu_transfer.py:790:lmcache.v1.multiprocess.modules.gpu_transfer)[0m
INFO:     127.0.0.1:38198 - "GET /metrics HTTP/1.1" 200 OK
[32;20m[2026-09-09 08:35:37,623] LMCache INFO:[0m Prefetch request completed (L1+L2): 7/7 retained keys (7 L1, 0 L2) in 0.3 ms (external_request_id=r0-n2048-a1-main-resident-b5c19231, prefetch_request_id=-1) [3m(storage_manager.py:636:lmcache.v1.distributed.storage_manager)[0m
INFO:     127.0.0.1:38212 - "GET /metrics HTTP/1.1" 200 OK
[32;20m[2026-09-09 08:35:37,697] LMCache INFO:[0m Stored 256 tokens in 0.001 seconds [3m(gpu_transfer.py:790:lmcache.v1.multiprocess.modules.gpu_transfer)[0m
[32;20m[2026-09-09 08:35:37,714] LMCache INFO:[0m Stored 256 tokens in 0.001 seconds [3m(gpu_transfer.py:790:lmcache.v1.multiprocess.modules.gpu_transfer)[0m
[32;20m[2026-09-09 08:35:37,731] LMCache INFO:[0m Stored 256 tokens in 0.001 seconds [3m(gpu_transfer.py:790:lmcache.v1.multiprocess.modules.gpu_transfer)[0m
[32;20m[2026-09-09 08:35:37,749] LMCache INFO:[0m Stored 256 tokens in 0.001 seconds [3m(gpu_transfer.py:790:lmcache.v1.multiprocess.modules.gpu_transfer)[0m
[32;20m[2026-09-09 08:35:37,767] LMCache INFO:[0m Stored 256 tokens in 0.001 seconds [3m(gpu_transfer.py:790:lmcache.v1.multiprocess.modules.gpu_transfer)[0m
[32;20m[2026-09-09 08:35:37,798] LMCache INFO:[0m Stored 256 tokens in 0.001 seconds [3m(gpu_transfer.py:790:lmcache.v1.multiprocess.modules.gpu_transfer)[0m
[32;20m[2026-09-09 08:35:37,812] LMCache INFO:[0m Stored 256 tokens in 0.001 seconds [3m(gpu_transfer.py:790:lmcache.v1.multiprocess.modules.gpu_transfer)[0m
INFO:     127.0.0.1:38216 - "GET /metrics HTTP/1.1" 200 OK
[32;20m[2026-09-09 08:35:37,898] LMCache INFO:[0m Stored 256 tokens in 0.001 seconds [3m(gpu_transfer.py:790:lmcache.v1.multiprocess.modules.gpu_transfer)[0m
[32;20m[2026-09-09 08:35:37,915] LMCache INFO:[0m Stored 256 tokens in 0.001 seconds [3m(gpu_transfer.py:790:lmcache.v1.multiprocess.modules.gpu_transfer)[0m
[32;20m[2026-09-09 08:35:37,939] LMCache INFO:[0m Stored 256 tokens in 0.001 seconds [3m(gpu_transfer.py:790:lmcache.v1.multiprocess.modules.gpu_transfer)[0m
[32;20m[2026-09-09 08:35:37,954] LMCache INFO:[0m Stored 256 tokens in 0.001 seconds [3m(gpu_transfer.py:790:lmcache.v1.multiprocess.modules.gpu_transfer)[0m
[32;20m[2026-09-09 08:35:37,972] LMCache INFO:[0m Stored 256 tokens in 0.001 seconds [3m(gpu_transfer.py:790:lmcache.v1.multiprocess.modules.gpu_transfer)[0m
[32;20m[2026-09-09 08:35:37,991] LMCache INFO:[0m Stored 256 tokens in 0.001 seconds [3m(gpu_transfer.py:790:lmcache.v1.multiprocess.modules.gpu_transfer)[0m
[32;20m[2026-09-09 08:35:38,010] LMCache INFO:[0m Stored 256 tokens in 0.001 seconds [3m(gpu_transfer.py:790:lmcache.v1.multiprocess.modules.gpu_transfer)[0m
[32;20m[2026-09-09 08:35:38,029] LMCache INFO:[0m Stored 256 tokens in 0.001 seconds [3m(gpu_transfer.py:790:lmcache.v1.multiprocess.modules.gpu_transfer)[0m
[32;20m[2026-09-09 08:35:38,049] LMCache INFO:[0m Stored 256 tokens in 0.001 seconds [3m(gpu_transfer.py:790:lmcache.v1.multiprocess.modules.gpu_transfer)[0m
[32;20m[2026-09-09 08:35:38,069] LMCache INFO:[0m Stored 256 tokens in 0.001 seconds [3m(gpu_transfer.py:790:lmcache.v1.multiprocess.modules.gpu_transfer)[0m
[32;20m[2026-09-09 08:35:38,090] LMCache INFO:[0m Stored 256 tokens in 0.001 seconds [3m(gpu_transfer.py:790:lmcache.v1.multiprocess.modules.gpu_transfer)[0m
[32;20m[2026-09-09 08:35:38,112] LMCache INFO:[0m Stored 256 tokens in 0.001 seconds [3m(gpu_transfer.py:790:lmcache.v1.multiprocess.modules.gpu_transfer)[0m
[32;20m[2026-09-09 08:35:38,136] LMCache INFO:[0m Stored 256 tokens in 0.002 seconds [3m(gpu_transfer.py:790:lmcache.v1.multiprocess.modules.gpu_transfer)[0m
[32;20m[2026-09-09 08:35:38,162] LMCache INFO:[0m Stored 256 tokens in 0.001 seconds [3m(gpu_transfer.py:790:lmcache.v1.multiprocess.modules.gpu_transfer)[0m
[32;20m[2026-09-09 08:35:38,182] LMCache INFO:[0m Stored 256 tokens in 0.001 seconds [3m(gpu_transfer.py:790:lmcache.v1.multiprocess.modules.gpu_transfer)[0m
[32;20m[2026-09-09 08:35:38,204] LMCache INFO:[0m Stored 256 tokens in 0.001 seconds [3m(gpu_transfer.py:790:lmcache.v1.multiprocess.modules.gpu_transfer)[0m
[32;20m[2026-09-09 08:35:38,228] LMCache INFO:[0m Stored 256 tokens in 0.001 seconds [3m(gpu_transfer.py:790:lmcache.v1.multiprocess.modules.gpu_transfer)[0m
[32;20m[2026-09-09 08:35:38,257] LMCache INFO:[0m Stored 256 tokens in 0.001 seconds [3m(gpu_transfer.py:790:lmcache.v1.multiprocess.modules.gpu_transfer)[0m
[32;20m[2026-09-09 08:35:38,277] LMCache INFO:[0m Stored 256 tokens in 0.001 seconds [3m(gpu_transfer.py:790:lmcache.v1.multiprocess.modules.gpu_transfer)[0m
[32;20m[2026-09-09 08:35:38,301] LMCache INFO:[0m Stored 256 tokens in 0.001 seconds [3m(gpu_transfer.py:790:lmcache.v1.multiprocess.modules.gpu_transfer)[0m
[32;20m[2026-09-09 08:35:38,326] LMCache INFO:[0m Stored 256 tokens in 0.001 seconds [3m(gpu_transfer.py:790:lmcache.v1.multiprocess.modules.gpu_transfer)[0m
[32;20m[2026-09-09 08:35:38,351] LMCache INFO:[0m Stored 256 tokens in 0.001 seconds [3m(gpu_transfer.py:790:lmcache.v1.multiprocess.modules.gpu_transfer)[0m
[32;20m[2026-09-09 08:35:38,377] LMCache INFO:[0m Stored 256 tokens in 0.001 seconds [3m(gpu_transfer.py:790:lmcache.v1.multiprocess.modules.gpu_transfer)[0m
[32;20m[2026-09-09 08:35:38,403] LMCache INFO:[0m Stored 256 tokens in 0.001 seconds [3m(gpu_transfer.py:790:lmcache.v1.multiprocess.modules.gpu_transfer)[0m
[32;20m[2026-09-09 08:35:38,429] LMCache INFO:[0m Stored 256 tokens in 0.001 seconds [3m(gpu_transfer.py:790:lmcache.v1.multiprocess.modules.gpu_transfer)[0m
[32;20m[2026-09-09 08:35:38,470] LMCache INFO:[0m Stored 256 tokens in 0.001 seconds [3m(gpu_transfer.py:790:lmcache.v1.multiprocess.modules.gpu_transfer)[0m
[32;20m[2026-09-09 08:35:38,495] LMCache INFO:[0m Stored 256 tokens in 0.001 seconds [3m(gpu_transfer.py:790:lmcache.v1.multiprocess.modules.gpu_transfer)[0m
[32;20m[2026-09-09 08:35:38,510] LMCache INFO:[0m Stored 256 tokens in 0.001 seconds [3m(gpu_transfer.py:790:lmcache.v1.multiprocess.modules.gpu_transfer)[0m
[32;20m[2026-09-09 08:35:38,539] LMCache INFO:[0m Stored 256 tokens in 0.001 seconds [3m(gpu_transfer.py:790:lmcache.v1.multiprocess.modules.gpu_transfer)[0m
[32;20m[2026-09-09 08:35:38,567] LMCache INFO:[0m Stored 256 tokens in 0.001 seconds [3m(gpu_transfer.py:790:lmcache.v1.multiprocess.modules.gpu_transfer)[0m
[32;20m[2026-09-09 08:35:38,596] LMCache INFO:[0m Stored 256 tokens in 0.001 seconds [3m(gpu_transfer.py:790:lmcache.v1.multiprocess.modules.gpu_transfer)[0m
INFO:     127.0.0.1:38232 - "GET /metrics HTTP/1.1" 200 OK
[32;20m[2026-09-09 08:35:38,676] LMCache INFO:[0m Prefetch request completed (L1+L2): 31/31 retained keys (31 L1, 0 L2) in 0.4 ms (external_request_id=r0-n8192-a0-main-retrieve-92825ad2, prefetch_request_id=-1) [3m(storage_manager.py:636:lmcache.v1.distributed.storage_manager)[0m
[32;20m[2026-09-09 08:35:38,680] LMCache INFO:[0m Retrieved 7936 tokens in 0.001 seconds [3m(gpu_transfer.py:962:lmcache.v1.multiprocess.modules.gpu_transfer)[0m
INFO:     127.0.0.1:38238 - "GET /metrics HTTP/1.1" 200 OK
[32;20m[2026-09-09 08:35:38,780] LMCache INFO:[0m Prefetch request completed (L1+L2): 31/31 retained keys (31 L1, 0 L2) in 0.3 ms (external_request_id=r0-n8192-a0-main-resident-a637c397, prefetch_request_id=-1) [3m(storage_manager.py:636:lmcache.v1.distributed.storage_manager)[0m
INFO:     127.0.0.1:38244 - "GET /metrics HTTP/1.1" 200 OK
[32;20m[2026-09-09 08:35:38,851] LMCache INFO:[0m Stored 256 tokens in 0.001 seconds [3m(gpu_transfer.py:790:lmcache.v1.multiprocess.modules.gpu_transfer)[0m
[32;20m[2026-09-09 08:35:38,870] LMCache INFO:[0m Stored 256 tokens in 0.001 seconds [3m(gpu_transfer.py:790:lmcache.v1.multiprocess.modules.gpu_transfer)[0m
[32;20m[2026-09-09 08:35:38,887] LMCache INFO:[0m Stored 256 tokens in 0.001 seconds [3m(gpu_transfer.py:790:lmcache.v1.multiprocess.modules.gpu_transfer)[0m
[32;20m[2026-09-09 08:35:38,905] LMCache INFO:[0m Stored 256 tokens in 0.001 seconds [3m(gpu_transfer.py:790:lmcache.v1.multiprocess.modules.gpu_transfer)[0m
[32;20m[2026-09-09 08:35:38,923] LMCache INFO:[0m Stored 256 tokens in 0.001 seconds [3m(gpu_transfer.py:790:lmcache.v1.multiprocess.modules.gpu_transfer)[0m
[32;20m[2026-09-09 08:35:38,941] LMCache INFO:[0m Stored 256 tokens in 0.001 seconds [3m(gpu_transfer.py:790:lmcache.v1.multiprocess.modules.gpu_transfer)[0m
[32;20m[2026-09-09 08:35:38,960] LMCache INFO:[0m Stored 256 tokens in 0.001 seconds [3m(gpu_transfer.py:790:lmcache.v1.multiprocess.modules.gpu_transfer)[0m
[32;20m[2026-09-09 08:35:38,980] LMCache INFO:[0m Stored 256 tokens in 0.001 seconds [3m(gpu_transfer.py:790:lmcache.v1.multiprocess.modules.gpu_transfer)[0m
[32;20m[2026-09-09 08:35:39,000] LMCache INFO:[0m Stored 256 tokens in 0.001 seconds [3m(gpu_transfer.py:790:lmcache.v1.multiprocess.modules.gpu_transfer)[0m
[32;20m[2026-09-09 08:35:39,021] LMCache INFO:[0m Stored 256 tokens in 0.001 seconds [3m(gpu_transfer.py:790:lmcache.v1.multiprocess.modules.gpu_transfer)[0m
[32;20m[2026-09-09 08:35:39,041] LMCache INFO:[0m Stored 256 tokens in 0.001 seconds [3m(gpu_transfer.py:790:lmcache.v1.multiprocess.modules.gpu_transfer)[0m
[32;20m[2026-09-09 08:35:39,063] LMCache INFO:[0m Stored 256 tokens in 0.001 seconds [3m(gpu_transfer.py:790:lmcache.v1.multiprocess.modules.gpu_transfer)[0m
[32;20m[2026-09-09 08:35:39,084] LMCache INFO:[0m Stored 256 tokens in 0.001 seconds [3m(gpu_transfer.py:790:lmcache.v1.multiprocess.modules.gpu_transfer)[0m
[32;20m[2026-09-09 08:35:39,122] LMCache INFO:[0m Stored 256 tokens in 0.001 seconds [3m(gpu_transfer.py:790:lmcache.v1.multiprocess.modules.gpu_transfer)[0m
[32;20m[2026-09-09 08:35:39,151] LMCache INFO:[0m Stored 256 tokens in 0.001 seconds [3m(gpu_transfer.py:790:lmcache.v1.multiprocess.modules.gpu_transfer)[0m
[32;20m[2026-09-09 08:35:39,181] LMCache INFO:[0m Stored 256 tokens in 0.001 seconds [3m(gpu_transfer.py:790:lmcache.v1.multiprocess.modules.gpu_transfer)[0m
[32;20m[2026-09-09 08:35:39,205] LMCache INFO:[0m Stored 256 tokens in 0.001 seconds [3m(gpu_transfer.py:790:lmcache.v1.multiprocess.modules.gpu_transfer)[0m
[32;20m[2026-09-09 08:35:39,233] LMCache INFO:[0m Stored 256 tokens in 0.001 seconds [3m(gpu_transfer.py:790:lmcache.v1.multiprocess.modules.gpu_transfer)[0m
[32;20m[2026-09-09 08:35:39,255] LMCache INFO:[0m Stored 256 tokens in 0.001 seconds [3m(gpu_transfer.py:790:lmcache.v1.multiprocess.modules.gpu_transfer)[0m
[32;20m[2026-09-09 08:35:39,290] LMCache INFO:[0m Stored 256 tokens in 0.002 seconds [3m(gpu_transfer.py:790:lmcache.v1.multiprocess.modules.gpu_transfer)[0m
[32;20m[2026-09-09 08:35:39,323] LMCache INFO:[0m Stored 256 tokens in 0.001 seconds [3m(gpu_transfer.py:790:lmcache.v1.multiprocess.modules.gpu_transfer)[0m
[32;20m[2026-09-09 08:35:39,345] LMCache INFO:[0m Stored 256 tokens in 0.001 seconds [3m(gpu_transfer.py:790:lmcache.v1.multiprocess.modules.gpu_transfer)[0m
[32;20m[2026-09-09 08:35:39,371] LMCache INFO:[0m Stored 256 tokens in 0.001 seconds [3m(gpu_transfer.py:790:lmcache.v1.multiprocess.modules.gpu_transfer)[0m
[32;20m[2026-09-09 08:35:39,397] LMCache INFO:[0m Stored 256 tokens in 0.001 seconds [3m(gpu_transfer.py:790:lmcache.v1.multiprocess.modules.gpu_transfer)[0m
[32;20m[2026-09-09 08:35:39,427] LMCache INFO:[0m Stored 256 tokens in 0.001 seconds [3m(gpu_transfer.py:790:lmcache.v1.multiprocess.modules.gpu_transfer)[0m
[32;20m[2026-09-09 08:35:39,453] LMCache INFO:[0m Stored 256 tokens in 0.001 seconds [3m(gpu_transfer.py:790:lmcache.v1.multiprocess.modules.gpu_transfer)[0m
[32;20m[2026-09-09 08:35:39,497] LMCache INFO:[0m Stored 256 tokens in 0.002 seconds [3m(gpu_transfer.py:790:lmcache.v1.multiprocess.modules.gpu_transfer)[0m
[32;20m[2026-09-09 08:35:39,516] LMCache INFO:[0m Stored 256 tokens in 0.001 seconds [3m(gpu_transfer.py:790:lmcache.v1.multiprocess.modules.gpu_transfer)[0m
[32;20m[2026-09-09 08:35:39,545] LMCache INFO:[0m Stored 256 tokens in 0.001 seconds [3m(gpu_transfer.py:790:lmcache.v1.multiprocess.modules.gpu_transfer)[0m
[32;20m[2026-09-09 08:35:39,575] LMCache INFO:[0m Stored 256 tokens in 0.001 seconds [3m(gpu_transfer.py:790:lmcache.v1.multiprocess.modules.gpu_transfer)[0m
[32;20m[2026-09-09 08:35:39,608] LMCache INFO:[0m Stored 256 tokens in 0.001 seconds [3m(gpu_transfer.py:790:lmcache.v1.multiprocess.modules.gpu_transfer)[0m
INFO:     127.0.0.1:38254 - "GET /metrics HTTP/1.1" 200 OK
[32;20m[2026-09-09 08:35:39,759] LMCache INFO:[0m Stored 256 tokens in 0.001 seconds [3m(gpu_transfer.py:790:lmcache.v1.multiprocess.modules.gpu_transfer)[0m
[32;20m[2026-09-09 08:35:39,792] LMCache INFO:[0m Stored 256 tokens in 0.002 seconds [3m(gpu_transfer.py:790:lmcache.v1.multiprocess.modules.gpu_transfer)[0m
[32;20m[2026-09-09 08:35:39,824] LMCache INFO:[0m Stored 256 tokens in 0.001 seconds [3m(gpu_transfer.py:790:lmcache.v1.multiprocess.modules.gpu_transfer)[0m
[32;20m[2026-09-09 08:35:39,842] LMCache INFO:[0m Stored 256 tokens in 0.001 seconds [3m(gpu_transfer.py:790:lmcache.v1.multiprocess.modules.gpu_transfer)[0m
[32;20m[2026-09-09 08:35:39,861] LMCache INFO:[0m Stored 256 tokens in 0.001 seconds [3m(gpu_transfer.py:790:lmcache.v1.multiprocess.modules.gpu_transfer)[0m
[32;20m[2026-09-09 08:35:39,891] LMCache INFO:[0m Stored 256 tokens in 0.001 seconds [3m(gpu_transfer.py:790:lmcache.v1.multiprocess.modules.gpu_transfer)[0m
[32;20m[2026-09-09 08:35:39,925] LMCache INFO:[0m Stored 256 tokens in 0.001 seconds [3m(gpu_transfer.py:790:lmcache.v1.multiprocess.modules.gpu_transfer)[0m
[32;20m[2026-09-09 08:35:39,956] LMCache INFO:[0m Stored 256 tokens in 0.001 seconds [3m(gpu_transfer.py:790:lmcache.v1.multiprocess.modules.gpu_transfer)[0m
[32;20m[2026-09-09 08:35:39,993] LMCache INFO:[0m Stored 256 tokens in 0.001 seconds [3m(gpu_transfer.py:790:lmcache.v1.multiprocess.modules.gpu_transfer)[0m
[32;20m[2026-09-09 08:35:40,026] LMCache INFO:[0m Stored 256 tokens in 0.001 seconds [3m(gpu_transfer.py:790:lmcache.v1.multiprocess.modules.gpu_transfer)[0m
[32;20m[2026-09-09 08:35:40,057] LMCache INFO:[0m Stored 256 tokens in 0.001 seconds [3m(gpu_transfer.py:790:lmcache.v1.multiprocess.modules.gpu_transfer)[0m
[32;20m[2026-09-09 08:35:40,075] LMCache INFO:[0m Stored 256 tokens in 0.001 seconds [3m(gpu_transfer.py:790:lmcache.v1.multiprocess.modules.gpu_transfer)[0m
[32;20m[2026-09-09 08:35:40,102] LMCache INFO:[0m Stored 256 tokens in 0.001 seconds [3m(gpu_transfer.py:790:lmcache.v1.multiprocess.modules.gpu_transfer)[0m
[32;20m[2026-09-09 08:35:40,125] LMCache INFO:[0m Stored 256 tokens in 0.001 seconds [3m(gpu_transfer.py:790:lmcache.v1.multiprocess.modules.gpu_transfer)[0m
[32;20m[2026-09-09 08:35:40,163] LMCache INFO:[0m Stored 256 tokens in 0.001 seconds [3m(gpu_transfer.py:790:lmcache.v1.multiprocess.modules.gpu_transfer)[0m
[32;20m[2026-09-09 08:35:40,195] LMCache INFO:[0m Stored 256 tokens in 0.001 seconds [3m(gpu_transfer.py:790:lmcache.v1.multiprocess.modules.gpu_transfer)[0m
[32;20m[2026-09-09 08:35:40,226] LMCache INFO:[0m Stored 256 tokens in 0.001 seconds [3m(gpu_transfer.py:790:lmcache.v1.multiprocess.modules.gpu_transfer)[0m
[32;20m[2026-09-09 08:35:40,258] LMCache INFO:[0m Stored 256 tokens in 0.001 seconds [3m(gpu_transfer.py:790:lmcache.v1.multiprocess.modules.gpu_transfer)[0m
[32;20m[2026-09-09 08:35:40,292] LMCache INFO:[0m Stored 256 tokens in 0.001 seconds [3m(gpu_transfer.py:790:lmcache.v1.multiprocess.modules.gpu_transfer)[0m
[32;20m[2026-09-09 08:35:40,325] LMCache INFO:[0m Stored 256 tokens in 0.001 seconds [3m(gpu_transfer.py:790:lmcache.v1.multiprocess.modules.gpu_transfer)[0m
[32;20m[2026-09-09 08:35:40,356] LMCache INFO:[0m Stored 256 tokens in 0.002 seconds [3m(gpu_transfer.py:790:lmcache.v1.multiprocess.modules.gpu_transfer)[0m
[32;20m[2026-09-09 08:35:40,388] LMCache INFO:[0m Stored 256 tokens in 0.002 seconds [3m(gpu_transfer.py:790:lmcache.v1.multiprocess.modules.gpu_transfer)[0m
[33;20m[2026-09-09 08:35:40,414] LMCache WARNING:[0m Failed to batched allocate 1 memory blocks of size 37748736 because no enough memory is available (short by 1 blocks) [3m(memory_management.py:1378:lmcache.v1.memory_management)[0m
[33;20m[2026-09-09 08:35:40,430] LMCache WARNING:[0m Failed to batched allocate 1 memory blocks of size 37748736 because no enough memory is available (short by 1 blocks) [3m(memory_management.py:1378:lmcache.v1.memory_management)[0m
[33;20m[2026-09-09 08:35:40,472] LMCache WARNING:[0m Failed to batched allocate 1 memory blocks of size 37748736 because no enough memory is available (short by 1 blocks) [3m(memory_management.py:1378:lmcache.v1.memory_management)[0m
[33;20m[2026-09-09 08:35:40,503] LMCache WARNING:[0m Failed to batched allocate 1 memory blocks of size 37748736 because no enough memory is available (short by 1 blocks) [3m(memory_management.py:1378:lmcache.v1.memory_management)[0m
[33;20m[2026-09-09 08:35:40,534] LMCache WARNING:[0m Failed to batched allocate 1 memory blocks of size 37748736 because no enough memory is available (short by 1 blocks) [3m(memory_management.py:1378:lmcache.v1.memory_management)[0m
[33;20m[2026-09-09 08:35:40,548] LMCache WARNING:[0m Failed to batched allocate 1 memory blocks of size 37748736 because no enough memory is available (short by 1 blocks) [3m(memory_management.py:1378:lmcache.v1.memory_management)[0m
[33;20m[2026-09-09 08:35:40,578] LMCache WARNING:[0m Failed to batched allocate 1 memory blocks of size 37748736 because no enough memory is available (short by 1 blocks) [3m(memory_management.py:1378:lmcache.v1.memory_management)[0m
[32;20m[2026-09-09 08:35:40,605] LMCache INFO:[0m L1 memory usage 0.99 above watermark 0.80; triggering eviction. [3m(eviction_controller.py:162:lmcache.v1.distributed.storage_controllers.eviction_controller)[0m
[32;20m[2026-09-09 08:35:40,621] LMCache INFO:[0m Stored 256 tokens in 0.001 seconds [3m(gpu_transfer.py:790:lmcache.v1.multiprocess.modules.gpu_transfer)[0m
[32;20m[2026-09-09 08:35:40,652] LMCache INFO:[0m Stored 256 tokens in 0.001 seconds [3m(gpu_transfer.py:790:lmcache.v1.multiprocess.modules.gpu_transfer)[0m
INFO:     127.0.0.1:38270 - "GET /metrics HTTP/1.1" 200 OK
[32;20m[2026-09-09 08:35:40,743] LMCache INFO:[0m Prefetch request completed (L1+L2): 22/31 retained keys (22 L1, 0 L2) in 0.5 ms (external_request_id=r0-n8192-a1-main-retrieve-b5c4cee9, prefetch_request_id=-1) [3m(storage_manager.py:636:lmcache.v1.distributed.storage_manager)[0m
[32;20m[2026-09-09 08:35:40,747] LMCache INFO:[0m Retrieved 5632 tokens in 0.001 seconds [3m(gpu_transfer.py:962:lmcache.v1.multiprocess.modules.gpu_transfer)[0m
[32;20m[2026-09-09 08:35:40,792] LMCache INFO:[0m Stored 256 tokens in 0.001 seconds [3m(gpu_transfer.py:790:lmcache.v1.multiprocess.modules.gpu_transfer)[0m
[32;20m[2026-09-09 08:35:40,820] LMCache INFO:[0m Stored 256 tokens in 0.001 seconds [3m(gpu_transfer.py:790:lmcache.v1.multiprocess.modules.gpu_transfer)[0m
[32;20m[2026-09-09 08:35:40,861] LMCache INFO:[0m Stored 256 tokens in 0.001 seconds [3m(gpu_transfer.py:790:lmcache.v1.multiprocess.modules.gpu_transfer)[0m
[32;20m[2026-09-09 08:35:40,884] LMCache INFO:[0m Stored 256 tokens in 0.001 seconds [3m(gpu_transfer.py:790:lmcache.v1.multiprocess.modules.gpu_transfer)[0m
[32;20m[2026-09-09 08:35:40,923] LMCache INFO:[0m Stored 256 tokens in 0.002 seconds [3m(gpu_transfer.py:790:lmcache.v1.multiprocess.modules.gpu_transfer)[0m
[32;20m[2026-09-09 08:35:40,954] LMCache INFO:[0m Stored 256 tokens in 0.001 seconds [3m(gpu_transfer.py:790:lmcache.v1.multiprocess.modules.gpu_transfer)[0m
[32;20m[2026-09-09 08:35:40,969] LMCache INFO:[0m Stored 256 tokens in 0.001 seconds [3m(gpu_transfer.py:790:lmcache.v1.multiprocess.modules.gpu_transfer)[0m
INFO:     127.0.0.1:38274 - "GET /metrics HTTP/1.1" 200 OK
[32;20m[2026-09-09 08:35:41,120] LMCache INFO:[0m Prefetch request completed (L1+L2): 31/31 retained keys (31 L1, 0 L2) in 0.5 ms (external_request_id=r0-n8192-a1-main-resident-b883b6a7, prefetch_request_id=-1) [3m(storage_manager.py:636:lmcache.v1.distributed.storage_manager)[0m
INFO:     127.0.0.1:38284 - "GET /metrics HTTP/1.1" 200 OK
[32;20m[2026-09-09 08:35:41,211] LMCache INFO:[0m Stored 256 tokens in 0.001 seconds [3m(gpu_transfer.py:790:lmcache.v1.multiprocess.modules.gpu_transfer)[0m
[32;20m[2026-09-09 08:35:41,230] LMCache INFO:[0m Stored 256 tokens in 0.001 seconds [3m(gpu_transfer.py:790:lmcache.v1.multiprocess.modules.gpu_transfer)[0m
[32;20m[2026-09-09 08:35:41,247] LMCache INFO:[0m Stored 256 tokens in 0.001 seconds [3m(gpu_transfer.py:790:lmcache.v1.multiprocess.modules.gpu_transfer)[0m
[32;20m[2026-09-09 08:35:41,267] LMCache INFO:[0m Stored 256 tokens in 0.001 seconds [3m(gpu_transfer.py:790:lmcache.v1.multiprocess.modules.gpu_transfer)[0m
[32;20m[2026-09-09 08:35:41,284] LMCache INFO:[0m Stored 256 tokens in 0.001 seconds [3m(gpu_transfer.py:790:lmcache.v1.multiprocess.modules.gpu_transfer)[0m
[32;20m[2026-09-09 08:35:41,303] LMCache INFO:[0m Stored 256 tokens in 0.001 seconds [3m(gpu_transfer.py:790:lmcache.v1.multiprocess.modules.gpu_transfer)[0m
[32;20m[2026-09-09 08:35:41,322] LMCache INFO:[0m Stored 256 tokens in 0.001 seconds [3m(gpu_transfer.py:790:lmcache.v1.multiprocess.modules.gpu_transfer)[0m
[32;20m[2026-09-09 08:35:41,341] LMCache INFO:[0m Stored 256 tokens in 0.001 seconds [3m(gpu_transfer.py:790:lmcache.v1.multiprocess.modules.gpu_transfer)[0m
[32;20m[2026-09-09 08:35:41,361] LMCache INFO:[0m Stored 256 tokens in 0.001 seconds [3m(gpu_transfer.py:790:lmcache.v1.multiprocess.modules.gpu_transfer)[0m
[32;20m[2026-09-09 08:35:41,384] LMCache INFO:[0m Stored 256 tokens in 0.001 seconds [3m(gpu_transfer.py:790:lmcache.v1.multiprocess.modules.gpu_transfer)[0m
[32;20m[2026-09-09 08:35:41,404] LMCache INFO:[0m Stored 256 tokens in 0.001 seconds [3m(gpu_transfer.py:790:lmcache.v1.multiprocess.modules.gpu_transfer)[0m
[32;20m[2026-09-09 08:35:41,423] LMCache INFO:[0m Stored 256 tokens in 0.001 seconds [3m(gpu_transfer.py:790:lmcache.v1.multiprocess.modules.gpu_transfer)[0m
[32;20m[2026-09-09 08:35:41,446] LMCache INFO:[0m Stored 256 tokens in 0.001 seconds [3m(gpu_transfer.py:790:lmcache.v1.multiprocess.modules.gpu_transfer)[0m
[33;20m[2026-09-09 08:35:41,468] LMCache WARNING:[0m Failed to batched allocate 1 memory blocks of size 37748736 because no enough memory is available (short by 1 blocks) [3m(memory_management.py:1378:lmcache.v1.memory_management)[0m
[33;20m[2026-09-09 08:35:41,491] LMCache WARNING:[0m Failed to batched allocate 1 memory blocks of size 37748736 because no enough memory is available (short by 1 blocks) [3m(memory_management.py:1378:lmcache.v1.memory_management)[0m
[33;20m[2026-09-09 08:35:41,513] LMCache WARNING:[0m Failed to batched allocate 1 memory blocks of size 37748736 because no enough memory is available (short by 1 blocks) [3m(memory_management.py:1378:lmcache.v1.memory_management)[0m
[33;20m[2026-09-09 08:35:41,535] LMCache WARNING:[0m Failed to batched allocate 1 memory blocks of size 37748736 because no enough memory is available (short by 1 blocks) [3m(memory_management.py:1378:lmcache.v1.memory_management)[0m
[33;20m[2026-09-09 08:35:41,558] LMCache WARNING:[0m Failed to batched allocate 1 memory blocks of size 37748736 because no enough memory is available (short by 1 blocks) [3m(memory_management.py:1378:lmcache.v1.memory_management)[0m
[33;20m[2026-09-09 08:35:41,587] LMCache WARNING:[0m Failed to batched allocate 1 memory blocks of size 37748736 because no enough memory is available (short by 1 blocks) [3m(memory_management.py:1378:lmcache.v1.memory_management)[0m
[32;20m[2026-09-09 08:35:41,606] LMCache INFO:[0m L1 memory usage 0.99 above watermark 0.80; triggering eviction. [3m(eviction_controller.py:162:lmcache.v1.distributed.storage_controllers.eviction_controller)[0m
[32;20m[2026-09-09 08:35:41,612] LMCache INFO:[0m Stored 256 tokens in 0.001 seconds [3m(gpu_transfer.py:790:lmcache.v1.multiprocess.modules.gpu_transfer)[0m
[32;20m[2026-09-09 08:35:41,636] LMCache INFO:[0m Stored 256 tokens in 0.001 seconds [3m(gpu_transfer.py:790:lmcache.v1.multiprocess.modules.gpu_transfer)[0m
[32;20m[2026-09-09 08:35:41,660] LMCache INFO:[0m Stored 256 tokens in 0.001 seconds [3m(gpu_transfer.py:790:lmcache.v1.multiprocess.modules.gpu_transfer)[0m
[32;20m[2026-09-09 08:35:41,685] LMCache INFO:[0m Stored 256 tokens in 0.001 seconds [3m(gpu_transfer.py:790:lmcache.v1.multiprocess.modules.gpu_transfer)[0m
[32;20m[2026-09-09 08:35:41,711] LMCache INFO:[0m Stored 256 tokens in 0.001 seconds [3m(gpu_transfer.py:790:lmcache.v1.multiprocess.modules.gpu_transfer)[0m
[32;20m[2026-09-09 08:35:41,737] LMCache INFO:[0m Stored 256 tokens in 0.001 seconds [3m(gpu_transfer.py:790:lmcache.v1.multiprocess.modules.gpu_transfer)[0m
[32;20m[2026-09-09 08:35:41,765] LMCache INFO:[0m Stored 256 tokens in 0.001 seconds [3m(gpu_transfer.py:790:lmcache.v1.multiprocess.modules.gpu_transfer)[0m
[32;20m[2026-09-09 08:35:41,792] LMCache INFO:[0m Stored 256 tokens in 0.001 seconds [3m(gpu_transfer.py:790:lmcache.v1.multiprocess.modules.gpu_transfer)[0m
[32;20m[2026-09-09 08:35:41,820] LMCache INFO:[0m Stored 256 tokens in 0.001 seconds [3m(gpu_transfer.py:790:lmcache.v1.multiprocess.modules.gpu_transfer)[0m
[32;20m[2026-09-09 08:35:41,847] LMCache INFO:[0m Stored 256 tokens in 0.001 seconds [3m(gpu_transfer.py:790:lmcache.v1.multiprocess.modules.gpu_transfer)[0m
[32;20m[2026-09-09 08:35:41,876] LMCache INFO:[0m Stored 256 tokens in 0.001 seconds [3m(gpu_transfer.py:790:lmcache.v1.multiprocess.modules.gpu_transfer)[0m
[32;20m[2026-09-09 08:35:41,904] LMCache INFO:[0m Stored 256 tokens in 0.001 seconds [3m(gpu_transfer.py:790:lmcache.v1.multiprocess.modules.gpu_transfer)[0m
INFO:     127.0.0.1:38300 - "GET /metrics HTTP/1.1" 200 OK
[32;20m[2026-09-09 08:35:42,012] LMCache INFO:[0m Stored 256 tokens in 0.001 seconds [3m(gpu_transfer.py:790:lmcache.v1.multiprocess.modules.gpu_transfer)[0m
[32;20m[2026-09-09 08:35:42,029] LMCache INFO:[0m Stored 256 tokens in 0.001 seconds [3m(gpu_transfer.py:790:lmcache.v1.multiprocess.modules.gpu_transfer)[0m
[32;20m[2026-09-09 08:35:42,047] LMCache INFO:[0m Stored 256 tokens in 0.001 seconds [3m(gpu_transfer.py:790:lmcache.v1.multiprocess.modules.gpu_transfer)[0m
[32;20m[2026-09-09 08:35:42,079] LMCache INFO:[0m Stored 256 tokens in 0.001 seconds [3m(gpu_transfer.py:790:lmcache.v1.multiprocess.modules.gpu_transfer)[0m
[32;20m[2026-09-09 08:35:42,095] LMCache INFO:[0m Stored 256 tokens in 0.001 seconds [3m(gpu_transfer.py:790:lmcache.v1.multiprocess.modules.gpu_transfer)[0m
[32;20m[2026-09-09 08:35:42,112] LMCache INFO:[0m Stored 256 tokens in 0.001 seconds [3m(gpu_transfer.py:790:lmcache.v1.multiprocess.modules.gpu_transfer)[0m
[32;20m[2026-09-09 08:35:42,132] LMCache INFO:[0m Stored 256 tokens in 0.001 seconds [3m(gpu_transfer.py:790:lmcache.v1.multiprocess.modules.gpu_transfer)[0m
INFO:     127.0.0.1:38314 - "GET /metrics HTTP/1.1" 200 OK
[32;20m[2026-09-09 08:35:42,189] LMCache INFO:[0m Prefetch request completed (L1+L2): 7/7 retained keys (7 L1, 0 L2) in 0.4 ms (external_request_id=r1-n2048-a0-main-retrieve-a71d46ee, prefetch_request_id=-1) [3m(storage_manager.py:636:lmcache.v1.distributed.storage_manager)[0m
[32;20m[2026-09-09 08:35:42,191] LMCache INFO:[0m Retrieved 1792 tokens in 0.001 seconds [3m(gpu_transfer.py:962:lmcache.v1.multiprocess.modules.gpu_transfer)[0m
INFO:     127.0.0.1:38322 - "GET /metrics HTTP/1.1" 200 OK
[32;20m[2026-09-09 08:35:42,257] LMCache INFO:[0m Prefetch request completed (L1+L2): 7/7 retained keys (7 L1, 0 L2) in 0.4 ms (external_request_id=r1-n2048-a0-main-resident-be684e01, prefetch_request_id=-1) [3m(storage_manager.py:636:lmcache.v1.distributed.storage_manager)[0m
INFO:     127.0.0.1:38336 - "GET /metrics HTTP/1.1" 200 OK
[32;20m[2026-09-09 08:35:42,322] LMCache INFO:[0m Stored 256 tokens in 0.001 seconds [3m(gpu_transfer.py:790:lmcache.v1.multiprocess.modules.gpu_transfer)[0m
[32;20m[2026-09-09 08:35:42,339] LMCache INFO:[0m Stored 256 tokens in 0.001 seconds [3m(gpu_transfer.py:790:lmcache.v1.multiprocess.modules.gpu_transfer)[0m
[32;20m[2026-09-09 08:35:42,356] LMCache INFO:[0m Stored 256 tokens in 0.001 seconds [3m(gpu_transfer.py:790:lmcache.v1.multiprocess.modules.gpu_transfer)[0m
[33;20m[2026-09-09 08:35:42,377] LMCache WARNING:[0m Failed to batched allocate 1 memory blocks of size 37748736 because no enough memory is available (short by 1 blocks) [3m(memory_management.py:1378:lmcache.v1.memory_management)[0m
[33;20m[2026-09-09 08:35:42,393] LMCache WARNING:[0m Failed to batched allocate 1 memory blocks of size 37748736 because no enough memory is available (short by 1 blocks) [3m(memory_management.py:1378:lmcache.v1.memory_management)[0m
[33;20m[2026-09-09 08:35:42,412] LMCache WARNING:[0m Failed to batched allocate 1 memory blocks of size 37748736 because no enough memory is available (short by 1 blocks) [3m(memory_management.py:1378:lmcache.v1.memory_management)[0m
[33;20m[2026-09-09 08:35:42,431] LMCache WARNING:[0m Failed to batched allocate 1 memory blocks of size 37748736 because no enough memory is available (short by 1 blocks) [3m(memory_management.py:1378:lmcache.v1.memory_management)[0m
INFO:     127.0.0.1:38346 - "GET /metrics HTTP/1.1" 200 OK
[33;20m[2026-09-09 08:35:42,505] LMCache WARNING:[0m Failed to batched allocate 1 memory blocks of size 37748736 because no enough memory is available (short by 1 blocks) [3m(memory_management.py:1378:lmcache.v1.memory_management)[0m
[33;20m[2026-09-09 08:35:42,521] LMCache WARNING:[0m Failed to batched allocate 1 memory blocks of size 37748736 because no enough memory is available (short by 1 blocks) [3m(memory_management.py:1378:lmcache.v1.memory_management)[0m
[33;20m[2026-09-09 08:35:42,539] LMCache WARNING:[0m Failed to batched allocate 1 memory blocks of size 37748736 because no enough memory is available (short by 1 blocks) [3m(memory_management.py:1378:lmcache.v1.memory_management)[0m
[33;20m[2026-09-09 08:35:42,557] LMCache WARNING:[0m Failed to batched allocate 1 memory blocks of size 37748736 because no enough memory is available (short by 1 blocks) [3m(memory_management.py:1378:lmcache.v1.memory_management)[0m
[33;20m[2026-09-09 08:35:42,575] LMCache WARNING:[0m Failed to batched allocate 1 memory blocks of size 37748736 because no enough memory is available (short by 1 blocks) [3m(memory_management.py:1378:lmcache.v1.memory_management)[0m
[33;20m[2026-09-09 08:35:42,593] LMCache WARNING:[0m Failed to batched allocate 1 memory blocks of size 37748736 because no enough memory is available (short by 1 blocks) [3m(memory_management.py:1378:lmcache.v1.memory_management)[0m
[32;20m[2026-09-09 08:35:42,607] LMCache INFO:[0m L1 memory usage 0.99 above watermark 0.80; triggering eviction. [3m(eviction_controller.py:162:lmcache.v1.distributed.storage_controllers.eviction_controller)[0m
[32;20m[2026-09-09 08:35:42,612] LMCache INFO:[0m Stored 256 tokens in 0.001 seconds [3m(gpu_transfer.py:790:lmcache.v1.multiprocess.modules.gpu_transfer)[0m
INFO:     127.0.0.1:38360 - "GET /metrics HTTP/1.1" 200 OK
[32;20m[2026-09-09 08:35:42,703] LMCache INFO:[0m Stored 256 tokens in 0.001 seconds [3m(gpu_transfer.py:790:lmcache.v1.multiprocess.modules.gpu_transfer)[0m
[32;20m[2026-09-09 08:35:42,720] LMCache INFO:[0m Stored 256 tokens in 0.001 seconds [3m(gpu_transfer.py:790:lmcache.v1.multiprocess.modules.gpu_transfer)[0m
[32;20m[2026-09-09 08:35:42,737] LMCache INFO:[0m Stored 256 tokens in 0.001 seconds [3m(gpu_transfer.py:790:lmcache.v1.multiprocess.modules.gpu_transfer)[0m
[32;20m[2026-09-09 08:35:42,756] LMCache INFO:[0m Stored 256 tokens in 0.001 seconds [3m(gpu_transfer.py:790:lmcache.v1.multiprocess.modules.gpu_transfer)[0m
[32;20m[2026-09-09 08:35:42,774] LMCache INFO:[0m Stored 256 tokens in 0.001 seconds [3m(gpu_transfer.py:790:lmcache.v1.multiprocess.modules.gpu_transfer)[0m
[32;20m[2026-09-09 08:35:42,792] LMCache INFO:[0m Stored 256 tokens in 0.001 seconds [3m(gpu_transfer.py:790:lmcache.v1.multiprocess.modules.gpu_transfer)[0m
INFO:     127.0.0.1:38368 - "GET /metrics HTTP/1.1" 200 OK
[32;20m[2026-09-09 08:35:42,882] LMCache INFO:[0m Prefetch request completed (L1+L2): 7/7 retained keys (7 L1, 0 L2) in 0.3 ms (external_request_id=r1-n2048-a1-main-resident-b7780241, prefetch_request_id=-1) [3m(storage_manager.py:636:lmcache.v1.distributed.storage_manager)[0m
[32;20m[2026-09-09 08:35:42,926] LMCache INFO:[0m Stored 256 tokens in 0.001 seconds [3m(gpu_transfer.py:790:lmcache.v1.multiprocess.modules.gpu_transfer)[0m
INFO:     127.0.0.1:38382 - "GET /metrics HTTP/1.1" 200 OK
[32;20m[2026-09-09 08:35:42,960] LMCache INFO:[0m Stored 256 tokens in 0.001 seconds [3m(gpu_transfer.py:790:lmcache.v1.multiprocess.modules.gpu_transfer)[0m
[32;20m[2026-09-09 08:35:42,978] LMCache INFO:[0m Stored 256 tokens in 0.001 seconds [3m(gpu_transfer.py:790:lmcache.v1.multiprocess.modules.gpu_transfer)[0m
[32;20m[2026-09-09 08:35:42,996] LMCache INFO:[0m Stored 256 tokens in 0.001 seconds [3m(gpu_transfer.py:790:lmcache.v1.multiprocess.modules.gpu_transfer)[0m
[32;20m[2026-09-09 08:35:43,013] LMCache INFO:[0m Stored 256 tokens in 0.001 seconds [3m(gpu_transfer.py:790:lmcache.v1.multiprocess.modules.gpu_transfer)[0m
[32;20m[2026-09-09 08:35:43,031] LMCache INFO:[0m Stored 256 tokens in 0.001 seconds [3m(gpu_transfer.py:790:lmcache.v1.multiprocess.modules.gpu_transfer)[0m
[32;20m[2026-09-09 08:35:43,050] LMCache INFO:[0m Stored 256 tokens in 0.001 seconds [3m(gpu_transfer.py:790:lmcache.v1.multiprocess.modules.gpu_transfer)[0m
[32;20m[2026-09-09 08:35:43,069] LMCache INFO:[0m Stored 256 tokens in 0.001 seconds [3m(gpu_transfer.py:790:lmcache.v1.multiprocess.modules.gpu_transfer)[0m
INFO:     127.0.0.1:38386 - "GET /metrics HTTP/1.1" 200 OK
[32;20m[2026-09-09 08:35:43,156] LMCache INFO:[0m Stored 256 tokens in 0.001 seconds [3m(gpu_transfer.py:790:lmcache.v1.multiprocess.modules.gpu_transfer)[0m
[32;20m[2026-09-09 08:35:43,172] LMCache INFO:[0m Stored 256 tokens in 0.001 seconds [3m(gpu_transfer.py:790:lmcache.v1.multiprocess.modules.gpu_transfer)[0m
[32;20m[2026-09-09 08:35:43,190] LMCache INFO:[0m Stored 256 tokens in 0.001 seconds [3m(gpu_transfer.py:790:lmcache.v1.multiprocess.modules.gpu_transfer)[0m
[32;20m[2026-09-09 08:35:43,208] LMCache INFO:[0m Stored 256 tokens in 0.001 seconds [3m(gpu_transfer.py:790:lmcache.v1.multiprocess.modules.gpu_transfer)[0m
[32;20m[2026-09-09 08:35:43,227] LMCache INFO:[0m Stored 256 tokens in 0.001 seconds [3m(gpu_transfer.py:790:lmcache.v1.multiprocess.modules.gpu_transfer)[0m
[32;20m[2026-09-09 08:35:43,245] LMCache INFO:[0m Stored 256 tokens in 0.001 seconds [3m(gpu_transfer.py:790:lmcache.v1.multiprocess.modules.gpu_transfer)[0m
[32;20m[2026-09-09 08:35:43,264] LMCache INFO:[0m Stored 256 tokens in 0.001 seconds [3m(gpu_transfer.py:790:lmcache.v1.multiprocess.modules.gpu_transfer)[0m
[33;20m[2026-09-09 08:35:43,287] LMCache WARNING:[0m Failed to batched allocate 1 memory blocks of size 37748736 because no enough memory is available (short by 1 blocks) [3m(memory_management.py:1378:lmcache.v1.memory_management)[0m
[33;20m[2026-09-09 08:35:43,305] LMCache WARNING:[0m Failed to batched allocate 1 memory blocks of size 37748736 because no enough memory is available (short by 1 blocks) [3m(memory_management.py:1378:lmcache.v1.memory_management)[0m
[33;20m[2026-09-09 08:35:43,340] LMCache WARNING:[0m Failed to batched allocate 1 memory blocks of size 37748736 because no enough memory is available (short by 1 blocks) [3m(memory_management.py:1378:lmcache.v1.memory_management)[0m
[33;20m[2026-09-09 08:35:43,353] LMCache WARNING:[0m Failed to batched allocate 1 memory blocks of size 37748736 because no enough memory is available (short by 1 blocks) [3m(memory_management.py:1378:lmcache.v1.memory_management)[0m
[33;20m[2026-09-09 08:35:43,373] LMCache WARNING:[0m Failed to batched allocate 1 memory blocks of size 37748736 because no enough memory is available (short by 1 blocks) [3m(memory_management.py:1378:lmcache.v1.memory_management)[0m
[33;20m[2026-09-09 08:35:43,395] LMCache WARNING:[0m Failed to batched allocate 1 memory blocks of size 37748736 because no enough memory is available (short by 1 blocks) [3m(memory_management.py:1378:lmcache.v1.memory_management)[0m
[33;20m[2026-09-09 08:35:43,416] LMCache WARNING:[0m Failed to batched allocate 1 memory blocks of size 37748736 because no enough memory is available (short by 1 blocks) [3m(memory_management.py:1378:lmcache.v1.memory_management)[0m
[33;20m[2026-09-09 08:35:43,438] LMCache WARNING:[0m Failed to batched allocate 1 memory blocks of size 37748736 because no enough memory is available (short by 1 blocks) [3m(memory_management.py:1378:lmcache.v1.memory_management)[0m
[33;20m[2026-09-09 08:35:43,460] LMCache WARNING:[0m Failed to batched allocate 1 memory blocks of size 37748736 because no enough memory is available (short by 1 blocks) [3m(memory_management.py:1378:lmcache.v1.memory_management)[0m
[33;20m[2026-09-09 08:35:43,484] LMCache WARNING:[0m Failed to batched allocate 1 memory blocks of size 37748736 because no enough memory is available (short by 1 blocks) [3m(memory_management.py:1378:lmcache.v1.memory_management)[0m
[33;20m[2026-09-09 08:35:43,507] LMCache WARNING:[0m Failed to batched allocate 1 memory blocks of size 37748736 because no enough memory is available (short by 1 blocks) [3m(memory_management.py:1378:lmcache.v1.memory_management)[0m
[33;20m[2026-09-09 08:35:43,530] LMCache WARNING:[0m Failed to batched allocate 1 memory blocks of size 37748736 because no enough memory is available (short by 1 blocks) [3m(memory_management.py:1378:lmcache.v1.memory_management)[0m
[33;20m[2026-09-09 08:35:43,554] LMCache WARNING:[0m Failed to batched allocate 1 memory blocks of size 37748736 because no enough memory is available (short by 1 blocks) [3m(memory_management.py:1378:lmcache.v1.memory_management)[0m
[33;20m[2026-09-09 08:35:43,579] LMCache WARNING:[0m Failed to batched allocate 1 memory blocks of size 37748736 because no enough memory is available (short by 1 blocks) [3m(memory_management.py:1378:lmcache.v1.memory_management)[0m
[33;20m[2026-09-09 08:35:43,604] LMCache WARNING:[0m Failed to batched allocate 1 memory blocks of size 37748736 because no enough memory is available (short by 1 blocks) [3m(memory_management.py:1378:lmcache.v1.memory_management)[0m
[32;20m[2026-09-09 08:35:43,608] LMCache INFO:[0m L1 memory usage 0.99 above watermark 0.80; triggering eviction. [3m(eviction_controller.py:162:lmcache.v1.distributed.storage_controllers.eviction_controller)[0m
[32;20m[2026-09-09 08:35:43,629] LMCache INFO:[0m Stored 256 tokens in 0.001 seconds [3m(gpu_transfer.py:790:lmcache.v1.multiprocess.modules.gpu_transfer)[0m
[32;20m[2026-09-09 08:35:43,655] LMCache INFO:[0m Stored 256 tokens in 0.001 seconds [3m(gpu_transfer.py:790:lmcache.v1.multiprocess.modules.gpu_transfer)[0m
[32;20m[2026-09-09 08:35:43,681] LMCache INFO:[0m Stored 256 tokens in 0.001 seconds [3m(gpu_transfer.py:790:lmcache.v1.multiprocess.modules.gpu_transfer)[0m
[32;20m[2026-09-09 08:35:43,707] LMCache INFO:[0m Stored 256 tokens in 0.001 seconds [3m(gpu_transfer.py:790:lmcache.v1.multiprocess.modules.gpu_transfer)[0m
[32;20m[2026-09-09 08:35:43,734] LMCache INFO:[0m Stored 256 tokens in 0.001 seconds [3m(gpu_transfer.py:790:lmcache.v1.multiprocess.modules.gpu_transfer)[0m
[32;20m[2026-09-09 08:35:43,761] LMCache INFO:[0m Stored 256 tokens in 0.001 seconds [3m(gpu_transfer.py:790:lmcache.v1.multiprocess.modules.gpu_transfer)[0m
[32;20m[2026-09-09 08:35:43,789] LMCache INFO:[0m Stored 256 tokens in 0.001 seconds [3m(gpu_transfer.py:790:lmcache.v1.multiprocess.modules.gpu_transfer)[0m
[32;20m[2026-09-09 08:35:43,818] LMCache INFO:[0m Stored 256 tokens in 0.001 seconds [3m(gpu_transfer.py:790:lmcache.v1.multiprocess.modules.gpu_transfer)[0m
[32;20m[2026-09-09 08:35:43,853] LMCache INFO:[0m Stored 256 tokens in 0.001 seconds [3m(gpu_transfer.py:790:lmcache.v1.multiprocess.modules.gpu_transfer)[0m
INFO:     127.0.0.1:38398 - "GET /metrics HTTP/1.1" 200 OK
[32;20m[2026-09-09 08:35:43,950] LMCache INFO:[0m Prefetch request completed (L1+L2): 7/31 retained keys (7 L1, 0 L2) in 0.5 ms (external_request_id=r1-n8192-a0-main-retrieve-91c24df4, prefetch_request_id=-1) [3m(storage_manager.py:636:lmcache.v1.distributed.storage_manager)[0m
[32;20m[2026-09-09 08:35:43,954] LMCache INFO:[0m Retrieved 1792 tokens in 0.001 seconds [3m(gpu_transfer.py:962:lmcache.v1.multiprocess.modules.gpu_transfer)[0m
[32;20m[2026-09-09 08:35:43,978] LMCache INFO:[0m Stored 256 tokens in 0.001 seconds [3m(gpu_transfer.py:790:lmcache.v1.multiprocess.modules.gpu_transfer)[0m
[32;20m[2026-09-09 08:35:43,998] LMCache INFO:[0m Stored 256 tokens in 0.001 seconds [3m(gpu_transfer.py:790:lmcache.v1.multiprocess.modules.gpu_transfer)[0m
[32;20m[2026-09-09 08:35:44,022] LMCache INFO:[0m Stored 256 tokens in 0.001 seconds [3m(gpu_transfer.py:790:lmcache.v1.multiprocess.modules.gpu_transfer)[0m
[32;20m[2026-09-09 08:35:44,050] LMCache INFO:[0m Stored 256 tokens in 0.001 seconds [3m(gpu_transfer.py:790:lmcache.v1.multiprocess.modules.gpu_transfer)[0m
[32;20m[2026-09-09 08:35:44,076] LMCache INFO:[0m Stored 256 tokens in 0.001 seconds [3m(gpu_transfer.py:790:lmcache.v1.multiprocess.modules.gpu_transfer)[0m
[32;20m[2026-09-09 08:35:44,098] LMCache INFO:[0m Stored 256 tokens in 0.001 seconds [3m(gpu_transfer.py:790:lmcache.v1.multiprocess.modules.gpu_transfer)[0m
[32;20m[2026-09-09 08:35:44,123] LMCache INFO:[0m Stored 256 tokens in 0.001 seconds [3m(gpu_transfer.py:790:lmcache.v1.multiprocess.modules.gpu_transfer)[0m
[32;20m[2026-09-09 08:35:44,140] LMCache INFO:[0m Stored 256 tokens in 0.001 seconds [3m(gpu_transfer.py:790:lmcache.v1.multiprocess.modules.gpu_transfer)[0m
[32;20m[2026-09-09 08:35:44,170] LMCache INFO:[0m Stored 256 tokens in 0.001 seconds [3m(gpu_transfer.py:790:lmcache.v1.multiprocess.modules.gpu_transfer)[0m
[32;20m[2026-09-09 08:35:44,202] LMCache INFO:[0m Stored 256 tokens in 0.001 seconds [3m(gpu_transfer.py:790:lmcache.v1.multiprocess.modules.gpu_transfer)[0m
[32;20m[2026-09-09 08:35:44,222] LMCache INFO:[0m Stored 256 tokens in 0.001 seconds [3m(gpu_transfer.py:790:lmcache.v1.multiprocess.modules.gpu_transfer)[0m
[32;20m[2026-09-09 08:35:44,239] LMCache INFO:[0m Stored 256 tokens in 0.001 seconds [3m(gpu_transfer.py:790:lmcache.v1.multiprocess.modules.gpu_transfer)[0m
[32;20m[2026-09-09 08:35:44,262] LMCache INFO:[0m Stored 256 tokens in 0.001 seconds [3m(gpu_transfer.py:790:lmcache.v1.multiprocess.modules.gpu_transfer)[0m
[33;20m[2026-09-09 08:35:44,286] LMCache WARNING:[0m Failed to batched allocate 1 memory blocks of size 37748736 because no enough memory is available (short by 1 blocks) [3m(memory_management.py:1378:lmcache.v1.memory_management)[0m
[33;20m[2026-09-09 08:35:44,311] LMCache WARNING:[0m Failed to batched allocate 1 memory blocks of size 37748736 because no enough memory is available (short by 1 blocks) [3m(memory_management.py:1378:lmcache.v1.memory_management)[0m
[32;20m[2026-09-09 08:35:44,609] LMCache INFO:[0m L1 memory usage 0.99 above watermark 0.80; triggering eviction. [3m(eviction_controller.py:162:lmcache.v1.distributed.storage_controllers.eviction_controller)[0m
INFO:     127.0.0.1:38408 - "GET /metrics HTTP/1.1" 200 OK
[32;20m[2026-09-09 08:35:44,632] LMCache INFO:[0m Prefetch request completed (L1+L2): 20/31 retained keys (20 L1, 0 L2) in 0.5 ms (external_request_id=r1-n8192-a0-main-resident-92751452, prefetch_request_id=-1) [3m(storage_manager.py:636:lmcache.v1.distributed.storage_manager)[0m
[32;20m[2026-09-09 08:35:44,649] LMCache INFO:[0m Stored 2816 tokens in 0.001 seconds [3m(gpu_transfer.py:790:lmcache.v1.multiprocess.modules.gpu_transfer)[0m
INFO:     127.0.0.1:38412 - "GET /metrics HTTP/1.1" 200 OK
[32;20m[2026-09-09 08:35:44,709] LMCache INFO:[0m Stored 256 tokens in 0.001 seconds [3m(gpu_transfer.py:790:lmcache.v1.multiprocess.modules.gpu_transfer)[0m
[32;20m[2026-09-09 08:35:44,726] LMCache INFO:[0m Stored 256 tokens in 0.001 seconds [3m(gpu_transfer.py:790:lmcache.v1.multiprocess.modules.gpu_transfer)[0m
[32;20m[2026-09-09 08:35:44,743] LMCache INFO:[0m Stored 256 tokens in 0.001 seconds [3m(gpu_transfer.py:790:lmcache.v1.multiprocess.modules.gpu_transfer)[0m
[32;20m[2026-09-09 08:35:44,760] LMCache INFO:[0m Stored 256 tokens in 0.001 seconds [3m(gpu_transfer.py:790:lmcache.v1.multiprocess.modules.gpu_transfer)[0m
[32;20m[2026-09-09 08:35:44,778] LMCache INFO:[0m Stored 256 tokens in 0.001 seconds [3m(gpu_transfer.py:790:lmcache.v1.multiprocess.modules.gpu_transfer)[0m
[32;20m[2026-09-09 08:35:44,797] LMCache INFO:[0m Stored 256 tokens in 0.001 seconds [3m(gpu_transfer.py:790:lmcache.v1.multiprocess.modules.gpu_transfer)[0m
[32;20m[2026-09-09 08:35:44,815] LMCache INFO:[0m Stored 256 tokens in 0.001 seconds [3m(gpu_transfer.py:790:lmcache.v1.multiprocess.modules.gpu_transfer)[0m
[32;20m[2026-09-09 08:35:44,834] LMCache INFO:[0m Stored 256 tokens in 0.001 seconds [3m(gpu_transfer.py:790:lmcache.v1.multiprocess.modules.gpu_transfer)[0m
[32;20m[2026-09-09 08:35:44,853] LMCache INFO:[0m Stored 256 tokens in 0.001 seconds [3m(gpu_transfer.py:790:lmcache.v1.multiprocess.modules.gpu_transfer)[0m
[32;20m[2026-09-09 08:35:44,873] LMCache INFO:[0m Stored 256 tokens in 0.001 seconds [3m(gpu_transfer.py:790:lmcache.v1.multiprocess.modules.gpu_transfer)[0m
[32;20m[2026-09-09 08:35:44,894] LMCache INFO:[0m Stored 256 tokens in 0.001 seconds [3m(gpu_transfer.py:790:lmcache.v1.multiprocess.modules.gpu_transfer)[0m
[32;20m[2026-09-09 08:35:44,914] LMCache INFO:[0m Stored 256 tokens in 0.001 seconds [3m(gpu_transfer.py:790:lmcache.v1.multiprocess.modules.gpu_transfer)[0m
[32;20m[2026-09-09 08:35:44,935] LMCache INFO:[0m Stored 256 tokens in 0.001 seconds [3m(gpu_transfer.py:790:lmcache.v1.multiprocess.modules.gpu_transfer)[0m
[32;20m[2026-09-09 08:35:44,956] LMCache INFO:[0m Stored 256 tokens in 0.001 seconds [3m(gpu_transfer.py:790:lmcache.v1.multiprocess.modules.gpu_transfer)[0m
[32;20m[2026-09-09 08:35:44,979] LMCache INFO:[0m Stored 256 tokens in 0.001 seconds [3m(gpu_transfer.py:790:lmcache.v1.multiprocess.modules.gpu_transfer)[0m
[32;20m[2026-09-09 08:35:45,001] LMCache INFO:[0m Stored 256 tokens in 0.001 seconds [3m(gpu_transfer.py:790:lmcache.v1.multiprocess.modules.gpu_transfer)[0m
[32;20m[2026-09-09 08:35:45,025] LMCache INFO:[0m Stored 256 tokens in 0.001 seconds [3m(gpu_transfer.py:790:lmcache.v1.multiprocess.modules.gpu_transfer)[0m
[32;20m[2026-09-09 08:35:45,049] LMCache INFO:[0m Stored 256 tokens in 0.001 seconds [3m(gpu_transfer.py:790:lmcache.v1.multiprocess.modules.gpu_transfer)[0m
[32;20m[2026-09-09 08:35:45,073] LMCache INFO:[0m Stored 256 tokens in 0.001 seconds [3m(gpu_transfer.py:790:lmcache.v1.multiprocess.modules.gpu_transfer)[0m
[32;20m[2026-09-09 08:35:45,097] LMCache INFO:[0m Stored 256 tokens in 0.001 seconds [3m(gpu_transfer.py:790:lmcache.v1.multiprocess.modules.gpu_transfer)[0m
[33;20m[2026-09-09 08:35:45,121] LMCache WARNING:[0m Failed to batched allocate 1 memory blocks of size 37748736 because no enough memory is available (short by 1 blocks) [3m(memory_management.py:1378:lmcache.v1.memory_management)[0m
[33;20m[2026-09-09 08:35:45,146] LMCache WARNING:[0m Failed to batched allocate 1 memory blocks of size 37748736 because no enough memory is available (short by 1 blocks) [3m(memory_management.py:1378:lmcache.v1.memory_management)[0m
[33;20m[2026-09-09 08:35:45,172] LMCache WARNING:[0m Failed to batched allocate 1 memory blocks of size 37748736 because no enough memory is available (short by 1 blocks) [3m(memory_management.py:1378:lmcache.v1.memory_management)[0m
[33;20m[2026-09-09 08:35:45,197] LMCache WARNING:[0m Failed to batched allocate 1 memory blocks of size 37748736 because no enough memory is available (short by 1 blocks) [3m(memory_management.py:1378:lmcache.v1.memory_management)[0m
[33;20m[2026-09-09 08:35:45,223] LMCache WARNING:[0m Failed to batched allocate 1 memory blocks of size 37748736 because no enough memory is available (short by 1 blocks) [3m(memory_management.py:1378:lmcache.v1.memory_management)[0m
[33;20m[2026-09-09 08:35:45,249] LMCache WARNING:[0m Failed to batched allocate 1 memory blocks of size 37748736 because no enough memory is available (short by 1 blocks) [3m(memory_management.py:1378:lmcache.v1.memory_management)[0m
[33;20m[2026-09-09 08:35:45,276] LMCache WARNING:[0m Failed to batched allocate 1 memory blocks of size 37748736 because no enough memory is available (short by 1 blocks) [3m(memory_management.py:1378:lmcache.v1.memory_management)[0m
[33;20m[2026-09-09 08:35:45,303] LMCache WARNING:[0m Failed to batched allocate 1 memory blocks of size 37748736 because no enough memory is available (short by 1 blocks) [3m(memory_management.py:1378:lmcache.v1.memory_management)[0m
[33;20m[2026-09-09 08:35:45,331] LMCache WARNING:[0m Failed to batched allocate 1 memory blocks of size 37748736 because no enough memory is available (short by 1 blocks) [3m(memory_management.py:1378:lmcache.v1.memory_management)[0m
[33;20m[2026-09-09 08:35:45,359] LMCache WARNING:[0m Failed to batched allocate 1 memory blocks of size 37748736 because no enough memory is available (short by 1 blocks) [3m(memory_management.py:1378:lmcache.v1.memory_management)[0m
[33;20m[2026-09-09 08:35:45,388] LMCache WARNING:[0m Failed to batched allocate 1 memory blocks of size 37748736 because no enough memory is available (short by 1 blocks) [3m(memory_management.py:1378:lmcache.v1.memory_management)[0m
INFO:     127.0.0.1:38424 - "GET /metrics HTTP/1.1" 200 OK
[33;20m[2026-09-09 08:35:45,482] LMCache WARNING:[0m Failed to batched allocate 1 memory blocks of size 37748736 because no enough memory is available (short by 1 blocks) [3m(memory_management.py:1378:lmcache.v1.memory_management)[0m
[33;20m[2026-09-09 08:35:45,498] LMCache WARNING:[0m Failed to batched allocate 1 memory blocks of size 37748736 because no enough memory is available (short by 1 blocks) [3m(memory_management.py:1378:lmcache.v1.memory_management)[0m
[33;20m[2026-09-09 08:35:45,515] LMCache WARNING:[0m Failed to batched allocate 1 memory blocks of size 37748736 because no enough memory is available (short by 1 blocks) [3m(memory_management.py:1378:lmcache.v1.memory_management)[0m
[33;20m[2026-09-09 08:35:45,533] LMCache WARNING:[0m Failed to batched allocate 1 memory blocks of size 37748736 because no enough memory is available (short by 1 blocks) [3m(memory_management.py:1378:lmcache.v1.memory_management)[0m
[33;20m[2026-09-09 08:35:45,551] LMCache WARNING:[0m Failed to batched allocate 1 memory blocks of size 37748736 because no enough memory is available (short by 1 blocks) [3m(memory_management.py:1378:lmcache.v1.memory_management)[0m
[33;20m[2026-09-09 08:35:45,569] LMCache WARNING:[0m Failed to batched allocate 1 memory blocks of size 37748736 because no enough memory is available (short by 1 blocks) [3m(memory_management.py:1378:lmcache.v1.memory_management)[0m
[33;20m[2026-09-09 08:35:45,588] LMCache WARNING:[0m Failed to batched allocate 1 memory blocks of size 37748736 because no enough memory is available (short by 1 blocks) [3m(memory_management.py:1378:lmcache.v1.memory_management)[0m
[33;20m[2026-09-09 08:35:45,608] LMCache WARNING:[0m Failed to batched allocate 1 memory blocks of size 37748736 because no enough memory is available (short by 1 blocks) [3m(memory_management.py:1378:lmcache.v1.memory_management)[0m
[32;20m[2026-09-09 08:35:45,610] LMCache INFO:[0m L1 memory usage 0.99 above watermark 0.80; triggering eviction. [3m(eviction_controller.py:162:lmcache.v1.distributed.storage_controllers.eviction_controller)[0m
[32;20m[2026-09-09 08:35:45,627] LMCache INFO:[0m Stored 256 tokens in 0.001 seconds [3m(gpu_transfer.py:790:lmcache.v1.multiprocess.modules.gpu_transfer)[0m
[32;20m[2026-09-09 08:35:45,649] LMCache INFO:[0m Stored 256 tokens in 0.001 seconds [3m(gpu_transfer.py:790:lmcache.v1.multiprocess.modules.gpu_transfer)[0m
[32;20m[2026-09-09 08:35:45,668] LMCache INFO:[0m Stored 256 tokens in 0.001 seconds [3m(gpu_transfer.py:790:lmcache.v1.multiprocess.modules.gpu_transfer)[0m
[32;20m[2026-09-09 08:35:45,690] LMCache INFO:[0m Stored 256 tokens in 0.001 seconds [3m(gpu_transfer.py:790:lmcache.v1.multiprocess.modules.gpu_transfer)[0m
[32;20m[2026-09-09 08:35:45,713] LMCache INFO:[0m Stored 256 tokens in 0.001 seconds [3m(gpu_transfer.py:790:lmcache.v1.multiprocess.modules.gpu_transfer)[0m
[32;20m[2026-09-09 08:35:45,734] LMCache INFO:[0m Stored 256 tokens in 0.001 seconds [3m(gpu_transfer.py:790:lmcache.v1.multiprocess.modules.gpu_transfer)[0m
[32;20m[2026-09-09 08:35:45,756] LMCache INFO:[0m Stored 256 tokens in 0.001 seconds [3m(gpu_transfer.py:790:lmcache.v1.multiprocess.modules.gpu_transfer)[0m
[32;20m[2026-09-09 08:35:45,778] LMCache INFO:[0m Stored 256 tokens in 0.001 seconds [3m(gpu_transfer.py:790:lmcache.v1.multiprocess.modules.gpu_transfer)[0m
[32;20m[2026-09-09 08:35:45,801] LMCache INFO:[0m Stored 256 tokens in 0.001 seconds [3m(gpu_transfer.py:790:lmcache.v1.multiprocess.modules.gpu_transfer)[0m
[32;20m[2026-09-09 08:35:45,829] LMCache INFO:[0m Stored 256 tokens in 0.001 seconds [3m(gpu_transfer.py:790:lmcache.v1.multiprocess.modules.gpu_transfer)[0m
[32;20m[2026-09-09 08:35:45,850] LMCache INFO:[0m Stored 256 tokens in 0.001 seconds [3m(gpu_transfer.py:790:lmcache.v1.multiprocess.modules.gpu_transfer)[0m
[32;20m[2026-09-09 08:35:45,874] LMCache INFO:[0m Stored 256 tokens in 0.001 seconds [3m(gpu_transfer.py:790:lmcache.v1.multiprocess.modules.gpu_transfer)[0m
[32;20m[2026-09-09 08:35:45,898] LMCache INFO:[0m Stored 256 tokens in 0.001 seconds [3m(gpu_transfer.py:790:lmcache.v1.multiprocess.modules.gpu_transfer)[0m
[32;20m[2026-09-09 08:35:45,923] LMCache INFO:[0m Stored 256 tokens in 0.001 seconds [3m(gpu_transfer.py:790:lmcache.v1.multiprocess.modules.gpu_transfer)[0m
[32;20m[2026-09-09 08:35:45,948] LMCache INFO:[0m Stored 256 tokens in 0.001 seconds [3m(gpu_transfer.py:790:lmcache.v1.multiprocess.modules.gpu_transfer)[0m
[32;20m[2026-09-09 08:35:45,974] LMCache INFO:[0m Stored 256 tokens in 0.001 seconds [3m(gpu_transfer.py:790:lmcache.v1.multiprocess.modules.gpu_transfer)[0m
[32;20m[2026-09-09 08:35:46,015] LMCache INFO:[0m Stored 256 tokens in 0.001 seconds [3m(gpu_transfer.py:790:lmcache.v1.multiprocess.modules.gpu_transfer)[0m
[32;20m[2026-09-09 08:35:46,031] LMCache INFO:[0m Stored 256 tokens in 0.001 seconds [3m(gpu_transfer.py:790:lmcache.v1.multiprocess.modules.gpu_transfer)[0m
[32;20m[2026-09-09 08:35:46,066] LMCache INFO:[0m Stored 256 tokens in 0.001 seconds [3m(gpu_transfer.py:790:lmcache.v1.multiprocess.modules.gpu_transfer)[0m
[32;20m[2026-09-09 08:35:46,083] LMCache INFO:[0m Stored 256 tokens in 0.001 seconds [3m(gpu_transfer.py:790:lmcache.v1.multiprocess.modules.gpu_transfer)[0m
[32;20m[2026-09-09 08:35:46,112] LMCache INFO:[0m Stored 256 tokens in 0.001 seconds [3m(gpu_transfer.py:790:lmcache.v1.multiprocess.modules.gpu_transfer)[0m
[32;20m[2026-09-09 08:35:46,140] LMCache INFO:[0m Stored 256 tokens in 0.001 seconds [3m(gpu_transfer.py:790:lmcache.v1.multiprocess.modules.gpu_transfer)[0m
[33;20m[2026-09-09 08:35:46,170] LMCache WARNING:[0m Failed to batched allocate 1 memory blocks of size 37748736 because no enough memory is available (short by 1 blocks) [3m(memory_management.py:1378:lmcache.v1.memory_management)[0m
INFO:     127.0.0.1:38428 - "GET /metrics HTTP/1.1" 200 OK
[33;20m[2026-09-09 08:35:46,278] LMCache WARNING:[0m Failed to batched allocate 1 memory blocks of size 37748736 because no enough memory is available (short by 1 blocks) [3m(memory_management.py:1378:lmcache.v1.memory_management)[0m
[33;20m[2026-09-09 08:35:46,299] LMCache WARNING:[0m Failed to batched allocate 1 memory blocks of size 37748736 because no enough memory is available (short by 1 blocks) [3m(memory_management.py:1378:lmcache.v1.memory_management)[0m
[33;20m[2026-09-09 08:35:46,315] LMCache WARNING:[0m Failed to batched allocate 1 memory blocks of size 37748736 because no enough memory is available (short by 1 blocks) [3m(memory_management.py:1378:lmcache.v1.memory_management)[0m
[33;20m[2026-09-09 08:35:46,332] LMCache WARNING:[0m Failed to batched allocate 1 memory blocks of size 37748736 because no enough memory is available (short by 1 blocks) [3m(memory_management.py:1378:lmcache.v1.memory_management)[0m
[33;20m[2026-09-09 08:35:46,350] LMCache WARNING:[0m Failed to batched allocate 1 memory blocks of size 37748736 because no enough memory is available (short by 1 blocks) [3m(memory_management.py:1378:lmcache.v1.memory_management)[0m
[33;20m[2026-09-09 08:35:46,382] LMCache WARNING:[0m Failed to batched allocate 1 memory blocks of size 37748736 because no enough memory is available (short by 1 blocks) [3m(memory_management.py:1378:lmcache.v1.memory_management)[0m
[33;20m[2026-09-09 08:35:46,394] LMCache WARNING:[0m Failed to batched allocate 1 memory blocks of size 37748736 because no enough memory is available (short by 1 blocks) [3m(memory_management.py:1378:lmcache.v1.memory_management)[0m
[33;20m[2026-09-09 08:35:46,414] LMCache WARNING:[0m Failed to batched allocate 1 memory blocks of size 37748736 because no enough memory is available (short by 1 blocks) [3m(memory_management.py:1378:lmcache.v1.memory_management)[0m
[32;20m[2026-09-09 08:35:46,612] LMCache INFO:[0m L1 memory usage 0.99 above watermark 0.80; triggering eviction. [3m(eviction_controller.py:162:lmcache.v1.distributed.storage_controllers.eviction_controller)[0m
[32;20m[2026-09-09 08:35:46,973] LMCache INFO:[0m Stored 256 tokens in 0.001 seconds [3m(gpu_transfer.py:790:lmcache.v1.multiprocess.modules.gpu_transfer)[0m
INFO:     127.0.0.1:60924 - "GET /metrics HTTP/1.1" 200 OK
INFO:     127.0.0.1:60928 - "GET /metrics HTTP/1.1" 200 OK
[32;20m[2026-09-09 08:35:47,149] LMCache INFO:[0m Stored 256 tokens in 0.001 seconds [3m(gpu_transfer.py:790:lmcache.v1.multiprocess.modules.gpu_transfer)[0m
[32;20m[2026-09-09 08:35:47,167] LMCache INFO:[0m Stored 256 tokens in 0.001 seconds [3m(gpu_transfer.py:790:lmcache.v1.multiprocess.modules.gpu_transfer)[0m
[32;20m[2026-09-09 08:35:47,184] LMCache INFO:[0m Stored 256 tokens in 0.001 seconds [3m(gpu_transfer.py:790:lmcache.v1.multiprocess.modules.gpu_transfer)[0m
[32;20m[2026-09-09 08:35:47,202] LMCache INFO:[0m Stored 256 tokens in 0.001 seconds [3m(gpu_transfer.py:790:lmcache.v1.multiprocess.modules.gpu_transfer)[0m
[32;20m[2026-09-09 08:35:47,220] LMCache INFO:[0m Stored 256 tokens in 0.001 seconds [3m(gpu_transfer.py:790:lmcache.v1.multiprocess.modules.gpu_transfer)[0m
[32;20m[2026-09-09 08:35:47,238] LMCache INFO:[0m Stored 256 tokens in 0.001 seconds [3m(gpu_transfer.py:790:lmcache.v1.multiprocess.modules.gpu_transfer)[0m
[32;20m[2026-09-09 08:35:47,258] LMCache INFO:[0m Stored 256 tokens in 0.001 seconds [3m(gpu_transfer.py:790:lmcache.v1.multiprocess.modules.gpu_transfer)[0m
[32;20m[2026-09-09 08:35:47,277] LMCache INFO:[0m Stored 256 tokens in 0.001 seconds [3m(gpu_transfer.py:790:lmcache.v1.multiprocess.modules.gpu_transfer)[0m
[32;20m[2026-09-09 08:35:47,302] LMCache INFO:[0m Stored 256 tokens in 0.001 seconds [3m(gpu_transfer.py:790:lmcache.v1.multiprocess.modules.gpu_transfer)[0m
[32;20m[2026-09-09 08:35:47,319] LMCache INFO:[0m Stored 256 tokens in 0.001 seconds [3m(gpu_transfer.py:790:lmcache.v1.multiprocess.modules.gpu_transfer)[0m
[32;20m[2026-09-09 08:35:47,340] LMCache INFO:[0m Stored 256 tokens in 0.001 seconds [3m(gpu_transfer.py:790:lmcache.v1.multiprocess.modules.gpu_transfer)[0m
[32;20m[2026-09-09 08:35:47,361] LMCache INFO:[0m Stored 256 tokens in 0.001 seconds [3m(gpu_transfer.py:790:lmcache.v1.multiprocess.modules.gpu_transfer)[0m
[32;20m[2026-09-09 08:35:47,382] LMCache INFO:[0m Stored 256 tokens in 0.001 seconds [3m(gpu_transfer.py:790:lmcache.v1.multiprocess.modules.gpu_transfer)[0m
[32;20m[2026-09-09 08:35:47,405] LMCache INFO:[0m Stored 256 tokens in 0.001 seconds [3m(gpu_transfer.py:790:lmcache.v1.multiprocess.modules.gpu_transfer)[0m
[32;20m[2026-09-09 08:35:47,426] LMCache INFO:[0m Stored 256 tokens in 0.001 seconds [3m(gpu_transfer.py:790:lmcache.v1.multiprocess.modules.gpu_transfer)[0m
[32;20m[2026-09-09 08:35:47,450] LMCache INFO:[0m Stored 256 tokens in 0.001 seconds [3m(gpu_transfer.py:790:lmcache.v1.multiprocess.modules.gpu_transfer)[0m
[32;20m[2026-09-09 08:35:47,472] LMCache INFO:[0m Stored 256 tokens in 0.001 seconds [3m(gpu_transfer.py:790:lmcache.v1.multiprocess.modules.gpu_transfer)[0m
[32;20m[2026-09-09 08:35:47,497] LMCache INFO:[0m Stored 256 tokens in 0.001 seconds [3m(gpu_transfer.py:790:lmcache.v1.multiprocess.modules.gpu_transfer)[0m
[32;20m[2026-09-09 08:35:47,520] LMCache INFO:[0m Stored 256 tokens in 0.001 seconds [3m(gpu_transfer.py:790:lmcache.v1.multiprocess.modules.gpu_transfer)[0m
[32;20m[2026-09-09 08:35:47,544] LMCache INFO:[0m Stored 256 tokens in 0.001 seconds [3m(gpu_transfer.py:790:lmcache.v1.multiprocess.modules.gpu_transfer)[0m
[32;20m[2026-09-09 08:35:47,569] LMCache INFO:[0m Stored 256 tokens in 0.001 seconds [3m(gpu_transfer.py:790:lmcache.v1.multiprocess.modules.gpu_transfer)[0m
[33;20m[2026-09-09 08:35:47,593] LMCache WARNING:[0m Failed to batched allocate 1 memory blocks of size 37748736 because no enough memory is available (short by 1 blocks) [3m(memory_management.py:1378:lmcache.v1.memory_management)[0m
[32;20m[2026-09-09 08:35:47,614] LMCache INFO:[0m L1 memory usage 0.99 above watermark 0.80; triggering eviction. [3m(eviction_controller.py:162:lmcache.v1.distributed.storage_controllers.eviction_controller)[0m
[32;20m[2026-09-09 08:35:47,619] LMCache INFO:[0m Stored 256 tokens in 0.001 seconds [3m(gpu_transfer.py:790:lmcache.v1.multiprocess.modules.gpu_transfer)[0m
[32;20m[2026-09-09 08:35:47,645] LMCache INFO:[0m Stored 256 tokens in 0.001 seconds [3m(gpu_transfer.py:790:lmcache.v1.multiprocess.modules.gpu_transfer)[0m
[32;20m[2026-09-09 08:35:47,686] LMCache INFO:[0m Stored 256 tokens in 0.001 seconds [3m(gpu_transfer.py:790:lmcache.v1.multiprocess.modules.gpu_transfer)[0m
[32;20m[2026-09-09 08:35:47,706] LMCache INFO:[0m Stored 256 tokens in 0.001 seconds [3m(gpu_transfer.py:790:lmcache.v1.multiprocess.modules.gpu_transfer)[0m
[32;20m[2026-09-09 08:35:47,727] LMCache INFO:[0m Stored 256 tokens in 0.001 seconds [3m(gpu_transfer.py:790:lmcache.v1.multiprocess.modules.gpu_transfer)[0m
[32;20m[2026-09-09 08:35:47,754] LMCache INFO:[0m Stored 256 tokens in 0.001 seconds [3m(gpu_transfer.py:790:lmcache.v1.multiprocess.modules.gpu_transfer)[0m
[32;20m[2026-09-09 08:35:47,782] LMCache INFO:[0m Stored 256 tokens in 0.001 seconds [3m(gpu_transfer.py:790:lmcache.v1.multiprocess.modules.gpu_transfer)[0m
[32;20m[2026-09-09 08:35:47,810] LMCache INFO:[0m Stored 256 tokens in 0.001 seconds [3m(gpu_transfer.py:790:lmcache.v1.multiprocess.modules.gpu_transfer)[0m
[32;20m[2026-09-09 08:35:47,839] LMCache INFO:[0m Stored 256 tokens in 0.001 seconds [3m(gpu_transfer.py:790:lmcache.v1.multiprocess.modules.gpu_transfer)[0m
INFO:     127.0.0.1:60932 - "GET /metrics HTTP/1.1" 200 OK
[32;20m[2026-09-09 08:35:47,945] LMCache INFO:[0m Stored 256 tokens in 0.001 seconds [3m(gpu_transfer.py:790:lmcache.v1.multiprocess.modules.gpu_transfer)[0m
[32;20m[2026-09-09 08:35:47,962] LMCache INFO:[0m Stored 256 tokens in 0.001 seconds [3m(gpu_transfer.py:790:lmcache.v1.multiprocess.modules.gpu_transfer)[0m
[32;20m[2026-09-09 08:35:47,979] LMCache INFO:[0m Stored 256 tokens in 0.001 seconds [3m(gpu_transfer.py:790:lmcache.v1.multiprocess.modules.gpu_transfer)[0m
[32;20m[2026-09-09 08:35:47,997] LMCache INFO:[0m Stored 256 tokens in 0.001 seconds [3m(gpu_transfer.py:790:lmcache.v1.multiprocess.modules.gpu_transfer)[0m
[32;20m[2026-09-09 08:35:48,016] LMCache INFO:[0m Stored 256 tokens in 0.001 seconds [3m(gpu_transfer.py:790:lmcache.v1.multiprocess.modules.gpu_transfer)[0m
[32;20m[2026-09-09 08:35:48,034] LMCache INFO:[0m Stored 256 tokens in 0.001 seconds [3m(gpu_transfer.py:790:lmcache.v1.multiprocess.modules.gpu_transfer)[0m
[32;20m[2026-09-09 08:35:48,053] LMCache INFO:[0m Stored 256 tokens in 0.001 seconds [3m(gpu_transfer.py:790:lmcache.v1.multiprocess.modules.gpu_transfer)[0m
INFO:     127.0.0.1:60942 - "GET /metrics HTTP/1.1" 200 OK
[32;20m[2026-09-09 08:35:48,111] LMCache INFO:[0m Prefetch request completed (L1+L2): 7/7 retained keys (7 L1, 0 L2) in 0.4 ms (external_request_id=r2-n2048-a0-main-retrieve-bd7238ac, prefetch_request_id=-1) [3m(storage_manager.py:636:lmcache.v1.distributed.storage_manager)[0m
[32;20m[2026-09-09 08:35:48,114] LMCache INFO:[0m Retrieved 1792 tokens in 0.001 seconds [3m(gpu_transfer.py:962:lmcache.v1.multiprocess.modules.gpu_transfer)[0m
INFO:     127.0.0.1:60950 - "GET /metrics HTTP/1.1" 200 OK
[32;20m[2026-09-09 08:35:48,174] LMCache INFO:[0m Prefetch request completed (L1+L2): 7/7 retained keys (7 L1, 0 L2) in 0.4 ms (external_request_id=r2-n2048-a0-main-resident-8004a897, prefetch_request_id=-1) [3m(storage_manager.py:636:lmcache.v1.distributed.storage_manager)[0m
INFO:     127.0.0.1:60954 - "GET /metrics HTTP/1.1" 200 OK
[32;20m[2026-09-09 08:35:48,241] LMCache INFO:[0m Stored 256 tokens in 0.001 seconds [3m(gpu_transfer.py:790:lmcache.v1.multiprocess.modules.gpu_transfer)[0m
[32;20m[2026-09-09 08:35:48,256] LMCache INFO:[0m Stored 256 tokens in 0.001 seconds [3m(gpu_transfer.py:790:lmcache.v1.multiprocess.modules.gpu_transfer)[0m
[32;20m[2026-09-09 08:35:48,280] LMCache INFO:[0m Stored 256 tokens in 0.001 seconds [3m(gpu_transfer.py:790:lmcache.v1.multiprocess.modules.gpu_transfer)[0m
[32;20m[2026-09-09 08:35:48,295] LMCache INFO:[0m Stored 256 tokens in 0.001 seconds [3m(gpu_transfer.py:790:lmcache.v1.multiprocess.modules.gpu_transfer)[0m
[32;20m[2026-09-09 08:35:48,313] LMCache INFO:[0m Stored 256 tokens in 0.001 seconds [3m(gpu_transfer.py:790:lmcache.v1.multiprocess.modules.gpu_transfer)[0m
[32;20m[2026-09-09 08:35:48,330] LMCache INFO:[0m Stored 256 tokens in 0.001 seconds [3m(gpu_transfer.py:790:lmcache.v1.multiprocess.modules.gpu_transfer)[0m
[33;20m[2026-09-09 08:35:48,349] LMCache WARNING:[0m Failed to batched allocate 1 memory blocks of size 37748736 because no enough memory is available (short by 1 blocks) [3m(memory_management.py:1378:lmcache.v1.memory_management)[0m
INFO:     127.0.0.1:60968 - "GET /metrics HTTP/1.1" 200 OK
[33;20m[2026-09-09 08:35:48,421] LMCache WARNING:[0m Failed to batched allocate 1 memory blocks of size 37748736 because no enough memory is available (short by 1 blocks) [3m(memory_management.py:1378:lmcache.v1.memory_management)[0m
[33;20m[2026-09-09 08:35:48,438] LMCache WARNING:[0m Failed to batched allocate 1 memory blocks of size 37748736 because no enough memory is available (short by 1 blocks) [3m(memory_management.py:1378:lmcache.v1.memory_management)[0m
[33;20m[2026-09-09 08:35:48,455] LMCache WARNING:[0m Failed to batched allocate 1 memory blocks of size 37748736 because no enough memory is available (short by 1 blocks) [3m(memory_management.py:1378:lmcache.v1.memory_management)[0m
[33;20m[2026-09-09 08:35:48,473] LMCache WARNING:[0m Failed to batched allocate 1 memory blocks of size 37748736 because no enough memory is available (short by 1 blocks) [3m(memory_management.py:1378:lmcache.v1.memory_management)[0m
[33;20m[2026-09-09 08:35:48,489] LMCache WARNING:[0m Failed to batched allocate 1 memory blocks of size 37748736 because no enough memory is available (short by 1 blocks) [3m(memory_management.py:1378:lmcache.v1.memory_management)[0m
[33;20m[2026-09-09 08:35:48,508] LMCache WARNING:[0m Failed to batched allocate 1 memory blocks of size 37748736 because no enough memory is available (short by 1 blocks) [3m(memory_management.py:1378:lmcache.v1.memory_management)[0m
[33;20m[2026-09-09 08:35:48,526] LMCache WARNING:[0m Failed to batched allocate 1 memory blocks of size 37748736 because no enough memory is available (short by 1 blocks) [3m(memory_management.py:1378:lmcache.v1.memory_management)[0m
INFO:     127.0.0.1:60972 - "GET /metrics HTTP/1.1" 200 OK
[33;20m[2026-09-09 08:35:48,611] LMCache WARNING:[0m Failed to batched allocate 1 memory blocks of size 37748736 because no enough memory is available (short by 1 blocks) [3m(memory_management.py:1378:lmcache.v1.memory_management)[0m
[32;20m[2026-09-09 08:35:48,615] LMCache INFO:[0m L1 memory usage 0.99 above watermark 0.80; triggering eviction. [3m(eviction_controller.py:162:lmcache.v1.distributed.storage_controllers.eviction_controller)[0m
[32;20m[2026-09-09 08:35:48,631] LMCache INFO:[0m Stored 256 tokens in 0.001 seconds [3m(gpu_transfer.py:790:lmcache.v1.multiprocess.modules.gpu_transfer)[0m
[32;20m[2026-09-09 08:35:48,646] LMCache INFO:[0m Stored 256 tokens in 0.001 seconds [3m(gpu_transfer.py:790:lmcache.v1.multiprocess.modules.gpu_transfer)[0m
[32;20m[2026-09-09 08:35:48,664] LMCache INFO:[0m Stored 256 tokens in 0.001 seconds [3m(gpu_transfer.py:790:lmcache.v1.multiprocess.modules.gpu_transfer)[0m
[32;20m[2026-09-09 08:35:48,682] LMCache INFO:[0m Stored 256 tokens in 0.001 seconds [3m(gpu_transfer.py:790:lmcache.v1.multiprocess.modules.gpu_transfer)[0m
[32;20m[2026-09-09 08:35:48,701] LMCache INFO:[0m Stored 256 tokens in 0.001 seconds [3m(gpu_transfer.py:790:lmcache.v1.multiprocess.modules.gpu_transfer)[0m
[32;20m[2026-09-09 08:35:48,720] LMCache INFO:[0m Stored 256 tokens in 0.001 seconds [3m(gpu_transfer.py:790:lmcache.v1.multiprocess.modules.gpu_transfer)[0m
INFO:     127.0.0.1:60986 - "GET /metrics HTTP/1.1" 200 OK
INFO:     127.0.0.1:60992 - "GET /metrics HTTP/1.1" 200 OK
[32;20m[2026-09-09 08:35:48,882] LMCache INFO:[0m Stored 256 tokens in 0.001 seconds [3m(gpu_transfer.py:790:lmcache.v1.multiprocess.modules.gpu_transfer)[0m
[32;20m[2026-09-09 08:35:48,895] LMCache INFO:[0m Stored 256 tokens in 0.001 seconds [3m(gpu_transfer.py:790:lmcache.v1.multiprocess.modules.gpu_transfer)[0m
[32;20m[2026-09-09 08:35:48,911] LMCache INFO:[0m Stored 256 tokens in 0.001 seconds [3m(gpu_transfer.py:790:lmcache.v1.multiprocess.modules.gpu_transfer)[0m
[32;20m[2026-09-09 08:35:48,929] LMCache INFO:[0m Stored 256 tokens in 0.001 seconds [3m(gpu_transfer.py:790:lmcache.v1.multiprocess.modules.gpu_transfer)[0m
[32;20m[2026-09-09 08:35:48,947] LMCache INFO:[0m Stored 256 tokens in 0.001 seconds [3m(gpu_transfer.py:790:lmcache.v1.multiprocess.modules.gpu_transfer)[0m
[32;20m[2026-09-09 08:35:48,964] LMCache INFO:[0m Stored 256 tokens in 0.001 seconds [3m(gpu_transfer.py:790:lmcache.v1.multiprocess.modules.gpu_transfer)[0m
[32;20m[2026-09-09 08:35:48,988] LMCache INFO:[0m Stored 256 tokens in 0.001 seconds [3m(gpu_transfer.py:790:lmcache.v1.multiprocess.modules.gpu_transfer)[0m
INFO:     127.0.0.1:32768 - "GET /metrics HTTP/1.1" 200 OK
[32;20m[2026-09-09 08:35:49,077] LMCache INFO:[0m Stored 256 tokens in 0.001 seconds [3m(gpu_transfer.py:790:lmcache.v1.multiprocess.modules.gpu_transfer)[0m
[32;20m[2026-09-09 08:35:49,094] LMCache INFO:[0m Stored 256 tokens in 0.001 seconds [3m(gpu_transfer.py:790:lmcache.v1.multiprocess.modules.gpu_transfer)[0m
[32;20m[2026-09-09 08:35:49,112] LMCache INFO:[0m Stored 256 tokens in 0.001 seconds [3m(gpu_transfer.py:790:lmcache.v1.multiprocess.modules.gpu_transfer)[0m
[32;20m[2026-09-09 08:35:49,129] LMCache INFO:[0m Stored 256 tokens in 0.001 seconds [3m(gpu_transfer.py:790:lmcache.v1.multiprocess.modules.gpu_transfer)[0m
[32;20m[2026-09-09 08:35:49,148] LMCache INFO:[0m Stored 256 tokens in 0.001 seconds [3m(gpu_transfer.py:790:lmcache.v1.multiprocess.modules.gpu_transfer)[0m
[32;20m[2026-09-09 08:35:49,167] LMCache INFO:[0m Stored 256 tokens in 0.001 seconds [3m(gpu_transfer.py:790:lmcache.v1.multiprocess.modules.gpu_transfer)[0m
[32;20m[2026-09-09 08:35:49,187] LMCache INFO:[0m Stored 256 tokens in 0.001 seconds [3m(gpu_transfer.py:790:lmcache.v1.multiprocess.modules.gpu_transfer)[0m
[32;20m[2026-09-09 08:35:49,206] LMCache INFO:[0m Stored 256 tokens in 0.001 seconds [3m(gpu_transfer.py:790:lmcache.v1.multiprocess.modules.gpu_transfer)[0m
[32;20m[2026-09-09 08:35:49,226] LMCache INFO:[0m Stored 256 tokens in 0.001 seconds [3m(gpu_transfer.py:790:lmcache.v1.multiprocess.modules.gpu_transfer)[0m
[33;20m[2026-09-09 08:35:49,250] LMCache WARNING:[0m Failed to batched allocate 1 memory blocks of size 37748736 because no enough memory is available (short by 1 blocks) [3m(memory_management.py:1378:lmcache.v1.memory_management)[0m
[33;20m[2026-09-09 08:35:49,268] LMCache WARNING:[0m Failed to batched allocate 1 memory blocks of size 37748736 because no enough memory is available (short by 1 blocks) [3m(memory_management.py:1378:lmcache.v1.memory_management)[0m
[33;20m[2026-09-09 08:35:49,289] LMCache WARNING:[0m Failed to batched allocate 1 memory blocks of size 37748736 because no enough memory is available (short by 1 blocks) [3m(memory_management.py:1378:lmcache.v1.memory_management)[0m
[33;20m[2026-09-09 08:35:49,310] LMCache WARNING:[0m Failed to batched allocate 1 memory blocks of size 37748736 because no enough memory is available (short by 1 blocks) [3m(memory_management.py:1378:lmcache.v1.memory_management)[0m
[33;20m[2026-09-09 08:35:49,336] LMCache WARNING:[0m Failed to batched allocate 1 memory blocks of size 37748736 because no enough memory is available (short by 1 blocks) [3m(memory_management.py:1378:lmcache.v1.memory_management)[0m
[33;20m[2026-09-09 08:35:49,360] LMCache WARNING:[0m Failed to batched allocate 1 memory blocks of size 37748736 because no enough memory is available (short by 1 blocks) [3m(memory_management.py:1378:lmcache.v1.memory_management)[0m
[33;20m[2026-09-09 08:35:49,376] LMCache WARNING:[0m Failed to batched allocate 1 memory blocks of size 37748736 because no enough memory is available (short by 1 blocks) [3m(memory_management.py:1378:lmcache.v1.memory_management)[0m
[33;20m[2026-09-09 08:35:49,400] LMCache WARNING:[0m Failed to batched allocate 1 memory blocks of size 37748736 because no enough memory is available (short by 1 blocks) [3m(memory_management.py:1378:lmcache.v1.memory_management)[0m
[33;20m[2026-09-09 08:35:49,422] LMCache WARNING:[0m Failed to batched allocate 1 memory blocks of size 37748736 because no enough memory is available (short by 1 blocks) [3m(memory_management.py:1378:lmcache.v1.memory_management)[0m
[33;20m[2026-09-09 08:35:49,446] LMCache WARNING:[0m Failed to batched allocate 1 memory blocks of size 37748736 because no enough memory is available (short by 1 blocks) [3m(memory_management.py:1378:lmcache.v1.memory_management)[0m
[33;20m[2026-09-09 08:35:49,471] LMCache WARNING:[0m Failed to batched allocate 1 memory blocks of size 37748736 because no enough memory is available (short by 1 blocks) [3m(memory_management.py:1378:lmcache.v1.memory_management)[0m
[33;20m[2026-09-09 08:35:49,495] LMCache WARNING:[0m Failed to batched allocate 1 memory blocks of size 37748736 because no enough memory is available (short by 1 blocks) [3m(memory_management.py:1378:lmcache.v1.memory_management)[0m
[33;20m[2026-09-09 08:35:49,520] LMCache WARNING:[0m Failed to batched allocate 1 memory blocks of size 37748736 because no enough memory is available (short by 1 blocks) [3m(memory_management.py:1378:lmcache.v1.memory_management)[0m
[33;20m[2026-09-09 08:35:49,545] LMCache WARNING:[0m Failed to batched allocate 1 memory blocks of size 37748736 because no enough memory is available (short by 1 blocks) [3m(memory_management.py:1378:lmcache.v1.memory_management)[0m
[33;20m[2026-09-09 08:35:49,572] LMCache WARNING:[0m Failed to batched allocate 1 memory blocks of size 37748736 because no enough memory is available (short by 1 blocks) [3m(memory_management.py:1378:lmcache.v1.memory_management)[0m
[33;20m[2026-09-09 08:35:49,598] LMCache WARNING:[0m Failed to batched allocate 1 memory blocks of size 37748736 because no enough memory is available (short by 1 blocks) [3m(memory_management.py:1378:lmcache.v1.memory_management)[0m
[32;20m[2026-09-09 08:35:49,617] LMCache INFO:[0m L1 memory usage 0.99 above watermark 0.80; triggering eviction. [3m(eviction_controller.py:162:lmcache.v1.distributed.storage_controllers.eviction_controller)[0m
[32;20m[2026-09-09 08:35:49,625] LMCache INFO:[0m Stored 256 tokens in 0.001 seconds [3m(gpu_transfer.py:790:lmcache.v1.multiprocess.modules.gpu_transfer)[0m
[32;20m[2026-09-09 08:35:49,652] LMCache INFO:[0m Stored 256 tokens in 0.001 seconds [3m(gpu_transfer.py:790:lmcache.v1.multiprocess.modules.gpu_transfer)[0m
[32;20m[2026-09-09 08:35:49,679] LMCache INFO:[0m Stored 256 tokens in 0.001 seconds [3m(gpu_transfer.py:790:lmcache.v1.multiprocess.modules.gpu_transfer)[0m
[32;20m[2026-09-09 08:35:49,707] LMCache INFO:[0m Stored 256 tokens in 0.001 seconds [3m(gpu_transfer.py:790:lmcache.v1.multiprocess.modules.gpu_transfer)[0m
[32;20m[2026-09-09 08:35:49,735] LMCache INFO:[0m Stored 256 tokens in 0.001 seconds [3m(gpu_transfer.py:790:lmcache.v1.multiprocess.modules.gpu_transfer)[0m
[32;20m[2026-09-09 08:35:49,763] LMCache INFO:[0m Stored 256 tokens in 0.001 seconds [3m(gpu_transfer.py:790:lmcache.v1.multiprocess.modules.gpu_transfer)[0m
INFO:     127.0.0.1:32776 - "GET /metrics HTTP/1.1" 200 OK
[32;20m[2026-09-09 08:35:49,857] LMCache INFO:[0m Prefetch request completed (L1+L2): 9/31 retained keys (9 L1, 0 L2) in 0.5 ms (external_request_id=r2-n8192-a0-main-retrieve-a4828bf3, prefetch_request_id=-1) [3m(storage_manager.py:636:lmcache.v1.distributed.storage_manager)[0m
[32;20m[2026-09-09 08:35:49,860] LMCache INFO:[0m Retrieved 2304 tokens in 0.001 seconds [3m(gpu_transfer.py:962:lmcache.v1.multiprocess.modules.gpu_transfer)[0m
[32;20m[2026-09-09 08:35:49,885] LMCache INFO:[0m Stored 256 tokens in 0.001 seconds [3m(gpu_transfer.py:790:lmcache.v1.multiprocess.modules.gpu_transfer)[0m
[32;20m[2026-09-09 08:35:49,905] LMCache INFO:[0m Stored 256 tokens in 0.001 seconds [3m(gpu_transfer.py:790:lmcache.v1.multiprocess.modules.gpu_transfer)[0m
[32;20m[2026-09-09 08:35:49,930] LMCache INFO:[0m Stored 256 tokens in 0.001 seconds [3m(gpu_transfer.py:790:lmcache.v1.multiprocess.modules.gpu_transfer)[0m
[32;20m[2026-09-09 08:35:49,947] LMCache INFO:[0m Stored 256 tokens in 0.001 seconds [3m(gpu_transfer.py:790:lmcache.v1.multiprocess.modules.gpu_transfer)[0m
[32;20m[2026-09-09 08:35:49,969] LMCache INFO:[0m Stored 256 tokens in 0.001 seconds [3m(gpu_transfer.py:790:lmcache.v1.multiprocess.modules.gpu_transfer)[0m
[32;20m[2026-09-09 08:35:49,991] LMCache INFO:[0m Stored 256 tokens in 0.001 seconds [3m(gpu_transfer.py:790:lmcache.v1.multiprocess.modules.gpu_transfer)[0m
[32;20m[2026-09-09 08:35:50,013] LMCache INFO:[0m Stored 256 tokens in 0.001 seconds [3m(gpu_transfer.py:790:lmcache.v1.multiprocess.modules.gpu_transfer)[0m
[32;20m[2026-09-09 08:35:50,037] LMCache INFO:[0m Stored 256 tokens in 0.001 seconds [3m(gpu_transfer.py:790:lmcache.v1.multiprocess.modules.gpu_transfer)[0m
[32;20m[2026-09-09 08:35:50,060] LMCache INFO:[0m Stored 256 tokens in 0.001 seconds [3m(gpu_transfer.py:790:lmcache.v1.multiprocess.modules.gpu_transfer)[0m
[32;20m[2026-09-09 08:35:50,084] LMCache INFO:[0m Stored 256 tokens in 0.001 seconds [3m(gpu_transfer.py:790:lmcache.v1.multiprocess.modules.gpu_transfer)[0m
[32;20m[2026-09-09 08:35:50,110] LMCache INFO:[0m Stored 256 tokens in 0.001 seconds [3m(gpu_transfer.py:790:lmcache.v1.multiprocess.modules.gpu_transfer)[0m
[32;20m[2026-09-09 08:35:50,133] LMCache INFO:[0m Stored 256 tokens in 0.001 seconds [3m(gpu_transfer.py:790:lmcache.v1.multiprocess.modules.gpu_transfer)[0m
[32;20m[2026-09-09 08:35:50,158] LMCache INFO:[0m Stored 256 tokens in 0.001 seconds [3m(gpu_transfer.py:790:lmcache.v1.multiprocess.modules.gpu_transfer)[0m
[32;20m[2026-09-09 08:35:50,183] LMCache INFO:[0m Stored 256 tokens in 0.001 seconds [3m(gpu_transfer.py:790:lmcache.v1.multiprocess.modules.gpu_transfer)[0m
[32;20m[2026-09-09 08:35:50,223] LMCache INFO:[0m Stored 256 tokens in 0.001 seconds [3m(gpu_transfer.py:790:lmcache.v1.multiprocess.modules.gpu_transfer)[0m
[32;20m[2026-09-09 08:35:50,237] LMCache INFO:[0m Stored 256 tokens in 0.001 seconds [3m(gpu_transfer.py:790:lmcache.v1.multiprocess.modules.gpu_transfer)[0m
INFO:     127.0.0.1:32782 - "GET /metrics HTTP/1.1" 200 OK
[32;20m[2026-09-09 08:35:50,483] LMCache INFO:[0m Prefetch request completed (L1+L2): 31/31 retained keys (31 L1, 0 L2) in 0.5 ms (external_request_id=r2-n8192-a0-main-resident-9cdf3875, prefetch_request_id=-1) [3m(storage_manager.py:636:lmcache.v1.distributed.storage_manager)[0m
INFO:     127.0.0.1:32784 - "GET /metrics HTTP/1.1" 200 OK
[33;20m[2026-09-09 08:35:50,561] LMCache WARNING:[0m Failed to batched allocate 1 memory blocks of size 37748736 because no enough memory is available (short by 1 blocks) [3m(memory_management.py:1378:lmcache.v1.memory_management)[0m
[33;20m[2026-09-09 08:35:50,577] LMCache WARNING:[0m Failed to batched allocate 1 memory blocks of size 37748736 because no enough memory is available (short by 1 blocks) [3m(memory_management.py:1378:lmcache.v1.memory_management)[0m
[33;20m[2026-09-09 08:35:50,594] LMCache WARNING:[0m Failed to batched allocate 1 memory blocks of size 37748736 because no enough memory is available (short by 1 blocks) [3m(memory_management.py:1378:lmcache.v1.memory_management)[0m
[33;20m[2026-09-09 08:35:50,611] LMCache WARNING:[0m Failed to batched allocate 1 memory blocks of size 37748736 because no enough memory is available (short by 1 blocks) [3m(memory_management.py:1378:lmcache.v1.memory_management)[0m
[32;20m[2026-09-09 08:35:50,618] LMCache INFO:[0m L1 memory usage 0.99 above watermark 0.80; triggering eviction. [3m(eviction_controller.py:162:lmcache.v1.distributed.storage_controllers.eviction_controller)[0m
[32;20m[2026-09-09 08:35:50,630] LMCache INFO:[0m Stored 256 tokens in 0.001 seconds [3m(gpu_transfer.py:790:lmcache.v1.multiprocess.modules.gpu_transfer)[0m
[32;20m[2026-09-09 08:35:50,648] LMCache INFO:[0m Stored 256 tokens in 0.001 seconds [3m(gpu_transfer.py:790:lmcache.v1.multiprocess.modules.gpu_transfer)[0m
[32;20m[2026-09-09 08:35:50,667] LMCache INFO:[0m Stored 256 tokens in 0.001 seconds [3m(gpu_transfer.py:790:lmcache.v1.multiprocess.modules.gpu_transfer)[0m
[32;20m[2026-09-09 08:35:50,694] LMCache INFO:[0m Stored 256 tokens in 0.001 seconds [3m(gpu_transfer.py:790:lmcache.v1.multiprocess.modules.gpu_transfer)[0m
[32;20m[2026-09-09 08:35:50,716] LMCache INFO:[0m Stored 256 tokens in 0.001 seconds [3m(gpu_transfer.py:790:lmcache.v1.multiprocess.modules.gpu_transfer)[0m
[32;20m[2026-09-09 08:35:50,733] LMCache INFO:[0m Stored 256 tokens in 0.001 seconds [3m(gpu_transfer.py:790:lmcache.v1.multiprocess.modules.gpu_transfer)[0m
[32;20m[2026-09-09 08:35:50,753] LMCache INFO:[0m Stored 256 tokens in 0.001 seconds [3m(gpu_transfer.py:790:lmcache.v1.multiprocess.modules.gpu_transfer)[0m
[32;20m[2026-09-09 08:35:50,775] LMCache INFO:[0m Stored 256 tokens in 0.001 seconds [3m(gpu_transfer.py:790:lmcache.v1.multiprocess.modules.gpu_transfer)[0m
[32;20m[2026-09-09 08:35:50,806] LMCache INFO:[0m Stored 256 tokens in 0.001 seconds [3m(gpu_transfer.py:790:lmcache.v1.multiprocess.modules.gpu_transfer)[0m
[32;20m[2026-09-09 08:35:50,821] LMCache INFO:[0m Stored 256 tokens in 0.001 seconds [3m(gpu_transfer.py:790:lmcache.v1.multiprocess.modules.gpu_transfer)[0m
[32;20m[2026-09-09 08:35:50,843] LMCache INFO:[0m Stored 256 tokens in 0.001 seconds [3m(gpu_transfer.py:790:lmcache.v1.multiprocess.modules.gpu_transfer)[0m
[32;20m[2026-09-09 08:35:50,866] LMCache INFO:[0m Stored 256 tokens in 0.001 seconds [3m(gpu_transfer.py:790:lmcache.v1.multiprocess.modules.gpu_transfer)[0m
[32;20m[2026-09-09 08:35:50,889] LMCache INFO:[0m Stored 256 tokens in 0.001 seconds [3m(gpu_transfer.py:790:lmcache.v1.multiprocess.modules.gpu_transfer)[0m
[32;20m[2026-09-09 08:35:50,920] LMCache INFO:[0m Stored 256 tokens in 0.001 seconds [3m(gpu_transfer.py:790:lmcache.v1.multiprocess.modules.gpu_transfer)[0m
[32;20m[2026-09-09 08:35:50,952] LMCache INFO:[0m Stored 256 tokens in 0.001 seconds [3m(gpu_transfer.py:790:lmcache.v1.multiprocess.modules.gpu_transfer)[0m
[32;20m[2026-09-09 08:35:50,977] LMCache INFO:[0m Stored 256 tokens in 0.001 seconds [3m(gpu_transfer.py:790:lmcache.v1.multiprocess.modules.gpu_transfer)[0m
[32;20m[2026-09-09 08:35:50,992] LMCache INFO:[0m Stored 256 tokens in 0.001 seconds [3m(gpu_transfer.py:790:lmcache.v1.multiprocess.modules.gpu_transfer)[0m
[32;20m[2026-09-09 08:35:51,028] LMCache INFO:[0m Stored 256 tokens in 0.001 seconds [3m(gpu_transfer.py:790:lmcache.v1.multiprocess.modules.gpu_transfer)[0m
[32;20m[2026-09-09 08:35:51,046] LMCache INFO:[0m Stored 256 tokens in 0.001 seconds [3m(gpu_transfer.py:790:lmcache.v1.multiprocess.modules.gpu_transfer)[0m
[32;20m[2026-09-09 08:35:51,086] LMCache INFO:[0m Stored 256 tokens in 0.001 seconds [3m(gpu_transfer.py:790:lmcache.v1.multiprocess.modules.gpu_transfer)[0m
[32;20m[2026-09-09 08:35:51,113] LMCache INFO:[0m Stored 256 tokens in 0.001 seconds [3m(gpu_transfer.py:790:lmcache.v1.multiprocess.modules.gpu_transfer)[0m
[32;20m[2026-09-09 08:35:51,131] LMCache INFO:[0m Stored 256 tokens in 0.001 seconds [3m(gpu_transfer.py:790:lmcache.v1.multiprocess.modules.gpu_transfer)[0m
[33;20m[2026-09-09 08:35:51,156] LMCache WARNING:[0m Failed to batched allocate 1 memory blocks of size 37748736 because no enough memory is available (short by 1 blocks) [3m(memory_management.py:1378:lmcache.v1.memory_management)[0m
[33;20m[2026-09-09 08:35:51,183] LMCache WARNING:[0m Failed to batched allocate 1 memory blocks of size 37748736 because no enough memory is available (short by 1 blocks) [3m(memory_management.py:1378:lmcache.v1.memory_management)[0m
[33;20m[2026-09-09 08:35:51,211] LMCache WARNING:[0m Failed to batched allocate 1 memory blocks of size 37748736 because no enough memory is available (short by 1 blocks) [3m(memory_management.py:1378:lmcache.v1.memory_management)[0m
[33;20m[2026-09-09 08:35:51,239] LMCache WARNING:[0m Failed to batched allocate 1 memory blocks of size 37748736 because no enough memory is available (short by 1 blocks) [3m(memory_management.py:1378:lmcache.v1.memory_management)[0m
[33;20m[2026-09-09 08:35:51,268] LMCache WARNING:[0m Failed to batched allocate 1 memory blocks of size 37748736 because no enough memory is available (short by 1 blocks) [3m(memory_management.py:1378:lmcache.v1.memory_management)[0m
INFO:     127.0.0.1:32792 - "GET /metrics HTTP/1.1" 200 OK
[33;20m[2026-09-09 08:35:51,366] LMCache WARNING:[0m Failed to batched allocate 1 memory blocks of size 37748736 because no enough memory is available (short by 1 blocks) [3m(memory_management.py:1378:lmcache.v1.memory_management)[0m
[33;20m[2026-09-09 08:35:51,382] LMCache WARNING:[0m Failed to batched allocate 1 memory blocks of size 37748736 because no enough memory is available (short by 1 blocks) [3m(memory_management.py:1378:lmcache.v1.memory_management)[0m
[33;20m[2026-09-09 08:35:51,399] LMCache WARNING:[0m Failed to batched allocate 1 memory blocks of size 37748736 because no enough memory is available (short by 1 blocks) [3m(memory_management.py:1378:lmcache.v1.memory_management)[0m
[33;20m[2026-09-09 08:35:51,426] LMCache WARNING:[0m Failed to batched allocate 1 memory blocks of size 37748736 because no enough memory is available (short by 1 blocks) [3m(memory_management.py:1378:lmcache.v1.memory_management)[0m
[33;20m[2026-09-09 08:35:51,440] LMCache WARNING:[0m Failed to batched allocate 1 memory blocks of size 37748736 because no enough memory is available (short by 1 blocks) [3m(memory_management.py:1378:lmcache.v1.memory_management)[0m
[33;20m[2026-09-09 08:35:51,459] LMCache WARNING:[0m Failed to batched allocate 1 memory blocks of size 37748736 because no enough memory is available (short by 1 blocks) [3m(memory_management.py:1378:lmcache.v1.memory_management)[0m
[33;20m[2026-09-09 08:35:51,478] LMCache WARNING:[0m Failed to batched allocate 1 memory blocks of size 37748736 because no enough memory is available (short by 1 blocks) [3m(memory_management.py:1378:lmcache.v1.memory_management)[0m
[33;20m[2026-09-09 08:35:51,497] LMCache WARNING:[0m Failed to batched allocate 1 memory blocks of size 37748736 because no enough memory is available (short by 1 blocks) [3m(memory_management.py:1378:lmcache.v1.memory_management)[0m
[33;20m[2026-09-09 08:35:51,517] LMCache WARNING:[0m Failed to batched allocate 1 memory blocks of size 37748736 because no enough memory is available (short by 1 blocks) [3m(memory_management.py:1378:lmcache.v1.memory_management)[0m
[33;20m[2026-09-09 08:35:51,539] LMCache WARNING:[0m Failed to batched allocate 1 memory blocks of size 37748736 because no enough memory is available (short by 1 blocks) [3m(memory_management.py:1378:lmcache.v1.memory_management)[0m
[33;20m[2026-09-09 08:35:51,557] LMCache WARNING:[0m Failed to batched allocate 1 memory blocks of size 37748736 because no enough memory is available (short by 1 blocks) [3m(memory_management.py:1378:lmcache.v1.memory_management)[0m
[33;20m[2026-09-09 08:35:51,579] LMCache WARNING:[0m Failed to batched allocate 1 memory blocks of size 37748736 because no enough memory is available (short by 1 blocks) [3m(memory_management.py:1378:lmcache.v1.memory_management)[0m
[33;20m[2026-09-09 08:35:51,600] LMCache WARNING:[0m Failed to batched allocate 1 memory blocks of size 37748736 because no enough memory is available (short by 1 blocks) [3m(memory_management.py:1378:lmcache.v1.memory_management)[0m
[32;20m[2026-09-09 08:35:51,619] LMCache INFO:[0m L1 memory usage 0.99 above watermark 0.80; triggering eviction. [3m(eviction_controller.py:162:lmcache.v1.distributed.storage_controllers.eviction_controller)[0m
[32;20m[2026-09-09 08:35:51,624] LMCache INFO:[0m Stored 256 tokens in 0.001 seconds [3m(gpu_transfer.py:790:lmcache.v1.multiprocess.modules.gpu_transfer)[0m
[32;20m[2026-09-09 08:35:51,645] LMCache INFO:[0m Stored 256 tokens in 0.001 seconds [3m(gpu_transfer.py:790:lmcache.v1.multiprocess.modules.gpu_transfer)[0m
[32;20m[2026-09-09 08:35:51,676] LMCache INFO:[0m Stored 256 tokens in 0.001 seconds [3m(gpu_transfer.py:790:lmcache.v1.multiprocess.modules.gpu_transfer)[0m
[32;20m[2026-09-09 08:35:51,694] LMCache INFO:[0m Stored 256 tokens in 0.001 seconds [3m(gpu_transfer.py:790:lmcache.v1.multiprocess.modules.gpu_transfer)[0m
[32;20m[2026-09-09 08:35:51,718] LMCache INFO:[0m Stored 256 tokens in 0.001 seconds [3m(gpu_transfer.py:790:lmcache.v1.multiprocess.modules.gpu_transfer)[0m
[32;20m[2026-09-09 08:35:51,742] LMCache INFO:[0m Stored 256 tokens in 0.001 seconds [3m(gpu_transfer.py:790:lmcache.v1.multiprocess.modules.gpu_transfer)[0m
[32;20m[2026-09-09 08:35:51,765] LMCache INFO:[0m Stored 256 tokens in 0.001 seconds [3m(gpu_transfer.py:790:lmcache.v1.multiprocess.modules.gpu_transfer)[0m
[32;20m[2026-09-09 08:35:51,791] LMCache INFO:[0m Stored 256 tokens in 0.001 seconds [3m(gpu_transfer.py:790:lmcache.v1.multiprocess.modules.gpu_transfer)[0m
[32;20m[2026-09-09 08:35:51,816] LMCache INFO:[0m Stored 256 tokens in 0.001 seconds [3m(gpu_transfer.py:790:lmcache.v1.multiprocess.modules.gpu_transfer)[0m
[32;20m[2026-09-09 08:35:51,841] LMCache INFO:[0m Stored 256 tokens in 0.001 seconds [3m(gpu_transfer.py:790:lmcache.v1.multiprocess.modules.gpu_transfer)[0m
[32;20m[2026-09-09 08:35:51,868] LMCache INFO:[0m Stored 256 tokens in 0.001 seconds [3m(gpu_transfer.py:790:lmcache.v1.multiprocess.modules.gpu_transfer)[0m
[32;20m[2026-09-09 08:35:51,894] LMCache INFO:[0m Stored 256 tokens in 0.001 seconds [3m(gpu_transfer.py:790:lmcache.v1.multiprocess.modules.gpu_transfer)[0m
[32;20m[2026-09-09 08:35:51,924] LMCache INFO:[0m Stored 256 tokens in 0.001 seconds [3m(gpu_transfer.py:790:lmcache.v1.multiprocess.modules.gpu_transfer)[0m
[32;20m[2026-09-09 08:35:51,952] LMCache INFO:[0m Stored 256 tokens in 0.001 seconds [3m(gpu_transfer.py:790:lmcache.v1.multiprocess.modules.gpu_transfer)[0m
[32;20m[2026-09-09 08:35:51,977] LMCache INFO:[0m Stored 256 tokens in 0.001 seconds [3m(gpu_transfer.py:790:lmcache.v1.multiprocess.modules.gpu_transfer)[0m
[32;20m[2026-09-09 08:35:52,020] LMCache INFO:[0m Stored 256 tokens in 0.001 seconds [3m(gpu_transfer.py:790:lmcache.v1.multiprocess.modules.gpu_transfer)[0m
[32;20m[2026-09-09 08:35:52,043] LMCache INFO:[0m Stored 256 tokens in 0.001 seconds [3m(gpu_transfer.py:790:lmcache.v1.multiprocess.modules.gpu_transfer)[0m
[32;20m[2026-09-09 08:35:52,067] LMCache INFO:[0m Stored 256 tokens in 0.001 seconds [3m(gpu_transfer.py:790:lmcache.v1.multiprocess.modules.gpu_transfer)[0m
INFO:     127.0.0.1:32800 - "GET /metrics HTTP/1.1" 200 OK
[32;20m[2026-09-09 08:35:52,180] LMCache INFO:[0m Stored 256 tokens in 0.001 seconds [3m(gpu_transfer.py:790:lmcache.v1.multiprocess.modules.gpu_transfer)[0m
[32;20m[2026-09-09 08:35:52,200] LMCache INFO:[0m Stored 256 tokens in 0.001 seconds [3m(gpu_transfer.py:790:lmcache.v1.multiprocess.modules.gpu_transfer)[0m
[32;20m[2026-09-09 08:35:52,217] LMCache INFO:[0m Stored 256 tokens in 0.001 seconds [3m(gpu_transfer.py:790:lmcache.v1.multiprocess.modules.gpu_transfer)[0m
[32;20m[2026-09-09 08:35:52,235] LMCache INFO:[0m Stored 256 tokens in 0.001 seconds [3m(gpu_transfer.py:790:lmcache.v1.multiprocess.modules.gpu_transfer)[0m
[33;20m[2026-09-09 08:35:52,267] LMCache WARNING:[0m Failed to batched allocate 1 memory blocks of size 37748736 because no enough memory is available (short by 1 blocks) [3m(memory_management.py:1378:lmcache.v1.memory_management)[0m
[33;20m[2026-09-09 08:35:52,294] LMCache WARNING:[0m Failed to batched allocate 1 memory blocks of size 37748736 because no enough memory is available (short by 1 blocks) [3m(memory_management.py:1378:lmcache.v1.memory_management)[0m
[33;20m[2026-09-09 08:35:52,322] LMCache WARNING:[0m Failed to batched allocate 1 memory blocks of size 37748736 because no enough memory is available (short by 1 blocks) [3m(memory_management.py:1378:lmcache.v1.memory_management)[0m
[33;20m[2026-09-09 08:35:52,349] LMCache WARNING:[0m Failed to batched allocate 1 memory blocks of size 37748736 because no enough memory is available (short by 1 blocks) [3m(memory_management.py:1378:lmcache.v1.memory_management)[0m
[33;20m[2026-09-09 08:35:52,376] LMCache WARNING:[0m Failed to batched allocate 1 memory blocks of size 37748736 because no enough memory is available (short by 1 blocks) [3m(memory_management.py:1378:lmcache.v1.memory_management)[0m
[33;20m[2026-09-09 08:35:52,403] LMCache WARNING:[0m Failed to batched allocate 1 memory blocks of size 37748736 because no enough memory is available (short by 1 blocks) [3m(memory_management.py:1378:lmcache.v1.memory_management)[0m
[33;20m[2026-09-09 08:35:52,431] LMCache WARNING:[0m Failed to batched allocate 1 memory blocks of size 37748736 because no enough memory is available (short by 1 blocks) [3m(memory_management.py:1378:lmcache.v1.memory_management)[0m
[33;20m[2026-09-09 08:35:52,449] LMCache WARNING:[0m Failed to batched allocate 1 memory blocks of size 37748736 because no enough memory is available (short by 1 blocks) [3m(memory_management.py:1378:lmcache.v1.memory_management)[0m
[33;20m[2026-09-09 08:35:52,470] LMCache WARNING:[0m Failed to batched allocate 1 memory blocks of size 37748736 because no enough memory is available (short by 1 blocks) [3m(memory_management.py:1378:lmcache.v1.memory_management)[0m
[32;20m[2026-09-09 08:35:52,620] LMCache INFO:[0m L1 memory usage 0.99 above watermark 0.80; triggering eviction. [3m(eviction_controller.py:162:lmcache.v1.distributed.storage_controllers.eviction_controller)[0m
INFO:     127.0.0.1:32816 - "GET /metrics HTTP/1.1" 200 OK
[32;20m[2026-09-09 08:35:53,051] LMCache INFO:[0m Prefetch request completed (L1+L2): 4/31 retained keys (4 L1, 0 L2) in 0.5 ms (external_request_id=r2-n8192-a1-main-resident-b02b679c, prefetch_request_id=-1) [3m(storage_manager.py:636:lmcache.v1.distributed.storage_manager)[0m
[32;20m[2026-09-09 08:35:53,068] LMCache INFO:[0m Stored 6912 tokens in 0.002 seconds [3m(gpu_transfer.py:790:lmcache.v1.multiprocess.modules.gpu_transfer)[0m
INFO:     127.0.0.1:32822 - "GET /metrics HTTP/1.1" 200 OK
[32;20m[2026-09-09 08:35:53,140] LMCache INFO:[0m Stored 256 tokens in 0.001 seconds [3m(gpu_transfer.py:790:lmcache.v1.multiprocess.modules.gpu_transfer)[0m
[32;20m[2026-09-09 08:35:53,158] LMCache INFO:[0m Stored 256 tokens in 0.001 seconds [3m(gpu_transfer.py:790:lmcache.v1.multiprocess.modules.gpu_transfer)[0m
[32;20m[2026-09-09 08:35:53,174] LMCache INFO:[0m Stored 256 tokens in 0.001 seconds [3m(gpu_transfer.py:790:lmcache.v1.multiprocess.modules.gpu_transfer)[0m
[32;20m[2026-09-09 08:35:53,192] LMCache INFO:[0m Stored 256 tokens in 0.001 seconds [3m(gpu_transfer.py:790:lmcache.v1.multiprocess.modules.gpu_transfer)[0m
[32;20m[2026-09-09 08:35:53,210] LMCache INFO:[0m Stored 256 tokens in 0.001 seconds [3m(gpu_transfer.py:790:lmcache.v1.multiprocess.modules.gpu_transfer)[0m
[32;20m[2026-09-09 08:35:53,228] LMCache INFO:[0m Stored 256 tokens in 0.001 seconds [3m(gpu_transfer.py:790:lmcache.v1.multiprocess.modules.gpu_transfer)[0m
[32;20m[2026-09-09 08:35:53,247] LMCache INFO:[0m Stored 256 tokens in 0.001 seconds [3m(gpu_transfer.py:790:lmcache.v1.multiprocess.modules.gpu_transfer)[0m
[32;20m[2026-09-09 08:35:53,267] LMCache INFO:[0m Stored 256 tokens in 0.001 seconds [3m(gpu_transfer.py:790:lmcache.v1.multiprocess.modules.gpu_transfer)[0m
[32;20m[2026-09-09 08:35:53,287] LMCache INFO:[0m Stored 256 tokens in 0.001 seconds [3m(gpu_transfer.py:790:lmcache.v1.multiprocess.modules.gpu_transfer)[0m
[32;20m[2026-09-09 08:35:53,307] LMCache INFO:[0m Stored 256 tokens in 0.001 seconds [3m(gpu_transfer.py:790:lmcache.v1.multiprocess.modules.gpu_transfer)[0m
[32;20m[2026-09-09 08:35:53,327] LMCache INFO:[0m Stored 256 tokens in 0.001 seconds [3m(gpu_transfer.py:790:lmcache.v1.multiprocess.modules.gpu_transfer)[0m
[32;20m[2026-09-09 08:35:53,348] LMCache INFO:[0m Stored 256 tokens in 0.001 seconds [3m(gpu_transfer.py:790:lmcache.v1.multiprocess.modules.gpu_transfer)[0m
[32;20m[2026-09-09 08:35:53,370] LMCache INFO:[0m Stored 256 tokens in 0.001 seconds [3m(gpu_transfer.py:790:lmcache.v1.multiprocess.modules.gpu_transfer)[0m
[33;20m[2026-09-09 08:35:53,391] LMCache WARNING:[0m Failed to batched allocate 1 memory blocks of size 37748736 because no enough memory is available (short by 1 blocks) [3m(memory_management.py:1378:lmcache.v1.memory_management)[0m
[33;20m[2026-09-09 08:35:53,413] LMCache WARNING:[0m Failed to batched allocate 1 memory blocks of size 37748736 because no enough memory is available (short by 1 blocks) [3m(memory_management.py:1378:lmcache.v1.memory_management)[0m
[33;20m[2026-09-09 08:35:53,436] LMCache WARNING:[0m Failed to batched allocate 1 memory blocks of size 37748736 because no enough memory is available (short by 1 blocks) [3m(memory_management.py:1378:lmcache.v1.memory_management)[0m
[33;20m[2026-09-09 08:35:53,459] LMCache WARNING:[0m Failed to batched allocate 1 memory blocks of size 37748736 because no enough memory is available (short by 1 blocks) [3m(memory_management.py:1378:lmcache.v1.memory_management)[0m
[33;20m[2026-09-09 08:35:53,482] LMCache WARNING:[0m Failed to batched allocate 1 memory blocks of size 37748736 because no enough memory is available (short by 1 blocks) [3m(memory_management.py:1378:lmcache.v1.memory_management)[0m
[33;20m[2026-09-09 08:35:53,506] LMCache WARNING:[0m Failed to batched allocate 1 memory blocks of size 37748736 because no enough memory is available (short by 1 blocks) [3m(memory_management.py:1378:lmcache.v1.memory_management)[0m
[33;20m[2026-09-09 08:35:53,530] LMCache WARNING:[0m Failed to batched allocate 1 memory blocks of size 37748736 because no enough memory is available (short by 1 blocks) [3m(memory_management.py:1378:lmcache.v1.memory_management)[0m
[33;20m[2026-09-09 08:35:53,555] LMCache WARNING:[0m Failed to batched allocate 1 memory blocks of size 37748736 because no enough memory is available (short by 1 blocks) [3m(memory_management.py:1378:lmcache.v1.memory_management)[0m
[33;20m[2026-09-09 08:35:53,579] LMCache WARNING:[0m Failed to batched allocate 1 memory blocks of size 37748736 because no enough memory is available (short by 1 blocks) [3m(memory_management.py:1378:lmcache.v1.memory_management)[0m
[33;20m[2026-09-09 08:35:53,604] LMCache WARNING:[0m Failed to batched allocate 1 memory blocks of size 37748736 because no enough memory is available (short by 1 blocks) [3m(memory_management.py:1378:lmcache.v1.memory_management)[0m
[32;20m[2026-09-09 08:35:53,621] LMCache INFO:[0m L1 memory usage 0.99 above watermark 0.80; triggering eviction. [3m(eviction_controller.py:162:lmcache.v1.distributed.storage_controllers.eviction_controller)[0m
[32;20m[2026-09-09 08:35:53,630] LMCache INFO:[0m Stored 256 tokens in 0.001 seconds [3m(gpu_transfer.py:790:lmcache.v1.multiprocess.modules.gpu_transfer)[0m
[32;20m[2026-09-09 08:35:53,656] LMCache INFO:[0m Stored 256 tokens in 0.001 seconds [3m(gpu_transfer.py:790:lmcache.v1.multiprocess.modules.gpu_transfer)[0m
[32;20m[2026-09-09 08:35:53,683] LMCache INFO:[0m Stored 256 tokens in 0.001 seconds [3m(gpu_transfer.py:790:lmcache.v1.multiprocess.modules.gpu_transfer)[0m
[32;20m[2026-09-09 08:35:53,710] LMCache INFO:[0m Stored 256 tokens in 0.001 seconds [3m(gpu_transfer.py:790:lmcache.v1.multiprocess.modules.gpu_transfer)[0m
[32;20m[2026-09-09 08:35:53,738] LMCache INFO:[0m Stored 256 tokens in 0.001 seconds [3m(gpu_transfer.py:790:lmcache.v1.multiprocess.modules.gpu_transfer)[0m
[32;20m[2026-09-09 08:35:53,766] LMCache INFO:[0m Stored 256 tokens in 0.001 seconds [3m(gpu_transfer.py:790:lmcache.v1.multiprocess.modules.gpu_transfer)[0m
[32;20m[2026-09-09 08:35:53,795] LMCache INFO:[0m Stored 256 tokens in 0.001 seconds [3m(gpu_transfer.py:790:lmcache.v1.multiprocess.modules.gpu_transfer)[0m
[32;20m[2026-09-09 08:35:53,823] LMCache INFO:[0m Stored 256 tokens in 0.001 seconds [3m(gpu_transfer.py:790:lmcache.v1.multiprocess.modules.gpu_transfer)[0m
INFO:     127.0.0.1:32838 - "GET /metrics HTTP/1.1" 200 OK
[32;20m[2026-09-09 08:35:53,915] LMCache INFO:[0m Unregistered KV cache for GPU ID 1137887 [3m(gpu_transfer.py:584:lmcache.v1.multiprocess.modules.gpu_transfer)[0m
[32;20m[2026-09-09 08:35:54,623] LMCache INFO:[0m L1 memory usage 0.87 above watermark 0.80; triggering eviction. [3m(eviction_controller.py:162:lmcache.v1.distributed.storage_controllers.eviction_controller)[0m
[32;20m[2026-09-09 08:35:55,310] LMCache INFO:[0m Unregistered KV cache for GPU ID 1137644 [3m(gpu_transfer.py:584:lmcache.v1.multiprocess.modules.gpu_transfer)[0m
INFO:     Shutting down
INFO:     Waiting for application shutdown.
[32;20m[2026-09-09 08:35:56,971] LMCache INFO:[0m Shutting down LMCache HTTP server... [3m(http_server.py:164:lmcache.v1.multiprocess.http_server)[0m
[32;20m[2026-09-09 08:35:56,971] LMCache INFO:[0m LookupHashLoggingSubscriber closed [3m(lookup_hash.py:137:lmcache.v1.mp_observability.subscribers.logging.lookup_hash)[0m
[32;20m[2026-09-09 08:35:57,318] LMCache INFO:[0m LMCache HTTP server stopped [3m(http_server.py:186:lmcache.v1.multiprocess.http_server)[0m
INFO:     Application shutdown complete.
INFO:     Finished server process [1136550]
