# gpu         pid   type     sm    mem    enc    dec    jpg    ofa     fb   ccpm    command 
# Idx           #    C/G      %      %      %      %      %      %     MB     MB    name 
    0       5875     C      -      -      -      -      -      -   1192      0    python         
    0    1219611     C      -      -      -      -      -      -   1684      0    python         
    0    1953199     C      -      -      -      -      -      -   6446      0    python         
    0    1970308     C      -      -      -      -      -      -   1718      0    python         
    0       5875     C      -      -      -      -      -      -   1192      0    python         
    0    1219611     C      -      -      -      -      -      -   1684      0    python         
    0    1953199     C      -      -      -      -      -      -   6446      0    python         
    0    1970308     C      -      -      -      -      -      -   1718      0    python         
    0       5875     C      -      -      -      -      -      -   1192      0    python         
    0    1219611     C      -      -      -      -      -      -   1684      0    python         
    0    1953199     C      -      -      -      -      -      -   6446      0    python         
    0    1970308     C      -      -      -      -      -      -   1718      0    python         
    0    2401925     C      -      -      -      -      -      -    802      0    VLLM::EngineCor
    0       5875     C      -      -      -      -      -      -   1192      0    python         
    0    1219611     C      -      -      -      -      -      -   1684      0    python         
    0    1953199     C      -      -      -      -      -      -   6446      0    python         
    0    1970308     C      -      -      -      -      -      -   1718      0    python         
    0    2401925     C     10      0      -      -      -      -  16466      0    VLLM::EngineCor
    0       5875     C      -      -      -      -      -      -   1192      0    python         
    0    1219611     C      -      -      -      -      -      -   1684      0    python         
    0    1953199     C      -      -      -      -      -      -   6446      0    python         
    0    1970308     C      -      -      -      -      -      -   1718      0    python         
    0    2401925     C     16      0      -      -      -      -  16466      0    VLLM::EngineCor
    0       5875     C      -      -      -      -      -      -   1192      0    python         
    0    1219611     C      -      -      -      -      -      -   1684      0    python         
    0    1953199     C      -      -      -      -      -      -   6446      0    python         
    0    1970308     C      -      -      -      -      -      -   1718      0    python         
    0    2401925     C     16      1      -      -      -      -  16944      0    VLLM::EngineCor
    0       5875     C      -      -      -      -      -      -   1192      0    python         
    0    1219611     C      -      -      -      -      -      -   1684      0    python         
    0    1953199     C      -      -      -      -      -      -   6446      0    python         
    0    1970308     C      -      -      -      -      -      -   1718      0    python         
    0    2401925     C     30     13      -      -      -      -  41676      0    VLLM::EngineCor
    0       5875     C      -      -      -      -      -      -   1192      0    python         
    0    1219611     C      -      -      -      -      -      -   1684      0    python         
    0    1953199     C      -      -      -      -      -      -   6446      0    python         
    0    1970308     C      -      -      -      -      -      -   1718      0    python         
    0    2401925     C     93     38      -      -      -      -  41676      0    VLLM::EngineCor
    0       5875     C      -      -      -      -      -      -   1192      0    python         
    0    1219611     C      -      -      -      -      -      -   1684      0    python         
    0    1953199     C      -      -      -      -      -      -   6446      0    python         
    0    1970308     C      -      -      -      -      -      -   1718      0    python         
    0    2401925     C     97     36      -      -      -      -  41676      0    VLLM::EngineCor
    0       5875     C      -      -      -      -      -      -   1192      0    python         
# gpu         pid   type     sm    mem    enc    dec    jpg    ofa     fb   ccpm    command 
# Idx           #    C/G      %      %      %      %      %      %     MB     MB    name 
    0    1219611     C      -      -      -      -      -      -   1684      0    python         
    0    1953199     C      -      -      -      -      -      -   6446      0    python         
    0    1970308     C      -      -      -      -      -      -   1718      0    python         
    0    2401925     C     98     37      -      -      -      -  41676      0    VLLM::EngineCor
    0       5875     C      -      -      -      -      -      -   1192      0    python         
    0    1219611     C      -      -      -      -      -      -   1684      0    python         
    0    1953199     C      -      -      -      -      -      -   6446      0    python         
    0    1970308     C      -      -      -      -      -      -   1718      0    python         
    0    2401925     C     98     37      -      -      -      -  41676      0    VLLM::EngineCor
    0       5875     C      -      -      -      -      -      -   1192      0    python         
    0    1219611     C      -      -      -      -      -      -   1684      0    python         
    0    1953199     C      -      -      -      -      -      -   6446      0    python         
    0    1970308     C      -      -      -      -      -      -   1718      0    python         
    0    2401925     C     98     36      -      -      -      -  41676      0    VLLM::EngineCor
    0       5875     C      -      -      -      -      -      -   1192      0    python         
    0    1219611     C      -      -      -      -      -      -   1684      0    python         
    0    1953199     C      -      -      -      -      -      -   6446      0    python         
    0    1970308     C      -      -      -      -      -      -   1718      0    python         
    0    2401925     C     98     37      -      -      -      -  41676      0    VLLM::EngineCor
    0       5875     C      -      -      -      -      -      -   1192      0    python         
    0    1219611     C      -      -      -      -      -      -   1684      0    python         
    0    1953199     C      -      -      -      -      -      -   6446      0    python         
    0    1970308     C      -      -      -      -      -      -   1718      0    python         
    0    2401925     C     98     37      -      -      -      -  41676      0    VLLM::EngineCor
    0       5875     C      -      -      -      -      -      -   1192      0    python         
    0    1219611     C      -      -      -      -      -      -   1684      0    python         
    0    1953199     C      -      -      -      -      -      -   6446      0    python         
    0    1970308     C      -      -      -      -      -      -   1718      0    python         
    0    2401925     C     98     37      -      -      -      -  41676      0    VLLM::EngineCor
    0       5875     C      -      -      -      -      -      -   1192      0    python         
    0    1219611     C      -      -      -      -      -      -   1684      0    python         
    0    1953199     C      -      -      -      -      -      -   6446      0    python         
    0    1970308     C      -      -      -      -      -      -   1718      0    python         
    0    2401925     C     98     36      -      -      -      -  41676      0    VLLM::EngineCor
    0       5875     C      -      -      -      -      -      -   1192      0    python         
    0    1219611     C      -      -      -      -      -      -   1684      0    python         
    0    1953199     C      -      -      -      -      -      -   6446      0    python         
    0    1970308     C      -      -      -      -      -      -   1718      0    python         
    0    2401925     C     97     55      -      -      -      -  41676      0    VLLM::EngineCor
    0       5875     C      -      -      -      -      -      -   1192      0    python         
    0    1219611     C      -      -      -      -      -      -   1684      0    python         
    0    1953199     C      -      -      -      -      -      -   6446      0    python         
    0    1970308     C      -      -      -      -      -      -   1718      0    python         
    0    2401925     C     95     90      -      -      -      -  41676      0    VLLM::EngineCor
# gpu         pid   type     sm    mem    enc    dec    jpg    ofa     fb   ccpm    command 
# Idx           #    C/G      %      %      %      %      %      %     MB     MB    name 
    0       5875     C      -      -      -      -      -      -   1192      0    python         
    0    1219611     C      -      -      -      -      -      -   1684      0    python         
    0    1953199     C      -      -      -      -      -      -   6446      0    python         
    0    1970308     C      -      -      -      -      -      -   1718      0    python         
    0    2401925     C     95     90      -      -      -      -  41676      0    VLLM::EngineCor
    0       5875     C      -      -      -      -      -      -   1192      0    python         
    0    1219611     C      -      -      -      -      -      -   1684      0    python         
    0    1953199     C      -      -      -      -      -      -   6446      0    python         
    0    1970308     C      -      -      -      -      -      -   1718      0    python         
    0    2401925     C     94     90      -      -      -      -  41676      0    VLLM::EngineCor
    0       5875     C      -      -      -      -      -      -   1192      0    python         
    0    1219611     C      -      -      -      -      -      -   1684      0    python         
    0    1953199     C      -      -      -      -      -      -   6446      0    python         
    0    1970308     C      -      -      -      -      -      -   1718      0    python         
    0    2401925     C     95     90      -      -      -      -  41676      0    VLLM::EngineCor
    0       5875     C      -      -      -      -      -      -   1192      0    python         
    0    1219611     C      -      -      -      -      -      -   1684      0    python         
    0    1953199     C      -      -      -      -      -      -   6446      0    python         
    0    1970308     C      -      -      -      -      -      -   1718      0    python         
    0    2401925     C     96     80      -      -      -      -  41676      0    VLLM::EngineCor
    0       5875     C      -      -      -      -      -      -   1192      0    python         
    0    1219611     C      -      -      -      -      -      -   1684      0    python         
    0    1953199     C      -      -      -      -      -      -   6446      0    python         
    0    1970308     C      -      -      -      -      -      -   1718      0    python         
    0    2401925     C     97     53      -      -      -      -  41676      0    VLLM::EngineCor
    0       5875     C      -      -      -      -      -      -   1192      0    python         
    0    1219611     C      -      -      -      -      -      -   1684      0    python         
    0    1953199     C      -      -      -      -      -      -   6446      0    python         
    0    1970308     C      -      -      -      -      -      -   1718      0    python         
    0    2401925     C     98     45      -      -      -      -  41676      0    VLLM::EngineCor
    0       5875     C      -      -      -      -      -      -   1192      0    python         
    0    1219611     C      -      -      -      -      -      -   1684      0    python         
    0    1953199     C      -      -      -      -      -      -   6446      0    python         
    0    1970308     C      -      -      -      -      -      -   1718      0    python         
    0    2401925     C     98     43      -      -      -      -  41676      0    VLLM::EngineCor
    0       5875     C      -      -      -      -      -      -   1192      0    python         
    0    1219611     C      -      -      -      -      -      -   1684      0    python         
    0    1953199     C      -      -      -      -      -      -   6446      0    python         
    0    1970308     C      -      -      -      -      -      -   1718      0    python         
    0    2401925     C     98     44      -      -      -      -  41676      0    VLLM::EngineCor
    0       5875     C      -      -      -      -      -      -   1192      0    python         
    0    1219611     C      -      -      -      -      -      -   1684      0    python         
    0    1953199     C      -      -      -      -      -      -   6446      0    python         
    0    1970308     C      -      -      -      -      -      -   1718      0    python         
# gpu         pid   type     sm    mem    enc    dec    jpg    ofa     fb   ccpm    command 
# Idx           #    C/G      %      %      %      %      %      %     MB     MB    name 
    0    2401925     C     98     40      -      -      -      -  41676      0    VLLM::EngineCor
    0       5875     C      -      -      -      -      -      -   1192      0    python         
    0    1219611     C      -      -      -      -      -      -   1684      0    python         
    0    1953199     C      -      -      -      -      -      -   6446      0    python         
    0    1970308     C      -      -      -      -      -      -   1718      0    python         
    0    2401925     C     98     42      -      -      -      -  41676      0    VLLM::EngineCor
    0       5875     C      -      -      -      -      -      -   1192      0    python         
    0    1219611     C      -      -      -      -      -      -   1684      0    python         
    0    1953199     C      -      -      -      -      -      -   6446      0    python         
    0    1970308     C      -      -      -      -      -      -   1718      0    python         
    0    2401925     C     98     41      -      -      -      -  41676      0    VLLM::EngineCor
    0       5875     C      -      -      -      -      -      -   1192      0    python         
    0    1219611     C      -      -      -      -      -      -   1684      0    python         
    0    1953199     C      -      -      -      -      -      -   6446      0    python         
    0    1970308     C      -      -      -      -      -      -   1718      0    python         
    0    2401925     C     98     38      -      -      -      -  41676      0    VLLM::EngineCor
    0       5875     C      -      -      -      -      -      -   1192      0    python         
    0    1219611     C      -      -      -      -      -      -   1684      0    python         
    0    1953199     C      -      -      -      -      -      -   6446      0    python         
    0    1970308     C      -      -      -      -      -      -   1718      0    python         
    0    2401925     C     98     37      -      -      -      -  41676      0    VLLM::EngineCor
    0       5875     C      -      -      -      -      -      -   1192      0    python         
    0    1219611     C      -      -      -      -      -      -   1684      0    python         
    0    1953199     C      -      -      -      -      -      -   6446      0    python         
    0    1970308     C      -      -      -      -      -      -   1718      0    python         
    0    2401925     C     97     63      -      -      -      -  41676      0    VLLM::EngineCor
    0       5875     C      -      -      -      -      -      -   1192      0    python         
    0    1219611     C      -      -      -      -      -      -   1684      0    python         
    0    1953199     C      -      -      -      -      -      -   6446      0    python         
    0    1970308     C      -      -      -      -      -      -   1718      0    python         
    0    2401925     C     95     89      -      -      -      -  41676      0    VLLM::EngineCor
    0       5875     C      -      -      -      -      -      -   1192      0    python         
    0    1219611     C      -      -      -      -      -      -   1684      0    python         
    0    1953199     C      -      -      -      -      -      -   6446      0    python         
    0    1970308     C      -      -      -      -      -      -   1718      0    python         
    0    2401925     C     95     89      -      -      -      -  41676      0    VLLM::EngineCor
    0       5875     C      -      -      -      -      -      -   1192      0    python         
    0    1219611     C      -      -      -      -      -      -   1684      0    python         
    0    1953199     C      -      -      -      -      -      -   6446      0    python         
    0    1970308     C      -      -      -      -      -      -   1718      0    python         
    0    2401925     C     95     88      -      -      -      -  41676      0    VLLM::EngineCor
    0       5875     C      -      -      -      -      -      -   1192      0    python         
    0    1219611     C      -      -      -      -      -      -   1684      0    python         
    0    1953199     C      -      -      -      -      -      -   6446      0    python         
# gpu         pid   type     sm    mem    enc    dec    jpg    ofa     fb   ccpm    command 
# Idx           #    C/G      %      %      %      %      %      %     MB     MB    name 
    0    1970308     C      -      -      -      -      -      -   1718      0    python         
    0    2401925     C     94     88      -      -      -      -  41676      0    VLLM::EngineCor
    0       5875     C      -      -      -      -      -      -   1192      0    python         
    0    1219611     C      -      -      -      -      -      -   1684      0    python         
    0    1953199     C      -      -      -      -      -      -   6446      0    python         
    0    1970308     C      -      -      -      -      -      -   1718      0    python         
    0    2401925     C     96     73      -      -      -      -  41676      0    VLLM::EngineCor
    0       5875     C      -      -      -      -      -      -   1192      0    python         
    0    1219611     C      -      -      -      -      -      -   1684      0    python         
    0    1953199     C      -      -      -      -      -      -   6446      0    python         
    0    1970308     C      -      -      -      -      -      -   1718      0    python         
    0    2401925     C     97     57      -      -      -      -  41676      0    VLLM::EngineCor
    0       5875     C      -      -      -      -      -      -   1192      0    python         
    0    1219611     C      -      -      -      -      -      -   1684      0    python         
    0    1953199     C      -      -      -      -      -      -   6446      0    python         
    0    1970308     C      -      -      -      -      -      -   1718      0    python         
    0    2401925     C     97     50      -      -      -      -  41676      0    VLLM::EngineCor
    0       5875     C      -      -      -      -      -      -   1192      0    python         
    0    1219611     C      -      -      -      -      -      -   1684      0    python         
    0    1953199     C      -      -      -      -      -      -   6446      0    python         
    0    1970308     C      -      -      -      -      -      -   1718      0    python         
    0    2401925     C     97     45      -      -      -      -  41676      0    VLLM::EngineCor
    0       5875     C      -      -      -      -      -      -   1192      0    python         
    0    1219611     C      -      -      -      -      -      -   1684      0    python         
    0    1953199     C      -      -      -      -      -      -   6446      0    python         
    0    1970308     C      -      -      -      -      -      -   1718      0    python         
    0    2401925     C     98     39      -      -      -      -  41676      0    VLLM::EngineCor
    0       5875     C      -      -      -      -      -      -   1192      0    python         
    0    1219611     C      -      -      -      -      -      -   1684      0    python         
    0    1953199     C      -      -      -      -      -      -   6446      0    python         
    0    1970308     C      -      -      -      -      -      -   1718      0    python         
    0    2401925     C     98     42      -      -      -      -  41676      0    VLLM::EngineCor
    0       5875     C      -      -      -      -      -      -   1192      0    python         
    0    1219611     C      -      -      -      -      -      -   1684      0    python         
    0    1953199     C      -      -      -      -      -      -   6446      0    python         
    0    1970308     C      -      -      -      -      -      -   1718      0    python         
    0    2401925     C     98     39      -      -      -      -  41676      0    VLLM::EngineCor
    0       5875     C      -      -      -      -      -      -   1192      0    python         
    0    1219611     C      -      -      -      -      -      -   1684      0    python         
    0    1953199     C      -      -      -      -      -      -   6446      0    python         
    0    1970308     C      -      -      -      -      -      -   1718      0    python         
    0    2401925     C     97     40      -      -      -      -  41676      0    VLLM::EngineCor
    0       5875     C      -      -      -      -      -      -   1192      0    python         
    0    1219611     C      -      -      -      -      -      -   1684      0    python         
# gpu         pid   type     sm    mem    enc    dec    jpg    ofa     fb   ccpm    command 
# Idx           #    C/G      %      %      %      %      %      %     MB     MB    name 
    0    1953199     C      -      -      -      -      -      -   6446      0    python         
    0    1970308     C      -      -      -      -      -      -   1718      0    python         
    0    2401925     C     95     71      -      -      -      -  41676      0    VLLM::EngineCor
    0       5875     C      -      -      -      -      -      -   1192      0    python         
    0    1219611     C      -      -      -      -      -      -   1684      0    python         
    0    1953199     C      -      -      -      -      -      -   6446      0    python         
    0    1970308     C      -      -      -      -      -      -   1718      0    python         
    0    2401925     C     95     87      -      -      -      -  41676      0    VLLM::EngineCor
    0       5875     C      -      -      -      -      -      -   1192      0    python         
    0    1219611     C      -      -      -      -      -      -   1684      0    python         
    0    1953199     C      -      -      -      -      -      -   6446      0    python         
    0    1970308     C      -      -      -      -      -      -   1718      0    python         
    0    2401925     C     94     87      -      -      -      -  41676      0    VLLM::EngineCor
    0       5875     C      -      -      -      -      -      -   1192      0    python         
    0    1219611     C      -      -      -      -      -      -   1684      0    python         
    0    1953199     C      -      -      -      -      -      -   6446      0    python         
    0    1970308     C      -      -      -      -      -      -   1718      0    python         
    0    2401925     C     94     84      -      -      -      -  41676      0    VLLM::EngineCor
    0       5875     C      -      -      -      -      -      -   1192      0    python         
    0    1219611     C      -      -      -      -      -      -   1684      0    python         
    0    1953199     C      -      -      -      -      -      -   6446      0    python         
    0    1970308     C      -      -      -      -      -      -   1718      0    python         
    0    2401925     C     94     87      -      -      -      -  41676      0    VLLM::EngineCor
    0       5875     C      -      -      -      -      -      -   1192      0    python         
    0    1219611     C      -      -      -      -      -      -   1684      0    python         
    0    1953199     C      -      -      -      -      -      -   6446      0    python         
    0    1970308     C      -      -      -      -      -      -   1718      0    python         
    0    2401925     C     95     87      -      -      -      -  41676      0    VLLM::EngineCor
    0       5875     C      -      -      -      -      -      -   1192      0    python         
    0    1219611     C      -      -      -      -      -      -   1684      0    python         
    0    1953199     C      -      -      -      -      -      -   6446      0    python         
    0    1970308     C      -      -      -      -      -      -   1718      0    python         
    0    2401925     C     97     59      -      -      -      -  41676      0    VLLM::EngineCor
    0       5875     C      -      -      -      -      -      -   1192      0    python         
    0    1219611     C      -      -      -      -      -      -   1684      0    python         
    0    1953199     C      -      -      -      -      -      -   6446      0    python         
    0    1970308     C      -      -      -      -      -      -   1718      0    python         
    0    2401925     C     97     49      -      -      -      -  41676      0    VLLM::EngineCor
    0       5875     C      -      -      -      -      -      -   1192      0    python         
    0    1219611     C      -      -      -      -      -      -   1684      0    python         
    0    1953199     C      -      -      -      -      -      -   6446      0    python         
    0    1970308     C      -      -      -      -      -      -   1718      0    python         
    0    2401925     C     98     40      -      -      -      -  41676      0    VLLM::EngineCor
    0       5875     C      -      -      -      -      -      -   1192      0    python         
# gpu         pid   type     sm    mem    enc    dec    jpg    ofa     fb   ccpm    command 
# Idx           #    C/G      %      %      %      %      %      %     MB     MB    name 
    0    1219611     C      -      -      -      -      -      -   1684      0    python         
    0    1953199     C      -      -      -      -      -      -   6446      0    python         
    0    1970308     C      -      -      -      -      -      -   1718      0    python         
    0    2401925     C     98     37      -      -      -      -  41676      0    VLLM::EngineCor
    0       5875     C      -      -      -      -      -      -   1192      0    python         
    0    1219611     C      -      -      -      -      -      -   1684      0    python         
    0    1953199     C      -      -      -      -      -      -   6446      0    python         
    0    1970308     C      -      -      -      -      -      -   1718      0    python         
    0    2401925     C     97     41      -      -      -      -  41676      0    VLLM::EngineCor
    0       5875     C      -      -      -      -      -      -   1192      0    python         
    0    1219611     C      -      -      -      -      -      -   1684      0    python         
    0    1953199     C      -      -      -      -      -      -   6446      0    python         
    0    1970308     C      -      -      -      -      -      -   1718      0    python         
    0    2401925     C     97     45      -      -      -      -  41676      0    VLLM::EngineCor
    0       5875     C      -      -      -      -      -      -   1192      0    python         
    0    1219611     C      -      -      -      -      -      -   1684      0    python         
    0    1953199     C      -      -      -      -      -      -   6446      0    python         
    0    1970308     C      -      -      -      -      -      -   1718      0    python         
    0    2401925     C     96     67      -      -      -      -  41676      0    VLLM::EngineCor
    0       5875     C      -      -      -      -      -      -   1192      0    python         
    0    1219611     C      -      -      -      -      -      -   1684      0    python         
    0    1953199     C      -      -      -      -      -      -   6446      0    python         
    0    1970308     C      -      -      -      -      -      -   1718      0    python         
    0    2401925     C     94     86      -      -      -      -  41676      0    VLLM::EngineCor
    0       5875     C      -      -      -      -      -      -   1192      0    python         
    0    1219611     C      -      -      -      -      -      -   1684      0    python         
    0    1953199     C      -      -      -      -      -      -   6446      0    python         
    0    1970308     C      -      -      -      -      -      -   1718      0    python         
    0    2401925     C     94     86      -      -      -      -  41676      0    VLLM::EngineCor
    0       5875     C      -      -      -      -      -      -   1192      0    python         
    0    1219611     C      -      -      -      -      -      -   1684      0    python         
    0    1953199     C      -      -      -      -      -      -   6446      0    python         
    0    1970308     C      -      -      -      -      -      -   1718      0    python         
    0    2401925     C     94     86      -      -      -      -  41676      0    VLLM::EngineCor
    0       5875     C      -      -      -      -      -      -   1192      0    python         
    0    1219611     C      -      -      -      -      -      -   1684      0    python         
    0    1953199     C      -      -      -      -      -      -   6446      0    python         
    0    1970308     C      -      -      -      -      -      -   1718      0    python         
    0    2401925     C     95     87      -      -      -      -  41676      0    VLLM::EngineCor
    0       5875     C      -      -      -      -      -      -   1192      0    python         
    0    1219611     C      -      -      -      -      -      -   1684      0    python         
    0    1953199     C      -      -      -      -      -      -   6446      0    python         
    0    1970308     C      -      -      -      -      -      -   1718      0    python         
    0    2401925     C     95     87      -      -      -      -  41676      0    VLLM::EngineCor
# gpu         pid   type     sm    mem    enc    dec    jpg    ofa     fb   ccpm    command 
# Idx           #    C/G      %      %      %      %      %      %     MB     MB    name 
    0       5875     C      -      -      -      -      -      -   1192      0    python         
    0    1219611     C      -      -      -      -      -      -   1684      0    python         
    0    1953199     C      -      -      -      -      -      -   6446      0    python         
    0    1970308     C      -      -      -      -      -      -   1718      0    python         
    0    2401925     C     96     69      -      -      -      -  41676      0    VLLM::EngineCor
    0       5875     C      -      -      -      -      -      -   1192      0    python         
    0    1219611     C      -      -      -      -      -      -   1684      0    python         
    0    1953199     C      -      -      -      -      -      -   6446      0    python         
    0    1970308     C      -      -      -      -      -      -   1718      0    python         
    0    2401925     C     97     56      -      -      -      -  41676      0    VLLM::EngineCor
    0       5875     C      -      -      -      -      -      -   1192      0    python         
    0    1219611     C      -      -      -      -      -      -   1684      0    python         
    0    1953199     C      -      -      -      -      -      -   6446      0    python         
    0    1970308     C      -      -      -      -      -      -   1718      0    python         
    0    2401925     C     97     45      -      -      -      -  41676      0    VLLM::EngineCor
    0       5875     C      -      -      -      -      -      -   1192      0    python         
    0    1219611     C      -      -      -      -      -      -   1684      0    python         
    0    1953199     C      -      -      -      -      -      -   6446      0    python         
    0    1970308     C      -      -      -      -      -      -   1718      0    python         
    0    2401925     C     97     52      -      -      -      -  41676      0    VLLM::EngineCor
    0       5875     C      -      -      -      -      -      -   1192      0    python         
    0    1219611     C      -      -      -      -      -      -   1684      0    python         
    0    1953199     C      -      -      -      -      -      -   6446      0    python         
    0    1970308     C      -      -      -      -      -      -   1718      0    python         
    0    2401925     C     95     74      -      -      -      -  41676      0    VLLM::EngineCor
    0       5875     C      -      -      -      -      -      -   1192      0    python         
    0    1219611     C      -      -      -      -      -      -   1684      0    python         
    0    1953199     C      -      -      -      -      -      -   6446      0    python         
    0    1970308     C      -      -      -      -      -      -   1718      0    python         
    0    2401925     C     95     85      -      -      -      -  41676      0    VLLM::EngineCor
    0       5875     C      -      -      -      -      -      -   1192      0    python         
    0    1219611     C      -      -      -      -      -      -   1684      0    python         
    0    1953199     C      -      -      -      -      -      -   6446      0    python         
    0    1970308     C      -      -      -      -      -      -   1718      0    python         
    0    2401925     C     94     84      -      -      -      -  41676      0    VLLM::EngineCor
    0       5875     C      -      -      -      -      -      -   1192      0    python         
    0    1219611     C      -      -      -      -      -      -   1684      0    python         
    0    1953199     C      -      -      -      -      -      -   6446      0    python         
    0    1970308     C      -      -      -      -      -      -   1718      0    python         
    0    2401925     C     94     84      -      -      -      -  41676      0    VLLM::EngineCor
    0       5875     C      -      -      -      -      -      -   1192      0    python         
    0    1219611     C      -      -      -      -      -      -   1684      0    python         
    0    1953199     C      -      -      -      -      -      -   6446      0    python         
    0    1970308     C      -      -      -      -      -      -   1718      0    python         
# gpu         pid   type     sm    mem    enc    dec    jpg    ofa     fb   ccpm    command 
# Idx           #    C/G      %      %      %      %      %      %     MB     MB    name 
    0    2401925     C     94     84      -      -      -      -  41676      0    VLLM::EngineCor
    0       5875     C      -      -      -      -      -      -   1192      0    python         
    0    1219611     C      -      -      -      -      -      -   1684      0    python         
    0    1953199     C      -      -      -      -      -      -   6446      0    python         
    0    1970308     C      -      -      -      -      -      -   1718      0    python         
    0    2401925     C     94     83      -      -      -      -  41676      0    VLLM::EngineCor
    0       5875     C      -      -      -      -      -      -   1192      0    python         
    0    1219611     C      -      -      -      -      -      -   1684      0    python         
    0    1953199     C      -      -      -      -      -      -   6446      0    python         
    0    1970308     C      -      -      -      -      -      -   1718      0    python         
    0    2401925     C     96     67      -      -      -      -  41676      0    VLLM::EngineCor
    0       5875     C      -      -      -      -      -      -   1192      0    python         
    0    1219611     C      -      -      -      -      -      -   1684      0    python         
    0    1953199     C      -      -      -      -      -      -   6446      0    python         
    0    1970308     C      -      -      -      -      -      -   1718      0    python         
    0    2401925     C     96     54      -      -      -      -  41676      0    VLLM::EngineCor
    0       5875     C      -      -      -      -      -      -   1192      0    python         
    0    1219611     C      -      -      -      -      -      -   1684      0    python         
    0    1953199     C      -      -      -      -      -      -   6446      0    python         
    0    1970308     C      -      -      -      -      -      -   1718      0    python         
    0    2401925     C     95     72      -      -      -      -  41676      0    VLLM::EngineCor
    0       5875     C      -      -      -      -      -      -   1192      0    python         
    0    1219611     C      -      -      -      -      -      -   1684      0    python         
    0    1953199     C      -      -      -      -      -      -   6446      0    python         
    0    1970308     C      -      -      -      -      -      -   1718      0    python         
    0    2401925     C     94     80      -      -      -      -  41676      0    VLLM::EngineCor
    0       5875     C      -      -      -      -      -      -   1192      0    python         
    0    1219611     C      -      -      -      -      -      -   1684      0    python         
    0    1953199     C      -      -      -      -      -      -   6446      0    python         
    0    1970308     C      -      -      -      -      -      -   1718      0    python         
    0    2401925     C     94     80      -      -      -      -  41676      0    VLLM::EngineCor
    0       5875     C      -      -      -      -      -      -   1192      0    python         
    0    1219611     C      -      -      -      -      -      -   1684      0    python         
    0    1953199     C      -      -      -      -      -      -   6446      0    python         
    0    1970308     C      -      -      -      -      -      -   1718      0    python         
    0    2401925     C     95     81      -      -      -      -  41676      0    VLLM::EngineCor
    0       5875     C      -      -      -      -      -      -   1192      0    python         
    0    1219611     C      -      -      -      -      -      -   1684      0    python         
    0    1953199     C      -      -      -      -      -      -   6446      0    python         
    0    1970308     C      -      -      -      -      -      -   1718      0    python         
    0    2401925     C     94     80      -      -      -      -  41676      0    VLLM::EngineCor
    0       5875     C      -      -      -      -      -      -   1192      0    python         
    0    1219611     C      -      -      -      -      -      -   1684      0    python         
    0    1953199     C      -      -      -      -      -      -   6446      0    python         
# gpu         pid   type     sm    mem    enc    dec    jpg    ofa     fb   ccpm    command 
# Idx           #    C/G      %      %      %      %      %      %     MB     MB    name 
    0    1970308     C      -      -      -      -      -      -   1718      0    python         
    0    2401925     C     95     81      -      -      -      -  41676      0    VLLM::EngineCor
    0       5875     C      -      -      -      -      -      -   1192      0    python         
    0    1219611     C      -      -      -      -      -      -   1684      0    python         
    0    1953199     C      -      -      -      -      -      -   6446      0    python         
    0    1970308     C      -      -      -      -      -      -   1718      0    python         
    0    2401925     C     96     57      -      -      -      -  41676      0    VLLM::EngineCor
    0       5875     C      -      -      -      -      -      -   1192      0    python         
    0    1219611     C      -      -      -      -      -      -   1684      0    python         
    0    1953199     C      -      -      -      -      -      -   6446      0    python         
    0    1970308     C      -      -      -      -      -      -   1718      0    python         
    0    2401925     C     94     77      -      -      -      -  41676      0    VLLM::EngineCor
    0       5875     C      -      -      -      -      -      -   1192      0    python         
    0    1219611     C      -      -      -      -      -      -   1684      0    python         
    0    1953199     C      -      -      -      -      -      -   6446      0    python         
    0    1970308     C      -      -      -      -      -      -   1718      0    python         
    0    2401925     C     94     79      -      -      -      -  41676      0    VLLM::EngineCor
    0       5875     C      -      -      -      -      -      -   1192      0    python         
    0    1219611     C      -      -      -      -      -      -   1684      0    python         
    0    1953199     C      -      -      -      -      -      -   6446      0    python         
    0    1970308     C      -      -      -      -      -      -   1718      0    python         
    0    2401925     C     94     79      -      -      -      -  41676      0    VLLM::EngineCor
    0       5875     C      -      -      -      -      -      -   1192      0    python         
    0    1219611     C      -      -      -      -      -      -   1684      0    python         
    0    1953199     C      -      -      -      -      -      -   6446      0    python         
    0    1970308     C      -      -      -      -      -      -   1718      0    python         
    0    2401925     C     93     78      -      -      -      -  41676      0    VLLM::EngineCor
    0       5875     C      -      -      -      -      -      -   1192      0    python         
    0    1219611     C      -      -      -      -      -      -   1684      0    python         
    0    1953199     C      -      -      -      -      -      -   6446      0    python         
    0    1970308     C      -      -      -      -      -      -   1718      0    python         
    0    2401925     C     95     79      -      -      -      -  41676      0    VLLM::EngineCor
    0       5875     C      -      -      -      -      -      -   1192      0    python         
    0    1219611     C      -      -      -      -      -      -   1684      0    python         
    0    1953199     C      -      -      -      -      -      -   6446      0    python         
    0    1970308     C      -      -      -      -      -      -   1718      0    python         
    0    2401925     C     95     80      -      -      -      -  41676      0    VLLM::EngineCor
    0       5875     C      -      -      -      -      -      -   1192      0    python         
    0    1219611     C      -      -      -      -      -      -   1684      0    python         
    0    1953199     C      -      -      -      -      -      -   6446      0    python         
    0    1970308     C      -      -      -      -      -      -   1718      0    python         
    0    2401925     C     95     80      -      -      -      -  41676      0    VLLM::EngineCor
    0       5875     C      -      -      -      -      -      -   1192      0    python         
    0    1219611     C      -      -      -      -      -      -   1684      0    python         
# gpu         pid   type     sm    mem    enc    dec    jpg    ofa     fb   ccpm    command 
# Idx           #    C/G      %      %      %      %      %      %     MB     MB    name 
    0    1953199     C      -      -      -      -      -      -   6446      0    python         
    0    1970308     C      -      -      -      -      -      -   1718      0    python         
    0    2401925     C     96     63      -      -      -      -  41676      0    VLLM::EngineCor
    0       5875     C      -      -      -      -      -      -   1192      0    python         
    0    1219611     C      -      -      -      -      -      -   1684      0    python         
    0    1953199     C      -      -      -      -      -      -   6446      0    python         
    0    1970308     C      -      -      -      -      -      -   1718      0    python         
    0    2401925     C     95     73      -      -      -      -  41676      0    VLLM::EngineCor
    0       5875     C      -      -      -      -      -      -   1192      0    python         
    0    1219611     C      -      -      -      -      -      -   1684      0    python         
    0    1953199     C      -      -      -      -      -      -   6446      0    python         
    0    1970308     C      -      -      -      -      -      -   1718      0    python         
    0    2401925     C     94     79      -      -      -      -  41676      0    VLLM::EngineCor
    0       5875     C      -      -      -      -      -      -   1192      0    python         
    0    1219611     C      -      -      -      -      -      -   1684      0    python         
    0    1953199     C      -      -      -      -      -      -   6446      0    python         
    0    1970308     C      -      -      -      -      -      -   1718      0    python         
    0    2401925     C     95     80      -      -      -      -  41676      0    VLLM::EngineCor
    0       5875     C      -      -      -      -      -      -   1192      0    python         
    0    1219611     C      -      -      -      -      -      -   1684      0    python         
    0    1953199     C      -      -      -      -      -      -   6446      0    python         
    0    1970308     C      -      -      -      -      -      -   1718      0    python         
    0    2401925     C     95     81      -      -      -      -  41676      0    VLLM::EngineCor
    0       5875     C      -      -      -      -      -      -   1192      0    python         
    0    1219611     C      -      -      -      -      -      -   1684      0    python         
    0    1953199     C      -      -      -      -      -      -   6446      0    python         
    0    1970308     C      -      -      -      -      -      -   1718      0    python         
    0    2401925     C     95     80      -      -      -      -  41676      0    VLLM::EngineCor
    0       5875     C      -      -      -      -      -      -   1192      0    python         
    0    1219611     C      -      -      -      -      -      -   1684      0    python         
    0    1953199     C      -      -      -      -      -      -   6446      0    python         
    0    1970308     C      -      -      -      -      -      -   1718      0    python         
    0    2401925     C     95     81      -      -      -      -  41676      0    VLLM::EngineCor
    0       5875     C      -      -      -      -      -      -   1192      0    python         
    0    1219611     C      -      -      -      -      -      -   1684      0    python         
    0    1953199     C      -      -      -      -      -      -   6446      0    python         
    0    1970308     C      -      -      -      -      -      -   1718      0    python         
    0    2401925     C     95     66      -      -      -      -  41676      0    VLLM::EngineCor
    0       5875     C      -      -      -      -      -      -   1192      0    python         
    0    1219611     C      -      -      -      -      -      -   1684      0    python         
    0    1953199     C      -      -      -      -      -      -   6446      0    python         
    0    1970308     C      -      -      -      -      -      -   1718      0    python         
    0    2401925     C     96     56      -      -      -      -  41676      0    VLLM::EngineCor
    0       5875     C      -      -      -      -      -      -   1192      0    python         
# gpu         pid   type     sm    mem    enc    dec    jpg    ofa     fb   ccpm    command 
# Idx           #    C/G      %      %      %      %      %      %     MB     MB    name 
    0    1219611     C      -      -      -      -      -      -   1684      0    python         
    0    1953199     C      -      -      -      -      -      -   6446      0    python         
    0    1970308     C      -      -      -      -      -      -   1718      0    python         
    0    2401925     C     97     50      -      -      -      -  41676      0    VLLM::EngineCor
    0       5875     C      -      -      -      -      -      -   1192      0    python         
    0    1219611     C      -      -      -      -      -      -   1684      0    python         
    0    1953199     C      -      -      -      -      -      -   6446      0    python         
    0    1970308     C      -      -      -      -      -      -   1718      0    python         
    0    2401925     C     98     41      -      -      -      -  41676      0    VLLM::EngineCor
    0       5875     C      -      -      -      -      -      -   1192      0    python         
    0    1219611     C      -      -      -      -      -      -   1684      0    python         
    0    1953199     C      -      -      -      -      -      -   6446      0    python         
    0    1970308     C      -      -      -      -      -      -   1718      0    python         
    0    2401925     C     98     43      -      -      -      -  41676      0    VLLM::EngineCor
    0       5875     C      -      -      -      -      -      -   1192      0    python         
    0    1219611     C      -      -      -      -      -      -   1684      0    python         
    0    1953199     C      -      -      -      -      -      -   6446      0    python         
    0    1970308     C      -      -      -      -      -      -   1718      0    python         
    0    2401925     C     96     68      -      -      -      -  41676      0    VLLM::EngineCor
    0       5875     C      -      -      -      -      -      -   1192      0    python         
    0    1219611     C      -      -      -      -      -      -   1684      0    python         
    0    1953199     C      -      -      -      -      -      -   6446      0    python         
    0    1970308     C      -      -      -      -      -      -   1718      0    python         
    0    2401925     C     95     85      -      -      -      -  41676      0    VLLM::EngineCor
    0       5875     C      -      -      -      -      -      -   1192      0    python         
    0    1219611     C      -      -      -      -      -      -   1684      0    python         
    0    1953199     C      -      -      -      -      -      -   6446      0    python         
    0    1970308     C      -      -      -      -      -      -   1718      0    python         
    0    2401925     C     94     84      -      -      -      -  41676      0    VLLM::EngineCor
    0       5875     C      -      -      -      -      -      -   1192      0    python         
    0    1219611     C      -      -      -      -      -      -   1684      0    python         
    0    1953199     C      -      -      -      -      -      -   6446      0    python         
    0    1970308     C      -      -      -      -      -      -   1718      0    python         
    0    2401925     C     93     84      -      -      -      -  41676      0    VLLM::EngineCor
    0       5875     C      -      -      -      -      -      -   1192      0    python         
    0    1219611     C      -      -      -      -      -      -   1684      0    python         
    0    1953199     C      -      -      -      -      -      -   6446      0    python         
    0    1970308     C      -      -      -      -      -      -   1718      0    python         
    0    2401925     C     94     84      -      -      -      -  41676      0    VLLM::EngineCor
    0       5875     C      -      -      -      -      -      -   1192      0    python         
    0    1219611     C      -      -      -      -      -      -   1684      0    python         
    0    1953199     C      -      -      -      -      -      -   6446      0    python         
    0    1970308     C      -      -      -      -      -      -   1718      0    python         
    0    2401925     C     94     84      -      -      -      -  41676      0    VLLM::EngineCor
# gpu         pid   type     sm    mem    enc    dec    jpg    ofa     fb   ccpm    command 
# Idx           #    C/G      %      %      %      %      %      %     MB     MB    name 
    0       5875     C      -      -      -      -      -      -   1192      0    python         
    0    1219611     C      -      -      -      -      -      -   1684      0    python         
    0    1953199     C      -      -      -      -      -      -   6446      0    python         
    0    1970308     C      -      -      -      -      -      -   1718      0    python         
    0    2401925     C     95     65      -      -      -      -  41676      0    VLLM::EngineCor
    0       5875     C      -      -      -      -      -      -   1192      0    python         
    0    1219611     C      -      -      -      -      -      -   1684      0    python         
    0    1953199     C      -      -      -      -      -      -   6446      0    python         
    0    1970308     C      -      -      -      -      -      -   1718      0    python         
    0    2401925     C     97     46      -      -      -      -  41676      0    VLLM::EngineCor
    0       5875     C      -      -      -      -      -      -   1192      0    python         
    0    1219611     C      -      -      -      -      -      -   1684      0    python         
    0    1953199     C      -      -      -      -      -      -   6446      0    python         
    0    1970308     C      -      -      -      -      -      -   1718      0    python         
    0    2401925     C     97     47      -      -      -      -  41676      0    VLLM::EngineCor
    0       5875     C      -      -      -      -      -      -   1192      0    python         
    0    1219611     C      -      -      -      -      -      -   1684      0    python         
    0    1953199     C      -      -      -      -      -      -   6446      0    python         
    0    1970308     C      -      -      -      -      -      -   1718      0    python         
    0    2401925     C     98     36      -      -      -      -  41676      0    VLLM::EngineCor
    0       5875     C      -      -      -      -      -      -   1192      0    python         
    0    1219611     C      -      -      -      -      -      -   1684      0    python         
    0    1953199     C      -      -      -      -      -      -   6446      0    python         
    0    1970308     C      -      -      -      -      -      -   1718      0    python         
    0    2401925     C     98     34      -      -      -      -  41676      0    VLLM::EngineCor
    0       5875     C      -      -      -      -      -      -   1192      0    python         
    0    1219611     C      -      -      -      -      -      -   1684      0    python         
    0    1953199     C      -      -      -      -      -      -   6446      0    python         
    0    1970308     C      -      -      -      -      -      -   1718      0    python         
    0    2401925     C     96     53      -      -      -      -  41676      0    VLLM::EngineCor
    0       5875     C      -      -      -      -      -      -   1192      0    python         
    0    1219611     C      -      -      -      -      -      -   1684      0    python         
    0    1953199     C      -      -      -      -      -      -   6446      0    python         
    0    1970308     C      -      -      -      -      -      -   1718      0    python         
    0    2401925     C     94     87      -      -      -      -  41676      0    VLLM::EngineCor
    0       5875     C      -      -      -      -      -      -   1192      0    python         
    0    1219611     C      -      -      -      -      -      -   1684      0    python         
    0    1953199     C      -      -      -      -      -      -   6446      0    python         
    0    1970308     C      -      -      -      -      -      -   1718      0    python         
    0    2401925     C     95     88      -      -      -      -  41676      0    VLLM::EngineCor
    0       5875     C      -      -      -      -      -      -   1192      0    python         
    0    1219611     C      -      -      -      -      -      -   1684      0    python         
    0    1953199     C      -      -      -      -      -      -   6446      0    python         
    0    1970308     C      -      -      -      -      -      -   1718      0    python         
# gpu         pid   type     sm    mem    enc    dec    jpg    ofa     fb   ccpm    command 
# Idx           #    C/G      %      %      %      %      %      %     MB     MB    name 
    0    2401925     C     96     65      -      -      -      -  41676      0    VLLM::EngineCor
    0       5875     C      -      -      -      -      -      -   1192      0    python         
    0    1219611     C      -      -      -      -      -      -   1684      0    python         
    0    1953199     C      -      -      -      -      -      -   6446      0    python         
    0    1970308     C      -      -      -      -      -      -   1718      0    python         
    0    2401925     C     96     82      -      -      -      -  41676      0    VLLM::EngineCor
    0       5875     C      -      -      -      -      -      -   1192      0    python         
    0    1219611     C      -      -      -      -      -      -   1684      0    python         
    0    1953199     C      -      -      -      -      -      -   6446      0    python         
    0    1970308     C      -      -      -      -      -      -   1718      0    python         
    0    2401925     C     97     64      -      -      -      -  41676      0    VLLM::EngineCor
    0       5875     C      -      -      -      -      -      -   1192      0    python         
    0    1219611     C      -      -      -      -      -      -   1684      0    python         
    0    1953199     C      -      -      -      -      -      -   6446      0    python         
    0    1970308     C      -      -      -      -      -      -   1718      0    python         
    0    2401925     C     95     86      -      -      -      -  41676      0    VLLM::EngineCor
    0       5875     C      -      -      -      -      -      -   1192      0    python         
    0    1219611     C      -      -      -      -      -      -   1684      0    python         
    0    1953199     C      -      -      -      -      -      -   6446      0    python         
    0    1970308     C      -      -      -      -      -      -   1718      0    python         
    0    2401925     C     96     73      -      -      -      -  41676      0    VLLM::EngineCor
    0       5875     C      -      -      -      -      -      -   1192      0    python         
    0    1219611     C      -      -      -      -      -      -   1684      0    python         
    0    1953199     C      -      -      -      -      -      -   6446      0    python         
    0    1970308     C      -      -      -      -      -      -   1718      0    python         
    0    2401925     C     97     44      -      -      -      -  41676      0    VLLM::EngineCor
    0       5875     C      -      -      -      -      -      -   1192      0    python         
    0    1219611     C      -      -      -      -      -      -   1684      0    python         
    0    1953199     C      -      -      -      -      -      -   6446      0    python         
    0    1970308     C      -      -      -      -      -      -   1718      0    python         
    0    2401925     C     97     46      -      -      -      -  41676      0    VLLM::EngineCor
    0       5875     C      -      -      -      -      -      -   1192      0    python         
    0    1219611     C      -      -      -      -      -      -   1684      0    python         
    0    1953199     C      -      -      -      -      -      -   6446      0    python         
    0    1970308     C      -      -      -      -      -      -   1718      0    python         
    0    2401925     C     98     38      -      -      -      -  41676      0    VLLM::EngineCor
    0       5875     C      -      -      -      -      -      -   1192      0    python         
    0    1219611     C      -      -      -      -      -      -   1684      0    python         
    0    1953199     C      -      -      -      -      -      -   6446      0    python         
    0    1970308     C      -      -      -      -      -      -   1718      0    python         
    0    2401925     C     98     40      -      -      -      -  41676      0    VLLM::EngineCor
    0       5875     C      -      -      -      -      -      -   1192      0    python         
    0    1219611     C      -      -      -      -      -      -   1684      0    python         
    0    1953199     C      -      -      -      -      -      -   6446      0    python         
# gpu         pid   type     sm    mem    enc    dec    jpg    ofa     fb   ccpm    command 
# Idx           #    C/G      %      %      %      %      %      %     MB     MB    name 
    0    1970308     C      -      -      -      -      -      -   1718      0    python         
    0    2401925     C     98     34      -      -      -      -  41676      0    VLLM::EngineCor
    0       5875     C      -      -      -      -      -      -   1192      0    python         
    0    1219611     C      -      -      -      -      -      -   1684      0    python         
    0    1953199     C      -      -      -      -      -      -   6446      0    python         
    0    1970308     C      -      -      -      -      -      -   1718      0    python         
    0    2401925     C     98     35      -      -      -      -  41676      0    VLLM::EngineCor
    0       5875     C      -      -      -      -      -      -   1192      0    python         
    0    1219611     C      -      -      -      -      -      -   1684      0    python         
    0    1953199     C      -      -      -      -      -      -   6446      0    python         
    0    1970308     C      -      -      -      -      -      -   1718      0    python         
    0    2401925     C     96     64      -      -      -      -  41676      0    VLLM::EngineCor
    0       5875     C      -      -      -      -      -      -   1192      0    python         
    0    1219611     C      -      -      -      -      -      -   1684      0    python         
    0    1953199     C      -      -      -      -      -      -   6446      0    python         
    0    1970308     C      -      -      -      -      -      -   1718      0    python         
    0    2401925     C     94     87      -      -      -      -  41676      0    VLLM::EngineCor
    0       5875     C      -      -      -      -      -      -   1192      0    python         
    0    1219611     C      -      -      -      -      -      -   1684      0    python         
    0    1953199     C      -      -      -      -      -      -   6446      0    python         
    0    1970308     C      -      -      -      -      -      -   1718      0    python         
    0    2401925     C     95     88      -      -      -      -  41676      0    VLLM::EngineCor
    0       5875     C      -      -      -      -      -      -   1192      0    python         
    0    1219611     C      -      -      -      -      -      -   1684      0    python         
    0    1953199     C      -      -      -      -      -      -   6446      0    python         
    0    1970308     C      -      -      -      -      -      -   1718      0    python         
    0    2401925     C     94     87      -      -      -      -  41676      0    VLLM::EngineCor
    0       5875     C      -      -      -      -      -      -   1192      0    python         
    0    1219611     C      -      -      -      -      -      -   1684      0    python         
    0    1953199     C      -      -      -      -      -      -   6446      0    python         
    0    1970308     C      -      -      -      -      -      -   1718      0    python         
    0    2401925     C     95     87      -      -      -      -  41676      0    VLLM::EngineCor
    0       5875     C      -      -      -      -      -      -   1192      0    python         
    0    1219611     C      -      -      -      -      -      -   1684      0    python         
    0    1953199     C      -      -      -      -      -      -   6446      0    python         
    0    1970308     C      -      -      -      -      -      -   1718      0    python         
    0    2401925     C     96     69      -      -      -      -  41676      0    VLLM::EngineCor
    0       5875     C      -      -      -      -      -      -   1192      0    python         
    0    1219611     C      -      -      -      -      -      -   1684      0    python         
    0    1953199     C      -      -      -      -      -      -   6446      0    python         
    0    1970308     C      -      -      -      -      -      -   1718      0    python         
    0    2401925     C     96     68      -      -      -      -  41676      0    VLLM::EngineCor
    0       5875     C      -      -      -      -      -      -   1192      0    python         
    0    1219611     C      -      -      -      -      -      -   1684      0    python         
# gpu         pid   type     sm    mem    enc    dec    jpg    ofa     fb   ccpm    command 
# Idx           #    C/G      %      %      %      %      %      %     MB     MB    name 
    0    1953199     C      -      -      -      -      -      -   6446      0    python         
    0    1970308     C      -      -      -      -      -      -   1718      0    python         
    0    2401925     C     97     53      -      -      -      -  41676      0    VLLM::EngineCor
    0       5875     C      -      -      -      -      -      -   1192      0    python         
    0    1219611     C      -      -      -      -      -      -   1684      0    python         
    0    1953199     C      -      -      -      -      -      -   6446      0    python         
    0    1970308     C      -      -      -      -      -      -   1718      0    python         
    0    2401925     C     97     43      -      -      -      -  41676      0    VLLM::EngineCor
    0       5875     C      -      -      -      -      -      -   1192      0    python         
    0    1219611     C      -      -      -      -      -      -   1684      0    python         
    0    1953199     C      -      -      -      -      -      -   6446      0    python         
    0    1970308     C      -      -      -      -      -      -   1718      0    python         
    0    2401925     C     98     34      -      -      -      -  41676      0    VLLM::EngineCor
    0       5875     C      -      -      -      -      -      -   1192      0    python         
    0    1219611     C      -      -      -      -      -      -   1684      0    python         
    0    1953199     C      -      -      -      -      -      -   6446      0    python         
    0    1970308     C      -      -      -      -      -      -   1718      0    python         
    0    2401925     C     98     36      -      -      -      -  41676      0    VLLM::EngineCor
    0       5875     C      -      -      -      -      -      -   1192      0    python         
    0    1219611     C      -      -      -      -      -      -   1684      0    python         
    0    1953199     C      -      -      -      -      -      -   6446      0    python         
    0    1970308     C      -      -      -      -      -      -   1718      0    python         
    0    2401925     C     98     35      -      -      -      -  41676      0    VLLM::EngineCor
    0       5875     C      -      -      -      -      -      -   1192      0    python         
    0    1219611     C      -      -      -      -      -      -   1684      0    python         
    0    1953199     C      -      -      -      -      -      -   6446      0    python         
    0    1970308     C      -      -      -      -      -      -   1718      0    python         
    0    2401925     C     98     34      -      -      -      -  41676      0    VLLM::EngineCor
    0       5875     C      -      -      -      -      -      -   1192      0    python         
    0    1219611     C      -      -      -      -      -      -   1684      0    python         
    0    1953199     C      -      -      -      -      -      -   6446      0    python         
    0    1970308     C      -      -      -      -      -      -   1718      0    python         
    0    2401925     C     97     46      -      -      -      -  41676      0    VLLM::EngineCor
    0       5875     C      -      -      -      -      -      -   1192      0    python         
    0    1219611     C      -      -      -      -      -      -   1684      0    python         
    0    1953199     C      -      -      -      -      -      -   6446      0    python         
    0    1970308     C      -      -      -      -      -      -   1718      0    python         
    0    2401925     C     95     69      -      -      -      -  41676      0    VLLM::EngineCor
    0       5875     C      -      -      -      -      -      -   1192      0    python         
    0    1219611     C      -      -      -      -      -      -   1684      0    python         
    0    1953199     C      -      -      -      -      -      -   6446      0    python         
    0    1970308     C      -      -      -      -      -      -   1718      0    python         
    0    2401925     C     95     71      -      -      -      -  41676      0    VLLM::EngineCor
    0       5875     C      -      -      -      -      -      -   1192      0    python         
# gpu         pid   type     sm    mem    enc    dec    jpg    ofa     fb   ccpm    command 
# Idx           #    C/G      %      %      %      %      %      %     MB     MB    name 
    0    1219611     C      -      -      -      -      -      -   1684      0    python         
    0    1953199     C      -      -      -      -      -      -   6446      0    python         
    0    1970308     C      -      -      -      -      -      -   1718      0    python         
    0    2401925     C     94     83      -      -      -      -  41676      0    VLLM::EngineCor
    0       5875     C      -      -      -      -      -      -   1192      0    python         
    0    1219611     C      -      -      -      -      -      -   1684      0    python         
    0    1953199     C      -      -      -      -      -      -   6446      0    python         
    0    1970308     C      -      -      -      -      -      -   1718      0    python         
    0    2401925     C     94     87      -      -      -      -  41676      0    VLLM::EngineCor
    0       5875     C      -      -      -      -      -      -   1192      0    python         
    0    1219611     C      -      -      -      -      -      -   1684      0    python         
    0    1953199     C      -      -      -      -      -      -   6446      0    python         
    0    1970308     C      -      -      -      -      -      -   1718      0    python         
    0    2401925     C     94     87      -      -      -      -  41676      0    VLLM::EngineCor
    0       5875     C      -      -      -      -      -      -   1192      0    python         
    0    1219611     C      -      -      -      -      -      -   1684      0    python         
    0    1953199     C      -      -      -      -      -      -   6446      0    python         
    0    1970308     C      -      -      -      -      -      -   1718      0    python         
    0    2401925     C     93     86      -      -      -      -  41676      0    VLLM::EngineCor
    0       5875     C      -      -      -      -      -      -   1192      0    python         
    0    1219611     C      -      -      -      -      -      -   1684      0    python         
    0    1953199     C      -      -      -      -      -      -   6446      0    python         
    0    1970308     C      -      -      -      -      -      -   1718      0    python         
    0    2401925     C     96     57      -      -      -      -  41676      0    VLLM::EngineCor
    0       5875     C      -      -      -      -      -      -   1192      0    python         
    0    1219611     C      -      -      -      -      -      -   1684      0    python         
    0    1953199     C      -      -      -      -      -      -   6446      0    python         
    0    1970308     C      -      -      -      -      -      -   1718      0    python         
    0    2401925     C     97     51      -      -      -      -  41676      0    VLLM::EngineCor
    0       5875     C      -      -      -      -      -      -   1192      0    python         
    0    1219611     C      -      -      -      -      -      -   1684      0    python         
    0    1953199     C      -      -      -      -      -      -   6446      0    python         
    0    1970308     C      -      -      -      -      -      -   1718      0    python         
    0    2401925     C     98     34      -      -      -      -  41676      0    VLLM::EngineCor
    0       5875     C      -      -      -      -      -      -   1192      0    python         
    0    1219611     C      -      -      -      -      -      -   1684      0    python         
    0    1953199     C      -      -      -      -      -      -   6446      0    python         
    0    1970308     C      -      -      -      -      -      -   1718      0    python         
    0    2401925     C     98     36      -      -      -      -  41676      0    VLLM::EngineCor
    0       5875     C      -      -      -      -      -      -   1192      0    python         
    0    1219611     C      -      -      -      -      -      -   1684      0    python         
    0    1953199     C      -      -      -      -      -      -   6446      0    python         
    0    1970308     C      -      -      -      -      -      -   1718      0    python         
    0    2401925     C     98     36      -      -      -      -  41676      0    VLLM::EngineCor
# gpu         pid   type     sm    mem    enc    dec    jpg    ofa     fb   ccpm    command 
# Idx           #    C/G      %      %      %      %      %      %     MB     MB    name 
    0       5875     C      -      -      -      -      -      -   1192      0    python         
    0    1219611     C      -      -      -      -      -      -   1684      0    python         
    0    1953199     C      -      -      -      -      -      -   6446      0    python         
    0    1970308     C      -      -      -      -      -      -   1718      0    python         
    0    2401925     C     98     33      -      -      -      -  41676      0    VLLM::EngineCor
    0       5875     C      -      -      -      -      -      -   1192      0    python         
    0    1219611     C      -      -      -      -      -      -   1684      0    python         
    0    1953199     C      -      -      -      -      -      -   6446      0    python         
    0    1970308     C      -      -      -      -      -      -   1718      0    python         
    0    2401925     C     97     44      -      -      -      -  41676      0    VLLM::EngineCor
    0       5875     C      -      -      -      -      -      -   1192      0    python         
    0    1219611     C      -      -      -      -      -      -   1684      0    python         
    0    1953199     C      -      -      -      -      -      -   6446      0    python         
    0    1970308     C      -      -      -      -      -      -   1718      0    python         
    0    2401925     C     94     86      -      -      -      -  41676      0    VLLM::EngineCor
    0       5875     C      -      -      -      -      -      -   1192      0    python         
    0    1219611     C      -      -      -      -      -      -   1684      0    python         
    0    1953199     C      -      -      -      -      -      -   6446      0    python         
    0    1970308     C      -      -      -      -      -      -   1718      0    python         
    0    2401925     C     94     86      -      -      -      -  41676      0    VLLM::EngineCor
    0       5875     C      -      -      -      -      -      -   1192      0    python         
    0    1219611     C      -      -      -      -      -      -   1684      0    python         
    0    1953199     C      -      -      -      -      -      -   6446      0    python         
    0    1970308     C      -      -      -      -      -      -   1718      0    python         
    0    2401925     C     94     86      -      -      -      -  41676      0    VLLM::EngineCor
    0       5875     C      -      -      -      -      -      -   1192      0    python         
    0    1219611     C      -      -      -      -      -      -   1684      0    python         
    0    1953199     C      -      -      -      -      -      -   6446      0    python         
    0    1970308     C      -      -      -      -      -      -   1718      0    python         
    0    2401925     C     94     86      -      -      -      -  41676      0    VLLM::EngineCor
    0       5875     C      -      -      -      -      -      -   1192      0    python         
    0    1219611     C      -      -      -      -      -      -   1684      0    python         
    0    1953199     C      -      -      -      -      -      -   6446      0    python         
    0    1970308     C      -      -      -      -      -      -   1718      0    python         
    0    2401925     C     94     86      -      -      -      -  41676      0    VLLM::EngineCor
    0       5875     C      -      -      -      -      -      -   1192      0    python         
    0    1219611     C      -      -      -      -      -      -   1684      0    python         
    0    1953199     C      -      -      -      -      -      -   6446      0    python         
    0    1970308     C      -      -      -      -      -      -   1718      0    python         
    0    2401925     C     95     64      -      -      -      -  41676      0    VLLM::EngineCor
    0       5875     C      -      -      -      -      -      -   1192      0    python         
    0    1219611     C      -      -      -      -      -      -   1684      0    python         
    0    1953199     C      -      -      -      -      -      -   6446      0    python         
    0    1970308     C      -      -      -      -      -      -   1718      0    python         
# gpu         pid   type     sm    mem    enc    dec    jpg    ofa     fb   ccpm    command 
# Idx           #    C/G      %      %      %      %      %      %     MB     MB    name 
    0    2401925     C     96     53      -      -      -      -  41676      0    VLLM::EngineCor
    0       5875     C      -      -      -      -      -      -   1192      0    python         
    0    1219611     C      -      -      -      -      -      -   1684      0    python         
    0    1953199     C      -      -      -      -      -      -   6446      0    python         
    0    1970308     C      -      -      -      -      -      -   1718      0    python         
    0    2401925     C     96     58      -      -      -      -  41676      0    VLLM::EngineCor
    0       5875     C      -      -      -      -      -      -   1192      0    python         
    0    1219611     C      -      -      -      -      -      -   1684      0    python         
    0    1953199     C      -      -      -      -      -      -   6446      0    python         
    0    1970308     C      -      -      -      -      -      -   1718      0    python         
    0    2401925     C     98     34      -      -      -      -  41676      0    VLLM::EngineCor
    0       5875     C      -      -      -      -      -      -   1192      0    python         
    0    1219611     C      -      -      -      -      -      -   1684      0    python         
    0    1953199     C      -      -      -      -      -      -   6446      0    python         
    0    1970308     C      -      -      -      -      -      -   1718      0    python         
    0    2401925     C     98     35      -      -      -      -  41676      0    VLLM::EngineCor
    0       5875     C      -      -      -      -      -      -   1192      0    python         
    0    1219611     C      -      -      -      -      -      -   1684      0    python         
    0    1953199     C      -      -      -      -      -      -   6446      0    python         
    0    1970308     C      -      -      -      -      -      -   1718      0    python         
    0    2401925     C     97     40      -      -      -      -  41676      0    VLLM::EngineCor
    0       5875     C      -      -      -      -      -      -   1192      0    python         
    0    1219611     C      -      -      -      -      -      -   1684      0    python         
    0    1953199     C      -      -      -      -      -      -   6446      0    python         
    0    1970308     C      -      -      -      -      -      -   1718      0    python         
    0    2401925     C     96     53      -      -      -      -  41676      0    VLLM::EngineCor
    0       5875     C      -      -      -      -      -      -   1192      0    python         
    0    1219611     C      -      -      -      -      -      -   1684      0    python         
    0    1953199     C      -      -      -      -      -      -   6446      0    python         
    0    1970308     C      -      -      -      -      -      -   1718      0    python         
    0    2401925     C     93     80      -      -      -      -  41676      0    VLLM::EngineCor
    0       5875     C      -      -      -      -      -      -   1192      0    python         
    0    1219611     C      -      -      -      -      -      -   1684      0    python         
    0    1953199     C      -      -      -      -      -      -   6446      0    python         
    0    1970308     C      -      -      -      -      -      -   1718      0    python         
    0    2401925     C     93     85      -      -      -      -  41676      0    VLLM::EngineCor
    0       5875     C      -      -      -      -      -      -   1192      0    python         
    0    1219611     C      -      -      -      -      -      -   1684      0    python         
    0    1953199     C      -      -      -      -      -      -   6446      0    python         
    0    1970308     C      -      -      -      -      -      -   1718      0    python         
    0    2401925     C     93     85      -      -      -      -  41676      0    VLLM::EngineCor
    0       5875     C      -      -      -      -      -      -   1192      0    python         
    0    1219611     C      -      -      -      -      -      -   1684      0    python         
    0    1953199     C      -      -      -      -      -      -   6446      0    python         
# gpu         pid   type     sm    mem    enc    dec    jpg    ofa     fb   ccpm    command 
# Idx           #    C/G      %      %      %      %      %      %     MB     MB    name 
    0    1970308     C      -      -      -      -      -      -   1718      0    python         
    0    2401925     C     93     85      -      -      -      -  41676      0    VLLM::EngineCor
    0       5875     C      -      -      -      -      -      -   1192      0    python         
    0    1219611     C      -      -      -      -      -      -   1684      0    python         
    0    1953199     C      -      -      -      -      -      -   6446      0    python         
    0    1970308     C      -      -      -      -      -      -   1718      0    python         
    0    2401925     C     94     70      -      -      -      -  41676      0    VLLM::EngineCor
    0       5875     C      -      -      -      -      -      -   1192      0    python         
    0    1219611     C      -      -      -      -      -      -   1684      0    python         
    0    1953199     C      -      -      -      -      -      -   6446      0    python         
    0    1970308     C      -      -      -      -      -      -   1718      0    python         
    0    2401925     C     95     71      -      -      -      -  41676      0    VLLM::EngineCor
    0       5875     C      -      -      -      -      -      -   1192      0    python         
    0    1219611     C      -      -      -      -      -      -   1684      0    python         
    0    1953199     C      -      -      -      -      -      -   6446      0    python         
    0    1970308     C      -      -      -      -      -      -   1718      0    python         
    0    2401925     C     94     80      -      -      -      -  41676      0    VLLM::EngineCor
    0       5875     C      -      -      -      -      -      -   1192      0    python         
    0    1219611     C      -      -      -      -      -      -   1684      0    python         
    0    1953199     C      -      -      -      -      -      -   6446      0    python         
    0    1970308     C      -      -      -      -      -      -   1718      0    python         
    0    2401925     C     96     53      -      -      -      -  41676      0    VLLM::EngineCor
    0       5875     C      -      -      -      -      -      -   1192      0    python         
    0    1219611     C      -      -      -      -      -      -   1684      0    python         
    0    1953199     C      -      -      -      -      -      -   6446      0    python         
    0    1970308     C      -      -      -      -      -      -   1718      0    python         
    0    2401925     C     98     38      -      -      -      -  41676      0    VLLM::EngineCor
    0       5875     C      -      -      -      -      -      -   1192      0    python         
    0    1219611     C      -      -      -      -      -      -   1684      0    python         
    0    1953199     C      -      -      -      -      -      -   6446      0    python         
    0    1970308     C      -      -      -      -      -      -   1718      0    python         
    0    2401925     C     97     48      -      -      -      -  41676      0    VLLM::EngineCor
    0       5875     C      -      -      -      -      -      -   1192      0    python         
    0    1219611     C      -      -      -      -      -      -   1684      0    python         
    0    1953199     C      -      -      -      -      -      -   6446      0    python         
    0    1970308     C      -      -      -      -      -      -   1718      0    python         
    0    2401925     C     94     83      -      -      -      -  41676      0    VLLM::EngineCor
    0       5875     C      -      -      -      -      -      -   1192      0    python         
    0    1219611     C      -      -      -      -      -      -   1684      0    python         
    0    1953199     C      -      -      -      -      -      -   6446      0    python         
    0    1970308     C      -      -      -      -      -      -   1718      0    python         
    0    2401925     C     94     84      -      -      -      -  41676      0    VLLM::EngineCor
    0       5875     C      -      -      -      -      -      -   1192      0    python         
    0    1219611     C      -      -      -      -      -      -   1684      0    python         
# gpu         pid   type     sm    mem    enc    dec    jpg    ofa     fb   ccpm    command 
# Idx           #    C/G      %      %      %      %      %      %     MB     MB    name 
    0    1953199     C      -      -      -      -      -      -   6446      0    python         
    0    1970308     C      -      -      -      -      -      -   1718      0    python         
    0    2401925     C     94     84      -      -      -      -  41676      0    VLLM::EngineCor
    0       5875     C      -      -      -      -      -      -   1192      0    python         
    0    1219611     C      -      -      -      -      -      -   1684      0    python         
    0    1953199     C      -      -      -      -      -      -   6446      0    python         
    0    1970308     C      -      -      -      -      -      -   1718      0    python         
    0    2401925     C     94     83      -      -      -      -  41676      0    VLLM::EngineCor
    0       5875     C      -      -      -      -      -      -   1192      0    python         
    0    1219611     C      -      -      -      -      -      -   1684      0    python         
    0    1953199     C      -      -      -      -      -      -   6446      0    python         
    0    1970308     C      -      -      -      -      -      -   1718      0    python         
    0    2401925     C     94     82      -      -      -      -  41676      0    VLLM::EngineCor
    0       5875     C      -      -      -      -      -      -   1192      0    python         
    0    1219611     C      -      -      -      -      -      -   1684      0    python         
    0    1953199     C      -      -      -      -      -      -   6446      0    python         
    0    1970308     C      -      -      -      -      -      -   1718      0    python         
    0    2401925     C     94     83      -      -      -      -  41676      0    VLLM::EngineCor
    0       5875     C      -      -      -      -      -      -   1192      0    python         
    0    1219611     C      -      -      -      -      -      -   1684      0    python         
    0    1953199     C      -      -      -      -      -      -   6446      0    python         
    0    1970308     C      -      -      -      -      -      -   1718      0    python         
    0    2401925     C     96     64      -      -      -      -  41676      0    VLLM::EngineCor
    0       5875     C      -      -      -      -      -      -   1192      0    python         
    0    1219611     C      -      -      -      -      -      -   1684      0    python         
    0    1953199     C      -      -      -      -      -      -   6446      0    python         
    0    1970308     C      -      -      -      -      -      -   1718      0    python         
    0    2401925     C     97     48      -      -      -      -  41676      0    VLLM::EngineCor
    0       5875     C      -      -      -      -      -      -   1192      0    python         
    0    1219611     C      -      -      -      -      -      -   1684      0    python         
    0    1953199     C      -      -      -      -      -      -   6446      0    python         
    0    1970308     C      -      -      -      -      -      -   1718      0    python         
    0    2401925     C     94     78      -      -      -      -  41676      0    VLLM::EngineCor
    0       5875     C      -      -      -      -      -      -   1192      0    python         
    0    1219611     C      -      -      -      -      -      -   1684      0    python         
    0    1953199     C      -      -      -      -      -      -   6446      0    python         
    0    1970308     C      -      -      -      -      -      -   1718      0    python         
    0    2401925     C     94     80      -      -      -      -  41676      0    VLLM::EngineCor
    0       5875     C      -      -      -      -      -      -   1192      0    python         
    0    1219611     C      -      -      -      -      -      -   1684      0    python         
    0    1953199     C      -      -      -      -      -      -   6446      0    python         
    0    1970308     C      -      -      -      -      -      -   1718      0    python         
    0    2401925     C     94     80      -      -      -      -  41676      0    VLLM::EngineCor
    0       5875     C      -      -      -      -      -      -   1192      0    python         
# gpu         pid   type     sm    mem    enc    dec    jpg    ofa     fb   ccpm    command 
# Idx           #    C/G      %      %      %      %      %      %     MB     MB    name 
    0    1219611     C      -      -      -      -      -      -   1684      0    python         
    0    1953199     C      -      -      -      -      -      -   6446      0    python         
    0    1970308     C      -      -      -      -      -      -   1718      0    python         
    0    2401925     C     94     80      -      -      -      -  41676      0    VLLM::EngineCor
    0       5875     C      -      -      -      -      -      -   1192      0    python         
    0    1219611     C      -      -      -      -      -      -   1684      0    python         
    0    1953199     C      -      -      -      -      -      -   6446      0    python         
    0    1970308     C      -      -      -      -      -      -   1718      0    python         
    0    2401925     C     94     80      -      -      -      -  41676      0    VLLM::EngineCor
    0       5875     C      -      -      -      -      -      -   1192      0    python         
    0    1219611     C      -      -      -      -      -      -   1684      0    python         
    0    1953199     C      -      -      -      -      -      -   6446      0    python         
    0    1970308     C      -      -      -      -      -      -   1718      0    python         
    0    2401925     C     95     63      -      -      -      -  41676      0    VLLM::EngineCor
    0       5875     C      -      -      -      -      -      -   1192      0    python         
    0    1219611     C      -      -      -      -      -      -   1684      0    python         
    0    1953199     C      -      -      -      -      -      -   6446      0    python         
    0    1970308     C      -      -      -      -      -      -   1718      0    python         
    0    2401925     C     95     66      -      -      -      -  41676      0    VLLM::EngineCor
    0       5875     C      -      -      -      -      -      -   1192      0    python         
    0    1219611     C      -      -      -      -      -      -   1684      0    python         
    0    1953199     C      -      -      -      -      -      -   6446      0    python         
    0    1970308     C      -      -      -      -      -      -   1718      0    python         
    0    2401925     C     95     61      -      -      -      -  41676      0    VLLM::EngineCor
    0       5875     C      -      -      -      -      -      -   1192      0    python         
    0    1219611     C      -      -      -      -      -      -   1684      0    python         
    0    1953199     C      -      -      -      -      -      -   6446      0    python         
    0    1970308     C      -      -      -      -      -      -   1718      0    python         
    0    2401925     C     97     48      -      -      -      -  41676      0    VLLM::EngineCor
    0       5875     C      -      -      -      -      -      -   1192      0    python         
    0    1219611     C      -      -      -      -      -      -   1684      0    python         
    0    1953199     C      -      -      -      -      -      -   6446      0    python         
    0    1970308     C      -      -      -      -      -      -   1718      0    python         
    0    2401925     C     95     63      -      -      -      -  41676      0    VLLM::EngineCor
    0       5875     C      -      -      -      -      -      -   1192      0    python         
    0    1219611     C      -      -      -      -      -      -   1684      0    python         
    0    1953199     C      -      -      -      -      -      -   6446      0    python         
    0    1970308     C      -      -      -      -      -      -   1718      0    python         
    0    2401925     C     93     82      -      -      -      -  41676      0    VLLM::EngineCor
    0       5875     C      -      -      -      -      -      -   1192      0    python         
    0    1219611     C      -      -      -      -      -      -   1684      0    python         
    0    1953199     C      -      -      -      -      -      -   6446      0    python         
    0    1970308     C      -      -      -      -      -      -   1718      0    python         
    0    2401925     C     94     83      -      -      -      -  41676      0    VLLM::EngineCor
# gpu         pid   type     sm    mem    enc    dec    jpg    ofa     fb   ccpm    command 
# Idx           #    C/G      %      %      %      %      %      %     MB     MB    name 
    0       5875     C      -      -      -      -      -      -   1192      0    python         
    0    1219611     C      -      -      -      -      -      -   1684      0    python         
    0    1953199     C      -      -      -      -      -      -   6446      0    python         
    0    1970308     C      -      -      -      -      -      -   1718      0    python         
    0    2401925     C     95     76      -      -      -      -  41676      0    VLLM::EngineCor
    0       5875     C      -      -      -      -      -      -   1192      0    python         
    0    1219611     C      -      -      -      -      -      -   1684      0    python         
    0    1953199     C      -      -      -      -      -      -   6446      0    python         
    0    1970308     C      -      -      -      -      -      -   1718      0    python         
    0    2401925     C     95     67      -      -      -      -  41676      0    VLLM::EngineCor
    0       5875     C      -      -      -      -      -      -   1192      0    python         
    0    1219611     C      -      -      -      -      -      -   1684      0    python         
    0    1953199     C      -      -      -      -      -      -   6446      0    python         
    0    1970308     C      -      -      -      -      -      -   1718      0    python         
    0    2401925     C     94     83      -      -      -      -  41676      0    VLLM::EngineCor
    0       5875     C      -      -      -      -      -      -   1192      0    python         
    0    1219611     C      -      -      -      -      -      -   1684      0    python         
    0    1953199     C      -      -      -      -      -      -   6446      0    python         
    0    1970308     C      -      -      -      -      -      -   1718      0    python         
    0    2401925     C     95     72      -      -      -      -  41676      0    VLLM::EngineCor
    0       5875     C      -      -      -      -      -      -   1192      0    python         
    0    1219611     C      -      -      -      -      -      -   1684      0    python         
    0    1953199     C      -      -      -      -      -      -   6446      0    python         
    0    1970308     C      -      -      -      -      -      -   1718      0    python         
    0    2401925     C     96     66      -      -      -      -  41676      0    VLLM::EngineCor
    0       5875     C      -      -      -      -      -      -   1192      0    python         
    0    1219611     C      -      -      -      -      -      -   1684      0    python         
    0    1953199     C      -      -      -      -      -      -   6446      0    python         
    0    1970308     C      -      -      -      -      -      -   1718      0    python         
    0    2401925     C     97     56      -      -      -      -  41676      0    VLLM::EngineCor
    0       5875     C      -      -      -      -      -      -   1192      0    python         
    0    1219611     C      -      -      -      -      -      -   1684      0    python         
    0    1953199     C      -      -      -      -      -      -   6446      0    python         
    0    1970308     C      -      -      -      -      -      -   1718      0    python         
    0    2401925     C     97     42      -      -      -      -  41676      0    VLLM::EngineCor
    0       5875     C      -      -      -      -      -      -   1192      0    python         
    0    1219611     C      -      -      -      -      -      -   1684      0    python         
    0    1953199     C      -      -      -      -      -      -   6446      0    python         
    0    1970308     C      -      -      -      -      -      -   1718      0    python         
    0    2401925     C     97     41      -      -      -      -  41676      0    VLLM::EngineCor
    0       5875     C      -      -      -      -      -      -   1192      0    python         
    0    1219611     C      -      -      -      -      -      -   1684      0    python         
    0    1953199     C      -      -      -      -      -      -   6446      0    python         
    0    1970308     C      -      -      -      -      -      -   1718      0    python         
# gpu         pid   type     sm    mem    enc    dec    jpg    ofa     fb   ccpm    command 
# Idx           #    C/G      %      %      %      %      %      %     MB     MB    name 
    0    2401925     C     96     56      -      -      -      -  41676      0    VLLM::EngineCor
    0       5875     C      -      -      -      -      -      -   1192      0    python         
    0    1219611     C      -      -      -      -      -      -   1684      0    python         
    0    1953199     C      -      -      -      -      -      -   6446      0    python         
    0    1970308     C      -      -      -      -      -      -   1718      0    python         
    0    2401925     C     94     83      -      -      -      -  41676      0    VLLM::EngineCor
    0       5875     C      -      -      -      -      -      -   1192      0    python         
    0    1219611     C      -      -      -      -      -      -   1684      0    python         
    0    1953199     C      -      -      -      -      -      -   6446      0    python         
    0    1970308     C      -      -      -      -      -      -   1718      0    python         
    0    2401925     C     94     84      -      -      -      -  41676      0    VLLM::EngineCor
    0       5875     C      -      -      -      -      -      -   1192      0    python         
    0    1219611     C      -      -      -      -      -      -   1684      0    python         
    0    1953199     C      -      -      -      -      -      -   6446      0    python         
    0    1970308     C      -      -      -      -      -      -   1718      0    python         
    0    2401925     C     94     84      -      -      -      -  41676      0    VLLM::EngineCor
    0       5875     C      -      -      -      -      -      -   1192      0    python         
    0    1219611     C      -      -      -      -      -      -   1684      0    python         
    0    1953199     C      -      -      -      -      -      -   6446      0    python         
    0    1970308     C      -      -      -      -      -      -   1718      0    python         
    0    2401925     C     94     84      -      -      -      -  41676      0    VLLM::EngineCor
    0       5875     C      -      -      -      -      -      -   1192      0    python         
    0    1219611     C      -      -      -      -      -      -   1684      0    python         
    0    1953199     C      -      -      -      -      -      -   6446      0    python         
    0    1970308     C      -      -      -      -      -      -   1718      0    python         
    0    2401925     C     94     84      -      -      -      -  41676      0    VLLM::EngineCor
    0       5875     C      -      -      -      -      -      -   1192      0    python         
    0    1219611     C      -      -      -      -      -      -   1684      0    python         
    0    1953199     C      -      -      -      -      -      -   6446      0    python         
    0    1970308     C      -      -      -      -      -      -   1718      0    python         
    0    2401925     C     96     55      -      -      -      -  41676      0    VLLM::EngineCor
    0       5875     C      -      -      -      -      -      -   1192      0    python         
    0    1219611     C      -      -      -      -      -      -   1684      0    python         
    0    1953199     C      -      -      -      -      -      -   6446      0    python         
    0    1970308     C      -      -      -      -      -      -   1718      0    python         
    0    2401925     C     96     55      -      -      -      -  41676      0    VLLM::EngineCor
    0       5875     C      -      -      -      -      -      -   1192      0    python         
    0    1219611     C      -      -      -      -      -      -   1684      0    python         
    0    1953199     C      -      -      -      -      -      -   6446      0    python         
    0    1970308     C      -      -      -      -      -      -   1718      0    python         
    0    2401925     C     97     46      -      -      -      -  41676      0    VLLM::EngineCor
    0       5875     C      -      -      -      -      -      -   1192      0    python         
    0    1219611     C      -      -      -      -      -      -   1684      0    python         
    0    1953199     C      -      -      -      -      -      -   6446      0    python         
# gpu         pid   type     sm    mem    enc    dec    jpg    ofa     fb   ccpm    command 
# Idx           #    C/G      %      %      %      %      %      %     MB     MB    name 
    0    1970308     C      -      -      -      -      -      -   1718      0    python         
    0    2401925     C     98     36      -      -      -      -  41676      0    VLLM::EngineCor
    0       5875     C      -      -      -      -      -      -   1192      0    python         
    0    1219611     C      -      -      -      -      -      -   1684      0    python         
    0    1953199     C      -      -      -      -      -      -   6446      0    python         
    0    1970308     C      -      -      -      -      -      -   1718      0    python         
    0    2401925     C     98     40      -      -      -      -  41676      0    VLLM::EngineCor
    0       5875     C      -      -      -      -      -      -   1192      0    python         
    0    1219611     C      -      -      -      -      -      -   1684      0    python         
    0    1953199     C      -      -      -      -      -      -   6446      0    python         
    0    1970308     C      -      -      -      -      -      -   1718      0    python         
    0    2401925     C     97     49      -      -      -      -  41676      0    VLLM::EngineCor
    0       5875     C      -      -      -      -      -      -   1192      0    python         
    0    1219611     C      -      -      -      -      -      -   1684      0    python         
    0    1953199     C      -      -      -      -      -      -   6446      0    python         
    0    1970308     C      -      -      -      -      -      -   1718      0    python         
    0    2401925     C     94     84      -      -      -      -  41676      0    VLLM::EngineCor
    0       5875     C      -      -      -      -      -      -   1192      0    python         
    0    1219611     C      -      -      -      -      -      -   1684      0    python         
    0    1953199     C      -      -      -      -      -      -   6446      0    python         
    0    1970308     C      -      -      -      -      -      -   1718      0    python         
    0    2401925     C     94     85      -      -      -      -  41676      0    VLLM::EngineCor
    0       5875     C      -      -      -      -      -      -   1192      0    python         
    0    1219611     C      -      -      -      -      -      -   1684      0    python         
    0    1953199     C      -      -      -      -      -      -   6446      0    python         
    0    1970308     C      -      -      -      -      -      -   1718      0    python         
    0    2401925     C     93     84      -      -      -      -  41676      0    VLLM::EngineCor
    0       5875     C      -      -      -      -      -      -   1192      0    python         
    0    1219611     C      -      -      -      -      -      -   1684      0    python         
    0    1953199     C      -      -      -      -      -      -   6446      0    python         
    0    1970308     C      -      -      -      -      -      -   1718      0    python         
    0    2401925     C     94     85      -      -      -      -  41676      0    VLLM::EngineCor
    0       5875     C      -      -      -      -      -      -   1192      0    python         
    0    1219611     C      -      -      -      -      -      -   1684      0    python         
    0    1953199     C      -      -      -      -      -      -   6446      0    python         
    0    1970308     C      -      -      -      -      -      -   1718      0    python         
    0    2401925     C     95     63      -      -      -      -  41676      0    VLLM::EngineCor
    0       5875     C      -      -      -      -      -      -   1192      0    python         
    0    1219611     C      -      -      -      -      -      -   1684      0    python         
    0    1953199     C      -      -      -      -      -      -   6446      0    python         
    0    1970308     C      -      -      -      -      -      -   1718      0    python         
    0    2401925     C     94     75      -      -      -      -  41676      0    VLLM::EngineCor
    0       5875     C      -      -      -      -      -      -   1192      0    python         
    0    1219611     C      -      -      -      -      -      -   1684      0    python         
# gpu         pid   type     sm    mem    enc    dec    jpg    ofa     fb   ccpm    command 
# Idx           #    C/G      %      %      %      %      %      %     MB     MB    name 
    0    1953199     C      -      -      -      -      -      -   6446      0    python         
    0    1970308     C      -      -      -      -      -      -   1718      0    python         
    0    2401925     C     93     83      -      -      -      -  41676      0    VLLM::EngineCor
    0       5875     C      -      -      -      -      -      -   1192      0    python         
    0    1219611     C      -      -      -      -      -      -   1684      0    python         
    0    1953199     C      -      -      -      -      -      -   6446      0    python         
    0    1970308     C      -      -      -      -      -      -   1718      0    python         
    0    2401925     C     96     56      -      -      -      -  41676      0    VLLM::EngineCor
    0       5875     C      -      -      -      -      -      -   1192      0    python         
    0    1219611     C      -      -      -      -      -      -   1684      0    python         
    0    1953199     C      -      -      -      -      -      -   6446      0    python         
    0    1970308     C      -      -      -      -      -      -   1718      0    python         
    0    2401925     C     98     33      -      -      -      -  41676      0    VLLM::EngineCor
    0       5875     C      -      -      -      -      -      -   1192      0    python         
    0    1219611     C      -      -      -      -      -      -   1684      0    python         
    0    1953199     C      -      -      -      -      -      -   6446      0    python         
    0    1970308     C      -      -      -      -      -      -   1718      0    python         
    0    2401925     C     98     35      -      -      -      -  41676      0    VLLM::EngineCor
    0       5875     C      -      -      -      -      -      -   1192      0    python         
    0    1219611     C      -      -      -      -      -      -   1684      0    python         
    0    1953199     C      -      -      -      -      -      -   6446      0    python         
    0    1970308     C      -      -      -      -      -      -   1718      0    python         
    0    2401925     C     98     35      -      -      -      -  41676      0    VLLM::EngineCor
    0       5875     C      -      -      -      -      -      -   1192      0    python         
    0    1219611     C      -      -      -      -      -      -   1684      0    python         
    0    1953199     C      -      -      -      -      -      -   6446      0    python         
    0    1970308     C      -      -      -      -      -      -   1718      0    python         
    0    2401925     C     98     36      -      -      -      -  41676      0    VLLM::EngineCor
    0       5875     C      -      -      -      -      -      -   1192      0    python         
    0    1219611     C      -      -      -      -      -      -   1684      0    python         
    0    1953199     C      -      -      -      -      -      -   6446      0    python         
    0    1970308     C      -      -      -      -      -      -   1718      0    python         
    0    2401925     C     96     59      -      -      -      -  41676      0    VLLM::EngineCor
    0       5875     C      -      -      -      -      -      -   1192      0    python         
    0    1219611     C      -      -      -      -      -      -   1684      0    python         
    0    1953199     C      -      -      -      -      -      -   6446      0    python         
    0    1970308     C      -      -      -      -      -      -   1718      0    python         
    0    2401925     C     93     85      -      -      -      -  41676      0    VLLM::EngineCor
    0       5875     C      -      -      -      -      -      -   1192      0    python         
    0    1219611     C      -      -      -      -      -      -   1684      0    python         
    0    1953199     C      -      -      -      -      -      -   6446      0    python         
    0    1970308     C      -      -      -      -      -      -   1718      0    python         
    0    2401925     C     94     86      -      -      -      -  41676      0    VLLM::EngineCor
    0       5875     C      -      -      -      -      -      -   1192      0    python         
# gpu         pid   type     sm    mem    enc    dec    jpg    ofa     fb   ccpm    command 
# Idx           #    C/G      %      %      %      %      %      %     MB     MB    name 
    0    1219611     C      -      -      -      -      -      -   1684      0    python         
    0    1953199     C      -      -      -      -      -      -   6446      0    python         
    0    1970308     C      -      -      -      -      -      -   1718      0    python         
    0    2401925     C     93     86      -      -      -      -  41676      0    VLLM::EngineCor
    0       5875     C      -      -      -      -      -      -   1192      0    python         
    0    1219611     C      -      -      -      -      -      -   1684      0    python         
    0    1953199     C      -      -      -      -      -      -   6446      0    python         
    0    1970308     C      -      -      -      -      -      -   1718      0    python         
    0    2401925     C     93     86      -      -      -      -  41676      0    VLLM::EngineCor
    0       5875     C      -      -      -      -      -      -   1192      0    python         
    0    1219611     C      -      -      -      -      -      -   1684      0    python         
    0    1953199     C      -      -      -      -      -      -   6446      0    python         
    0    1970308     C      -      -      -      -      -      -   1718      0    python         
    0    2401925     C     94     86      -      -      -      -  41676      0    VLLM::EngineCor
    0       5875     C      -      -      -      -      -      -   1192      0    python         
    0    1219611     C      -      -      -      -      -      -   1684      0    python         
    0    1953199     C      -      -      -      -      -      -   6446      0    python         
    0    1970308     C      -      -      -      -      -      -   1718      0    python         
    0    2401925     C     93     83      -      -      -      -  41676      0    VLLM::EngineCor
    0       5875     C      -      -      -      -      -      -   1192      0    python         
    0    1219611     C      -      -      -      -      -      -   1684      0    python         
    0    1953199     C      -      -      -      -      -      -   6446      0    python         
    0    1970308     C      -      -      -      -      -      -   1718      0    python         
    0    2401925     C     96     58      -      -      -      -  41676      0    VLLM::EngineCor
    0       5875     C      -      -      -      -      -      -   1192      0    python         
    0    1219611     C      -      -      -      -      -      -   1684      0    python         
    0    1953199     C      -      -      -      -      -      -   6446      0    python         
    0    1970308     C      -      -      -      -      -      -   1718      0    python         
    0    2401925     C     98     33      -      -      -      -  41676      0    VLLM::EngineCor
    0       5875     C      -      -      -      -      -      -   1192      0    python         
    0    1219611     C      -      -      -      -      -      -   1684      0    python         
    0    1953199     C      -      -      -      -      -      -   6446      0    python         
    0    1970308     C      -      -      -      -      -      -   1718      0    python         
    0    2401925     C     98     33      -      -      -      -  41676      0    VLLM::EngineCor
    0       5875     C      -      -      -      -      -      -   1192      0    python         
    0    1219611     C      -      -      -      -      -      -   1684      0    python         
    0    1953199     C      -      -      -      -      -      -   6446      0    python         
    0    1970308     C      -      -      -      -      -      -   1718      0    python         
    0    2401925     C     98     33      -      -      -      -  41676      0    VLLM::EngineCor
    0       5875     C      -      -      -      -      -      -   1192      0    python         
    0    1219611     C      -      -      -      -      -      -   1684      0    python         
    0    1953199     C      -      -      -      -      -      -   6446      0    python         
    0    1970308     C      -      -      -      -      -      -   1718      0    python         
    0    2401925     C     98     33      -      -      -      -  41676      0    VLLM::EngineCor
# gpu         pid   type     sm    mem    enc    dec    jpg    ofa     fb   ccpm    command 
# Idx           #    C/G      %      %      %      %      %      %     MB     MB    name 
    0       5875     C      -      -      -      -      -      -   1192      0    python         
    0    1219611     C      -      -      -      -      -      -   1684      0    python         
    0    1953199     C      -      -      -      -      -      -   6446      0    python         
    0    1970308     C      -      -      -      -      -      -   1718      0    python         
    0    2401925     C     96     60      -      -      -      -  41676      0    VLLM::EngineCor
    0       5875     C      -      -      -      -      -      -   1192      0    python         
    0    1219611     C      -      -      -      -      -      -   1684      0    python         
    0    1953199     C      -      -      -      -      -      -   6446      0    python         
    0    1970308     C      -      -      -      -      -      -   1718      0    python         
    0    2401925     C     94     83      -      -      -      -  41676      0    VLLM::EngineCor
    0       5875     C      -      -      -      -      -      -   1192      0    python         
    0    1219611     C      -      -      -      -      -      -   1684      0    python         
    0    1953199     C      -      -      -      -      -      -   6446      0    python         
    0    1970308     C      -      -      -      -      -      -   1718      0    python         
    0    2401925     C     94     86      -      -      -      -  41676      0    VLLM::EngineCor
    0       5875     C      -      -      -      -      -      -   1192      0    python         
    0    1219611     C      -      -      -      -      -      -   1684      0    python         
    0    1953199     C      -      -      -      -      -      -   6446      0    python         
    0    1970308     C      -      -      -      -      -      -   1718      0    python         
    0    2401925     C     94     87      -      -      -      -  41676      0    VLLM::EngineCor
    0       5875     C      -      -      -      -      -      -   1192      0    python         
    0    1219611     C      -      -      -      -      -      -   1684      0    python         
    0    1953199     C      -      -      -      -      -      -   6446      0    python         
    0    1970308     C      -      -      -      -      -      -   1718      0    python         
    0    2401925     C     93     86      -      -      -      -  41676      0    VLLM::EngineCor
    0       5875     C      -      -      -      -      -      -   1192      0    python         
    0    1219611     C      -      -      -      -      -      -   1684      0    python         
    0    1953199     C      -      -      -      -      -      -   6446      0    python         
    0    1970308     C      -      -      -      -      -      -   1718      0    python         
    0    2401925     C     96     66      -      -      -      -  41676      0    VLLM::EngineCor
    0       5875     C      -      -      -      -      -      -   1192      0    python         
    0    1219611     C      -      -      -      -      -      -   1684      0    python         
    0    1953199     C      -      -      -      -      -      -   6446      0    python         
    0    1970308     C      -      -      -      -      -      -   1718      0    python         
    0    2401925     C     95     73      -      -      -      -  41676      0    VLLM::EngineCor
    0       5875     C      -      -      -      -      -      -   1192      0    python         
    0    1219611     C      -      -      -      -      -      -   1684      0    python         
    0    1953199     C      -      -      -      -      -      -   6446      0    python         
    0    1970308     C      -      -      -      -      -      -   1718      0    python         
    0    2401925     C     94     84      -      -      -      -  41676      0    VLLM::EngineCor
    0       5875     C      -      -      -      -      -      -   1192      0    python         
    0    1219611     C      -      -      -      -      -      -   1684      0    python         
    0    1953199     C      -      -      -      -      -      -   6446      0    python         
    0    1970308     C      -      -      -      -      -      -   1718      0    python         
# gpu         pid   type     sm    mem    enc    dec    jpg    ofa     fb   ccpm    command 
# Idx           #    C/G      %      %      %      %      %      %     MB     MB    name 
    0    2401925     C     97     42      -      -      -      -  41676      0    VLLM::EngineCor
    0       5875     C      -      -      -      -      -      -   1192      0    python         
    0    1219611     C      -      -      -      -      -      -   1684      0    python         
    0    1953199     C      -      -      -      -      -      -   6446      0    python         
    0    1970308     C      -      -      -      -      -      -   1718      0    python         
    0    2401925     C     98     33      -      -      -      -  41676      0    VLLM::EngineCor
    0       5875     C      -      -      -      -      -      -   1192      0    python         
    0    1219611     C      -      -      -      -      -      -   1684      0    python         
    0    1953199     C      -      -      -      -      -      -   6446      0    python         
    0    1970308     C      -      -      -      -      -      -   1718      0    python         
    0    2401925     C     98     33      -      -      -      -  41676      0    VLLM::EngineCor
    0       5875     C      -      -      -      -      -      -   1192      0    python         
    0    1219611     C      -      -      -      -      -      -   1684      0    python         
    0    1953199     C      -      -      -      -      -      -   6446      0    python         
    0    1970308     C      -      -      -      -      -      -   1718      0    python         
    0    2401925     C     98     33      -      -      -      -  41676      0    VLLM::EngineCor
    0       5875     C      -      -      -      -      -      -   1192      0    python         
    0    1219611     C      -      -      -      -      -      -   1684      0    python         
    0    1953199     C      -      -      -      -      -      -   6446      0    python         
    0    1970308     C      -      -      -      -      -      -   1718      0    python         
    0    2401925     C     97     40      -      -      -      -  41676      0    VLLM::EngineCor
    0       5875     C      -      -      -      -      -      -   1192      0    python         
    0    1219611     C      -      -      -      -      -      -   1684      0    python         
    0    1953199     C      -      -      -      -      -      -   6446      0    python         
    0    1970308     C      -      -      -      -      -      -   1718      0    python         
    0    2401925     C     94     77      -      -      -      -  41676      0    VLLM::EngineCor
    0       5875     C      -      -      -      -      -      -   1192      0    python         
    0    1219611     C      -      -      -      -      -      -   1684      0    python         
    0    1953199     C      -      -      -      -      -      -   6446      0    python         
    0    1970308     C      -      -      -      -      -      -   1718      0    python         
    0    2401925     C     93     85      -      -      -      -  41676      0    VLLM::EngineCor
    0       5875     C      -      -      -      -      -      -   1192      0    python         
    0    1219611     C      -      -      -      -      -      -   1684      0    python         
    0    1953199     C      -      -      -      -      -      -   6446      0    python         
    0    1970308     C      -      -      -      -      -      -   1718      0    python         
    0    2401925     C     94     77      -      -      -      -  41676      0    VLLM::EngineCor
    0       5875     C      -      -      -      -      -      -   1192      0    python         
    0    1219611     C      -      -      -      -      -      -   1684      0    python         
    0    1953199     C      -      -      -      -      -      -   6446      0    python         
    0    1970308     C      -      -      -      -      -      -   1718      0    python         
    0    2401925     C     96     67      -      -      -      -  41676      0    VLLM::EngineCor
    0       5875     C      -      -      -      -      -      -   1192      0    python         
    0    1219611     C      -      -      -      -      -      -   1684      0    python         
    0    1953199     C      -      -      -      -      -      -   6446      0    python         
# gpu         pid   type     sm    mem    enc    dec    jpg    ofa     fb   ccpm    command 
# Idx           #    C/G      %      %      %      %      %      %     MB     MB    name 
    0    1970308     C      -      -      -      -      -      -   1718      0    python         
    0    2401925     C     93     85      -      -      -      -  41676      0    VLLM::EngineCor
    0       5875     C      -      -      -      -      -      -   1192      0    python         
    0    1219611     C      -      -      -      -      -      -   1684      0    python         
    0    1953199     C      -      -      -      -      -      -   6446      0    python         
    0    1970308     C      -      -      -      -      -      -   1718      0    python         
    0    2401925     C     93     85      -      -      -      -  41676      0    VLLM::EngineCor
    0       5875     C      -      -      -      -      -      -   1192      0    python         
    0    1219611     C      -      -      -      -      -      -   1684      0    python         
    0    1953199     C      -      -      -      -      -      -   6446      0    python         
    0    1970308     C      -      -      -      -      -      -   1718      0    python         
    0    2401925     C     93     85      -      -      -      -  41676      0    VLLM::EngineCor
    0       5875     C      -      -      -      -      -      -   1192      0    python         
    0    1219611     C      -      -      -      -      -      -   1684      0    python         
    0    1953199     C      -      -      -      -      -      -   6446      0    python         
    0    1970308     C      -      -      -      -      -      -   1718      0    python         
    0    2401925     C     95     60      -      -      -      -  41676      0    VLLM::EngineCor
    0       5875     C      -      -      -      -      -      -   1192      0    python         
    0    1219611     C      -      -      -      -      -      -   1684      0    python         
    0    1953199     C      -      -      -      -      -      -   6446      0    python         
    0    1970308     C      -      -      -      -      -      -   1718      0    python         
    0    2401925     C     98     33      -      -      -      -  41676      0    VLLM::EngineCor
    0       5875     C      -      -      -      -      -      -   1192      0    python         
    0    1219611     C      -      -      -      -      -      -   1684      0    python         
    0    1953199     C      -      -      -      -      -      -   6446      0    python         
    0    1970308     C      -      -      -      -      -      -   1718      0    python         
    0    2401925     C     98     33      -      -      -      -  41676      0    VLLM::EngineCor
    0       5875     C      -      -      -      -      -      -   1192      0    python         
    0    1219611     C      -      -      -      -      -      -   1684      0    python         
    0    1953199     C      -      -      -      -      -      -   6446      0    python         
    0    1970308     C      -      -      -      -      -      -   1718      0    python         
    0    2401925     C     98     33      -      -      -      -  41676      0    VLLM::EngineCor
    0       5875     C      -      -      -      -      -      -   1192      0    python         
    0    1219611     C      -      -      -      -      -      -   1684      0    python         
    0    1953199     C      -      -      -      -      -      -   6446      0    python         
    0    1970308     C      -      -      -      -      -      -   1718      0    python         
    0    2401925     C     98     33      -      -      -      -  41676      0    VLLM::EngineCor
    0       5875     C      -      -      -      -      -      -   1192      0    python         
    0    1219611     C      -      -      -      -      -      -   1684      0    python         
    0    1953199     C      -      -      -      -      -      -   6446      0    python         
    0    1970308     C      -      -      -      -      -      -   1718      0    python         
    0    2401925     C     95     59      -      -      -      -  41676      0    VLLM::EngineCor
    0       5875     C      -      -      -      -      -      -   1192      0    python         
    0    1219611     C      -      -      -      -      -      -   1684      0    python         
# gpu         pid   type     sm    mem    enc    dec    jpg    ofa     fb   ccpm    command 
# Idx           #    C/G      %      %      %      %      %      %     MB     MB    name 
    0    1953199     C      -      -      -      -      -      -   6446      0    python         
    0    1970308     C      -      -      -      -      -      -   1718      0    python         
    0    2401925     C     93     85      -      -      -      -  41676      0    VLLM::EngineCor
    0       5875     C      -      -      -      -      -      -   1192      0    python         
    0    1219611     C      -      -      -      -      -      -   1684      0    python         
    0    1953199     C      -      -      -      -      -      -   6446      0    python         
    0    1970308     C      -      -      -      -      -      -   1718      0    python         
    0    2401925     C     94     86      -      -      -      -  41676      0    VLLM::EngineCor
    0       5875     C      -      -      -      -      -      -   1192      0    python         
    0    1219611     C      -      -      -      -      -      -   1684      0    python         
    0    1953199     C      -      -      -      -      -      -   6446      0    python         
    0    1970308     C      -      -      -      -      -      -   1718      0    python         
    0    2401925     C     94     85      -      -      -      -  41676      0    VLLM::EngineCor
    0       5875     C      -      -      -      -      -      -   1192      0    python         
    0    1219611     C      -      -      -      -      -      -   1684      0    python         
    0    1953199     C      -      -      -      -      -      -   6446      0    python         
    0    1970308     C      -      -      -      -      -      -   1718      0    python         
    0    2401925     C     94     85      -      -      -      -  41676      0    VLLM::EngineCor
    0       5875     C      -      -      -      -      -      -   1192      0    python         
    0    1219611     C      -      -      -      -      -      -   1684      0    python         
    0    1953199     C      -      -      -      -      -      -   6446      0    python         
    0    1970308     C      -      -      -      -      -      -   1718      0    python         
    0    2401925     C     95     86      -      -      -      -  41676      0    VLLM::EngineCor
    0       5875     C      -      -      -      -      -      -   1192      0    python         
    0    1219611     C      -      -      -      -      -      -   1684      0    python         
    0    1953199     C      -      -      -      -      -      -   6446      0    python         
    0    1970308     C      -      -      -      -      -      -   1718      0    python         
    0    2401925     C     95     81      -      -      -      -  41676      0    VLLM::EngineCor
    0       5875     C      -      -      -      -      -      -   1192      0    python         
    0    1219611     C      -      -      -      -      -      -   1684      0    python         
    0    1953199     C      -      -      -      -      -      -   6446      0    python         
    0    1970308     C      -      -      -      -      -      -   1718      0    python         
    0    2401925     C     97     44      -      -      -      -  41676      0    VLLM::EngineCor
    0       5875     C      -      -      -      -      -      -   1192      0    python         
    0    1219611     C      -      -      -      -      -      -   1684      0    python         
    0    1953199     C      -      -      -      -      -      -   6446      0    python         
    0    1970308     C      -      -      -      -      -      -   1718      0    python         
    0    2401925     C     98     34      -      -      -      -  41676      0    VLLM::EngineCor
    0       5875     C      -      -      -      -      -      -   1192      0    python         
    0    1219611     C      -      -      -      -      -      -   1684      0    python         
    0    1953199     C      -      -      -      -      -      -   6446      0    python         
    0    1970308     C      -      -      -      -      -      -   1718      0    python         
    0    2401925     C     98     34      -      -      -      -  41676      0    VLLM::EngineCor
    0       5875     C      -      -      -      -      -      -   1192      0    python         
# gpu         pid   type     sm    mem    enc    dec    jpg    ofa     fb   ccpm    command 
# Idx           #    C/G      %      %      %      %      %      %     MB     MB    name 
    0    1219611     C      -      -      -      -      -      -   1684      0    python         
    0    1953199     C      -      -      -      -      -      -   6446      0    python         
    0    1970308     C      -      -      -      -      -      -   1718      0    python         
    0    2401925     C     98     40      -      -      -      -  41676      0    VLLM::EngineCor
    0       5875     C      -      -      -      -      -      -   1192      0    python         
    0    1219611     C      -      -      -      -      -      -   1684      0    python         
    0    1953199     C      -      -      -      -      -      -   6446      0    python         
    0    1970308     C      -      -      -      -      -      -   1718      0    python         
    0    2401925     C     94     79      -      -      -      -  41676      0    VLLM::EngineCor
    0       5875     C      -      -      -      -      -      -   1192      0    python         
    0    1219611     C      -      -      -      -      -      -   1684      0    python         
    0    1953199     C      -      -      -      -      -      -   6446      0    python         
    0    1970308     C      -      -      -      -      -      -   1718      0    python         
    0    2401925     C     94     85      -      -      -      -  41676      0    VLLM::EngineCor
    0       5875     C      -      -      -      -      -      -   1192      0    python         
    0    1219611     C      -      -      -      -      -      -   1684      0    python         
    0    1953199     C      -      -      -      -      -      -   6446      0    python         
    0    1970308     C      -      -      -      -      -      -   1718      0    python         
    0    2401925     C     94     85      -      -      -      -  41676      0    VLLM::EngineCor
    0       5875     C      -      -      -      -      -      -   1192      0    python         
    0    1219611     C      -      -      -      -      -      -   1684      0    python         
    0    1953199     C      -      -      -      -      -      -   6446      0    python         
    0    1970308     C      -      -      -      -      -      -   1718      0    python         
    0    2401925     C     94     85      -      -      -      -  41676      0    VLLM::EngineCor
    0       5875     C      -      -      -      -      -      -   1192      0    python         
    0    1219611     C      -      -      -      -      -      -   1684      0    python         
    0    1953199     C      -      -      -      -      -      -   6446      0    python         
    0    1970308     C      -      -      -      -      -      -   1718      0    python         
    0    2401925     C     94     82      -      -      -      -  41676      0    VLLM::EngineCor
    0       5875     C      -      -      -      -      -      -   1192      0    python         
    0    1219611     C      -      -      -      -      -      -   1684      0    python         
    0    1953199     C      -      -      -      -      -      -   6446      0    python         
    0    1970308     C      -      -      -      -      -      -   1718      0    python         
    0    2401925     C     94     84      -      -      -      -  41676      0    VLLM::EngineCor
    0       5875     C      -      -      -      -      -      -   1192      0    python         
    0    1219611     C      -      -      -      -      -      -   1684      0    python         
    0    1953199     C      -      -      -      -      -      -   6446      0    python         
    0    1970308     C      -      -      -      -      -      -   1718      0    python         
    0    2401925     C     96     63      -      -      -      -  41676      0    VLLM::EngineCor
    0       5875     C      -      -      -      -      -      -   1192      0    python         
    0    1219611     C      -      -      -      -      -      -   1684      0    python         
    0    1953199     C      -      -      -      -      -      -   6446      0    python         
    0    1970308     C      -      -      -      -      -      -   1718      0    python         
    0    2401925     C     96     61      -      -      -      -  41676      0    VLLM::EngineCor
# gpu         pid   type     sm    mem    enc    dec    jpg    ofa     fb   ccpm    command 
# Idx           #    C/G      %      %      %      %      %      %     MB     MB    name 
    0       5875     C      -      -      -      -      -      -   1192      0    python         
    0    1219611     C      -      -      -      -      -      -   1684      0    python         
    0    1953199     C      -      -      -      -      -      -   6446      0    python         
    0    1970308     C      -      -      -      -      -      -   1718      0    python         
    0    2401925     C     97     43      -      -      -      -  41676      0    VLLM::EngineCor
    0       5875     C      -      -      -      -      -      -   1192      0    python         
    0    1219611     C      -      -      -      -      -      -   1684      0    python         
    0    1953199     C      -      -      -      -      -      -   6446      0    python         
    0    1970308     C      -      -      -      -      -      -   1718      0    python         
    0    2401925     C     98     37      -      -      -      -  41676      0    VLLM::EngineCor
    0       5875     C      -      -      -      -      -      -   1192      0    python         
    0    1219611     C      -      -      -      -      -      -   1684      0    python         
    0    1953199     C      -      -      -      -      -      -   6446      0    python         
    0    1970308     C      -      -      -      -      -      -   1718      0    python         
    0    2401925     C     96     61      -      -      -      -  41676      0    VLLM::EngineCor
    0       5875     C      -      -      -      -      -      -   1192      0    python         
    0    1219611     C      -      -      -      -      -      -   1684      0    python         
    0    1953199     C      -      -      -      -      -      -   6446      0    python         
    0    1970308     C      -      -      -      -      -      -   1718      0    python         
    0    2401925     C     94     84      -      -      -      -  41676      0    VLLM::EngineCor
    0       5875     C      -      -      -      -      -      -   1192      0    python         
    0    1219611     C      -      -      -      -      -      -   1684      0    python         
    0    1953199     C      -      -      -      -      -      -   6446      0    python         
    0    1970308     C      -      -      -      -      -      -   1718      0    python         
    0    2401925     C     94     84      -      -      -      -  41676      0    VLLM::EngineCor
    0       5875     C      -      -      -      -      -      -   1192      0    python         
    0    1219611     C      -      -      -      -      -      -   1684      0    python         
    0    1953199     C      -      -      -      -      -      -   6446      0    python         
    0    1970308     C      -      -      -      -      -      -   1718      0    python         
    0    2401925     C     94     84      -      -      -      -  41676      0    VLLM::EngineCor
    0       5875     C      -      -      -      -      -      -   1192      0    python         
    0    1219611     C      -      -      -      -      -      -   1684      0    python         
    0    1953199     C      -      -      -      -      -      -   6446      0    python         
    0    1970308     C      -      -      -      -      -      -   1718      0    python         
    0    2401925     C     93     83      -      -      -      -  41676      0    VLLM::EngineCor
    0       5875     C      -      -      -      -      -      -   1192      0    python         
    0    1219611     C      -      -      -      -      -      -   1684      0    python         
    0    1953199     C      -      -      -      -      -      -   6446      0    python         
    0    1970308     C      -      -      -      -      -      -   1718      0    python         
    0    2401925     C     94     80      -      -      -      -  41676      0    VLLM::EngineCor
    0       5875     C      -      -      -      -      -      -   1192      0    python         
    0    1219611     C      -      -      -      -      -      -   1684      0    python         
    0    1953199     C      -      -      -      -      -      -   6446      0    python         
    0    1970308     C      -      -      -      -      -      -   1718      0    python         
# gpu         pid   type     sm    mem    enc    dec    jpg    ofa     fb   ccpm    command 
# Idx           #    C/G      %      %      %      %      %      %     MB     MB    name 
    0    2401925     C     95     68      -      -      -      -  41676      0    VLLM::EngineCor
    0       5875     C      -      -      -      -      -      -   1192      0    python         
    0    1219611     C      -      -      -      -      -      -   1684      0    python         
    0    1953199     C      -      -      -      -      -      -   6446      0    python         
    0    1970308     C      -      -      -      -      -      -   1718      0    python         
    0    2401925     C     95     66      -      -      -      -  41676      0    VLLM::EngineCor
    0       5875     C      -      -      -      -      -      -   1192      0    python         
    0    1219611     C      -      -      -      -      -      -   1684      0    python         
    0    1953199     C      -      -      -      -      -      -   6446      0    python         
    0    1970308     C      -      -      -      -      -      -   1718      0    python         
    0    2401925     C     97     47      -      -      -      -  41676      0    VLLM::EngineCor
    0       5875     C      -      -      -      -      -      -   1192      0    python         
    0    1219611     C      -      -      -      -      -      -   1684      0    python         
    0    1953199     C      -      -      -      -      -      -   6446      0    python         
    0    1970308     C      -      -      -      -      -      -   1718      0    python         
    0    2401925     C     97     43      -      -      -      -  41676      0    VLLM::EngineCor
    0       5875     C      -      -      -      -      -      -   1192      0    python         
    0    1219611     C      -      -      -      -      -      -   1684      0    python         
    0    1953199     C      -      -      -      -      -      -   6446      0    python         
    0    1970308     C      -      -      -      -      -      -   1718      0    python         
    0    2401925     C     97     48      -      -      -      -  41676      0    VLLM::EngineCor
    0       5875     C      -      -      -      -      -      -   1192      0    python         
    0    1219611     C      -      -      -      -      -      -   1684      0    python         
    0    1953199     C      -      -      -      -      -      -   6446      0    python         
    0    1970308     C      -      -      -      -      -      -   1718      0    python         
    0    2401925     C     94     74      -      -      -      -  41676      0    VLLM::EngineCor
    0       5875     C      -      -      -      -      -      -   1192      0    python         
    0    1219611     C      -      -      -      -      -      -   1684      0    python         
    0    1953199     C      -      -      -      -      -      -   6446      0    python         
    0    1970308     C      -      -      -      -      -      -   1718      0    python         
    0    2401925     C     93     83      -      -      -      -  41676      0    VLLM::EngineCor
    0       5875     C      -      -      -      -      -      -   1192      0    python         
    0    1219611     C      -      -      -      -      -      -   1684      0    python         
    0    1953199     C      -      -      -      -      -      -   6446      0    python         
    0    1970308     C      -      -      -      -      -      -   1718      0    python         
    0    2401925     C     93     83      -      -      -      -  41676      0    VLLM::EngineCor
    0       5875     C      -      -      -      -      -      -   1192      0    python         
    0    1219611     C      -      -      -      -      -      -   1684      0    python         
    0    1953199     C      -      -      -      -      -      -   6446      0    python         
    0    1970308     C      -      -      -      -      -      -   1718      0    python         
    0    2401925     C     93     83      -      -      -      -  41676      0    VLLM::EngineCor
    0       5875     C      -      -      -      -      -      -   1192      0    python         
    0    1219611     C      -      -      -      -      -      -   1684      0    python         
    0    1953199     C      -      -      -      -      -      -   6446      0    python         
# gpu         pid   type     sm    mem    enc    dec    jpg    ofa     fb   ccpm    command 
# Idx           #    C/G      %      %      %      %      %      %     MB     MB    name 
    0    1970308     C      -      -      -      -      -      -   1718      0    python         
    0    2401925     C     93     83      -      -      -      -  41676      0    VLLM::EngineCor
    0       5875     C      -      -      -      -      -      -   1192      0    python         
    0    1219611     C      -      -      -      -      -      -   1684      0    python         
    0    1953199     C      -      -      -      -      -      -   6446      0    python         
    0    1970308     C      -      -      -      -      -      -   1718      0    python         
    0    2401925     C     93     79      -      -      -      -  41676      0    VLLM::EngineCor
    0       5875     C      -      -      -      -      -      -   1192      0    python         
    0    1219611     C      -      -      -      -      -      -   1684      0    python         
    0    1953199     C      -      -      -      -      -      -   6446      0    python         
    0    1970308     C      -      -      -      -      -      -   1718      0    python         
    0    2401925     C     95     69      -      -      -      -  41676      0    VLLM::EngineCor
    0       5875     C      -      -      -      -      -      -   1192      0    python         
    0    1219611     C      -      -      -      -      -      -   1684      0    python         
    0    1953199     C      -      -      -      -      -      -   6446      0    python         
    0    1970308     C      -      -      -      -      -      -   1718      0    python         
    0    2401925     C     98     38      -      -      -      -  41676      0    VLLM::EngineCor
    0       5875     C      -      -      -      -      -      -   1192      0    python         
    0    1219611     C      -      -      -      -      -      -   1684      0    python         
    0    1953199     C      -      -      -      -      -      -   6446      0    python         
    0    1970308     C      -      -      -      -      -      -   1718      0    python         
    0    2401925     C     97     46      -      -      -      -  41676      0    VLLM::EngineCor
    0       5875     C      -      -      -      -      -      -   1192      0    python         
    0    1219611     C      -      -      -      -      -      -   1684      0    python         
    0    1953199     C      -      -      -      -      -      -   6446      0    python         
    0    1970308     C      -      -      -      -      -      -   1718      0    python         
    0    2401925     C     98     36      -      -      -      -  41676      0    VLLM::EngineCor
    0       5875     C      -      -      -      -      -      -   1192      0    python         
    0    1219611     C      -      -      -      -      -      -   1684      0    python         
    0    1953199     C      -      -      -      -      -      -   6446      0    python         
    0    1970308     C      -      -      -      -      -      -   1718      0    python         
    0    2401925     C     95     74      -      -      -      -  41676      0    VLLM::EngineCor
    0       5875     C      -      -      -      -      -      -   1192      0    python         
    0    1219611     C      -      -      -      -      -      -   1684      0    python         
    0    1953199     C      -      -      -      -      -      -   6446      0    python         
    0    1970308     C      -      -      -      -      -      -   1718      0    python         
    0    2401925     C     94     85      -      -      -      -  41676      0    VLLM::EngineCor
    0       5875     C      -      -      -      -      -      -   1192      0    python         
    0    1219611     C      -      -      -      -      -      -   1684      0    python         
    0    1953199     C      -      -      -      -      -      -   6446      0    python         
    0    1970308     C      -      -      -      -      -      -   1718      0    python         
    0    2401925     C     95     86      -      -      -      -  41676      0    VLLM::EngineCor
    0       5875     C      -      -      -      -      -      -   1192      0    python         
    0    1219611     C      -      -      -      -      -      -   1684      0    python         
# gpu         pid   type     sm    mem    enc    dec    jpg    ofa     fb   ccpm    command 
# Idx           #    C/G      %      %      %      %      %      %     MB     MB    name 
    0    1953199     C      -      -      -      -      -      -   6446      0    python         
    0    1970308     C      -      -      -      -      -      -   1718      0    python         
    0    2401925     C     95     85      -      -      -      -  41676      0    VLLM::EngineCor
    0       5875     C      -      -      -      -      -      -   1192      0    python         
    0    1219611     C      -      -      -      -      -      -   1684      0    python         
    0    1953199     C      -      -      -      -      -      -   6446      0    python         
    0    1970308     C      -      -      -      -      -      -   1718      0    python         
    0    2401925     C     95     85      -      -      -      -  41676      0    VLLM::EngineCor
    0       5875     C      -      -      -      -      -      -   1192      0    python         
    0    1219611     C      -      -      -      -      -      -   1684      0    python         
    0    1953199     C      -      -      -      -      -      -   6446      0    python         
    0    1970308     C      -      -      -      -      -      -   1718      0    python         
    0    2401925     C     94     84      -      -      -      -  41676      0    VLLM::EngineCor
    0       5875     C      -      -      -      -      -      -   1192      0    python         
    0    1219611     C      -      -      -      -      -      -   1684      0    python         
    0    1953199     C      -      -      -      -      -      -   6446      0    python         
    0    1970308     C      -      -      -      -      -      -   1718      0    python         
    0    2401925     C     96     60      -      -      -      -  41676      0    VLLM::EngineCor
    0       5875     C      -      -      -      -      -      -   1192      0    python         
    0    1219611     C      -      -      -      -      -      -   1684      0    python         
    0    1953199     C      -      -      -      -      -      -   6446      0    python         
    0    1970308     C      -      -      -      -      -      -   1718      0    python         
    0    2401925     C     95     70      -      -      -      -  41676      0    VLLM::EngineCor
    0       5875     C      -      -      -      -      -      -   1192      0    python         
    0    1219611     C      -      -      -      -      -      -   1684      0    python         
    0    1953199     C      -      -      -      -      -      -   6446      0    python         
    0    1970308     C      -      -      -      -      -      -   1718      0    python         
    0    2401925     C     98     33      -      -      -      -  41676      0    VLLM::EngineCor
    0       5875     C      -      -      -      -      -      -   1192      0    python         
    0    1219611     C      -      -      -      -      -      -   1684      0    python         
    0    1953199     C      -      -      -      -      -      -   6446      0    python         
    0    1970308     C      -      -      -      -      -      -   1718      0    python         
    0    2401925     C     98     38      -      -      -      -  41676      0    VLLM::EngineCor
    0       5875     C      -      -      -      -      -      -   1192      0    python         
    0    1219611     C      -      -      -      -      -      -   1684      0    python         
    0    1953199     C      -      -      -      -      -      -   6446      0    python         
    0    1970308     C      -      -      -      -      -      -   1718      0    python         
    0    2401925     C     98     33      -      -      -      -  41676      0    VLLM::EngineCor
    0       5875     C      -      -      -      -      -      -   1192      0    python         
    0    1219611     C      -      -      -      -      -      -   1684      0    python         
    0    1953199     C      -      -      -      -      -      -   6446      0    python         
    0    1970308     C      -      -      -      -      -      -   1718      0    python         
    0    2401925     C     97     50      -      -      -      -  41676      0    VLLM::EngineCor
    0       5875     C      -      -      -      -      -      -   1192      0    python         
# gpu         pid   type     sm    mem    enc    dec    jpg    ofa     fb   ccpm    command 
# Idx           #    C/G      %      %      %      %      %      %     MB     MB    name 
    0    1219611     C      -      -      -      -      -      -   1684      0    python         
    0    1953199     C      -      -      -      -      -      -   6446      0    python         
    0    1970308     C      -      -      -      -      -      -   1718      0    python         
    0    2401925     C     95     83      -      -      -      -  41676      0    VLLM::EngineCor
    0       5875     C      -      -      -      -      -      -   1192      0    python         
    0    1219611     C      -      -      -      -      -      -   1684      0    python         
    0    1953199     C      -      -      -      -      -      -   6446      0    python         
    0    1970308     C      -      -      -      -      -      -   1718      0    python         
    0    2401925     C     93     84      -      -      -      -  41676      0    VLLM::EngineCor
    0       5875     C      -      -      -      -      -      -   1192      0    python         
    0    1219611     C      -      -      -      -      -      -   1684      0    python         
    0    1953199     C      -      -      -      -      -      -   6446      0    python         
    0    1970308     C      -      -      -      -      -      -   1718      0    python         
    0    2401925     C     95     64      -      -      -      -  41676      0    VLLM::EngineCor
    0       5875     C      -      -      -      -      -      -   1192      0    python         
    0    1219611     C      -      -      -      -      -      -   1684      0    python         
    0    1953199     C      -      -      -      -      -      -   6446      0    python         
    0    1970308     C      -      -      -      -      -      -   1718      0    python         
    0    2401925     C     94     78      -      -      -      -  41676      0    VLLM::EngineCor
    0       5875     C      -      -      -      -      -      -   1192      0    python         
    0    1219611     C      -      -      -      -      -      -   1684      0    python         
    0    1953199     C      -      -      -      -      -      -   6446      0    python         
    0    1970308     C      -      -      -      -      -      -   1718      0    python         
    0    2401925     C     93     83      -      -      -      -  41676      0    VLLM::EngineCor
    0       5875     C      -      -      -      -      -      -   1192      0    python         
    0    1219611     C      -      -      -      -      -      -   1684      0    python         
    0    1953199     C      -      -      -      -      -      -   6446      0    python         
    0    1970308     C      -      -      -      -      -      -   1718      0    python         
    0    2401925     C     94     74      -      -      -      -  41676      0    VLLM::EngineCor
    0       5875     C      -      -      -      -      -      -   1192      0    python         
    0    1219611     C      -      -      -      -      -      -   1684      0    python         
    0    1953199     C      -      -      -      -      -      -   6446      0    python         
    0    1970308     C      -      -      -      -      -      -   1718      0    python         
    0    2401925     C     95     65      -      -      -      -  41676      0    VLLM::EngineCor
    0       5875     C      -      -      -      -      -      -   1192      0    python         
    0    1219611     C      -      -      -      -      -      -   1684      0    python         
    0    1953199     C      -      -      -      -      -      -   6446      0    python         
    0    1970308     C      -      -      -      -      -      -   1718      0    python         
    0    2401925     C     93     74      -      -      -      -  41676      0    VLLM::EngineCor
    0       5875     C      -      -      -      -      -      -   1192      0    python         
    0    1219611     C      -      -      -      -      -      -   1684      0    python         
    0    1953199     C      -      -      -      -      -      -   6446      0    python         
    0    1970308     C      -      -      -      -      -      -   1718      0    python         
    0    2401925     C     97     43      -      -      -      -  41676      0    VLLM::EngineCor
# gpu         pid   type     sm    mem    enc    dec    jpg    ofa     fb   ccpm    command 
# Idx           #    C/G      %      %      %      %      %      %     MB     MB    name 
    0       5875     C      -      -      -      -      -      -   1192      0    python         
    0    1219611     C      -      -      -      -      -      -   1684      0    python         
    0    1953199     C      -      -      -      -      -      -   6446      0    python         
    0    1970308     C      -      -      -      -      -      -   1718      0    python         
    0    2401925     C     98     33      -      -      -      -  41676      0    VLLM::EngineCor
    0       5875     C      -      -      -      -      -      -   1192      0    python         
    0    1219611     C      -      -      -      -      -      -   1684      0    python         
    0    1953199     C      -      -      -      -      -      -   6446      0    python         
    0    1970308     C      -      -      -      -      -      -   1718      0    python         
    0    2401925     C     97     36      -      -      -      -  41676      0    VLLM::EngineCor
    0       5875     C      -      -      -      -      -      -   1192      0    python         
    0    1219611     C      -      -      -      -      -      -   1684      0    python         
    0    1953199     C      -      -      -      -      -      -   6446      0    python         
    0    1970308     C      -      -      -      -      -      -   1718      0    python         
    0    2401925     C     97     45      -      -      -      -  41676      0    VLLM::EngineCor
    0       5875     C      -      -      -      -      -      -   1192      0    python         
    0    1219611     C      -      -      -      -      -      -   1684      0    python         
    0    1953199     C      -      -      -      -      -      -   6446      0    python         
    0    1970308     C      -      -      -      -      -      -   1718      0    python         
    0    2401925     C     95     74      -      -      -      -  41676      0    VLLM::EngineCor
    0       5875     C      -      -      -      -      -      -   1192      0    python         
    0    1219611     C      -      -      -      -      -      -   1684      0    python         
    0    1953199     C      -      -      -      -      -      -   6446      0    python         
    0    1970308     C      -      -      -      -      -      -   1718      0    python         
    0    2401925     C     95     69      -      -      -      -  41676      0    VLLM::EngineCor
    0       5875     C      -      -      -      -      -      -   1192      0    python         
    0    1219611     C      -      -      -      -      -      -   1684      0    python         
    0    1953199     C      -      -      -      -      -      -   6446      0    python         
    0    1970308     C      -      -      -      -      -      -   1718      0    python         
    0    2401925     C     95     74      -      -      -      -  41676      0    VLLM::EngineCor
    0       5875     C      -      -      -      -      -      -   1192      0    python         
    0    1219611     C      -      -      -      -      -      -   1684      0    python         
    0    1953199     C      -      -      -      -      -      -   6446      0    python         
    0    1970308     C      -      -      -      -      -      -   1718      0    python         
    0    2401925     C     93     84      -      -      -      -  41676      0    VLLM::EngineCor
    0       5875     C      -      -      -      -      -      -   1192      0    python         
    0    1219611     C      -      -      -      -      -      -   1684      0    python         
    0    1953199     C      -      -      -      -      -      -   6446      0    python         
    0    1970308     C      -      -      -      -      -      -   1718      0    python         
    0    2401925     C     93     84      -      -      -      -  41676      0    VLLM::EngineCor
    0       5875     C      -      -      -      -      -      -   1192      0    python         
    0    1219611     C      -      -      -      -      -      -   1684      0    python         
    0    1953199     C      -      -      -      -      -      -   6446      0    python         
    0    1970308     C      -      -      -      -      -      -   1718      0    python         
# gpu         pid   type     sm    mem    enc    dec    jpg    ofa     fb   ccpm    command 
# Idx           #    C/G      %      %      %      %      %      %     MB     MB    name 
    0    2401925     C     94     85      -      -      -      -  41676      0    VLLM::EngineCor
    0       5875     C      -      -      -      -      -      -   1192      0    python         
    0    1219611     C      -      -      -      -      -      -   1684      0    python         
    0    1953199     C      -      -      -      -      -      -   6446      0    python         
    0    1970308     C      -      -      -      -      -      -   1718      0    python         
    0    2401925     C     95     85      -      -      -      -  41676      0    VLLM::EngineCor
    0       5875     C      -      -      -      -      -      -   1192      0    python         
    0    1219611     C      -      -      -      -      -      -   1684      0    python         
    0    1953199     C      -      -      -      -      -      -   6446      0    python         
    0    1970308     C      -      -      -      -      -      -   1718      0    python         
    0    2401925     C     98     40      -      -      -      -  41676      0    VLLM::EngineCor
    0       5875     C      -      -      -      -      -      -   1192      0    python         
    0    1219611     C      -      -      -      -      -      -   1684      0    python         
    0    1953199     C      -      -      -      -      -      -   6446      0    python         
    0    1970308     C      -      -      -      -      -      -   1718      0    python         
    0    2401925     C     98     33      -      -      -      -  41676      0    VLLM::EngineCor
    0       5875     C      -      -      -      -      -      -   1192      0    python         
    0    1219611     C      -      -      -      -      -      -   1684      0    python         
    0    1953199     C      -      -      -      -      -      -   6446      0    python         
    0    1970308     C      -      -      -      -      -      -   1718      0    python         
    0    2401925     C     98     33      -      -      -      -  41676      0    VLLM::EngineCor
    0       5875     C      -      -      -      -      -      -   1192      0    python         
    0    1219611     C      -      -      -      -      -      -   1684      0    python         
    0    1953199     C      -      -      -      -      -      -   6446      0    python         
    0    1970308     C      -      -      -      -      -      -   1718      0    python         
    0    2401925     C     98     33      -      -      -      -  41676      0    VLLM::EngineCor
    0       5875     C      -      -      -      -      -      -   1192      0    python         
    0    1219611     C      -      -      -      -      -      -   1684      0    python         
    0    1953199     C      -      -      -      -      -      -   6446      0    python         
    0    1970308     C      -      -      -      -      -      -   1718      0    python         
    0    2401925     C     98     34      -      -      -      -  41676      0    VLLM::EngineCor
    0       5875     C      -      -      -      -      -      -   1192      0    python         
    0    1219611     C      -      -      -      -      -      -   1684      0    python         
    0    1953199     C      -      -      -      -      -      -   6446      0    python         
    0    1970308     C      -      -      -      -      -      -   1718      0    python         
    0    2401925     C     94     77      -      -      -      -  41676      0    VLLM::EngineCor
    0       5875     C      -      -      -      -      -      -   1192      0    python         
    0    1219611     C      -      -      -      -      -      -   1684      0    python         
    0    1953199     C      -      -      -      -      -      -   6446      0    python         
    0    1970308     C      -      -      -      -      -      -   1718      0    python         
    0    2401925     C     95     70      -      -      -      -  41676      0    VLLM::EngineCor
    0       5875     C      -      -      -      -      -      -   1192      0    python         
    0    1219611     C      -      -      -      -      -      -   1684      0    python         
    0    1953199     C      -      -      -      -      -      -   6446      0    python         
# gpu         pid   type     sm    mem    enc    dec    jpg    ofa     fb   ccpm    command 
# Idx           #    C/G      %      %      %      %      %      %     MB     MB    name 
    0    1970308     C      -      -      -      -      -      -   1718      0    python         
    0    2401925     C     95     67      -      -      -      -  41676      0    VLLM::EngineCor
    0       5875     C      -      -      -      -      -      -   1192      0    python         
    0    1219611     C      -      -      -      -      -      -   1684      0    python         
    0    1953199     C      -      -      -      -      -      -   6446      0    python         
    0    1970308     C      -      -      -      -      -      -   1718      0    python         
    0    2401925     C     93     85      -      -      -      -  41676      0    VLLM::EngineCor
    0       5875     C      -      -      -      -      -      -   1192      0    python         
    0    1219611     C      -      -      -      -      -      -   1684      0    python         
    0    1953199     C      -      -      -      -      -      -   6446      0    python         
    0    1970308     C      -      -      -      -      -      -   1718      0    python         
    0    2401925     C     93     85      -      -      -      -  41676      0    VLLM::EngineCor
    0       5875     C      -      -      -      -      -      -   1192      0    python         
    0    1219611     C      -      -      -      -      -      -   1684      0    python         
    0    1953199     C      -      -      -      -      -      -   6446      0    python         
    0    1970308     C      -      -      -      -      -      -   1718      0    python         
    0    2401925     C     93     85      -      -      -      -  41676      0    VLLM::EngineCor
    0       5875     C      -      -      -      -      -      -   1192      0    python         
    0    1219611     C      -      -      -      -      -      -   1684      0    python         
    0    1953199     C      -      -      -      -      -      -   6446      0    python         
    0    1970308     C      -      -      -      -      -      -   1718      0    python         
    0    2401925     C     94     84      -      -      -      -  41676      0    VLLM::EngineCor
    0       5875     C      -      -      -      -      -      -   1192      0    python         
    0    1219611     C      -      -      -      -      -      -   1684      0    python         
    0    1953199     C      -      -      -      -      -      -   6446      0    python         
    0    1970308     C      -      -      -      -      -      -   1718      0    python         
    0    2401925     C     95     68      -      -      -      -  41676      0    VLLM::EngineCor
    0       5875     C      -      -      -      -      -      -   1192      0    python         
    0    1219611     C      -      -      -      -      -      -   1684      0    python         
    0    1953199     C      -      -      -      -      -      -   6446      0    python         
    0    1970308     C      -      -      -      -      -      -   1718      0    python         
    0    2401925     C     98     33      -      -      -      -  41676      0    VLLM::EngineCor
    0       5875     C      -      -      -      -      -      -   1192      0    python         
    0    1219611     C      -      -      -      -      -      -   1684      0    python         
    0    1953199     C      -      -      -      -      -      -   6446      0    python         
    0    1970308     C      -      -      -      -      -      -   1718      0    python         
    0    2401925     C     98     33      -      -      -      -  41676      0    VLLM::EngineCor
    0       5875     C      -      -      -      -      -      -   1192      0    python         
    0    1219611     C      -      -      -      -      -      -   1684      0    python         
    0    1953199     C      -      -      -      -      -      -   6446      0    python         
    0    1970308     C      -      -      -      -      -      -   1718      0    python         
    0    2401925     C     98     33      -      -      -      -  41676      0    VLLM::EngineCor
    0       5875     C      -      -      -      -      -      -   1192      0    python         
    0    1219611     C      -      -      -      -      -      -   1684      0    python         
# gpu         pid   type     sm    mem    enc    dec    jpg    ofa     fb   ccpm    command 
# Idx           #    C/G      %      %      %      %      %      %     MB     MB    name 
    0    1953199     C      -      -      -      -      -      -   6446      0    python         
    0    1970308     C      -      -      -      -      -      -   1718      0    python         
    0    2401925     C     98     33      -      -      -      -  41676      0    VLLM::EngineCor
    0       5875     C      -      -      -      -      -      -   1192      0    python         
    0    1219611     C      -      -      -      -      -      -   1684      0    python         
    0    1953199     C      -      -      -      -      -      -   6446      0    python         
    0    1970308     C      -      -      -      -      -      -   1718      0    python         
    0    2401925     C     96     52      -      -      -      -  41676      0    VLLM::EngineCor
    0       5875     C      -      -      -      -      -      -   1192      0    python         
    0    1219611     C      -      -      -      -      -      -   1684      0    python         
    0    1953199     C      -      -      -      -      -      -   6446      0    python         
    0    1970308     C      -      -      -      -      -      -   1718      0    python         
    0    2401925     C     93     84      -      -      -      -  41676      0    VLLM::EngineCor
    0       5875     C      -      -      -      -      -      -   1192      0    python         
    0    1219611     C      -      -      -      -      -      -   1684      0    python         
    0    1953199     C      -      -      -      -      -      -   6446      0    python         
    0    1970308     C      -      -      -      -      -      -   1718      0    python         
    0    2401925     C     92     84      -      -      -      -  41676      0    VLLM::EngineCor
    0       5875     C      -      -      -      -      -      -   1192      0    python         
    0    1219611     C      -      -      -      -      -      -   1684      0    python         
    0    1953199     C      -      -      -      -      -      -   6446      0    python         
    0    1970308     C      -      -      -      -      -      -   1718      0    python         
    0    2401925     C     95     66      -      -      -      -  41676      0    VLLM::EngineCor
    0       5875     C      -      -      -      -      -      -   1192      0    python         
    0    1219611     C      -      -      -      -      -      -   1684      0    python         
    0    1953199     C      -      -      -      -      -      -   6446      0    python         
    0    1970308     C      -      -      -      -      -      -   1718      0    python         
    0    2401925     C     94     74      -      -      -      -  41676      0    VLLM::EngineCor
    0       5875     C      -      -      -      -      -      -   1192      0    python         
    0    1219611     C      -      -      -      -      -      -   1684      0    python         
    0    1953199     C      -      -      -      -      -      -   6446      0    python         
    0    1970308     C      -      -      -      -      -      -   1718      0    python         
    0    2401925     C     93     84      -      -      -      -  41676      0    VLLM::EngineCor
    0       5875     C      -      -      -      -      -      -   1192      0    python         
    0    1219611     C      -      -      -      -      -      -   1684      0    python         
    0    1953199     C      -      -      -      -      -      -   6446      0    python         
    0    1970308     C      -      -      -      -      -      -   1718      0    python         
    0    2401925     C     93     84      -      -      -      -  41676      0    VLLM::EngineCor
    0       5875     C      -      -      -      -      -      -   1192      0    python         
    0    1219611     C      -      -      -      -      -      -   1684      0    python         
    0    1953199     C      -      -      -      -      -      -   6446      0    python         
    0    1970308     C      -      -      -      -      -      -   1718      0    python         
    0    2401925     C     93     84      -      -      -      -  41676      0    VLLM::EngineCor
    0       5875     C      -      -      -      -      -      -   1192      0    python         
# gpu         pid   type     sm    mem    enc    dec    jpg    ofa     fb   ccpm    command 
# Idx           #    C/G      %      %      %      %      %      %     MB     MB    name 
    0    1219611     C      -      -      -      -      -      -   1684      0    python         
    0    1953199     C      -      -      -      -      -      -   6446      0    python         
    0    1970308     C      -      -      -      -      -      -   1718      0    python         
    0    2401925     C     95     57      -      -      -      -  41676      0    VLLM::EngineCor
    0       5875     C      -      -      -      -      -      -   1192      0    python         
    0    1219611     C      -      -      -      -      -      -   1684      0    python         
    0    1953199     C      -      -      -      -      -      -   6446      0    python         
    0    1970308     C      -      -      -      -      -      -   1718      0    python         
    0    2401925     C     98     33      -      -      -      -  41676      0    VLLM::EngineCor
    0       5875     C      -      -      -      -      -      -   1192      0    python         
    0    1219611     C      -      -      -      -      -      -   1684      0    python         
    0    1953199     C      -      -      -      -      -      -   6446      0    python         
    0    1970308     C      -      -      -      -      -      -   1718      0    python         
    0    2401925     C     98     33      -      -      -      -  41676      0    VLLM::EngineCor
    0       5875     C      -      -      -      -      -      -   1192      0    python         
    0    1219611     C      -      -      -      -      -      -   1684      0    python         
    0    1953199     C      -      -      -      -      -      -   6446      0    python         
    0    1970308     C      -      -      -      -      -      -   1718      0    python         
    0    2401925     C     98     33      -      -      -      -  41676      0    VLLM::EngineCor
    0       5875     C      -      -      -      -      -      -   1192      0    python         
    0    1219611     C      -      -      -      -      -      -   1684      0    python         
    0    1953199     C      -      -      -      -      -      -   6446      0    python         
    0    1970308     C      -      -      -      -      -      -   1718      0    python         
    0    2401925     C     97     47      -      -      -      -  41676      0    VLLM::EngineCor
    0       5875     C      -      -      -      -      -      -   1192      0    python         
    0    1219611     C      -      -      -      -      -      -   1684      0    python         
    0    1953199     C      -      -      -      -      -      -   6446      0    python         
    0    1970308     C      -      -      -      -      -      -   1718      0    python         
    0    2401925     C     91     77      -      -      -      -  41676      0    VLLM::EngineCor
    0       5875     C      -      -      -      -      -      -   1192      0    python         
    0    1219611     C      -      -      -      -      -      -   1684      0    python         
    0    1953199     C      -      -      -      -      -      -   6446      0    python         
    0    1970308     C      -      -      -      -      -      -   1718      0    python         
    0    2401925     C     92     84      -      -      -      -  41676      0    VLLM::EngineCor
    0       5875     C      -      -      -      -      -      -   1192      0    python         
    0    1219611     C      -      -      -      -      -      -   1684      0    python         
    0    1953199     C      -      -      -      -      -      -   6446      0    python         
    0    1970308     C      -      -      -      -      -      -   1718      0    python         
    0    2401925     C     93     84      -      -      -      -  41676      0    VLLM::EngineCor
    0       5875     C      -      -      -      -      -      -   1192      0    python         
    0    1219611     C      -      -      -      -      -      -   1684      0    python         
    0    1953199     C      -      -      -      -      -      -   6446      0    python         
    0    1970308     C      -      -      -      -      -      -   1718      0    python         
    0    2401925     C     93     84      -      -      -      -  41676      0    VLLM::EngineCor
# gpu         pid   type     sm    mem    enc    dec    jpg    ofa     fb   ccpm    command 
# Idx           #    C/G      %      %      %      %      %      %     MB     MB    name 
    0       5875     C      -      -      -      -      -      -   1192      0    python         
    0    1219611     C      -      -      -      -      -      -   1684      0    python         
    0    1953199     C      -      -      -      -      -      -   6446      0    python         
    0    1970308     C      -      -      -      -      -      -   1718      0    python         
    0    2401925     C     93     84      -      -      -      -  41676      0    VLLM::EngineCor
    0       5875     C      -      -      -      -      -      -   1192      0    python         
    0    1219611     C      -      -      -      -      -      -   1684      0    python         
    0    1953199     C      -      -      -      -      -      -   6446      0    python         
    0    1970308     C      -      -      -      -      -      -   1718      0    python         
    0    2401925     C     92     83      -      -      -      -  41676      0    VLLM::EngineCor
    0       5875     C      -      -      -      -      -      -   1192      0    python         
    0    1219611     C      -      -      -      -      -      -   1684      0    python         
    0    1953199     C      -      -      -      -      -      -   6446      0    python         
    0    1970308     C      -      -      -      -      -      -   1718      0    python         
    0    2401925     C     93     67      -      -      -      -  41676      0    VLLM::EngineCor
    0       5875     C      -      -      -      -      -      -   1192      0    python         
    0    1219611     C      -      -      -      -      -      -   1684      0    python         
    0    1953199     C      -      -      -      -      -      -   6446      0    python         
    0    1970308     C      -      -      -      -      -      -   1718      0    python         
    0    2401925     C     96     46      -      -      -      -  41676      0    VLLM::EngineCor
    0       5875     C      -      -      -      -      -      -   1192      0    python         
    0    1219611     C      -      -      -      -      -      -   1684      0    python         
    0    1953199     C      -      -      -      -      -      -   6446      0    python         
    0    1970308     C      -      -      -      -      -      -   1718      0    python         
    0    2401925     C     98     33      -      -      -      -  41676      0    VLLM::EngineCor
    0       5875     C      -      -      -      -      -      -   1192      0    python         
    0    1219611     C      -      -      -      -      -      -   1684      0    python         
    0    1953199     C      -      -      -      -      -      -   6446      0    python         
    0    1970308     C      -      -      -      -      -      -   1718      0    python         
    0    2401925     C     96     50      -      -      -      -  41676      0    VLLM::EngineCor
    0       5875     C      -      -      -      -      -      -   1192      0    python         
    0    1219611     C      -      -      -      -      -      -   1684      0    python         
    0    1953199     C      -      -      -      -      -      -   6446      0    python         
    0    1970308     C      -      -      -      -      -      -   1718      0    python         
    0    2401925     C     93     83      -      -      -      -  41676      0    VLLM::EngineCor
    0       5875     C      -      -      -      -      -      -   1192      0    python         
    0    1219611     C      -      -      -      -      -      -   1684      0    python         
    0    1953199     C      -      -      -      -      -      -   6446      0    python         
    0    1970308     C      -      -      -      -      -      -   1718      0    python         
    0    2401925     C     93     83      -      -      -      -  41676      0    VLLM::EngineCor
    0       5875     C      -      -      -      -      -      -   1192      0    python         
    0    1219611     C      -      -      -      -      -      -   1684      0    python         
    0    1953199     C      -      -      -      -      -      -   6446      0    python         
    0    1970308     C      -      -      -      -      -      -   1718      0    python         
# gpu         pid   type     sm    mem    enc    dec    jpg    ofa     fb   ccpm    command 
# Idx           #    C/G      %      %      %      %      %      %     MB     MB    name 
    0    2401925     C     94     83      -      -      -      -  41676      0    VLLM::EngineCor
    0       5875     C      -      -      -      -      -      -   1192      0    python         
    0    1219611     C      -      -      -      -      -      -   1684      0    python         
    0    1953199     C      -      -      -      -      -      -   6446      0    python         
    0    1970308     C      -      -      -      -      -      -   1718      0    python         
    0    2401925     C     93     82      -      -      -      -  41676      0    VLLM::EngineCor
    0       5875     C      -      -      -      -      -      -   1192      0    python         
    0    1219611     C      -      -      -      -      -      -   1684      0    python         
    0    1953199     C      -      -      -      -      -      -   6446      0    python         
    0    1970308     C      -      -      -      -      -      -   1718      0    python         
    0    2401925     C     93     82      -      -      -      -  41676      0    VLLM::EngineCor
    0       5875     C      -      -      -      -      -      -   1192      0    python         
    0    1219611     C      -      -      -      -      -      -   1684      0    python         
    0    1953199     C      -      -      -      -      -      -   6446      0    python         
    0    1970308     C      -      -      -      -      -      -   1718      0    python         
    0    2401925     C     93     82      -      -      -      -  41676      0    VLLM::EngineCor
    0       5875     C      -      -      -      -      -      -   1192      0    python         
    0    1219611     C      -      -      -      -      -      -   1684      0    python         
    0    1953199     C      -      -      -      -      -      -   6446      0    python         
    0    1970308     C      -      -      -      -      -      -   1718      0    python         
    0    2401925     C     93     83      -      -      -      -  41676      0    VLLM::EngineCor
    0       5875     C      -      -      -      -      -      -   1192      0    python         
    0    1219611     C      -      -      -      -      -      -   1684      0    python         
    0    1953199     C      -      -      -      -      -      -   6446      0    python         
    0    1970308     C      -      -      -      -      -      -   1718      0    python         
    0    2401925     C     93     85      -      -      -      -  41676      0    VLLM::EngineCor
    0       5875     C      -      -      -      -      -      -   1192      0    python         
    0    1219611     C      -      -      -      -      -      -   1684      0    python         
    0    1953199     C      -      -      -      -      -      -   6446      0    python         
    0    1970308     C      -      -      -      -      -      -   1718      0    python         
    0    2401925     C     93     86      -      -      -      -  41676      0    VLLM::EngineCor
    0       5875     C      -      -      -      -      -      -   1192      0    python         
    0    1219611     C      -      -      -      -      -      -   1684      0    python         
    0    1953199     C      -      -      -      -      -      -   6446      0    python         
    0    1970308     C      -      -      -      -      -      -   1718      0    python         
    0    2401925     C     92     86      -      -      -      -  41676      0    VLLM::EngineCor
    0       5875     C      -      -      -      -      -      -   1192      0    python         
    0    1219611     C      -      -      -      -      -      -   1684      0    python         
    0    1953199     C      -      -      -      -      -      -   6446      0    python         
    0    1970308     C      -      -      -      -      -      -   1718      0    python         
    0    2401925     C     93     86      -      -      -      -  41676      0    VLLM::EngineCor
    0       5875     C      -      -      -      -      -      -   1192      0    python         
    0    1219611     C      -      -      -      -      -      -   1684      0    python         
    0    1953199     C      -      -      -      -      -      -   6446      0    python         
# gpu         pid   type     sm    mem    enc    dec    jpg    ofa     fb   ccpm    command 
# Idx           #    C/G      %      %      %      %      %      %     MB     MB    name 
    0    1970308     C      -      -      -      -      -      -   1718      0    python         
    0    2401925     C     94     87      -      -      -      -  41676      0    VLLM::EngineCor
    0       5875     C      -      -      -      -      -      -   1192      0    python         
    0    1219611     C      -      -      -      -      -      -   1684      0    python         
    0    1953199     C      -      -      -      -      -      -   6446      0    python         
    0    1970308     C      -      -      -      -      -      -   1718      0    python         
    0    2401925     C     94     87      -      -      -      -  41676      0    VLLM::EngineCor
    0       5875     C      -      -      -      -      -      -   1192      0    python         
    0    1219611     C      -      -      -      -      -      -   1684      0    python         
    0    1953199     C      -      -      -      -      -      -   6446      0    python         
    0    1970308     C      -      -      -      -      -      -   1718      0    python         
    0    2401925     C     93     86      -      -      -      -  41676      0    VLLM::EngineCor
    0       5875     C      -      -      -      -      -      -   1192      0    python         
    0    1219611     C      -      -      -      -      -      -   1684      0    python         
    0    1953199     C      -      -      -      -      -      -   6446      0    python         
    0    1970308     C      -      -      -      -      -      -   1718      0    python         
    0    2401925     C     94     87      -      -      -      -  41676      0    VLLM::EngineCor
    0       5875     C      -      -      -      -      -      -   1192      0    python         
    0    1219611     C      -      -      -      -      -      -   1684      0    python         
    0    1953199     C      -      -      -      -      -      -   6446      0    python         
    0    1970308     C      -      -      -      -      -      -   1718      0    python         
    0    2401925     C     94     86      -      -      -      -  41676      0    VLLM::EngineCor
    0       5875     C      -      -      -      -      -      -   1192      0    python         
    0    1219611     C      -      -      -      -      -      -   1684      0    python         
    0    1953199     C      -      -      -      -      -      -   6446      0    python         
    0    1970308     C      -      -      -      -      -      -   1718      0    python         
    0    2401925     C     93     86      -      -      -      -  41676      0    VLLM::EngineCor
    0       5875     C      -      -      -      -      -      -   1192      0    python         
    0    1219611     C      -      -      -      -      -      -   1684      0    python         
    0    1953199     C      -      -      -      -      -      -   6446      0    python         
    0    1970308     C      -      -      -      -      -      -   1718      0    python         
    0    2401925     C     93     86      -      -      -      -  41676      0    VLLM::EngineCor
    0       5875     C      -      -      -      -      -      -   1192      0    python         
    0    1219611     C      -      -      -      -      -      -   1684      0    python         
    0    1953199     C      -      -      -      -      -      -   6446      0    python         
    0    1970308     C      -      -      -      -      -      -   1718      0    python         
    0    2401925     C     92     86      -      -      -      -  41676      0    VLLM::EngineCor
    0       5875     C      -      -      -      -      -      -   1192      0    python         
    0    1219611     C      -      -      -      -      -      -   1684      0    python         
    0    1953199     C      -      -      -      -      -      -   6446      0    python         
    0    1970308     C      -      -      -      -      -      -   1718      0    python         
    0    2401925     C     93     86      -      -      -      -  41676      0    VLLM::EngineCor
    0       5875     C      -      -      -      -      -      -   1192      0    python         
    0    1219611     C      -      -      -      -      -      -   1684      0    python         
# gpu         pid   type     sm    mem    enc    dec    jpg    ofa     fb   ccpm    command 
# Idx           #    C/G      %      %      %      %      %      %     MB     MB    name 
    0    1953199     C      -      -      -      -      -      -   6446      0    python         
    0    1970308     C      -      -      -      -      -      -   1718      0    python         
    0    2401925     C     92     85      -      -      -      -  41676      0    VLLM::EngineCor
    0       5875     C      -      -      -      -      -      -   1192      0    python         
    0    1219611     C      -      -      -      -      -      -   1684      0    python         
    0    1953199     C      -      -      -      -      -      -   6446      0    python         
    0    1970308     C      -      -      -      -      -      -   1718      0    python         
    0    2401925     C     93     86      -      -      -      -  41676      0    VLLM::EngineCor
    0       5875     C      -      -      -      -      -      -   1192      0    python         
    0    1219611     C      -      -      -      -      -      -   1684      0    python         
    0    1953199     C      -      -      -      -      -      -   6446      0    python         
    0    1970308     C      -      -      -      -      -      -   1718      0    python         
    0    2401925     C     93     86      -      -      -      -  41676      0    VLLM::EngineCor
    0       5875     C      -      -      -      -      -      -   1192      0    python         
    0    1219611     C      -      -      -      -      -      -   1684      0    python         
    0    1953199     C      -      -      -      -      -      -   6446      0    python         
    0    1970308     C      -      -      -      -      -      -   1718      0    python         
    0    2401925     C     93     86      -      -      -      -  41676      0    VLLM::EngineCor
    0       5875     C      -      -      -      -      -      -   1192      0    python         
    0    1219611     C      -      -      -      -      -      -   1684      0    python         
    0    1953199     C      -      -      -      -      -      -   6446      0    python         
    0    1970308     C      -      -      -      -      -      -   1718      0    python         
    0    2401925     C     93     85      -      -      -      -  41676      0    VLLM::EngineCor
    0       5875     C      -      -      -      -      -      -   1192      0    python         
    0    1219611     C      -      -      -      -      -      -   1684      0    python         
    0    1953199     C      -      -      -      -      -      -   6446      0    python         
    0    1970308     C      -      -      -      -      -      -   1718      0    python         
    0    2401925     C     92     85      -      -      -      -  41676      0    VLLM::EngineCor
    0       5875     C      -      -      -      -      -      -   1192      0    python         
    0    1219611     C      -      -      -      -      -      -   1684      0    python         
    0    1953199     C      -      -      -      -      -      -   6446      0    python         
    0    1970308     C      -      -      -      -      -      -   1718      0    python         
    0    2401925     C     93     85      -      -      -      -  41676      0    VLLM::EngineCor
    0       5875     C      -      -      -      -      -      -   1192      0    python         
    0    1219611     C      -      -      -      -      -      -   1684      0    python         
    0    1953199     C      -      -      -      -      -      -   6446      0    python         
    0    1970308     C      -      -      -      -      -      -   1718      0    python         
    0    2401925     C     92     84      -      -      -      -  41676      0    VLLM::EngineCor
    0       5875     C      -      -      -      -      -      -   1192      0    python         
    0    1219611     C      -      -      -      -      -      -   1684      0    python         
    0    1953199     C      -      -      -      -      -      -   6446      0    python         
    0    1970308     C      -      -      -      -      -      -   1718      0    python         
    0    2401925     C     91     83      -      -      -      -  41676      0    VLLM::EngineCor
    0       5875     C      -      -      -      -      -      -   1192      0    python         
# gpu         pid   type     sm    mem    enc    dec    jpg    ofa     fb   ccpm    command 
# Idx           #    C/G      %      %      %      %      %      %     MB     MB    name 
    0    1219611     C      -      -      -      -      -      -   1684      0    python         
    0    1953199     C      -      -      -      -      -      -   6446      0    python         
    0    1970308     C      -      -      -      -      -      -   1718      0    python         
    0    2401925     C     91     83      -      -      -      -  41676      0    VLLM::EngineCor
    0       5875     C      -      -      -      -      -      -   1192      0    python         
    0    1219611     C      -      -      -      -      -      -   1684      0    python         
    0    1953199     C      -      -      -      -      -      -   6446      0    python         
    0    1970308     C      -      -      -      -      -      -   1718      0    python         
    0    2401925     C     91     83      -      -      -      -  41676      0    VLLM::EngineCor
    0       5875     C      -      -      -      -      -      -   1192      0    python         
    0    1219611     C      -      -      -      -      -      -   1684      0    python         
    0    1953199     C      -      -      -      -      -      -   6446      0    python         
    0    1970308     C      -      -      -      -      -      -   1718      0    python         
    0    2401925     C     91     83      -      -      -      -  41676      0    VLLM::EngineCor
    0       5875     C      -      -      -      -      -      -   1192      0    python         
    0    1219611     C      -      -      -      -      -      -   1684      0    python         
    0    1953199     C      -      -      -      -      -      -   6446      0    python         
    0    1970308     C      -      -      -      -      -      -   1718      0    python         
    0    2401925     C     92     83      -      -      -      -  41676      0    VLLM::EngineCor
    0       5875     C      -      -      -      -      -      -   1192      0    python         
    0    1219611     C      -      -      -      -      -      -   1684      0    python         
    0    1953199     C      -      -      -      -      -      -   6446      0    python         
    0    1970308     C      -      -      -      -      -      -   1718      0    python         
    0    2401925     C     92     84      -      -      -      -  41676      0    VLLM::EngineCor
    0       5875     C      -      -      -      -      -      -   1192      0    python         
    0    1219611     C      -      -      -      -      -      -   1684      0    python         
    0    1953199     C      -      -      -      -      -      -   6446      0    python         
    0    1970308     C      -      -      -      -      -      -   1718      0    python         
    0    2401925     C     93     85      -      -      -      -  41676      0    VLLM::EngineCor
    0       5875     C      -      -      -      -      -      -   1192      0    python         
    0    1219611     C      -      -      -      -      -      -   1684      0    python         
    0    1953199     C      -      -      -      -      -      -   6446      0    python         
    0    1970308     C      -      -      -      -      -      -   1718      0    python         
    0    2401925     C     92     84      -      -      -      -  41676      0    VLLM::EngineCor
    0       5875     C      -      -      -      -      -      -   1192      0    python         
    0    1219611     C      -      -      -      -      -      -   1684      0    python         
    0    1953199     C      -      -      -      -      -      -   6446      0    python         
    0    1970308     C      -      -      -      -      -      -   1718      0    python         
    0    2401925     C     89     81      -      -      -      -  41676      0    VLLM::EngineCor
    0       5875     C      -      -      -      -      -      -   1192      0    python         
    0    1219611     C      -      -      -      -      -      -   1684      0    python         
    0    1953199     C      -      -      -      -      -      -   6446      0    python         
    0    1970308     C      -      -      -      -      -      -   1718      0    python         
    0    2401925     C     89     81      -      -      -      -  41676      0    VLLM::EngineCor
# gpu         pid   type     sm    mem    enc    dec    jpg    ofa     fb   ccpm    command 
# Idx           #    C/G      %      %      %      %      %      %     MB     MB    name 
    0       5875     C      -      -      -      -      -      -   1192      0    python         
    0    1219611     C      -      -      -      -      -      -   1684      0    python         
    0    1953199     C      -      -      -      -      -      -   6446      0    python         
    0    1970308     C      -      -      -      -      -      -   1718      0    python         
    0    2401925     C     92     81      -      -      -      -  41676      0    VLLM::EngineCor
    0       5875     C      -      -      -      -      -      -   1192      0    python         
    0    1219611     C      -      -      -      -      -      -   1684      0    python         
    0    1953199     C      -      -      -      -      -      -   6446      0    python         
    0    1970308     C      -      -      -      -      -      -   1718      0    python         
    0    2401925     C     95     52      -      -      -      -  41676      0    VLLM::EngineCor
    0       5875     C      -      -      -      -      -      -   1192      0    python         
    0    1219611     C      -      -      -      -      -      -   1684      0    python         
    0    1953199     C      -      -      -      -      -      -   6446      0    python         
    0    1970308     C      -      -      -      -      -      -   1718      0    python         
    0    2401925     C     98     32      -      -      -      -  41676      0    VLLM::EngineCor
    0       5875     C      -      -      -      -      -      -   1192      0    python         
    0    1219611     C      -      -      -      -      -      -   1684      0    python         
    0    1953199     C      -      -      -      -      -      -   6446      0    python         
    0    1970308     C      -      -      -      -      -      -   1718      0    python         
    0    2401925     C     99     29      -      -      -      -  41676      0    VLLM::EngineCor
    0       5875     C      -      -      -      -      -      -   1192      0    python         
    0    1219611     C      -      -      -      -      -      -   1684      0    python         
    0    1953199     C      -      -      -      -      -      -   6446      0    python         
    0    1970308     C      -      -      -      -      -      -   1718      0    python         
    0    2401925     C     98     30      -      -      -      -  41676      0    VLLM::EngineCor
    0       5875     C      -      -      -      -      -      -   1192      0    python         
    0    1219611     C      -      -      -      -      -      -   1684      0    python         
    0    1953199     C      -      -      -      -      -      -   6446      0    python         
    0    1970308     C      -      -      -      -      -      -   1718      0    python         
    0    2401925     C     98     31      -      -      -      -  41676      0    VLLM::EngineCor
    0       5875     C      -      -      -      -      -      -   1192      0    python         
    0    1219611     C      -      -      -      -      -      -   1684      0    python         
    0    1953199     C      -      -      -      -      -      -   6446      0    python         
    0    1970308     C      -      -      -      -      -      -   1718      0    python         
    0    2401925     C     98     32      -      -      -      -  41676      0    VLLM::EngineCor
    0       5875     C      -      -      -      -      -      -   1192      0    python         
    0    1219611     C      -      -      -      -      -      -   1684      0    python         
    0    1953199     C      -      -      -      -      -      -   6446      0    python         
    0    1970308     C      -      -      -      -      -      -   1718      0    python         
    0    2401925     C     98     33      -      -      -      -  41676      0    VLLM::EngineCor
    0       5875     C      -      -      -      -      -      -   1192      0    python         
    0    1219611     C      -      -      -      -      -      -   1684      0    python         
    0    1953199     C      -      -      -      -      -      -   6446      0    python         
    0    1970308     C      -      -      -      -      -      -   1718      0    python         
# gpu         pid   type     sm    mem    enc    dec    jpg    ofa     fb   ccpm    command 
# Idx           #    C/G      %      %      %      %      %      %     MB     MB    name 
    0    2401925     C     98     34      -      -      -      -  41676      0    VLLM::EngineCor
    0       5875     C      -      -      -      -      -      -   1192      0    python         
    0    1219611     C      -      -      -      -      -      -   1684      0    python         
    0    1953199     C      -      -      -      -      -      -   6446      0    python         
    0    1970308     C      -      -      -      -      -      -   1718      0    python         
    0    2401925     C     98     34      -      -      -      -  41676      0    VLLM::EngineCor
    0       5875     C      -      -      -      -      -      -   1192      0    python         
    0    1219611     C      -      -      -      -      -      -   1684      0    python         
    0    1953199     C      -      -      -      -      -      -   6446      0    python         
    0    1970308     C      -      -      -      -      -      -   1718      0    python         
    0    2401925     C     98     35      -      -      -      -  41676      0    VLLM::EngineCor
    0       5875     C      -      -      -      -      -      -   1192      0    python         
    0    1219611     C      -      -      -      -      -      -   1684      0    python         
    0    1953199     C      -      -      -      -      -      -   6446      0    python         
    0    1970308     C      -      -      -      -      -      -   1718      0    python         
    0    2401925     C     97     60      -      -      -      -  41676      0    VLLM::EngineCor
    0       5875     C      -      -      -      -      -      -   1192      0    python         
    0    1219611     C      -      -      -      -      -      -   1684      0    python         
    0    1953199     C      -      -      -      -      -      -   6446      0    python         
    0    1970308     C      -      -      -      -      -      -   1718      0    python         
    0    2401925     C     95     89      -      -      -      -  41676      0    VLLM::EngineCor
    0       5875     C      -      -      -      -      -      -   1192      0    python         
    0    1219611     C      -      -      -      -      -      -   1684      0    python         
    0    1953199     C      -      -      -      -      -      -   6446      0    python         
    0    1970308     C      -      -      -      -      -      -   1718      0    python         
    0    2401925     C     95     90      -      -      -      -  41676      0    VLLM::EngineCor
    0       5875     C      -      -      -      -      -      -   1192      0    python         
    0    1219611     C      -      -      -      -      -      -   1684      0    python         
    0    1953199     C      -      -      -      -      -      -   6446      0    python         
    0    1970308     C      -      -      -      -      -      -   1718      0    python         
    0    2401925     C     93     88      -      -      -      -  41676      0    VLLM::EngineCor
    0       5875     C      -      -      -      -      -      -   1192      0    python         
    0    1219611     C      -      -      -      -      -      -   1684      0    python         
    0    1953199     C      -      -      -      -      -      -   6446      0    python         
    0    1970308     C      -      -      -      -      -      -   1718      0    python         
    0    2401925     C     94     88      -      -      -      -  41676      0    VLLM::EngineCor
    0       5875     C      -      -      -      -      -      -   1192      0    python         
    0    1219611     C      -      -      -      -      -      -   1684      0    python         
    0    1953199     C      -      -      -      -      -      -   6446      0    python         
    0    1970308     C      -      -      -      -      -      -   1718      0    python         
    0    2401925     C     93     84      -      -      -      -  41676      0    VLLM::EngineCor
    0       5875     C      -      -      -      -      -      -   1192      0    python         
    0    1219611     C      -      -      -      -      -      -   1684      0    python         
    0    1953199     C      -      -      -      -      -      -   6446      0    python         
# gpu         pid   type     sm    mem    enc    dec    jpg    ofa     fb   ccpm    command 
# Idx           #    C/G      %      %      %      %      %      %     MB     MB    name 
    0    1970308     C      -      -      -      -      -      -   1718      0    python         
    0    2401925     C     98     41      -      -      -      -  41676      0    VLLM::EngineCor
    0       5875     C      -      -      -      -      -      -   1192      0    python         
    0    1219611     C      -      -      -      -      -      -   1684      0    python         
    0    1953199     C      -      -      -      -      -      -   6446      0    python         
    0    1970308     C      -      -      -      -      -      -   1718      0    python         
    0    2401925     C     98     35      -      -      -      -  41676      0    VLLM::EngineCor
    0       5875     C      -      -      -      -      -      -   1192      0    python         
    0    1219611     C      -      -      -      -      -      -   1684      0    python         
    0    1953199     C      -      -      -      -      -      -   6446      0    python         
    0    1970308     C      -      -      -      -      -      -   1718      0    python         
    0    2401925     C     98     35      -      -      -      -  41676      0    VLLM::EngineCor
    0       5875     C      -      -      -      -      -      -   1192      0    python         
    0    1219611     C      -      -      -      -      -      -   1684      0    python         
    0    1953199     C      -      -      -      -      -      -   6446      0    python         
    0    1970308     C      -      -      -      -      -      -   1718      0    python         
    0    2401925     C     98     35      -      -      -      -  41676      0    VLLM::EngineCor
    0       5875     C      -      -      -      -      -      -   1192      0    python         
    0    1219611     C      -      -      -      -      -      -   1684      0    python         
    0    1953199     C      -      -      -      -      -      -   6446      0    python         
    0    1970308     C      -      -      -      -      -      -   1718      0    python         
    0    2401925     C     98     35      -      -      -      -  41676      0    VLLM::EngineCor
    0       5875     C      -      -      -      -      -      -   1192      0    python         
    0    1219611     C      -      -      -      -      -      -   1684      0    python         
    0    1953199     C      -      -      -      -      -      -   6446      0    python         
    0    1970308     C      -      -      -      -      -      -   1718      0    python         
    0    2401925     C     98     35      -      -      -      -  41676      0    VLLM::EngineCor
    0       5875     C      -      -      -      -      -      -   1192      0    python         
    0    1219611     C      -      -      -      -      -      -   1684      0    python         
    0    1953199     C      -      -      -      -      -      -   6446      0    python         
    0    1970308     C      -      -      -      -      -      -   1718      0    python         
    0    2401925     C     98     35      -      -      -      -  41676      0    VLLM::EngineCor
    0       5875     C      -      -      -      -      -      -   1192      0    python         
    0    1219611     C      -      -      -      -      -      -   1684      0    python         
    0    1953199     C      -      -      -      -      -      -   6446      0    python         
    0    1970308     C      -      -      -      -      -      -   1718      0    python         
    0    2401925     C     98     35      -      -      -      -  41676      0    VLLM::EngineCor
    0       5875     C      -      -      -      -      -      -   1192      0    python         
    0    1219611     C      -      -      -      -      -      -   1684      0    python         
    0    1953199     C      -      -      -      -      -      -   6446      0    python         
    0    1970308     C      -      -      -      -      -      -   1718      0    python         
    0    2401925     C     98     35      -      -      -      -  41676      0    VLLM::EngineCor
    0       5875     C      -      -      -      -      -      -   1192      0    python         
    0    1219611     C      -      -      -      -      -      -   1684      0    python         
# gpu         pid   type     sm    mem    enc    dec    jpg    ofa     fb   ccpm    command 
# Idx           #    C/G      %      %      %      %      %      %     MB     MB    name 
    0    1953199     C      -      -      -      -      -      -   6446      0    python         
    0    1970308     C      -      -      -      -      -      -   1718      0    python         
    0    2401925     C     97     44      -      -      -      -  41676      0    VLLM::EngineCor
    0       5875     C      -      -      -      -      -      -   1192      0    python         
    0    1219611     C      -      -      -      -      -      -   1684      0    python         
    0    1953199     C      -      -      -      -      -      -   6446      0    python         
    0    1970308     C      -      -      -      -      -      -   1718      0    python         
    0    2401925     C     94     82      -      -      -      -  41676      0    VLLM::EngineCor
    0       5875     C      -      -      -      -      -      -   1192      0    python         
    0    1219611     C      -      -      -      -      -      -   1684      0    python         
    0    1953199     C      -      -      -      -      -      -   6446      0    python         
    0    1970308     C      -      -      -      -      -      -   1718      0    python         
    0    2401925     C     94     88      -      -      -      -  41676      0    VLLM::EngineCor
    0       5875     C      -      -      -      -      -      -   1192      0    python         
    0    1219611     C      -      -      -      -      -      -   1684      0    python         
    0    1953199     C      -      -      -      -      -      -   6446      0    python         
    0    1970308     C      -      -      -      -      -      -   1718      0    python         
    0    2401925     C     94     89      -      -      -      -  41676      0    VLLM::EngineCor
    0       5875     C      -      -      -      -      -      -   1192      0    python         
    0    1219611     C      -      -      -      -      -      -   1684      0    python         
    0    1953199     C      -      -      -      -      -      -   6446      0    python         
    0    1970308     C      -      -      -      -      -      -   1718      0    python         
    0    2401925     C     94     89      -      -      -      -  41676      0    VLLM::EngineCor
    0       5875     C      -      -      -      -      -      -   1192      0    python         
    0    1219611     C      -      -      -      -      -      -   1684      0    python         
    0    1953199     C      -      -      -      -      -      -   6446      0    python         
    0    1970308     C      -      -      -      -      -      -   1718      0    python         
    0    2401925     C     94     88      -      -      -      -  41676      0    VLLM::EngineCor
    0       5875     C      -      -      -      -      -      -   1192      0    python         
    0    1219611     C      -      -      -      -      -      -   1684      0    python         
    0    1953199     C      -      -      -      -      -      -   6446      0    python         
    0    1970308     C      -      -      -      -      -      -   1718      0    python         
    0    2401925     C     95     80      -      -      -      -  41676      0    VLLM::EngineCor
    0       5875     C      -      -      -      -      -      -   1192      0    python         
    0    1219611     C      -      -      -      -      -      -   1684      0    python         
    0    1953199     C      -      -      -      -      -      -   6446      0    python         
    0    1970308     C      -      -      -      -      -      -   1718      0    python         
    0    2401925     C     97     49      -      -      -      -  41676      0    VLLM::EngineCor
    0       5875     C      -      -      -      -      -      -   1192      0    python         
    0    1219611     C      -      -      -      -      -      -   1684      0    python         
    0    1953199     C      -      -      -      -      -      -   6446      0    python         
    0    1970308     C      -      -      -      -      -      -   1718      0    python         
    0    2401925     C     98     35      -      -      -      -  41676      0    VLLM::EngineCor
    0       5875     C      -      -      -      -      -      -   1192      0    python         
# gpu         pid   type     sm    mem    enc    dec    jpg    ofa     fb   ccpm    command 
# Idx           #    C/G      %      %      %      %      %      %     MB     MB    name 
    0    1219611     C      -      -      -      -      -      -   1684      0    python         
    0    1953199     C      -      -      -      -      -      -   6446      0    python         
    0    1970308     C      -      -      -      -      -      -   1718      0    python         
    0    2401925     C     98     35      -      -      -      -  41676      0    VLLM::EngineCor
    0       5875     C      -      -      -      -      -      -   1192      0    python         
    0    1219611     C      -      -      -      -      -      -   1684      0    python         
    0    1953199     C      -      -      -      -      -      -   6446      0    python         
    0    1970308     C      -      -      -      -      -      -   1718      0    python         
    0    2401925     C     98     35      -      -      -      -  41676      0    VLLM::EngineCor
    0       5875     C      -      -      -      -      -      -   1192      0    python         
    0    1219611     C      -      -      -      -      -      -   1684      0    python         
    0    1953199     C      -      -      -      -      -      -   6446      0    python         
    0    1970308     C      -      -      -      -      -      -   1718      0    python         
    0    2401925     C     98     35      -      -      -      -  41676      0    VLLM::EngineCor
    0       5875     C      -      -      -      -      -      -   1192      0    python         
    0    1219611     C      -      -      -      -      -      -   1684      0    python         
    0    1953199     C      -      -      -      -      -      -   6446      0    python         
    0    1970308     C      -      -      -      -      -      -   1718      0    python         
    0    2401925     C     98     35      -      -      -      -  41676      0    VLLM::EngineCor
    0       5875     C      -      -      -      -      -      -   1192      0    python         
    0    1219611     C      -      -      -      -      -      -   1684      0    python         
    0    1953199     C      -      -      -      -      -      -   6446      0    python         
    0    1970308     C      -      -      -      -      -      -   1718      0    python         
    0    2401925     C     98     35      -      -      -      -  41676      0    VLLM::EngineCor
    0       5875     C      -      -      -      -      -      -   1192      0    python         
    0    1219611     C      -      -      -      -      -      -   1684      0    python         
    0    1953199     C      -      -      -      -      -      -   6446      0    python         
    0    1970308     C      -      -      -      -      -      -   1718      0    python         
    0    2401925     C     98     35      -      -      -      -  41676      0    VLLM::EngineCor
    0       5875     C      -      -      -      -      -      -   1192      0    python         
    0    1219611     C      -      -      -      -      -      -   1684      0    python         
    0    1953199     C      -      -      -      -      -      -   6446      0    python         
    0    1970308     C      -      -      -      -      -      -   1718      0    python         
    0    2401925     C     98     35      -      -      -      -  41676      0    VLLM::EngineCor
    0       5875     C      -      -      -      -      -      -   1192      0    python         
    0    1219611     C      -      -      -      -      -      -   1684      0    python         
    0    1953199     C      -      -      -      -      -      -   6446      0    python         
    0    1970308     C      -      -      -      -      -      -   1718      0    python         
    0    2401925     C     97     49      -      -      -      -  41676      0    VLLM::EngineCor
    0       5875     C      -      -      -      -      -      -   1192      0    python         
    0    1219611     C      -      -      -      -      -      -   1684      0    python         
    0    1953199     C      -      -      -      -      -      -   6446      0    python         
    0    1970308     C      -      -      -      -      -      -   1718      0    python         
    0    2401925     C     94     89      -      -      -      -  41676      0    VLLM::EngineCor
# gpu         pid   type     sm    mem    enc    dec    jpg    ofa     fb   ccpm    command 
# Idx           #    C/G      %      %      %      %      %      %     MB     MB    name 
    0       5875     C      -      -      -      -      -      -   1192      0    python         
    0    1219611     C      -      -      -      -      -      -   1684      0    python         
    0    1953199     C      -      -      -      -      -      -   6446      0    python         
    0    1970308     C      -      -      -      -      -      -   1718      0    python         
    0    2401925     C     94     89      -      -      -      -  41676      0    VLLM::EngineCor
    0       5875     C      -      -      -      -      -      -   1192      0    python         
    0    1219611     C      -      -      -      -      -      -   1684      0    python         
    0    1953199     C      -      -      -      -      -      -   6446      0    python         
    0    1970308     C      -      -      -      -      -      -   1718      0    python         
    0    2401925     C     94     88      -      -      -      -  41676      0    VLLM::EngineCor
    0       5875     C      -      -      -      -      -      -   1192      0    python         
    0    1219611     C      -      -      -      -      -      -   1684      0    python         
    0    1953199     C      -      -      -      -      -      -   6446      0    python         
    0    1970308     C      -      -      -      -      -      -   1718      0    python         
    0    2401925     C     94     88      -      -      -      -  41676      0    VLLM::EngineCor
    0       5875     C      -      -      -      -      -      -   1192      0    python         
    0    1219611     C      -      -      -      -      -      -   1684      0    python         
    0    1953199     C      -      -      -      -      -      -   6446      0    python         
    0    1970308     C      -      -      -      -      -      -   1718      0    python         
    0    2401925     C     94     88      -      -      -      -  41676      0    VLLM::EngineCor
    0       5875     C      -      -      -      -      -      -   1192      0    python         
    0    1219611     C      -      -      -      -      -      -   1684      0    python         
    0    1953199     C      -      -      -      -      -      -   6446      0    python         
    0    1970308     C      -      -      -      -      -      -   1718      0    python         
    0    2401925     C     96     66      -      -      -      -  41676      0    VLLM::EngineCor
    0       5875     C      -      -      -      -      -      -   1192      0    python         
    0    1219611     C      -      -      -      -      -      -   1684      0    python         
    0    1953199     C      -      -      -      -      -      -   6446      0    python         
    0    1970308     C      -      -      -      -      -      -   1718      0    python         
    0    2401925     C     98     38      -      -      -      -  41676      0    VLLM::EngineCor
    0       5875     C      -      -      -      -      -      -   1192      0    python         
    0    1219611     C      -      -      -      -      -      -   1684      0    python         
    0    1953199     C      -      -      -      -      -      -   6446      0    python         
    0    1970308     C      -      -      -      -      -      -   1718      0    python         
    0    2401925     C     98     35      -      -      -      -  41676      0    VLLM::EngineCor
    0       5875     C      -      -      -      -      -      -   1192      0    python         
    0    1219611     C      -      -      -      -      -      -   1684      0    python         
    0    1953199     C      -      -      -      -      -      -   6446      0    python         
    0    1970308     C      -      -      -      -      -      -   1718      0    python         
    0    2401925     C     98     35      -      -      -      -  41676      0    VLLM::EngineCor
    0       5875     C      -      -      -      -      -      -   1192      0    python         
    0    1219611     C      -      -      -      -      -      -   1684      0    python         
    0    1953199     C      -      -      -      -      -      -   6446      0    python         
    0    1970308     C      -      -      -      -      -      -   1718      0    python         
# gpu         pid   type     sm    mem    enc    dec    jpg    ofa     fb   ccpm    command 
# Idx           #    C/G      %      %      %      %      %      %     MB     MB    name 
    0    2401925     C     98     35      -      -      -      -  41676      0    VLLM::EngineCor
    0       5875     C      -      -      -      -      -      -   1192      0    python         
    0    1219611     C      -      -      -      -      -      -   1684      0    python         
    0    1953199     C      -      -      -      -      -      -   6446      0    python         
    0    1970308     C      -      -      -      -      -      -   1718      0    python         
    0    2401925     C     98     35      -      -      -      -  41676      0    VLLM::EngineCor
    0       5875     C      -      -      -      -      -      -   1192      0    python         
    0    1219611     C      -      -      -      -      -      -   1684      0    python         
    0    1953199     C      -      -      -      -      -      -   6446      0    python         
    0    1970308     C      -      -      -      -      -      -   1718      0    python         
    0    2401925     C     98     35      -      -      -      -  41676      0    VLLM::EngineCor
    0       5875     C      -      -      -      -      -      -   1192      0    python         
    0    1219611     C      -      -      -      -      -      -   1684      0    python         
    0    1953199     C      -      -      -      -      -      -   6446      0    python         
    0    1970308     C      -      -      -      -      -      -   1718      0    python         
    0    2401925     C     98     35      -      -      -      -  41676      0    VLLM::EngineCor
    0       5875     C      -      -      -      -      -      -   1192      0    python         
    0    1219611     C      -      -      -      -      -      -   1684      0    python         
    0    1953199     C      -      -      -      -      -      -   6446      0    python         
    0    1970308     C      -      -      -      -      -      -   1718      0    python         
    0    2401925     C     98     35      -      -      -      -  41676      0    VLLM::EngineCor
    0       5875     C      -      -      -      -      -      -   1192      0    python         
    0    1219611     C      -      -      -      -      -      -   1684      0    python         
    0    1953199     C      -      -      -      -      -      -   6446      0    python         
    0    1970308     C      -      -      -      -      -      -   1718      0    python         
    0    2401925     C     98     39      -      -      -      -  41676      0    VLLM::EngineCor
    0       5875     C      -      -      -      -      -      -   1192      0    python         
    0    1219611     C      -      -      -      -      -      -   1684      0    python         
    0    1953199     C      -      -      -      -      -      -   6446      0    python         
    0    1970308     C      -      -      -      -      -      -   1718      0    python         
    0    2401925     C     95     78      -      -      -      -  41676      0    VLLM::EngineCor
    0       5875     C      -      -      -      -      -      -   1192      0    python         
    0    1219611     C      -      -      -      -      -      -   1684      0    python         
    0    1953199     C      -      -      -      -      -      -   6446      0    python         
    0    1970308     C      -      -      -      -      -      -   1718      0    python         
    0    2401925     C     94     89      -      -      -      -  41676      0    VLLM::EngineCor
    0       5875     C      -      -      -      -      -      -   1192      0    python         
    0    1219611     C      -      -      -      -      -      -   1684      0    python         
    0    1953199     C      -      -      -      -      -      -   6446      0    python         
    0    1970308     C      -      -      -      -      -      -   1718      0    python         
    0    2401925     C     95     89      -      -      -      -  41676      0    VLLM::EngineCor
    0       5875     C      -      -      -      -      -      -   1192      0    python         
    0    1219611     C      -      -      -      -      -      -   1684      0    python         
    0    1953199     C      -      -      -      -      -      -   6446      0    python         
# gpu         pid   type     sm    mem    enc    dec    jpg    ofa     fb   ccpm    command 
# Idx           #    C/G      %      %      %      %      %      %     MB     MB    name 
    0    1970308     C      -      -      -      -      -      -   1718      0    python         
    0    2401925     C     96     70      -      -      -      -  41676      0    VLLM::EngineCor
    0       5875     C      -      -      -      -      -      -   1192      0    python         
    0    1219611     C      -      -      -      -      -      -   1684      0    python         
    0    1953199     C      -      -      -      -      -      -   6446      0    python         
    0    1970308     C      -      -      -      -      -      -   1718      0    python         
    0    2401925     C     95     86      -      -      -      -  41676      0    VLLM::EngineCor
    0       5875     C      -      -      -      -      -      -   1192      0    python         
    0    1219611     C      -      -      -      -      -      -   1684      0    python         
    0    1953199     C      -      -      -      -      -      -   6446      0    python         
    0    1970308     C      -      -      -      -      -      -   1718      0    python         
    0    2401925     C     94     89      -      -      -      -  41676      0    VLLM::EngineCor
    0       5875     C      -      -      -      -      -      -   1192      0    python         
    0    1219611     C      -      -      -      -      -      -   1684      0    python         
    0    1953199     C      -      -      -      -      -      -   6446      0    python         
    0    1970308     C      -      -      -      -      -      -   1718      0    python         
    0    2401925     C     96     68      -      -      -      -  41676      0    VLLM::EngineCor
    0       5875     C      -      -      -      -      -      -   1192      0    python         
    0    1219611     C      -      -      -      -      -      -   1684      0    python         
    0    1953199     C      -      -      -      -      -      -   6446      0    python         
    0    1970308     C      -      -      -      -      -      -   1718      0    python         
    0    2401925     C     98     35      -      -      -      -  41676      0    VLLM::EngineCor
    0       5875     C      -      -      -      -      -      -   1192      0    python         
    0    1219611     C      -      -      -      -      -      -   1684      0    python         
    0    1953199     C      -      -      -      -      -      -   6446      0    python         
    0    1970308     C      -      -      -      -      -      -   1718      0    python         
    0    2401925     C     98     35      -      -      -      -  41676      0    VLLM::EngineCor
    0       5875     C      -      -      -      -      -      -   1192      0    python         
    0    1219611     C      -      -      -      -      -      -   1684      0    python         
    0    1953199     C      -      -      -      -      -      -   6446      0    python         
    0    1970308     C      -      -      -      -      -      -   1718      0    python         
    0    2401925     C     98     35      -      -      -      -  41676      0    VLLM::EngineCor
    0       5875     C      -      -      -      -      -      -   1192      0    python         
    0    1219611     C      -      -      -      -      -      -   1684      0    python         
    0    1953199     C      -      -      -      -      -      -   6446      0    python         
    0    1970308     C      -      -      -      -      -      -   1718      0    python         
    0    2401925     C     98     35      -      -      -      -  41676      0    VLLM::EngineCor
    0       5875     C      -      -      -      -      -      -   1192      0    python         
    0    1219611     C      -      -      -      -      -      -   1684      0    python         
    0    1953199     C      -      -      -      -      -      -   6446      0    python         
    0    1970308     C      -      -      -      -      -      -   1718      0    python         
    0    2401925     C     98     35      -      -      -      -  41676      0    VLLM::EngineCor
    0       5875     C      -      -      -      -      -      -   1192      0    python         
    0    1219611     C      -      -      -      -      -      -   1684      0    python         
# gpu         pid   type     sm    mem    enc    dec    jpg    ofa     fb   ccpm    command 
# Idx           #    C/G      %      %      %      %      %      %     MB     MB    name 
    0    1953199     C      -      -      -      -      -      -   6446      0    python         
    0    1970308     C      -      -      -      -      -      -   1718      0    python         
    0    2401925     C     98     35      -      -      -      -  41676      0    VLLM::EngineCor
    0       5875     C      -      -      -      -      -      -   1192      0    python         
    0    1219611     C      -      -      -      -      -      -   1684      0    python         
    0    1953199     C      -      -      -      -      -      -   6446      0    python         
    0    1970308     C      -      -      -      -      -      -   1718      0    python         
    0    2401925     C     98     35      -      -      -      -  41676      0    VLLM::EngineCor
    0       5875     C      -      -      -      -      -      -   1192      0    python         
    0    1219611     C      -      -      -      -      -      -   1684      0    python         
    0    1953199     C      -      -      -      -      -      -   6446      0    python         
    0    1970308     C      -      -      -      -      -      -   1718      0    python         
    0    2401925     C     98     35      -      -      -      -  41676      0    VLLM::EngineCor
    0       5875     C      -      -      -      -      -      -   1192      0    python         
    0    1219611     C      -      -      -      -      -      -   1684      0    python         
    0    1953199     C      -      -      -      -      -      -   6446      0    python         
    0    1970308     C      -      -      -      -      -      -   1718      0    python         
    0    2401925     C     97     56      -      -      -      -  41676      0    VLLM::EngineCor
    0       5875     C      -      -      -      -      -      -   1192      0    python         
    0    1219611     C      -      -      -      -      -      -   1684      0    python         
    0    1953199     C      -      -      -      -      -      -   6446      0    python         
    0    1970308     C      -      -      -      -      -      -   1718      0    python         
    0    2401925     C     94     86      -      -      -      -  41676      0    VLLM::EngineCor
    0       5875     C      -      -      -      -      -      -   1192      0    python         
    0    1219611     C      -      -      -      -      -      -   1684      0    python         
    0    1953199     C      -      -      -      -      -      -   6446      0    python         
    0    1970308     C      -      -      -      -      -      -   1718      0    python         
    0    2401925     C     94     89      -      -      -      -  41676      0    VLLM::EngineCor
    0       5875     C      -      -      -      -      -      -   1192      0    python         
    0    1219611     C      -      -      -      -      -      -   1684      0    python         
    0    1953199     C      -      -      -      -      -      -   6446      0    python         
    0    1970308     C      -      -      -      -      -      -   1718      0    python         
    0    2401925     C     96     62      -      -      -      -  41676      0    VLLM::EngineCor
    0       5875     C      -      -      -      -      -      -   1192      0    python         
    0    1219611     C      -      -      -      -      -      -   1684      0    python         
    0    1953199     C      -      -      -      -      -      -   6446      0    python         
    0    1970308     C      -      -      -      -      -      -   1718      0    python         
    0    2401925     C     94     89      -      -      -      -  41676      0    VLLM::EngineCor
    0       5875     C      -      -      -      -      -      -   1192      0    python         
    0    1219611     C      -      -      -      -      -      -   1684      0    python         
    0    1953199     C      -      -      -      -      -      -   6446      0    python         
    0    1970308     C      -      -      -      -      -      -   1718      0    python         
    0    2401925     C     94     89      -      -      -      -  41676      0    VLLM::EngineCor
    0       5875     C      -      -      -      -      -      -   1192      0    python         
# gpu         pid   type     sm    mem    enc    dec    jpg    ofa     fb   ccpm    command 
# Idx           #    C/G      %      %      %      %      %      %     MB     MB    name 
    0    1219611     C      -      -      -      -      -      -   1684      0    python         
    0    1953199     C      -      -      -      -      -      -   6446      0    python         
    0    1970308     C      -      -      -      -      -      -   1718      0    python         
    0    2401925     C     96     80      -      -      -      -  41676      0    VLLM::EngineCor
    0       5875     C      -      -      -      -      -      -   1192      0    python         
    0    1219611     C      -      -      -      -      -      -   1684      0    python         
    0    1953199     C      -      -      -      -      -      -   6446      0    python         
    0    1970308     C      -      -      -      -      -      -   1718      0    python         
    0    2401925     C     98     34      -      -      -      -  41676      0    VLLM::EngineCor
    0       5875     C      -      -      -      -      -      -   1192      0    python         
    0    1219611     C      -      -      -      -      -      -   1684      0    python         
    0    1953199     C      -      -      -      -      -      -   6446      0    python         
    0    1970308     C      -      -      -      -      -      -   1718      0    python         
    0    2401925     C     98     35      -      -      -      -  41676      0    VLLM::EngineCor
    0       5875     C      -      -      -      -      -      -   1192      0    python         
    0    1219611     C      -      -      -      -      -      -   1684      0    python         
    0    1953199     C      -      -      -      -      -      -   6446      0    python         
    0    1970308     C      -      -      -      -      -      -   1718      0    python         
    0    2401925     C     98     35      -      -      -      -  41676      0    VLLM::EngineCor
    0       5875     C      -      -      -      -      -      -   1192      0    python         
    0    1219611     C      -      -      -      -      -      -   1684      0    python         
    0    1953199     C      -      -      -      -      -      -   6446      0    python         
    0    1970308     C      -      -      -      -      -      -   1718      0    python         
    0    2401925     C     98     35      -      -      -      -  41676      0    VLLM::EngineCor
    0       5875     C      -      -      -      -      -      -   1192      0    python         
    0    1219611     C      -      -      -      -      -      -   1684      0    python         
    0    1953199     C      -      -      -      -      -      -   6446      0    python         
    0    1970308     C      -      -      -      -      -      -   1718      0    python         
    0    2401925     C     99     35      -      -      -      -  41676      0    VLLM::EngineCor
    0       5875     C      -      -      -      -      -      -   1192      0    python         
    0    1219611     C      -      -      -      -      -      -   1684      0    python         
    0    1953199     C      -      -      -      -      -      -   6446      0    python         
    0    1970308     C      -      -      -      -      -      -   1718      0    python         
    0    2401925     C     98     35      -      -      -      -  41676      0    VLLM::EngineCor
    0       5875     C      -      -      -      -      -      -   1192      0    python         
    0    1219611     C      -      -      -      -      -      -   1684      0    python         
    0    1953199     C      -      -      -      -      -      -   6446      0    python         
    0    1970308     C      -      -      -      -      -      -   1718      0    python         
    0    2401925     C     98     35      -      -      -      -  41676      0    VLLM::EngineCor
    0       5875     C      -      -      -      -      -      -   1192      0    python         
    0    1219611     C      -      -      -      -      -      -   1684      0    python         
    0    1953199     C      -      -      -      -      -      -   6446      0    python         
    0    1970308     C      -      -      -      -      -      -   1718      0    python         
    0    2401925     C     99     35      -      -      -      -  41676      0    VLLM::EngineCor
# gpu         pid   type     sm    mem    enc    dec    jpg    ofa     fb   ccpm    command 
# Idx           #    C/G      %      %      %      %      %      %     MB     MB    name 
    0       5875     C      -      -      -      -      -      -   1192      0    python         
    0    1219611     C      -      -      -      -      -      -   1684      0    python         
    0    1953199     C      -      -      -      -      -      -   6446      0    python         
    0    1970308     C      -      -      -      -      -      -   1718      0    python         
    0    2401925     C     97     58      -      -      -      -  41676      0    VLLM::EngineCor
    0       5875     C      -      -      -      -      -      -   1192      0    python         
    0    1219611     C      -      -      -      -      -      -   1684      0    python         
    0    1953199     C      -      -      -      -      -      -   6446      0    python         
    0    1970308     C      -      -      -      -      -      -   1718      0    python         
    0    2401925     C     96     70      -      -      -      -  41676      0    VLLM::EngineCor
    0       5875     C      -      -      -      -      -      -   1192      0    python         
    0    1219611     C      -      -      -      -      -      -   1684      0    python         
    0    1953199     C      -      -      -      -      -      -   6446      0    python         
    0    1970308     C      -      -      -      -      -      -   1718      0    python         
    0    2401925     C     94     89      -      -      -      -  41676      0    VLLM::EngineCor
    0       5875     C      -      -      -      -      -      -   1192      0    python         
    0    1219611     C      -      -      -      -      -      -   1684      0    python         
    0    1953199     C      -      -      -      -      -      -   6446      0    python         
    0    1970308     C      -      -      -      -      -      -   1718      0    python         
    0    2401925     C     94     89      -      -      -      -  41676      0    VLLM::EngineCor
    0       5875     C      -      -      -      -      -      -   1192      0    python         
    0    1219611     C      -      -      -      -      -      -   1684      0    python         
    0    1953199     C      -      -      -      -      -      -   6446      0    python         
    0    1970308     C      -      -      -      -      -      -   1718      0    python         
    0    2401925     C     94     89      -      -      -      -  41676      0    VLLM::EngineCor
    0       5875     C      -      -      -      -      -      -   1192      0    python         
    0    1219611     C      -      -      -      -      -      -   1684      0    python         
    0    1953199     C      -      -      -      -      -      -   6446      0    python         
    0    1970308     C      -      -      -      -      -      -   1718      0    python         
    0    2401925     C     94     89      -      -      -      -  41676      0    VLLM::EngineCor
    0       5875     C      -      -      -      -      -      -   1192      0    python         
    0    1219611     C      -      -      -      -      -      -   1684      0    python         
    0    1953199     C      -      -      -      -      -      -   6446      0    python         
    0    1970308     C      -      -      -      -      -      -   1718      0    python         
    0    2401925     C     95     76      -      -      -      -  41676      0    VLLM::EngineCor
    0       5875     C      -      -      -      -      -      -   1192      0    python         
    0    1219611     C      -      -      -      -      -      -   1684      0    python         
    0    1953199     C      -      -      -      -      -      -   6446      0    python         
    0    1970308     C      -      -      -      -      -      -   1718      0    python         
    0    2401925     C     98     42      -      -      -      -  41676      0    VLLM::EngineCor
    0       5875     C      -      -      -      -      -      -   1192      0    python         
    0    1219611     C      -      -      -      -      -      -   1684      0    python         
    0    1953199     C      -      -      -      -      -      -   6446      0    python         
    0    1970308     C      -      -      -      -      -      -   1718      0    python         
# gpu         pid   type     sm    mem    enc    dec    jpg    ofa     fb   ccpm    command 
# Idx           #    C/G      %      %      %      %      %      %     MB     MB    name 
    0    2401925     C     98     35      -      -      -      -  41676      0    VLLM::EngineCor
    0       5875     C      -      -      -      -      -      -   1192      0    python         
    0    1219611     C      -      -      -      -      -      -   1684      0    python         
    0    1953199     C      -      -      -      -      -      -   6446      0    python         
    0    1970308     C      -      -      -      -      -      -   1718      0    python         
    0    2401925     C     98     35      -      -      -      -  41676      0    VLLM::EngineCor
    0       5875     C      -      -      -      -      -      -   1192      0    python         
    0    1219611     C      -      -      -      -      -      -   1684      0    python         
    0    1953199     C      -      -      -      -      -      -   6446      0    python         
    0    1970308     C      -      -      -      -      -      -   1718      0    python         
    0    2401925     C     98     35      -      -      -      -  41676      0    VLLM::EngineCor
    0       5875     C      -      -      -      -      -      -   1192      0    python         
    0    1219611     C      -      -      -      -      -      -   1684      0    python         
    0    1953199     C      -      -      -      -      -      -   6446      0    python         
    0    1970308     C      -      -      -      -      -      -   1718      0    python         
    0    2401925     C     98     35      -      -      -      -  41676      0    VLLM::EngineCor
    0       5875     C      -      -      -      -      -      -   1192      0    python         
    0    1219611     C      -      -      -      -      -      -   1684      0    python         
    0    1953199     C      -      -      -      -      -      -   6446      0    python         
    0    1970308     C      -      -      -      -      -      -   1718      0    python         
    0    2401925     C     98     35      -      -      -      -  41676      0    VLLM::EngineCor
    0       5875     C      -      -      -      -      -      -   1192      0    python         
    0    1219611     C      -      -      -      -      -      -   1684      0    python         
    0    1953199     C      -      -      -      -      -      -   6446      0    python         
    0    1970308     C      -      -      -      -      -      -   1718      0    python         
    0    2401925     C     98     35      -      -      -      -  41676      0    VLLM::EngineCor
    0       5875     C      -      -      -      -      -      -   1192      0    python         
    0    1219611     C      -      -      -      -      -      -   1684      0    python         
    0    1953199     C      -      -      -      -      -      -   6446      0    python         
    0    1970308     C      -      -      -      -      -      -   1718      0    python         
    0    2401925     C     98     34      -      -      -      -  41676      0    VLLM::EngineCor
    0       5875     C      -      -      -      -      -      -   1192      0    python         
    0    1219611     C      -      -      -      -      -      -   1684      0    python         
    0    1953199     C      -      -      -      -      -      -   6446      0    python         
    0    1970308     C      -      -      -      -      -      -   1718      0    python         
    0    2401925     C     97     48      -      -      -      -  41676      0    VLLM::EngineCor
    0       5875     C      -      -      -      -      -      -   1192      0    python         
    0    1219611     C      -      -      -      -      -      -   1684      0    python         
    0    1953199     C      -      -      -      -      -      -   6446      0    python         
    0    1970308     C      -      -      -      -      -      -   1718      0    python         
    0    2401925     C     95     62      -      -      -      -  41676      0    VLLM::EngineCor
    0       5875     C      -      -      -      -      -      -   1192      0    python         
    0    1219611     C      -      -      -      -      -      -   1684      0    python         
    0    1953199     C      -      -      -      -      -      -   6446      0    python         
# gpu         pid   type     sm    mem    enc    dec    jpg    ofa     fb   ccpm    command 
# Idx           #    C/G      %      %      %      %      %      %     MB     MB    name 
    0    1970308     C      -      -      -      -      -      -   1718      0    python         
    0    2401925     C     95     73      -      -      -      -  41676      0    VLLM::EngineCor
    0       5875     C      -      -      -      -      -      -   1192      0    python         
    0    1219611     C      -      -      -      -      -      -   1684      0    python         
    0    1953199     C      -      -      -      -      -      -   6446      0    python         
    0    1970308     C      -      -      -      -      -      -   1718      0    python         
    0    2401925     C     93     87      -      -      -      -  41676      0    VLLM::EngineCor
    0       5875     C      -      -      -      -      -      -   1192      0    python         
    0    1219611     C      -      -      -      -      -      -   1684      0    python         
    0    1953199     C      -      -      -      -      -      -   6446      0    python         
    0    1970308     C      -      -      -      -      -      -   1718      0    python         
    0    2401925     C     93     87      -      -      -      -  41676      0    VLLM::EngineCor
    0       5875     C      -      -      -      -      -      -   1192      0    python         
    0    1219611     C      -      -      -      -      -      -   1684      0    python         
    0    1953199     C      -      -      -      -      -      -   6446      0    python         
    0    1970308     C      -      -      -      -      -      -   1718      0    python         
    0    2401925     C     94     88      -      -      -      -  41676      0    VLLM::EngineCor
    0       5875     C      -      -      -      -      -      -   1192      0    python         
    0    1219611     C      -      -      -      -      -      -   1684      0    python         
    0    1953199     C      -      -      -      -      -      -   6446      0    python         
    0    1970308     C      -      -      -      -      -      -   1718      0    python         
    0    2401925     C     94     88      -      -      -      -  41676      0    VLLM::EngineCor
    0       5875     C      -      -      -      -      -      -   1192      0    python         
    0    1219611     C      -      -      -      -      -      -   1684      0    python         
    0    1953199     C      -      -      -      -      -      -   6446      0    python         
    0    1970308     C      -      -      -      -      -      -   1718      0    python         
    0    2401925     C     97     49      -      -      -      -  41676      0    VLLM::EngineCor
    0       5875     C      -      -      -      -      -      -   1192      0    python         
    0    1219611     C      -      -      -      -      -      -   1684      0    python         
    0    1953199     C      -      -      -      -      -      -   6446      0    python         
    0    1970308     C      -      -      -      -      -      -   1718      0    python         
    0    2401925     C     98     35      -      -      -      -  41676      0    VLLM::EngineCor
    0       5875     C      -      -      -      -      -      -   1192      0    python         
    0    1219611     C      -      -      -      -      -      -   1684      0    python         
    0    1953199     C      -      -      -      -      -      -   6446      0    python         
    0    1970308     C      -      -      -      -      -      -   1718      0    python         
    0    2401925     C     98     35      -      -      -      -  41676      0    VLLM::EngineCor
    0       5875     C      -      -      -      -      -      -   1192      0    python         
    0    1219611     C      -      -      -      -      -      -   1684      0    python         
    0    1953199     C      -      -      -      -      -      -   6446      0    python         
    0    1970308     C      -      -      -      -      -      -   1718      0    python         
    0    2401925     C     98     35      -      -      -      -  41676      0    VLLM::EngineCor
    0       5875     C      -      -      -      -      -      -   1192      0    python         
    0    1219611     C      -      -      -      -      -      -   1684      0    python         
# gpu         pid   type     sm    mem    enc    dec    jpg    ofa     fb   ccpm    command 
# Idx           #    C/G      %      %      %      %      %      %     MB     MB    name 
    0    1953199     C      -      -      -      -      -      -   6446      0    python         
    0    1970308     C      -      -      -      -      -      -   1718      0    python         
    0    2401925     C     98     35      -      -      -      -  41676      0    VLLM::EngineCor
    0       5875     C      -      -      -      -      -      -   1192      0    python         
    0    1219611     C      -      -      -      -      -      -   1684      0    python         
    0    1953199     C      -      -      -      -      -      -   6446      0    python         
    0    1970308     C      -      -      -      -      -      -   1718      0    python         
    0    2401925     C     98     35      -      -      -      -  41676      0    VLLM::EngineCor
    0       5875     C      -      -      -      -      -      -   1192      0    python         
    0    1219611     C      -      -      -      -      -      -   1684      0    python         
    0    1953199     C      -      -      -      -      -      -   6446      0    python         
    0    1970308     C      -      -      -      -      -      -   1718      0    python         
    0    2401925     C     98     35      -      -      -      -  41676      0    VLLM::EngineCor
    0       5875     C      -      -      -      -      -      -   1192      0    python         
    0    1219611     C      -      -      -      -      -      -   1684      0    python         
    0    1953199     C      -      -      -      -      -      -   6446      0    python         
    0    1970308     C      -      -      -      -      -      -   1718      0    python         
    0    2401925     C     98     35      -      -      -      -  41676      0    VLLM::EngineCor
    0       5875     C      -      -      -      -      -      -   1192      0    python         
    0    1219611     C      -      -      -      -      -      -   1684      0    python         
    0    1953199     C      -      -      -      -      -      -   6446      0    python         
    0    1970308     C      -      -      -      -      -      -   1718      0    python         
    0    2401925     C     97     48      -      -      -      -  41676      0    VLLM::EngineCor
    0       5875     C      -      -      -      -      -      -   1192      0    python         
    0    1219611     C      -      -      -      -      -      -   1684      0    python         
    0    1953199     C      -      -      -      -      -      -   6446      0    python         
    0    1970308     C      -      -      -      -      -      -   1718      0    python         
    0    2401925     C     93     88      -      -      -      -  41676      0    VLLM::EngineCor
    0       5875     C      -      -      -      -      -      -   1192      0    python         
    0    1219611     C      -      -      -      -      -      -   1684      0    python         
    0    1953199     C      -      -      -      -      -      -   6446      0    python         
    0    1970308     C      -      -      -      -      -      -   1718      0    python         
    0    2401925     C     93     88      -      -      -      -  41676      0    VLLM::EngineCor
    0       5875     C      -      -      -      -      -      -   1192      0    python         
    0    1219611     C      -      -      -      -      -      -   1684      0    python         
    0    1953199     C      -      -      -      -      -      -   6446      0    python         
    0    1970308     C      -      -      -      -      -      -   1718      0    python         
    0    2401925     C     93     88      -      -      -      -  41676      0    VLLM::EngineCor
    0       5875     C      -      -      -      -      -      -   1192      0    python         
    0    1219611     C      -      -      -      -      -      -   1684      0    python         
    0    1953199     C      -      -      -      -      -      -   6446      0    python         
    0    1970308     C      -      -      -      -      -      -   1718      0    python         
    0    2401925     C     93     88      -      -      -      -  41676      0    VLLM::EngineCor
    0       5875     C      -      -      -      -      -      -   1192      0    python         
# gpu         pid   type     sm    mem    enc    dec    jpg    ofa     fb   ccpm    command 
# Idx           #    C/G      %      %      %      %      %      %     MB     MB    name 
    0    1219611     C      -      -      -      -      -      -   1684      0    python         
    0    1953199     C      -      -      -      -      -      -   6446      0    python         
    0    1970308     C      -      -      -      -      -      -   1718      0    python         
    0    2401925     C     94     89      -      -      -      -  41676      0    VLLM::EngineCor
    0       5875     C      -      -      -      -      -      -   1192      0    python         
    0    1219611     C      -      -      -      -      -      -   1684      0    python         
    0    1953199     C      -      -      -      -      -      -   6446      0    python         
    0    1970308     C      -      -      -      -      -      -   1718      0    python         
    0    2401925     C     95     70      -      -      -      -  41676      0    VLLM::EngineCor
    0       5875     C      -      -      -      -      -      -   1192      0    python         
    0    1219611     C      -      -      -      -      -      -   1684      0    python         
    0    1953199     C      -      -      -      -      -      -   6446      0    python         
    0    1970308     C      -      -      -      -      -      -   1718      0    python         
    0    2401925     C     97     52      -      -      -      -  41676      0    VLLM::EngineCor
    0       5875     C      -      -      -      -      -      -   1192      0    python         
    0    1219611     C      -      -      -      -      -      -   1684      0    python         
    0    1953199     C      -      -      -      -      -      -   6446      0    python         
    0    1970308     C      -      -      -      -      -      -   1718      0    python         
    0    2401925     C     98     34      -      -      -      -  41676      0    VLLM::EngineCor
    0       5875     C      -      -      -      -      -      -   1192      0    python         
    0    1219611     C      -      -      -      -      -      -   1684      0    python         
    0    1953199     C      -      -      -      -      -      -   6446      0    python         
    0    1970308     C      -      -      -      -      -      -   1718      0    python         
    0    2401925     C     98     34      -      -      -      -  41676      0    VLLM::EngineCor
    0       5875     C      -      -      -      -      -      -   1192      0    python         
    0    1219611     C      -      -      -      -      -      -   1684      0    python         
    0    1953199     C      -      -      -      -      -      -   6446      0    python         
    0    1970308     C      -      -      -      -      -      -   1718      0    python         
    0    2401925     C     98     34      -      -      -      -  41676      0    VLLM::EngineCor
    0       5875     C      -      -      -      -      -      -   1192      0    python         
    0    1219611     C      -      -      -      -      -      -   1684      0    python         
    0    1953199     C      -      -      -      -      -      -   6446      0    python         
    0    1970308     C      -      -      -      -      -      -   1718      0    python         
    0    2401925     C     98     34      -      -      -      -  41676      0    VLLM::EngineCor
    0       5875     C      -      -      -      -      -      -   1192      0    python         
    0    1219611     C      -      -      -      -      -      -   1684      0    python         
    0    1953199     C      -      -      -      -      -      -   6446      0    python         
    0    1970308     C      -      -      -      -      -      -   1718      0    python         
    0    2401925     C     98     34      -      -      -      -  41676      0    VLLM::EngineCor
    0       5875     C      -      -      -      -      -      -   1192      0    python         
    0    1219611     C      -      -      -      -      -      -   1684      0    python         
    0    1953199     C      -      -      -      -      -      -   6446      0    python         
    0    1970308     C      -      -      -      -      -      -   1718      0    python         
    0    2401925     C     98     34      -      -      -      -  41676      0    VLLM::EngineCor
# gpu         pid   type     sm    mem    enc    dec    jpg    ofa     fb   ccpm    command 
# Idx           #    C/G      %      %      %      %      %      %     MB     MB    name 
    0       5875     C      -      -      -      -      -      -   1192      0    python         
    0    1219611     C      -      -      -      -      -      -   1684      0    python         
    0    1953199     C      -      -      -      -      -      -   6446      0    python         
    0    1970308     C      -      -      -      -      -      -   1718      0    python         
    0    2401925     C     98     34      -      -      -      -  41676      0    VLLM::EngineCor
    0       5875     C      -      -      -      -      -      -   1192      0    python         
    0    1219611     C      -      -      -      -      -      -   1684      0    python         
    0    1953199     C      -      -      -      -      -      -   6446      0    python         
    0    1970308     C      -      -      -      -      -      -   1718      0    python         
    0    2401925     C     96     62      -      -      -      -  41676      0    VLLM::EngineCor
    0       5875     C      -      -      -      -      -      -   1192      0    python         
    0    1219611     C      -      -      -      -      -      -   1684      0    python         
    0    1953199     C      -      -      -      -      -      -   6446      0    python         
    0    1970308     C      -      -      -      -      -      -   1718      0    python         
    0    2401925     C     94     88      -      -      -      -  41676      0    VLLM::EngineCor
    0       5875     C      -      -      -      -      -      -   1192      0    python         
    0    1219611     C      -      -      -      -      -      -   1684      0    python         
    0    1953199     C      -      -      -      -      -      -   6446      0    python         
    0    1970308     C      -      -      -      -      -      -   1718      0    python         
    0    2401925     C     95     78      -      -      -      -  41676      0    VLLM::EngineCor
    0       5875     C      -      -      -      -      -      -   1192      0    python         
    0    1219611     C      -      -      -      -      -      -   1684      0    python         
    0    1953199     C      -      -      -      -      -      -   6446      0    python         
    0    1970308     C      -      -      -      -      -      -   1718      0    python         
    0    2401925     C     94     74      -      -      -      -  41676      0    VLLM::EngineCor
    0       5875     C      -      -      -      -      -      -   1192      0    python         
    0    1219611     C      -      -      -      -      -      -   1684      0    python         
    0    1953199     C      -      -      -      -      -      -   6446      0    python         
    0    1970308     C      -      -      -      -      -      -   1718      0    python         
    0    2401925     C     93     88      -      -      -      -  41676      0    VLLM::EngineCor
    0       5875     C      -      -      -      -      -      -   1192      0    python         
    0    1219611     C      -      -      -      -      -      -   1684      0    python         
    0    1953199     C      -      -      -      -      -      -   6446      0    python         
    0    1970308     C      -      -      -      -      -      -   1718      0    python         
    0    2401925     C     93     88      -      -      -      -  41676      0    VLLM::EngineCor
    0       5875     C      -      -      -      -      -      -   1192      0    python         
    0    1219611     C      -      -      -      -      -      -   1684      0    python         
    0    1953199     C      -      -      -      -      -      -   6446      0    python         
    0    1970308     C      -      -      -      -      -      -   1718      0    python         
    0    2401925     C     95     75      -      -      -      -  41676      0    VLLM::EngineCor
    0       5875     C      -      -      -      -      -      -   1192      0    python         
    0    1219611     C      -      -      -      -      -      -   1684      0    python         
    0    1953199     C      -      -      -      -      -      -   6446      0    python         
    0    1970308     C      -      -      -      -      -      -   1718      0    python         
# gpu         pid   type     sm    mem    enc    dec    jpg    ofa     fb   ccpm    command 
# Idx           #    C/G      %      %      %      %      %      %     MB     MB    name 
    0    2401925     C     98     34      -      -      -      -  41676      0    VLLM::EngineCor
    0       5875     C      -      -      -      -      -      -   1192      0    python         
    0    1219611     C      -      -      -      -      -      -   1684      0    python         
    0    1953199     C      -      -      -      -      -      -   6446      0    python         
    0    1970308     C      -      -      -      -      -      -   1718      0    python         
    0    2401925     C     98     34      -      -      -      -  41676      0    VLLM::EngineCor
    0       5875     C      -      -      -      -      -      -   1192      0    python         
    0    1219611     C      -      -      -      -      -      -   1684      0    python         
    0    1953199     C      -      -      -      -      -      -   6446      0    python         
    0    1970308     C      -      -      -      -      -      -   1718      0    python         
    0    2401925     C     98     34      -      -      -      -  41676      0    VLLM::EngineCor
    0       5875     C      -      -      -      -      -      -   1192      0    python         
    0    1219611     C      -      -      -      -      -      -   1684      0    python         
    0    1953199     C      -      -      -      -      -      -   6446      0    python         
    0    1970308     C      -      -      -      -      -      -   1718      0    python         
    0    2401925     C     98     34      -      -      -      -  41676      0    VLLM::EngineCor
    0       5875     C      -      -      -      -      -      -   1192      0    python         
    0    1219611     C      -      -      -      -      -      -   1684      0    python         
    0    1953199     C      -      -      -      -      -      -   6446      0    python         
    0    1970308     C      -      -      -      -      -      -   1718      0    python         
    0    2401925     C     98     34      -      -      -      -  41676      0    VLLM::EngineCor
    0       5875     C      -      -      -      -      -      -   1192      0    python         
    0    1219611     C      -      -      -      -      -      -   1684      0    python         
    0    1953199     C      -      -      -      -      -      -   6446      0    python         
    0    1970308     C      -      -      -      -      -      -   1718      0    python         
    0    2401925     C     98     34      -      -      -      -  41676      0    VLLM::EngineCor
    0       5875     C      -      -      -      -      -      -   1192      0    python         
    0    1219611     C      -      -      -      -      -      -   1684      0    python         
    0    1953199     C      -      -      -      -      -      -   6446      0    python         
    0    1970308     C      -      -      -      -      -      -   1718      0    python         
    0    2401925     C     98     34      -      -      -      -  41676      0    VLLM::EngineCor
    0       5875     C      -      -      -      -      -      -   1192      0    python         
    0    1219611     C      -      -      -      -      -      -   1684      0    python         
    0    1953199     C      -      -      -      -      -      -   6446      0    python         
    0    1970308     C      -      -      -      -      -      -   1718      0    python         
    0    2401925     C     98     35      -      -      -      -  41676      0    VLLM::EngineCor
    0       5875     C      -      -      -      -      -      -   1192      0    python         
    0    1219611     C      -      -      -      -      -      -   1684      0    python         
    0    1953199     C      -      -      -      -      -      -   6446      0    python         
    0    1970308     C      -      -      -      -      -      -   1718      0    python         
    0    2401925     C     95     72      -      -      -      -  41676      0    VLLM::EngineCor
    0       5875     C      -      -      -      -      -      -   1192      0    python         
    0    1219611     C      -      -      -      -      -      -   1684      0    python         
    0    1953199     C      -      -      -      -      -      -   6446      0    python         
# gpu         pid   type     sm    mem    enc    dec    jpg    ofa     fb   ccpm    command 
# Idx           #    C/G      %      %      %      %      %      %     MB     MB    name 
    0    1970308     C      -      -      -      -      -      -   1718      0    python         
    0    2401925     C     94     88      -      -      -      -  41676      0    VLLM::EngineCor
    0       5875     C      -      -      -      -      -      -   1192      0    python         
    0    1219611     C      -      -      -      -      -      -   1684      0    python         
    0    1953199     C      -      -      -      -      -      -   6446      0    python         
    0    1970308     C      -      -      -      -      -      -   1718      0    python         
    0    2401925     C     94     88      -      -      -      -  41676      0    VLLM::EngineCor
    0       5875     C      -      -      -      -      -      -   1192      0    python         
    0    1219611     C      -      -      -      -      -      -   1684      0    python         
    0    1953199     C      -      -      -      -      -      -   6446      0    python         
    0    1970308     C      -      -      -      -      -      -   1718      0    python         
    0    2401925     C     94     88      -      -      -      -  41676      0    VLLM::EngineCor
    0       5875     C      -      -      -      -      -      -   1192      0    python         
    0    1219611     C      -      -      -      -      -      -   1684      0    python         
    0    1953199     C      -      -      -      -      -      -   6446      0    python         
    0    1970308     C      -      -      -      -      -      -   1718      0    python         
    0    2401925     C     94     89      -      -      -      -  41676      0    VLLM::EngineCor
    0       5875     C      -      -      -      -      -      -   1192      0    python         
    0    1219611     C      -      -      -      -      -      -   1684      0    python         
    0    1953199     C      -      -      -      -      -      -   6446      0    python         
    0    1970308     C      -      -      -      -      -      -   1718      0    python         
    0    2401925     C     95     70      -      -      -      -  41676      0    VLLM::EngineCor
    0       5875     C      -      -      -      -      -      -   1192      0    python         
    0    1219611     C      -      -      -      -      -      -   1684      0    python         
    0    1953199     C      -      -      -      -      -      -   6446      0    python         
    0    1970308     C      -      -      -      -      -      -   1718      0    python         
    0    2401925     C     97     53      -      -      -      -  41676      0    VLLM::EngineCor
    0       5875     C      -      -      -      -      -      -   1192      0    python         
    0    1219611     C      -      -      -      -      -      -   1684      0    python         
    0    1953199     C      -      -      -      -      -      -   6446      0    python         
    0    1970308     C      -      -      -      -      -      -   1718      0    python         
    0    2401925     C     98     46      -      -      -      -  41676      0    VLLM::EngineCor
    0       5875     C      -      -      -      -      -      -   1192      0    python         
    0    1219611     C      -      -      -      -      -      -   1684      0    python         
    0    1953199     C      -      -      -      -      -      -   6446      0    python         
    0    1970308     C      -      -      -      -      -      -   1718      0    python         
    0    2401925     C     98     34      -      -      -      -  41676      0    VLLM::EngineCor
    0       5875     C      -      -      -      -      -      -   1192      0    python         
    0    1219611     C      -      -      -      -      -      -   1684      0    python         
    0    1953199     C      -      -      -      -      -      -   6446      0    python         
    0    1970308     C      -      -      -      -      -      -   1718      0    python         
    0    2401925     C     98     34      -      -      -      -  41676      0    VLLM::EngineCor
    0       5875     C      -      -      -      -      -      -   1192      0    python         
    0    1219611     C      -      -      -      -      -      -   1684      0    python         
# gpu         pid   type     sm    mem    enc    dec    jpg    ofa     fb   ccpm    command 
# Idx           #    C/G      %      %      %      %      %      %     MB     MB    name 
    0    1953199     C      -      -      -      -      -      -   6446      0    python         
    0    1970308     C      -      -      -      -      -      -   1718      0    python         
    0    2401925     C     98     34      -      -      -      -  41676      0    VLLM::EngineCor
    0       5875     C      -      -      -      -      -      -   1192      0    python         
    0    1219611     C      -      -      -      -      -      -   1684      0    python         
    0    1953199     C      -      -      -      -      -      -   6446      0    python         
    0    1970308     C      -      -      -      -      -      -   1718      0    python         
    0    2401925     C     98     34      -      -      -      -  41676      0    VLLM::EngineCor
    0       5875     C      -      -      -      -      -      -   1192      0    python         
    0    1219611     C      -      -      -      -      -      -   1684      0    python         
    0    1953199     C      -      -      -      -      -      -   6446      0    python         
    0    1970308     C      -      -      -      -      -      -   1718      0    python         
    0    2401925     C     98     34      -      -      -      -  41676      0    VLLM::EngineCor
    0       5875     C      -      -      -      -      -      -   1192      0    python         
    0    1219611     C      -      -      -      -      -      -   1684      0    python         
    0    1953199     C      -      -      -      -      -      -   6446      0    python         
    0    1970308     C      -      -      -      -      -      -   1718      0    python         
    0    2401925     C     98     34      -      -      -      -  41676      0    VLLM::EngineCor
    0       5875     C      -      -      -      -      -      -   1192      0    python         
    0    1219611     C      -      -      -      -      -      -   1684      0    python         
    0    1953199     C      -      -      -      -      -      -   6446      0    python         
    0    1970308     C      -      -      -      -      -      -   1718      0    python         
    0    2401925     C     98     35      -      -      -      -  41676      0    VLLM::EngineCor
    0       5875     C      -      -      -      -      -      -   1192      0    python         
    0    1219611     C      -      -      -      -      -      -   1684      0    python         
    0    1953199     C      -      -      -      -      -      -   6446      0    python         
    0    1970308     C      -      -      -      -      -      -   1718      0    python         
    0    2401925     C     96     66      -      -      -      -  41676      0    VLLM::EngineCor
    0       5875     C      -      -      -      -      -      -   1192      0    python         
    0    1219611     C      -      -      -      -      -      -   1684      0    python         
    0    1953199     C      -      -      -      -      -      -   6446      0    python         
    0    1970308     C      -      -      -      -      -      -   1718      0    python         
    0    2401925     C     94     89      -      -      -      -  41676      0    VLLM::EngineCor
    0       5875     C      -      -      -      -      -      -   1192      0    python         
    0    1219611     C      -      -      -      -      -      -   1684      0    python         
    0    1953199     C      -      -      -      -      -      -   6446      0    python         
    0    1970308     C      -      -      -      -      -      -   1718      0    python         
    0    2401925     C     95     74      -      -      -      -  41676      0    VLLM::EngineCor
    0       5875     C      -      -      -      -      -      -   1192      0    python         
    0    1219611     C      -      -      -      -      -      -   1684      0    python         
    0    1953199     C      -      -      -      -      -      -   6446      0    python         
    0    1970308     C      -      -      -      -      -      -   1718      0    python         
    0    2401925     C     95     73      -      -      -      -  41676      0    VLLM::EngineCor
    0       5875     C      -      -      -      -      -      -   1192      0    python         
# gpu         pid   type     sm    mem    enc    dec    jpg    ofa     fb   ccpm    command 
# Idx           #    C/G      %      %      %      %      %      %     MB     MB    name 
    0    1219611     C      -      -      -      -      -      -   1684      0    python         
    0    1953199     C      -      -      -      -      -      -   6446      0    python         
    0    1970308     C      -      -      -      -      -      -   1718      0    python         
    0    2401925     C     93     88      -      -      -      -  41676      0    VLLM::EngineCor
    0       5875     C      -      -      -      -      -      -   1192      0    python         
    0    1219611     C      -      -      -      -      -      -   1684      0    python         
    0    1953199     C      -      -      -      -      -      -   6446      0    python         
    0    1970308     C      -      -      -      -      -      -   1718      0    python         
    0    2401925     C     94     88      -      -      -      -  41676      0    VLLM::EngineCor
    0       5875     C      -      -      -      -      -      -   1192      0    python         
    0    1219611     C      -      -      -      -      -      -   1684      0    python         
    0    1953199     C      -      -      -      -      -      -   6446      0    python         
    0    1970308     C      -      -      -      -      -      -   1718      0    python         
    0    2401925     C     96     59      -      -      -      -  41676      0    VLLM::EngineCor
    0       5875     C      -      -      -      -      -      -   1192      0    python         
    0    1219611     C      -      -      -      -      -      -   1684      0    python         
    0    1953199     C      -      -      -      -      -      -   6446      0    python         
    0    1970308     C      -      -      -      -      -      -   1718      0    python         
    0    2401925     C     98     38      -      -      -      -  41676      0    VLLM::EngineCor
    0       5875     C      -      -      -      -      -      -   1192      0    python         
    0    1219611     C      -      -      -      -      -      -   1684      0    python         
    0    1953199     C      -      -      -      -      -      -   6446      0    python         
    0    1970308     C      -      -      -      -      -      -   1718      0    python         
    0    2401925     C     98     35      -      -      -      -  41676      0    VLLM::EngineCor
    0       5875     C      -      -      -      -      -      -   1192      0    python         
    0    1219611     C      -      -      -      -      -      -   1684      0    python         
    0    1953199     C      -      -      -      -      -      -   6446      0    python         
    0    1970308     C      -      -      -      -      -      -   1718      0    python         
    0    2401925     C     98     34      -      -      -      -  41676      0    VLLM::EngineCor
    0       5875     C      -      -      -      -      -      -   1192      0    python         
    0    1219611     C      -      -      -      -      -      -   1684      0    python         
    0    1953199     C      -      -      -      -      -      -   6446      0    python         
    0    1970308     C      -      -      -      -      -      -   1718      0    python         
    0    2401925     C     98     34      -      -      -      -  41676      0    VLLM::EngineCor
    0       5875     C      -      -      -      -      -      -   1192      0    python         
    0    1219611     C      -      -      -      -      -      -   1684      0    python         
    0    1953199     C      -      -      -      -      -      -   6446      0    python         
    0    1970308     C      -      -      -      -      -      -   1718      0    python         
    0    2401925     C     98     34      -      -      -      -  41676      0    VLLM::EngineCor
    0       5875     C      -      -      -      -      -      -   1192      0    python         
    0    1219611     C      -      -      -      -      -      -   1684      0    python         
    0    1953199     C      -      -      -      -      -      -   6446      0    python         
    0    1970308     C      -      -      -      -      -      -   1718      0    python         
    0    2401925     C     98     35      -      -      -      -  41676      0    VLLM::EngineCor
# gpu         pid   type     sm    mem    enc    dec    jpg    ofa     fb   ccpm    command 
# Idx           #    C/G      %      %      %      %      %      %     MB     MB    name 
    0       5875     C      -      -      -      -      -      -   1192      0    python         
    0    1219611     C      -      -      -      -      -      -   1684      0    python         
    0    1953199     C      -      -      -      -      -      -   6446      0    python         
    0    1970308     C      -      -      -      -      -      -   1718      0    python         
    0    2401925     C     98     34      -      -      -      -  41676      0    VLLM::EngineCor
    0       5875     C      -      -      -      -      -      -   1192      0    python         
    0    1219611     C      -      -      -      -      -      -   1684      0    python         
    0    1953199     C      -      -      -      -      -      -   6446      0    python         
    0    1970308     C      -      -      -      -      -      -   1718      0    python         
    0    2401925     C     98     35      -      -      -      -  41676      0    VLLM::EngineCor
    0       5875     C      -      -      -      -      -      -   1192      0    python         
    0    1219611     C      -      -      -      -      -      -   1684      0    python         
    0    1953199     C      -      -      -      -      -      -   6446      0    python         
    0    1970308     C      -      -      -      -      -      -   1718      0    python         
    0    2401925     C     98     41      -      -      -      -  41676      0    VLLM::EngineCor
    0       5875     C      -      -      -      -      -      -   1192      0    python         
    0    1219611     C      -      -      -      -      -      -   1684      0    python         
    0    1953199     C      -      -      -      -      -      -   6446      0    python         
    0    1970308     C      -      -      -      -      -      -   1718      0    python         
    0    2401925     C     95     87      -      -      -      -  41676      0    VLLM::EngineCor
    0       5875     C      -      -      -      -      -      -   1192      0    python         
    0    1219611     C      -      -      -      -      -      -   1684      0    python         
    0    1953199     C      -      -      -      -      -      -   6446      0    python         
    0    1970308     C      -      -      -      -      -      -   1718      0    python         
    0    2401925     C     94     89      -      -      -      -  41676      0    VLLM::EngineCor
    0       5875     C      -      -      -      -      -      -   1192      0    python         
    0    1219611     C      -      -      -      -      -      -   1684      0    python         
    0    1953199     C      -      -      -      -      -      -   6446      0    python         
    0    1970308     C      -      -      -      -      -      -   1718      0    python         
    0    2401925     C     94     89      -      -      -      -  41676      0    VLLM::EngineCor
    0       5875     C      -      -      -      -      -      -   1192      0    python         
    0    1219611     C      -      -      -      -      -      -   1684      0    python         
    0    1953199     C      -      -      -      -      -      -   6446      0    python         
    0    1970308     C      -      -      -      -      -      -   1718      0    python         
    0    2401925     C     94     89      -      -      -      -  41676      0    VLLM::EngineCor
    0       5875     C      -      -      -      -      -      -   1192      0    python         
    0    1219611     C      -      -      -      -      -      -   1684      0    python         
    0    1953199     C      -      -      -      -      -      -   6446      0    python         
    0    1970308     C      -      -      -      -      -      -   1718      0    python         
    0    2401925     C     95     77      -      -      -      -  41676      0    VLLM::EngineCor
    0       5875     C      -      -      -      -      -      -   1192      0    python         
    0    1219611     C      -      -      -      -      -      -   1684      0    python         
    0    1953199     C      -      -      -      -      -      -   6446      0    python         
    0    1970308     C      -      -      -      -      -      -   1718      0    python         
# gpu         pid   type     sm    mem    enc    dec    jpg    ofa     fb   ccpm    command 
# Idx           #    C/G      %      %      %      %      %      %     MB     MB    name 
    0    2401925     C     96     68      -      -      -      -  41676      0    VLLM::EngineCor
    0       5875     C      -      -      -      -      -      -   1192      0    python         
    0    1219611     C      -      -      -      -      -      -   1684      0    python         
    0    1953199     C      -      -      -      -      -      -   6446      0    python         
    0    1970308     C      -      -      -      -      -      -   1718      0    python         
    0    2401925     C     96     67      -      -      -      -  41676      0    VLLM::EngineCor
    0       5875     C      -      -      -      -      -      -   1192      0    python         
    0    1219611     C      -      -      -      -      -      -   1684      0    python         
    0    1953199     C      -      -      -      -      -      -   6446      0    python         
    0    1970308     C      -      -      -      -      -      -   1718      0    python         
    0    2401925     C     97     53      -      -      -      -  41676      0    VLLM::EngineCor
    0       5875     C      -      -      -      -      -      -   1192      0    python         
    0    1219611     C      -      -      -      -      -      -   1684      0    python         
    0    1953199     C      -      -      -      -      -      -   6446      0    python         
    0    1970308     C      -      -      -      -      -      -   1718      0    python         
    0    2401925     C     98     36      -      -      -      -  41676      0    VLLM::EngineCor
    0       5875     C      -      -      -      -      -      -   1192      0    python         
    0    1219611     C      -      -      -      -      -      -   1684      0    python         
    0    1953199     C      -      -      -      -      -      -   6446      0    python         
    0    1970308     C      -      -      -      -      -      -   1718      0    python         
    0    2401925     C     98     36      -      -      -      -  41676      0    VLLM::EngineCor
    0       5875     C      -      -      -      -      -      -   1192      0    python         
    0    1219611     C      -      -      -      -      -      -   1684      0    python         
    0    1953199     C      -      -      -      -      -      -   6446      0    python         
    0    1970308     C      -      -      -      -      -      -   1718      0    python         
    0    2401925     C     98     35      -      -      -      -  41676      0    VLLM::EngineCor
    0       5875     C      -      -      -      -      -      -   1192      0    python         
    0    1219611     C      -      -      -      -      -      -   1684      0    python         
    0    1953199     C      -      -      -      -      -      -   6446      0    python         
    0    1970308     C      -      -      -      -      -      -   1718      0    python         
    0    2401925     C     97     42      -      -      -      -  41676      0    VLLM::EngineCor
    0       5875     C      -      -      -      -      -      -   1192      0    python         
    0    1219611     C      -      -      -      -      -      -   1684      0    python         
    0    1953199     C      -      -      -      -      -      -   6446      0    python         
    0    1970308     C      -      -      -      -      -      -   1718      0    python         
    0    2401925     C     95     72      -      -      -      -  41676      0    VLLM::EngineCor
    0       5875     C      -      -      -      -      -      -   1192      0    python         
    0    1219611     C      -      -      -      -      -      -   1684      0    python         
    0    1953199     C      -      -      -      -      -      -   6446      0    python         
    0    1970308     C      -      -      -      -      -      -   1718      0    python         
    0    2401925     C     93     82      -      -      -      -  41676      0    VLLM::EngineCor
    0       5875     C      -      -      -      -      -      -   1192      0    python         
    0    1219611     C      -      -      -      -      -      -   1684      0    python         
    0    1953199     C      -      -      -      -      -      -   6446      0    python         
# gpu         pid   type     sm    mem    enc    dec    jpg    ofa     fb   ccpm    command 
# Idx           #    C/G      %      %      %      %      %      %     MB     MB    name 
    0    1970308     C      -      -      -      -      -      -   1718      0    python         
    0    2401925     C     93     83      -      -      -      -  41676      0    VLLM::EngineCor
    0       5875     C      -      -      -      -      -      -   1192      0    python         
    0    1219611     C      -      -      -      -      -      -   1684      0    python         
    0    1953199     C      -      -      -      -      -      -   6446      0    python         
    0    1970308     C      -      -      -      -      -      -   1718      0    python         
    0    2401925     C     94     84      -      -      -      -  41676      0    VLLM::EngineCor
    0       5875     C      -      -      -      -      -      -   1192      0    python         
    0    1219611     C      -      -      -      -      -      -   1684      0    python         
    0    1953199     C      -      -      -      -      -      -   6446      0    python         
    0    1970308     C      -      -      -      -      -      -   1718      0    python         
    0    2401925     C     91     82      -      -      -      -  41676      0    VLLM::EngineCor
    0       5875     C      -      -      -      -      -      -   1192      0    python         
    0    1219611     C      -      -      -      -      -      -   1684      0    python         
    0    1953199     C      -      -      -      -      -      -   6446      0    python         
    0    1970308     C      -      -      -      -      -      -   1718      0    python         
    0    2401925     C     92     67      -      -      -      -  41676      0    VLLM::EngineCor
    0       5875     C      -      -      -      -      -      -   1192      0    python         
    0    1219611     C      -      -      -      -      -      -   1684      0    python         
    0    1953199     C      -      -      -      -      -      -   6446      0    python         
    0    1970308     C      -      -      -      -      -      -   1718      0    python         
    0    2401925     C     96     63      -      -      -      -  41676      0    VLLM::EngineCor
    0       5875     C      -      -      -      -      -      -   1192      0    python         
    0    1219611     C      -      -      -      -      -      -   1684      0    python         
    0    1953199     C      -      -      -      -      -      -   6446      0    python         
    0    1970308     C      -      -      -      -      -      -   1718      0    python         
    0    2401925     C     95     72      -      -      -      -  41676      0    VLLM::EngineCor
    0       5875     C      -      -      -      -      -      -   1192      0    python         
    0    1219611     C      -      -      -      -      -      -   1684      0    python         
    0    1953199     C      -      -      -      -      -      -   6446      0    python         
    0    1970308     C      -      -      -      -      -      -   1718      0    python         
    0    2401925     C     94     74      -      -      -      -  41676      0    VLLM::EngineCor
    0       5875     C      -      -      -      -      -      -   1192      0    python         
    0    1219611     C      -      -      -      -      -      -   1684      0    python         
    0    1953199     C      -      -      -      -      -      -   6446      0    python         
    0    1970308     C      -      -      -      -      -      -   1718      0    python         
    0    2401925     C     94     76      -      -      -      -  41676      0    VLLM::EngineCor
    0       5875     C      -      -      -      -      -      -   1192      0    python         
    0    1219611     C      -      -      -      -      -      -   1684      0    python         
    0    1953199     C      -      -      -      -      -      -   6446      0    python         
    0    1970308     C      -      -      -      -      -      -   1718      0    python         
    0    2401925     C     94     76      -      -      -      -  41676      0    VLLM::EngineCor
    0       5875     C      -      -      -      -      -      -   1192      0    python         
    0    1219611     C      -      -      -      -      -      -   1684      0    python         
# gpu         pid   type     sm    mem    enc    dec    jpg    ofa     fb   ccpm    command 
# Idx           #    C/G      %      %      %      %      %      %     MB     MB    name 
    0    1953199     C      -      -      -      -      -      -   6446      0    python         
    0    1970308     C      -      -      -      -      -      -   1718      0    python         
    0    2401925     C     93     75      -      -      -      -  41676      0    VLLM::EngineCor
    0       5875     C      -      -      -      -      -      -   1192      0    python         
    0    1219611     C      -      -      -      -      -      -   1684      0    python         
    0    1953199     C      -      -      -      -      -      -   6446      0    python         
    0    1970308     C      -      -      -      -      -      -   1718      0    python         
    0    2401925     C     93     73      -      -      -      -  41676      0    VLLM::EngineCor
    0       5875     C      -      -      -      -      -      -   1192      0    python         
    0    1219611     C      -      -      -      -      -      -   1684      0    python         
    0    1953199     C      -      -      -      -      -      -   6446      0    python         
    0    1970308     C      -      -      -      -      -      -   1718      0    python         
    0    2401925     C     93     78      -      -      -      -  41676      0    VLLM::EngineCor
    0       5875     C      -      -      -      -      -      -   1192      0    python         
    0    1219611     C      -      -      -      -      -      -   1684      0    python         
    0    1953199     C      -      -      -      -      -      -   6446      0    python         
    0    1970308     C      -      -      -      -      -      -   1718      0    python         
    0    2401925     C     92     83      -      -      -      -  41676      0    VLLM::EngineCor
    0       5875     C      -      -      -      -      -      -   1192      0    python         
    0    1219611     C      -      -      -      -      -      -   1684      0    python         
    0    1953199     C      -      -      -      -      -      -   6446      0    python         
    0    1970308     C      -      -      -      -      -      -   1718      0    python         
    0    2401925     C     92     83      -      -      -      -  41676      0    VLLM::EngineCor
    0       5875     C      -      -      -      -      -      -   1192      0    python         
    0    1219611     C      -      -      -      -      -      -   1684      0    python         
    0    1953199     C      -      -      -      -      -      -   6446      0    python         
    0    1970308     C      -      -      -      -      -      -   1718      0    python         
    0    2401925     C     91     83      -      -      -      -  41676      0    VLLM::EngineCor
    0       5875     C      -      -      -      -      -      -   1192      0    python         
    0    1219611     C      -      -      -      -      -      -   1684      0    python         
    0    1953199     C      -      -      -      -      -      -   6446      0    python         
    0    1970308     C      -      -      -      -      -      -   1718      0    python         
    0    2401925     C     92     83      -      -      -      -  41676      0    VLLM::EngineCor
    0       5875     C      -      -      -      -      -      -   1192      0    python         
    0    1219611     C      -      -      -      -      -      -   1684      0    python         
    0    1953199     C      -      -      -      -      -      -   6446      0    python         
    0    1970308     C      -      -      -      -      -      -   1718      0    python         
    0    2401925     C     92     83      -      -      -      -  41676      0    VLLM::EngineCor
    0       5875     C      -      -      -      -      -      -   1192      0    python         
    0    1219611     C      -      -      -      -      -      -   1684      0    python         
    0    1953199     C      -      -      -      -      -      -   6446      0    python         
    0    1970308     C      -      -      -      -      -      -   1718      0    python         
    0    2401925     C     95     60      -      -      -      -  41676      0    VLLM::EngineCor
    0       5875     C      -      -      -      -      -      -   1192      0    python         
# gpu         pid   type     sm    mem    enc    dec    jpg    ofa     fb   ccpm    command 
# Idx           #    C/G      %      %      %      %      %      %     MB     MB    name 
    0    1219611     C      -      -      -      -      -      -   1684      0    python         
    0    1953199     C      -      -      -      -      -      -   6446      0    python         
    0    1970308     C      -      -      -      -      -      -   1718      0    python         
    0    2401925     C     93     75      -      -      -      -  41676      0    VLLM::EngineCor
    0       5875     C      -      -      -      -      -      -   1192      0    python         
    0    1219611     C      -      -      -      -      -      -   1684      0    python         
    0    1953199     C      -      -      -      -      -      -   6446      0    python         
    0    1970308     C      -      -      -      -      -      -   1718      0    python         
    0    2401925     C     93     77      -      -      -      -  41676      0    VLLM::EngineCor
    0       5875     C      -      -      -      -      -      -   1192      0    python         
    0    1219611     C      -      -      -      -      -      -   1684      0    python         
    0    1953199     C      -      -      -      -      -      -   6446      0    python         
    0    1970308     C      -      -      -      -      -      -   1718      0    python         
    0    2401925     C     94     77      -      -      -      -  41676      0    VLLM::EngineCor
    0       5875     C      -      -      -      -      -      -   1192      0    python         
    0    1219611     C      -      -      -      -      -      -   1684      0    python         
    0    1953199     C      -      -      -      -      -      -   6446      0    python         
    0    1970308     C      -      -      -      -      -      -   1718      0    python         
    0    2401925     C     95     78      -      -      -      -  41676      0    VLLM::EngineCor
    0       5875     C      -      -      -      -      -      -   1192      0    python         
    0    1219611     C      -      -      -      -      -      -   1684      0    python         
    0    1953199     C      -      -      -      -      -      -   6446      0    python         
    0    1970308     C      -      -      -      -      -      -   1718      0    python         
    0    2401925     C     94     78      -      -      -      -  41676      0    VLLM::EngineCor
    0       5875     C      -      -      -      -      -      -   1192      0    python         
    0    1219611     C      -      -      -      -      -      -   1684      0    python         
    0    1953199     C      -      -      -      -      -      -   6446      0    python         
    0    1970308     C      -      -      -      -      -      -   1718      0    python         
    0    2401925     C     95     79      -      -      -      -  41676      0    VLLM::EngineCor
    0       5875     C      -      -      -      -      -      -   1192      0    python         
    0    1219611     C      -      -      -      -      -      -   1684      0    python         
    0    1953199     C      -      -      -      -      -      -   6446      0    python         
    0    1970308     C      -      -      -      -      -      -   1718      0    python         
    0    2401925     C     94     76      -      -      -      -  41676      0    VLLM::EngineCor
    0       5875     C      -      -      -      -      -      -   1192      0    python         
    0    1219611     C      -      -      -      -      -      -   1684      0    python         
    0    1953199     C      -      -      -      -      -      -   6446      0    python         
    0    1970308     C      -      -      -      -      -      -   1718      0    python         
    0    2401925     C     95     80      -      -      -      -  41676      0    VLLM::EngineCor
    0       5875     C      -      -      -      -      -      -   1192      0    python         
    0    1219611     C      -      -      -      -      -      -   1684      0    python         
    0    1953199     C      -      -      -      -      -      -   6446      0    python         
    0    1970308     C      -      -      -      -      -      -   1718      0    python         
    0    2401925     C     94     86      -      -      -      -  41676      0    VLLM::EngineCor
# gpu         pid   type     sm    mem    enc    dec    jpg    ofa     fb   ccpm    command 
# Idx           #    C/G      %      %      %      %      %      %     MB     MB    name 
    0       5875     C      -      -      -      -      -      -   1192      0    python         
    0    1219611     C      -      -      -      -      -      -   1684      0    python         
    0    1953199     C      -      -      -      -      -      -   6446      0    python         
    0    1970308     C      -      -      -      -      -      -   1718      0    python         
    0    2401925     C     94     87      -      -      -      -  41676      0    VLLM::EngineCor
    0       5875     C      -      -      -      -      -      -   1192      0    python         
    0    1219611     C      -      -      -      -      -      -   1684      0    python         
    0    1953199     C      -      -      -      -      -      -   6446      0    python         
    0    1970308     C      -      -      -      -      -      -   1718      0    python         
    0    2401925     C     94     87      -      -      -      -  41676      0    VLLM::EngineCor
    0       5875     C      -      -      -      -      -      -   1192      0    python         
    0    1219611     C      -      -      -      -      -      -   1684      0    python         
    0    1953199     C      -      -      -      -      -      -   6446      0    python         
    0    1970308     C      -      -      -      -      -      -   1718      0    python         
    0    2401925     C     94     87      -      -      -      -  41676      0    VLLM::EngineCor
    0       5875     C      -      -      -      -      -      -   1192      0    python         
    0    1219611     C      -      -      -      -      -      -   1684      0    python         
    0    1953199     C      -      -      -      -      -      -   6446      0    python         
    0    1970308     C      -      -      -      -      -      -   1718      0    python         
    0    2401925     C     94     87      -      -      -      -  41676      0    VLLM::EngineCor
    0       5875     C      -      -      -      -      -      -   1192      0    python         
    0    1219611     C      -      -      -      -      -      -   1684      0    python         
    0    1953199     C      -      -      -      -      -      -   6446      0    python         
    0    1970308     C      -      -      -      -      -      -   1718      0    python         
    0    2401925     C     93     84      -      -      -      -  41676      0    VLLM::EngineCor
    0       5875     C      -      -      -      -      -      -   1192      0    python         
    0    1219611     C      -      -      -      -      -      -   1684      0    python         
    0    1953199     C      -      -      -      -      -      -   6446      0    python         
    0    1970308     C      -      -      -      -      -      -   1718      0    python         
    0    2401925     C     94     84      -      -      -      -  41676      0    VLLM::EngineCor
    0       5875     C      -      -      -      -      -      -   1192      0    python         
    0    1219611     C      -      -      -      -      -      -   1684      0    python         
    0    1953199     C      -      -      -      -      -      -   6446      0    python         
    0    1970308     C      -      -      -      -      -      -   1718      0    python         
    0    2401925     C     93     86      -      -      -      -  41676      0    VLLM::EngineCor
    0       5875     C      -      -      -      -      -      -   1192      0    python         
    0    1219611     C      -      -      -      -      -      -   1684      0    python         
    0    1953199     C      -      -      -      -      -      -   6446      0    python         
    0    1970308     C      -      -      -      -      -      -   1718      0    python         
    0    2401925     C     93     86      -      -      -      -  41676      0    VLLM::EngineCor
    0       5875     C      -      -      -      -      -      -   1192      0    python         
    0    1219611     C      -      -      -      -      -      -   1684      0    python         
    0    1953199     C      -      -      -      -      -      -   6446      0    python         
    0    1970308     C      -      -      -      -      -      -   1718      0    python         
# gpu         pid   type     sm    mem    enc    dec    jpg    ofa     fb   ccpm    command 
# Idx           #    C/G      %      %      %      %      %      %     MB     MB    name 
    0    2401925     C     93     87      -      -      -      -  41676      0    VLLM::EngineCor
    0       5875     C      -      -      -      -      -      -   1192      0    python         
    0    1219611     C      -      -      -      -      -      -   1684      0    python         
    0    1953199     C      -      -      -      -      -      -   6446      0    python         
    0    1970308     C      -      -      -      -      -      -   1718      0    python         
    0    2401925     C     94     87      -      -      -      -  41676      0    VLLM::EngineCor
    0       5875     C      -      -      -      -      -      -   1192      0    python         
    0    1219611     C      -      -      -      -      -      -   1684      0    python         
    0    1953199     C      -      -      -      -      -      -   6446      0    python         
    0    1970308     C      -      -      -      -      -      -   1718      0    python         
    0    2401925     C     94     88      -      -      -      -  41676      0    VLLM::EngineCor
    0       5875     C      -      -      -      -      -      -   1192      0    python         
    0    1219611     C      -      -      -      -      -      -   1684      0    python         
    0    1953199     C      -      -      -      -      -      -   6446      0    python         
    0    1970308     C      -      -      -      -      -      -   1718      0    python         
    0    2401925     C     94     85      -      -      -      -  41676      0    VLLM::EngineCor
    0       5875     C      -      -      -      -      -      -   1192      0    python         
    0    1219611     C      -      -      -      -      -      -   1684      0    python         
    0    1953199     C      -      -      -      -      -      -   6446      0    python         
    0    1970308     C      -      -      -      -      -      -   1718      0    python         
    0    2401925     C     94     85      -      -      -      -  41676      0    VLLM::EngineCor
    0       5875     C      -      -      -      -      -      -   1192      0    python         
    0    1219611     C      -      -      -      -      -      -   1684      0    python         
    0    1953199     C      -      -      -      -      -      -   6446      0    python         
    0    1970308     C      -      -      -      -      -      -   1718      0    python         
    0    2401925     C     95     88      -      -      -      -  41676      0    VLLM::EngineCor
    0       5875     C      -      -      -      -      -      -   1192      0    python         
    0    1219611     C      -      -      -      -      -      -   1684      0    python         
    0    1953199     C      -      -      -      -      -      -   6446      0    python         
    0    1970308     C      -      -      -      -      -      -   1718      0    python         
    0    2401925     C     94     87      -      -      -      -  41676      0    VLLM::EngineCor
    0       5875     C      -      -      -      -      -      -   1192      0    python         
    0    1219611     C      -      -      -      -      -      -   1684      0    python         
    0    1953199     C      -      -      -      -      -      -   6446      0    python         
    0    1970308     C      -      -      -      -      -      -   1718      0    python         
    0    2401925     C     94     88      -      -      -      -  41676      0    VLLM::EngineCor
    0       5875     C      -      -      -      -      -      -   1192      0    python         
    0    1219611     C      -      -      -      -      -      -   1684      0    python         
    0    1953199     C      -      -      -      -      -      -   6446      0    python         
    0    1970308     C      -      -      -      -      -      -   1718      0    python         
    0    2401925     C     94     88      -      -      -      -  41676      0    VLLM::EngineCor
    0       5875     C      -      -      -      -      -      -   1192      0    python         
    0    1219611     C      -      -      -      -      -      -   1684      0    python         
    0    1953199     C      -      -      -      -      -      -   6446      0    python         
# gpu         pid   type     sm    mem    enc    dec    jpg    ofa     fb   ccpm    command 
# Idx           #    C/G      %      %      %      %      %      %     MB     MB    name 
    0    1970308     C      -      -      -      -      -      -   1718      0    python         
    0    2401925     C     95     88      -      -      -      -  41676      0    VLLM::EngineCor
    0       5875     C      -      -      -      -      -      -   1192      0    python         
    0    1219611     C      -      -      -      -      -      -   1684      0    python         
    0    1953199     C      -      -      -      -      -      -   6446      0    python         
    0    1970308     C      -      -      -      -      -      -   1718      0    python         
    0    2401925     C     95     86      -      -      -      -  41676      0    VLLM::EngineCor
    0       5875     C      -      -      -      -      -      -   1192      0    python         
    0    1219611     C      -      -      -      -      -      -   1684      0    python         
    0    1953199     C      -      -      -      -      -      -   6446      0    python         
    0    1970308     C      -      -      -      -      -      -   1718      0    python         
    0    2401925     C     94     88      -      -      -      -  41676      0    VLLM::EngineCor
    0       5875     C      -      -      -      -      -      -   1192      0    python         
    0    1219611     C      -      -      -      -      -      -   1684      0    python         
    0    1953199     C      -      -      -      -      -      -   6446      0    python         
    0    1970308     C      -      -      -      -      -      -   1718      0    python         
    0    2401925     C     95     89      -      -      -      -  41676      0    VLLM::EngineCor
    0       5875     C      -      -      -      -      -      -   1192      0    python         
    0    1219611     C      -      -      -      -      -      -   1684      0    python         
    0    1953199     C      -      -      -      -      -      -   6446      0    python         
    0    1970308     C      -      -      -      -      -      -   1718      0    python         
    0    2401925     C     95     89      -      -      -      -  41676      0    VLLM::EngineCor
    0       5875     C      -      -      -      -      -      -   1192      0    python         
    0    1219611     C      -      -      -      -      -      -   1684      0    python         
    0    1953199     C      -      -      -      -      -      -   6446      0    python         
    0    1970308     C      -      -      -      -      -      -   1718      0    python         
    0    2401925     C     95     88      -      -      -      -  41676      0    VLLM::EngineCor
    0       5875     C      -      -      -      -      -      -   1192      0    python         
    0    1219611     C      -      -      -      -      -      -   1684      0    python         
    0    1953199     C      -      -      -      -      -      -   6446      0    python         
    0    1970308     C      -      -      -      -      -      -   1718      0    python         
    0    2401925     C     95     88      -      -      -      -  41676      0    VLLM::EngineCor
    0       5875     C      -      -      -      -      -      -   1192      0    python         
    0    1219611     C      -      -      -      -      -      -   1684      0    python         
    0    1953199     C      -      -      -      -      -      -   6446      0    python         
    0    1970308     C      -      -      -      -      -      -   1718      0    python         
    0    2401925     C     95     85      -      -      -      -  41676      0    VLLM::EngineCor
    0       5875     C      -      -      -      -      -      -   1192      0    python         
    0    1219611     C      -      -      -      -      -      -   1684      0    python         
    0    1953199     C      -      -      -      -      -      -   6446      0    python         
    0    1970308     C      -      -      -      -      -      -   1718      0    python         
    0    2401925     C     96     59      -      -      -      -  41676      0    VLLM::EngineCor
    0       5875     C      -      -      -      -      -      -   1192      0    python         
    0    1219611     C      -      -      -      -      -      -   1684      0    python         
# gpu         pid   type     sm    mem    enc    dec    jpg    ofa     fb   ccpm    command 
# Idx           #    C/G      %      %      %      %      %      %     MB     MB    name 
    0    1953199     C      -      -      -      -      -      -   6446      0    python         
    0    1970308     C      -      -      -      -      -      -   1718      0    python         
    0    2401925     C     98     33      -      -      -      -  41676      0    VLLM::EngineCor
    0       5875     C      -      -      -      -      -      -   1192      0    python         
    0    1219611     C      -      -      -      -      -      -   1684      0    python         
    0    1953199     C      -      -      -      -      -      -   6446      0    python         
    0    1970308     C      -      -      -      -      -      -   1718      0    python         
    0    2401925     C     98     33      -      -      -      -  41676      0    VLLM::EngineCor
    0       5875     C      -      -      -      -      -      -   1192      0    python         
    0    1219611     C      -      -      -      -      -      -   1684      0    python         
    0    1953199     C      -      -      -      -      -      -   6446      0    python         
    0    1970308     C      -      -      -      -      -      -   1718      0    python         
    0    2401925     C     98     33      -      -      -      -  41676      0    VLLM::EngineCor
    0       5875     C      -      -      -      -      -      -   1192      0    python         
    0    1219611     C      -      -      -      -      -      -   1684      0    python         
    0    1953199     C      -      -      -      -      -      -   6446      0    python         
    0    1970308     C      -      -      -      -      -      -   1718      0    python         
    0    2401925     C     98     34      -      -      -      -  41676      0    VLLM::EngineCor
    0       5875     C      -      -      -      -      -      -   1192      0    python         
    0    1219611     C      -      -      -      -      -      -   1684      0    python         
    0    1953199     C      -      -      -      -      -      -   6446      0    python         
    0    1970308     C      -      -      -      -      -      -   1718      0    python         
    0    2401925     C     96     62      -      -      -      -  41676      0    VLLM::EngineCor
    0       5875     C      -      -      -      -      -      -   1192      0    python         
    0    1219611     C      -      -      -      -      -      -   1684      0    python         
    0    1953199     C      -      -      -      -      -      -   6446      0    python         
    0    1970308     C      -      -      -      -      -      -   1718      0    python         
    0    2401925     C     95     83      -      -      -      -  41676      0    VLLM::EngineCor
    0       5875     C      -      -      -      -      -      -   1192      0    python         
    0    1219611     C      -      -      -      -      -      -   1684      0    python         
    0    1953199     C      -      -      -      -      -      -   6446      0    python         
    0    1970308     C      -      -      -      -      -      -   1718      0    python         
    0    2401925     C     94     84      -      -      -      -  41676      0    VLLM::EngineCor
    0       5875     C      -      -      -      -      -      -   1192      0    python         
    0    1219611     C      -      -      -      -      -      -   1684      0    python         
    0    1953199     C      -      -      -      -      -      -   6446      0    python         
    0    1970308     C      -      -      -      -      -      -   1718      0    python         
    0    2401925     C     94     84      -      -      -      -  41676      0    VLLM::EngineCor
    0       5875     C      -      -      -      -      -      -   1192      0    python         
    0    1219611     C      -      -      -      -      -      -   1684      0    python         
    0    1953199     C      -      -      -      -      -      -   6446      0    python         
    0    1970308     C      -      -      -      -      -      -   1718      0    python         
    0    2401925     C     94     84      -      -      -      -  41676      0    VLLM::EngineCor
    0       5875     C      -      -      -      -      -      -   1192      0    python         
# gpu         pid   type     sm    mem    enc    dec    jpg    ofa     fb   ccpm    command 
# Idx           #    C/G      %      %      %      %      %      %     MB     MB    name 
    0    1219611     C      -      -      -      -      -      -   1684      0    python         
    0    1953199     C      -      -      -      -      -      -   6446      0    python         
    0    1970308     C      -      -      -      -      -      -   1718      0    python         
    0    2401925     C     95     83      -      -      -      -  41676      0    VLLM::EngineCor
    0       5875     C      -      -      -      -      -      -   1192      0    python         
    0    1219611     C      -      -      -      -      -      -   1684      0    python         
    0    1953199     C      -      -      -      -      -      -   6446      0    python         
    0    1970308     C      -      -      -      -      -      -   1718      0    python         
    0    2401925     C     95     71      -      -      -      -  41676      0    VLLM::EngineCor
    0       5875     C      -      -      -      -      -      -   1192      0    python         
    0    1219611     C      -      -      -      -      -      -   1684      0    python         
    0    1953199     C      -      -      -      -      -      -   6446      0    python         
    0    1970308     C      -      -      -      -      -      -   1718      0    python         
    0    2401925     C     97     51      -      -      -      -  41676      0    VLLM::EngineCor
    0       5875     C      -      -      -      -      -      -   1192      0    python         
    0    1219611     C      -      -      -      -      -      -   1684      0    python         
    0    1953199     C      -      -      -      -      -      -   6446      0    python         
    0    1970308     C      -      -      -      -      -      -   1718      0    python         
    0    2401925     C     95     70      -      -      -      -  41676      0    VLLM::EngineCor
    0       5875     C      -      -      -      -      -      -   1192      0    python         
    0    1219611     C      -      -      -      -      -      -   1684      0    python         
    0    1953199     C      -      -      -      -      -      -   6446      0    python         
    0    1970308     C      -      -      -      -      -      -   1718      0    python         
    0    2401925     C     94     75      -      -      -      -  41676      0    VLLM::EngineCor
    0       5875     C      -      -      -      -      -      -   1192      0    python         
    0    1219611     C      -      -      -      -      -      -   1684      0    python         
    0    1953199     C      -      -      -      -      -      -   6446      0    python         
    0    1970308     C      -      -      -      -      -      -   1718      0    python         
    0    2401925     C     93     75      -      -      -      -  41676      0    VLLM::EngineCor
    0       5875     C      -      -      -      -      -      -   1192      0    python         
    0    1219611     C      -      -      -      -      -      -   1684      0    python         
    0    1953199     C      -      -      -      -      -      -   6446      0    python         
    0    1970308     C      -      -      -      -      -      -   1718      0    python         
    0    2401925     C     94     75      -      -      -      -  41676      0    VLLM::EngineCor
    0       5875     C      -      -      -      -      -      -   1192      0    python         
    0    1219611     C      -      -      -      -      -      -   1684      0    python         
    0    1953199     C      -      -      -      -      -      -   6446      0    python         
    0    1970308     C      -      -      -      -      -      -   1718      0    python         
    0    2401925     C     94     76      -      -      -      -  41676      0    VLLM::EngineCor
    0       5875     C      -      -      -      -      -      -   1192      0    python         
    0    1219611     C      -      -      -      -      -      -   1684      0    python         
    0    1953199     C      -      -      -      -      -      -   6446      0    python         
    0    1970308     C      -      -      -      -      -      -   1718      0    python         
    0    2401925     C     95     74      -      -      -      -  41676      0    VLLM::EngineCor
# gpu         pid   type     sm    mem    enc    dec    jpg    ofa     fb   ccpm    command 
# Idx           #    C/G      %      %      %      %      %      %     MB     MB    name 
    0       5875     C      -      -      -      -      -      -   1192      0    python         
    0    1219611     C      -      -      -      -      -      -   1684      0    python         
    0    1953199     C      -      -      -      -      -      -   6446      0    python         
    0    1970308     C      -      -      -      -      -      -   1718      0    python         
    0    2401925     C     96     63      -      -      -      -  41676      0    VLLM::EngineCor
    0       5875     C      -      -      -      -      -      -   1192      0    python         
    0    1219611     C      -      -      -      -      -      -   1684      0    python         
    0    1953199     C      -      -      -      -      -      -   6446      0    python         
    0    1970308     C      -      -      -      -      -      -   1718      0    python         
    0    2401925     C     95     66      -      -      -      -  41676      0    VLLM::EngineCor
    0       5875     C      -      -      -      -      -      -   1192      0    python         
    0    1219611     C      -      -      -      -      -      -   1684      0    python         
    0    1953199     C      -      -      -      -      -      -   6446      0    python         
    0    1970308     C      -      -      -      -      -      -   1718      0    python         
    0    2401925     C     94     76      -      -      -      -  41676      0    VLLM::EngineCor
    0       5875     C      -      -      -      -      -      -   1192      0    python         
    0    1219611     C      -      -      -      -      -      -   1684      0    python         
    0    1953199     C      -      -      -      -      -      -   6446      0    python         
    0    1970308     C      -      -      -      -      -      -   1718      0    python         
    0    2401925     C     94     76      -      -      -      -  41676      0    VLLM::EngineCor
    0       5875     C      -      -      -      -      -      -   1192      0    python         
    0    1219611     C      -      -      -      -      -      -   1684      0    python         
    0    1953199     C      -      -      -      -      -      -   6446      0    python         
    0    1970308     C      -      -      -      -      -      -   1718      0    python         
    0    2401925     C     94     77      -      -      -      -  41676      0    VLLM::EngineCor
    0       5875     C      -      -      -      -      -      -   1192      0    python         
    0    1219611     C      -      -      -      -      -      -   1684      0    python         
    0    1953199     C      -      -      -      -      -      -   6446      0    python         
    0    1970308     C      -      -      -      -      -      -   1718      0    python         
    0    2401925     C     93     76      -      -      -      -  41676      0    VLLM::EngineCor
    0       5875     C      -      -      -      -      -      -   1192      0    python         
    0    1219611     C      -      -      -      -      -      -   1684      0    python         
    0    1953199     C      -      -      -      -      -      -   6446      0    python         
    0    1970308     C      -      -      -      -      -      -   1718      0    python         
    0    2401925     C     94     76      -      -      -      -  41676      0    VLLM::EngineCor
    0       5875     C      -      -      -      -      -      -   1192      0    python         
    0    1219611     C      -      -      -      -      -      -   1684      0    python         
    0    1953199     C      -      -      -      -      -      -   6446      0    python         
    0    1970308     C      -      -      -      -      -      -   1718      0    python         
    0    2401925     C     94     77      -      -      -      -  41676      0    VLLM::EngineCor
    0       5875     C      -      -      -      -      -      -   1192      0    python         
    0    1219611     C      -      -      -      -      -      -   1684      0    python         
    0    1953199     C      -      -      -      -      -      -   6446      0    python         
    0    1970308     C      -      -      -      -      -      -   1718      0    python         
# gpu         pid   type     sm    mem    enc    dec    jpg    ofa     fb   ccpm    command 
# Idx           #    C/G      %      %      %      %      %      %     MB     MB    name 
    0    2401925     C     93     85      -      -      -      -  41676      0    VLLM::EngineCor
    0       5875     C      -      -      -      -      -      -   1192      0    python         
    0    1219611     C      -      -      -      -      -      -   1684      0    python         
    0    1953199     C      -      -      -      -      -      -   6446      0    python         
    0    1970308     C      -      -      -      -      -      -   1718      0    python         
    0    2401925     C     94     85      -      -      -      -  41676      0    VLLM::EngineCor
    0       5875     C      -      -      -      -      -      -   1192      0    python         
    0    1219611     C      -      -      -      -      -      -   1684      0    python         
    0    1953199     C      -      -      -      -      -      -   6446      0    python         
    0    1970308     C      -      -      -      -      -      -   1718      0    python         
    0    2401925     C     94     85      -      -      -      -  41676      0    VLLM::EngineCor
    0       5875     C      -      -      -      -      -      -   1192      0    python         
    0    1219611     C      -      -      -      -      -      -   1684      0    python         
    0    1953199     C      -      -      -      -      -      -   6446      0    python         
    0    1970308     C      -      -      -      -      -      -   1718      0    python         
    0    2401925     C     94     86      -      -      -      -  41676      0    VLLM::EngineCor
    0       5875     C      -      -      -      -      -      -   1192      0    python         
    0    1219611     C      -      -      -      -      -      -   1684      0    python         
    0    1953199     C      -      -      -      -      -      -   6446      0    python         
    0    1970308     C      -      -      -      -      -      -   1718      0    python         
    0    2401925     C     94     86      -      -      -      -  41676      0    VLLM::EngineCor
    0       5875     C      -      -      -      -      -      -   1192      0    python         
    0    1219611     C      -      -      -      -      -      -   1684      0    python         
    0    1953199     C      -      -      -      -      -      -   6446      0    python         
    0    1970308     C      -      -      -      -      -      -   1718      0    python         
    0    2401925     C     95     81      -      -      -      -  41676      0    VLLM::EngineCor
    0       5875     C      -      -      -      -      -      -   1192      0    python         
    0    1219611     C      -      -      -      -      -      -   1684      0    python         
    0    1953199     C      -      -      -      -      -      -   6446      0    python         
    0    1970308     C      -      -      -      -      -      -   1718      0    python         
    0    2401925     C     95     85      -      -      -      -  41676      0    VLLM::EngineCor
    0       5875     C      -      -      -      -      -      -   1192      0    python         
    0    1219611     C      -      -      -      -      -      -   1684      0    python         
    0    1953199     C      -      -      -      -      -      -   6446      0    python         
    0    1970308     C      -      -      -      -      -      -   1718      0    python         
    0    2401925     C     94     86      -      -      -      -  41676      0    VLLM::EngineCor
    0       5875     C      -      -      -      -      -      -   1192      0    python         
    0    1219611     C      -      -      -      -      -      -   1684      0    python         
    0    1953199     C      -      -      -      -      -      -   6446      0    python         
    0    1970308     C      -      -      -      -      -      -   1718      0    python         
    0    2401925     C     94     86      -      -      -      -  41676      0    VLLM::EngineCor
    0       5875     C      -      -      -      -      -      -   1192      0    python         
    0    1219611     C      -      -      -      -      -      -   1684      0    python         
    0    1953199     C      -      -      -      -      -      -   6446      0    python         
# gpu         pid   type     sm    mem    enc    dec    jpg    ofa     fb   ccpm    command 
# Idx           #    C/G      %      %      %      %      %      %     MB     MB    name 
    0    1970308     C      -      -      -      -      -      -   1718      0    python         
    0    2401925     C     94     87      -      -      -      -  41676      0    VLLM::EngineCor
    0       5875     C      -      -      -      -      -      -   1192      0    python         
    0    1219611     C      -      -      -      -      -      -   1684      0    python         
    0    1953199     C      -      -      -      -      -      -   6446      0    python         
    0    1970308     C      -      -      -      -      -      -   1718      0    python         
    0    2401925     C     94     87      -      -      -      -  41676      0    VLLM::EngineCor
    0       5875     C      -      -      -      -      -      -   1192      0    python         
    0    1219611     C      -      -      -      -      -      -   1684      0    python         
    0    1953199     C      -      -      -      -      -      -   6446      0    python         
    0    1970308     C      -      -      -      -      -      -   1718      0    python         
    0    2401925     C     95     86      -      -      -      -  41676      0    VLLM::EngineCor
    0       5875     C      -      -      -      -      -      -   1192      0    python         
    0    1219611     C      -      -      -      -      -      -   1684      0    python         
    0    1953199     C      -      -      -      -      -      -   6446      0    python         
    0    1970308     C      -      -      -      -      -      -   1718      0    python         
    0    2401925     C     94     85      -      -      -      -  41676      0    VLLM::EngineCor
    0       5875     C      -      -      -      -      -      -   1192      0    python         
    0    1219611     C      -      -      -      -      -      -   1684      0    python         
    0    1953199     C      -      -      -      -      -      -   6446      0    python         
    0    1970308     C      -      -      -      -      -      -   1718      0    python         
    0    2401925     C     94     85      -      -      -      -  41676      0    VLLM::EngineCor
    0       5875     C      -      -      -      -      -      -   1192      0    python         
    0    1219611     C      -      -      -      -      -      -   1684      0    python         
    0    1953199     C      -      -      -      -      -      -   6446      0    python         
    0    1970308     C      -      -      -      -      -      -   1718      0    python         
    0    2401925     C     94     87      -      -      -      -  41676      0    VLLM::EngineCor
    0       5875     C      -      -      -      -      -      -   1192      0    python         
    0    1219611     C      -      -      -      -      -      -   1684      0    python         
    0    1953199     C      -      -      -      -      -      -   6446      0    python         
    0    1970308     C      -      -      -      -      -      -   1718      0    python         
    0    2401925     C     94     87      -      -      -      -  41676      0    VLLM::EngineCor
    0       5875     C      -      -      -      -      -      -   1192      0    python         
    0    1219611     C      -      -      -      -      -      -   1684      0    python         
    0    1953199     C      -      -      -      -      -      -   6446      0    python         
    0    1970308     C      -      -      -      -      -      -   1718      0    python         
    0    2401925     C     94     87      -      -      -      -  41676      0    VLLM::EngineCor
    0       5875     C      -      -      -      -      -      -   1192      0    python         
    0    1219611     C      -      -      -      -      -      -   1684      0    python         
    0    1953199     C      -      -      -      -      -      -   6446      0    python         
    0    1970308     C      -      -      -      -      -      -   1718      0    python         
    0    2401925     C     94     88      -      -      -      -  41676      0    VLLM::EngineCor
    0       5875     C      -      -      -      -      -      -   1192      0    python         
    0    1219611     C      -      -      -      -      -      -   1684      0    python         
# gpu         pid   type     sm    mem    enc    dec    jpg    ofa     fb   ccpm    command 
# Idx           #    C/G      %      %      %      %      %      %     MB     MB    name 
    0    1953199     C      -      -      -      -      -      -   6446      0    python         
    0    1970308     C      -      -      -      -      -      -   1718      0    python         
    0    2401925     C     94     88      -      -      -      -  41676      0    VLLM::EngineCor
    0       5875     C      -      -      -      -      -      -   1192      0    python         
    0    1219611     C      -      -      -      -      -      -   1684      0    python         
    0    1953199     C      -      -      -      -      -      -   6446      0    python         
    0    1970308     C      -      -      -      -      -      -   1718      0    python         
    0    2401925     C     94     88      -      -      -      -  41676      0    VLLM::EngineCor
    0       5875     C      -      -      -      -      -      -   1192      0    python         
    0    1219611     C      -      -      -      -      -      -   1684      0    python         
    0    1953199     C      -      -      -      -      -      -   6446      0    python         
    0    1970308     C      -      -      -      -      -      -   1718      0    python         
    0    2401925     C     95     87      -      -      -      -  41676      0    VLLM::EngineCor
    0       5875     C      -      -      -      -      -      -   1192      0    python         
    0    1219611     C      -      -      -      -      -      -   1684      0    python         
    0    1953199     C      -      -      -      -      -      -   6446      0    python         
    0    1970308     C      -      -      -      -      -      -   1718      0    python         
    0    2401925     C     95     86      -      -      -      -  41676      0    VLLM::EngineCor
    0       5875     C      -      -      -      -      -      -   1192      0    python         
    0    1219611     C      -      -      -      -      -      -   1684      0    python         
    0    1953199     C      -      -      -      -      -      -   6446      0    python         
    0    1970308     C      -      -      -      -      -      -   1718      0    python         
    0    2401925     C     95     87      -      -      -      -  41676      0    VLLM::EngineCor
    0       5875     C      -      -      -      -      -      -   1192      0    python         
    0    1219611     C      -      -      -      -      -      -   1684      0    python         
    0    1953199     C      -      -      -      -      -      -   6446      0    python         
    0    1970308     C      -      -      -      -      -      -   1718      0    python         
    0    2401925     C     94     88      -      -      -      -  41676      0    VLLM::EngineCor
    0       5875     C      -      -      -      -      -      -   1192      0    python         
    0    1219611     C      -      -      -      -      -      -   1684      0    python         
    0    1953199     C      -      -      -      -      -      -   6446      0    python         
    0    1970308     C      -      -      -      -      -      -   1718      0    python         
    0    2401925     C     95     88      -      -      -      -  41676      0    VLLM::EngineCor
    0       5875     C      -      -      -      -      -      -   1192      0    python         
    0    1219611     C      -      -      -      -      -      -   1684      0    python         
    0    1953199     C      -      -      -      -      -      -   6446      0    python         
    0    1970308     C      -      -      -      -      -      -   1718      0    python         
    0    2401925     C     95     88      -      -      -      -  41676      0    VLLM::EngineCor
    0       5875     C      -      -      -      -      -      -   1192      0    python         
    0    1219611     C      -      -      -      -      -      -   1684      0    python         
    0    1953199     C      -      -      -      -      -      -   6446      0    python         
    0    1970308     C      -      -      -      -      -      -   1718      0    python         
    0    2401925     C     95     88      -      -      -      -  41676      0    VLLM::EngineCor
    0       5875     C      -      -      -      -      -      -   1192      0    python         
# gpu         pid   type     sm    mem    enc    dec    jpg    ofa     fb   ccpm    command 
# Idx           #    C/G      %      %      %      %      %      %     MB     MB    name 
    0    1219611     C      -      -      -      -      -      -   1684      0    python         
    0    1953199     C      -      -      -      -      -      -   6446      0    python         
    0    1970308     C      -      -      -      -      -      -   1718      0    python         
    0    2401925     C     95     89      -      -      -      -  41676      0    VLLM::EngineCor
    0       5875     C      -      -      -      -      -      -   1192      0    python         
    0    1219611     C      -      -      -      -      -      -   1684      0    python         
    0    1953199     C      -      -      -      -      -      -   6446      0    python         
    0    1970308     C      -      -      -      -      -      -   1718      0    python         
    0    2401925     C     95     89      -      -      -      -  41676      0    VLLM::EngineCor
    0       5875     C      -      -      -      -      -      -   1192      0    python         
    0    1219611     C      -      -      -      -      -      -   1684      0    python         
    0    1953199     C      -      -      -      -      -      -   6446      0    python         
    0    1970308     C      -      -      -      -      -      -   1718      0    python         
    0    2401925     C     95     89      -      -      -      -  41676      0    VLLM::EngineCor
    0       5875     C      -      -      -      -      -      -   1192      0    python         
    0    1219611     C      -      -      -      -      -      -   1684      0    python         
    0    1953199     C      -      -      -      -      -      -   6446      0    python         
    0    1970308     C      -      -      -      -      -      -   1718      0    python         
    0    2401925     C     95     89      -      -      -      -  41676      0    VLLM::EngineCor
    0       5875     C      -      -      -      -      -      -   1192      0    python         
    0    1219611     C      -      -      -      -      -      -   1684      0    python         
    0    1953199     C      -      -      -      -      -      -   6446      0    python         
    0    1970308     C      -      -      -      -      -      -   1718      0    python         
    0    2401925     C     95     89      -      -      -      -  41676      0    VLLM::EngineCor
    0       5875     C      -      -      -      -      -      -   1192      0    python         
    0    1219611     C      -      -      -      -      -      -   1684      0    python         
    0    1953199     C      -      -      -      -      -      -   6446      0    python         
    0    1970308     C      -      -      -      -      -      -   1718      0    python         
    0    2401925     C     96     70      -      -      -      -  41676      0    VLLM::EngineCor
    0       5875     C      -      -      -      -      -      -   1192      0    python         
    0    1219611     C      -      -      -      -      -      -   1684      0    python         
    0    1953199     C      -      -      -      -      -      -   6446      0    python         
    0    1970308     C      -      -      -      -      -      -   1718      0    python         
    0    2401925     C     98     34      -      -      -      -  41676      0    VLLM::EngineCor
    0       5875     C      -      -      -      -      -      -   1192      0    python         
    0    1219611     C      -      -      -      -      -      -   1684      0    python         
    0    1953199     C      -      -      -      -      -      -   6446      0    python         
    0    1970308     C      -      -      -      -      -      -   1718      0    python         
    0    2401925     C     98     34      -      -      -      -  41676      0    VLLM::EngineCor
    0       5875     C      -      -      -      -      -      -   1192      0    python         
    0    1219611     C      -      -      -      -      -      -   1684      0    python         
    0    1953199     C      -      -      -      -      -      -   6446      0    python         
    0    1970308     C      -      -      -      -      -      -   1718      0    python         
    0    2401925     C     98     33      -      -      -      -  41676      0    VLLM::EngineCor
# gpu         pid   type     sm    mem    enc    dec    jpg    ofa     fb   ccpm    command 
# Idx           #    C/G      %      %      %      %      %      %     MB     MB    name 
    0       5875     C      -      -      -      -      -      -   1192      0    python         
    0    1219611     C      -      -      -      -      -      -   1684      0    python         
    0    1953199     C      -      -      -      -      -      -   6446      0    python         
    0    1970308     C      -      -      -      -      -      -   1718      0    python         
    0    2401925     C     97     44      -      -      -      -  41676      0    VLLM::EngineCor
    0       5875     C      -      -      -      -      -      -   1192      0    python         
    0    1219611     C      -      -      -      -      -      -   1684      0    python         
    0    1953199     C      -      -      -      -      -      -   6446      0    python         
    0    1970308     C      -      -      -      -      -      -   1718      0    python         
    0    2401925     C     95     69      -      -      -      -  41676      0    VLLM::EngineCor
    0       5875     C      -      -      -      -      -      -   1192      0    python         
    0    1219611     C      -      -      -      -      -      -   1684      0    python         
    0    1953199     C      -      -      -      -      -      -   6446      0    python         
    0    1970308     C      -      -      -      -      -      -   1718      0    python         
    0    2401925     C     96     69      -      -      -      -  41676      0    VLLM::EngineCor
    0       5875     C      -      -      -      -      -      -   1192      0    python         
    0    1219611     C      -      -      -      -      -      -   1684      0    python         
    0    1953199     C      -      -      -      -      -      -   6446      0    python         
    0    1970308     C      -      -      -      -      -      -   1718      0    python         
    0    2401925     C     95     84      -      -      -      -  41676      0    VLLM::EngineCor
    0       5875     C      -      -      -      -      -      -   1192      0    python         
    0    1219611     C      -      -      -      -      -      -   1684      0    python         
    0    1953199     C      -      -      -      -      -      -   6446      0    python         
    0    1970308     C      -      -      -      -      -      -   1718      0    python         
    0    2401925     C     95     84      -      -      -      -  41676      0    VLLM::EngineCor
    0       5875     C      -      -      -      -      -      -   1192      0    python         
    0    1219611     C      -      -      -      -      -      -   1684      0    python         
    0    1953199     C      -      -      -      -      -      -   6446      0    python         
    0    1970308     C      -      -      -      -      -      -   1718      0    python         
    0    2401925     C     95     84      -      -      -      -  41676      0    VLLM::EngineCor
    0       5875     C      -      -      -      -      -      -   1192      0    python         
    0    1219611     C      -      -      -      -      -      -   1684      0    python         
    0    1953199     C      -      -      -      -      -      -   6446      0    python         
    0    1970308     C      -      -      -      -      -      -   1718      0    python         
    0    2401925     C     95     83      -      -      -      -  41676      0    VLLM::EngineCor
    0       5875     C      -      -      -      -      -      -   1192      0    python         
    0    1219611     C      -      -      -      -      -      -   1684      0    python         
    0    1953199     C      -      -      -      -      -      -   6446      0    python         
    0    1970308     C      -      -      -      -      -      -   1718      0    python         
    0    2401925     C     95     73      -      -      -      -  41676      0    VLLM::EngineCor
    0       5875     C      -      -      -      -      -      -   1192      0    python         
    0    1219611     C      -      -      -      -      -      -   1684      0    python         
    0    1953199     C      -      -      -      -      -      -   6446      0    python         
    0    1970308     C      -      -      -      -      -      -   1718      0    python         
# gpu         pid   type     sm    mem    enc    dec    jpg    ofa     fb   ccpm    command 
# Idx           #    C/G      %      %      %      %      %      %     MB     MB    name 
    0    2401925     C     97     47      -      -      -      -  41676      0    VLLM::EngineCor
    0       5875     C      -      -      -      -      -      -   1192      0    python         
    0    1219611     C      -      -      -      -      -      -   1684      0    python         
    0    1953199     C      -      -      -      -      -      -   6446      0    python         
    0    1970308     C      -      -      -      -      -      -   1718      0    python         
    0    2401925     C     96     66      -      -      -      -  41676      0    VLLM::EngineCor
    0       5875     C      -      -      -      -      -      -   1192      0    python         
    0    1219611     C      -      -      -      -      -      -   1684      0    python         
    0    1953199     C      -      -      -      -      -      -   6446      0    python         
    0    1970308     C      -      -      -      -      -      -   1718      0    python         
    0    2401925     C     95     75      -      -      -      -  41676      0    VLLM::EngineCor
    0       5875     C      -      -      -      -      -      -   1192      0    python         
    0    1219611     C      -      -      -      -      -      -   1684      0    python         
    0    1953199     C      -      -      -      -      -      -   6446      0    python         
    0    1970308     C      -      -      -      -      -      -   1718      0    python         
    0    2401925     C     94     76      -      -      -      -  41676      0    VLLM::EngineCor
    0       5875     C      -      -      -      -      -      -   1192      0    python         
    0    1219611     C      -      -      -      -      -      -   1684      0    python         
    0    1953199     C      -      -      -      -      -      -   6446      0    python         
    0    1970308     C      -      -      -      -      -      -   1718      0    python         
    0    2401925     C     94     76      -      -      -      -  41676      0    VLLM::EngineCor
    0       5875     C      -      -      -      -      -      -   1192      0    python         
    0    1219611     C      -      -      -      -      -      -   1684      0    python         
    0    1953199     C      -      -      -      -      -      -   6446      0    python         
    0    1970308     C      -      -      -      -      -      -   1718      0    python         
    0    2401925     C     95     76      -      -      -      -  41676      0    VLLM::EngineCor
    0       5875     C      -      -      -      -      -      -   1192      0    python         
    0    1219611     C      -      -      -      -      -      -   1684      0    python         
    0    1953199     C      -      -      -      -      -      -   6446      0    python         
    0    1970308     C      -      -      -      -      -      -   1718      0    python         
    0    2401925     C     95     74      -      -      -      -  41676      0    VLLM::EngineCor
    0       5875     C      -      -      -      -      -      -   1192      0    python         
    0    1219611     C      -      -      -      -      -      -   1684      0    python         
    0    1953199     C      -      -      -      -      -      -   6446      0    python         
    0    1970308     C      -      -      -      -      -      -   1718      0    python         
    0    2401925     C     95     66      -      -      -      -  41676      0    VLLM::EngineCor
    0       5875     C      -      -      -      -      -      -   1192      0    python         
    0    1219611     C      -      -      -      -      -      -   1684      0    python         
    0    1953199     C      -      -      -      -      -      -   6446      0    python         
    0    1970308     C      -      -      -      -      -      -   1718      0    python         
    0    2401925     C     96     63      -      -      -      -  41676      0    VLLM::EngineCor
    0       5875     C      -      -      -      -      -      -   1192      0    python         
    0    1219611     C      -      -      -      -      -      -   1684      0    python         
    0    1953199     C      -      -      -      -      -      -   6446      0    python         
# gpu         pid   type     sm    mem    enc    dec    jpg    ofa     fb   ccpm    command 
# Idx           #    C/G      %      %      %      %      %      %     MB     MB    name 
    0    1970308     C      -      -      -      -      -      -   1718      0    python         
    0    2401925     C     95     76      -      -      -      -  41676      0    VLLM::EngineCor
    0       5875     C      -      -      -      -      -      -   1192      0    python         
    0    1219611     C      -      -      -      -      -      -   1684      0    python         
    0    1953199     C      -      -      -      -      -      -   6446      0    python         
    0    1970308     C      -      -      -      -      -      -   1718      0    python         
    0    2401925     C     95     77      -      -      -      -  41676      0    VLLM::EngineCor
    0       5875     C      -      -      -      -      -      -   1192      0    python         
    0    1219611     C      -      -      -      -      -      -   1684      0    python         
    0    1953199     C      -      -      -      -      -      -   6446      0    python         
    0    1970308     C      -      -      -      -      -      -   1718      0    python         
    0    2401925     C     95     77      -      -      -      -  41676      0    VLLM::EngineCor
    0       5875     C      -      -      -      -      -      -   1192      0    python         
    0    1219611     C      -      -      -      -      -      -   1684      0    python         
    0    1953199     C      -      -      -      -      -      -   6446      0    python         
    0    1970308     C      -      -      -      -      -      -   1718      0    python         
    0    2401925     C     95     77      -      -      -      -  41676      0    VLLM::EngineCor
    0       5875     C      -      -      -      -      -      -   1192      0    python         
    0    1219611     C      -      -      -      -      -      -   1684      0    python         
    0    1953199     C      -      -      -      -      -      -   6446      0    python         
    0    1970308     C      -      -      -      -      -      -   1718      0    python         
    0    2401925     C     95     77      -      -      -      -  41676      0    VLLM::EngineCor
    0       5875     C      -      -      -      -      -      -   1192      0    python         
    0    1219611     C      -      -      -      -      -      -   1684      0    python         
    0    1953199     C      -      -      -      -      -      -   6446      0    python         
    0    1970308     C      -      -      -      -      -      -   1718      0    python         
    0    2401925     C     95     75      -      -      -      -  41676      0    VLLM::EngineCor
    0       5875     C      -      -      -      -      -      -   1192      0    python         
    0    1219611     C      -      -      -      -      -      -   1684      0    python         
    0    1953199     C      -      -      -      -      -      -   6446      0    python         
    0    1970308     C      -      -      -      -      -      -   1718      0    python         
    0    2401925     C     95     79      -      -      -      -  41676      0    VLLM::EngineCor
    0       5875     C      -      -      -      -      -      -   1192      0    python         
    0    1219611     C      -      -      -      -      -      -   1684      0    python         
    0    1953199     C      -      -      -      -      -      -   6446      0    python         
    0    1970308     C      -      -      -      -      -      -   1718      0    python         
    0    2401925     C     95     86      -      -      -      -  41676      0    VLLM::EngineCor
    0       5875     C      -      -      -      -      -      -   1192      0    python         
    0    1219611     C      -      -      -      -      -      -   1684      0    python         
    0    1953199     C      -      -      -      -      -      -   6446      0    python         
    0    1970308     C      -      -      -      -      -      -   1718      0    python         
    0    2401925     C     94     86      -      -      -      -  41676      0    VLLM::EngineCor
    0       5875     C      -      -      -      -      -      -   1192      0    python         
    0    1219611     C      -      -      -      -      -      -   1684      0    python         
# gpu         pid   type     sm    mem    enc    dec    jpg    ofa     fb   ccpm    command 
# Idx           #    C/G      %      %      %      %      %      %     MB     MB    name 
    0    1953199     C      -      -      -      -      -      -   6446      0    python         
    0    1970308     C      -      -      -      -      -      -   1718      0    python         
    0    2401925     C     94     86      -      -      -      -  41676      0    VLLM::EngineCor
    0       5875     C      -      -      -      -      -      -   1192      0    python         
    0    1219611     C      -      -      -      -      -      -   1684      0    python         
    0    1953199     C      -      -      -      -      -      -   6446      0    python         
    0    1970308     C      -      -      -      -      -      -   1718      0    python         
    0    2401925     C     93     85      -      -      -      -  41676      0    VLLM::EngineCor
    0       5875     C      -      -      -      -      -      -   1192      0    python         
    0    1219611     C      -      -      -      -      -      -   1684      0    python         
    0    1953199     C      -      -      -      -      -      -   6446      0    python         
    0    1970308     C      -      -      -      -      -      -   1718      0    python         
    0    2401925     C     94     81      -      -      -      -  41676      0    VLLM::EngineCor
    0       5875     C      -      -      -      -      -      -   1192      0    python         
    0    1219611     C      -      -      -      -      -      -   1684      0    python         
    0    1953199     C      -      -      -      -      -      -   6446      0    python         
    0    1970308     C      -      -      -      -      -      -   1718      0    python         
    0    2401925     C     94     84      -      -      -      -  41676      0    VLLM::EngineCor
    0       5875     C      -      -      -      -      -      -   1192      0    python         
    0    1219611     C      -      -      -      -      -      -   1684      0    python         
    0    1953199     C      -      -      -      -      -      -   6446      0    python         
    0    1970308     C      -      -      -      -      -      -   1718      0    python         
    0    2401925     C     94     86      -      -      -      -  41676      0    VLLM::EngineCor
    0       5875     C      -      -      -      -      -      -   1192      0    python         
    0    1219611     C      -      -      -      -      -      -   1684      0    python         
    0    1953199     C      -      -      -      -      -      -   6446      0    python         
    0    1970308     C      -      -      -      -      -      -   1718      0    python         
    0    2401925     C     94     86      -      -      -      -  41676      0    VLLM::EngineCor
    0       5875     C      -      -      -      -      -      -   1192      0    python         
    0    1219611     C      -      -      -      -      -      -   1684      0    python         
    0    1953199     C      -      -      -      -      -      -   6446      0    python         
    0    1970308     C      -      -      -      -      -      -   1718      0    python         
    0    2401925     C     93     86      -      -      -      -  41676      0    VLLM::EngineCor
    0       5875     C      -      -      -      -      -      -   1192      0    python         
    0    1219611     C      -      -      -      -      -      -   1684      0    python         
    0    1953199     C      -      -      -      -      -      -   6446      0    python         
    0    1970308     C      -      -      -      -      -      -   1718      0    python         
    0    2401925     C     94     87      -      -      -      -  41676      0    VLLM::EngineCor
    0       5875     C      -      -      -      -      -      -   1192      0    python         
    0    1219611     C      -      -      -      -      -      -   1684      0    python         
    0    1953199     C      -      -      -      -      -      -   6446      0    python         
    0    1970308     C      -      -      -      -      -      -   1718      0    python         
    0    2401925     C     94     86      -      -      -      -  41676      0    VLLM::EngineCor
    0       5875     C      -      -      -      -      -      -   1192      0    python         
# gpu         pid   type     sm    mem    enc    dec    jpg    ofa     fb   ccpm    command 
# Idx           #    C/G      %      %      %      %      %      %     MB     MB    name 
    0    1219611     C      -      -      -      -      -      -   1684      0    python         
    0    1953199     C      -      -      -      -      -      -   6446      0    python         
    0    1970308     C      -      -      -      -      -      -   1718      0    python         
    0    2401925     C     94     85      -      -      -      -  41676      0    VLLM::EngineCor
    0       5875     C      -      -      -      -      -      -   1192      0    python         
    0    1219611     C      -      -      -      -      -      -   1684      0    python         
    0    1953199     C      -      -      -      -      -      -   6446      0    python         
    0    1970308     C      -      -      -      -      -      -   1718      0    python         
    0    2401925     C     94     86      -      -      -      -  41676      0    VLLM::EngineCor
    0       5875     C      -      -      -      -      -      -   1192      0    python         
    0    1219611     C      -      -      -      -      -      -   1684      0    python         
    0    1953199     C      -      -      -      -      -      -   6446      0    python         
    0    1970308     C      -      -      -      -      -      -   1718      0    python         
    0    2401925     C     95     86      -      -      -      -  41676      0    VLLM::EngineCor
    0       5875     C      -      -      -      -      -      -   1192      0    python         
    0    1219611     C      -      -      -      -      -      -   1684      0    python         
    0    1953199     C      -      -      -      -      -      -   6446      0    python         
    0    1970308     C      -      -      -      -      -      -   1718      0    python         
    0    2401925     C     94     87      -      -      -      -  41676      0    VLLM::EngineCor
    0       5875     C      -      -      -      -      -      -   1192      0    python         
    0    1219611     C      -      -      -      -      -      -   1684      0    python         
    0    1953199     C      -      -      -      -      -      -   6446      0    python         
    0    1970308     C      -      -      -      -      -      -   1718      0    python         
    0    2401925     C     94     88      -      -      -      -  41676      0    VLLM::EngineCor
    0       5875     C      -      -      -      -      -      -   1192      0    python         
    0    1219611     C      -      -      -      -      -      -   1684      0    python         
    0    1953199     C      -      -      -      -      -      -   6446      0    python         
    0    1970308     C      -      -      -      -      -      -   1718      0    python         
    0    2401925     C     94     88      -      -      -      -  41676      0    VLLM::EngineCor
    0       5875     C      -      -      -      -      -      -   1192      0    python         
    0    1219611     C      -      -      -      -      -      -   1684      0    python         
    0    1953199     C      -      -      -      -      -      -   6446      0    python         
    0    1970308     C      -      -      -      -      -      -   1718      0    python         
    0    2401925     C     94     87      -      -      -      -  41676      0    VLLM::EngineCor
    0       5875     C      -      -      -      -      -      -   1192      0    python         
    0    1219611     C      -      -      -      -      -      -   1684      0    python         
    0    1953199     C      -      -      -      -      -      -   6446      0    python         
    0    1970308     C      -      -      -      -      -      -   1718      0    python         
    0    2401925     C     95     88      -      -      -      -  41676      0    VLLM::EngineCor
    0       5875     C      -      -      -      -      -      -   1192      0    python         
    0    1219611     C      -      -      -      -      -      -   1684      0    python         
    0    1953199     C      -      -      -      -      -      -   6446      0    python         
    0    1970308     C      -      -      -      -      -      -   1718      0    python         
    0    2401925     C     95     88      -      -      -      -  41676      0    VLLM::EngineCor
# gpu         pid   type     sm    mem    enc    dec    jpg    ofa     fb   ccpm    command 
# Idx           #    C/G      %      %      %      %      %      %     MB     MB    name 
    0       5875     C      -      -      -      -      -      -   1192      0    python         
    0    1219611     C      -      -      -      -      -      -   1684      0    python         
    0    1953199     C      -      -      -      -      -      -   6446      0    python         
    0    1970308     C      -      -      -      -      -      -   1718      0    python         
    0    2401925     C     95     87      -      -      -      -  41676      0    VLLM::EngineCor
    0       5875     C      -      -      -      -      -      -   1192      0    python         
    0    1219611     C      -      -      -      -      -      -   1684      0    python         
    0    1953199     C      -      -      -      -      -      -   6446      0    python         
    0    1970308     C      -      -      -      -      -      -   1718      0    python         
    0    2401925     C     95     87      -      -      -      -  41676      0    VLLM::EngineCor
    0       5875     C      -      -      -      -      -      -   1192      0    python         
    0    1219611     C      -      -      -      -      -      -   1684      0    python         
    0    1953199     C      -      -      -      -      -      -   6446      0    python         
    0    1970308     C      -      -      -      -      -      -   1718      0    python         
    0    2401925     C     96     75      -      -      -      -  41676      0    VLLM::EngineCor
    0       5875     C      -      -      -      -      -      -   1192      0    python         
    0    1219611     C      -      -      -      -      -      -   1684      0    python         
    0    1953199     C      -      -      -      -      -      -   6446      0    python         
    0    1970308     C      -      -      -      -      -      -   1718      0    python         
    0    2401925     C     96     67      -      -      -      -  41676      0    VLLM::EngineCor
    0       5875     C      -      -      -      -      -      -   1192      0    python         
    0    1219611     C      -      -      -      -      -      -   1684      0    python         
    0    1953199     C      -      -      -      -      -      -   6446      0    python         
    0    1970308     C      -      -      -      -      -      -   1718      0    python         
    0    2401925     C     95     81      -      -      -      -  41676      0    VLLM::EngineCor
    0       5875     C      -      -      -      -      -      -   1192      0    python         
    0    1219611     C      -      -      -      -      -      -   1684      0    python         
    0    1953199     C      -      -      -      -      -      -   6446      0    python         
    0    1970308     C      -      -      -      -      -      -   1718      0    python         
    0    2401925     C     95     81      -      -      -      -  41676      0    VLLM::EngineCor
    0       5875     C      -      -      -      -      -      -   1192      0    python         
    0    1219611     C      -      -      -      -      -      -   1684      0    python         
    0    1953199     C      -      -      -      -      -      -   6446      0    python         
    0    1970308     C      -      -      -      -      -      -   1718      0    python         
    0    2401925     C     95     81      -      -      -      -  41676      0    VLLM::EngineCor
    0       5875     C      -      -      -      -      -      -   1192      0    python         
    0    1219611     C      -      -      -      -      -      -   1684      0    python         
    0    1953199     C      -      -      -      -      -      -   6446      0    python         
    0    1970308     C      -      -      -      -      -      -   1718      0    python         
    0    2401925     C     95     84      -      -      -      -  41676      0    VLLM::EngineCor
    0       5875     C      -      -      -      -      -      -   1192      0    python         
    0    1219611     C      -      -      -      -      -      -   1684      0    python         
    0    1953199     C      -      -      -      -      -      -   6446      0    python         
    0    1970308     C      -      -      -      -      -      -   1718      0    python         
# gpu         pid   type     sm    mem    enc    dec    jpg    ofa     fb   ccpm    command 
# Idx           #    C/G      %      %      %      %      %      %     MB     MB    name 
    0    2401925     C     95     88      -      -      -      -  41676      0    VLLM::EngineCor
    0       5875     C      -      -      -      -      -      -   1192      0    python         
    0    1219611     C      -      -      -      -      -      -   1684      0    python         
    0    1953199     C      -      -      -      -      -      -   6446      0    python         
    0    1970308     C      -      -      -      -      -      -   1718      0    python         
    0    2401925     C     95     88      -      -      -      -  41676      0    VLLM::EngineCor
    0       5875     C      -      -      -      -      -      -   1192      0    python         
    0    1219611     C      -      -      -      -      -      -   1684      0    python         
    0    1953199     C      -      -      -      -      -      -   6446      0    python         
    0    1970308     C      -      -      -      -      -      -   1718      0    python         
    0    2401925     C     95     88      -      -      -      -  41676      0    VLLM::EngineCor
    0       5875     C      -      -      -      -      -      -   1192      0    python         
    0    1219611     C      -      -      -      -      -      -   1684      0    python         
    0    1953199     C      -      -      -      -      -      -   6446      0    python         
    0    1970308     C      -      -      -      -      -      -   1718      0    python         
    0    2401925     C     95     88      -      -      -      -  41676      0    VLLM::EngineCor
    0       5875     C      -      -      -      -      -      -   1192      0    python         
    0    1219611     C      -      -      -      -      -      -   1684      0    python         
    0    1953199     C      -      -      -      -      -      -   6446      0    python         
    0    1970308     C      -      -      -      -      -      -   1718      0    python         
    0    2401925     C     95     78      -      -      -      -  41676      0    VLLM::EngineCor
    0       5875     C      -      -      -      -      -      -   1192      0    python         
    0    1219611     C      -      -      -      -      -      -   1684      0    python         
    0    1953199     C      -      -      -      -      -      -   6446      0    python         
    0    1970308     C      -      -      -      -      -      -   1718      0    python         
    0    2401925     C     98     34      -      -      -      -  41676      0    VLLM::EngineCor
    0       5875     C      -      -      -      -      -      -   1192      0    python         
    0    1219611     C      -      -      -      -      -      -   1684      0    python         
    0    1953199     C      -      -      -      -      -      -   6446      0    python         
    0    1970308     C      -      -      -      -      -      -   1718      0    python         
    0    2401925     C     98     34      -      -      -      -  41676      0    VLLM::EngineCor
    0       5875     C      -      -      -      -      -      -   1192      0    python         
    0    1219611     C      -      -      -      -      -      -   1684      0    python         
    0    1953199     C      -      -      -      -      -      -   6446      0    python         
    0    1970308     C      -      -      -      -      -      -   1718      0    python         
    0    2401925     C     98     42      -      -      -      -  41676      0    VLLM::EngineCor
    0       5875     C      -      -      -      -      -      -   1192      0    python         
    0    1219611     C      -      -      -      -      -      -   1684      0    python         
    0    1953199     C      -      -      -      -      -      -   6446      0    python         
    0    1970308     C      -      -      -      -      -      -   1718      0    python         
    0    2401925     C     95     83      -      -      -      -  41676      0    VLLM::EngineCor
    0       5875     C      -      -      -      -      -      -   1192      0    python         
    0    1219611     C      -      -      -      -      -      -   1684      0    python         
    0    1953199     C      -      -      -      -      -      -   6446      0    python         
# gpu         pid   type     sm    mem    enc    dec    jpg    ofa     fb   ccpm    command 
# Idx           #    C/G      %      %      %      %      %      %     MB     MB    name 
    0    1970308     C      -      -      -      -      -      -   1718      0    python         
    0    2401925     C     95     83      -      -      -      -  41676      0    VLLM::EngineCor
    0       5875     C      -      -      -      -      -      -   1192      0    python         
    0    1219611     C      -      -      -      -      -      -   1684      0    python         
    0    1953199     C      -      -      -      -      -      -   6446      0    python         
    0    1970308     C      -      -      -      -      -      -   1718      0    python         
    0    2401925     C     95     82      -      -      -      -  41676      0    VLLM::EngineCor
    0       5875     C      -      -      -      -      -      -   1192      0    python         
    0    1219611     C      -      -      -      -      -      -   1684      0    python         
    0    1953199     C      -      -      -      -      -      -   6446      0    python         
    0    1970308     C      -      -      -      -      -      -   1718      0    python         
    0    2401925     C     95     81      -      -      -      -  41676      0    VLLM::EngineCor
    0       5875     C      -      -      -      -      -      -   1192      0    python         
    0    1219611     C      -      -      -      -      -      -   1684      0    python         
    0    1953199     C      -      -      -      -      -      -   6446      0    python         
    0    1970308     C      -      -      -      -      -      -   1718      0    python         
    0    2401925     C     95     81      -      -      -      -  41676      0    VLLM::EngineCor
    0       5875     C      -      -      -      -      -      -   1192      0    python         
    0    1219611     C      -      -      -      -      -      -   1684      0    python         
    0    1953199     C      -      -      -      -      -      -   6446      0    python         
    0    1970308     C      -      -      -      -      -      -   1718      0    python         
    0    2401925     C     95     81      -      -      -      -  41676      0    VLLM::EngineCor
    0       5875     C      -      -      -      -      -      -   1192      0    python         
    0    1219611     C      -      -      -      -      -      -   1684      0    python         
    0    1953199     C      -      -      -      -      -      -   6446      0    python         
    0    1970308     C      -      -      -      -      -      -   1718      0    python         
    0    2401925     C     94     83      -      -      -      -  41676      0    VLLM::EngineCor
    0       5875     C      -      -      -      -      -      -   1192      0    python         
    0    1219611     C      -      -      -      -      -      -   1684      0    python         
    0    1953199     C      -      -      -      -      -      -   6446      0    python         
    0    1970308     C      -      -      -      -      -      -   1718      0    python         
    0    2401925     C     94     85      -      -      -      -  41676      0    VLLM::EngineCor
    0       5875     C      -      -      -      -      -      -   1192      0    python         
    0    1219611     C      -      -      -      -      -      -   1684      0    python         
    0    1953199     C      -      -      -      -      -      -   6446      0    python         
    0    1970308     C      -      -      -      -      -      -   1718      0    python         
    0    2401925     C     94     85      -      -      -      -  41676      0    VLLM::EngineCor
    0       5875     C      -      -      -      -      -      -   1192      0    python         
    0    1219611     C      -      -      -      -      -      -   1684      0    python         
    0    1953199     C      -      -      -      -      -      -   6446      0    python         
    0    1970308     C      -      -      -      -      -      -   1718      0    python         
    0    2401925     C     94     85      -      -      -      -  41676      0    VLLM::EngineCor
    0       5875     C      -      -      -      -      -      -   1192      0    python         
    0    1219611     C      -      -      -      -      -      -   1684      0    python         
# gpu         pid   type     sm    mem    enc    dec    jpg    ofa     fb   ccpm    command 
# Idx           #    C/G      %      %      %      %      %      %     MB     MB    name 
    0    1953199     C      -      -      -      -      -      -   6446      0    python         
    0    1970308     C      -      -      -      -      -      -   1718      0    python         
    0    2401925     C     94     86      -      -      -      -  41676      0    VLLM::EngineCor
    0       5875     C      -      -      -      -      -      -   1192      0    python         
    0    1219611     C      -      -      -      -      -      -   1684      0    python         
    0    1953199     C      -      -      -      -      -      -   6446      0    python         
    0    1970308     C      -      -      -      -      -      -   1718      0    python         
    0    2401925     C     94     86      -      -      -      -  41676      0    VLLM::EngineCor
    0       5875     C      -      -      -      -      -      -   1192      0    python         
    0    1219611     C      -      -      -      -      -      -   1684      0    python         
    0    1953199     C      -      -      -      -      -      -   6446      0    python         
    0    1970308     C      -      -      -      -      -      -   1718      0    python         
    0    2401925     C     94     86      -      -      -      -  41676      0    VLLM::EngineCor
    0       5875     C      -      -      -      -      -      -   1192      0    python         
    0    1219611     C      -      -      -      -      -      -   1684      0    python         
    0    1953199     C      -      -      -      -      -      -   6446      0    python         
    0    1970308     C      -      -      -      -      -      -   1718      0    python         
    0    2401925     C     94     86      -      -      -      -  41676      0    VLLM::EngineCor
    0       5875     C      -      -      -      -      -      -   1192      0    python         
    0    1219611     C      -      -      -      -      -      -   1684      0    python         
    0    1953199     C      -      -      -      -      -      -   6446      0    python         
    0    1970308     C      -      -      -      -      -      -   1718      0    python         
    0    2401925     C     94     87      -      -      -      -  41676      0    VLLM::EngineCor
    0       5875     C      -      -      -      -      -      -   1192      0    python         
    0    1219611     C      -      -      -      -      -      -   1684      0    python         
    0    1953199     C      -      -      -      -      -      -   6446      0    python         
    0    1970308     C      -      -      -      -      -      -   1718      0    python         
    0    2401925     C     94     86      -      -      -      -  41676      0    VLLM::EngineCor
    0       5875     C      -      -      -      -      -      -   1192      0    python         
    0    1219611     C      -      -      -      -      -      -   1684      0    python         
    0    1953199     C      -      -      -      -      -      -   6446      0    python         
    0    1970308     C      -      -      -      -      -      -   1718      0    python         
    0    2401925     C     94     86      -      -      -      -  41676      0    VLLM::EngineCor
    0       5875     C      -      -      -      -      -      -   1192      0    python         
    0    1219611     C      -      -      -      -      -      -   1684      0    python         
    0    1953199     C      -      -      -      -      -      -   6446      0    python         
    0    1970308     C      -      -      -      -      -      -   1718      0    python         
    0    2401925     C     94     87      -      -      -      -  41676      0    VLLM::EngineCor
    0       5875     C      -      -      -      -      -      -   1192      0    python         
    0    1219611     C      -      -      -      -      -      -   1684      0    python         
    0    1953199     C      -      -      -      -      -      -   6446      0    python         
    0    1970308     C      -      -      -      -      -      -   1718      0    python         
    0    2401925     C     94     87      -      -      -      -  41676      0    VLLM::EngineCor
    0       5875     C      -      -      -      -      -      -   1192      0    python         
# gpu         pid   type     sm    mem    enc    dec    jpg    ofa     fb   ccpm    command 
# Idx           #    C/G      %      %      %      %      %      %     MB     MB    name 
    0    1219611     C      -      -      -      -      -      -   1684      0    python         
    0    1953199     C      -      -      -      -      -      -   6446      0    python         
    0    1970308     C      -      -      -      -      -      -   1718      0    python         
    0    2401925     C     94     86      -      -      -      -  41676      0    VLLM::EngineCor
    0       5875     C      -      -      -      -      -      -   1192      0    python         
    0    1219611     C      -      -      -      -      -      -   1684      0    python         
    0    1953199     C      -      -      -      -      -      -   6446      0    python         
    0    1970308     C      -      -      -      -      -      -   1718      0    python         
    0    2401925     C     94     86      -      -      -      -  41676      0    VLLM::EngineCor
    0       5875     C      -      -      -      -      -      -   1192      0    python         
    0    1219611     C      -      -      -      -      -      -   1684      0    python         
    0    1953199     C      -      -      -      -      -      -   6446      0    python         
    0    1970308     C      -      -      -      -      -      -   1718      0    python         
    0    2401925     C     94     86      -      -      -      -  41676      0    VLLM::EngineCor
    0       5875     C      -      -      -      -      -      -   1192      0    python         
    0    1219611     C      -      -      -      -      -      -   1684      0    python         
    0    1953199     C      -      -      -      -      -      -   6446      0    python         
    0    1970308     C      -      -      -      -      -      -   1718      0    python         
    0    2401925     C     94     86      -      -      -      -  41676      0    VLLM::EngineCor
    0       5875     C      -      -      -      -      -      -   1192      0    python         
    0    1219611     C      -      -      -      -      -      -   1684      0    python         
    0    1953199     C      -      -      -      -      -      -   6446      0    python         
    0    1970308     C      -      -      -      -      -      -   1718      0    python         
    0    2401925     C     94     86      -      -      -      -  41676      0    VLLM::EngineCor
    0       5875     C      -      -      -      -      -      -   1192      0    python         
    0    1219611     C      -      -      -      -      -      -   1684      0    python         
    0    1953199     C      -      -      -      -      -      -   6446      0    python         
    0    1970308     C      -      -      -      -      -      -   1718      0    python         
    0    2401925     C     94     86      -      -      -      -  41676      0    VLLM::EngineCor
    0       5875     C      -      -      -      -      -      -   1192      0    python         
    0    1219611     C      -      -      -      -      -      -   1684      0    python         
    0    1953199     C      -      -      -      -      -      -   6446      0    python         
    0    1970308     C      -      -      -      -      -      -   1718      0    python         
    0    2401925     C     94     86      -      -      -      -  41676      0    VLLM::EngineCor
    0       5875     C      -      -      -      -      -      -   1192      0    python         
    0    1219611     C      -      -      -      -      -      -   1684      0    python         
    0    1953199     C      -      -      -      -      -      -   6446      0    python         
    0    1970308     C      -      -      -      -      -      -   1718      0    python         
    0    2401925     C     94     86      -      -      -      -  41676      0    VLLM::EngineCor
    0       5875     C      -      -      -      -      -      -   1192      0    python         
    0    1219611     C      -      -      -      -      -      -   1684      0    python         
    0    1953199     C      -      -      -      -      -      -   6446      0    python         
    0    1970308     C      -      -      -      -      -      -   1718      0    python         
    0    2401925     C     95     87      -      -      -      -  41676      0    VLLM::EngineCor
# gpu         pid   type     sm    mem    enc    dec    jpg    ofa     fb   ccpm    command 
# Idx           #    C/G      %      %      %      %      %      %     MB     MB    name 
    0       5875     C      -      -      -      -      -      -   1192      0    python         
    0    1219611     C      -      -      -      -      -      -   1684      0    python         
    0    1953199     C      -      -      -      -      -      -   6446      0    python         
    0    1970308     C      -      -      -      -      -      -   1718      0    python         
    0    2401925     C     94     86      -      -      -      -  41676      0    VLLM::EngineCor
    0       5875     C      -      -      -      -      -      -   1192      0    python         
    0    1219611     C      -      -      -      -      -      -   1684      0    python         
    0    1953199     C      -      -      -      -      -      -   6446      0    python         
    0    1970308     C      -      -      -      -      -      -   1718      0    python         
    0    2401925     C     94     86      -      -      -      -  41676      0    VLLM::EngineCor
    0       5875     C      -      -      -      -      -      -   1192      0    python         
    0    1219611     C      -      -      -      -      -      -   1684      0    python         
    0    1953199     C      -      -      -      -      -      -   6446      0    python         
    0    1970308     C      -      -      -      -      -      -   1718      0    python         
    0    2401925     C     94     87      -      -      -      -  41676      0    VLLM::EngineCor
    0       5875     C      -      -      -      -      -      -   1192      0    python         
    0    1219611     C      -      -      -      -      -      -   1684      0    python         
    0    1953199     C      -      -      -      -      -      -   6446      0    python         
    0    1970308     C      -      -      -      -      -      -   1718      0    python         
    0    2401925     C     95     87      -      -      -      -  41676      0    VLLM::EngineCor
    0       5875     C      -      -      -      -      -      -   1192      0    python         
    0    1219611     C      -      -      -      -      -      -   1684      0    python         
    0    1953199     C      -      -      -      -      -      -   6446      0    python         
    0    1970308     C      -      -      -      -      -      -   1718      0    python         
    0    2401925     C     94     86      -      -      -      -  41676      0    VLLM::EngineCor
    0       5875     C      -      -      -      -      -      -   1192      0    python         
    0    1219611     C      -      -      -      -      -      -   1684      0    python         
    0    1953199     C      -      -      -      -      -      -   6446      0    python         
    0    1970308     C      -      -      -      -      -      -   1718      0    python         
    0    2401925     C     95     87      -      -      -      -  41676      0    VLLM::EngineCor
    0       5875     C      -      -      -      -      -      -   1192      0    python         
    0    1219611     C      -      -      -      -      -      -   1684      0    python         
    0    1953199     C      -      -      -      -      -      -   6446      0    python         
    0    1970308     C      -      -      -      -      -      -   1718      0    python         
    0    2401925     C     94     87      -      -      -      -  41676      0    VLLM::EngineCor
    0       5875     C      -      -      -      -      -      -   1192      0    python         
    0    1219611     C      -      -      -      -      -      -   1684      0    python         
    0    1953199     C      -      -      -      -      -      -   6446      0    python         
    0    1970308     C      -      -      -      -      -      -   1718      0    python         
    0    2401925     C     95     87      -      -      -      -  41676      0    VLLM::EngineCor
    0       5875     C      -      -      -      -      -      -   1192      0    python         
    0    1219611     C      -      -      -      -      -      -   1684      0    python         
    0    1953199     C      -      -      -      -      -      -   6446      0    python         
    0    1970308     C      -      -      -      -      -      -   1718      0    python         
# gpu         pid   type     sm    mem    enc    dec    jpg    ofa     fb   ccpm    command 
# Idx           #    C/G      %      %      %      %      %      %     MB     MB    name 
    0    2401925     C     95     87      -      -      -      -  41676      0    VLLM::EngineCor
    0       5875     C      -      -      -      -      -      -   1192      0    python         
    0    1219611     C      -      -      -      -      -      -   1684      0    python         
    0    1953199     C      -      -      -      -      -      -   6446      0    python         
    0    1970308     C      -      -      -      -      -      -   1718      0    python         
    0    2401925     C     94     87      -      -      -      -  41676      0    VLLM::EngineCor
    0       5875     C      -      -      -      -      -      -   1192      0    python         
    0    1219611     C      -      -      -      -      -      -   1684      0    python         
    0    1953199     C      -      -      -      -      -      -   6446      0    python         
    0    1970308     C      -      -      -      -      -      -   1718      0    python         
    0    2401925     C     78     72      -      -      -      -  41676      0    VLLM::EngineCor
    0       5875     C      -      -      -      -      -      -   1192      0    python         
    0    1219611     C      -      -      -      -      -      -   1684      0    python         
    0    1953199     C      -      -      -      -      -      -   6446      0    python         
    0    1970308     C      -      -      -      -      -      -   1718      0    python         
    0    2401925     C     51     47      -      -      -      -  41176      0    VLLM::EngineCor
